timestamp,Q_int_specific,Q_int_total,Q_sol
2024-01-01 00:00:00,2.0000,575.8400,0.0000
2024-01-01 01:00:00,2.0000,575.8400,0.0000
2024-01-01 02:00:00,2.0000,575.8400,0.0000
2024-01-01 03:00:00,2.0000,575.8400,0.0000
2024-01-01 04:00:00,2.0000,575.8400,0.0000
2024-01-01 05:00:00,2.0000,575.8400,0.0000
2024-01-01 06:00:00,5.0000,1439.6000,0.0000
2024-01-01 07:00:00,6.0000,1727.5200,0.0000
2024-01-01 08:00:00,5.0000,2148.4982,708.8982
2024-01-01 09:00:00,3.0000,1781.5816,917.8216
2024-01-01 10:00:00,3.0000,1881.7293,1017.9693
2024-01-01 11:00:00,3.5000,2021.3503,1013.6303
2024-01-01 12:00:00,4.0000,2160.3656,1008.6856
2024-01-01 13:00:00,3.5000,1896.4930,888.7730
2024-01-01 14:00:00,3.0000,1057.3451,193.5851
2024-01-01 15:00:00,3.0000,863.7600,0.0000
2024-01-01 16:00:00,3.0000,863.7600,0.0000
2024-01-01 17:00:00,5.0000,1439.6000,0.0000
2024-01-01 18:00:00,6.0000,1727.5200,0.0000
2024-01-01 19:00:00,7.0000,2015.4400,0.0000
2024-01-01 20:00:00,6.0000,1727.5200,0.0000
2024-01-01 21:00:00,5.0000,1439.6000,0.0000
2024-01-01 22:00:00,4.0000,1151.6800,0.0000
2024-01-01 23:00:00,3.0000,863.7600,0.0000
2024-01-02 00:00:00,2.0000,575.8400,0.0000
2024-01-02 01:00:00,2.0000,575.8400,0.0000
2024-01-02 02:00:00,2.0000,575.8400,0.0000
2024-01-02 03:00:00,2.0000,575.8400,0.0000
2024-01-02 04:00:00,2.0000,575.8400,0.0000
2024-01-02 05:00:00,2.0000,575.8400,0.0000
2024-01-02 06:00:00,5.0000,1439.6000,0.0000
2024-01-02 07:00:00,6.0000,1727.5200,0.0000
2024-01-02 08:00:00,5.0000,2149.6682,710.0682
2024-01-02 09:00:00,3.0000,1783.6389,919.8789
2024-01-02 10:00:00,3.0000,1884.6877,1020.9277
2024-01-02 11:00:00,3.5000,2024.2285,1016.5085
2024-01-02 12:00:00,4.0000,2164.1042,1012.4242
2024-01-02 13:00:00,3.5000,1900.9913,893.2713
2024-01-02 14:00:00,3.0000,1062.4610,198.7010
2024-01-02 15:00:00,3.0000,863.7600,0.0000
2024-01-02 16:00:00,3.0000,863.7600,0.0000
2024-01-02 17:00:00,5.0000,1439.6000,0.0000
2024-01-02 18:00:00,6.0000,1727.5200,0.0000
2024-01-02 19:00:00,7.0000,2015.4400,0.0000
2024-01-02 20:00:00,6.0000,1727.5200,0.0000
2024-01-02 21:00:00,5.0000,1439.6000,0.0000
2024-01-02 22:00:00,4.0000,1151.6800,0.0000
2024-01-02 23:00:00,3.0000,863.7600,0.0000
2024-01-03 00:00:00,2.0000,575.8400,0.0000
2024-01-03 01:00:00,2.0000,575.8400,0.0000
2024-01-03 02:00:00,2.0000,575.8400,0.0000
2024-01-03 03:00:00,2.0000,575.8400,0.0000
2024-01-03 04:00:00,2.0000,575.8400,0.0000
2024-01-03 05:00:00,2.0000,575.8400,0.0000
2024-01-03 06:00:00,5.0000,1439.6000,0.0000
2024-01-03 07:00:00,6.0000,1727.5200,0.0000
2024-01-03 08:00:00,5.0000,2151.1091,711.5091
2024-01-03 09:00:00,3.0000,1785.9690,922.2090
2024-01-03 10:00:00,3.0000,1887.9154,1024.1554
2024-01-03 11:00:00,3.5000,2027.3764,1019.6564
2024-01-03 12:00:00,4.0000,2168.1041,1016.4241
2024-01-03 13:00:00,3.5000,1905.7377,898.0177
2024-01-03 14:00:00,3.0000,1067.8184,204.0584
2024-01-03 15:00:00,3.0000,863.7600,0.0000
2024-01-03 16:00:00,3.0000,863.7600,0.0000
2024-01-03 17:00:00,5.0000,1439.6000,0.0000
2024-01-03 18:00:00,6.0000,1727.5200,0.0000
2024-01-03 19:00:00,7.0000,2015.4400,0.0000
2024-01-03 20:00:00,6.0000,1727.5200,0.0000
2024-01-03 21:00:00,5.0000,1439.6000,0.0000
2024-01-03 22:00:00,4.0000,1151.6800,0.0000
2024-01-03 23:00:00,3.0000,863.7600,0.0000
2024-01-04 00:00:00,2.0000,575.8400,0.0000
2024-01-04 01:00:00,2.0000,575.8400,0.0000
2024-01-04 02:00:00,2.0000,575.8400,0.0000
2024-01-04 03:00:00,2.0000,575.8400,0.0000
2024-01-04 04:00:00,2.0000,575.8400,0.0000
2024-01-04 05:00:00,2.0000,575.8400,0.0000
2024-01-04 06:00:00,5.0000,1439.6000,0.0000
2024-01-04 07:00:00,6.0000,1727.5200,0.0000
2024-01-04 08:00:00,5.0000,2152.8211,713.2211
2024-01-04 09:00:00,3.0000,1788.5715,924.8115
2024-01-04 10:00:00,3.0000,1891.4112,1027.6512
2024-01-04 11:00:00,3.5000,2030.7931,1023.0731
2024-01-04 12:00:00,4.0000,2172.3635,1020.6835
2024-01-04 13:00:00,3.5000,1910.7297,903.0097
2024-01-04 14:00:00,3.0000,1073.4148,209.6548
2024-01-04 15:00:00,3.0000,863.7600,0.0000
2024-01-04 16:00:00,3.0000,863.7600,0.0000
2024-01-04 17:00:00,5.0000,1439.6000,0.0000
2024-01-04 18:00:00,6.0000,1727.5200,0.0000
2024-01-04 19:00:00,7.0000,2015.4400,0.0000
2024-01-04 20:00:00,6.0000,1727.5200,0.0000
2024-01-04 21:00:00,5.0000,1439.6000,0.0000
2024-01-04 22:00:00,4.0000,1151.6800,0.0000
2024-01-04 23:00:00,3.0000,863.7600,0.0000
2024-01-05 00:00:00,2.0000,575.8400,0.0000
2024-01-05 01:00:00,2.0000,575.8400,0.0000
2024-01-05 02:00:00,2.0000,575.8400,0.0000
2024-01-05 03:00:00,2.0000,575.8400,0.0000
2024-01-05 04:00:00,2.0000,575.8400,0.0000
2024-01-05 05:00:00,2.0000,575.8400,0.0000
2024-01-05 06:00:00,5.0000,1439.6000,0.0000
2024-01-05 07:00:00,6.0000,1727.5200,0.0000
2024-01-05 08:00:00,5.0000,2154.8045,715.2045
2024-01-05 09:00:00,3.0000,1791.4459,927.6859
2024-01-05 10:00:00,3.0000,1895.1737,1031.4137
2024-01-05 11:00:00,3.5000,2034.4772,1026.7572
2024-01-05 12:00:00,4.0000,2176.8806,1025.2006
2024-01-05 13:00:00,3.5000,1915.9650,908.2450
2024-01-05 14:00:00,3.0000,1079.2476,215.4876
2024-01-05 15:00:00,3.0000,863.7600,0.0000
2024-01-05 16:00:00,3.0000,863.7600,0.0000
2024-01-05 17:00:00,5.0000,1439.6000,0.0000
2024-01-05 18:00:00,6.0000,1727.5200,0.0000
2024-01-05 19:00:00,7.0000,2015.4400,0.0000
2024-01-05 20:00:00,6.0000,1727.5200,0.0000
2024-01-05 21:00:00,5.0000,1439.6000,0.0000
2024-01-05 22:00:00,4.0000,1151.6800,0.0000
2024-01-05 23:00:00,3.0000,863.7600,0.0000
2024-01-06 00:00:00,2.0000,575.8400,0.0000
2024-01-06 01:00:00,2.0000,575.8400,0.0000
2024-01-06 02:00:00,2.0000,575.8400,0.0000
2024-01-06 03:00:00,2.0000,575.8400,0.0000
2024-01-06 04:00:00,2.0000,575.8400,0.0000
2024-01-06 05:00:00,2.0000,575.8400,0.0000
2024-01-06 06:00:00,5.0000,1439.6000,0.0000
2024-01-06 07:00:00,6.0000,1727.5200,0.0000
2024-01-06 08:00:00,5.0000,2157.0594,717.4594
2024-01-06 09:00:00,4.0000,2082.5116,930.8316
2024-01-06 10:00:00,4.0000,2187.1218,1035.4418
2024-01-06 11:00:00,4.5000,2326.3475,1030.7075
2024-01-06 12:00:00,5.0000,2469.5734,1029.9734
2024-01-06 13:00:00,4.5000,2209.3609,913.7209
2024-01-06 14:00:00,4.0000,1373.2340,221.5540
2024-01-06 15:00:00,4.0000,1151.6800,0.0000
2024-01-06 16:00:00,4.0000,1151.6800,0.0000
2024-01-06 17:00:00,6.0000,1727.5200,0.0000
2024-01-06 18:00:00,7.0000,2015.4400,0.0000
2024-01-06 19:00:00,7.5000,2159.4000,0.0000
2024-01-06 20:00:00,7.0000,2015.4400,0.0000
2024-01-06 21:00:00,6.0000,1727.5200,0.0000
2024-01-06 22:00:00,5.0000,1439.6000,0.0000
2024-01-06 23:00:00,4.0000,1151.6800,0.0000
2024-01-07 00:00:00,2.0000,575.8400,0.0000
2024-01-07 01:00:00,2.0000,575.8400,0.0000
2024-01-07 02:00:00,2.0000,575.8400,0.0000
2024-01-07 03:00:00,2.0000,575.8400,0.0000
2024-01-07 04:00:00,2.0000,575.8400,0.0000
2024-01-07 05:00:00,2.0000,575.8400,0.0000
2024-01-07 06:00:00,5.0000,1439.6000,0.0000
2024-01-07 07:00:00,6.0000,1727.5200,0.0000
2024-01-07 08:00:00,5.0000,2159.5857,719.9857
2024-01-07 09:00:00,4.0000,2085.9277,934.2477
2024-01-07 10:00:00,4.0000,2191.4137,1039.7337
2024-01-07 11:00:00,4.5000,2330.5626,1034.9226
2024-01-07 12:00:00,5.0000,2474.5998,1034.9998
2024-01-07 13:00:00,4.5000,2215.0749,919.4349
2024-01-07 14:00:00,4.0000,1847.7837,696.1037
2024-01-07 15:00:00,4.0000,1151.6800,0.0000
2024-01-07 16:00:00,4.0000,1151.6800,0.0000
2024-01-07 17:00:00,6.0000,1727.5200,0.0000
2024-01-07 18:00:00,7.0000,2015.4400,0.0000
2024-01-07 19:00:00,7.5000,2159.4000,0.0000
2024-01-07 20:00:00,7.0000,2015.4400,0.0000
2024-01-07 21:00:00,6.0000,1727.5200,0.0000
2024-01-07 22:00:00,5.0000,1439.6000,0.0000
2024-01-07 23:00:00,4.0000,1151.6800,0.0000
2024-01-08 00:00:00,2.0000,575.8400,0.0000
2024-01-08 01:00:00,2.0000,575.8400,0.0000
2024-01-08 02:00:00,2.0000,575.8400,0.0000
2024-01-08 03:00:00,2.0000,575.8400,0.0000
2024-01-08 04:00:00,2.0000,575.8400,0.0000
2024-01-08 05:00:00,2.0000,575.8400,0.0000
2024-01-08 06:00:00,5.0000,1439.6000,0.0000
2024-01-08 07:00:00,6.0000,1727.5200,0.0000
2024-01-08 08:00:00,5.0000,2162.3834,722.7834
2024-01-08 09:00:00,3.0000,1801.6934,937.9334
2024-01-08 10:00:00,3.0000,1908.0481,1044.2881
2024-01-08 11:00:00,3.5000,2047.1209,1039.4009
2024-01-08 12:00:00,4.0000,2191.9575,1040.2775
2024-01-08 13:00:00,3.5000,1933.1043,925.3843
2024-01-08 14:00:00,3.0000,1566.3109,702.5509
2024-01-08 15:00:00,3.0000,863.7600,0.0000
2024-01-08 16:00:00,3.0000,863.7600,0.0000
2024-01-08 17:00:00,5.0000,1439.6000,0.0000
2024-01-08 18:00:00,6.0000,1727.5200,0.0000
2024-01-08 19:00:00,7.0000,2015.4400,0.0000
2024-01-08 20:00:00,6.0000,1727.5200,0.0000
2024-01-08 21:00:00,5.0000,1439.6000,0.0000
2024-01-08 22:00:00,4.0000,1151.6800,0.0000
2024-01-08 23:00:00,3.0000,863.7600,0.0000
2024-01-09 00:00:00,2.0000,575.8400,0.0000
2024-01-09 01:00:00,2.0000,575.8400,0.0000
2024-01-09 02:00:00,2.0000,575.8400,0.0000
2024-01-09 03:00:00,2.0000,575.8400,0.0000
2024-01-09 04:00:00,2.0000,575.8400,0.0000
2024-01-09 05:00:00,2.0000,575.8400,0.0000
2024-01-09 06:00:00,5.0000,1439.6000,0.0000
2024-01-09 07:00:00,6.0000,1727.5200,0.0000
2024-01-09 08:00:00,5.0000,2165.4523,725.8523
2024-01-09 09:00:00,3.0000,1805.6478,941.8878
2024-01-09 10:00:00,3.0000,1912.8631,1049.1031
2024-01-09 11:00:00,3.5000,2051.8609,1044.1409
2024-01-09 12:00:00,4.0000,2197.4844,1045.8044
2024-01-09 13:00:00,3.5000,1939.2860,931.5660
2024-01-09 14:00:00,3.0000,1572.9709,709.2109
2024-01-09 15:00:00,3.0000,863.7600,0.0000
2024-01-09 16:00:00,3.0000,863.7600,0.0000
2024-01-09 17:00:00,5.0000,1439.6000,0.0000
2024-01-09 18:00:00,6.0000,1727.5200,0.0000
2024-01-09 19:00:00,7.0000,2015.4400,0.0000
2024-01-09 20:00:00,6.0000,1727.5200,0.0000
2024-01-09 21:00:00,5.0000,1439.6000,0.0000
2024-01-09 22:00:00,4.0000,1151.6800,0.0000
2024-01-09 23:00:00,3.0000,863.7600,0.0000
2024-01-10 00:00:00,2.0000,575.8400,0.0000
2024-01-10 01:00:00,2.0000,575.8400,0.0000
2024-01-10 02:00:00,2.0000,575.8400,0.0000
2024-01-10 03:00:00,2.0000,575.8400,0.0000
2024-01-10 04:00:00,2.0000,575.8400,0.0000
2024-01-10 05:00:00,2.0000,575.8400,0.0000
2024-01-10 06:00:00,5.0000,1439.6000,0.0000
2024-01-10 07:00:00,6.0000,1727.5200,0.0000
2024-01-10 08:00:00,5.0000,2168.7919,729.1919
2024-01-10 09:00:00,3.0000,1809.8697,946.1097
2024-01-10 10:00:00,3.0000,1917.9370,1054.1770
2024-01-10 11:00:00,3.5000,2056.8606,1049.1406
2024-01-10 12:00:00,4.0000,2203.2580,1051.5780
2024-01-10 13:00:00,3.5000,1945.6974,937.9774
2024-01-10 14:00:00,3.0000,1579.8405,716.0805
2024-01-10 15:00:00,3.0000,863.7600,0.0000
2024-01-10 16:00:00,3.0000,863.7600,0.0000
2024-01-10 17:00:00,5.0000,1439.6000,0.0000
2024-01-10 18:00:00,6.0000,1727.5200,0.0000
2024-01-10 19:00:00,7.0000,2015.4400,0.0000
2024-01-10 20:00:00,6.0000,1727.5200,0.0000
2024-01-10 21:00:00,5.0000,1439.6000,0.0000
2024-01-10 22:00:00,4.0000,1151.6800,0.0000
2024-01-10 23:00:00,3.0000,863.7600,0.0000
2024-01-11 00:00:00,2.0000,575.8400,0.0000
2024-01-11 01:00:00,2.0000,575.8400,0.0000
2024-01-11 02:00:00,2.0000,575.8400,0.0000
2024-01-11 03:00:00,2.0000,575.8400,0.0000
2024-01-11 04:00:00,2.0000,575.8400,0.0000
2024-01-11 05:00:00,2.0000,575.8400,0.0000
2024-01-11 06:00:00,5.0000,1439.6000,0.0000
2024-01-11 07:00:00,6.0000,1727.5200,0.0000
2024-01-11 08:00:00,5.0000,2172.4019,732.8019
2024-01-11 09:00:00,3.0000,1814.3579,950.5979
2024-01-11 10:00:00,3.0000,1923.2678,1059.5078
2024-01-11 11:00:00,3.5000,2062.1184,1054.3984
2024-01-11 12:00:00,4.0000,2209.2758,1057.5958
2024-01-11 13:00:00,3.5000,1952.3353,944.6153
2024-01-11 14:00:00,3.0000,1586.9163,723.1563
2024-01-11 15:00:00,3.0000,863.7600,0.0000
2024-01-11 16:00:00,3.0000,863.7600,0.0000
2024-01-11 17:00:00,5.0000,1439.6000,0.0000
2024-01-11 18:00:00,6.0000,1727.5200,0.0000
2024-01-11 19:00:00,7.0000,2015.4400,0.0000
2024-01-11 20:00:00,6.0000,1727.5200,0.0000
2024-01-11 21:00:00,5.0000,1439.6000,0.0000
2024-01-11 22:00:00,4.0000,1151.6800,0.0000
2024-01-11 23:00:00,3.0000,863.7600,0.0000
2024-01-12 00:00:00,2.0000,575.8400,0.0000
2024-01-12 01:00:00,2.0000,575.8400,0.0000
2024-01-12 02:00:00,2.0000,575.8400,0.0000
2024-01-12 03:00:00,2.0000,575.8400,0.0000
2024-01-12 04:00:00,2.0000,575.8400,0.0000
2024-01-12 05:00:00,2.0000,575.8400,0.0000
2024-01-12 06:00:00,5.0000,1439.6000,0.0000
2024-01-12 07:00:00,6.0000,1727.5200,0.0000
2024-01-12 08:00:00,5.0000,2176.2816,736.6816
2024-01-12 09:00:00,3.0000,1819.1112,955.3512
2024-01-12 10:00:00,3.0000,1928.8535,1065.0935
2024-01-12 11:00:00,3.5000,2067.6321,1059.9121
2024-01-12 12:00:00,4.0000,2215.5352,1063.8552
2024-01-12 13:00:00,3.5000,1959.1966,951.4766
2024-01-12 14:00:00,3.0000,1594.1948,730.4348
2024-01-12 15:00:00,3.0000,863.7600,0.0000
2024-01-12 16:00:00,3.0000,863.7600,0.0000
2024-01-12 17:00:00,5.0000,1439.6000,0.0000
2024-01-12 18:00:00,6.0000,1727.5200,0.0000
2024-01-12 19:00:00,7.0000,2015.4400,0.0000
2024-01-12 20:00:00,6.0000,1727.5200,0.0000
2024-01-12 21:00:00,5.0000,1439.6000,0.0000
2024-01-12 22:00:00,4.0000,1151.6800,0.0000
2024-01-12 23:00:00,3.0000,863.7600,0.0000
2024-01-13 00:00:00,2.0000,575.8400,0.0000
2024-01-13 01:00:00,2.0000,575.8400,0.0000
2024-01-13 02:00:00,2.0000,575.8400,0.0000
2024-01-13 03:00:00,2.0000,575.8400,0.0000
2024-01-13 04:00:00,2.0000,575.8400,0.0000
2024-01-13 05:00:00,2.0000,575.8400,0.0000
2024-01-13 06:00:00,5.0000,1439.6000,0.0000
2024-01-13 07:00:00,6.0000,1727.5200,0.0000
2024-01-13 08:00:00,5.0000,2180.4305,740.8305
2024-01-13 09:00:00,4.0000,2112.0480,960.3680
2024-01-13 10:00:00,4.0000,2222.6119,1070.9319
2024-01-13 11:00:00,4.5000,2361.3198,1065.6798
2024-01-13 12:00:00,5.0000,2509.9535,1070.3535
2024-01-13 13:00:00,4.5000,2254.1982,958.5582
2024-01-13 14:00:00,4.0000,1889.5926,737.9126
2024-01-13 15:00:00,4.0000,1151.6800,0.0000
2024-01-13 16:00:00,4.0000,1151.6800,0.0000
2024-01-13 17:00:00,6.0000,1727.5200,0.0000
2024-01-13 18:00:00,7.0000,2015.4400,0.0000
2024-01-13 19:00:00,7.5000,2159.4000,0.0000
2024-01-13 20:00:00,7.0000,2015.4400,0.0000
2024-01-13 21:00:00,6.0000,1727.5200,0.0000
2024-01-13 22:00:00,5.0000,1439.6000,0.0000
2024-01-13 23:00:00,4.0000,1151.6800,0.0000
2024-01-14 00:00:00,2.0000,575.8400,0.0000
2024-01-14 01:00:00,2.0000,575.8400,0.0000
2024-01-14 02:00:00,2.0000,575.8400,0.0000
2024-01-14 03:00:00,2.0000,575.8400,0.0000
2024-01-14 04:00:00,2.0000,575.8400,0.0000
2024-01-14 05:00:00,2.0000,575.8400,0.0000
2024-01-14 06:00:00,5.0000,1439.6000,0.0000
2024-01-14 07:00:00,6.0000,1727.5200,0.0000
2024-01-14 08:00:00,5.0000,2184.8477,745.2477
2024-01-14 09:00:00,4.0000,2117.3269,965.6469
2024-01-14 10:00:00,4.0000,2228.7008,1077.0208
2024-01-14 11:00:00,4.5000,2367.4195,1071.7795
2024-01-14 12:00:00,5.0000,2516.6878,1077.0878
2024-01-14 13:00:00,4.5000,2261.4967,965.8567
2024-01-14 14:00:00,4.0000,1897.2660,745.5860
2024-01-14 15:00:00,4.0000,1151.6800,0.0000
2024-01-14 16:00:00,4.0000,1151.6800,0.0000
2024-01-14 17:00:00,6.0000,1727.5200,0.0000
2024-01-14 18:00:00,7.0000,2015.4400,0.0000
2024-01-14 19:00:00,7.5000,2159.4000,0.0000
2024-01-14 20:00:00,7.0000,2015.4400,0.0000
2024-01-14 21:00:00,6.0000,1727.5200,0.0000
2024-01-14 22:00:00,5.0000,1439.6000,0.0000
2024-01-14 23:00:00,4.0000,1151.6800,0.0000
2024-01-15 00:00:00,2.0000,575.8400,0.0000
2024-01-15 01:00:00,2.0000,575.8400,0.0000
2024-01-15 02:00:00,2.0000,575.8400,0.0000
2024-01-15 03:00:00,2.0000,575.8400,0.0000
2024-01-15 04:00:00,2.0000,575.8400,0.0000
2024-01-15 05:00:00,2.0000,575.8400,0.0000
2024-01-15 06:00:00,5.0000,1439.6000,0.0000
2024-01-15 07:00:00,6.0000,1727.5200,0.0000
2024-01-15 08:00:00,5.0000,2189.5323,749.9323
2024-01-15 09:00:00,3.0000,1834.9461,971.1861
2024-01-15 10:00:00,3.0000,1947.1178,1083.3578
2024-01-15 11:00:00,3.5000,2086.5231,1078.8031
2024-01-15 12:00:00,4.0000,2235.7353,1084.0553
2024-01-15 13:00:00,3.5000,1981.0887,973.3687
2024-01-15 14:00:00,3.0000,1617.2114,753.4514
2024-01-15 15:00:00,3.0000,863.7600,0.0000
2024-01-15 16:00:00,3.0000,863.7600,0.0000
2024-01-15 17:00:00,5.0000,1439.6000,0.0000
2024-01-15 18:00:00,6.0000,1727.5200,0.0000
2024-01-15 19:00:00,7.0000,2015.4400,0.0000
2024-01-15 20:00:00,6.0000,1727.5200,0.0000
2024-01-15 21:00:00,5.0000,1439.6000,0.0000
2024-01-15 22:00:00,4.0000,1151.6800,0.0000
2024-01-15 23:00:00,3.0000,863.7600,0.0000
2024-01-16 00:00:00,2.0000,575.8400,0.0000
2024-01-16 01:00:00,2.0000,575.8400,0.0000
2024-01-16 02:00:00,2.0000,575.8400,0.0000
2024-01-16 03:00:00,2.0000,575.8400,0.0000
2024-01-16 04:00:00,2.0000,575.8400,0.0000
2024-01-16 05:00:00,2.0000,575.8400,0.0000
2024-01-16 06:00:00,5.0000,1439.6000,0.0000
2024-01-16 07:00:00,6.0000,1727.5200,0.0000
2024-01-16 08:00:00,5.0000,2194.4833,754.8833
2024-01-16 09:00:00,3.0000,1840.7438,976.9838
2024-01-16 10:00:00,3.0000,1953.7004,1089.9404
2024-01-16 11:00:00,3.5000,2093.7751,1086.0551
2024-01-16 12:00:00,4.0000,2242.9330,1091.2530
2024-01-16 13:00:00,3.5000,1988.8109,981.0909
2024-01-16 14:00:00,3.0000,1625.2650,761.5050
2024-01-16 15:00:00,3.0000,865.2887,1.5287
2024-01-16 16:00:00,3.0000,863.7600,0.0000
2024-01-16 17:00:00,5.0000,1439.6000,0.0000
2024-01-16 18:00:00,6.0000,1727.5200,0.0000
2024-01-16 19:00:00,7.0000,2015.4400,0.0000
2024-01-16 20:00:00,6.0000,1727.5200,0.0000
2024-01-16 21:00:00,5.0000,1439.6000,0.0000
2024-01-16 22:00:00,4.0000,1151.6800,0.0000
2024-01-16 23:00:00,3.0000,863.7600,0.0000
2024-01-17 00:00:00,2.0000,575.8400,0.0000
2024-01-17 01:00:00,2.0000,575.8400,0.0000
2024-01-17 02:00:00,2.0000,575.8400,0.0000
2024-01-17 03:00:00,2.0000,575.8400,0.0000
2024-01-17 04:00:00,2.0000,575.8400,0.0000
2024-01-17 05:00:00,2.0000,575.8400,0.0000
2024-01-17 06:00:00,5.0000,1439.6000,0.0000
2024-01-17 07:00:00,6.0000,1727.5200,0.0000
2024-01-17 08:00:00,5.0000,2199.6995,760.0995
2024-01-17 09:00:00,3.0000,1846.7982,983.0382
2024-01-17 10:00:00,3.0000,1960.5260,1096.7660
2024-01-17 11:00:00,3.5000,2101.2524,1093.5324
2024-01-17 12:00:00,4.0000,2250.3576,1098.6776
2024-01-17 13:00:00,3.5000,1996.7396,989.0196
2024-01-17 14:00:00,3.0000,1633.5031,769.7431
2024-01-17 15:00:00,3.0000,873.7046,9.9446
2024-01-17 16:00:00,3.0000,863.7600,0.0000
2024-01-17 17:00:00,5.0000,1439.6000,0.0000
2024-01-17 18:00:00,6.0000,1727.5200,0.0000
2024-01-17 19:00:00,7.0000,2015.4400,0.0000
2024-01-17 20:00:00,6.0000,1727.5200,0.0000
2024-01-17 21:00:00,5.0000,1439.6000,0.0000
2024-01-17 22:00:00,4.0000,1151.6800,0.0000
2024-01-17 23:00:00,3.0000,863.7600,0.0000
2024-01-18 00:00:00,2.0000,575.8400,0.0000
2024-01-18 01:00:00,2.0000,575.8400,0.0000
2024-01-18 02:00:00,2.0000,575.8400,0.0000
2024-01-18 03:00:00,2.0000,575.8400,0.0000
2024-01-18 04:00:00,2.0000,575.8400,0.0000
2024-01-18 05:00:00,2.0000,575.8400,0.0000
2024-01-18 06:00:00,5.0000,1439.6000,0.0000
2024-01-18 07:00:00,6.0000,1731.1378,3.6178
2024-01-18 08:00:00,5.0000,2205.1797,765.5797
2024-01-18 09:00:00,3.0000,1853.1072,989.3472
2024-01-18 10:00:00,3.0000,1967.5918,1103.8318
2024-01-18 11:00:00,3.5000,2108.9517,1101.2317
2024-01-18 12:00:00,4.0000,2258.0059,1106.3259
2024-01-18 13:00:00,3.5000,2004.8712,997.1512
2024-01-18 14:00:00,3.0000,1641.9217,778.1617
2024-01-18 15:00:00,3.0000,882.2987,18.5387
2024-01-18 16:00:00,3.0000,863.7600,0.0000
2024-01-18 17:00:00,5.0000,1439.6000,0.0000
2024-01-18 18:00:00,6.0000,1727.5200,0.0000
2024-01-18 19:00:00,7.0000,2015.4400,0.0000
2024-01-18 20:00:00,6.0000,1727.5200,0.0000
2024-01-18 21:00:00,5.0000,1439.6000,0.0000
2024-01-18 22:00:00,4.0000,1151.6800,0.0000
2024-01-18 23:00:00,3.0000,863.7600,0.0000
2024-01-19 00:00:00,2.0000,575.8400,0.0000
2024-01-19 01:00:00,2.0000,575.8400,0.0000
2024-01-19 02:00:00,2.0000,575.8400,0.0000
2024-01-19 03:00:00,2.0000,575.8400,0.0000
2024-01-19 04:00:00,2.0000,575.8400,0.0000
2024-01-19 05:00:00,2.0000,575.8400,0.0000
2024-01-19 06:00:00,5.0000,1439.6000,0.0000
2024-01-19 07:00:00,6.0000,1736.5237,9.0037
2024-01-19 08:00:00,5.0000,2210.9223,771.3223
2024-01-19 09:00:00,3.0000,1859.6686,995.9086
2024-01-19 10:00:00,3.0000,1974.8951,1111.1351
2024-01-19 11:00:00,3.5000,2116.8695,1109.1495
2024-01-19 12:00:00,4.0000,2265.8746,1114.1946
2024-01-19 13:00:00,3.5000,2013.2019,1005.4819
2024-01-19 14:00:00,3.0000,1650.5170,786.7570
2024-01-19 15:00:00,3.0000,891.0675,27.3075
2024-01-19 16:00:00,3.0000,863.7600,0.0000
2024-01-19 17:00:00,5.0000,1439.6000,0.0000
2024-01-19 18:00:00,6.0000,1727.5200,0.0000
2024-01-19 19:00:00,7.0000,2015.4400,0.0000
2024-01-19 20:00:00,6.0000,1727.5200,0.0000
2024-01-19 21:00:00,5.0000,1439.6000,0.0000
2024-01-19 22:00:00,4.0000,1151.6800,0.0000
2024-01-19 23:00:00,3.0000,863.7600,0.0000
2024-01-20 00:00:00,2.0000,575.8400,0.0000
2024-01-20 01:00:00,2.0000,575.8400,0.0000
2024-01-20 02:00:00,2.0000,575.8400,0.0000
2024-01-20 03:00:00,2.0000,575.8400,0.0000
2024-01-20 04:00:00,2.0000,575.8400,0.0000
2024-01-20 05:00:00,2.0000,575.8400,0.0000
2024-01-20 06:00:00,5.0000,1439.6000,0.0000
2024-01-20 07:00:00,6.0000,1742.1857,14.6657
2024-01-20 08:00:00,5.0000,2216.9259,777.3259
2024-01-20 09:00:00,4.0000,2154.4001,1002.7201
2024-01-20 10:00:00,4.0000,2270.3529,1118.6729
2024-01-20 11:00:00,4.5000,2412.9224,1117.2824
2024-01-20 12:00:00,5.0000,2561.8803,1122.2803
2024-01-20 13:00:00,4.5000,2309.6479,1014.0079
2024-01-20 14:00:00,4.0000,1947.2048,795.5248
2024-01-20 15:00:00,4.0000,1187.9276,36.2476
2024-01-20 16:00:00,4.0000,1151.6800,0.0000
2024-01-20 17:00:00,6.0000,1727.5200,0.0000
2024-01-20 18:00:00,7.0000,2015.4400,0.0000
2024-01-20 19:00:00,7.5000,2159.4000,0.0000
2024-01-20 20:00:00,7.0000,2015.4400,0.0000
2024-01-20 21:00:00,6.0000,1727.5200,0.0000
2024-01-20 22:00:00,5.0000,1439.6000,0.0000
2024-01-20 23:00:00,4.0000,1151.6800,0.0000
2024-01-21 00:00:00,2.0000,575.8400,0.0000
2024-01-21 01:00:00,2.0000,575.8400,0.0000
2024-01-21 02:00:00,2.0000,575.8400,0.0000
2024-01-21 03:00:00,2.0000,575.8400,0.0000
2024-01-21 04:00:00,2.0000,575.8400,0.0000
2024-01-21 05:00:00,2.0000,575.8400,0.0000
2024-01-21 06:00:00,5.0000,1439.6000,0.0000
2024-01-21 07:00:00,6.0000,1748.1230,20.6030
2024-01-21 08:00:00,5.0000,2223.1889,783.5889
2024-01-21 09:00:00,4.0000,2161.4593,1009.7793
2024-01-21 10:00:00,4.0000,2278.1221,1126.4421
2024-01-21 11:00:00,4.5000,2421.2667,1125.6267
2024-01-21 12:00:00,5.0000,2570.1794,1130.5794
2024-01-21 13:00:00,4.5000,2318.3653,1022.7253
2024-01-21 14:00:00,4.0000,1956.1411,804.4611
2024-01-21 15:00:00,4.0000,1197.0352,45.3552
2024-01-21 16:00:00,4.0000,1151.6800,0.0000
2024-01-21 17:00:00,6.0000,1727.5200,0.0000
2024-01-21 18:00:00,7.0000,2015.4400,0.0000
2024-01-21 19:00:00,7.5000,2159.4000,0.0000
2024-01-21 20:00:00,7.0000,2015.4400,0.0000
2024-01-21 21:00:00,6.0000,1727.5200,0.0000
2024-01-21 22:00:00,5.0000,1439.6000,0.0000
2024-01-21 23:00:00,4.0000,1151.6800,0.0000
2024-01-22 00:00:00,2.0000,575.8400,0.0000
2024-01-22 01:00:00,2.0000,575.8400,0.0000
2024-01-22 02:00:00,2.0000,575.8400,0.0000
2024-01-22 03:00:00,2.0000,575.8400,0.0000
2024-01-22 04:00:00,2.0000,575.8400,0.0000
2024-01-22 05:00:00,2.0000,575.8400,0.0000
2024-01-22 06:00:00,5.0000,1439.6000,0.0000
2024-01-22 07:00:00,6.0000,1754.3348,26.8148
2024-01-22 08:00:00,5.0000,2229.7093,790.1093
2024-01-22 09:00:00,3.0000,1880.8437,1017.0837
2024-01-22 10:00:00,3.0000,1998.1994,1134.4394
2024-01-22 11:00:00,3.5000,2141.8989,1134.1789
2024-01-22 12:00:00,4.0000,2290.7683,1139.0883
2024-01-22 13:00:00,3.5000,2039.3501,1031.6301
2024-01-22 14:00:00,3.0000,1677.3218,813.5618
2024-01-22 15:00:00,3.0000,918.3869,54.6269
2024-01-22 16:00:00,3.0000,863.7600,0.0000
2024-01-22 17:00:00,5.0000,1439.6000,0.0000
2024-01-22 18:00:00,6.0000,1727.5200,0.0000
2024-01-22 19:00:00,7.0000,2015.4400,0.0000
2024-01-22 20:00:00,6.0000,1727.5200,0.0000
2024-01-22 21:00:00,5.0000,1439.6000,0.0000
2024-01-22 22:00:00,4.0000,1151.6800,0.0000
2024-01-22 23:00:00,3.0000,863.7600,0.0000
2024-01-23 00:00:00,2.0000,575.8400,0.0000
2024-01-23 01:00:00,2.0000,575.8400,0.0000
2024-01-23 02:00:00,2.0000,575.8400,0.0000
2024-01-23 03:00:00,2.0000,575.8400,0.0000
2024-01-23 04:00:00,2.0000,575.8400,0.0000
2024-01-23 05:00:00,2.0000,575.8400,0.0000
2024-01-23 06:00:00,5.0000,1439.6000,0.0000
2024-01-23 07:00:00,6.0000,1760.8201,33.3001
2024-01-23 08:00:00,5.0000,2236.4853,796.8853
2024-01-23 09:00:00,3.0000,1888.3905,1024.6305
2024-01-23 10:00:00,3.0000,2006.4217,1142.6617
2024-01-23 11:00:00,3.5000,2150.6551,1142.9351
2024-01-23 12:00:00,4.0000,2299.4831,1147.8031
2024-01-23 13:00:00,3.5000,2048.4381,1040.7181
2024-01-23 14:00:00,3.0000,1686.5827,822.8227
2024-01-23 15:00:00,3.0000,927.8190,64.0590
2024-01-23 16:00:00,3.0000,863.7600,0.0000
2024-01-23 17:00:00,5.0000,1439.6000,0.0000
2024-01-23 18:00:00,6.0000,1727.5200,0.0000
2024-01-23 19:00:00,7.0000,2015.4400,0.0000
2024-01-23 20:00:00,6.0000,1727.5200,0.0000
2024-01-23 21:00:00,5.0000,1439.6000,0.0000
2024-01-23 22:00:00,4.0000,1151.6800,0.0000
2024-01-23 23:00:00,3.0000,863.7600,0.0000
2024-01-24 00:00:00,2.0000,575.8400,0.0000
2024-01-24 01:00:00,2.0000,575.8400,0.0000
2024-01-24 02:00:00,2.0000,575.8400,0.0000
2024-01-24 03:00:00,2.0000,575.8400,0.0000
2024-01-24 04:00:00,2.0000,575.8400,0.0000
2024-01-24 05:00:00,2.0000,575.8400,0.0000
2024-01-24 06:00:00,5.0000,1439.6000,0.0000
2024-01-24 07:00:00,6.0000,1767.5778,40.0578
2024-01-24 08:00:00,5.0000,2243.5147,803.9147
2024-01-24 09:00:00,3.0000,1896.1771,1032.4171
2024-01-24 10:00:00,3.0000,2014.8654,1151.1054
2024-01-24 11:00:00,3.5000,2159.6113,1151.8913
2024-01-24 12:00:00,4.0000,2308.4000,1156.7200
2024-01-24 13:00:00,3.5000,2057.7054,1049.9854
2024-01-24 14:00:00,3.0000,1695.9994,832.2394
2024-01-24 15:00:00,3.0000,937.4077,73.6477
2024-01-24 16:00:00,3.0000,863.7600,0.0000
2024-01-24 17:00:00,5.0000,1439.6000,0.0000
2024-01-24 18:00:00,6.0000,1727.5200,0.0000
2024-01-24 19:00:00,7.0000,2015.4400,0.0000
2024-01-24 20:00:00,6.0000,1727.5200,0.0000
2024-01-24 21:00:00,5.0000,1439.6000,0.0000
2024-01-24 22:00:00,4.0000,1151.6800,0.0000
2024-01-24 23:00:00,3.0000,863.7600,0.0000
2024-01-25 00:00:00,2.0000,575.8400,0.0000
2024-01-25 01:00:00,2.0000,575.8400,0.0000
2024-01-25 02:00:00,2.0000,575.8400,0.0000
2024-01-25 03:00:00,2.0000,575.8400,0.0000
2024-01-25 04:00:00,2.0000,575.8400,0.0000
2024-01-25 05:00:00,2.0000,575.8400,0.0000
2024-01-25 06:00:00,5.0000,1439.6000,0.0000
2024-01-25 07:00:00,6.0000,1774.6067,47.0867
2024-01-25 08:00:00,5.0000,2250.7955,811.1955
2024-01-25 09:00:00,3.0000,1904.2004,1040.4404
2024-01-25 10:00:00,3.0000,2023.5271,1159.7671
2024-01-25 11:00:00,3.5000,2168.7637,1161.0437
2024-01-25 12:00:00,4.0000,2317.5151,1165.8351
2024-01-25 13:00:00,3.5000,2067.1475,1059.4275
2024-01-25 14:00:00,3.0000,1705.5677,841.8077
2024-01-25 15:00:00,3.0000,947.1493,83.3893
2024-01-25 16:00:00,3.0000,863.7600,0.0000
2024-01-25 17:00:00,5.0000,1439.6000,0.0000
2024-01-25 18:00:00,6.0000,1727.5200,0.0000
2024-01-25 19:00:00,7.0000,2015.4400,0.0000
2024-01-25 20:00:00,6.0000,1727.5200,0.0000
2024-01-25 21:00:00,5.0000,1439.6000,0.0000
2024-01-25 22:00:00,4.0000,1151.6800,0.0000
2024-01-25 23:00:00,3.0000,863.7600,0.0000
2024-01-26 00:00:00,2.0000,575.8400,0.0000
2024-01-26 01:00:00,2.0000,575.8400,0.0000
2024-01-26 02:00:00,2.0000,575.8400,0.0000
2024-01-26 03:00:00,2.0000,575.8400,0.0000
2024-01-26 04:00:00,2.0000,575.8400,0.0000
2024-01-26 05:00:00,2.0000,575.8400,0.0000
2024-01-26 06:00:00,5.0000,1439.6000,0.0000
2024-01-26 07:00:00,6.0000,1781.9054,54.3854
2024-01-26 08:00:00,5.0000,2258.3251,818.7251
2024-01-26 09:00:00,3.0000,1912.4573,1048.6973
2024-01-26 10:00:00,3.0000,2032.4030,1168.6430
2024-01-26 11:00:00,3.5000,2178.1081,1170.3881
2024-01-26 12:00:00,4.0000,2326.8243,1175.1443
2024-01-26 13:00:00,3.5000,2076.7601,1069.0401
2024-01-26 14:00:00,3.0000,1715.2830,851.5230
2024-01-26 15:00:00,3.0000,957.0401,93.2801
2024-01-26 16:00:00,3.0000,863.7600,0.0000
2024-01-26 17:00:00,5.0000,1439.6000,0.0000
2024-01-26 18:00:00,6.0000,1727.5200,0.0000
2024-01-26 19:00:00,7.0000,2015.4400,0.0000
2024-01-26 20:00:00,6.0000,1727.5200,0.0000
2024-01-26 21:00:00,5.0000,1439.6000,0.0000
2024-01-26 22:00:00,4.0000,1151.6800,0.0000
2024-01-26 23:00:00,3.0000,863.7600,0.0000
2024-01-27 00:00:00,2.0000,575.8400,0.0000
2024-01-27 01:00:00,2.0000,575.8400,0.0000
2024-01-27 02:00:00,2.0000,575.8400,0.0000
2024-01-27 03:00:00,2.0000,575.8400,0.0000
2024-01-27 04:00:00,2.0000,575.8400,0.0000
2024-01-27 05:00:00,2.0000,575.8400,0.0000
2024-01-27 06:00:00,5.0000,1439.6000,0.0000
2024-01-27 07:00:00,6.0000,1789.4725,61.9525
2024-01-27 08:00:00,5.0000,2266.1012,826.5012
2024-01-27 09:00:00,4.0000,2208.8648,1057.1848
2024-01-27 10:00:00,4.0000,2329.4094,1177.7294
2024-01-27 11:00:00,4.5000,2475.5603,1179.9203
2024-01-27 12:00:00,5.0000,2624.2435,1184.6435
2024-01-27 13:00:00,4.5000,2374.4589,1078.8189
2024-01-27 14:00:00,4.0000,2013.0611,861.3811
2024-01-27 15:00:00,4.0000,1254.9961,103.3161
2024-01-27 16:00:00,4.0000,1151.6800,0.0000
2024-01-27 17:00:00,6.0000,1727.5200,0.0000
2024-01-27 18:00:00,7.0000,2015.4400,0.0000
2024-01-27 19:00:00,7.5000,2159.4000,0.0000
2024-01-27 20:00:00,7.0000,2015.4400,0.0000
2024-01-27 21:00:00,6.0000,1727.5200,0.0000
2024-01-27 22:00:00,5.0000,1439.6000,0.0000
2024-01-27 23:00:00,4.0000,1151.6800,0.0000
2024-01-28 00:00:00,2.0000,575.8400,0.0000
2024-01-28 01:00:00,2.0000,575.8400,0.0000
2024-01-28 02:00:00,2.0000,575.8400,0.0000
2024-01-28 03:00:00,2.0000,575.8400,0.0000
2024-01-28 04:00:00,2.0000,575.8400,0.0000
2024-01-28 05:00:00,2.0000,575.8400,0.0000
2024-01-28 06:00:00,5.0000,1439.6000,0.0000
2024-01-28 07:00:00,6.0000,1797.3063,69.7863
2024-01-28 08:00:00,5.0000,2274.1211,834.5211
2024-01-28 09:00:00,4.0000,2217.5794,1065.8994
2024-01-28 10:00:00,4.0000,2338.7025,1187.0225
2024-01-28 11:00:00,4.5000,2485.2760,1189.6360
2024-01-28 12:00:00,5.0000,2633.9283,1194.3283
2024-01-28 13:00:00,4.5000,2384.3994,1088.7594
2024-01-28 14:00:00,4.0000,2023.0574,871.3774
2024-01-28 15:00:00,4.0000,1265.1737,113.4937
2024-01-28 16:00:00,4.0000,1151.6800,0.0000
2024-01-28 17:00:00,6.0000,1727.5200,0.0000
2024-01-28 18:00:00,7.0000,2015.4400,0.0000
2024-01-28 19:00:00,7.5000,2159.4000,0.0000
2024-01-28 20:00:00,7.0000,2015.4400,0.0000
2024-01-28 21:00:00,6.0000,1727.5200,0.0000
2024-01-28 22:00:00,5.0000,1439.6000,0.0000
2024-01-28 23:00:00,4.0000,1151.6800,0.0000
2024-01-29 00:00:00,2.0000,575.8400,0.0000
2024-01-29 01:00:00,2.0000,575.8400,0.0000
2024-01-29 02:00:00,2.0000,575.8400,0.0000
2024-01-29 03:00:00,2.0000,575.8400,0.0000
2024-01-29 04:00:00,2.0000,575.8400,0.0000
2024-01-29 05:00:00,2.0000,575.8400,0.0000
2024-01-29 06:00:00,5.0000,1439.6000,0.0000
2024-01-29 07:00:00,6.0000,1805.4049,77.8849
2024-01-29 08:00:00,5.0000,2282.3820,842.7820
2024-01-29 09:00:00,3.0000,1938.5977,1074.8377
2024-01-29 10:00:00,3.0000,2060.2781,1196.5181
2024-01-29 11:00:00,3.5000,2207.2508,1199.5308
2024-01-29 12:00:00,4.0000,2355.8744,1204.1944
2024-01-29 13:00:00,3.5000,2106.5769,1098.8569
2024-01-29 14:00:00,3.0000,1745.2673,881.5073
2024-01-29 15:00:00,3.0000,987.5688,123.8088
2024-01-29 16:00:00,3.0000,863.7600,0.0000
2024-01-29 17:00:00,5.0000,1439.6000,0.0000
2024-01-29 18:00:00,6.0000,1727.5200,0.0000
2024-01-29 19:00:00,7.0000,2015.4400,0.0000
2024-01-29 20:00:00,6.0000,1727.5200,0.0000
2024-01-29 21:00:00,5.0000,1439.6000,0.0000
2024-01-29 22:00:00,4.0000,1151.6800,0.0000
2024-01-29 23:00:00,3.0000,863.7600,0.0000
2024-01-30 00:00:00,2.0000,575.8400,0.0000
2024-01-30 01:00:00,2.0000,575.8400,0.0000
2024-01-30 02:00:00,2.0000,575.8400,0.0000
2024-01-30 03:00:00,2.0000,575.8400,0.0000
2024-01-30 04:00:00,2.0000,575.8400,0.0000
2024-01-30 05:00:00,2.0000,575.8400,0.0000
2024-01-30 06:00:00,5.0000,1439.6000,0.0000
2024-01-30 07:00:00,6.0000,1813.7666,86.2466
2024-01-30 08:00:00,5.0000,2290.8809,851.2809
2024-01-30 09:00:00,3.0000,1947.7561,1083.9961
2024-01-30 10:00:00,3.0000,2069.9722,1206.2122
2024-01-30 11:00:00,3.5000,2217.3203,1209.6003
2024-01-30 12:00:00,4.0000,2365.9173,1214.2373
2024-01-30 13:00:00,3.5000,2116.8270,1109.1070
2024-01-30 14:00:00,3.0000,1755.5263,891.7663
2024-01-30 15:00:00,3.0000,998.0177,134.2577
2024-01-30 16:00:00,3.0000,863.7600,0.0000
2024-01-30 17:00:00,5.0000,1439.6000,0.0000
2024-01-30 18:00:00,6.0000,1727.5200,0.0000
2024-01-30 19:00:00,7.0000,2015.4400,0.0000
2024-01-30 20:00:00,6.0000,1727.5200,0.0000
2024-01-30 21:00:00,5.0000,1439.6000,0.0000
2024-01-30 22:00:00,4.0000,1151.6800,0.0000
2024-01-30 23:00:00,3.0000,863.7600,0.0000
2024-01-31 00:00:00,2.0000,575.8400,0.0000
2024-01-31 01:00:00,2.0000,575.8400,0.0000
2024-01-31 02:00:00,2.0000,575.8400,0.0000
2024-01-31 03:00:00,2.0000,575.8400,0.0000
2024-01-31 04:00:00,2.0000,575.8400,0.0000
2024-01-31 05:00:00,2.0000,575.8400,0.0000
2024-01-31 06:00:00,5.0000,1439.6000,0.0000
2024-01-31 07:00:00,6.0000,1822.3892,94.8692
2024-01-31 08:00:00,5.0000,2299.6149,860.0149
2024-01-31 09:00:00,3.0000,1957.1309,1093.3709
2024-01-31 10:00:00,3.0000,2079.8605,1216.1005
2024-01-31 11:00:00,3.5000,2227.5599,1219.8399
2024-01-31 12:00:00,4.0000,2376.1326,1224.4526
2024-01-31 13:00:00,3.5000,2127.2248,1119.5048
2024-01-31 14:00:00,3.0000,1765.9096,902.1496
2024-01-31 15:00:00,3.0000,1008.5963,144.8363
2024-01-31 16:00:00,3.0000,863.7600,0.0000
2024-01-31 17:00:00,5.0000,1439.6000,0.0000
2024-01-31 18:00:00,6.0000,1727.5200,0.0000
2024-01-31 19:00:00,7.0000,2015.4400,0.0000
2024-01-31 20:00:00,6.0000,1727.5200,0.0000
2024-01-31 21:00:00,5.0000,1439.6000,0.0000
2024-01-31 22:00:00,4.0000,1151.6800,0.0000
2024-01-31 23:00:00,3.0000,863.7600,0.0000
2024-02-01 00:00:00,2.0000,575.8400,0.0000
2024-02-01 01:00:00,2.0000,575.8400,0.0000
2024-02-01 02:00:00,2.0000,575.8400,0.0000
2024-02-01 03:00:00,2.0000,575.8400,0.0000
2024-02-01 04:00:00,2.0000,575.8400,0.0000
2024-02-01 05:00:00,2.0000,575.8400,0.0000
2024-02-01 06:00:00,5.0000,1439.6000,0.0000
2024-02-01 07:00:00,6.0000,1839.3165,111.7965
2024-02-01 08:00:00,5.0000,2683.4896,1243.8896
2024-02-01 09:00:00,3.0000,2358.1325,1494.3725
2024-02-01 10:00:00,3.0000,2471.7228,1607.9628
2024-02-01 11:00:00,3.5000,2584.6394,1576.9194
2024-02-01 12:00:00,4.0000,2764.4151,1612.7351
2024-02-01 13:00:00,3.5000,2529.4013,1521.6813
2024-02-01 14:00:00,3.0000,2155.6338,1291.8738
2024-02-01 15:00:00,3.0000,1031.3630,167.6030
2024-02-01 16:00:00,3.0000,863.7600,0.0000
2024-02-01 17:00:00,5.0000,1439.6000,0.0000
2024-02-01 18:00:00,6.0000,1727.5200,0.0000
2024-02-01 19:00:00,7.0000,2015.4400,0.0000
2024-02-01 20:00:00,6.0000,1727.5200,0.0000
2024-02-01 21:00:00,5.0000,1439.6000,0.0000
2024-02-01 22:00:00,4.0000,1151.6800,0.0000
2024-02-01 23:00:00,3.0000,863.7600,0.0000
2024-02-02 00:00:00,2.0000,575.8400,0.0000
2024-02-02 01:00:00,2.0000,575.8400,0.0000
2024-02-02 02:00:00,2.0000,575.8400,0.0000
2024-02-02 03:00:00,2.0000,575.8400,0.0000
2024-02-02 04:00:00,2.0000,575.8400,0.0000
2024-02-02 05:00:00,2.0000,575.8400,0.0000
2024-02-02 06:00:00,5.0000,1439.6000,0.0000
2024-02-02 07:00:00,6.0000,1849.1627,121.6427
2024-02-02 08:00:00,5.0000,2693.0369,1253.4369
2024-02-02 09:00:00,3.0000,2368.3694,1504.6094
2024-02-02 10:00:00,3.0000,2482.4772,1618.7172
2024-02-02 11:00:00,3.5000,2595.7042,1587.9842
2024-02-02 12:00:00,4.0000,2775.3252,1623.6452
2024-02-02 13:00:00,3.5000,2540.5286,1532.8086
2024-02-02 14:00:00,3.0000,2166.7456,1302.9856
2024-02-02 15:00:00,3.0000,1043.0287,179.2687
2024-02-02 16:00:00,3.0000,863.7600,0.0000
2024-02-02 17:00:00,5.0000,1439.6000,0.0000
2024-02-02 18:00:00,6.0000,1727.5200,0.0000
2024-02-02 19:00:00,7.0000,2015.4400,0.0000
2024-02-02 20:00:00,6.0000,1727.5200,0.0000
2024-02-02 21:00:00,5.0000,1439.6000,0.0000
2024-02-02 22:00:00,4.0000,1151.6800,0.0000
2024-02-02 23:00:00,3.0000,863.7600,0.0000
2024-02-03 00:00:00,2.0000,575.8400,0.0000
2024-02-03 01:00:00,2.0000,575.8400,0.0000
2024-02-03 02:00:00,2.0000,575.8400,0.0000
2024-02-03 03:00:00,2.0000,575.8400,0.0000
2024-02-03 04:00:00,2.0000,575.8400,0.0000
2024-02-03 05:00:00,2.0000,575.8400,0.0000
2024-02-03 06:00:00,5.0000,1439.6000,0.0000
2024-02-03 07:00:00,6.0000,1859.2825,131.7625
2024-02-03 08:00:00,5.0000,2702.8144,1263.2144
2024-02-03 09:00:00,4.0000,2666.7307,1515.0507
2024-02-03 10:00:00,4.0000,2781.3271,1629.6471
2024-02-03 11:00:00,4.5000,2894.8341,1599.1941
2024-02-03 12:00:00,5.0000,3074.3181,1634.7181
2024-02-03 13:00:00,4.5000,2839.7085,1544.0685
2024-02-03 14:00:00,4.0000,2465.8815,1314.2015
2024-02-03 15:00:00,4.0000,1342.7413,191.0613
2024-02-03 16:00:00,4.0000,1151.6800,0.0000
2024-02-03 17:00:00,6.0000,1727.5200,0.0000
2024-02-03 18:00:00,7.0000,2015.4400,0.0000
2024-02-03 19:00:00,7.5000,2159.4000,0.0000
2024-02-03 20:00:00,7.0000,2015.4400,0.0000
2024-02-03 21:00:00,6.0000,1727.5200,0.0000
2024-02-03 22:00:00,5.0000,1439.6000,0.0000
2024-02-03 23:00:00,4.0000,1151.6800,0.0000
2024-02-04 00:00:00,2.0000,575.8400,0.0000
2024-02-04 01:00:00,2.0000,575.8400,0.0000
2024-02-04 02:00:00,2.0000,575.8400,0.0000
2024-02-04 03:00:00,2.0000,575.8400,0.0000
2024-02-04 04:00:00,2.0000,575.8400,0.0000
2024-02-04 05:00:00,2.0000,575.8400,0.0000
2024-02-04 06:00:00,5.0000,1439.6000,0.0000
2024-02-04 07:00:00,6.0000,1869.6728,142.1528
2024-02-04 08:00:00,5.0000,2712.8180,1273.2180
2024-02-04 09:00:00,4.0000,2677.3717,1525.6917
2024-02-04 10:00:00,4.0000,2792.4272,1640.7472
2024-02-04 11:00:00,4.5000,2906.1837,1610.5437
2024-02-04 12:00:00,5.0000,3085.5486,1645.9486
2024-02-04 13:00:00,4.5000,2851.0956,1555.4556
2024-02-04 14:00:00,4.0000,2477.1963,1325.5163
2024-02-04 15:00:00,4.0000,1354.6565,202.9765
2024-02-04 16:00:00,4.0000,1151.6800,0.0000
2024-02-04 17:00:00,6.0000,1727.5200,0.0000
2024-02-04 18:00:00,7.0000,2015.4400,0.0000
2024-02-04 19:00:00,7.5000,2159.4000,0.0000
2024-02-04 20:00:00,7.0000,2015.4400,0.0000
2024-02-04 21:00:00,6.0000,1727.5200,0.0000
2024-02-04 22:00:00,5.0000,1439.6000,0.0000
2024-02-04 23:00:00,4.0000,1151.6800,0.0000
2024-02-05 00:00:00,2.0000,575.8400,0.0000
2024-02-05 01:00:00,2.0000,575.8400,0.0000
2024-02-05 02:00:00,2.0000,575.8400,0.0000
2024-02-05 03:00:00,2.0000,575.8400,0.0000
2024-02-05 04:00:00,2.0000,575.8400,0.0000
2024-02-05 05:00:00,2.0000,575.8400,0.0000
2024-02-05 06:00:00,5.0000,1439.6000,0.0000
2024-02-05 07:00:00,6.0000,1880.3307,152.8107
2024-02-05 08:00:00,5.0000,2723.0434,1283.4434
2024-02-05 09:00:00,3.0000,2400.2872,1536.5272
2024-02-05 10:00:00,3.0000,2515.7719,1652.0119
2024-02-05 11:00:00,3.5000,2629.7474,1622.0274
2024-02-05 12:00:00,4.0000,2809.0110,1657.3310
2024-02-05 13:00:00,3.5000,2574.6843,1566.9643
2024-02-05 14:00:00,3.0000,2200.6843,1336.9243
2024-02-05 15:00:00,3.0000,1078.7699,215.0099
2024-02-05 16:00:00,3.0000,863.7600,0.0000
2024-02-05 17:00:00,5.0000,1439.6000,0.0000
2024-02-05 18:00:00,6.0000,1727.5200,0.0000
2024-02-05 19:00:00,7.0000,2015.4400,0.0000
2024-02-05 20:00:00,6.0000,1727.5200,0.0000
2024-02-05 21:00:00,5.0000,1439.6000,0.0000
2024-02-05 22:00:00,4.0000,1151.6800,0.0000
2024-02-05 23:00:00,3.0000,863.7600,0.0000
2024-02-06 00:00:00,2.0000,575.8400,0.0000
2024-02-06 01:00:00,2.0000,575.8400,0.0000
2024-02-06 02:00:00,2.0000,575.8400,0.0000
2024-02-06 03:00:00,2.0000,575.8400,0.0000
2024-02-06 04:00:00,2.0000,575.8400,0.0000
2024-02-06 05:00:00,2.0000,575.8400,0.0000
2024-02-06 06:00:00,5.0000,1439.6000,0.0000
2024-02-06 07:00:00,6.0000,1891.2528,163.7328
2024-02-06 08:00:00,5.0000,2733.4860,1293.8860
2024-02-06 09:00:00,3.0000,2411.3123,1547.5523
2024-02-06 10:00:00,3.0000,2527.1959,1663.4359
2024-02-06 11:00:00,3.5000,2641.3594,1633.6394
2024-02-06 12:00:00,4.0000,2820.5397,1668.8597
2024-02-06 13:00:00,3.5000,2586.3089,1578.5889
2024-02-06 14:00:00,3.0000,2212.1802,1348.4202
2024-02-06 15:00:00,3.0000,1090.9171,227.1571
2024-02-06 16:00:00,3.0000,863.7600,0.0000
2024-02-06 17:00:00,5.0000,1439.6000,0.0000
2024-02-06 18:00:00,6.0000,1727.5200,0.0000
2024-02-06 19:00:00,7.0000,2015.4400,0.0000
2024-02-06 20:00:00,6.0000,1727.5200,0.0000
2024-02-06 21:00:00,5.0000,1439.6000,0.0000
2024-02-06 22:00:00,4.0000,1151.6800,0.0000
2024-02-06 23:00:00,3.0000,863.7600,0.0000
2024-02-07 00:00:00,2.0000,575.8400,0.0000
2024-02-07 01:00:00,2.0000,575.8400,0.0000
2024-02-07 02:00:00,2.0000,575.8400,0.0000
2024-02-07 03:00:00,2.0000,575.8400,0.0000
2024-02-07 04:00:00,2.0000,575.8400,0.0000
2024-02-07 05:00:00,2.0000,575.8400,0.0000
2024-02-07 06:00:00,5.0000,1439.6000,0.0000
2024-02-07 07:00:00,6.0000,1902.4359,174.9159
2024-02-07 08:00:00,5.0000,2744.1411,1304.5411
2024-02-07 09:00:00,3.0000,2422.5217,1558.7617
2024-02-07 10:00:00,3.0000,2538.7734,1675.0134
2024-02-07 11:00:00,3.5000,2653.0940,1645.3740
2024-02-07 12:00:00,4.0000,2832.2090,1680.5290
2024-02-07 13:00:00,3.5000,2598.0436,1590.3236
2024-02-07 14:00:00,3.0000,2223.7584,1359.9984
2024-02-07 15:00:00,3.0000,1103.1737,239.4137
2024-02-07 16:00:00,3.0000,863.7600,0.0000
2024-02-07 17:00:00,5.0000,1439.6000,0.0000
2024-02-07 18:00:00,6.0000,1727.5200,0.0000
2024-02-07 19:00:00,7.0000,2015.4400,0.0000
2024-02-07 20:00:00,6.0000,1727.5200,0.0000
2024-02-07 21:00:00,5.0000,1439.6000,0.0000
2024-02-07 22:00:00,4.0000,1151.6800,0.0000
2024-02-07 23:00:00,3.0000,863.7600,0.0000
2024-02-08 00:00:00,2.0000,575.8400,0.0000
2024-02-08 01:00:00,2.0000,575.8400,0.0000
2024-02-08 02:00:00,2.0000,575.8400,0.0000
2024-02-08 03:00:00,2.0000,575.8400,0.0000
2024-02-08 04:00:00,2.0000,575.8400,0.0000
2024-02-08 05:00:00,2.0000,575.8400,0.0000
2024-02-08 06:00:00,5.0000,1439.6000,0.0000
2024-02-08 07:00:00,6.0000,1913.8763,186.3563
2024-02-08 08:00:00,5.0000,2755.0040,1315.4040
2024-02-08 09:00:00,3.0000,2433.9100,1570.1500
2024-02-08 10:00:00,3.0000,2550.4989,1686.7389
2024-02-08 11:00:00,3.5000,2664.9454,1657.2254
2024-02-08 12:00:00,4.0000,2844.0132,1692.3332
2024-02-08 13:00:00,3.5000,2609.8827,1602.1627
2024-02-08 14:00:00,3.0000,2235.4135,1371.6535
2024-02-08 15:00:00,3.0000,1880.2744,1016.5144
2024-02-08 16:00:00,3.0000,863.7600,0.0000
2024-02-08 17:00:00,5.0000,1439.6000,0.0000
2024-02-08 18:00:00,6.0000,1727.5200,0.0000
2024-02-08 19:00:00,7.0000,2015.4400,0.0000
2024-02-08 20:00:00,6.0000,1727.5200,0.0000
2024-02-08 21:00:00,5.0000,1439.6000,0.0000
2024-02-08 22:00:00,4.0000,1151.6800,0.0000
2024-02-08 23:00:00,3.0000,863.7600,0.0000
2024-02-09 00:00:00,2.0000,575.8400,0.0000
2024-02-09 01:00:00,2.0000,575.8400,0.0000
2024-02-09 02:00:00,2.0000,575.8400,0.0000
2024-02-09 03:00:00,2.0000,575.8400,0.0000
2024-02-09 04:00:00,2.0000,575.8400,0.0000
2024-02-09 05:00:00,2.0000,575.8400,0.0000
2024-02-09 06:00:00,5.0000,1439.6000,0.0000
2024-02-09 07:00:00,6.0000,1925.5702,198.0502
2024-02-09 08:00:00,5.0000,2766.0697,1326.4697
2024-02-09 09:00:00,3.0000,2445.4716,1581.7116
2024-02-09 10:00:00,3.0000,2562.3663,1698.6063
2024-02-09 11:00:00,3.5000,2676.9076,1669.1876
2024-02-09 12:00:00,4.0000,2855.9464,1704.2664
2024-02-09 13:00:00,3.5000,2621.8203,1614.1003
2024-02-09 14:00:00,3.0000,2247.1397,1383.3797
2024-02-09 15:00:00,3.0000,1891.5880,1027.8280
2024-02-09 16:00:00,3.0000,863.7600,0.0000
2024-02-09 17:00:00,5.0000,1439.6000,0.0000
2024-02-09 18:00:00,6.0000,1727.5200,0.0000
2024-02-09 19:00:00,7.0000,2015.4400,0.0000
2024-02-09 20:00:00,6.0000,1727.5200,0.0000
2024-02-09 21:00:00,5.0000,1439.6000,0.0000
2024-02-09 22:00:00,4.0000,1151.6800,0.0000
2024-02-09 23:00:00,3.0000,863.7600,0.0000
2024-02-10 00:00:00,2.0000,575.8400,0.0000
2024-02-10 01:00:00,2.0000,575.8400,0.0000
2024-02-10 02:00:00,2.0000,575.8400,0.0000
2024-02-10 03:00:00,2.0000,575.8400,0.0000
2024-02-10 04:00:00,2.0000,575.8400,0.0000
2024-02-10 05:00:00,2.0000,575.8400,0.0000
2024-02-10 06:00:00,5.0000,1439.6000,0.0000
2024-02-10 07:00:00,6.0000,1937.5138,209.9938
2024-02-10 08:00:00,5.0000,2777.3331,1337.7331
2024-02-10 09:00:00,4.0000,2745.1211,1593.4411
2024-02-10 10:00:00,4.0000,2862.2899,1710.6099
2024-02-10 11:00:00,4.5000,2976.8949,1681.2549
2024-02-10 12:00:00,5.0000,3155.9226,1716.3226
2024-02-10 13:00:00,4.5000,2921.7706,1626.1306
2024-02-10 14:00:00,4.0000,2546.8517,1395.1717
2024-02-10 15:00:00,4.0000,2190.8656,1039.1856
2024-02-10 16:00:00,4.0000,1151.6800,0.0000
2024-02-10 17:00:00,6.0000,1727.5200,0.0000
2024-02-10 18:00:00,7.0000,2015.4400,0.0000
2024-02-10 19:00:00,7.5000,2159.4000,0.0000
2024-02-10 20:00:00,7.0000,2015.4400,0.0000
2024-02-10 21:00:00,6.0000,1727.5200,0.0000
2024-02-10 22:00:00,5.0000,1439.6000,0.0000
2024-02-10 23:00:00,4.0000,1151.6800,0.0000
2024-02-11 00:00:00,2.0000,575.8400,0.0000
2024-02-11 01:00:00,2.0000,575.8400,0.0000
2024-02-11 02:00:00,2.0000,575.8400,0.0000
2024-02-11 03:00:00,2.0000,575.8400,0.0000
2024-02-11 04:00:00,2.0000,575.8400,0.0000
2024-02-11 05:00:00,2.0000,575.8400,0.0000
2024-02-11 06:00:00,5.0000,1439.6000,0.0000
2024-02-11 07:00:00,6.0000,1949.7029,222.1829
2024-02-11 08:00:00,5.0000,2788.7889,1349.1889
2024-02-11 09:00:00,4.0000,2757.0125,1605.3325
2024-02-11 10:00:00,4.0000,2874.4237,1722.7437
2024-02-11 11:00:00,4.5000,2989.0611,1693.4211
2024-02-11 12:00:00,5.0000,3168.0958,1728.4958
2024-02-11 13:00:00,4.5000,2933.8876,1638.2476
2024-02-11 14:00:00,4.0000,2558.7039,1407.0239
2024-02-11 15:00:00,4.0000,2202.2622,1050.5822
2024-02-11 16:00:00,4.0000,1151.6800,0.0000
2024-02-11 17:00:00,6.0000,1727.5200,0.0000
2024-02-11 18:00:00,7.0000,2015.4400,0.0000
2024-02-11 19:00:00,7.5000,2159.4000,0.0000
2024-02-11 20:00:00,7.0000,2015.4400,0.0000
2024-02-11 21:00:00,6.0000,1727.5200,0.0000
2024-02-11 22:00:00,5.0000,1439.6000,0.0000
2024-02-11 23:00:00,4.0000,1151.6800,0.0000
2024-02-12 00:00:00,2.0000,575.8400,0.0000
2024-02-12 01:00:00,2.0000,575.8400,0.0000
2024-02-12 02:00:00,2.0000,575.8400,0.0000
2024-02-12 03:00:00,2.0000,575.8400,0.0000
2024-02-12 04:00:00,2.0000,575.8400,0.0000
2024-02-12 05:00:00,2.0000,575.8400,0.0000
2024-02-12 06:00:00,5.0000,1439.6000,0.0000
2024-02-12 07:00:00,6.0000,1962.1333,234.6133
2024-02-12 08:00:00,5.0000,2800.4316,1360.8316
2024-02-12 09:00:00,3.0000,2481.1401,1617.3801
2024-02-12 10:00:00,3.0000,2598.7616,1735.0016
2024-02-12 11:00:00,3.5000,2713.4004,1705.6804
2024-02-12 12:00:00,4.0000,2892.4599,1740.7799
2024-02-12 13:00:00,3.5000,2658.1655,1650.4455
2024-02-12 14:00:00,3.0000,2282.6906,1418.9306
2024-02-12 15:00:00,3.0000,1925.7728,1062.0128
2024-02-12 16:00:00,3.0000,863.7600,0.0000
2024-02-12 17:00:00,5.0000,1439.6000,0.0000
2024-02-12 18:00:00,6.0000,1727.5200,0.0000
2024-02-12 19:00:00,7.0000,2015.4400,0.0000
2024-02-12 20:00:00,6.0000,1727.5200,0.0000
2024-02-12 21:00:00,5.0000,1439.6000,0.0000
2024-02-12 22:00:00,4.0000,1151.6800,0.0000
2024-02-12 23:00:00,3.0000,863.7600,0.0000
2024-02-13 00:00:00,2.0000,575.8400,0.0000
2024-02-13 01:00:00,2.0000,575.8400,0.0000
2024-02-13 02:00:00,2.0000,575.8400,0.0000
2024-02-13 03:00:00,2.0000,575.8400,0.0000
2024-02-13 04:00:00,2.0000,575.8400,0.0000
2024-02-13 05:00:00,2.0000,575.8400,0.0000
2024-02-13 06:00:00,5.0000,1439.6000,0.0000
2024-02-13 07:00:00,6.0000,2721.6398,994.1198
2024-02-13 08:00:00,5.0000,2812.2558,1372.6558
2024-02-13 09:00:00,3.0000,2493.3379,1629.5779
2024-02-13 10:00:00,3.0000,2611.1374,1747.3774
2024-02-13 11:00:00,3.5000,2725.7465,1718.0265
2024-02-13 12:00:00,4.0000,2904.8488,1753.1688
2024-02-13 13:00:00,3.5000,2670.4382,1662.7182
2024-02-13 14:00:00,3.0000,2294.6465,1430.8865
2024-02-13 15:00:00,3.0000,1937.2327,1073.4727
2024-02-13 16:00:00,3.0000,863.7600,0.0000
2024-02-13 17:00:00,5.0000,1439.6000,0.0000
2024-02-13 18:00:00,6.0000,1727.5200,0.0000
2024-02-13 19:00:00,7.0000,2015.4400,0.0000
2024-02-13 20:00:00,6.0000,1727.5200,0.0000
2024-02-13 21:00:00,5.0000,1439.6000,0.0000
2024-02-13 22:00:00,4.0000,1151.6800,0.0000
2024-02-13 23:00:00,3.0000,863.7600,0.0000
2024-02-14 00:00:00,2.0000,575.8400,0.0000
2024-02-14 01:00:00,2.0000,575.8400,0.0000
2024-02-14 02:00:00,2.0000,575.8400,0.0000
2024-02-14 03:00:00,2.0000,575.8400,0.0000
2024-02-14 04:00:00,2.0000,575.8400,0.0000
2024-02-14 05:00:00,2.0000,575.8400,0.0000
2024-02-14 06:00:00,5.0000,1439.6000,0.0000
2024-02-14 07:00:00,6.0000,2733.1245,1005.6045
2024-02-14 08:00:00,5.0000,2824.2556,1384.6556
2024-02-14 09:00:00,3.0000,2505.6798,1641.9198
2024-02-14 10:00:00,3.0000,2623.6250,1759.8650
2024-02-14 11:00:00,3.5000,2738.1734,1730.4534
2024-02-14 12:00:00,4.0000,2917.3364,1765.6564
2024-02-14 13:00:00,3.5000,2682.7798,1675.0598
2024-02-14 14:00:00,3.0000,2306.6459,1442.8859
2024-02-14 15:00:00,3.0000,1948.7168,1084.9568
2024-02-14 16:00:00,3.0000,863.7600,0.0000
2024-02-14 17:00:00,5.0000,1439.6000,0.0000
2024-02-14 18:00:00,6.0000,1727.5200,0.0000
2024-02-14 19:00:00,7.0000,2015.4400,0.0000
2024-02-14 20:00:00,6.0000,1727.5200,0.0000
2024-02-14 21:00:00,5.0000,1439.6000,0.0000
2024-02-14 22:00:00,4.0000,1151.6800,0.0000
2024-02-14 23:00:00,3.0000,863.7600,0.0000
2024-02-15 00:00:00,2.0000,575.8400,0.0000
2024-02-15 01:00:00,2.0000,575.8400,0.0000
2024-02-15 02:00:00,2.0000,575.8400,0.0000
2024-02-15 03:00:00,2.0000,575.8400,0.0000
2024-02-15 04:00:00,2.0000,575.8400,0.0000
2024-02-15 05:00:00,2.0000,575.8400,0.0000
2024-02-15 06:00:00,5.0000,1439.6000,0.0000
2024-02-15 07:00:00,6.0000,2744.8083,1017.2883
2024-02-15 08:00:00,5.0000,2836.4252,1396.8252
2024-02-15 09:00:00,3.0000,2518.1595,1654.3995
2024-02-15 10:00:00,3.0000,2636.2180,1772.4580
2024-02-15 11:00:00,3.5000,2750.6751,1742.9551
2024-02-15 12:00:00,4.0000,2929.9162,1778.2362
2024-02-15 13:00:00,3.5000,2695.1844,1687.4644
2024-02-15 14:00:00,3.0000,2318.6834,1454.9234
2024-02-15 15:00:00,3.0000,1960.2204,1096.4604
2024-02-15 16:00:00,3.0000,863.7600,0.0000
2024-02-15 17:00:00,5.0000,1439.6000,0.0000
2024-02-15 18:00:00,6.0000,1727.5200,0.0000
2024-02-15 19:00:00,7.0000,2015.4400,0.0000
2024-02-15 20:00:00,6.0000,1727.5200,0.0000
2024-02-15 21:00:00,5.0000,1439.6000,0.0000
2024-02-15 22:00:00,4.0000,1151.6800,0.0000
2024-02-15 23:00:00,3.0000,863.7600,0.0000
2024-02-16 00:00:00,2.0000,575.8400,0.0000
2024-02-16 01:00:00,2.0000,575.8400,0.0000
2024-02-16 02:00:00,2.0000,575.8400,0.0000
2024-02-16 03:00:00,2.0000,575.8400,0.0000
2024-02-16 04:00:00,2.0000,575.8400,0.0000
2024-02-16 05:00:00,2.0000,575.8400,0.0000
2024-02-16 06:00:00,5.0000,1439.6000,0.0000
2024-02-16 07:00:00,6.0000,2756.6857,1029.1657
2024-02-16 08:00:00,5.0000,2848.7588,1409.1588
2024-02-16 09:00:00,3.0000,2530.7709,1667.0109
2024-02-16 10:00:00,3.0000,2648.9101,1785.1501
2024-02-16 11:00:00,3.5000,2763.2452,1755.5252
2024-02-16 12:00:00,4.0000,2942.5821,1790.9021
2024-02-16 13:00:00,3.5000,2707.6458,1699.9258
2024-02-16 14:00:00,3.0000,2330.7534,1466.9934
2024-02-16 15:00:00,3.0000,1971.7388,1107.9788
2024-02-16 16:00:00,3.0000,863.7600,0.0000
2024-02-16 17:00:00,5.0000,1439.6000,0.0000
2024-02-16 18:00:00,6.0000,1727.5200,0.0000
2024-02-16 19:00:00,7.0000,2015.4400,0.0000
2024-02-16 20:00:00,6.0000,1727.5200,0.0000
2024-02-16 21:00:00,5.0000,1439.6000,0.0000
2024-02-16 22:00:00,4.0000,1151.6800,0.0000
2024-02-16 23:00:00,3.0000,863.7600,0.0000
2024-02-17 00:00:00,2.0000,575.8400,0.0000
2024-02-17 01:00:00,2.0000,575.8400,0.0000
2024-02-17 02:00:00,2.0000,575.8400,0.0000
2024-02-17 03:00:00,2.0000,575.8400,0.0000
2024-02-17 04:00:00,2.0000,575.8400,0.0000
2024-02-17 05:00:00,2.0000,575.8400,0.0000
2024-02-17 06:00:00,5.0000,1439.6000,0.0000
2024-02-17 07:00:00,6.0000,2768.7511,1041.2311
2024-02-17 08:00:00,5.0000,2861.2500,1421.6500
2024-02-17 09:00:00,4.0000,2831.4276,1679.7476
2024-02-17 10:00:00,4.0000,2949.6149,1797.9349
2024-02-17 11:00:00,4.5000,3063.7977,1768.1577
2024-02-17 12:00:00,5.0000,3243.2477,1803.6477
2024-02-17 13:00:00,4.5000,3008.0781,1712.4381
2024-02-17 14:00:00,4.0000,2630.7705,1479.0905
2024-02-17 15:00:00,4.0000,2271.1871,1119.5071
2024-02-17 16:00:00,4.0000,1151.6800,0.0000
2024-02-17 17:00:00,6.0000,1727.5200,0.0000
2024-02-17 18:00:00,7.0000,2015.4400,0.0000
2024-02-17 19:00:00,7.5000,2159.4000,0.0000
2024-02-17 20:00:00,7.0000,2015.4400,0.0000
2024-02-17 21:00:00,6.0000,1727.5200,0.0000
2024-02-17 22:00:00,5.0000,1439.6000,0.0000
2024-02-17 23:00:00,4.0000,1151.6800,0.0000
2024-02-18 00:00:00,2.0000,575.8400,0.0000
2024-02-18 01:00:00,2.0000,575.8400,0.0000
2024-02-18 02:00:00,2.0000,575.8400,0.0000
2024-02-18 03:00:00,2.0000,575.8400,0.0000
2024-02-18 04:00:00,2.0000,575.8400,0.0000
2024-02-18 05:00:00,2.0000,575.8400,0.0000
2024-02-18 06:00:00,5.0000,1439.6000,0.0000
2024-02-18 07:00:00,6.0000,2780.9987,1053.4787
2024-02-18 08:00:00,5.0000,2873.8927,1434.2927
2024-02-18 09:00:00,4.0000,2844.2829,1692.6029
2024-02-18 10:00:00,4.0000,2962.4859,1810.8059
2024-02-18 11:00:00,4.5000,3076.4864,1780.8464
2024-02-18 12:00:00,5.0000,3256.0666,1816.4666
2024-02-18 13:00:00,4.5000,3020.6353,1724.9953
2024-02-18 14:00:00,4.0000,2642.8893,1491.2093
2024-02-18 15:00:00,4.0000,2282.7207,1131.0407
2024-02-18 16:00:00,4.0000,1151.6800,0.0000
2024-02-18 17:00:00,6.0000,1727.5200,0.0000
2024-02-18 18:00:00,7.0000,2015.4400,0.0000
2024-02-18 19:00:00,7.5000,2159.4000,0.0000
2024-02-18 20:00:00,7.0000,2015.4400,0.0000
2024-02-18 21:00:00,6.0000,1727.5200,0.0000
2024-02-18 22:00:00,5.0000,1439.6000,0.0000
2024-02-18 23:00:00,4.0000,1151.6800,0.0000
2024-02-19 00:00:00,2.0000,575.8400,0.0000
2024-02-19 01:00:00,2.0000,575.8400,0.0000
2024-02-19 02:00:00,2.0000,575.8400,0.0000
2024-02-19 03:00:00,2.0000,575.8400,0.0000
2024-02-19 04:00:00,2.0000,575.8400,0.0000
2024-02-19 05:00:00,2.0000,575.8400,0.0000
2024-02-19 06:00:00,5.0000,1439.6000,0.0000
2024-02-19 07:00:00,6.0000,2793.4226,1065.9026
2024-02-19 08:00:00,5.0000,2886.6805,1447.0805
2024-02-19 09:00:00,3.0000,2569.3305,1705.5705
2024-02-19 10:00:00,3.0000,2687.5167,1823.7567
2024-02-19 11:00:00,3.5000,2801.3050,1793.5850
2024-02-19 12:00:00,4.0000,2981.0325,1829.3525
2024-02-19 13:00:00,3.5000,2745.3114,1737.5914
2024-02-19 14:00:00,3.0000,2367.1044,1503.3444
2024-02-19 15:00:00,3.0000,2006.3351,1142.5751
2024-02-19 16:00:00,3.0000,874.6792,10.9192
2024-02-19 17:00:00,5.0000,1439.6000,0.0000
2024-02-19 18:00:00,6.0000,1727.5200,0.0000
2024-02-19 19:00:00,7.0000,2015.4400,0.0000
2024-02-19 20:00:00,6.0000,1727.5200,0.0000
2024-02-19 21:00:00,5.0000,1439.6000,0.0000
2024-02-19 22:00:00,4.0000,1151.6800,0.0000
2024-02-19 23:00:00,3.0000,863.7600,0.0000
2024-02-20 00:00:00,2.0000,575.8400,0.0000
2024-02-20 01:00:00,2.0000,575.8400,0.0000
2024-02-20 02:00:00,2.0000,575.8400,0.0000
2024-02-20 03:00:00,2.0000,575.8400,0.0000
2024-02-20 04:00:00,2.0000,575.8400,0.0000
2024-02-20 05:00:00,2.0000,575.8400,0.0000
2024-02-20 06:00:00,5.0000,1439.6000,0.0000
2024-02-20 07:00:00,6.0000,2806.0166,1078.4966
2024-02-20 08:00:00,5.0000,2899.6070,1460.0070
2024-02-20 09:00:00,3.0000,2582.4035,1718.6435
2024-02-20 10:00:00,3.0000,2700.5406,1836.7806
2024-02-20 11:00:00,3.5000,2814.0873,1806.3673
2024-02-20 12:00:00,4.0000,2993.9788,1842.2988
2024-02-20 13:00:00,3.5000,2757.9404,1750.2204
2024-02-20 14:00:00,3.0000,2379.2505,1515.4905
2024-02-20 15:00:00,3.0000,2017.8657,1154.1057
2024-02-20 16:00:00,3.0000,887.4114,23.6514
2024-02-20 17:00:00,5.0000,1439.6000,0.0000
2024-02-20 18:00:00,6.0000,1727.5200,0.0000
2024-02-20 19:00:00,7.0000,2015.4400,0.0000
2024-02-20 20:00:00,6.0000,1727.5200,0.0000
2024-02-20 21:00:00,5.0000,1439.6000,0.0000
2024-02-20 22:00:00,4.0000,1151.6800,0.0000
2024-02-20 23:00:00,3.0000,863.7600,0.0000
2024-02-21 00:00:00,2.0000,575.8400,0.0000
2024-02-21 01:00:00,2.0000,575.8400,0.0000
2024-02-21 02:00:00,2.0000,575.8400,0.0000
2024-02-21 03:00:00,2.0000,575.8400,0.0000
2024-02-21 04:00:00,2.0000,575.8400,0.0000
2024-02-21 05:00:00,2.0000,575.8400,0.0000
2024-02-21 06:00:00,5.0000,1439.6000,0.0000
2024-02-21 07:00:00,6.0000,2818.7744,1091.2544
2024-02-21 08:00:00,5.0000,2912.6654,1473.0654
2024-02-21 09:00:00,3.0000,2595.5754,1731.8154
2024-02-21 10:00:00,3.0000,2713.6312,1849.8712
2024-02-21 11:00:00,3.5000,2826.9073,1819.1873
2024-02-21 12:00:00,4.0000,3006.9792,1855.2992
2024-02-21 13:00:00,3.5000,2770.5963,1762.8763
2024-02-21 14:00:00,3.0000,2391.4023,1527.6423
2024-02-21 15:00:00,3.0000,2029.3881,1165.6281
2024-02-21 16:00:00,3.0000,900.1927,36.4327
2024-02-21 17:00:00,5.0000,1439.6000,0.0000
2024-02-21 18:00:00,6.0000,1727.5200,0.0000
2024-02-21 19:00:00,7.0000,2015.4400,0.0000
2024-02-21 20:00:00,6.0000,1727.5200,0.0000
2024-02-21 21:00:00,5.0000,1439.6000,0.0000
2024-02-21 22:00:00,4.0000,1151.6800,0.0000
2024-02-21 23:00:00,3.0000,863.7600,0.0000
2024-02-22 00:00:00,2.0000,575.8400,0.0000
2024-02-22 01:00:00,2.0000,575.8400,0.0000
2024-02-22 02:00:00,2.0000,575.8400,0.0000
2024-02-22 03:00:00,2.0000,575.8400,0.0000
2024-02-22 04:00:00,2.0000,575.8400,0.0000
2024-02-22 05:00:00,2.0000,575.8400,0.0000
2024-02-22 06:00:00,5.0000,1439.6000,0.0000
2024-02-22 07:00:00,6.0000,2831.6898,1104.1698
2024-02-22 08:00:00,5.0000,2925.8491,1486.2491
2024-02-22 09:00:00,3.0000,2608.8393,1745.0793
2024-02-22 10:00:00,3.0000,2726.7817,1863.0217
2024-02-22 11:00:00,3.5000,2839.7586,1832.0386
2024-02-22 12:00:00,4.0000,3020.0272,1868.3472
2024-02-22 13:00:00,3.5000,2783.2731,1775.5531
2024-02-22 14:00:00,3.0000,2403.5545,1539.7945
2024-02-22 15:00:00,3.0000,2040.8978,1177.1378
2024-02-22 16:00:00,3.0000,913.0194,49.2594
2024-02-22 17:00:00,5.0000,1439.6000,0.0000
2024-02-22 18:00:00,6.0000,1727.5200,0.0000
2024-02-22 19:00:00,7.0000,2015.4400,0.0000
2024-02-22 20:00:00,6.0000,1727.5200,0.0000
2024-02-22 21:00:00,5.0000,1439.6000,0.0000
2024-02-22 22:00:00,4.0000,1151.6800,0.0000
2024-02-22 23:00:00,3.0000,863.7600,0.0000
2024-02-23 00:00:00,2.0000,575.8400,0.0000
2024-02-23 01:00:00,2.0000,575.8400,0.0000
2024-02-23 02:00:00,2.0000,575.8400,0.0000
2024-02-23 03:00:00,2.0000,575.8400,0.0000
2024-02-23 04:00:00,2.0000,575.8400,0.0000
2024-02-23 05:00:00,2.0000,575.8400,0.0000
2024-02-23 06:00:00,5.0000,1439.6000,0.0000
2024-02-23 07:00:00,6.0000,2844.7561,1117.2361
2024-02-23 08:00:00,5.0000,2939.1512,1499.5512
2024-02-23 09:00:00,3.0000,2622.1884,1758.4284
2024-02-23 10:00:00,3.0000,2739.9856,1876.2256
2024-02-23 11:00:00,3.5000,2852.6352,1844.9152
2024-02-23 12:00:00,4.0000,3033.1162,1881.4362
2024-02-23 13:00:00,3.5000,2795.9651,1788.2451
2024-02-23 14:00:00,3.0000,2415.7020,1551.9420
2024-02-23 15:00:00,3.0000,2052.3906,1188.6306
2024-02-23 16:00:00,3.0000,925.8880,62.1280
2024-02-23 17:00:00,5.0000,1439.6000,0.0000
2024-02-23 18:00:00,6.0000,1727.5200,0.0000
2024-02-23 19:00:00,7.0000,2015.4400,0.0000
2024-02-23 20:00:00,6.0000,1727.5200,0.0000
2024-02-23 21:00:00,5.0000,1439.6000,0.0000
2024-02-23 22:00:00,4.0000,1151.6800,0.0000
2024-02-23 23:00:00,3.0000,863.7600,0.0000
2024-02-24 00:00:00,2.0000,575.8400,0.0000
2024-02-24 01:00:00,2.0000,575.8400,0.0000
2024-02-24 02:00:00,2.0000,575.8400,0.0000
2024-02-24 03:00:00,2.0000,575.8400,0.0000
2024-02-24 04:00:00,2.0000,575.8400,0.0000
2024-02-24 05:00:00,2.0000,575.8400,0.0000
2024-02-24 06:00:00,5.0000,1448.3304,8.7304
2024-02-24 07:00:00,6.0000,2857.9667,1130.4467
2024-02-24 08:00:00,5.0000,2952.5649,1512.9649
2024-02-24 09:00:00,4.0000,2923.5358,1771.8558
2024-02-24 10:00:00,4.0000,3041.1563,1889.4763
2024-02-24 11:00:00,4.5000,3153.4508,1857.8108
2024-02-24 12:00:00,5.0000,3334.1600,1894.5600
2024-02-24 13:00:00,4.5000,3096.5862,1800.9462
2024-02-24 14:00:00,4.0000,2715.7596,1564.0796
2024-02-24 15:00:00,4.0000,2351.7823,1200.1023
2024-02-24 16:00:00,4.0000,1226.7151,75.0351
2024-02-24 17:00:00,6.0000,1727.5200,0.0000
2024-02-24 18:00:00,7.0000,2015.4400,0.0000
2024-02-24 19:00:00,7.5000,2159.4000,0.0000
2024-02-24 20:00:00,7.0000,2015.4400,0.0000
2024-02-24 21:00:00,6.0000,1727.5200,0.0000
2024-02-24 22:00:00,5.0000,1439.6000,0.0000
2024-02-24 23:00:00,4.0000,1151.6800,0.0000
2024-02-25 00:00:00,2.0000,575.8400,0.0000
2024-02-25 01:00:00,2.0000,575.8400,0.0000
2024-02-25 02:00:00,2.0000,575.8400,0.0000
2024-02-25 03:00:00,2.0000,575.8400,0.0000
2024-02-25 04:00:00,2.0000,575.8400,0.0000
2024-02-25 05:00:00,2.0000,575.8400,0.0000
2024-02-25 06:00:00,5.0000,1463.0827,23.4827
2024-02-25 07:00:00,6.0000,2871.3147,1143.7947
2024-02-25 08:00:00,5.0000,2966.0831,1526.4831
2024-02-25 09:00:00,4.0000,2937.0344,1785.3544
2024-02-25 10:00:00,4.0000,3054.4470,1902.7670
2024-02-25 11:00:00,4.5000,3166.3594,1870.7194
2024-02-25 12:00:00,5.0000,3347.3119,1907.7119
2024-02-25 13:00:00,4.5000,3109.2907,1813.6507
2024-02-25 14:00:00,4.0000,2727.8824,1576.2024
2024-02-25 15:00:00,4.0000,2363.2287,1211.5487
2024-02-25 16:00:00,4.0000,1239.6574,87.9774
2024-02-25 17:00:00,6.0000,1727.5200,0.0000
2024-02-25 18:00:00,7.0000,2015.4400,0.0000
2024-02-25 19:00:00,7.5000,2159.4000,0.0000
2024-02-25 20:00:00,7.0000,2015.4400,0.0000
2024-02-25 21:00:00,6.0000,1727.5200,0.0000
2024-02-25 22:00:00,5.0000,1439.6000,0.0000
2024-02-25 23:00:00,4.0000,1151.6800,0.0000
2024-02-26 00:00:00,2.0000,575.8400,0.0000
2024-02-26 01:00:00,2.0000,575.8400,0.0000
2024-02-26 02:00:00,2.0000,575.8400,0.0000
2024-02-26 03:00:00,2.0000,575.8400,0.0000
2024-02-26 04:00:00,2.0000,575.8400,0.0000
2024-02-26 05:00:00,2.0000,575.8400,0.0000
2024-02-26 06:00:00,5.0000,1478.0189,38.4189
2024-02-26 07:00:00,6.0000,2884.7933,1157.2733
2024-02-26 08:00:00,5.0000,2979.6987,1540.0987
2024-02-26 09:00:00,3.0000,2662.6773,1798.9173
2024-02-26 10:00:00,3.0000,2779.8511,1916.0911
2024-02-26 11:00:00,3.5000,2891.3548,1883.6348
2024-02-26 12:00:00,4.0000,3072.5656,1920.8856
2024-02-26 13:00:00,3.5000,2834.0727,1826.3527
2024-02-26 14:00:00,3.0000,2452.0653,1588.3053
2024-02-26 15:00:00,3.0000,2086.7259,1222.9659
2024-02-26 16:00:00,3.0000,964.7113,100.9513
2024-02-26 17:00:00,5.0000,1439.6000,0.0000
2024-02-26 18:00:00,6.0000,1727.5200,0.0000
2024-02-26 19:00:00,7.0000,2015.4400,0.0000
2024-02-26 20:00:00,6.0000,1727.5200,0.0000
2024-02-26 21:00:00,5.0000,1439.6000,0.0000
2024-02-26 22:00:00,4.0000,1151.6800,0.0000
2024-02-26 23:00:00,3.0000,863.7600,0.0000
2024-02-27 00:00:00,2.0000,575.8400,0.0000
2024-02-27 01:00:00,2.0000,575.8400,0.0000
2024-02-27 02:00:00,2.0000,575.8400,0.0000
2024-02-27 03:00:00,2.0000,575.8400,0.0000
2024-02-27 04:00:00,2.0000,575.8400,0.0000
2024-02-27 05:00:00,2.0000,575.8400,0.0000
2024-02-27 06:00:00,5.0000,1493.1327,53.5327
2024-02-27 07:00:00,6.0000,2898.3953,1170.8753
2024-02-27 08:00:00,5.0000,2993.4046,1553.8046
2024-02-27 09:00:00,3.0000,2676.2975,1812.5375
2024-02-27 10:00:00,3.0000,2793.2020,1929.4420
2024-02-27 11:00:00,3.5000,2904.2711,1896.5511
2024-02-27 12:00:00,4.0000,3085.7546,1934.0746
2024-02-27 13:00:00,3.5000,2846.7665,1839.0465
2024-02-27 14:00:00,3.0000,2464.1435,1600.3835
2024-02-27 15:00:00,3.0000,2098.1098,1234.3498
2024-02-27 16:00:00,3.0000,977.7137,113.9537
2024-02-27 17:00:00,5.0000,1439.6000,0.0000
2024-02-27 18:00:00,6.0000,1727.5200,0.0000
2024-02-27 19:00:00,7.0000,2015.4400,0.0000
2024-02-27 20:00:00,6.0000,1727.5200,0.0000
2024-02-27 21:00:00,5.0000,1439.6000,0.0000
2024-02-27 22:00:00,4.0000,1151.6800,0.0000
2024-02-27 23:00:00,3.0000,863.7600,0.0000
2024-02-28 00:00:00,2.0000,575.8400,0.0000
2024-02-28 01:00:00,2.0000,575.8400,0.0000
2024-02-28 02:00:00,2.0000,575.8400,0.0000
2024-02-28 03:00:00,2.0000,575.8400,0.0000
2024-02-28 04:00:00,2.0000,575.8400,0.0000
2024-02-28 05:00:00,2.0000,575.8400,0.0000
2024-02-28 06:00:00,5.0000,1508.4174,68.8174
2024-02-28 07:00:00,6.0000,2912.1136,1184.5936
2024-02-28 08:00:00,5.0000,3007.1934,1567.5934
2024-02-28 09:00:00,3.0000,2689.9679,1826.2079
2024-02-28 10:00:00,3.0000,2806.5730,1942.8130
2024-02-28 11:00:00,3.5000,2917.1822,1909.4622
2024-02-28 12:00:00,4.0000,3098.9525,1947.2725
2024-02-28 13:00:00,3.5000,2859.4465,1851.7265
2024-02-28 14:00:00,3.0000,2476.1921,1612.4321
2024-02-28 15:00:00,3.0000,2109.4568,1245.6968
2024-02-28 16:00:00,3.0000,990.7412,126.9812
2024-02-28 17:00:00,5.0000,1439.6000,0.0000
2024-02-28 18:00:00,6.0000,1727.5200,0.0000
2024-02-28 19:00:00,7.0000,2015.4400,0.0000
2024-02-28 20:00:00,6.0000,1727.5200,0.0000
2024-02-28 21:00:00,5.0000,1439.6000,0.0000
2024-02-28 22:00:00,4.0000,1151.6800,0.0000
2024-02-28 23:00:00,3.0000,863.7600,0.0000
2024-02-29 00:00:00,2.0000,575.8400,0.0000
2024-02-29 01:00:00,2.0000,575.8400,0.0000
2024-02-29 02:00:00,2.0000,575.8400,0.0000
2024-02-29 03:00:00,2.0000,575.8400,0.0000
2024-02-29 04:00:00,2.0000,575.8400,0.0000
2024-02-29 05:00:00,2.0000,575.8400,0.0000
2024-02-29 06:00:00,5.0000,1523.8667,84.2667
2024-02-29 07:00:00,6.0000,2925.9410,1198.4210
2024-02-29 08:00:00,5.0000,3021.0579,1581.4579
2024-02-29 09:00:00,3.0000,2703.6814,1839.9214
2024-02-29 10:00:00,3.0000,2819.9575,1956.1975
2024-02-29 11:00:00,3.5000,2930.0821,1922.3621
2024-02-29 12:00:00,4.0000,3112.1530,1960.4730
2024-02-29 13:00:00,3.5000,2872.1071,1864.3871
2024-02-29 14:00:00,3.0000,2488.2066,1624.4466
2024-02-29 15:00:00,3.0000,2120.7629,1257.0029
2024-02-29 16:00:00,3.0000,1003.7905,140.0305
2024-02-29 17:00:00,5.0000,1439.6000,0.0000
2024-02-29 18:00:00,6.0000,1727.5200,0.0000
2024-02-29 19:00:00,7.0000,2015.4400,0.0000
2024-02-29 20:00:00,6.0000,1727.5200,0.0000
2024-02-29 21:00:00,5.0000,1439.6000,0.0000
2024-02-29 22:00:00,4.0000,1151.6800,0.0000
2024-02-29 23:00:00,3.0000,863.7600,0.0000
2024-03-01 00:00:00,2.0000,575.8400,0.0000
2024-03-01 01:00:00,2.0000,575.8400,0.0000
2024-03-01 02:00:00,2.0000,575.8400,0.0000
2024-03-01 03:00:00,2.0000,575.8400,0.0000
2024-03-01 04:00:00,2.0000,575.8400,0.0000
2024-03-01 05:00:00,2.0000,575.8400,0.0000
2024-03-01 06:00:00,5.0000,1548.1747,108.5747
2024-03-01 07:00:00,6.0000,3259.8558,1532.3358
2024-03-01 08:00:00,5.0000,3401.1217,1961.5217
2024-03-01 09:00:00,3.0000,3104.5350,2240.7750
2024-03-01 10:00:00,3.0000,3214.8250,2351.0650
2024-03-01 11:00:00,3.5000,3292.5956,2284.8756
2024-03-01 12:00:00,4.0000,3504.1445,2352.4645
2024-03-01 13:00:00,3.5000,3272.6286,2264.9086
2024-03-01 14:00:00,3.0000,2870.5047,2006.7447
2024-03-01 15:00:00,3.0000,2459.3264,1595.5664
2024-03-01 16:00:00,3.0000,1030.1967,166.4367
2024-03-01 17:00:00,5.0000,1439.6000,0.0000
2024-03-01 18:00:00,6.0000,1727.5200,0.0000
2024-03-01 19:00:00,7.0000,2015.4400,0.0000
2024-03-01 20:00:00,6.0000,1727.5200,0.0000
2024-03-01 21:00:00,5.0000,1439.6000,0.0000
2024-03-01 22:00:00,4.0000,1151.6800,0.0000
2024-03-01 23:00:00,3.0000,863.7600,0.0000
2024-03-02 00:00:00,2.0000,575.8400,0.0000
2024-03-02 01:00:00,2.0000,575.8400,0.0000
2024-03-02 02:00:00,2.0000,575.8400,0.0000
2024-03-02 03:00:00,2.0000,575.8400,0.0000
2024-03-02 04:00:00,2.0000,575.8400,0.0000
2024-03-02 05:00:00,2.0000,575.8400,0.0000
2024-03-02 06:00:00,5.0000,1565.3052,125.7052
2024-03-02 07:00:00,6.0000,3274.5175,1546.9975
2024-03-02 08:00:00,5.0000,3415.7164,1976.1164
2024-03-02 09:00:00,4.0000,3406.7664,2255.0864
2024-03-02 10:00:00,4.0000,3516.5760,2364.8960
2024-03-02 11:00:00,4.5000,3593.7019,2298.0619
2024-03-02 12:00:00,5.0000,3805.8251,2366.2251
2024-03-02 13:00:00,4.5000,3573.6474,2278.0074
2024-03-02 14:00:00,4.0000,3170.7473,2019.0673
2024-03-02 15:00:00,4.0000,2758.7313,1607.0513
2024-03-02 16:00:00,4.0000,1332.3401,180.6601
2024-03-02 17:00:00,6.0000,1727.5200,0.0000
2024-03-02 18:00:00,7.0000,2015.4400,0.0000
2024-03-02 19:00:00,7.5000,2159.4000,0.0000
2024-03-02 20:00:00,7.0000,2015.4400,0.0000
2024-03-02 21:00:00,6.0000,1727.5200,0.0000
2024-03-02 22:00:00,5.0000,1439.6000,0.0000
2024-03-02 23:00:00,4.0000,1151.6800,0.0000
2024-03-03 00:00:00,2.0000,575.8400,0.0000
2024-03-03 01:00:00,2.0000,575.8400,0.0000
2024-03-03 02:00:00,2.0000,575.8400,0.0000
2024-03-03 03:00:00,2.0000,575.8400,0.0000
2024-03-03 04:00:00,2.0000,575.8400,0.0000
2024-03-03 05:00:00,2.0000,575.8400,0.0000
2024-03-03 06:00:00,5.0000,1582.5919,142.9919
2024-03-03 07:00:00,6.0000,3289.2630,1561.7430
2024-03-03 08:00:00,5.0000,3430.3561,1990.7561
2024-03-03 09:00:00,4.0000,3421.0860,2269.4060
2024-03-03 10:00:00,4.0000,3530.3833,2378.7033
2024-03-03 11:00:00,4.5000,3606.8395,2311.1995
2024-03-03 12:00:00,5.0000,3819.5587,2379.9587
2024-03-03 13:00:00,4.5000,3586.6950,2291.0550
2024-03-03 14:00:00,4.0000,3183.0034,2031.3234
2024-03-03 15:00:00,4.0000,2770.1440,1618.4640
2024-03-03 16:00:00,4.0000,1346.5770,194.8970
2024-03-03 17:00:00,6.0000,1727.5200,0.0000
2024-03-03 18:00:00,7.0000,2015.4400,0.0000
2024-03-03 19:00:00,7.5000,2159.4000,0.0000
2024-03-03 20:00:00,7.0000,2015.4400,0.0000
2024-03-03 21:00:00,6.0000,1727.5200,0.0000
2024-03-03 22:00:00,5.0000,1439.6000,0.0000
2024-03-03 23:00:00,4.0000,1151.6800,0.0000
2024-03-04 00:00:00,2.0000,575.8400,0.0000
2024-03-04 01:00:00,2.0000,575.8400,0.0000
2024-03-04 02:00:00,2.0000,575.8400,0.0000
2024-03-04 03:00:00,2.0000,575.8400,0.0000
2024-03-04 04:00:00,2.0000,575.8400,0.0000
2024-03-04 05:00:00,2.0000,575.8400,0.0000
2024-03-04 06:00:00,5.0000,1600.0271,160.4271
2024-03-04 07:00:00,6.0000,3304.0840,1576.5640
2024-03-04 08:00:00,5.0000,3445.0326,2005.4326
2024-03-04 09:00:00,3.0000,3147.4864,2283.7264
2024-03-04 10:00:00,3.0000,3256.2402,2392.4802
2024-03-04 11:00:00,3.5000,3332.0025,2324.2825
2024-03-04 12:00:00,4.0000,3545.3385,2393.6585
2024-03-04 13:00:00,3.5000,3311.7657,2304.0457
2024-03-04 14:00:00,3.0000,2907.2682,2043.5082
2024-03-04 15:00:00,3.0000,2493.5611,1629.8011
2024-03-04 16:00:00,3.0000,1072.9042,209.1442
2024-03-04 17:00:00,5.0000,1439.6000,0.0000
2024-03-04 18:00:00,6.0000,1727.5200,0.0000
2024-03-04 19:00:00,7.0000,2015.4400,0.0000
2024-03-04 20:00:00,6.0000,1727.5200,0.0000
2024-03-04 21:00:00,5.0000,1439.6000,0.0000
2024-03-04 22:00:00,4.0000,1151.6800,0.0000
2024-03-04 23:00:00,3.0000,863.7600,0.0000
2024-03-05 00:00:00,2.0000,575.8400,0.0000
2024-03-05 01:00:00,2.0000,575.8400,0.0000
2024-03-05 02:00:00,2.0000,575.8400,0.0000
2024-03-05 03:00:00,2.0000,575.8400,0.0000
2024-03-05 04:00:00,2.0000,575.8400,0.0000
2024-03-05 05:00:00,2.0000,575.8400,0.0000
2024-03-05 06:00:00,5.0000,1617.6028,178.0028
2024-03-05 07:00:00,6.0000,3318.9719,1591.4519
2024-03-05 08:00:00,5.0000,3459.7377,2020.1377
2024-03-05 09:00:00,3.0000,3161.7998,2298.0398
2024-03-05 10:00:00,3.0000,3269.9797,2406.2197
2024-03-05 11:00:00,3.5000,3345.0251,2337.3051
2024-03-05 12:00:00,4.0000,3558.9977,2407.3177
2024-03-05 13:00:00,3.5000,3324.6938,2316.9738
2024-03-05 14:00:00,3.0000,2919.3773,2055.6173
2024-03-05 15:00:00,3.0000,2504.8193,1641.0593
2024-03-05 16:00:00,3.0000,1087.1583,223.3983
2024-03-05 17:00:00,5.0000,1439.6000,0.0000
2024-03-05 18:00:00,6.0000,1727.5200,0.0000
2024-03-05 19:00:00,7.0000,2015.4400,0.0000
2024-03-05 20:00:00,6.0000,1727.5200,0.0000
2024-03-05 21:00:00,5.0000,1439.6000,0.0000
2024-03-05 22:00:00,4.0000,1151.6800,0.0000
2024-03-05 23:00:00,3.0000,863.7600,0.0000
2024-03-06 00:00:00,2.0000,575.8400,0.0000
2024-03-06 01:00:00,2.0000,575.8400,0.0000
2024-03-06 02:00:00,2.0000,575.8400,0.0000
2024-03-06 03:00:00,2.0000,575.8400,0.0000
2024-03-06 04:00:00,2.0000,575.8400,0.0000
2024-03-06 05:00:00,2.0000,575.8400,0.0000
2024-03-06 06:00:00,5.0000,1635.3109,195.7109
2024-03-06 07:00:00,6.0000,3333.9183,1606.3983
2024-03-06 08:00:00,5.0000,3474.4633,2034.8633
2024-03-06 09:00:00,3.0000,3176.0987,2312.3387
2024-03-06 10:00:00,3.0000,3283.6752,2419.9152
2024-03-06 11:00:00,3.5000,3357.9816,2350.2616
2024-03-06 12:00:00,4.0000,3572.6098,2420.9298
2024-03-06 13:00:00,3.5000,3337.5536,2329.8336
2024-03-06 14:00:00,3.0000,2931.4063,2067.6463
2024-03-06 15:00:00,3.0000,2515.9954,1652.2354
2024-03-06 16:00:00,3.0000,1101.4163,237.6563
2024-03-06 17:00:00,5.0000,1439.6000,0.0000
2024-03-06 18:00:00,6.0000,1727.5200,0.0000
2024-03-06 19:00:00,7.0000,2015.4400,0.0000
2024-03-06 20:00:00,6.0000,1727.5200,0.0000
2024-03-06 21:00:00,5.0000,1439.6000,0.0000
2024-03-06 22:00:00,4.0000,1151.6800,0.0000
2024-03-06 23:00:00,3.0000,863.7600,0.0000
2024-03-07 00:00:00,2.0000,575.8400,0.0000
2024-03-07 01:00:00,2.0000,575.8400,0.0000
2024-03-07 02:00:00,2.0000,575.8400,0.0000
2024-03-07 03:00:00,2.0000,575.8400,0.0000
2024-03-07 04:00:00,2.0000,575.8400,0.0000
2024-03-07 05:00:00,2.0000,575.8400,0.0000
2024-03-07 06:00:00,5.0000,1653.1433,213.5433
2024-03-07 07:00:00,6.0000,3348.9148,1621.3948
2024-03-07 08:00:00,5.0000,3489.2012,2049.6012
2024-03-07 09:00:00,3.0000,3190.3756,2326.6156
2024-03-07 10:00:00,3.0000,3297.3201,2433.5601
2024-03-07 11:00:00,3.5000,3370.8665,2363.1465
2024-03-07 12:00:00,4.0000,3586.1682,2434.4882
2024-03-07 13:00:00,3.5000,3350.3400,2342.6200
2024-03-07 14:00:00,3.0000,2943.3511,2079.5911
2024-03-07 15:00:00,3.0000,2527.0865,1663.3265
2024-03-07 16:00:00,3.0000,1115.6748,251.9148
2024-03-07 17:00:00,5.0000,1439.6000,0.0000
2024-03-07 18:00:00,6.0000,1727.5200,0.0000
2024-03-07 19:00:00,7.0000,2015.4400,0.0000
2024-03-07 20:00:00,6.0000,1727.5200,0.0000
2024-03-07 21:00:00,5.0000,1439.6000,0.0000
2024-03-07 22:00:00,4.0000,1151.6800,0.0000
2024-03-07 23:00:00,3.0000,863.7600,0.0000
2024-03-08 00:00:00,2.0000,575.8400,0.0000
2024-03-08 01:00:00,2.0000,575.8400,0.0000
2024-03-08 02:00:00,2.0000,575.8400,0.0000
2024-03-08 03:00:00,2.0000,575.8400,0.0000
2024-03-08 04:00:00,2.0000,575.8400,0.0000
2024-03-08 05:00:00,2.0000,575.8400,0.0000
2024-03-08 06:00:00,5.0000,1671.0916,231.4916
2024-03-08 07:00:00,6.0000,3363.9528,1636.4328
2024-03-08 08:00:00,5.0000,3503.9433,2064.3433
2024-03-08 09:00:00,3.0000,3204.6231,2340.8631
2024-03-08 10:00:00,3.0000,3310.9078,2447.1478
2024-03-08 11:00:00,3.5000,3383.6744,2375.9544
2024-03-08 12:00:00,4.0000,3599.6666,2447.9866
2024-03-08 13:00:00,3.5000,3363.0474,2355.3274
2024-03-08 14:00:00,3.0000,2955.2075,2091.4475
2024-03-08 15:00:00,3.0000,2538.0898,1674.3298
2024-03-08 16:00:00,3.0000,1996.1601,1132.4001
2024-03-08 17:00:00,5.0000,1439.6000,0.0000
2024-03-08 18:00:00,6.0000,1727.5200,0.0000
2024-03-08 19:00:00,7.0000,2015.4400,0.0000
2024-03-08 20:00:00,6.0000,1727.5200,0.0000
2024-03-08 21:00:00,5.0000,1439.6000,0.0000
2024-03-08 22:00:00,4.0000,1151.6800,0.0000
2024-03-08 23:00:00,3.0000,863.7600,0.0000
2024-03-09 00:00:00,2.0000,575.8400,0.0000
2024-03-09 01:00:00,2.0000,575.8400,0.0000
2024-03-09 02:00:00,2.0000,575.8400,0.0000
2024-03-09 03:00:00,2.0000,575.8400,0.0000
2024-03-09 04:00:00,2.0000,575.8400,0.0000
2024-03-09 05:00:00,2.0000,575.8400,0.0000
2024-03-09 06:00:00,5.0000,1689.1474,249.5474
2024-03-09 07:00:00,6.0000,3379.0237,1651.5037
2024-03-09 08:00:00,5.0000,3518.6814,2079.0814
2024-03-09 09:00:00,4.0000,3506.7536,2355.0736
2024-03-09 10:00:00,4.0000,3612.3519,2460.6719
2024-03-09 11:00:00,4.5000,3684.3199,2388.6799
2024-03-09 12:00:00,5.0000,3901.0186,2461.4186
2024-03-09 13:00:00,4.5000,3663.5909,2367.9509
2024-03-09 14:00:00,4.0000,3254.8916,2103.2116
2024-03-09 15:00:00,4.0000,2836.9224,1685.2424
2024-03-09 16:00:00,4.0000,2294.2072,1142.5272
2024-03-09 17:00:00,6.0000,1727.5200,0.0000
2024-03-09 18:00:00,7.0000,2015.4400,0.0000
2024-03-09 19:00:00,7.5000,2159.4000,0.0000
2024-03-09 20:00:00,7.0000,2015.4400,0.0000
2024-03-09 21:00:00,6.0000,1727.5200,0.0000
2024-03-09 22:00:00,5.0000,1439.6000,0.0000
2024-03-09 23:00:00,4.0000,1151.6800,0.0000
2024-03-10 00:00:00,2.0000,575.8400,0.0000
2024-03-10 01:00:00,2.0000,575.8400,0.0000
2024-03-10 02:00:00,2.0000,575.8400,0.0000
2024-03-10 03:00:00,2.0000,575.8400,0.0000
2024-03-10 04:00:00,2.0000,575.8400,0.0000
2024-03-10 05:00:00,2.0000,575.8400,0.0000
2024-03-10 06:00:00,5.0000,2556.3276,1116.7276
2024-03-10 07:00:00,6.0000,3394.1189,1666.5989
2024-03-10 08:00:00,5.0000,3533.4075,2093.8075
2024-03-10 09:00:00,4.0000,3520.9200,2369.2400
2024-03-10 10:00:00,4.0000,3625.8061,2474.1261
2024-03-10 11:00:00,4.5000,3696.9579,2401.3179
2024-03-10 12:00:00,5.0000,3914.3782,2474.7782
2024-03-10 13:00:00,4.5000,3676.1253,2380.4853
2024-03-10 14:00:00,4.0000,3266.5597,2114.8797
2024-03-10 15:00:00,4.0000,2847.7420,1696.0620
2024-03-10 16:00:00,4.0000,2304.2537,1152.5737
2024-03-10 17:00:00,6.0000,1727.5200,0.0000
2024-03-10 18:00:00,7.0000,2015.4400,0.0000
2024-03-10 19:00:00,7.5000,2159.4000,0.0000
2024-03-10 20:00:00,7.0000,2015.4400,0.0000
2024-03-10 21:00:00,6.0000,1727.5200,0.0000
2024-03-10 22:00:00,5.0000,1439.6000,0.0000
2024-03-10 23:00:00,4.0000,1151.6800,0.0000
2024-03-11 00:00:00,2.0000,575.8400,0.0000
2024-03-11 01:00:00,2.0000,575.8400,0.0000
2024-03-11 02:00:00,2.0000,575.8400,0.0000
2024-03-11 03:00:00,2.0000,575.8400,0.0000
2024-03-11 04:00:00,2.0000,575.8400,0.0000
2024-03-11 05:00:00,2.0000,575.8400,0.0000
2024-03-11 06:00:00,5.0000,2571.6297,1132.0297
2024-03-11 07:00:00,6.0000,3409.2297,1681.7097
2024-03-11 08:00:00,5.0000,3548.1135,2108.5135
2024-03-11 09:00:00,3.0000,3247.1149,2383.3549
2024-03-11 10:00:00,3.0000,3351.2641,2487.5041
2024-03-11 11:00:00,3.5000,3421.5834,2413.8634
2024-03-11 12:00:00,4.0000,3639.7391,2488.0591
2024-03-11 13:00:00,3.5000,3400.6459,2392.9259
2024-03-11 14:00:00,3.0000,2990.2082,2126.4482
2024-03-11 15:00:00,3.0000,2570.5460,1706.7860
2024-03-11 16:00:00,3.0000,2026.2986,1162.5386
2024-03-11 17:00:00,5.0000,1439.6000,0.0000
2024-03-11 18:00:00,6.0000,1727.5200,0.0000
2024-03-11 19:00:00,7.0000,2015.4400,0.0000
2024-03-11 20:00:00,6.0000,1727.5200,0.0000
2024-03-11 21:00:00,5.0000,1439.6000,0.0000
2024-03-11 22:00:00,4.0000,1151.6800,0.0000
2024-03-11 23:00:00,3.0000,863.7600,0.0000
2024-03-12 00:00:00,2.0000,575.8400,0.0000
2024-03-12 01:00:00,2.0000,575.8400,0.0000
2024-03-12 02:00:00,2.0000,575.8400,0.0000
2024-03-12 03:00:00,2.0000,575.8400,0.0000
2024-03-12 04:00:00,2.0000,575.8400,0.0000
2024-03-12 05:00:00,2.0000,575.8400,0.0000
2024-03-12 06:00:00,5.0000,2586.9765,1147.3765
2024-03-12 07:00:00,6.0000,3424.3477,1696.8277
2024-03-12 08:00:00,5.0000,3562.7913,2123.1913
2024-03-12 09:00:00,3.0000,3261.1713,2397.4113
2024-03-12 10:00:00,3.0000,3364.5600,2500.8000
2024-03-12 11:00:00,3.5000,3434.0316,2426.3116
2024-03-12 12:00:00,4.0000,3652.9356,2501.2556
2024-03-12 13:00:00,3.5000,3412.9879,2405.2679
2024-03-12 14:00:00,3.0000,3001.6736,2137.9136
2024-03-12 15:00:00,3.0000,2581.1724,1717.4124
2024-03-12 16:00:00,3.0000,2036.1806,1172.4206
2024-03-12 17:00:00,5.0000,1439.6000,0.0000
2024-03-12 18:00:00,6.0000,1727.5200,0.0000
2024-03-12 19:00:00,7.0000,2015.4400,0.0000
2024-03-12 20:00:00,6.0000,1727.5200,0.0000
2024-03-12 21:00:00,5.0000,1439.6000,0.0000
2024-03-12 22:00:00,4.0000,1151.6800,0.0000
2024-03-12 23:00:00,3.0000,863.7600,0.0000
2024-03-13 00:00:00,2.0000,575.8400,0.0000
2024-03-13 01:00:00,2.0000,575.8400,0.0000
2024-03-13 02:00:00,2.0000,575.8400,0.0000
2024-03-13 03:00:00,2.0000,575.8400,0.0000
2024-03-13 04:00:00,2.0000,575.8400,0.0000
2024-03-13 05:00:00,2.0000,575.8400,0.0000
2024-03-13 06:00:00,5.0000,2602.3590,1162.7590
2024-03-13 07:00:00,6.0000,3439.4643,1711.9443
2024-03-13 08:00:00,5.0000,3577.4332,2137.8332
2024-03-13 09:00:00,3.0000,3275.1621,2411.4021
2024-03-13 10:00:00,3.0000,3377.7677,2514.0077
2024-03-13 11:00:00,3.5000,3446.3777,2438.6577
2024-03-13 12:00:00,4.0000,3666.0417,2514.3617
2024-03-13 13:00:00,3.5000,3425.2268,2417.5068
2024-03-13 14:00:00,3.0000,3013.0327,2149.2727
2024-03-13 15:00:00,3.0000,2591.6989,1727.9389
2024-03-13 16:00:00,3.0000,2045.9788,1182.2188
2024-03-13 17:00:00,5.0000,1439.6000,0.0000
2024-03-13 18:00:00,6.0000,1727.5200,0.0000
2024-03-13 19:00:00,7.0000,2015.4400,0.0000
2024-03-13 20:00:00,6.0000,1727.5200,0.0000
2024-03-13 21:00:00,5.0000,1439.6000,0.0000
2024-03-13 22:00:00,4.0000,1151.6800,0.0000
2024-03-13 23:00:00,3.0000,863.7600,0.0000
2024-03-14 00:00:00,2.0000,575.8400,0.0000
2024-03-14 01:00:00,2.0000,575.8400,0.0000
2024-03-14 02:00:00,2.0000,575.8400,0.0000
2024-03-14 03:00:00,2.0000,575.8400,0.0000
2024-03-14 04:00:00,2.0000,575.8400,0.0000
2024-03-14 05:00:00,2.0000,575.8400,0.0000
2024-03-14 06:00:00,5.0000,2617.7685,1178.1685
2024-03-14 07:00:00,6.0000,3454.5708,1727.0508
2024-03-14 08:00:00,5.0000,3592.0311,2152.4311
2024-03-14 09:00:00,3.0000,3289.0803,2425.3203
2024-03-14 10:00:00,3.0000,3390.8816,2527.1216
2024-03-14 11:00:00,3.5000,3458.6172,2450.8972
2024-03-14 12:00:00,4.0000,3679.0520,2527.3720
2024-03-14 13:00:00,3.5000,3437.3582,2429.6382
2024-03-14 14:00:00,3.0000,3024.2822,2160.5222
2024-03-14 15:00:00,3.0000,2602.1238,1738.3638
2024-03-14 16:00:00,3.0000,2055.6923,1191.9323
2024-03-14 17:00:00,5.0000,1439.6000,0.0000
2024-03-14 18:00:00,6.0000,1727.5200,0.0000
2024-03-14 19:00:00,7.0000,2015.4400,0.0000
2024-03-14 20:00:00,6.0000,1727.5200,0.0000
2024-03-14 21:00:00,5.0000,1439.6000,0.0000
2024-03-14 22:00:00,4.0000,1151.6800,0.0000
2024-03-14 23:00:00,3.0000,863.7600,0.0000
2024-03-15 00:00:00,2.0000,575.8400,0.0000
2024-03-15 01:00:00,2.0000,575.8400,0.0000
2024-03-15 02:00:00,2.0000,575.8400,0.0000
2024-03-15 03:00:00,2.0000,575.8400,0.0000
2024-03-15 04:00:00,2.0000,575.8400,0.0000
2024-03-15 05:00:00,2.0000,575.8400,0.0000
2024-03-15 06:00:00,5.0000,2633.1958,1193.5958
2024-03-15 07:00:00,6.0000,3469.6589,1742.1389
2024-03-15 08:00:00,5.0000,3606.5774,2166.9774
2024-03-15 09:00:00,3.0000,3302.9193,2439.1593
2024-03-15 10:00:00,3.0000,3403.8959,2540.1359
2024-03-15 11:00:00,3.5000,3470.7457,2463.0257
2024-03-15 12:00:00,4.0000,3691.9607,2540.2807
2024-03-15 13:00:00,3.5000,3449.3779,2441.6579
2024-03-15 14:00:00,3.0000,3035.4194,2171.6594
2024-03-15 15:00:00,3.0000,2612.4452,1748.6852
2024-03-15 16:00:00,3.0000,2065.3203,1201.5603
2024-03-15 17:00:00,5.0000,1439.6000,0.0000
2024-03-15 18:00:00,6.0000,1727.5200,0.0000
2024-03-15 19:00:00,7.0000,2015.4400,0.0000
2024-03-15 20:00:00,6.0000,1727.5200,0.0000
2024-03-15 21:00:00,5.0000,1439.6000,0.0000
2024-03-15 22:00:00,4.0000,1151.6800,0.0000
2024-03-15 23:00:00,3.0000,863.7600,0.0000
2024-03-16 00:00:00,2.0000,575.8400,0.0000
2024-03-16 01:00:00,2.0000,575.8400,0.0000
2024-03-16 02:00:00,2.0000,575.8400,0.0000
2024-03-16 03:00:00,2.0000,575.8400,0.0000
2024-03-16 04:00:00,2.0000,575.8400,0.0000
2024-03-16 05:00:00,2.0000,575.8400,0.0000
2024-03-16 06:00:00,5.0000,2648.6321,1209.0321
2024-03-16 07:00:00,6.0000,3484.7199,1757.1999
2024-03-16 08:00:00,5.0000,3621.0643,2181.4643
2024-03-16 09:00:00,4.0000,3604.5922,2452.9122
2024-03-16 10:00:00,4.0000,3704.7251,2553.0451
2024-03-16 11:00:00,4.5000,3770.6790,2475.0390
2024-03-16 12:00:00,5.0000,3992.6828,2553.0828
2024-03-16 13:00:00,4.5000,3749.2017,2453.5617
2024-03-16 14:00:00,4.0000,3334.3613,2182.6813
2024-03-16 15:00:00,4.0000,2910.5815,1758.9015
2024-03-16 16:00:00,4.0000,2362.7823,1211.1023
2024-03-16 17:00:00,6.0000,1727.5200,0.0000
2024-03-16 18:00:00,7.0000,2015.4400,0.0000
2024-03-16 19:00:00,7.5000,2159.4000,0.0000
2024-03-16 20:00:00,7.0000,2015.4400,0.0000
2024-03-16 21:00:00,6.0000,1727.5200,0.0000
2024-03-16 22:00:00,5.0000,1439.6000,0.0000
2024-03-16 23:00:00,4.0000,1151.6800,0.0000
2024-03-17 00:00:00,2.0000,575.8400,0.0000
2024-03-17 01:00:00,2.0000,575.8400,0.0000
2024-03-17 02:00:00,2.0000,575.8400,0.0000
2024-03-17 03:00:00,2.0000,575.8400,0.0000
2024-03-17 04:00:00,2.0000,575.8400,0.0000
2024-03-17 05:00:00,2.0000,575.8400,0.0000
2024-03-17 06:00:00,5.0000,2664.0684,1224.4684
2024-03-17 07:00:00,6.0000,3499.7456,1772.2256
2024-03-17 08:00:00,5.0000,3635.4842,2195.8842
2024-03-17 09:00:00,4.0000,3618.2527,2466.5727
2024-03-17 10:00:00,4.0000,3717.5240,2565.8440
2024-03-17 11:00:00,4.5000,3783.6624,2488.0224
2024-03-17 12:00:00,5.0000,4005.3728,2565.7728
2024-03-17 13:00:00,4.5000,3760.9859,2465.3459
2024-03-17 14:00:00,4.0000,3345.2653,2193.5853
2024-03-17 15:00:00,4.0000,2920.6913,1769.0113
2024-03-17 16:00:00,4.0000,2372.2379,1220.5579
2024-03-17 17:00:00,6.0000,1727.5200,0.0000
2024-03-17 18:00:00,7.0000,2015.4400,0.0000
2024-03-17 19:00:00,7.5000,2159.4000,0.0000
2024-03-17 20:00:00,7.0000,2015.4400,0.0000
2024-03-17 21:00:00,6.0000,1727.5200,0.0000
2024-03-17 22:00:00,5.0000,1439.6000,0.0000
2024-03-17 23:00:00,4.0000,1151.6800,0.0000
2024-03-18 00:00:00,2.0000,575.8400,0.0000
2024-03-18 01:00:00,2.0000,575.8400,0.0000
2024-03-18 02:00:00,2.0000,575.8400,0.0000
2024-03-18 03:00:00,2.0000,575.8400,0.0000
2024-03-18 04:00:00,2.0000,575.8400,0.0000
2024-03-18 05:00:00,2.0000,575.8400,0.0000
2024-03-18 06:00:00,5.0000,2679.4959,1239.8959
2024-03-18 07:00:00,6.0000,3514.7275,1787.2075
2024-03-18 08:00:00,5.0000,3649.8297,2210.2297
2024-03-18 09:00:00,3.0000,3343.8941,2480.1341
2024-03-18 10:00:00,3.0000,3442.2873,2578.5273
2024-03-18 11:00:00,3.5000,3509.2011,2501.4811
2024-03-18 12:00:00,4.0000,3730.0260,2578.3460
2024-03-18 13:00:00,3.5000,3484.7266,2477.0066
2024-03-18 14:00:00,3.0000,3068.1291,2204.3691
2024-03-18 15:00:00,3.0000,2642.7733,1779.0133
2024-03-18 16:00:00,3.0000,2093.6865,1229.9265
2024-03-18 17:00:00,5.0000,1439.6000,0.0000
2024-03-18 18:00:00,6.0000,1727.5200,0.0000
2024-03-18 19:00:00,7.0000,2015.4400,0.0000
2024-03-18 20:00:00,6.0000,1727.5200,0.0000
2024-03-18 21:00:00,5.0000,1439.6000,0.0000
2024-03-18 22:00:00,4.0000,1151.6800,0.0000
2024-03-18 23:00:00,3.0000,863.7600,0.0000
2024-03-19 00:00:00,2.0000,575.8400,0.0000
2024-03-19 01:00:00,2.0000,575.8400,0.0000
2024-03-19 02:00:00,2.0000,575.8400,0.0000
2024-03-19 03:00:00,2.0000,575.8400,0.0000
2024-03-19 04:00:00,2.0000,575.8400,0.0000
2024-03-19 05:00:00,2.0000,575.8400,0.0000
2024-03-19 06:00:00,5.0000,2694.9056,1255.3056
2024-03-19 07:00:00,6.0000,3529.6575,1802.1375
2024-03-19 08:00:00,5.0000,3664.0934,2224.4934
2024-03-19 09:00:00,3.0000,3357.3504,2493.5904
2024-03-19 10:00:00,3.0000,3454.8501,2591.0901
2024-03-19 11:00:00,3.5000,3522.5523,2514.8323
2024-03-19 12:00:00,4.0000,3742.4773,2590.7973
2024-03-19 13:00:00,3.5000,3496.2604,2488.5404
2024-03-19 14:00:00,3.0000,3078.7904,2215.0304
2024-03-19 15:00:00,3.0000,2652.6664,1788.9064
2024-03-19 16:00:00,3.0000,2102.9681,1239.2081
2024-03-19 17:00:00,5.0000,1439.6000,0.0000
2024-03-19 18:00:00,6.0000,1727.5200,0.0000
2024-03-19 19:00:00,7.0000,2015.4400,0.0000
2024-03-19 20:00:00,6.0000,1727.5200,0.0000
2024-03-19 21:00:00,5.0000,1439.6000,0.0000
2024-03-19 22:00:00,4.0000,1151.6800,0.0000
2024-03-19 23:00:00,3.0000,863.7600,0.0000
2024-03-20 00:00:00,2.0000,575.8400,0.0000
2024-03-20 01:00:00,2.0000,575.8400,0.0000
2024-03-20 02:00:00,2.0000,575.8400,0.0000
2024-03-20 03:00:00,2.0000,575.8400,0.0000
2024-03-20 04:00:00,2.0000,575.8400,0.0000
2024-03-20 05:00:00,2.0000,575.8400,0.0000
2024-03-20 06:00:00,5.0000,2710.2888,1270.6888
2024-03-20 07:00:00,6.0000,3544.5273,1817.0073
2024-03-20 08:00:00,5.0000,3678.2680,2238.6680
2024-03-20 09:00:00,3.0000,3370.6954,2506.9354
2024-03-20 10:00:00,3.0000,3467.2875,2603.5275
2024-03-20 11:00:00,3.5000,3535.7900,2528.0700
2024-03-20 12:00:00,4.0000,3754.8021,2603.1221
2024-03-20 13:00:00,3.5000,3507.6639,2499.9439
2024-03-20 14:00:00,3.0000,3089.3269,2225.5669
2024-03-20 15:00:00,3.0000,2662.4494,1798.6894
2024-03-20 16:00:00,3.0000,2112.1624,1248.4024
2024-03-20 17:00:00,5.0000,1439.6000,0.0000
2024-03-20 18:00:00,6.0000,1727.5200,0.0000
2024-03-20 19:00:00,7.0000,2015.4400,0.0000
2024-03-20 20:00:00,6.0000,1727.5200,0.0000
2024-03-20 21:00:00,5.0000,1439.6000,0.0000
2024-03-20 22:00:00,4.0000,1151.6800,0.0000
2024-03-20 23:00:00,3.0000,863.7600,0.0000
2024-03-21 00:00:00,2.0000,575.8400,0.0000
2024-03-21 01:00:00,2.0000,575.8400,0.0000
2024-03-21 02:00:00,2.0000,575.8400,0.0000
2024-03-21 03:00:00,2.0000,575.8400,0.0000
2024-03-21 04:00:00,2.0000,575.8400,0.0000
2024-03-21 05:00:00,2.0000,586.9467,11.1067
2024-03-21 06:00:00,5.0000,2725.6365,1286.0365
2024-03-21 07:00:00,6.0000,3559.3289,1831.8089
2024-03-21 08:00:00,5.0000,3692.3465,2252.7465
2024-03-21 09:00:00,3.0000,3383.9232,2520.1632
2024-03-21 10:00:00,3.0000,3479.5949,2615.8349
2024-03-21 11:00:00,3.5000,3548.9085,2541.1885
2024-03-21 12:00:00,4.0000,3766.9959,2615.3159
2024-03-21 13:00:00,3.5000,3518.9339,2511.2139
2024-03-21 14:00:00,3.0000,3099.7369,2235.9769
2024-03-21 15:00:00,3.0000,2672.1216,1808.3616
2024-03-21 16:00:00,3.0000,2121.2696,1257.5096
2024-03-21 17:00:00,5.0000,1439.6000,0.0000
2024-03-21 18:00:00,6.0000,1727.5200,0.0000
2024-03-21 19:00:00,7.0000,2015.4400,0.0000
2024-03-21 20:00:00,6.0000,1727.5200,0.0000
2024-03-21 21:00:00,5.0000,1439.6000,0.0000
2024-03-21 22:00:00,4.0000,1151.6800,0.0000
2024-03-21 23:00:00,3.0000,863.7600,0.0000
2024-03-22 00:00:00,2.0000,575.8400,0.0000
2024-03-22 01:00:00,2.0000,575.8400,0.0000
2024-03-22 02:00:00,2.0000,575.8400,0.0000
2024-03-22 03:00:00,2.0000,575.8400,0.0000
2024-03-22 04:00:00,2.0000,575.8400,0.0000
2024-03-22 05:00:00,2.0000,605.7009,29.8609
2024-03-22 06:00:00,5.0000,2740.9402,1301.3402
2024-03-22 07:00:00,6.0000,3574.0543,1846.5343
2024-03-22 08:00:00,5.0000,3706.3219,2266.7219
2024-03-22 09:00:00,3.0000,3397.0280,2533.2680
2024-03-22 10:00:00,3.0000,3491.7678,2628.0078
2024-03-22 11:00:00,3.5000,3561.9021,2554.1821
2024-03-22 12:00:00,4.0000,3779.0545,2627.3745
2024-03-22 13:00:00,3.5000,3530.0675,2522.3475
2024-03-22 14:00:00,3.0000,3110.0184,2246.2584
2024-03-22 15:00:00,3.0000,2681.6823,1817.9223
2024-03-22 16:00:00,3.0000,2130.2896,1266.5296
2024-03-22 17:00:00,5.0000,1442.3546,2.7546
2024-03-22 18:00:00,6.0000,1727.5200,0.0000
2024-03-22 19:00:00,7.0000,2015.4400,0.0000
2024-03-22 20:00:00,6.0000,1727.5200,0.0000
2024-03-22 21:00:00,5.0000,1439.6000,0.0000
2024-03-22 22:00:00,4.0000,1151.6800,0.0000
2024-03-22 23:00:00,3.0000,863.7600,0.0000
2024-03-23 00:00:00,2.0000,575.8400,0.0000
2024-03-23 01:00:00,2.0000,575.8400,0.0000
2024-03-23 02:00:00,2.0000,575.8400,0.0000
2024-03-23 03:00:00,2.0000,575.8400,0.0000
2024-03-23 04:00:00,2.0000,575.8400,0.0000
2024-03-23 05:00:00,2.0000,624.4629,48.6229
2024-03-23 06:00:00,5.0000,2756.1913,1316.5913
2024-03-23 07:00:00,6.0000,3588.6958,1861.1758
2024-03-23 08:00:00,5.0000,3720.1875,2280.5875
2024-03-23 09:00:00,4.0000,3697.9242,2546.2442
2024-03-23 10:00:00,4.0000,3791.7219,2640.0419
2024-03-23 11:00:00,4.5000,3862.6855,2567.0455
2024-03-23 12:00:00,5.0000,4078.8937,2639.2937
2024-03-23 13:00:00,4.5000,3828.9817,2533.3417
2024-03-23 14:00:00,4.0000,3408.0899,2256.4099
2024-03-23 15:00:00,4.0000,2979.0509,1827.3709
2024-03-23 16:00:00,4.0000,2427.1428,1275.4628
2024-03-23 17:00:00,6.0000,1744.1169,16.5969
2024-03-23 18:00:00,7.0000,2015.4400,0.0000
2024-03-23 19:00:00,7.5000,2159.4000,0.0000
2024-03-23 20:00:00,7.0000,2015.4400,0.0000
2024-03-23 21:00:00,6.0000,1727.5200,0.0000
2024-03-23 22:00:00,5.0000,1439.6000,0.0000
2024-03-23 23:00:00,4.0000,1151.6800,0.0000
2024-03-24 00:00:00,2.0000,575.8400,0.0000
2024-03-24 01:00:00,2.0000,575.8400,0.0000
2024-03-24 02:00:00,2.0000,575.8400,0.0000
2024-03-24 03:00:00,2.0000,575.8400,0.0000
2024-03-24 04:00:00,2.0000,575.8400,0.0000
2024-03-24 05:00:00,2.0000,643.2234,67.3834
2024-03-24 06:00:00,5.0000,2771.3810,1331.7810
2024-03-24 07:00:00,6.0000,3603.2454,1875.7254
2024-03-24 08:00:00,5.0000,3733.9365,2294.3365
2024-03-24 09:00:00,4.0000,3710.7665,2559.0865
2024-03-24 10:00:00,4.0000,3803.6132,2651.9332
2024-03-24 11:00:00,4.5000,3875.4133,2579.7733
2024-03-24 12:00:00,5.0000,4090.6696,2651.0696
2024-03-24 13:00:00,4.5000,3839.8340,2544.1940
2024-03-24 14:00:00,4.0000,3418.1100,2266.4300
2024-03-24 15:00:00,4.0000,2988.3868,1836.7068
2024-03-24 16:00:00,4.0000,2435.9893,1284.3093
2024-03-24 17:00:00,6.0000,1757.9381,30.4181
2024-03-24 18:00:00,7.0000,2015.4400,0.0000
2024-03-24 19:00:00,7.5000,2159.4000,0.0000
2024-03-24 20:00:00,7.0000,2015.4400,0.0000
2024-03-24 21:00:00,6.0000,1727.5200,0.0000
2024-03-24 22:00:00,5.0000,1439.6000,0.0000
2024-03-24 23:00:00,4.0000,1151.6800,0.0000
2024-03-25 00:00:00,2.0000,575.8400,0.0000
2024-03-25 01:00:00,2.0000,575.8400,0.0000
2024-03-25 02:00:00,2.0000,575.8400,0.0000
2024-03-25 03:00:00,2.0000,575.8400,0.0000
2024-03-25 04:00:00,2.0000,575.8400,0.0000
2024-03-25 05:00:00,2.0000,661.9734,86.1334
2024-03-25 06:00:00,5.0000,2786.5012,1346.9012
2024-03-25 07:00:00,6.0000,3617.6958,1890.1758
2024-03-25 08:00:00,5.0000,3747.5625,2307.9625
2024-03-25 09:00:00,3.0000,3435.5495,2571.7895
2024-03-25 10:00:00,3.0000,3527.4376,2663.6776
2024-03-25 11:00:00,3.5000,3600.0805,2592.3605
2024-03-25 12:00:00,4.0000,3814.3783,2662.6983
2024-03-25 13:00:00,3.5000,3562.6219,2554.9019
2024-03-25 14:00:00,3.0000,3140.0774,2276.3174
2024-03-25 15:00:00,3.0000,2709.6899,1845.9299
2024-03-25 16:00:00,3.0000,2156.8297,1293.0697
2024-03-25 17:00:00,5.0000,1483.8159,44.2159
2024-03-25 18:00:00,6.0000,1727.5200,0.0000
2024-03-25 19:00:00,7.0000,2015.4400,0.0000
2024-03-25 20:00:00,6.0000,1727.5200,0.0000
2024-03-25 21:00:00,5.0000,1439.6000,0.0000
2024-03-25 22:00:00,4.0000,1151.6800,0.0000
2024-03-25 23:00:00,3.0000,863.7600,0.0000
2024-03-26 00:00:00,2.0000,575.8400,0.0000
2024-03-26 01:00:00,2.0000,575.8400,0.0000
2024-03-26 02:00:00,2.0000,575.8400,0.0000
2024-03-26 03:00:00,2.0000,575.8400,0.0000
2024-03-26 04:00:00,2.0000,575.8400,0.0000
2024-03-26 05:00:00,2.0000,680.7040,104.8640
2024-03-26 06:00:00,5.0000,2801.5432,1361.9432
2024-03-26 07:00:00,6.0000,3632.0395,1904.5195
2024-03-26 08:00:00,5.0000,3761.0591,2321.4591
2024-03-26 09:00:00,3.0000,3448.1083,2584.3483
2024-03-26 10:00:00,3.0000,3539.0316,2675.2716
2024-03-26 11:00:00,3.5000,3612.5223,2604.8023
2024-03-26 12:00:00,4.0000,3825.8565,2674.1765
2024-03-26 13:00:00,3.5000,3573.1832,2565.4632
2024-03-26 14:00:00,3.0000,3149.8310,2286.0710
2024-03-26 15:00:00,3.0000,2718.8000,1855.0400
2024-03-26 16:00:00,3.0000,2165.5043,1301.7443
2024-03-26 17:00:00,5.0000,1497.5882,57.9882
2024-03-26 18:00:00,6.0000,1727.5200,0.0000
2024-03-26 19:00:00,7.0000,2015.4400,0.0000
2024-03-26 20:00:00,6.0000,1727.5200,0.0000
2024-03-26 21:00:00,5.0000,1439.6000,0.0000
2024-03-26 22:00:00,4.0000,1151.6800,0.0000
2024-03-26 23:00:00,3.0000,863.7600,0.0000
2024-03-27 00:00:00,2.0000,575.8400,0.0000
2024-03-27 01:00:00,2.0000,575.8400,0.0000
2024-03-27 02:00:00,2.0000,575.8400,0.0000
2024-03-27 03:00:00,2.0000,575.8400,0.0000
2024-03-27 04:00:00,2.0000,575.8400,0.0000
2024-03-27 05:00:00,2.0000,699.4059,123.5659
2024-03-27 06:00:00,5.0000,2816.4991,1376.8991
2024-03-27 07:00:00,6.0000,3646.2692,1918.7492
2024-03-27 08:00:00,5.0000,3774.4204,2334.8204
2024-03-27 09:00:00,3.0000,3460.5181,2596.7581
2024-03-27 10:00:00,3.0000,3550.4716,2686.7116
2024-03-27 11:00:00,3.5000,3624.8139,2617.0939
2024-03-27 12:00:00,4.0000,3837.1807,2685.5007
2024-03-27 13:00:00,3.5000,3583.5957,2575.8757
2024-03-27 14:00:00,3.0000,3159.4497,2295.6897
2024-03-27 15:00:00,3.0000,2727.7969,1864.0369
2024-03-27 16:00:00,3.0000,2174.0938,1310.3338
2024-03-27 17:00:00,5.0000,1511.3328,71.7328
2024-03-27 18:00:00,6.0000,1727.5200,0.0000
2024-03-27 19:00:00,7.0000,2015.4400,0.0000
2024-03-27 20:00:00,6.0000,1727.5200,0.0000
2024-03-27 21:00:00,5.0000,1439.6000,0.0000
2024-03-27 22:00:00,4.0000,1151.6800,0.0000
2024-03-27 23:00:00,3.0000,863.7600,0.0000
2024-03-28 00:00:00,2.0000,575.8400,0.0000
2024-03-28 01:00:00,2.0000,575.8400,0.0000
2024-03-28 02:00:00,2.0000,575.8400,0.0000
2024-03-28 03:00:00,2.0000,575.8400,0.0000
2024-03-28 04:00:00,2.0000,575.8400,0.0000
2024-03-28 05:00:00,2.0000,718.0704,142.2304
2024-03-28 06:00:00,5.0000,2831.3607,1391.7607
2024-03-28 07:00:00,6.0000,3660.3778,1932.8578
2024-03-28 08:00:00,5.0000,3787.6402,2348.0402
2024-03-28 09:00:00,3.0000,3472.7741,2609.0141
2024-03-28 10:00:00,3.0000,3561.7543,2697.9943
2024-03-28 11:00:00,3.5000,3636.9509,2629.2309
2024-03-28 12:00:00,4.0000,3848.3477,2696.6677
2024-03-28 13:00:00,3.5000,3593.8576,2586.1376
2024-03-28 14:00:00,3.0000,3168.9329,2305.1729
2024-03-28 15:00:00,3.0000,2736.6808,1872.9208
2024-03-28 16:00:00,3.0000,2182.5988,1318.8388
2024-03-28 17:00:00,5.0000,1525.0475,85.4475
2024-03-28 18:00:00,6.0000,1727.5200,0.0000
2024-03-28 19:00:00,7.0000,2015.4400,0.0000
2024-03-28 20:00:00,6.0000,1727.5200,0.0000
2024-03-28 21:00:00,5.0000,1439.6000,0.0000
2024-03-28 22:00:00,4.0000,1151.6800,0.0000
2024-03-28 23:00:00,3.0000,863.7600,0.0000
2024-03-29 00:00:00,2.0000,575.8400,0.0000
2024-03-29 01:00:00,2.0000,575.8400,0.0000
2024-03-29 02:00:00,2.0000,575.8400,0.0000
2024-03-29 03:00:00,2.0000,575.8400,0.0000
2024-03-29 04:00:00,2.0000,575.8400,0.0000
2024-03-29 05:00:00,2.0000,736.6883,160.8483
2024-03-29 06:00:00,5.0000,2846.1199,1406.5199
2024-03-29 07:00:00,6.0000,3674.3583,1946.8383
2024-03-29 08:00:00,5.0000,3800.7130,2361.1130
2024-03-29 09:00:00,3.0000,3484.8720,2621.1120
2024-03-29 10:00:00,3.0000,3572.8766,2709.1166
2024-03-29 11:00:00,3.5000,3648.9290,2641.2090
2024-03-29 12:00:00,4.0000,3859.3547,2707.6747
2024-03-29 13:00:00,3.5000,3603.9671,2596.2471
2024-03-29 14:00:00,3.0000,3178.2798,2314.5198
2024-03-29 15:00:00,3.0000,2745.4519,1881.6919
2024-03-29 16:00:00,3.0000,2191.0200,1327.2600
2024-03-29 17:00:00,5.0000,1538.7301,99.1301
2024-03-29 18:00:00,6.0000,1727.5200,0.0000
2024-03-29 19:00:00,7.0000,2015.4400,0.0000
2024-03-29 20:00:00,6.0000,1727.5200,0.0000
2024-03-29 21:00:00,5.0000,1439.6000,0.0000
2024-03-29 22:00:00,4.0000,1151.6800,0.0000
2024-03-29 23:00:00,3.0000,863.7600,0.0000
2024-03-30 00:00:00,2.0000,575.8400,0.0000
2024-03-30 01:00:00,2.0000,575.8400,0.0000
2024-03-30 02:00:00,2.0000,575.8400,0.0000
2024-03-30 03:00:00,2.0000,575.8400,0.0000
2024-03-30 04:00:00,2.0000,575.8400,0.0000
2024-03-30 05:00:00,2.0000,755.2510,179.4110
2024-03-30 06:00:00,5.0000,2860.7692,1421.1692
2024-03-30 07:00:00,6.0000,3688.2040,1960.6840
2024-03-30 08:00:00,5.0000,3813.6331,2374.0331
2024-03-30 09:00:00,4.0000,3784.7275,2633.0475
2024-03-30 10:00:00,4.0000,3871.7556,2720.0756
2024-03-30 11:00:00,4.5000,3948.6641,2653.0241
2024-03-30 12:00:00,5.0000,4158.1189,2718.5189
2024-03-30 13:00:00,4.5000,3901.8428,2606.2028
2024-03-30 14:00:00,4.0000,3475.4099,2323.7299
2024-03-30 15:00:00,4.0000,3042.0304,1890.3504
2024-03-30 16:00:00,4.0000,2487.2782,1335.5982
2024-03-30 17:00:00,6.0000,1840.2985,112.7785
2024-03-30 18:00:00,7.0000,2015.4400,0.0000
2024-03-30 19:00:00,7.5000,2159.4000,0.0000
2024-03-30 20:00:00,7.0000,2015.4400,0.0000
2024-03-30 21:00:00,6.0000,1727.5200,0.0000
2024-03-30 22:00:00,5.0000,1439.6000,0.0000
2024-03-30 23:00:00,4.0000,1151.6800,0.0000
2024-03-31 00:00:00,2.0000,575.8400,0.0000
2024-03-31 01:00:00,2.0000,575.8400,0.0000
2024-03-31 02:00:00,2.0000,575.8400,0.0000
2024-03-31 03:00:00,2.0000,575.8400,0.0000
2024-03-31 04:00:00,2.0000,575.8400,0.0000
2024-03-31 05:00:00,2.0000,773.7494,197.9094
2024-03-31 06:00:00,5.0000,2875.3008,1435.7008
2024-03-31 07:00:00,6.0000,3701.9084,1974.3884
2024-03-31 08:00:00,5.0000,3826.3953,2386.7953
2024-03-31 09:00:00,4.0000,3796.4966,2644.8166
2024-03-31 10:00:00,4.0000,3882.5485,2730.8685
2024-03-31 11:00:00,4.5000,3960.3124,2664.6724
2024-03-31 12:00:00,5.0000,4168.7977,2729.1977
2024-03-31 13:00:00,4.5000,3911.6432,2616.0032
2024-03-31 14:00:00,4.0000,3484.4830,2332.8030
2024-03-31 15:00:00,4.0000,3050.5767,1898.8967
2024-03-31 16:00:00,4.0000,2495.5343,1343.8543
2024-03-31 17:00:00,6.0000,1853.9103,126.3903
2024-03-31 18:00:00,7.0000,2015.4400,0.0000
2024-03-31 19:00:00,7.5000,2159.4000,0.0000
2024-03-31 20:00:00,7.0000,2015.4400,0.0000
2024-03-31 21:00:00,6.0000,1727.5200,0.0000
2024-03-31 22:00:00,5.0000,1439.6000,0.0000
2024-03-31 23:00:00,4.0000,1151.6800,0.0000
2024-04-01 00:00:00,2.0000,575.8400,0.0000
2024-04-01 01:00:00,2.0000,575.8400,0.0000
2024-04-01 02:00:00,2.0000,575.8400,0.0000
2024-04-01 03:00:00,2.0000,575.8400,0.0000
2024-04-01 04:00:00,2.0000,575.8400,0.0000
2024-04-01 05:00:00,2.0000,825.4168,249.5768
2024-04-01 06:00:00,5.0000,3296.0650,1856.4650
2024-04-01 07:00:00,6.0000,4231.3660,2503.8460
2024-04-01 08:00:00,5.0000,4429.9545,2990.3545
2024-04-01 09:00:00,3.0000,4146.5956,3282.8356
2024-04-01 10:00:00,3.0000,4225.1172,3361.3572
2024-04-01 11:00:00,3.5000,4266.2713,3258.5513
2024-04-01 12:00:00,4.0000,4515.2328,3363.5528
2024-04-01 13:00:00,3.5000,4256.8142,3249.0942
2024-04-01 14:00:00,3.0000,3786.7355,2922.9755
2024-04-01 15:00:00,3.0000,3271.1813,2407.4213
2024-04-01 16:00:00,3.0000,2601.3257,1737.5657
2024-04-01 17:00:00,5.0000,1601.0701,161.4701
2024-04-01 18:00:00,6.0000,1727.5200,0.0000
2024-04-01 19:00:00,7.0000,2015.4400,0.0000
2024-04-01 20:00:00,6.0000,1727.5200,0.0000
2024-04-01 21:00:00,5.0000,1439.6000,0.0000
2024-04-01 22:00:00,4.0000,1151.6800,0.0000
2024-04-01 23:00:00,3.0000,863.7600,0.0000
2024-04-02 00:00:00,2.0000,575.8400,0.0000
2024-04-02 01:00:00,2.0000,575.8400,0.0000
2024-04-02 02:00:00,2.0000,575.8400,0.0000
2024-04-02 03:00:00,2.0000,575.8400,0.0000
2024-04-02 04:00:00,2.0000,575.8400,0.0000
2024-04-02 05:00:00,2.0000,846.5796,270.7396
2024-04-02 06:00:00,5.0000,3311.6526,1872.0526
2024-04-02 07:00:00,6.0000,4245.8587,2518.3387
2024-04-02 08:00:00,5.0000,4443.2378,3003.6378
2024-04-02 09:00:00,3.0000,4158.6375,3294.8775
2024-04-02 10:00:00,3.0000,4235.9704,3372.2104
2024-04-02 11:00:00,3.5000,4278.4624,3270.7424
2024-04-02 12:00:00,4.0000,4526.2243,3374.5443
2024-04-02 13:00:00,3.5000,4266.7303,3259.0103
2024-04-02 14:00:00,3.0000,3795.7737,2932.0137
2024-04-02 15:00:00,3.0000,3279.5988,2415.8388
2024-04-02 16:00:00,3.0000,2609.4220,1745.6620
2024-04-02 17:00:00,5.0000,1616.6818,177.0818
2024-04-02 18:00:00,6.0000,1727.5200,0.0000
2024-04-02 19:00:00,7.0000,2015.4400,0.0000
2024-04-02 20:00:00,6.0000,1727.5200,0.0000
2024-04-02 21:00:00,5.0000,1439.6000,0.0000
2024-04-02 22:00:00,4.0000,1151.6800,0.0000
2024-04-02 23:00:00,3.0000,863.7600,0.0000
2024-04-03 00:00:00,2.0000,575.8400,0.0000
2024-04-03 01:00:00,2.0000,575.8400,0.0000
2024-04-03 02:00:00,2.0000,575.8400,0.0000
2024-04-03 03:00:00,2.0000,575.8400,0.0000
2024-04-03 04:00:00,2.0000,575.8400,0.0000
2024-04-03 05:00:00,2.0000,867.6385,291.7985
2024-04-03 06:00:00,5.0000,3327.0724,1887.4724
2024-04-03 07:00:00,6.0000,4260.1596,2532.6396
2024-04-03 08:00:00,5.0000,4456.3147,3016.7147
2024-04-03 09:00:00,3.0000,4170.4688,3306.7088
2024-04-03 10:00:00,3.0000,4246.6194,3382.8594
2024-04-03 11:00:00,3.5000,4290.4427,3282.7227
2024-04-03 12:00:00,4.0000,4537.0103,3385.3303
2024-04-03 13:00:00,3.5000,4276.4564,3268.7364
2024-04-03 14:00:00,3.0000,3804.6467,2940.8867
2024-04-03 15:00:00,3.0000,3287.8836,2424.1236
2024-04-03 16:00:00,3.0000,2617.4236,1753.6636
2024-04-03 17:00:00,5.0000,1632.2436,192.6436
2024-04-03 18:00:00,6.0000,1727.5200,0.0000
2024-04-03 19:00:00,7.0000,2015.4400,0.0000
2024-04-03 20:00:00,6.0000,1727.5200,0.0000
2024-04-03 21:00:00,5.0000,1439.6000,0.0000
2024-04-03 22:00:00,4.0000,1151.6800,0.0000
2024-04-03 23:00:00,3.0000,863.7600,0.0000
2024-04-04 00:00:00,2.0000,575.8400,0.0000
2024-04-04 01:00:00,2.0000,575.8400,0.0000
2024-04-04 02:00:00,2.0000,575.8400,0.0000
2024-04-04 03:00:00,2.0000,575.8400,0.0000
2024-04-04 04:00:00,2.0000,575.8400,0.0000
2024-04-04 05:00:00,2.0000,1795.4475,1219.6075
2024-04-04 06:00:00,5.0000,3342.3167,1902.7167
2024-04-04 07:00:00,6.0000,4274.2623,2546.7423
2024-04-04 08:00:00,5.0000,4469.1804,3029.5804
2024-04-04 09:00:00,3.0000,4182.0864,3318.3264
2024-04-04 10:00:00,3.0000,4257.0627,3393.3027
2024-04-04 11:00:00,3.5000,4302.2091,3294.4891
2024-04-04 12:00:00,4.0000,4547.5891,3395.9091
2024-04-04 13:00:00,3.5000,4285.9923,3278.2723
2024-04-04 14:00:00,3.0000,3813.3554,2949.5954
2024-04-04 15:00:00,3.0000,3296.0373,2432.2773
2024-04-04 16:00:00,3.0000,2625.3323,1761.5723
2024-04-04 17:00:00,5.0000,1647.7531,208.1531
2024-04-04 18:00:00,6.0000,1727.5200,0.0000
2024-04-04 19:00:00,7.0000,2015.4400,0.0000
2024-04-04 20:00:00,6.0000,1727.5200,0.0000
2024-04-04 21:00:00,5.0000,1439.6000,0.0000
2024-04-04 22:00:00,4.0000,1151.6800,0.0000
2024-04-04 23:00:00,3.0000,863.7600,0.0000
2024-04-05 00:00:00,2.0000,575.8400,0.0000
2024-04-05 01:00:00,2.0000,575.8400,0.0000
2024-04-05 02:00:00,2.0000,575.8400,0.0000
2024-04-05 03:00:00,2.0000,575.8400,0.0000
2024-04-05 04:00:00,2.0000,575.8400,0.0000
2024-04-05 05:00:00,2.0000,1817.6903,1241.8503
2024-04-05 06:00:00,5.0000,3357.3779,1917.7779
2024-04-05 07:00:00,6.0000,4288.1608,2560.6408
2024-04-05 08:00:00,5.0000,4481.8304,3042.2304
2024-04-05 09:00:00,3.0000,4193.4873,3329.7273
2024-04-05 10:00:00,3.0000,4267.2990,3403.5390
2024-04-05 11:00:00,3.5000,4313.7584,3306.0384
2024-04-05 12:00:00,4.0000,4557.9591,3406.2791
2024-04-05 13:00:00,3.5000,4295.3377,3287.6177
2024-04-05 14:00:00,3.0000,3821.9007,2958.1407
2024-04-05 15:00:00,3.0000,3304.0616,2440.3016
2024-04-05 16:00:00,3.0000,2633.1501,1769.3901
2024-04-05 17:00:00,5.0000,1663.2076,223.6076
2024-04-05 18:00:00,6.0000,1727.5200,0.0000
2024-04-05 19:00:00,7.0000,2015.4400,0.0000
2024-04-05 20:00:00,6.0000,1727.5200,0.0000
2024-04-05 21:00:00,5.0000,1439.6000,0.0000
2024-04-05 22:00:00,4.0000,1151.6800,0.0000
2024-04-05 23:00:00,3.0000,863.7600,0.0000
2024-04-06 00:00:00,2.0000,575.8400,0.0000
2024-04-06 01:00:00,2.0000,575.8400,0.0000
2024-04-06 02:00:00,2.0000,575.8400,0.0000
2024-04-06 03:00:00,2.0000,575.8400,0.0000
2024-04-06 04:00:00,2.0000,575.8400,0.0000
2024-04-06 05:00:00,2.0000,1839.7563,1263.9163
2024-04-06 06:00:00,5.0000,3372.2487,1932.6487
2024-04-06 07:00:00,6.0000,4301.8494,2574.3294
2024-04-06 08:00:00,5.0000,4494.2608,3054.6608
2024-04-06 09:00:00,4.0000,4492.5892,3340.9092
2024-04-06 10:00:00,4.0000,4565.2472,3413.5672
2024-04-06 11:00:00,4.5000,4613.0080,3317.3680
2024-04-06 12:00:00,5.0000,4856.0392,3416.4392
2024-04-06 13:00:00,4.5000,4592.4127,3296.7727
2024-04-06 14:00:00,4.0000,4118.2038,2966.5238
2024-04-06 15:00:00,4.0000,3599.8782,2448.1982
2024-04-06 16:00:00,4.0000,2928.7990,1777.1190
2024-04-06 17:00:00,6.0000,1966.5245,239.0045
2024-04-06 18:00:00,7.0000,2015.4400,0.0000
2024-04-06 19:00:00,7.5000,2159.4000,0.0000
2024-04-06 20:00:00,7.0000,2015.4400,0.0000
2024-04-06 21:00:00,6.0000,1727.5200,0.0000
2024-04-06 22:00:00,5.0000,1439.6000,0.0000
2024-04-06 23:00:00,4.0000,1151.6800,0.0000
2024-04-07 00:00:00,2.0000,575.8400,0.0000
2024-04-07 01:00:00,2.0000,575.8400,0.0000
2024-04-07 02:00:00,2.0000,575.8400,0.0000
2024-04-07 03:00:00,2.0000,575.8400,0.0000
2024-04-07 04:00:00,2.0000,575.8400,0.0000
2024-04-07 05:00:00,2.0000,1861.6372,1285.7972
2024-04-07 06:00:00,5.0000,3386.9223,1947.3223
2024-04-07 07:00:00,6.0000,4315.3226,2587.8026
2024-04-07 08:00:00,5.0000,4506.4675,3066.8675
2024-04-07 09:00:00,4.0000,4503.5496,3351.8696
2024-04-07 10:00:00,4.0000,4575.0665,3423.3865
2024-04-07 11:00:00,4.5000,4624.1153,3328.4753
2024-04-07 12:00:00,5.0000,4865.9883,3426.3883
2024-04-07 13:00:00,4.5000,4601.3777,3305.7377
2024-04-07 14:00:00,4.0000,4126.4257,2974.7457
2024-04-07 15:00:00,4.0000,3607.6488,2455.9688
2024-04-07 16:00:00,4.0000,2936.4409,1784.7609
2024-04-07 17:00:00,6.0000,1981.8611,254.3411
2024-04-07 18:00:00,7.0000,2015.4400,0.0000
2024-04-07 19:00:00,7.5000,2159.4000,0.0000
2024-04-07 20:00:00,7.0000,2015.4400,0.0000
2024-04-07 21:00:00,6.0000,1727.5200,0.0000
2024-04-07 22:00:00,5.0000,1439.6000,0.0000
2024-04-07 23:00:00,4.0000,1151.6800,0.0000
2024-04-08 00:00:00,2.0000,575.8400,0.0000
2024-04-08 01:00:00,2.0000,575.8400,0.0000
2024-04-08 02:00:00,2.0000,575.8400,0.0000
2024-04-08 03:00:00,2.0000,575.8400,0.0000
2024-04-08 04:00:00,2.0000,575.8400,0.0000
2024-04-08 05:00:00,2.0000,1883.3248,1307.4848
2024-04-08 06:00:00,5.0000,3401.3918,1961.7918
2024-04-08 07:00:00,6.0000,4328.5752,2601.0552
2024-04-08 08:00:00,5.0000,4518.4470,3078.8470
2024-04-08 09:00:00,3.0000,4226.3666,3362.6066
2024-04-08 10:00:00,3.0000,4296.7562,3432.9962
2024-04-08 11:00:00,3.5000,4347.0782,3339.3582
2024-04-08 12:00:00,4.0000,4587.8057,3436.1257
2024-04-08 13:00:00,3.5000,4322.2331,3314.5131
2024-04-08 14:00:00,3.0000,3846.5680,2982.8080
2024-04-08 15:00:00,3.0000,3327.3755,2463.6155
2024-04-08 16:00:00,3.0000,2656.0779,1792.3179
2024-04-08 17:00:00,5.0000,1709.2148,269.6148
2024-04-08 18:00:00,6.0000,1727.5200,0.0000
2024-04-08 19:00:00,7.0000,2015.4400,0.0000
2024-04-08 20:00:00,6.0000,1727.5200,0.0000
2024-04-08 21:00:00,5.0000,1439.6000,0.0000
2024-04-08 22:00:00,4.0000,1151.6800,0.0000
2024-04-08 23:00:00,3.0000,863.7600,0.0000
2024-04-09 00:00:00,2.0000,575.8400,0.0000
2024-04-09 01:00:00,2.0000,575.8400,0.0000
2024-04-09 02:00:00,2.0000,575.8400,0.0000
2024-04-09 03:00:00,2.0000,575.8400,0.0000
2024-04-09 04:00:00,2.0000,575.8400,0.0000
2024-04-09 05:00:00,2.0000,1904.8108,1328.9708
2024-04-09 06:00:00,5.0000,3415.6508,1976.0508
2024-04-09 07:00:00,6.0000,4341.6022,2614.0822
2024-04-09 08:00:00,5.0000,4530.1959,3090.5959
2024-04-09 09:00:00,3.0000,4236.8784,3373.1184
2024-04-09 10:00:00,3.0000,4306.1561,3442.3961
2024-04-09 11:00:00,3.5000,4357.7347,3350.0147
2024-04-09 12:00:00,4.0000,4597.3309,3445.6509
2024-04-09 13:00:00,3.5000,4330.8194,3323.0994
2024-04-09 14:00:00,3.0000,3854.4720,2990.7120
2024-04-09 15:00:00,3.0000,3334.9002,2471.1402
2024-04-09 16:00:00,3.0000,2663.5520,1799.7920
2024-04-09 17:00:00,5.0000,1724.4228,284.8228
2024-04-09 18:00:00,6.0000,1727.5200,0.0000
2024-04-09 19:00:00,7.0000,2015.4400,0.0000
2024-04-09 20:00:00,6.0000,1727.5200,0.0000
2024-04-09 21:00:00,5.0000,1439.6000,0.0000
2024-04-09 22:00:00,4.0000,1151.6800,0.0000
2024-04-09 23:00:00,3.0000,863.7600,0.0000
2024-04-10 00:00:00,2.0000,575.8400,0.0000
2024-04-10 01:00:00,2.0000,575.8400,0.0000
2024-04-10 02:00:00,2.0000,575.8400,0.0000
2024-04-10 03:00:00,2.0000,575.8400,0.0000
2024-04-10 04:00:00,2.0000,575.8400,0.0000
2024-04-10 05:00:00,2.0000,1926.0873,1350.2473
2024-04-10 06:00:00,5.0000,3429.6931,1990.0931
2024-04-10 07:00:00,6.0000,4354.3991,2626.8791
2024-04-10 08:00:00,5.0000,4541.7113,3102.1113
2024-04-10 09:00:00,3.0000,4247.1635,3383.4035
2024-04-10 10:00:00,3.0000,4315.3460,3451.5860
2024-04-10 11:00:00,3.5000,4368.1631,3360.4431
2024-04-10 12:00:00,4.0000,4606.6436,3454.9636
2024-04-10 13:00:00,3.5000,4339.2177,3331.4977
2024-04-10 14:00:00,3.0000,3862.2194,2998.4594
2024-04-10 15:00:00,3.0000,3342.3048,2478.5448
2024-04-10 16:00:00,3.0000,2670.9452,1807.1852
2024-04-10 17:00:00,5.0000,1739.5624,299.9624
2024-04-10 18:00:00,6.0000,1727.5200,0.0000
2024-04-10 19:00:00,7.0000,2015.4400,0.0000
2024-04-10 20:00:00,6.0000,1727.5200,0.0000
2024-04-10 21:00:00,5.0000,1439.6000,0.0000
2024-04-10 22:00:00,4.0000,1151.6800,0.0000
2024-04-10 23:00:00,3.0000,863.7600,0.0000
2024-04-11 00:00:00,2.0000,575.8400,0.0000
2024-04-11 01:00:00,2.0000,575.8400,0.0000
2024-04-11 02:00:00,2.0000,575.8400,0.0000
2024-04-11 03:00:00,2.0000,575.8400,0.0000
2024-04-11 04:00:00,2.0000,575.8400,0.0000
2024-04-11 05:00:00,2.0000,1947.1469,1371.3069
2024-04-11 06:00:00,5.0000,3443.5128,2003.9128
2024-04-11 07:00:00,6.0000,4366.9615,2639.4415
2024-04-11 08:00:00,5.0000,4552.9904,3113.3904
2024-04-11 09:00:00,3.0000,4257.2206,3393.4606
2024-04-11 10:00:00,3.0000,4324.3259,3460.5659
2024-04-11 11:00:00,3.5000,4378.3620,3370.6420
2024-04-11 12:00:00,4.0000,4615.7436,3464.0636
2024-04-11 13:00:00,3.5000,4347.4287,3339.7087
2024-04-11 14:00:00,3.0000,3869.8120,3006.0520
2024-04-11 15:00:00,3.0000,3349.5915,2485.8315
2024-04-11 16:00:00,3.0000,2678.2596,1814.4996
2024-04-11 17:00:00,5.0000,2706.5228,1266.9228
2024-04-11 18:00:00,6.0000,1727.5200,0.0000
2024-04-11 19:00:00,7.0000,2015.4400,0.0000
2024-04-11 20:00:00,6.0000,1727.5200,0.0000
2024-04-11 21:00:00,5.0000,1439.6000,0.0000
2024-04-11 22:00:00,4.0000,1151.6800,0.0000
2024-04-11 23:00:00,3.0000,863.7600,0.0000
2024-04-12 00:00:00,2.0000,575.8400,0.0000
2024-04-12 01:00:00,2.0000,575.8400,0.0000
2024-04-12 02:00:00,2.0000,575.8400,0.0000
2024-04-12 03:00:00,2.0000,575.8400,0.0000
2024-04-12 04:00:00,2.0000,575.8400,0.0000
2024-04-12 05:00:00,2.0000,1967.9818,1392.1418
2024-04-12 06:00:00,5.0000,3457.1043,2017.5043
2024-04-12 07:00:00,6.0000,4379.2853,2651.7653
2024-04-12 08:00:00,5.0000,4564.0305,3124.4305
2024-04-12 09:00:00,3.0000,4267.0487,3403.2887
2024-04-12 10:00:00,3.0000,4333.0961,3469.3361
2024-04-12 11:00:00,3.5000,4388.3302,3380.6102
2024-04-12 12:00:00,4.0000,4624.6311,3472.9511
2024-04-12 13:00:00,3.5000,4355.4537,3347.7337
2024-04-12 14:00:00,3.0000,3877.2515,3013.4915
2024-04-12 15:00:00,3.0000,3356.7625,2493.0025
2024-04-12 16:00:00,3.0000,2685.4972,1821.7372
2024-04-12 17:00:00,5.0000,2723.8562,1284.2562
2024-04-12 18:00:00,6.0000,1727.5200,0.0000
2024-04-12 19:00:00,7.0000,2015.4400,0.0000
2024-04-12 20:00:00,6.0000,1727.5200,0.0000
2024-04-12 21:00:00,5.0000,1439.6000,0.0000
2024-04-12 22:00:00,4.0000,1151.6800,0.0000
2024-04-12 23:00:00,3.0000,863.7600,0.0000
2024-04-13 00:00:00,2.0000,575.8400,0.0000
2024-04-13 01:00:00,2.0000,575.8400,0.0000
2024-04-13 02:00:00,2.0000,575.8400,0.0000
2024-04-13 03:00:00,2.0000,575.8400,0.0000
2024-04-13 04:00:00,2.0000,575.8400,0.0000
2024-04-13 05:00:00,2.0000,1988.5850,1412.7450
2024-04-13 06:00:00,5.0000,3470.4621,2030.8621
2024-04-13 07:00:00,6.0000,4391.3667,2663.8467
2024-04-13 08:00:00,5.0000,4574.8297,3135.2297
2024-04-13 09:00:00,4.0000,4564.5671,3412.8871
2024-04-13 10:00:00,4.0000,4629.5770,3477.8970
2024-04-13 11:00:00,4.5000,4685.9868,3390.3468
2024-04-13 12:00:00,5.0000,4921.2264,3481.6264
2024-04-13 13:00:00,4.5000,4651.2140,3355.5740
2024-04-13 14:00:00,4.0000,4172.4600,3020.7800
2024-04-13 15:00:00,4.0000,3651.7399,2500.0599
2024-04-13 16:00:00,4.0000,2980.5800,1828.9000
2024-04-13 17:00:00,6.0000,3028.9654,1301.4454
2024-04-13 18:00:00,7.0000,2015.4400,0.0000
2024-04-13 19:00:00,7.5000,2159.4000,0.0000
2024-04-13 20:00:00,7.0000,2015.4400,0.0000
2024-04-13 21:00:00,6.0000,1727.5200,0.0000
2024-04-13 22:00:00,5.0000,1439.6000,0.0000
2024-04-13 23:00:00,4.0000,1151.6800,0.0000
2024-04-14 00:00:00,2.0000,575.8400,0.0000
2024-04-14 01:00:00,2.0000,575.8400,0.0000
2024-04-14 02:00:00,2.0000,575.8400,0.0000
2024-04-14 03:00:00,2.0000,575.8400,0.0000
2024-04-14 04:00:00,2.0000,575.8400,0.0000
2024-04-14 05:00:00,2.0000,2008.9494,1433.1094
2024-04-14 06:00:00,5.0000,3483.5813,2043.9813
2024-04-14 07:00:00,6.0000,4403.2023,2675.6823
2024-04-14 08:00:00,5.0000,4585.3858,3145.7858
2024-04-14 09:00:00,4.0000,4573.9351,3422.2551
2024-04-14 10:00:00,4.0000,4637.9293,3486.2493
2024-04-14 11:00:00,4.5000,4695.4910,3399.8510
2024-04-14 12:00:00,5.0000,4929.6901,3490.0901
2024-04-14 13:00:00,4.5000,4658.8711,3363.2311
2024-04-14 14:00:00,4.0000,4179.5994,3027.9194
2024-04-14 15:00:00,4.0000,3658.6859,2507.0059
2024-04-14 16:00:00,4.0000,2987.6700,1835.9900
2024-04-14 17:00:00,6.0000,3046.0071,1318.4871
2024-04-14 18:00:00,7.0000,2015.4400,0.0000
2024-04-14 19:00:00,7.5000,2159.4000,0.0000
2024-04-14 20:00:00,7.0000,2015.4400,0.0000
2024-04-14 21:00:00,6.0000,1727.5200,0.0000
2024-04-14 22:00:00,5.0000,1439.6000,0.0000
2024-04-14 23:00:00,4.0000,1151.6800,0.0000
2024-04-15 00:00:00,2.0000,575.8400,0.0000
2024-04-15 01:00:00,2.0000,575.8400,0.0000
2024-04-15 02:00:00,2.0000,575.8400,0.0000
2024-04-15 03:00:00,2.0000,575.8400,0.0000
2024-04-15 04:00:00,2.0000,582.7676,6.9276
2024-04-15 05:00:00,2.0000,2029.0682,1453.2282
2024-04-15 06:00:00,5.0000,3496.4570,2056.8570
2024-04-15 07:00:00,6.0000,4414.7888,2687.2688
2024-04-15 08:00:00,5.0000,4595.6973,3156.0973
2024-04-15 09:00:00,3.0000,4295.1527,3431.3927
2024-04-15 10:00:00,3.0000,4358.1540,3494.3940
2024-04-15 11:00:00,3.5000,4416.8425,3409.1225
2024-04-15 12:00:00,4.0000,4650.0229,3498.3429
2024-04-15 13:00:00,3.5000,4378.4266,3370.7066
2024-04-15 14:00:00,3.0000,3898.6720,3034.9120
2024-04-15 15:00:00,3.0000,3377.6028,2513.8428
2024-04-15 16:00:00,3.0000,2706.7691,1843.0091
2024-04-15 17:00:00,5.0000,2774.9784,1335.3784
2024-04-15 18:00:00,6.0000,1727.5200,0.0000
2024-04-15 19:00:00,7.0000,2015.4400,0.0000
2024-04-15 20:00:00,6.0000,1727.5200,0.0000
2024-04-15 21:00:00,5.0000,1439.6000,0.0000
2024-04-15 22:00:00,4.0000,1151.6800,0.0000
2024-04-15 23:00:00,3.0000,863.7600,0.0000
2024-04-16 00:00:00,2.0000,575.8400,0.0000
2024-04-16 01:00:00,2.0000,575.8400,0.0000
2024-04-16 02:00:00,2.0000,575.8400,0.0000
2024-04-16 03:00:00,2.0000,575.8400,0.0000
2024-04-16 04:00:00,2.0000,602.1820,26.3420
2024-04-16 05:00:00,2.0000,2048.9348,1473.0948
2024-04-16 06:00:00,5.0000,3509.0848,2069.4848
2024-04-16 07:00:00,6.0000,4426.1233,2698.6033
2024-04-16 08:00:00,5.0000,4605.7627,3166.1627
2024-04-16 09:00:00,3.0000,4304.0595,3440.2995
2024-04-16 10:00:00,3.0000,4366.0920,3502.3320
2024-04-16 11:00:00,3.5000,4425.8810,3418.1610
2024-04-16 12:00:00,4.0000,4658.0657,3506.3857
2024-04-16 13:00:00,3.5000,4385.7223,3378.0023
2024-04-16 14:00:00,3.0000,3905.5199,3041.7599
2024-04-16 15:00:00,3.0000,3384.3329,2520.5729
2024-04-16 16:00:00,3.0000,2713.7192,1849.9592
2024-04-16 17:00:00,5.0000,2791.7161,1352.1161
2024-04-16 18:00:00,6.0000,1727.5200,0.0000
2024-04-16 19:00:00,7.0000,2015.4400,0.0000
2024-04-16 20:00:00,6.0000,1727.5200,0.0000
2024-04-16 21:00:00,5.0000,1439.6000,0.0000
2024-04-16 22:00:00,4.0000,1151.6800,0.0000
2024-04-16 23:00:00,3.0000,863.7600,0.0000
2024-04-17 00:00:00,2.0000,575.8400,0.0000
2024-04-17 01:00:00,2.0000,575.8400,0.0000
2024-04-17 02:00:00,2.0000,575.8400,0.0000
2024-04-17 03:00:00,2.0000,575.8400,0.0000
2024-04-17 04:00:00,2.0000,621.3892,45.5492
2024-04-17 05:00:00,2.0000,2068.5429,1492.7029
2024-04-17 06:00:00,5.0000,3521.4605,2081.8605
2024-04-17 07:00:00,6.0000,4437.2032,2709.6832
2024-04-17 08:00:00,5.0000,4615.5808,3175.9808
2024-04-17 09:00:00,3.0000,4312.7360,3448.9760
2024-04-17 10:00:00,3.0000,4373.8246,3510.0646
2024-04-17 11:00:00,3.5000,4434.6865,3426.9665
2024-04-17 12:00:00,4.0000,4665.8997,3514.2197
2024-04-17 13:00:00,3.5000,4392.8400,3385.1200
2024-04-17 14:00:00,3.0000,3912.2254,3048.4654
2024-04-17 15:00:00,3.0000,3390.9583,2527.1983
2024-04-17 16:00:00,3.0000,2720.6023,1856.8423
2024-04-17 17:00:00,5.0000,2808.2972,1368.6972
2024-04-17 18:00:00,6.0000,1727.5200,0.0000
2024-04-17 19:00:00,7.0000,2015.4400,0.0000
2024-04-17 20:00:00,6.0000,1727.5200,0.0000
2024-04-17 21:00:00,5.0000,1439.6000,0.0000
2024-04-17 22:00:00,4.0000,1151.6800,0.0000
2024-04-17 23:00:00,3.0000,863.7600,0.0000
2024-04-18 00:00:00,2.0000,575.8400,0.0000
2024-04-18 01:00:00,2.0000,575.8400,0.0000
2024-04-18 02:00:00,2.0000,575.8400,0.0000
2024-04-18 03:00:00,2.0000,575.8400,0.0000
2024-04-18 04:00:00,2.0000,640.3815,64.5415
2024-04-18 05:00:00,2.0000,2087.8863,1512.0463
2024-04-18 06:00:00,5.0000,3533.5803,2093.9803
2024-04-18 07:00:00,6.0000,4448.0262,2720.5062
2024-04-18 08:00:00,5.0000,4625.1509,3185.5509
2024-04-18 09:00:00,3.0000,4321.1824,3457.4224
2024-04-18 10:00:00,3.0000,4381.3531,3517.5931
2024-04-18 11:00:00,3.5000,4443.2594,3435.5394
2024-04-18 12:00:00,4.0000,4673.5262,3521.8462
2024-04-18 13:00:00,3.5000,4399.7818,3392.0618
2024-04-18 14:00:00,3.0000,3918.7909,3055.0309
2024-04-18 15:00:00,3.0000,3397.4815,2533.7215
2024-04-18 16:00:00,3.0000,2727.4201,1863.6601
2024-04-18 17:00:00,5.0000,2824.7188,1385.1188
2024-04-18 18:00:00,6.0000,1727.5200,0.0000
2024-04-18 19:00:00,7.0000,2015.4400,0.0000
2024-04-18 20:00:00,6.0000,1727.5200,0.0000
2024-04-18 21:00:00,5.0000,1439.6000,0.0000
2024-04-18 22:00:00,4.0000,1151.6800,0.0000
2024-04-18 23:00:00,3.0000,863.7600,0.0000
2024-04-19 00:00:00,2.0000,575.8400,0.0000
2024-04-19 01:00:00,2.0000,575.8400,0.0000
2024-04-19 02:00:00,2.0000,575.8400,0.0000
2024-04-19 03:00:00,2.0000,575.8400,0.0000
2024-04-19 04:00:00,2.0000,659.1510,83.3110
2024-04-19 05:00:00,2.0000,2106.9593,1531.1193
2024-04-19 06:00:00,5.0000,3545.4405,2105.8405
2024-04-19 07:00:00,6.0000,4458.5901,2731.0701
2024-04-19 08:00:00,5.0000,4634.4722,3194.8722
2024-04-19 09:00:00,3.0000,4329.3994,3465.6394
2024-04-19 10:00:00,3.0000,4388.6793,3524.9193
2024-04-19 11:00:00,3.5000,4451.6001,3443.8801
2024-04-19 12:00:00,4.0000,4680.9466,3529.2666
2024-04-19 13:00:00,3.5000,4406.5499,3398.8299
2024-04-19 14:00:00,3.0000,3925.2188,3061.4588
2024-04-19 15:00:00,3.0000,3403.9047,2540.1447
2024-04-19 16:00:00,3.0000,2734.1744,1870.4144
2024-04-19 17:00:00,5.0000,2840.9780,1401.3780
2024-04-19 18:00:00,6.0000,1727.5200,0.0000
2024-04-19 19:00:00,7.0000,2015.4400,0.0000
2024-04-19 20:00:00,6.0000,1727.5200,0.0000
2024-04-19 21:00:00,5.0000,1439.6000,0.0000
2024-04-19 22:00:00,4.0000,1151.6800,0.0000
2024-04-19 23:00:00,3.0000,863.7600,0.0000
2024-04-20 00:00:00,2.0000,575.8400,0.0000
2024-04-20 01:00:00,2.0000,575.8400,0.0000
2024-04-20 02:00:00,2.0000,575.8400,0.0000
2024-04-20 03:00:00,2.0000,575.8400,0.0000
2024-04-20 04:00:00,2.0000,677.6902,101.8502
2024-04-20 05:00:00,2.0000,2125.7562,1549.9162
2024-04-20 06:00:00,5.0000,3557.0378,2117.4378
2024-04-20 07:00:00,6.0000,4468.8933,2741.3733
2024-04-20 08:00:00,5.0000,4643.5444,3203.9444
2024-04-20 09:00:00,4.0000,4625.3077,3473.6277
2024-04-20 10:00:00,4.0000,4683.7247,3532.0447
2024-04-20 11:00:00,4.5000,4747.6292,3451.9892
2024-04-20 12:00:00,5.0000,4976.0827,3536.4827
2024-04-20 13:00:00,4.5000,4701.0663,3405.4263
2024-04-20 14:00:00,4.0000,4219.4315,3067.7515
2024-04-20 15:00:00,4.0000,3698.1502,2546.4702
2024-04-20 16:00:00,4.0000,3028.7869,1877.1069
2024-04-20 17:00:00,6.0000,3144.9919,1417.4719
2024-04-20 18:00:00,7.0000,2015.4400,0.0000
2024-04-20 19:00:00,7.5000,2159.4000,0.0000
2024-04-20 20:00:00,7.0000,2015.4400,0.0000
2024-04-20 21:00:00,6.0000,1727.5200,0.0000
2024-04-20 22:00:00,5.0000,1439.6000,0.0000
2024-04-20 23:00:00,4.0000,1151.6800,0.0000
2024-04-21 00:00:00,2.0000,575.8400,0.0000
2024-04-21 01:00:00,2.0000,575.8400,0.0000
2024-04-21 02:00:00,2.0000,575.8400,0.0000
2024-04-21 03:00:00,2.0000,575.8400,0.0000
2024-04-21 04:00:00,2.0000,695.9917,120.1517
2024-04-21 05:00:00,2.0000,2144.2716,1568.4316
2024-04-21 06:00:00,5.0000,3568.3692,2128.7692
2024-04-21 07:00:00,6.0000,4478.9342,2751.4142
2024-04-21 08:00:00,5.0000,4652.3674,3212.7674
2024-04-21 09:00:00,4.0000,4633.0685,3481.3885
2024-04-21 10:00:00,4.0000,4690.6514,3538.9714
2024-04-21 11:00:00,4.5000,4755.5078,3459.8678
2024-04-21 12:00:00,5.0000,4983.0961,3543.4961
2024-04-21 13:00:00,4.5000,4707.4936,3411.8536
2024-04-21 14:00:00,4.0000,4225.5916,3073.9116
2024-04-21 15:00:00,4.0000,3704.3803,2552.7003
2024-04-21 16:00:00,4.0000,3035.4192,1883.7392
2024-04-21 17:00:00,6.0000,3160.9176,1433.3976
2024-04-21 18:00:00,7.0000,2015.4400,0.0000
2024-04-21 19:00:00,7.5000,2159.4000,0.0000
2024-04-21 20:00:00,7.0000,2015.4400,0.0000
2024-04-21 21:00:00,6.0000,1727.5200,0.0000
2024-04-21 22:00:00,5.0000,1439.6000,0.0000
2024-04-21 23:00:00,4.0000,1151.6800,0.0000
2024-04-22 00:00:00,2.0000,575.8400,0.0000
2024-04-22 01:00:00,2.0000,575.8400,0.0000
2024-04-22 02:00:00,2.0000,575.8400,0.0000
2024-04-22 03:00:00,2.0000,575.8400,0.0000
2024-04-22 04:00:00,2.0000,714.0484,138.2084
2024-04-22 05:00:00,2.0000,2162.5003,1586.6603
2024-04-22 06:00:00,5.0000,3579.4321,2139.8321
2024-04-22 07:00:00,6.0000,4488.7115,2761.1915
2024-04-22 08:00:00,5.0000,4660.9414,3221.3414
2024-04-22 09:00:00,3.0000,4352.6830,3488.9230
2024-04-22 10:00:00,3.0000,4409.4613,3545.7013
2024-04-22 11:00:00,3.5000,4475.2369,3467.5169
2024-04-22 12:00:00,4.0000,4701.9889,3550.3089
2024-04-22 13:00:00,3.5000,4425.8342,3418.1142
2024-04-22 14:00:00,3.0000,3943.7017,3079.9417
2024-04-22 15:00:00,3.0000,3422.5971,2558.8371
2024-04-22 16:00:00,3.0000,2754.0730,1890.3130
2024-04-22 17:00:00,5.0000,2888.7524,1449.1524
2024-04-22 18:00:00,6.0000,1727.5200,0.0000
2024-04-22 19:00:00,7.0000,2015.4400,0.0000
2024-04-22 20:00:00,6.0000,1727.5200,0.0000
2024-04-22 21:00:00,5.0000,1439.6000,0.0000
2024-04-22 22:00:00,4.0000,1151.6800,0.0000
2024-04-22 23:00:00,3.0000,863.7600,0.0000
2024-04-23 00:00:00,2.0000,575.8400,0.0000
2024-04-23 01:00:00,2.0000,575.8400,0.0000
2024-04-23 02:00:00,2.0000,575.8400,0.0000
2024-04-23 03:00:00,2.0000,575.8400,0.0000
2024-04-23 04:00:00,2.0000,731.8534,156.0134
2024-04-23 05:00:00,2.0000,2180.4374,1604.5974
2024-04-23 06:00:00,5.0000,3590.2239,2150.6239
2024-04-23 07:00:00,6.0000,4498.2244,2770.7044
2024-04-23 08:00:00,5.0000,4669.2665,3229.6665
2024-04-23 09:00:00,3.0000,4359.9926,3496.2326
2024-04-23 10:00:00,3.0000,4415.9967,3552.2367
2024-04-23 11:00:00,3.5000,4482.6578,3474.9378
2024-04-23 12:00:00,4.0000,4708.6032,3556.9232
2024-04-23 13:00:00,3.5000,4431.9306,3424.2106
2024-04-23 14:00:00,3.0000,3949.6042,3085.8442
2024-04-23 15:00:00,3.0000,3428.6431,2564.8831
2024-04-23 16:00:00,3.0000,2760.5898,1896.8298
2024-04-23 17:00:00,5.0000,2904.3336,1464.7336
2024-04-23 18:00:00,6.0000,1727.5200,0.0000
2024-04-23 19:00:00,7.0000,2015.4400,0.0000
2024-04-23 20:00:00,6.0000,1727.5200,0.0000
2024-04-23 21:00:00,5.0000,1439.6000,0.0000
2024-04-23 22:00:00,4.0000,1151.6800,0.0000
2024-04-23 23:00:00,3.0000,863.7600,0.0000
2024-04-24 00:00:00,2.0000,575.8400,0.0000
2024-04-24 01:00:00,2.0000,575.8400,0.0000
2024-04-24 02:00:00,2.0000,575.8400,0.0000
2024-04-24 03:00:00,2.0000,575.8400,0.0000
2024-04-24 04:00:00,2.0000,749.4002,173.5602
2024-04-24 05:00:00,2.0000,2198.0782,1622.2382
2024-04-24 06:00:00,5.0000,3600.7426,2161.1426
2024-04-24 07:00:00,6.0000,4507.4722,2779.9522
2024-04-24 08:00:00,5.0000,4677.3435,3237.7435
2024-04-24 09:00:00,3.0000,4367.0789,3503.3189
2024-04-24 10:00:00,3.0000,4422.3398,3558.5798
2024-04-24 11:00:00,3.5000,4489.8520,3482.1320
2024-04-24 12:00:00,4.0000,4715.0212,3563.3412
2024-04-24 13:00:00,3.5000,4437.8655,3430.1455
2024-04-24 14:00:00,3.0000,3955.3819,3091.6219
2024-04-24 15:00:00,3.0000,3434.6002,2570.8402
2024-04-24 16:00:00,3.0000,2767.0510,1903.2910
2024-04-24 17:00:00,5.0000,2919.7384,1480.1384
2024-04-24 18:00:00,6.0000,1727.5200,0.0000
2024-04-24 19:00:00,7.0000,2015.4400,0.0000
2024-04-24 20:00:00,6.0000,1727.5200,0.0000
2024-04-24 21:00:00,5.0000,1439.6000,0.0000
2024-04-24 22:00:00,4.0000,1151.6800,0.0000
2024-04-24 23:00:00,3.0000,863.7600,0.0000
2024-04-25 00:00:00,2.0000,575.8400,0.0000
2024-04-25 01:00:00,2.0000,575.8400,0.0000
2024-04-25 02:00:00,2.0000,575.8400,0.0000
2024-04-25 03:00:00,2.0000,575.8400,0.0000
2024-04-25 04:00:00,2.0000,766.6821,190.8421
2024-04-25 05:00:00,2.0000,2215.4183,1639.5783
2024-04-25 06:00:00,5.0000,3610.9862,2171.3862
2024-04-25 07:00:00,6.0000,4516.4543,2788.9343
2024-04-25 08:00:00,5.0000,4685.1732,3245.5732
2024-04-25 09:00:00,3.0000,4373.9437,3510.1837
2024-04-25 10:00:00,3.0000,4428.4930,3564.7330
2024-04-25 11:00:00,3.5000,4496.8213,3489.1013
2024-04-25 12:00:00,4.0000,4721.2453,3569.5653
2024-04-25 13:00:00,3.5000,4443.6415,3435.9215
2024-04-25 14:00:00,3.0000,3961.0373,3097.2773
2024-04-25 15:00:00,3.0000,3440.4708,2576.7108
2024-04-25 16:00:00,3.0000,2773.4579,1909.6979
2024-04-25 17:00:00,5.0000,2934.9641,1495.3641
2024-04-25 18:00:00,6.0000,1731.0535,3.5335
2024-04-25 19:00:00,7.0000,2015.4400,0.0000
2024-04-25 20:00:00,6.0000,1727.5200,0.0000
2024-04-25 21:00:00,5.0000,1439.6000,0.0000
2024-04-25 22:00:00,4.0000,1151.6800,0.0000
2024-04-25 23:00:00,3.0000,863.7600,0.0000
2024-04-26 00:00:00,2.0000,575.8400,0.0000
2024-04-26 01:00:00,2.0000,575.8400,0.0000
2024-04-26 02:00:00,2.0000,575.8400,0.0000
2024-04-26 03:00:00,2.0000,575.8400,0.0000
2024-04-26 04:00:00,2.0000,783.6929,207.8529
2024-04-26 05:00:00,2.0000,2232.4535,1656.6135
2024-04-26 06:00:00,5.0000,3620.9533,2181.3533
2024-04-26 07:00:00,6.0000,4525.1707,2797.6507
2024-04-26 08:00:00,5.0000,4692.7566,3253.1566
2024-04-26 09:00:00,3.0000,4380.5890,3516.8290
2024-04-26 10:00:00,3.0000,4434.4591,3570.6991
2024-04-26 11:00:00,3.5000,4503.5675,3495.8475
2024-04-26 12:00:00,4.0000,4727.2781,3575.5981
2024-04-26 13:00:00,3.5000,4449.2614,3441.5414
2024-04-26 14:00:00,3.0000,3966.5731,3102.8131
2024-04-26 15:00:00,3.0000,3446.2570,2582.4970
2024-04-26 16:00:00,3.0000,2779.8117,1916.0517
2024-04-26 17:00:00,5.0000,2950.0080,1510.4080
2024-04-26 18:00:00,6.0000,1745.4782,17.9582
2024-04-26 19:00:00,7.0000,2015.4400,0.0000
2024-04-26 20:00:00,6.0000,1727.5200,0.0000
2024-04-26 21:00:00,5.0000,1439.6000,0.0000
2024-04-26 22:00:00,4.0000,1151.6800,0.0000
2024-04-26 23:00:00,3.0000,863.7600,0.0000
2024-04-27 00:00:00,2.0000,575.8400,0.0000
2024-04-27 01:00:00,2.0000,575.8400,0.0000
2024-04-27 02:00:00,2.0000,575.8400,0.0000
2024-04-27 03:00:00,2.0000,575.8400,0.0000
2024-04-27 04:00:00,2.0000,800.4268,224.5868
2024-04-27 05:00:00,2.0000,2249.1797,1673.3397
2024-04-27 06:00:00,5.0000,3630.6425,2191.0425
2024-04-27 07:00:00,6.0000,4533.6213,2806.1013
2024-04-27 08:00:00,5.0000,4700.0949,3260.4949
2024-04-27 09:00:00,4.0000,4674.9368,3523.2568
2024-04-27 10:00:00,4.0000,4728.1605,3576.4805
2024-04-27 11:00:00,4.5000,4798.0126,3502.3726
2024-04-27 12:00:00,5.0000,5021.0421,3581.4421
2024-04-27 13:00:00,4.5000,4742.6480,3447.0080
2024-04-27 14:00:00,4.0000,4259.9119,3108.2319
2024-04-27 15:00:00,4.0000,3739.8807,2588.2007
2024-04-27 16:00:00,4.0000,3074.0338,1922.3538
2024-04-27 17:00:00,6.0000,3252.7876,1525.2676
2024-04-27 18:00:00,7.0000,2047.7077,32.2677
2024-04-27 19:00:00,7.5000,2159.4000,0.0000
2024-04-27 20:00:00,7.0000,2015.4400,0.0000
2024-04-27 21:00:00,6.0000,1727.5200,0.0000
2024-04-27 22:00:00,5.0000,1439.6000,0.0000
2024-04-27 23:00:00,4.0000,1151.6800,0.0000
2024-04-28 00:00:00,2.0000,575.8400,0.0000
2024-04-28 01:00:00,2.0000,575.8400,0.0000
2024-04-28 02:00:00,2.0000,575.8400,0.0000
2024-04-28 03:00:00,2.0000,575.8400,0.0000
2024-04-28 04:00:00,2.0000,816.8779,241.0379
2024-04-28 05:00:00,2.0000,2265.5933,1689.7533
2024-04-28 06:00:00,5.0000,3640.0527,2200.4527
2024-04-28 07:00:00,6.0000,4541.8066,2814.2866
2024-04-28 08:00:00,5.0000,4707.1895,3267.5895
2024-04-28 09:00:00,4.0000,4681.1496,3529.4696
2024-04-28 10:00:00,4.0000,4733.7601,3582.0801
2024-04-28 11:00:00,4.5000,4804.3188,3508.6788
2024-04-28 12:00:00,5.0000,5026.7000,3587.1000
2024-04-28 13:00:00,4.5000,4747.9643,3452.3243
2024-04-28 14:00:00,4.0000,4265.2164,3113.5364
2024-04-28 15:00:00,4.0000,3745.5042,2593.8242
2024-04-28 16:00:00,4.0000,3080.2851,1928.6051
2024-04-28 17:00:00,6.0000,3267.4603,1539.9403
2024-04-28 18:00:00,7.0000,2061.8977,46.4577
2024-04-28 19:00:00,7.5000,2159.4000,0.0000
2024-04-28 20:00:00,7.0000,2015.4400,0.0000
2024-04-28 21:00:00,6.0000,1727.5200,0.0000
2024-04-28 22:00:00,5.0000,1439.6000,0.0000
2024-04-28 23:00:00,4.0000,1151.6800,0.0000
2024-04-29 00:00:00,2.0000,575.8400,0.0000
2024-04-29 01:00:00,2.0000,575.8400,0.0000
2024-04-29 02:00:00,2.0000,575.8400,0.0000
2024-04-29 03:00:00,2.0000,575.8400,0.0000
2024-04-29 04:00:00,2.0000,833.0407,257.2007
2024-04-29 05:00:00,2.0000,2281.6907,1705.8507
2024-04-29 06:00:00,5.0000,3649.1833,2209.5833
2024-04-29 07:00:00,6.0000,4549.7271,2822.2071
2024-04-29 08:00:00,5.0000,4714.0422,3274.4422
2024-04-29 09:00:00,3.0000,4399.2297,3535.4697
2024-04-29 10:00:00,3.0000,4451.2608,3587.5008
2024-04-29 11:00:00,3.5000,4522.4885,3514.7685
2024-04-29 12:00:00,4.0000,4744.2548,3592.5748
2024-04-29 13:00:00,3.5000,4465.2132,3457.4932
2024-04-29 14:00:00,3.0000,3982.4893,3118.7293
2024-04-29 15:00:00,3.0000,3463.1292,2599.3692
2024-04-29 16:00:00,3.0000,2798.5666,1934.8066
2024-04-29 17:00:00,5.0000,2994.0235,1554.4235
2024-04-29 18:00:00,6.0000,1788.0439,60.5239
2024-04-29 19:00:00,7.0000,2015.4400,0.0000
2024-04-29 20:00:00,6.0000,1727.5200,0.0000
2024-04-29 21:00:00,5.0000,1439.6000,0.0000
2024-04-29 22:00:00,4.0000,1151.6800,0.0000
2024-04-29 23:00:00,3.0000,863.7600,0.0000
2024-04-30 00:00:00,2.0000,575.8400,0.0000
2024-04-30 01:00:00,2.0000,575.8400,0.0000
2024-04-30 02:00:00,2.0000,575.8400,0.0000
2024-04-30 03:00:00,2.0000,575.8400,0.0000
2024-04-30 04:00:00,2.0000,848.9099,273.0699
2024-04-30 05:00:00,2.0000,2297.4685,1721.6285
2024-04-30 06:00:00,5.0000,3658.0338,2218.4338
2024-04-30 07:00:00,6.0000,4557.3835,2829.8635
2024-04-30 08:00:00,5.0000,4720.6548,3281.0548
2024-04-30 09:00:00,3.0000,4405.0196,3541.2596
2024-04-30 10:00:00,3.0000,4456.5055,3592.7455
2024-04-30 11:00:00,3.5000,4528.3643,3520.6443
2024-04-30 12:00:00,4.0000,4749.5493,3597.8693
2024-04-30 13:00:00,3.5000,4470.2376,3462.5176
2024-04-30 14:00:00,3.0000,3987.5731,3123.8131
2024-04-30 15:00:00,3.0000,3468.5979,2604.8379
2024-04-30 16:00:00,3.0000,2804.7193,1940.9593
2024-04-30 17:00:00,5.0000,3008.3147,1568.7147
2024-04-30 18:00:00,6.0000,1801.9822,74.4622
2024-04-30 19:00:00,7.0000,2015.4400,0.0000
2024-04-30 20:00:00,6.0000,1727.5200,0.0000
2024-04-30 21:00:00,5.0000,1439.6000,0.0000
2024-04-30 22:00:00,4.0000,1151.6800,0.0000
2024-04-30 23:00:00,3.0000,863.7600,0.0000
2024-05-01 00:00:00,2.0000,575.8400,0.0000
2024-05-01 01:00:00,2.0000,575.8400,0.0000
2024-05-01 02:00:00,2.0000,575.8400,0.0000
2024-05-01 03:00:00,2.0000,575.8400,0.0000
2024-05-01 04:00:00,2.0000,877.1209,301.2809
2024-05-01 05:00:00,2.0000,2577.6736,2001.8336
2024-05-01 06:00:00,5.0000,3949.0203,2509.4203
2024-05-01 07:00:00,6.0000,4902.9133,3175.3933
2024-05-01 08:00:00,5.0000,5096.3713,3656.7713
2024-05-01 09:00:00,3.0000,4784.5093,3920.7493
2024-05-01 10:00:00,3.0000,4813.0977,3949.3377
2024-05-01 11:00:00,3.5000,4859.7424,3852.0224
2024-05-01 12:00:00,4.0000,5118.3197,3966.6397
2024-05-01 13:00:00,3.5000,4850.4599,3842.7399
2024-05-01 14:00:00,3.0000,4352.5266,3488.7666
2024-05-01 15:00:00,3.0000,3792.6026,2928.8426
2024-05-01 16:00:00,3.0000,3067.1124,2203.3524
2024-05-01 17:00:00,5.0000,3291.1602,1851.5602
2024-05-01 18:00:00,6.0000,1819.6536,92.1336
2024-05-01 19:00:00,7.0000,2015.4400,0.0000
2024-05-01 20:00:00,6.0000,1727.5200,0.0000
2024-05-01 21:00:00,5.0000,1439.6000,0.0000
2024-05-01 22:00:00,4.0000,1151.6800,0.0000
2024-05-01 23:00:00,3.0000,863.7600,0.0000
2024-05-02 00:00:00,2.0000,575.8400,0.0000
2024-05-02 01:00:00,2.0000,575.8400,0.0000
2024-05-02 02:00:00,2.0000,575.8400,0.0000
2024-05-02 03:00:00,2.0000,575.8400,0.0000
2024-05-02 04:00:00,2.0000,2198.8910,1623.0510
2024-05-02 05:00:00,2.0000,2593.5867,2017.7467
2024-05-02 06:00:00,5.0000,3956.5697,2516.9697
2024-05-02 07:00:00,6.0000,4909.1800,3181.6600
2024-05-02 08:00:00,5.0000,5101.5505,3661.9505
2024-05-02 09:00:00,3.0000,4788.8701,3925.1101
2024-05-02 10:00:00,3.0000,4816.9650,3953.2050
2024-05-02 11:00:00,3.5000,4864.3636,3856.6436
2024-05-02 12:00:00,4.0000,5122.3250,3970.6450
2024-05-02 13:00:00,3.5000,4854.1986,3846.4786
2024-05-02 14:00:00,3.0000,4356.3661,3492.6061
2024-05-02 15:00:00,3.0000,3796.9033,2933.1433
2024-05-02 16:00:00,3.0000,3081.4646,2217.7046
2024-05-02 17:00:00,5.0000,3305.8750,1866.2750
2024-05-02 18:00:00,6.0000,1833.9214,106.4014
2024-05-02 19:00:00,7.0000,2015.4400,0.0000
2024-05-02 20:00:00,6.0000,1727.5200,0.0000
2024-05-02 21:00:00,5.0000,1439.6000,0.0000
2024-05-02 22:00:00,4.0000,1151.6800,0.0000
2024-05-02 23:00:00,3.0000,863.7600,0.0000
2024-05-03 00:00:00,2.0000,575.8400,0.0000
2024-05-03 01:00:00,2.0000,575.8400,0.0000
2024-05-03 02:00:00,2.0000,575.8400,0.0000
2024-05-03 03:00:00,2.0000,575.8400,0.0000
2024-05-03 04:00:00,2.0000,2215.1505,1639.3105
2024-05-03 05:00:00,2.0000,2609.1544,2033.3144
2024-05-03 06:00:00,5.0000,3963.8331,2524.2331
2024-05-03 07:00:00,6.0000,4915.1840,3187.6640
2024-05-03 08:00:00,5.0000,5106.4978,3666.8978
2024-05-03 09:00:00,3.0000,4793.0355,3929.2755
2024-05-03 10:00:00,3.0000,4820.6764,3956.9164
2024-05-03 11:00:00,3.5000,4868.7756,3861.0556
2024-05-03 12:00:00,4.0000,5126.1600,3974.4800
2024-05-03 13:00:00,3.5000,4857.8070,3850.0870
2024-05-03 14:00:00,3.0000,4360.1138,3496.3538
2024-05-03 15:00:00,3.0000,3801.1468,2937.3868
2024-05-03 16:00:00,3.0000,3095.5812,2231.8212
2024-05-03 17:00:00,5.0000,3320.3695,1880.7695
2024-05-03 18:00:00,6.0000,1848.0419,120.5219
2024-05-03 19:00:00,7.0000,2015.4400,0.0000
2024-05-03 20:00:00,6.0000,1727.5200,0.0000
2024-05-03 21:00:00,5.0000,1439.6000,0.0000
2024-05-03 22:00:00,4.0000,1151.6800,0.0000
2024-05-03 23:00:00,3.0000,863.7600,0.0000
2024-05-04 00:00:00,2.0000,575.8400,0.0000
2024-05-04 01:00:00,2.0000,575.8400,0.0000
2024-05-04 02:00:00,2.0000,575.8400,0.0000
2024-05-04 03:00:00,2.0000,575.8400,0.0000
2024-05-04 04:00:00,2.0000,2231.0530,1655.2130
2024-05-04 05:00:00,2.0000,2624.3741,2048.5341
2024-05-04 06:00:00,5.0000,3970.8116,2531.2116
2024-05-04 07:00:00,6.0000,4920.9277,3193.4077
2024-05-04 08:00:00,5.0000,5111.2166,3671.6166
2024-05-04 09:00:00,4.0000,5084.9293,3933.2493
2024-05-04 10:00:00,4.0000,5112.1558,3960.4758
2024-05-04 11:00:00,4.5000,5160.9024,3865.2624
2024-05-04 12:00:00,5.0000,5417.7485,3978.1485
2024-05-04 13:00:00,4.5000,5149.2087,3853.5687
2024-05-04 14:00:00,4.0000,4651.6930,3500.0130
2024-05-04 15:00:00,4.0000,4093.2554,2941.5754
2024-05-04 16:00:00,4.0000,3397.3806,2245.7006
2024-05-04 17:00:00,6.0000,3622.5616,1895.0416
2024-05-04 18:00:00,7.0000,2149.9306,134.4906
2024-05-04 19:00:00,7.5000,2159.4000,0.0000
2024-05-04 20:00:00,7.0000,2015.4400,0.0000
2024-05-04 21:00:00,6.0000,1727.5200,0.0000
2024-05-04 22:00:00,5.0000,1439.6000,0.0000
2024-05-04 23:00:00,4.0000,1151.6800,0.0000
2024-05-05 00:00:00,2.0000,575.8400,0.0000
2024-05-05 01:00:00,2.0000,575.8400,0.0000
2024-05-05 02:00:00,2.0000,575.8400,0.0000
2024-05-05 03:00:00,2.0000,575.8400,0.0000
2024-05-05 04:00:00,2.0000,2246.5957,1670.7557
2024-05-05 05:00:00,2.0000,2639.2440,2063.4040
2024-05-05 06:00:00,5.0000,3977.5066,2537.9066
2024-05-05 07:00:00,6.0000,4926.4135,3198.8935
2024-05-05 08:00:00,5.0000,5115.7103,3676.1103
2024-05-05 09:00:00,4.0000,5088.7155,3937.0355
2024-05-05 10:00:00,4.0000,5115.5673,3963.8873
2024-05-05 11:00:00,4.5000,5164.9076,3869.2676
2024-05-05 12:00:00,5.0000,5421.2547,3981.6547
2024-05-05 13:00:00,4.5000,5152.5679,3856.9279
2024-05-05 14:00:00,4.0000,4655.2669,3503.5869
2024-05-05 15:00:00,4.0000,4097.3915,2945.7115
2024-05-05 16:00:00,4.0000,3411.0210,2259.3410
2024-05-05 17:00:00,6.0000,3636.6088,1909.0888
2024-05-05 18:00:00,7.0000,2163.7430,148.3030
2024-05-05 19:00:00,7.5000,2159.4000,0.0000
2024-05-05 20:00:00,7.0000,2015.4400,0.0000
2024-05-05 21:00:00,6.0000,1727.5200,0.0000
2024-05-05 22:00:00,5.0000,1439.6000,0.0000
2024-05-05 23:00:00,4.0000,1151.6800,0.0000
2024-05-06 00:00:00,2.0000,575.8400,0.0000
2024-05-06 01:00:00,2.0000,575.8400,0.0000
2024-05-06 02:00:00,2.0000,575.8400,0.0000
2024-05-06 03:00:00,2.0000,575.8400,0.0000
2024-05-06 04:00:00,2.0000,2261.7759,1685.9359
2024-05-06 05:00:00,2.0000,2653.7620,2077.9220
2024-05-06 06:00:00,5.0000,3983.9196,2544.3196
2024-05-06 07:00:00,6.0000,4931.6443,3204.1243
2024-05-06 08:00:00,5.0000,5119.9826,3680.3826
2024-05-06 09:00:00,3.0000,4804.3981,3940.6381
2024-05-06 10:00:00,3.0000,4830.9150,3967.1550
2024-05-06 11:00:00,3.5000,4880.7952,3873.0752
2024-05-06 12:00:00,4.0000,5136.6827,3985.0027
2024-05-06 13:00:00,3.5000,4867.8882,3860.1682
2024-05-06 14:00:00,3.0000,4370.8389,3507.0789
2024-05-06 15:00:00,3.0000,3813.5573,2949.7973
2024-05-06 16:00:00,3.0000,3136.5008,2272.7408
2024-05-06 17:00:00,5.0000,3362.5089,1922.9089
2024-05-06 18:00:00,6.0000,1889.4744,161.9544
2024-05-06 19:00:00,7.0000,2015.4400,0.0000
2024-05-06 20:00:00,6.0000,1727.5200,0.0000
2024-05-06 21:00:00,5.0000,1439.6000,0.0000
2024-05-06 22:00:00,4.0000,1151.6800,0.0000
2024-05-06 23:00:00,3.0000,863.7600,0.0000
2024-05-07 00:00:00,2.0000,575.8400,0.0000
2024-05-07 01:00:00,2.0000,575.8400,0.0000
2024-05-07 02:00:00,2.0000,575.8400,0.0000
2024-05-07 03:00:00,2.0000,575.8400,0.0000
2024-05-07 04:00:00,2.0000,2276.5913,1700.7513
2024-05-07 05:00:00,2.0000,2667.9265,2092.0865
2024-05-07 06:00:00,5.0000,3990.0525,2550.4525
2024-05-07 07:00:00,6.0000,4936.6231,3209.1031
2024-05-07 08:00:00,5.0000,5124.0371,3684.4371
2024-05-07 09:00:00,3.0000,4807.8214,3944.0614
2024-05-07 10:00:00,3.0000,4834.0430,3970.2830
2024-05-07 11:00:00,3.5000,4884.4093,3876.6893
2024-05-07 12:00:00,4.0000,5139.8768,3988.1968
2024-05-07 13:00:00,3.5000,4871.0137,3863.2937
2024-05-07 14:00:00,3.0000,4374.2521,3510.4921
2024-05-07 15:00:00,3.0000,3817.5948,2953.8348
2024-05-07 16:00:00,3.0000,3149.6585,2285.8985
2024-05-07 17:00:00,5.0000,3376.0996,1936.4996
2024-05-07 18:00:00,6.0000,1902.9602,175.4402
2024-05-07 19:00:00,7.0000,2015.4400,0.0000
2024-05-07 20:00:00,6.0000,1727.5200,0.0000
2024-05-07 21:00:00,5.0000,1439.6000,0.0000
2024-05-07 22:00:00,4.0000,1151.6800,0.0000
2024-05-07 23:00:00,3.0000,863.7600,0.0000
2024-05-08 00:00:00,2.0000,575.8400,0.0000
2024-05-08 01:00:00,2.0000,575.8400,0.0000
2024-05-08 02:00:00,2.0000,575.8400,0.0000
2024-05-08 03:00:00,2.0000,575.8400,0.0000
2024-05-08 04:00:00,2.0000,2291.0396,1715.1996
2024-05-08 05:00:00,2.0000,2681.7359,2105.8959
2024-05-08 06:00:00,5.0000,3995.9073,2556.3073
2024-05-08 07:00:00,6.0000,4941.3529,3213.8329
2024-05-08 08:00:00,5.0000,5127.8778,3688.2778
2024-05-08 09:00:00,3.0000,4811.0695,3947.3095
2024-05-08 10:00:00,3.0000,4837.0353,3973.2753
2024-05-08 11:00:00,3.5000,4887.8341,3880.1141
2024-05-08 12:00:00,4.0000,5142.9210,3991.2410
2024-05-08 13:00:00,3.5000,4874.0281,3866.3081
2024-05-08 14:00:00,3.0000,4377.5895,3513.8295
2024-05-08 15:00:00,3.0000,3821.5861,2957.8261
2024-05-08 16:00:00,3.0000,3162.5726,2298.8126
2024-05-08 17:00:00,5.0000,3389.4589,1949.8589
2024-05-08 18:00:00,6.0000,1916.2759,188.7559
2024-05-08 19:00:00,7.0000,2015.4400,0.0000
2024-05-08 20:00:00,6.0000,1727.5200,0.0000
2024-05-08 21:00:00,5.0000,1439.6000,0.0000
2024-05-08 22:00:00,4.0000,1151.6800,0.0000
2024-05-08 23:00:00,3.0000,863.7600,0.0000
2024-05-09 00:00:00,2.0000,575.8400,0.0000
2024-05-09 01:00:00,2.0000,575.8400,0.0000
2024-05-09 02:00:00,2.0000,575.8400,0.0000
2024-05-09 03:00:00,2.0000,575.8400,0.0000
2024-05-09 04:00:00,2.0000,2305.1191,1729.2791
2024-05-09 05:00:00,2.0000,2695.1890,2119.3490
2024-05-09 06:00:00,5.0000,4001.4863,2561.8863
2024-05-09 07:00:00,6.0000,4945.8371,3218.3171
2024-05-09 08:00:00,5.0000,5131.5087,3691.9087
2024-05-09 09:00:00,3.0000,4814.1467,3950.3867
2024-05-09 10:00:00,3.0000,4839.8963,3976.1363
2024-05-09 11:00:00,3.5000,4891.0737,3883.3537
2024-05-09 12:00:00,4.0000,5145.8196,3994.1396
2024-05-09 13:00:00,3.5000,4876.9353,3869.2153
2024-05-09 14:00:00,3.0000,4380.8543,3517.0943
2024-05-09 15:00:00,3.0000,3825.5329,2961.7729
2024-05-09 16:00:00,3.0000,3175.2414,2311.4814
2024-05-09 17:00:00,5.0000,3402.5845,1962.9845
2024-05-09 18:00:00,6.0000,1929.4168,201.8968
2024-05-09 19:00:00,7.0000,2015.4400,0.0000
2024-05-09 20:00:00,6.0000,1727.5200,0.0000
2024-05-09 21:00:00,5.0000,1439.6000,0.0000
2024-05-09 22:00:00,4.0000,1151.6800,0.0000
2024-05-09 23:00:00,3.0000,863.7600,0.0000
2024-05-10 00:00:00,2.0000,575.8400,0.0000
2024-05-10 01:00:00,2.0000,575.8400,0.0000
2024-05-10 02:00:00,2.0000,575.8400,0.0000
2024-05-10 03:00:00,2.0000,575.8400,0.0000
2024-05-10 04:00:00,2.0000,2318.8279,1742.9879
2024-05-10 05:00:00,2.0000,2708.2846,2132.4446
2024-05-10 06:00:00,5.0000,4006.7920,2567.1920
2024-05-10 07:00:00,6.0000,4950.0791,3222.5591
2024-05-10 08:00:00,5.0000,5134.9338,3695.3338
2024-05-10 09:00:00,3.0000,4817.0573,3953.2973
2024-05-10 10:00:00,3.0000,4842.6298,3978.8698
2024-05-10 11:00:00,3.5000,4894.1325,3886.4125
2024-05-10 12:00:00,4.0000,5148.5769,3996.8969
2024-05-10 13:00:00,3.5000,4879.7390,3872.0190
2024-05-10 14:00:00,3.0000,4384.0492,3520.2892
2024-05-10 15:00:00,3.0000,3829.4371,2965.6771
2024-05-10 16:00:00,3.0000,3187.6637,2323.9037
2024-05-10 17:00:00,5.0000,3415.4742,1975.8742
2024-05-10 18:00:00,6.0000,1942.3784,214.8584
2024-05-10 19:00:00,7.0000,2015.4400,0.0000
2024-05-10 20:00:00,6.0000,1727.5200,0.0000
2024-05-10 21:00:00,5.0000,1439.6000,0.0000
2024-05-10 22:00:00,4.0000,1151.6800,0.0000
2024-05-10 23:00:00,3.0000,863.7600,0.0000
2024-05-11 00:00:00,2.0000,575.8400,0.0000
2024-05-11 01:00:00,2.0000,575.8400,0.0000
2024-05-11 02:00:00,2.0000,575.8400,0.0000
2024-05-11 03:00:00,2.0000,575.8400,0.0000
2024-05-11 04:00:00,2.0000,2332.1644,1756.3244
2024-05-11 05:00:00,2.0000,2721.0218,2145.1818
2024-05-11 06:00:00,5.0000,4011.8270,2572.2270
2024-05-11 07:00:00,6.0000,4954.0826,3226.5626
2024-05-11 08:00:00,5.0000,5138.1574,3698.5574
2024-05-11 09:00:00,4.0000,5107.7257,3956.0457
2024-05-11 10:00:00,4.0000,5133.1602,3981.4802
2024-05-11 11:00:00,4.5000,5184.9347,3889.2947
2024-05-11 12:00:00,5.0000,5439.1171,3999.5171
2024-05-11 13:00:00,4.5000,5170.3631,3874.7231
2024-05-11 14:00:00,4.0000,4675.0972,3523.4172
2024-05-11 15:00:00,4.0000,4121.2204,2969.5404
2024-05-11 16:00:00,4.0000,3487.7580,2336.0780
2024-05-11 17:00:00,6.0000,3716.0459,1988.5259
2024-05-11 18:00:00,7.0000,2243.0761,227.6361
2024-05-11 19:00:00,7.5000,2159.4000,0.0000
2024-05-11 20:00:00,7.0000,2015.4400,0.0000
2024-05-11 21:00:00,6.0000,1727.5200,0.0000
2024-05-11 22:00:00,5.0000,1439.6000,0.0000
2024-05-11 23:00:00,4.0000,1151.6800,0.0000
2024-05-12 00:00:00,2.0000,575.8400,0.0000
2024-05-12 01:00:00,2.0000,575.8400,0.0000
2024-05-12 02:00:00,2.0000,575.8400,0.0000
2024-05-12 03:00:00,2.0000,575.8400,0.0000
2024-05-12 04:00:00,2.0000,2345.1273,1769.2873
2024-05-12 05:00:00,2.0000,2733.3998,2157.5598
2024-05-12 06:00:00,5.0000,4016.5941,2576.9941
2024-05-12 07:00:00,6.0000,4957.8512,3230.3312
2024-05-12 08:00:00,5.0000,5141.1837,3701.5837
2024-05-12 09:00:00,4.0000,5110.3163,3958.6363
2024-05-12 10:00:00,4.0000,5135.6515,3983.9715
2024-05-12 11:00:00,4.5000,5187.6448,3892.0048
2024-05-12 12:00:00,5.0000,5441.6045,4002.0045
2024-05-12 13:00:00,4.5000,5172.9711,3877.3311
2024-05-12 14:00:00,4.0000,4678.1611,3526.4811
2024-05-12 15:00:00,4.0000,4125.0442,2973.3642
2024-05-12 16:00:00,4.0000,3499.6828,2348.0028
2024-05-12 17:00:00,6.0000,3728.4576,2000.9376
2024-05-12 18:00:00,7.0000,2255.6653,240.2253
2024-05-12 19:00:00,7.5000,2159.4000,0.0000
2024-05-12 20:00:00,7.0000,2015.4400,0.0000
2024-05-12 21:00:00,6.0000,1727.5200,0.0000
2024-05-12 22:00:00,5.0000,1439.6000,0.0000
2024-05-12 23:00:00,4.0000,1151.6800,0.0000
2024-05-13 00:00:00,2.0000,575.8400,0.0000
2024-05-13 01:00:00,2.0000,575.8400,0.0000
2024-05-13 02:00:00,2.0000,575.8400,0.0000
2024-05-13 03:00:00,2.0000,575.8400,0.0000
2024-05-13 04:00:00,2.0000,2357.7156,1781.8756
2024-05-13 05:00:00,2.0000,2745.4182,2169.5782
2024-05-13 06:00:00,5.0000,4021.0963,2581.4963
2024-05-13 07:00:00,6.0000,4961.3889,3233.8689
2024-05-13 08:00:00,5.0000,5144.0170,3704.4170
2024-05-13 09:00:00,3.0000,4824.8335,3961.0735
2024-05-13 10:00:00,3.0000,4850.1077,3986.3477
2024-05-13 11:00:00,3.5000,4902.2673,3894.5473
2024-05-13 12:00:00,4.0000,5156.0433,4004.3633
2024-05-13 13:00:00,3.5000,4887.5669,3879.8469
2024-05-13 14:00:00,3.0000,4393.2436,3529.4836
2024-05-13 15:00:00,3.0000,3840.9101,2977.1501
2024-05-13 16:00:00,3.0000,3223.4369,2359.6769
2024-05-13 17:00:00,5.0000,3452.7072,2013.1072
2024-05-13 18:00:00,6.0000,1980.1414,252.6214
2024-05-13 19:00:00,7.0000,2015.4400,0.0000
2024-05-13 20:00:00,6.0000,1727.5200,0.0000
2024-05-13 21:00:00,5.0000,1439.6000,0.0000
2024-05-13 22:00:00,4.0000,1151.6800,0.0000
2024-05-13 23:00:00,3.0000,863.7600,0.0000
2024-05-14 00:00:00,2.0000,575.8400,0.0000
2024-05-14 01:00:00,2.0000,575.8400,0.0000
2024-05-14 02:00:00,2.0000,575.8400,0.0000
2024-05-14 03:00:00,2.0000,575.8400,0.0000
2024-05-14 04:00:00,2.0000,2369.9281,1794.0881
2024-05-14 05:00:00,2.0000,2757.0763,2181.2363
2024-05-14 06:00:00,5.0000,4025.3368,2585.7368
2024-05-14 07:00:00,6.0000,4964.6997,3237.1797
2024-05-14 08:00:00,5.0000,5146.6619,3707.0619
2024-05-14 09:00:00,3.0000,4827.1218,3963.3618
2024-05-14 10:00:00,3.0000,4852.3730,3988.6130
2024-05-14 11:00:00,3.5000,4904.6466,3896.9266
2024-05-14 12:00:00,4.0000,5158.2778,4006.5978
2024-05-14 13:00:00,3.5000,4889.9938,3882.2738
2024-05-14 14:00:00,3.0000,4396.1872,3532.4272
2024-05-14 15:00:00,3.0000,3844.6592,2980.8992
2024-05-14 16:00:00,3.0000,3234.8589,2371.0989
2024-05-14 17:00:00,5.0000,3464.6325,2025.0325
2024-05-14 18:00:00,6.0000,1992.3398,264.8198
2024-05-14 19:00:00,7.0000,2015.4400,0.0000
2024-05-14 20:00:00,6.0000,1727.5200,0.0000
2024-05-14 21:00:00,5.0000,1439.6000,0.0000
2024-05-14 22:00:00,4.0000,1151.6800,0.0000
2024-05-14 23:00:00,3.0000,863.7600,0.0000
2024-05-15 00:00:00,2.0000,575.8400,0.0000
2024-05-15 01:00:00,2.0000,575.8400,0.0000
2024-05-15 02:00:00,2.0000,575.8400,0.0000
2024-05-15 03:00:00,2.0000,575.8400,0.0000
2024-05-15 04:00:00,2.0000,2381.7641,1805.9241
2024-05-15 05:00:00,2.0000,2768.3740,2192.5340
2024-05-15 06:00:00,5.0000,4029.3190,2589.7190
2024-05-15 07:00:00,6.0000,4967.7876,3240.2676
2024-05-15 08:00:00,5.0000,5149.1228,3709.5228
2024-05-15 09:00:00,3.0000,4829.2656,3965.5056
2024-05-15 10:00:00,3.0000,4854.5313,3990.7713
2024-05-15 11:00:00,3.5000,4906.8672,3899.1472
2024-05-15 12:00:00,4.0000,5160.3922,4008.7122
2024-05-15 13:00:00,3.5000,4892.3356,3884.6156
2024-05-15 14:00:00,3.0000,4399.0744,3535.3144
2024-05-15 15:00:00,3.0000,3848.3729,2984.6129
2024-05-15 16:00:00,3.0000,3246.0276,2382.2676
2024-05-15 17:00:00,5.0000,3476.3116,2036.7116
2024-05-15 18:00:00,6.0000,2004.3361,276.8161
2024-05-15 19:00:00,7.0000,2015.4400,0.0000
2024-05-15 20:00:00,6.0000,1727.5200,0.0000
2024-05-15 21:00:00,5.0000,1439.6000,0.0000
2024-05-15 22:00:00,4.0000,1151.6800,0.0000
2024-05-15 23:00:00,3.0000,863.7600,0.0000
2024-05-16 00:00:00,2.0000,575.8400,0.0000
2024-05-16 01:00:00,2.0000,575.8400,0.0000
2024-05-16 02:00:00,2.0000,575.8400,0.0000
2024-05-16 03:00:00,2.0000,582.1671,6.3271
2024-05-16 04:00:00,2.0000,2393.2231,1817.3831
2024-05-16 05:00:00,2.0000,2779.3111,2203.4711
2024-05-16 06:00:00,5.0000,4033.0464,2593.4464
2024-05-16 07:00:00,6.0000,4970.6568,3243.1368
2024-05-16 08:00:00,5.0000,5151.4041,3711.8041
2024-05-16 09:00:00,3.0000,4831.2694,3967.5094
2024-05-16 10:00:00,3.0000,4856.5866,3992.8266
2024-05-16 11:00:00,3.5000,4908.9337,3901.2137
2024-05-16 12:00:00,4.0000,5162.3907,4010.7107
2024-05-16 13:00:00,3.5000,4894.5957,3886.8757
2024-05-16 14:00:00,3.0000,4401.9077,3538.1477
2024-05-16 15:00:00,3.0000,3852.0521,2988.2921
2024-05-16 16:00:00,3.0000,3256.9417,2393.1817
2024-05-16 17:00:00,5.0000,3487.7425,2048.1425
2024-05-16 18:00:00,6.0000,2016.1257,288.6057
2024-05-16 19:00:00,7.0000,2015.4400,0.0000
2024-05-16 20:00:00,6.0000,1727.5200,0.0000
2024-05-16 21:00:00,5.0000,1439.6000,0.0000
2024-05-16 22:00:00,4.0000,1151.6800,0.0000
2024-05-16 23:00:00,3.0000,863.7600,0.0000
2024-05-17 00:00:00,2.0000,575.8400,0.0000
2024-05-17 01:00:00,2.0000,575.8400,0.0000
2024-05-17 02:00:00,2.0000,575.8400,0.0000
2024-05-17 03:00:00,2.0000,593.6241,17.7841
2024-05-17 04:00:00,2.0000,2404.3045,1828.4645
2024-05-17 05:00:00,2.0000,2789.8878,2214.0478
2024-05-17 06:00:00,5.0000,4036.5224,2596.9224
2024-05-17 07:00:00,6.0000,4973.3117,3245.7917
2024-05-17 08:00:00,5.0000,5153.5106,3713.9106
2024-05-17 09:00:00,3.0000,4833.1375,3969.3775
2024-05-17 10:00:00,3.0000,4858.5429,3994.7829
2024-05-17 11:00:00,3.5000,4910.8506,3903.1306
2024-05-17 12:00:00,4.0000,5164.2775,4012.5975
2024-05-17 13:00:00,3.5000,4896.7774,3889.0574
2024-05-17 14:00:00,3.0000,4404.6894,3540.9294
2024-05-17 15:00:00,3.0000,3855.6979,2991.9379
2024-05-17 16:00:00,3.0000,3267.5998,2403.8398
2024-05-17 17:00:00,5.0000,3498.9230,2059.3230
2024-05-17 18:00:00,6.0000,2027.7040,300.1840
2024-05-17 19:00:00,7.0000,2015.4400,0.0000
2024-05-17 20:00:00,6.0000,1727.5200,0.0000
2024-05-17 21:00:00,5.0000,1439.6000,0.0000
2024-05-17 22:00:00,4.0000,1151.6800,0.0000
2024-05-17 23:00:00,3.0000,863.7600,0.0000
2024-05-18 00:00:00,2.0000,575.8400,0.0000
2024-05-18 01:00:00,2.0000,575.8400,0.0000
2024-05-18 02:00:00,2.0000,575.8400,0.0000
2024-05-18 03:00:00,2.0000,604.7119,28.8719
2024-05-18 04:00:00,2.0000,2415.0081,1839.1681
2024-05-18 05:00:00,2.0000,2800.1041,2224.2641
2024-05-18 06:00:00,5.0000,4039.7510,2600.1510
2024-05-18 07:00:00,6.0000,4975.7566,3248.2366
2024-05-18 08:00:00,5.0000,5155.4468,3715.8468
2024-05-18 09:00:00,4.0000,5122.7946,3971.1146
2024-05-18 10:00:00,4.0000,5148.3240,3996.6440
2024-05-18 11:00:00,4.5000,5200.5425,3904.9025
2024-05-18 12:00:00,5.0000,5453.9766,4014.3766
2024-05-18 13:00:00,4.5000,5186.8040,3891.1640
2024-05-18 14:00:00,4.0000,4695.3416,3543.6616
2024-05-18 15:00:00,4.0000,4147.2309,2995.5509
2024-05-18 16:00:00,4.0000,3565.9209,2414.2409
2024-05-18 17:00:00,6.0000,3797.7713,2070.2513
2024-05-18 18:00:00,7.0000,2326.9867,311.5467
2024-05-18 19:00:00,7.5000,2159.4000,0.0000
2024-05-18 20:00:00,7.0000,2015.4400,0.0000
2024-05-18 21:00:00,6.0000,1727.5200,0.0000
2024-05-18 22:00:00,5.0000,1439.6000,0.0000
2024-05-18 23:00:00,4.0000,1151.6800,0.0000
2024-05-19 00:00:00,2.0000,575.8400,0.0000
2024-05-19 01:00:00,2.0000,575.8400,0.0000
2024-05-19 02:00:00,2.0000,575.8400,0.0000
2024-05-19 03:00:00,2.0000,615.4283,39.5883
2024-05-19 04:00:00,2.0000,2425.3338,1849.4938
2024-05-19 05:00:00,2.0000,2809.9604,2234.1204
2024-05-19 06:00:00,5.0000,4042.7360,2603.1360
2024-05-19 07:00:00,6.0000,4977.9961,3250.4761
2024-05-19 08:00:00,5.0000,5157.2173,3717.6173
2024-05-19 09:00:00,4.0000,5124.4049,3972.7249
2024-05-19 10:00:00,4.0000,5150.0938,3998.4138
2024-05-19 11:00:00,4.5000,5202.1739,3906.5339
2024-05-19 12:00:00,5.0000,5455.6522,4016.0522
2024-05-19 13:00:00,4.5000,5188.8389,3893.1989
2024-05-19 14:00:00,4.0000,4698.0264,3546.3464
2024-05-19 15:00:00,4.0000,4150.8121,2999.1321
2024-05-19 16:00:00,4.0000,3576.0636,2424.3836
2024-05-19 17:00:00,6.0000,3808.4454,2080.9254
2024-05-19 18:00:00,7.0000,3687.5568,1672.1168
2024-05-19 19:00:00,7.5000,2159.4000,0.0000
2024-05-19 20:00:00,7.0000,2015.4400,0.0000
2024-05-19 21:00:00,6.0000,1727.5200,0.0000
2024-05-19 22:00:00,5.0000,1439.6000,0.0000
2024-05-19 23:00:00,4.0000,1151.6800,0.0000
2024-05-20 00:00:00,2.0000,575.8400,0.0000
2024-05-20 01:00:00,2.0000,575.8400,0.0000
2024-05-20 02:00:00,2.0000,575.8400,0.0000
2024-05-20 03:00:00,2.0000,625.7711,49.9311
2024-05-20 04:00:00,2.0000,2435.2815,1859.4415
2024-05-20 05:00:00,2.0000,2819.4571,2243.6171
2024-05-20 06:00:00,5.0000,4045.4814,2605.8814
2024-05-20 07:00:00,6.0000,4980.0345,3252.5145
2024-05-20 08:00:00,5.0000,5158.8269,3719.2269
2024-05-20 09:00:00,3.0000,4837.9730,3974.2130
2024-05-20 10:00:00,3.0000,4863.8559,4000.0959
2024-05-20 11:00:00,3.5000,4915.7494,3908.0294
2024-05-20 12:00:00,4.0000,5169.3082,4017.6282
2024-05-20 13:00:00,3.5000,4902.8851,3895.1651
2024-05-20 14:00:00,3.0000,4412.7458,3548.9858
2024-05-20 15:00:00,3.0000,3866.4419,3002.6819
2024-05-20 16:00:00,3.0000,3298.0268,2434.2668
2024-05-20 17:00:00,5.0000,3530.9433,2091.3433
2024-05-20 18:00:00,6.0000,3410.6511,1683.1311
2024-05-20 19:00:00,7.0000,2015.4400,0.0000
2024-05-20 20:00:00,6.0000,1727.5200,0.0000
2024-05-20 21:00:00,5.0000,1439.6000,0.0000
2024-05-20 22:00:00,4.0000,1151.6800,0.0000
2024-05-20 23:00:00,3.0000,863.7600,0.0000
2024-05-21 00:00:00,2.0000,575.8400,0.0000
2024-05-21 01:00:00,2.0000,575.8400,0.0000
2024-05-21 02:00:00,2.0000,575.8400,0.0000
2024-05-21 03:00:00,2.0000,635.7387,59.8987
2024-05-21 04:00:00,2.0000,2444.8515,1869.0115
2024-05-21 05:00:00,2.0000,2828.5947,2252.7547
2024-05-21 06:00:00,5.0000,4047.9912,2608.3912
2024-05-21 07:00:00,6.0000,4981.8765,3254.3565
2024-05-21 08:00:00,5.0000,5160.2801,3720.6801
2024-05-21 09:00:00,3.0000,4839.3431,3975.5831
2024-05-21 10:00:00,3.0000,4865.4540,4001.6940
2024-05-21 11:00:00,3.5000,4917.1134,3909.3934
2024-05-21 12:00:00,4.0000,5170.7887,4019.1087
2024-05-21 13:00:00,3.5000,4904.7858,3897.0658
2024-05-21 14:00:00,3.0000,4415.3417,3551.5817
2024-05-21 15:00:00,3.0000,3869.9607,3006.2007
2024-05-21 16:00:00,3.0000,3307.6492,2443.8892
2024-05-21 17:00:00,5.0000,3541.1030,2101.5030
2024-05-21 18:00:00,6.0000,3421.4045,1693.8845
2024-05-21 19:00:00,7.0000,2015.4400,0.0000
2024-05-21 20:00:00,6.0000,1727.5200,0.0000
2024-05-21 21:00:00,5.0000,1439.6000,0.0000
2024-05-21 22:00:00,4.0000,1151.6800,0.0000
2024-05-21 23:00:00,3.0000,863.7600,0.0000
2024-05-22 00:00:00,2.0000,575.8400,0.0000
2024-05-22 01:00:00,2.0000,575.8400,0.0000
2024-05-22 02:00:00,2.0000,575.8400,0.0000
2024-05-22 03:00:00,2.0000,645.3295,69.4895
2024-05-22 04:00:00,2.0000,2454.0441,1878.2041
2024-05-22 05:00:00,2.0000,2837.3741,2261.5341
2024-05-22 06:00:00,5.0000,4050.2697,2610.6697
2024-05-22 07:00:00,6.0000,4983.5267,3256.0067
2024-05-22 08:00:00,5.0000,5161.5818,3721.9818
2024-05-22 09:00:00,3.0000,4840.5995,3976.8395
2024-05-22 10:00:00,3.0000,4866.9718,4003.2118
2024-05-22 11:00:00,3.5000,4918.3505,3910.6305
2024-05-22 12:00:00,4.0000,5172.1775,4020.4975
2024-05-22 13:00:00,3.5000,4906.6238,3898.9038
2024-05-22 14:00:00,3.0000,4417.8958,3554.1358
2024-05-22 15:00:00,3.0000,3873.4490,3009.6890
2024-05-22 16:00:00,3.0000,3317.0098,2453.2498
2024-05-22 17:00:00,5.0000,3551.0026,2111.4026
2024-05-22 18:00:00,6.0000,3431.8942,1704.3742
2024-05-22 19:00:00,7.0000,2015.4400,0.0000
2024-05-22 20:00:00,6.0000,1727.5200,0.0000
2024-05-22 21:00:00,5.0000,1439.6000,0.0000
2024-05-22 22:00:00,4.0000,1151.6800,0.0000
2024-05-22 23:00:00,3.0000,863.7600,0.0000
2024-05-23 00:00:00,2.0000,575.8400,0.0000
2024-05-23 01:00:00,2.0000,575.8400,0.0000
2024-05-23 02:00:00,2.0000,575.8400,0.0000
2024-05-23 03:00:00,2.0000,654.5419,78.7019
2024-05-23 04:00:00,2.0000,2462.8598,1887.0198
2024-05-23 05:00:00,2.0000,2845.7958,2269.9558
2024-05-23 06:00:00,5.0000,4052.3212,2612.7212
2024-05-23 07:00:00,6.0000,4984.9898,3257.4698
2024-05-23 08:00:00,5.0000,5162.7364,3723.1364
2024-05-23 09:00:00,3.0000,4841.7466,3977.9866
2024-05-23 10:00:00,3.0000,4868.4128,4004.6528
2024-05-23 11:00:00,3.5000,4919.4652,3911.7452
2024-05-23 12:00:00,4.0000,5173.4785,4021.7985
2024-05-23 13:00:00,3.5000,4908.4021,3900.6821
2024-05-23 14:00:00,3.0000,4420.4098,3556.6498
2024-05-23 15:00:00,3.0000,3876.9069,3013.1469
2024-05-23 16:00:00,3.0000,3326.1073,2462.3473
2024-05-23 17:00:00,5.0000,3560.6402,2121.0402
2024-05-23 18:00:00,6.0000,3442.1176,1714.5976
2024-05-23 19:00:00,7.0000,2015.4400,0.0000
2024-05-23 20:00:00,6.0000,1727.5200,0.0000
2024-05-23 21:00:00,5.0000,1439.6000,0.0000
2024-05-23 22:00:00,4.0000,1151.6800,0.0000
2024-05-23 23:00:00,3.0000,863.7600,0.0000
2024-05-24 00:00:00,2.0000,575.8400,0.0000
2024-05-24 01:00:00,2.0000,575.8400,0.0000
2024-05-24 02:00:00,2.0000,575.8400,0.0000
2024-05-24 03:00:00,2.0000,663.3748,87.5348
2024-05-24 04:00:00,2.0000,2471.2990,1895.4590
2024-05-24 05:00:00,2.0000,2853.8609,2278.0209
2024-05-24 06:00:00,5.0000,4054.1499,2614.5499
2024-05-24 07:00:00,6.0000,4986.2705,3258.7505
2024-05-24 08:00:00,5.0000,5163.7488,3724.1488
2024-05-24 09:00:00,3.0000,4842.7886,3979.0286
2024-05-24 10:00:00,3.0000,4869.7804,4006.0204
2024-05-24 11:00:00,3.5000,4920.4618,3912.7418
2024-05-24 12:00:00,4.0000,5174.6954,4023.0154
2024-05-24 13:00:00,3.5000,4910.1233,3902.4033
2024-05-24 14:00:00,3.0000,4422.8850,3559.1250
2024-05-24 15:00:00,3.0000,3880.3344,3016.5744
2024-05-24 16:00:00,3.0000,3334.9406,2471.1806
2024-05-24 17:00:00,5.0000,3570.0138,2130.4138
2024-05-24 18:00:00,6.0000,3452.0719,1724.5519
2024-05-24 19:00:00,7.0000,2015.4400,0.0000
2024-05-24 20:00:00,6.0000,1727.5200,0.0000
2024-05-24 21:00:00,5.0000,1439.6000,0.0000
2024-05-24 22:00:00,4.0000,1151.6800,0.0000
2024-05-24 23:00:00,3.0000,863.7600,0.0000
2024-05-25 00:00:00,2.0000,575.8400,0.0000
2024-05-25 01:00:00,2.0000,575.8400,0.0000
2024-05-25 02:00:00,2.0000,575.8400,0.0000
2024-05-25 03:00:00,2.0000,671.8271,95.9871
2024-05-25 04:00:00,2.0000,2479.3625,1903.5225
2024-05-25 05:00:00,2.0000,2861.5704,2285.7304
2024-05-25 06:00:00,5.0000,4055.7604,2616.1604
2024-05-25 07:00:00,6.0000,4987.3735,3259.8535
2024-05-25 08:00:00,5.0000,5164.6234,3725.0234
2024-05-25 09:00:00,4.0000,5131.6496,3979.9696
2024-05-25 10:00:00,4.0000,5158.9979,4007.3179
2024-05-25 11:00:00,4.5000,5209.2647,3913.6247
2024-05-25 12:00:00,5.0000,5463.7519,4024.1519
2024-05-25 13:00:00,4.5000,5199.7102,3904.0702
2024-05-25 14:00:00,4.0000,4713.2430,3561.5630
2024-05-25 15:00:00,4.0000,4171.6516,3019.9716
2024-05-25 16:00:00,4.0000,3631.4285,2479.7485
2024-05-25 17:00:00,6.0000,3867.0416,2139.5216
2024-05-25 18:00:00,7.0000,3749.6745,1734.2345
2024-05-25 19:00:00,7.5000,2159.4000,0.0000
2024-05-25 20:00:00,7.0000,2015.4400,0.0000
2024-05-25 21:00:00,6.0000,1727.5200,0.0000
2024-05-25 22:00:00,5.0000,1439.6000,0.0000
2024-05-25 23:00:00,4.0000,1151.6800,0.0000
2024-05-26 00:00:00,2.0000,575.8400,0.0000
2024-05-26 01:00:00,2.0000,575.8400,0.0000
2024-05-26 02:00:00,2.0000,575.8400,0.0000
2024-05-26 03:00:00,2.0000,679.8979,104.0579
2024-05-26 04:00:00,2.0000,2487.0512,1911.2112
2024-05-26 05:00:00,2.0000,2868.9252,2293.0852
2024-05-26 06:00:00,5.0000,4057.1570,2617.5570
2024-05-26 07:00:00,6.0000,4988.3036,3260.7836
2024-05-26 08:00:00,5.0000,5165.3650,3725.7650
2024-05-26 09:00:00,4.0000,5132.4937,3980.8137
2024-05-26 10:00:00,4.0000,5160.2285,4008.5485
2024-05-26 11:00:00,4.5000,5210.0383,3914.3983
2024-05-26 12:00:00,5.0000,5464.8116,4025.2116
2024-05-26 13:00:00,4.5000,5201.3253,3905.6853
2024-05-26 14:00:00,4.0000,4715.6450,3563.9650
2024-05-26 15:00:00,4.0000,4175.0183,3023.3383
2024-05-26 16:00:00,4.0000,3639.7299,2488.0499
2024-05-26 17:00:00,6.0000,3875.8816,2148.3616
2024-05-26 18:00:00,7.0000,3759.0827,1743.6427
2024-05-26 19:00:00,7.5000,2159.4000,0.0000
2024-05-26 20:00:00,7.0000,2015.4400,0.0000
2024-05-26 21:00:00,6.0000,1727.5200,0.0000
2024-05-26 22:00:00,5.0000,1439.6000,0.0000
2024-05-26 23:00:00,4.0000,1151.6800,0.0000
2024-05-27 00:00:00,2.0000,575.8400,0.0000
2024-05-27 01:00:00,2.0000,575.8400,0.0000
2024-05-27 02:00:00,2.0000,575.8400,0.0000
2024-05-27 03:00:00,2.0000,687.5865,111.7465
2024-05-27 04:00:00,2.0000,2494.3659,1918.5259
2024-05-27 05:00:00,2.0000,2875.9267,2300.0867
2024-05-27 06:00:00,5.0000,4058.3445,2618.7445
2024-05-27 07:00:00,6.0000,4989.0655,3261.5455
2024-05-27 08:00:00,5.0000,5165.9782,3726.3782
2024-05-27 09:00:00,3.0000,4845.3251,3981.5651
2024-05-27 10:00:00,3.0000,4873.4755,4009.7155
2024-05-27 11:00:00,3.5000,4922.7868,3915.0668
2024-05-27 12:00:00,4.0000,5177.8779,4026.1979
2024-05-27 13:00:00,3.5000,4914.9710,3907.2510
2024-05-27 14:00:00,3.0000,4430.0920,3566.3320
2024-05-27 15:00:00,3.0000,3890.4341,3026.6741
2024-05-27 16:00:00,3.0000,3359.8436,2496.0836
2024-05-27 17:00:00,5.0000,3596.5318,2156.9318
2024-05-27 18:00:00,6.0000,3480.2938,1752.7738
2024-05-27 19:00:00,7.0000,2015.4400,0.0000
2024-05-27 20:00:00,6.0000,1727.5200,0.0000
2024-05-27 21:00:00,5.0000,1439.6000,0.0000
2024-05-27 22:00:00,4.0000,1151.6800,0.0000
2024-05-27 23:00:00,3.0000,863.7600,0.0000
2024-05-28 00:00:00,2.0000,575.8400,0.0000
2024-05-28 01:00:00,2.0000,575.8400,0.0000
2024-05-28 02:00:00,2.0000,575.8400,0.0000
2024-05-28 03:00:00,2.0000,694.8923,119.0523
2024-05-28 04:00:00,2.0000,2501.3076,1925.4676
2024-05-28 05:00:00,2.0000,2882.5760,2306.7360
2024-05-28 06:00:00,5.0000,4059.3273,2619.7273
2024-05-28 07:00:00,6.0000,4989.6639,3262.1439
2024-05-28 08:00:00,5.0000,5166.4674,3726.8674
2024-05-28 09:00:00,3.0000,4845.9875,3982.2275
2024-05-28 10:00:00,3.0000,4874.5819,4010.8219
2024-05-28 11:00:00,3.5000,4923.3545,3915.6345
2024-05-28 12:00:00,4.0000,5178.7944,4027.1144
2024-05-28 13:00:00,3.5000,4916.4896,3908.7696
2024-05-28 14:00:00,3.0000,4432.4252,3568.6652
2024-05-28 15:00:00,3.0000,3893.7387,3029.9787
2024-05-28 16:00:00,3.0000,3367.6084,2503.8484
2024-05-28 17:00:00,5.0000,3604.8305,2165.2305
2024-05-28 18:00:00,6.0000,3489.1453,1761.6253
2024-05-28 19:00:00,7.0000,2015.4400,0.0000
2024-05-28 20:00:00,6.0000,1727.5200,0.0000
2024-05-28 21:00:00,5.0000,1439.6000,0.0000
2024-05-28 22:00:00,4.0000,1151.6800,0.0000
2024-05-28 23:00:00,3.0000,863.7600,0.0000
2024-05-29 00:00:00,2.0000,575.8400,0.0000
2024-05-29 01:00:00,2.0000,575.8400,0.0000
2024-05-29 02:00:00,2.0000,575.8400,0.0000
2024-05-29 03:00:00,2.0000,701.8149,125.9749
2024-05-29 04:00:00,2.0000,2507.8776,1932.0376
2024-05-29 05:00:00,2.0000,2888.8744,2313.0344
2024-05-29 06:00:00,5.0000,4060.1101,2620.5101
2024-05-29 07:00:00,6.0000,4990.1037,3262.5837
2024-05-29 08:00:00,5.0000,5166.8371,3727.2371
2024-05-29 09:00:00,3.0000,4846.5649,3982.8049
2024-05-29 10:00:00,3.0000,4875.6305,4011.8705
2024-05-29 11:00:00,3.5000,4923.8254,3916.1054
2024-05-29 12:00:00,4.0000,5179.6442,4027.9642
2024-05-29 13:00:00,3.5000,4917.9634,3910.2434
2024-05-29 14:00:00,3.0000,4434.7254,3570.9654
2024-05-29 15:00:00,3.0000,3897.0114,3033.2514
2024-05-29 16:00:00,3.0000,3375.1031,2511.3431
2024-05-29 17:00:00,5.0000,3612.8556,2173.2556
2024-05-29 18:00:00,6.0000,3497.7145,1770.1945
2024-05-29 19:00:00,7.0000,2015.4400,0.0000
2024-05-29 20:00:00,6.0000,1727.5200,0.0000
2024-05-29 21:00:00,5.0000,1439.6000,0.0000
2024-05-29 22:00:00,4.0000,1151.6800,0.0000
2024-05-29 23:00:00,3.0000,863.7600,0.0000
2024-05-30 00:00:00,2.0000,575.8400,0.0000
2024-05-30 01:00:00,2.0000,575.8400,0.0000
2024-05-30 02:00:00,2.0000,575.8400,0.0000
2024-05-30 03:00:00,2.0000,708.3542,132.5142
2024-05-30 04:00:00,2.0000,2514.0770,1938.2370
2024-05-30 05:00:00,2.0000,2894.8234,2318.9834
2024-05-30 06:00:00,5.0000,4064.9618,2625.3618
2024-05-30 07:00:00,6.0000,4990.3896,3262.8696
2024-05-30 08:00:00,5.0000,5167.0918,3727.4918
2024-05-30 09:00:00,3.0000,4847.0611,3983.3011
2024-05-30 10:00:00,3.0000,4876.6243,4012.8643
2024-05-30 11:00:00,3.5000,4924.2037,3916.4837
2024-05-30 12:00:00,4.0000,5180.4307,4028.7507
2024-05-30 13:00:00,3.5000,4919.3943,3911.6743
2024-05-30 14:00:00,3.0000,4436.9933,3573.2333
2024-05-30 15:00:00,3.0000,3900.2516,3036.4916
2024-05-30 16:00:00,3.0000,3382.3267,2518.5667
2024-05-30 17:00:00,5.0000,3620.6053,2181.0053
2024-05-30 18:00:00,6.0000,3505.9988,1778.4788
2024-05-30 19:00:00,7.0000,2015.4400,0.0000
2024-05-30 20:00:00,6.0000,1727.5200,0.0000
2024-05-30 21:00:00,5.0000,1439.6000,0.0000
2024-05-30 22:00:00,4.0000,1151.6800,0.0000
2024-05-30 23:00:00,3.0000,863.7600,0.0000
2024-05-31 00:00:00,2.0000,575.8400,0.0000
2024-05-31 01:00:00,2.0000,575.8400,0.0000
2024-05-31 02:00:00,2.0000,575.8400,0.0000
2024-05-31 03:00:00,2.0000,714.5099,138.6699
2024-05-31 04:00:00,2.0000,2519.9071,1944.0671
2024-05-31 05:00:00,2.0000,2900.4245,2324.5845
2024-05-31 06:00:00,5.0000,4070.4646,2630.8646
2024-05-31 07:00:00,6.0000,4990.5263,3263.0063
2024-05-31 08:00:00,5.0000,5167.2360,3727.6360
2024-05-31 09:00:00,3.0000,4847.4797,3983.7197
2024-05-31 10:00:00,3.0000,4877.5658,4013.8058
2024-05-31 11:00:00,3.5000,4924.4932,3916.7732
2024-05-31 12:00:00,4.0000,5181.1568,4029.4768
2024-05-31 13:00:00,3.5000,4920.7844,3913.0644
2024-05-31 14:00:00,3.0000,4439.2295,3575.4695
2024-05-31 15:00:00,3.0000,3903.4586,3039.6986
2024-05-31 16:00:00,3.0000,3389.2779,2525.5179
2024-05-31 17:00:00,5.0000,3628.0777,2188.4777
2024-05-31 18:00:00,6.0000,3513.9956,1786.4756
2024-05-31 19:00:00,7.0000,2015.4400,0.0000
2024-05-31 20:00:00,6.0000,1727.5200,0.0000
2024-05-31 21:00:00,5.0000,1439.6000,0.0000
2024-05-31 22:00:00,4.0000,1151.6800,0.0000
2024-05-31 23:00:00,3.0000,863.7600,0.0000
2024-06-01 00:00:00,2.0000,575.8400,0.0000
2024-06-01 01:00:00,2.0000,575.8400,0.0000
2024-06-01 02:00:00,2.0000,575.8400,0.0000
2024-06-01 03:00:00,2.0000,715.8520,140.0120
2024-06-01 04:00:00,2.0000,2703.7944,2127.9544
2024-06-01 05:00:00,2.0000,3047.8222,2471.9822
2024-06-01 06:00:00,5.0000,4171.5652,2731.9652
2024-06-01 07:00:00,6.0000,5095.8657,3368.3457
2024-06-01 08:00:00,5.0000,5270.9232,3831.3232
2024-06-01 09:00:00,4.0000,5224.5374,4072.8574
2024-06-01 10:00:00,4.0000,5228.1680,4076.4880
2024-06-01 11:00:00,4.5000,5252.0404,3956.4004
2024-06-01 12:00:00,5.0000,5542.9041,4103.3041
2024-06-01 13:00:00,4.5000,5305.8694,4010.2294
2024-06-01 14:00:00,4.0000,4835.1992,3683.5192
2024-06-01 15:00:00,4.0000,4297.1181,3145.4381
2024-06-01 16:00:00,4.0000,3797.9736,2646.2936
2024-06-01 17:00:00,6.0000,4080.1463,2352.6263
2024-06-01 18:00:00,7.0000,3998.4881,1983.0481
2024-06-01 19:00:00,7.5000,2159.4000,0.0000
2024-06-01 20:00:00,7.0000,2015.4400,0.0000
2024-06-01 21:00:00,6.0000,1727.5200,0.0000
2024-06-01 22:00:00,5.0000,1439.6000,0.0000
2024-06-01 23:00:00,4.0000,1151.6800,0.0000
2024-06-02 00:00:00,2.0000,575.8400,0.0000
2024-06-02 01:00:00,2.0000,575.8400,0.0000
2024-06-02 02:00:00,2.0000,575.8400,0.0000
2024-06-02 03:00:00,2.0000,721.0759,145.2359
2024-06-02 04:00:00,2.0000,2708.7831,2132.9431
2024-06-02 05:00:00,2.0000,3052.6874,2476.8474
2024-06-02 06:00:00,5.0000,4176.4381,2736.8381
2024-06-02 07:00:00,6.0000,5095.0369,3367.5169
2024-06-02 08:00:00,5.0000,5270.2143,3830.6143
2024-06-02 09:00:00,4.0000,5224.2139,4072.5339
2024-06-02 10:00:00,4.0000,5228.4694,4076.7894
2024-06-02 11:00:00,4.5000,5251.4556,3955.8156
2024-06-02 12:00:00,5.0000,5542.8053,4103.2053
2024-06-02 13:00:00,4.5000,5306.4805,4010.8405
2024-06-02 14:00:00,4.0000,4836.6959,3685.0159
2024-06-02 15:00:00,4.0000,4299.6158,3147.9358
2024-06-02 16:00:00,4.0000,3804.1250,2652.4450
2024-06-02 17:00:00,6.0000,4086.7927,2359.2727
2024-06-02 18:00:00,7.0000,4005.6392,1990.1992
2024-06-02 19:00:00,7.5000,2159.4000,0.0000
2024-06-02 20:00:00,7.0000,2015.4400,0.0000
2024-06-02 21:00:00,6.0000,1727.5200,0.0000
2024-06-02 22:00:00,5.0000,1439.6000,0.0000
2024-06-02 23:00:00,4.0000,1151.6800,0.0000
2024-06-03 00:00:00,2.0000,575.8400,0.0000
2024-06-03 01:00:00,2.0000,575.8400,0.0000
2024-06-03 02:00:00,2.0000,575.8400,0.0000
2024-06-03 03:00:00,2.0000,725.9286,150.0886
2024-06-03 04:00:00,2.0000,2713.4184,2137.5784
2024-06-03 05:00:00,2.0000,3057.2205,2481.3805
2024-06-03 06:00:00,5.0000,4180.9983,2741.3983
2024-06-03 07:00:00,6.0000,5094.1064,3366.5864
2024-06-03 08:00:00,5.0000,5269.4420,3829.8420
2024-06-03 09:00:00,3.0000,4935.9385,4072.1785
2024-06-03 10:00:00,3.0000,4940.8409,4077.0809
2024-06-03 11:00:00,3.5000,4962.9012,3955.1812
2024-06-03 12:00:00,4.0000,5254.7646,4103.0846
2024-06-03 13:00:00,3.5000,5019.1678,4011.4478
2024-06-03 14:00:00,3.0000,4550.2757,3686.5157
2024-06-03 15:00:00,3.0000,4014.1918,3150.4318
2024-06-03 16:00:00,3.0000,3522.0821,2658.3221
2024-06-03 17:00:00,5.0000,3805.2405,2365.6405
2024-06-03 18:00:00,6.0000,3724.5820,1997.0620
2024-06-03 19:00:00,7.0000,2015.4400,0.0000
2024-06-03 20:00:00,6.0000,1727.5200,0.0000
2024-06-03 21:00:00,5.0000,1439.6000,0.0000
2024-06-03 22:00:00,4.0000,1151.6800,0.0000
2024-06-03 23:00:00,3.0000,863.7600,0.0000
2024-06-04 00:00:00,2.0000,575.8400,0.0000
2024-06-04 01:00:00,2.0000,575.8400,0.0000
2024-06-04 02:00:00,2.0000,575.8400,0.0000
2024-06-04 03:00:00,2.0000,730.4108,154.5708
2024-06-04 04:00:00,2.0000,2717.7020,2141.8620
2024-06-04 05:00:00,2.0000,3061.4229,2485.5829
2024-06-04 06:00:00,5.0000,4185.2473,2745.6473
2024-06-04 07:00:00,6.0000,5093.0790,3365.5590
2024-06-04 08:00:00,5.0000,5268.6108,3829.0108
2024-06-04 09:00:00,3.0000,4935.5546,4071.7946
2024-06-04 10:00:00,3.0000,4941.1250,4077.3650
2024-06-04 11:00:00,3.5000,4962.2211,3954.5011
2024-06-04 12:00:00,4.0000,5254.6252,4102.9452
2024-06-04 13:00:00,3.5000,5019.7730,4012.0530
2024-06-04 14:00:00,3.0000,4551.7788,3688.0188
2024-06-04 15:00:00,3.0000,4016.6849,3152.9249
2024-06-04 16:00:00,3.0000,3527.6841,2663.9241
2024-06-04 17:00:00,5.0000,3811.3279,2371.7279
2024-06-04 18:00:00,6.0000,3731.1542,2003.6342
2024-06-04 19:00:00,7.0000,2015.4400,0.0000
2024-06-04 20:00:00,6.0000,1727.5200,0.0000
2024-06-04 21:00:00,5.0000,1439.6000,0.0000
2024-06-04 22:00:00,4.0000,1151.6800,0.0000
2024-06-04 23:00:00,3.0000,863.7600,0.0000
2024-06-05 00:00:00,2.0000,575.8400,0.0000
2024-06-05 01:00:00,2.0000,575.8400,0.0000
2024-06-05 02:00:00,2.0000,575.8400,0.0000
2024-06-05 03:00:00,2.0000,734.5230,158.6830
2024-06-05 04:00:00,2.0000,2721.6356,2145.7956
2024-06-05 05:00:00,2.0000,3065.2964,2489.4564
2024-06-05 06:00:00,5.0000,4189.1863,2749.5863
2024-06-05 07:00:00,6.0000,5091.9595,3364.4395
2024-06-05 08:00:00,5.0000,5267.7249,3828.1249
2024-06-05 09:00:00,3.0000,4935.1455,4071.3855
2024-06-05 10:00:00,3.0000,4941.4037,4077.6437
2024-06-05 11:00:00,3.5000,4961.4992,3953.7792
2024-06-05 12:00:00,4.0000,5254.4698,4102.7898
2024-06-05 13:00:00,3.5000,5020.3778,4012.6578
2024-06-05 14:00:00,3.0000,4553.2855,3689.5255
2024-06-05 15:00:00,3.0000,4019.1739,3155.4139
2024-06-05 16:00:00,3.0000,3533.0100,2669.2500
2024-06-05 17:00:00,5.0000,3817.1336,2377.5336
2024-06-05 18:00:00,6.0000,3737.4335,2009.9135
2024-06-05 19:00:00,7.0000,2021.9447,6.5047
2024-06-05 20:00:00,6.0000,1727.5200,0.0000
2024-06-05 21:00:00,5.0000,1439.6000,0.0000
2024-06-05 22:00:00,4.0000,1151.6800,0.0000
2024-06-05 23:00:00,3.0000,863.7600,0.0000
2024-06-06 00:00:00,2.0000,575.8400,0.0000
2024-06-06 01:00:00,2.0000,575.8400,0.0000
2024-06-06 02:00:00,2.0000,575.8400,0.0000
2024-06-06 03:00:00,2.0000,738.2659,162.4259
2024-06-06 04:00:00,2.0000,2725.2210,2149.3810
2024-06-06 05:00:00,2.0000,3068.8427,2493.0027
2024-06-06 06:00:00,5.0000,4192.8169,2753.2169
2024-06-06 07:00:00,6.0000,5090.7528,3363.2328
2024-06-06 08:00:00,5.0000,5266.7882,3827.1882
2024-06-06 09:00:00,3.0000,4934.7144,4070.9544
2024-06-06 10:00:00,3.0000,4941.6790,4077.9190
2024-06-06 11:00:00,3.5000,4960.7393,3953.0193
2024-06-06 12:00:00,4.0000,5254.3012,4102.6212
2024-06-06 13:00:00,3.5000,5020.9835,4013.2635
2024-06-06 14:00:00,3.0000,4554.7958,3691.0358
2024-06-06 15:00:00,3.0000,4021.6574,3157.8974
2024-06-06 16:00:00,3.0000,3538.0590,2674.2990
2024-06-06 17:00:00,5.0000,3822.6557,2383.0557
2024-06-06 18:00:00,6.0000,3743.4178,2015.8978
2024-06-06 19:00:00,7.0000,2028.3742,12.9342
2024-06-06 20:00:00,6.0000,1727.5200,0.0000
2024-06-06 21:00:00,5.0000,1439.6000,0.0000
2024-06-06 22:00:00,4.0000,1151.6800,0.0000
2024-06-06 23:00:00,3.0000,863.7600,0.0000
2024-06-07 00:00:00,2.0000,575.8400,0.0000
2024-06-07 01:00:00,2.0000,575.8400,0.0000
2024-06-07 02:00:00,2.0000,575.8400,0.0000
2024-06-07 03:00:00,2.0000,741.6404,165.8004
2024-06-07 04:00:00,2.0000,2728.4598,2152.6198
2024-06-07 05:00:00,2.0000,3072.0633,2496.2233
2024-06-07 06:00:00,5.0000,4196.1406,2756.5406
2024-06-07 07:00:00,6.0000,5089.4635,3361.9435
2024-06-07 08:00:00,5.0000,5265.8050,3826.2050
2024-06-07 09:00:00,3.0000,4934.2643,4070.5043
2024-06-07 10:00:00,3.0000,4941.9528,4078.1928
2024-06-07 11:00:00,3.5000,4959.9449,3952.2249
2024-06-07 12:00:00,4.0000,5254.1219,4102.4419
2024-06-07 13:00:00,3.5000,5021.5914,4013.8714
2024-06-07 14:00:00,3.0000,4556.3096,3692.5496
2024-06-07 15:00:00,3.0000,4024.1339,3160.3739
2024-06-07 16:00:00,3.0000,3542.8300,2679.0700
2024-06-07 17:00:00,5.0000,3827.8929,2388.2929
2024-06-07 18:00:00,6.0000,3749.1048,2021.5848
2024-06-07 19:00:00,7.0000,2034.4905,19.0505
2024-06-07 20:00:00,6.0000,1727.5200,0.0000
2024-06-07 21:00:00,5.0000,1439.6000,0.0000
2024-06-07 22:00:00,4.0000,1151.6800,0.0000
2024-06-07 23:00:00,3.0000,863.7600,0.0000
2024-06-08 00:00:00,2.0000,575.8400,0.0000
2024-06-08 01:00:00,2.0000,575.8400,0.0000
2024-06-08 02:00:00,2.0000,575.8400,0.0000
2024-06-08 03:00:00,2.0000,744.6476,168.8076
2024-06-08 04:00:00,2.0000,2731.3541,2155.5141
2024-06-08 05:00:00,2.0000,3074.9602,2499.1202
2024-06-08 06:00:00,5.0000,4199.1587,2759.5587
2024-06-08 07:00:00,6.0000,5088.0961,3360.5761
2024-06-08 08:00:00,5.0000,5264.7790,3825.1790
2024-06-08 09:00:00,4.0000,5221.7181,4070.0381
2024-06-08 10:00:00,4.0000,5230.1466,4078.4666
2024-06-08 11:00:00,4.5000,5247.0397,3951.3997
2024-06-08 12:00:00,5.0000,5541.8543,4102.2543
2024-06-08 13:00:00,4.5000,5310.1228,4014.4828
2024-06-08 14:00:00,4.0000,4845.7467,3694.0667
2024-06-08 15:00:00,4.0000,4314.5219,3162.8419
2024-06-08 16:00:00,4.0000,3835.2421,2683.5621
2024-06-08 17:00:00,6.0000,4120.7633,2393.2433
2024-06-08 18:00:00,7.0000,4042.4122,2026.9722
2024-06-08 19:00:00,7.5000,2184.2499,24.8499
2024-06-08 20:00:00,7.0000,2015.4400,0.0000
2024-06-08 21:00:00,6.0000,1727.5200,0.0000
2024-06-08 22:00:00,5.0000,1439.6000,0.0000
2024-06-08 23:00:00,4.0000,1151.6800,0.0000
2024-06-09 00:00:00,2.0000,575.8400,0.0000
2024-06-09 01:00:00,2.0000,575.8400,0.0000
2024-06-09 02:00:00,2.0000,575.8400,0.0000
2024-06-09 03:00:00,2.0000,747.2885,171.4485
2024-06-09 04:00:00,2.0000,2733.9055,2158.0655
2024-06-09 05:00:00,2.0000,3077.5349,2501.6949
2024-06-09 06:00:00,5.0000,4201.8727,2762.2727
2024-06-09 07:00:00,6.0000,5086.6552,3359.1352
2024-06-09 08:00:00,5.0000,5263.7141,3824.1141
2024-06-09 09:00:00,4.0000,5221.2386,4069.5586
2024-06-09 10:00:00,4.0000,5230.4221,4078.7421
2024-06-09 11:00:00,4.5000,5246.1871,3950.5471
2024-06-09 12:00:00,5.0000,5541.6608,4102.0608
2024-06-09 13:00:00,4.5000,5310.7386,4015.0986
2024-06-09 14:00:00,4.0000,4847.2667,3695.5867
2024-06-09 15:00:00,4.0000,4316.9794,3165.2994
2024-06-09 16:00:00,4.0000,3839.4544,2687.7744
2024-06-09 17:00:00,6.0000,4125.4255,2397.9055
2024-06-09 18:00:00,7.0000,4047.4980,2032.0580
2024-06-09 19:00:00,7.5000,2189.7290,30.3290
2024-06-09 20:00:00,7.0000,2015.4400,0.0000
2024-06-09 21:00:00,6.0000,1727.5200,0.0000
2024-06-09 22:00:00,5.0000,1439.6000,0.0000
2024-06-09 23:00:00,4.0000,1151.6800,0.0000
2024-06-10 00:00:00,2.0000,575.8400,0.0000
2024-06-10 01:00:00,2.0000,575.8400,0.0000
2024-06-10 02:00:00,2.0000,575.8400,0.0000
2024-06-10 03:00:00,2.0000,749.5644,173.7244
2024-06-10 04:00:00,2.0000,2736.1162,2160.2762
2024-06-10 05:00:00,2.0000,3079.7893,2503.9493
2024-06-10 06:00:00,5.0000,4204.2839,2764.6839
2024-06-10 07:00:00,6.0000,5085.1452,3357.6252
2024-06-10 08:00:00,5.0000,5262.6138,3823.0138
2024-06-10 09:00:00,3.0000,4932.8283,4069.0683
2024-06-10 10:00:00,3.0000,4942.7805,4079.0205
2024-06-10 11:00:00,3.5000,4957.3902,3949.6702
2024-06-10 12:00:00,4.0000,5253.5435,4101.8635
2024-06-10 13:00:00,3.5000,5023.4396,4015.7196
2024-06-10 14:00:00,3.0000,4560.8690,3697.1090
2024-06-10 15:00:00,3.0000,4031.5046,3167.7446
2024-06-10 16:00:00,3.0000,3555.4658,2691.7058
2024-06-10 17:00:00,5.0000,3841.8776,2402.2776
2024-06-10 18:00:00,6.0000,3764.3598,2036.8398
2024-06-10 19:00:00,7.0000,2050.9244,35.4844
2024-06-10 20:00:00,6.0000,1727.5200,0.0000
2024-06-10 21:00:00,5.0000,1439.6000,0.0000
2024-06-10 22:00:00,4.0000,1151.6800,0.0000
2024-06-10 23:00:00,3.0000,863.7600,0.0000
2024-06-11 00:00:00,2.0000,575.8400,0.0000
2024-06-11 01:00:00,2.0000,575.8400,0.0000
2024-06-11 02:00:00,2.0000,575.8400,0.0000
2024-06-11 03:00:00,2.0000,751.4766,175.6366
2024-06-11 04:00:00,2.0000,2737.9879,2162.1479
2024-06-11 05:00:00,2.0000,3081.7251,2505.8851
2024-06-11 06:00:00,5.0000,4206.3940,2766.7940
2024-06-11 07:00:00,6.0000,5083.5705,3356.0505
2024-06-11 08:00:00,5.0000,5261.4817,3821.8817
2024-06-11 09:00:00,3.0000,4932.3297,4068.5697
2024-06-11 10:00:00,3.0000,4943.0632,4079.3032
2024-06-11 11:00:00,3.5000,4956.4922,3948.7722
2024-06-11 12:00:00,4.0000,5253.3443,4101.6643
2024-06-11 13:00:00,3.5000,5024.0664,4016.3464
2024-06-11 14:00:00,3.0000,4562.3929,3698.6329
2024-06-11 15:00:00,3.0000,4033.9355,3170.1755
2024-06-11 16:00:00,3.0000,3559.1153,2695.3553
2024-06-11 17:00:00,5.0000,3845.9582,2406.3582
2024-06-11 18:00:00,6.0000,3768.8354,2041.3154
2024-06-11 19:00:00,7.0000,2055.7528,40.3128
2024-06-11 20:00:00,6.0000,1727.5200,0.0000
2024-06-11 21:00:00,5.0000,1439.6000,0.0000
2024-06-11 22:00:00,4.0000,1151.6800,0.0000
2024-06-11 23:00:00,3.0000,863.7600,0.0000
2024-06-12 00:00:00,2.0000,575.8400,0.0000
2024-06-12 01:00:00,2.0000,575.8400,0.0000
2024-06-12 02:00:00,2.0000,575.8400,0.0000
2024-06-12 03:00:00,2.0000,753.0266,177.1866
2024-06-12 04:00:00,2.0000,2739.5226,2163.6826
2024-06-12 05:00:00,2.0000,3083.3440,2507.5040
2024-06-12 06:00:00,5.0000,4208.2042,2768.6042
2024-06-12 07:00:00,6.0000,5081.9353,3354.4153
2024-06-12 08:00:00,5.0000,5260.3213,3820.7213
2024-06-12 09:00:00,3.0000,4931.8252,4068.0652
2024-06-12 10:00:00,3.0000,4943.3511,4079.5911
2024-06-12 11:00:00,3.5000,4955.5761,3947.8561
2024-06-12 12:00:00,4.0000,5253.1450,4101.4650
2024-06-12 13:00:00,3.5000,5024.6997,4016.9797
2024-06-12 14:00:00,3.0000,4563.9176,3700.1576
2024-06-12 15:00:00,3.0000,4036.3498,3172.5898
2024-06-12 16:00:00,3.0000,3562.4819,2698.7219
2024-06-12 17:00:00,5.0000,3849.7455,2410.1455
2024-06-12 18:00:00,6.0000,3773.0027,2045.4827
2024-06-12 19:00:00,7.0000,2060.2510,44.8110
2024-06-12 20:00:00,6.0000,1727.5200,0.0000
2024-06-12 21:00:00,5.0000,1439.6000,0.0000
2024-06-12 22:00:00,4.0000,1151.6800,0.0000
2024-06-12 23:00:00,3.0000,863.7600,0.0000
2024-06-13 00:00:00,2.0000,575.8400,0.0000
2024-06-13 01:00:00,2.0000,575.8400,0.0000
2024-06-13 02:00:00,2.0000,575.8400,0.0000
2024-06-13 03:00:00,2.0000,754.2159,178.3759
2024-06-13 04:00:00,2.0000,2740.7225,2164.8825
2024-06-13 05:00:00,2.0000,3084.6480,2508.8080
2024-06-13 06:00:00,5.0000,4209.7159,2770.1159
2024-06-13 07:00:00,6.0000,5080.2438,3352.7238
2024-06-13 08:00:00,5.0000,5259.1357,3819.5357
2024-06-13 09:00:00,3.0000,4931.3169,4067.5569
2024-06-13 10:00:00,3.0000,4943.6452,4079.8852
2024-06-13 11:00:00,3.5000,4954.6448,3946.9248
2024-06-13 12:00:00,4.0000,5252.9474,4101.2674
2024-06-13 13:00:00,3.5000,5025.3396,4017.6196
2024-06-13 14:00:00,3.0000,4565.4421,3701.6821
2024-06-13 15:00:00,3.0000,4038.7454,3174.9854
2024-06-13 16:00:00,3.0000,3565.5645,2701.8045
2024-06-13 17:00:00,5.0000,3853.2378,2413.6378
2024-06-13 18:00:00,6.0000,3776.8594,2049.3394
2024-06-13 19:00:00,7.0000,2064.4158,48.9758
2024-06-13 20:00:00,6.0000,1727.5200,0.0000
2024-06-13 21:00:00,5.0000,1439.6000,0.0000
2024-06-13 22:00:00,4.0000,1151.6800,0.0000
2024-06-13 23:00:00,3.0000,863.7600,0.0000
2024-06-14 00:00:00,2.0000,575.8400,0.0000
2024-06-14 01:00:00,2.0000,575.8400,0.0000
2024-06-14 02:00:00,2.0000,575.8400,0.0000
2024-06-14 03:00:00,2.0000,755.0462,179.2062
2024-06-14 04:00:00,2.0000,2741.5893,2165.7493
2024-06-14 05:00:00,2.0000,3085.6386,2509.7986
2024-06-14 06:00:00,5.0000,4210.9306,2771.3306
2024-06-14 07:00:00,6.0000,5078.5000,3350.9800
2024-06-14 08:00:00,5.0000,5257.9282,3818.3282
2024-06-14 09:00:00,3.0000,4930.8068,4067.0468
2024-06-14 10:00:00,3.0000,4943.9461,4080.1861
2024-06-14 11:00:00,3.5000,4953.7010,3945.9810
2024-06-14 12:00:00,4.0000,5252.7529,4101.0729
2024-06-14 13:00:00,3.5000,5025.9866,4018.2666
2024-06-14 14:00:00,3.0000,4566.9652,3703.2052
2024-06-14 15:00:00,3.0000,4041.1196,3177.3596
2024-06-14 16:00:00,3.0000,3568.3619,2704.6019
2024-06-14 17:00:00,5.0000,3856.4335,2416.8335
2024-06-14 18:00:00,6.0000,3780.4033,2052.8833
2024-06-14 19:00:00,7.0000,2068.2442,52.8042
2024-06-14 20:00:00,6.0000,1727.5200,0.0000
2024-06-14 21:00:00,5.0000,1439.6000,0.0000
2024-06-14 22:00:00,4.0000,1151.6800,0.0000
2024-06-14 23:00:00,3.0000,863.7600,0.0000
2024-06-15 00:00:00,2.0000,575.8400,0.0000
2024-06-15 01:00:00,2.0000,575.8400,0.0000
2024-06-15 02:00:00,2.0000,575.8400,0.0000
2024-06-15 03:00:00,2.0000,755.5192,179.6792
2024-06-15 04:00:00,2.0000,2742.1252,2166.2852
2024-06-15 05:00:00,2.0000,3086.3177,2510.4777
2024-06-15 06:00:00,5.0000,4211.8497,2772.2497
2024-06-15 07:00:00,6.0000,5076.7079,3349.1879
2024-06-15 08:00:00,5.0000,5256.7018,3817.1018
2024-06-15 09:00:00,4.0000,5218.2168,4066.5368
2024-06-15 10:00:00,4.0000,5232.1744,4080.4944
2024-06-15 11:00:00,4.5000,5240.6672,3945.0272
2024-06-15 12:00:00,5.0000,5540.4828,4100.8828
2024-06-15 13:00:00,4.5000,5314.5604,4018.9204
2024-06-15 14:00:00,4.0000,4856.4056,3704.7256
2024-06-15 15:00:00,4.0000,4331.3901,3179.7101
2024-06-15 16:00:00,4.0000,3858.7931,2707.1131
2024-06-15 17:00:00,6.0000,4147.2508,2419.7308
2024-06-15 18:00:00,7.0000,4071.5522,2056.1122
2024-06-15 19:00:00,7.5000,2215.6932,56.2932
2024-06-15 20:00:00,7.0000,2015.4400,0.0000
2024-06-15 21:00:00,6.0000,1727.5200,0.0000
2024-06-15 22:00:00,5.0000,1439.6000,0.0000
2024-06-15 23:00:00,4.0000,1151.6800,0.0000
2024-06-16 00:00:00,2.0000,575.8400,0.0000
2024-06-16 01:00:00,2.0000,575.8400,0.0000
2024-06-16 02:00:00,2.0000,575.8400,0.0000
2024-06-16 03:00:00,2.0000,755.6370,179.7970
2024-06-16 04:00:00,2.0000,2742.3323,2166.4923
2024-06-16 05:00:00,2.0000,3086.6871,2510.8471
2024-06-16 06:00:00,5.0000,4212.4743,2772.8743
2024-06-16 07:00:00,6.0000,5074.8712,3347.3512
2024-06-16 08:00:00,5.0000,5255.4593,3815.8593
2024-06-16 09:00:00,4.0000,5217.7086,4066.0286
2024-06-16 10:00:00,4.0000,5232.4906,4080.8106
2024-06-16 11:00:00,4.5000,5239.7058,3944.0658
2024-06-16 12:00:00,5.0000,5540.2985,4100.6985
2024-06-16 13:00:00,4.5000,5315.2211,4019.5811
2024-06-16 14:00:00,4.0000,4857.9218,3706.2418
2024-06-16 15:00:00,4.0000,4333.7140,3182.0340
2024-06-16 16:00:00,4.0000,3861.0168,2709.3368
2024-06-16 17:00:00,6.0000,4149.8479,2422.3279
2024-06-16 18:00:00,7.0000,4074.4639,2059.0239
2024-06-16 19:00:00,7.5000,2218.8400,59.4400
2024-06-16 20:00:00,7.0000,2015.4400,0.0000
2024-06-16 21:00:00,6.0000,1727.5200,0.0000
2024-06-16 22:00:00,5.0000,1439.6000,0.0000
2024-06-16 23:00:00,4.0000,1151.6800,0.0000
2024-06-17 00:00:00,2.0000,575.8400,0.0000
2024-06-17 01:00:00,2.0000,575.8400,0.0000
2024-06-17 02:00:00,2.0000,575.8400,0.0000
2024-06-17 03:00:00,2.0000,755.4013,179.5613
2024-06-17 04:00:00,2.0000,2742.2125,2166.3725
2024-06-17 05:00:00,2.0000,3086.7485,2510.9085
2024-06-17 06:00:00,5.0000,4212.8060,2773.2060
2024-06-17 07:00:00,6.0000,5072.9938,3345.4738
2024-06-17 08:00:00,5.0000,5254.2034,3814.6034
2024-06-17 09:00:00,3.0000,4929.2836,4065.5236
2024-06-17 10:00:00,3.0000,4944.8948,4081.1348
2024-06-17 11:00:00,3.5000,4950.8192,3943.0992
2024-06-17 12:00:00,4.0000,5252.2008,4100.5208
2024-06-17 13:00:00,3.5000,5027.9684,4020.2484
2024-06-17 14:00:00,3.0000,4571.5123,3707.7523
2024-06-17 15:00:00,3.0000,4048.0886,3184.3286
2024-06-17 16:00:00,3.0000,3575.0319,2711.2719
2024-06-17 17:00:00,5.0000,3864.2232,2424.6232
2024-06-17 18:00:00,6.0000,3789.1362,2061.6162
2024-06-17 19:00:00,7.0000,2077.6817,62.2417
2024-06-17 20:00:00,6.0000,1727.5200,0.0000
2024-06-17 21:00:00,5.0000,1439.6000,0.0000
2024-06-17 22:00:00,4.0000,1151.6800,0.0000
2024-06-17 23:00:00,3.0000,863.7600,0.0000
2024-06-18 00:00:00,2.0000,575.8400,0.0000
2024-06-18 01:00:00,2.0000,575.8400,0.0000
2024-06-18 02:00:00,2.0000,575.8400,0.0000
2024-06-18 03:00:00,2.0000,754.8144,178.9744
2024-06-18 04:00:00,2.0000,2741.7680,2165.9280
2024-06-18 05:00:00,2.0000,3086.5036,2510.6636
2024-06-18 06:00:00,5.0000,4212.8459,2773.2459
2024-06-18 07:00:00,6.0000,5071.0793,3343.5593
2024-06-18 08:00:00,5.0000,5252.9367,3813.3367
2024-06-18 09:00:00,3.0000,4928.7834,4065.0234
2024-06-18 10:00:00,3.0000,4945.2272,4081.4672
2024-06-18 11:00:00,3.5000,4949.8495,3942.1295
2024-06-18 12:00:00,4.0000,5252.0308,4100.3508
2024-06-18 13:00:00,3.5000,5028.6417,4020.9217
2024-06-18 14:00:00,3.0000,4573.0152,3709.2552
2024-06-18 15:00:00,3.0000,4050.3509,3186.5909
2024-06-18 16:00:00,3.0000,3576.6772,2712.9172
2024-06-18 17:00:00,5.0000,3866.2149,2426.6149
2024-06-18 18:00:00,6.0000,3791.4070,2063.8870
2024-06-18 19:00:00,7.0000,2080.1358,64.6958
2024-06-18 20:00:00,6.0000,1727.5200,0.0000
2024-06-18 21:00:00,5.0000,1439.6000,0.0000
2024-06-18 22:00:00,4.0000,1151.6800,0.0000
2024-06-18 23:00:00,3.0000,863.7600,0.0000
2024-06-19 00:00:00,2.0000,575.8400,0.0000
2024-06-19 01:00:00,2.0000,575.8400,0.0000
2024-06-19 02:00:00,2.0000,575.8400,0.0000
2024-06-19 03:00:00,2.0000,753.8784,178.0384
2024-06-19 04:00:00,2.0000,2741.0008,2165.1608
2024-06-19 05:00:00,2.0000,3085.9543,2510.1143
2024-06-19 06:00:00,5.0000,4212.5954,2772.9954
2024-06-19 07:00:00,6.0000,5069.1310,3341.6110
2024-06-19 08:00:00,5.0000,5251.6618,3812.0618
2024-06-19 09:00:00,3.0000,4928.2891,4064.5291
2024-06-19 10:00:00,3.0000,4945.5677,4081.8077
2024-06-19 11:00:00,3.5000,4948.8786,3941.1586
2024-06-19 12:00:00,4.0000,5251.8689,4100.1889
2024-06-19 13:00:00,3.5000,5029.3204,4021.6004
2024-06-19 14:00:00,3.0000,4574.5088,3710.7488
2024-06-19 15:00:00,3.0000,4052.5779,3188.8179
2024-06-19 16:00:00,3.0000,3578.0313,2714.2713
2024-06-19 17:00:00,5.0000,3867.9011,2428.3011
2024-06-19 18:00:00,6.0000,3793.3540,2065.8340
2024-06-19 19:00:00,7.0000,2082.2394,66.7994
2024-06-19 20:00:00,6.0000,1727.5200,0.0000
2024-06-19 21:00:00,5.0000,1439.6000,0.0000
2024-06-19 22:00:00,4.0000,1151.6800,0.0000
2024-06-19 23:00:00,3.0000,863.7600,0.0000
2024-06-20 00:00:00,2.0000,575.8400,0.0000
2024-06-20 01:00:00,2.0000,575.8400,0.0000
2024-06-20 02:00:00,2.0000,575.8400,0.0000
2024-06-20 03:00:00,2.0000,752.5955,176.7555
2024-06-20 04:00:00,2.0000,2739.9130,2164.0730
2024-06-20 05:00:00,2.0000,3085.1021,2509.2621
2024-06-20 06:00:00,5.0000,4212.0557,2772.4557
2024-06-20 07:00:00,6.0000,5067.1525,3339.6325
2024-06-20 08:00:00,5.0000,5250.3809,3810.7809
2024-06-20 09:00:00,3.0000,4927.8018,4064.0418
2024-06-20 10:00:00,3.0000,4945.9160,4082.1560
2024-06-20 11:00:00,3.5000,4947.9083,3940.1883
2024-06-20 12:00:00,4.0000,5251.7159,4100.0359
2024-06-20 13:00:00,3.5000,5030.0039,4022.2839
2024-06-20 14:00:00,3.0000,4575.9908,3712.2308
2024-06-20 15:00:00,3.0000,4054.7664,3191.0064
2024-06-20 16:00:00,3.0000,3579.0931,2715.3331
2024-06-20 17:00:00,5.0000,3869.2802,2429.6802
2024-06-20 18:00:00,6.0000,3794.9751,2067.4551
2024-06-20 19:00:00,7.0000,2083.9903,68.5503
2024-06-20 20:00:00,6.0000,1727.5200,0.0000
2024-06-20 21:00:00,5.0000,1439.6000,0.0000
2024-06-20 22:00:00,4.0000,1151.6800,0.0000
2024-06-20 23:00:00,3.0000,863.7600,0.0000
2024-06-21 00:00:00,2.0000,575.8400,0.0000
2024-06-21 01:00:00,2.0000,575.8400,0.0000
2024-06-21 02:00:00,2.0000,575.8400,0.0000
2024-06-21 03:00:00,2.0000,750.9681,175.1281
2024-06-21 04:00:00,2.0000,2738.5068,2162.6668
2024-06-21 05:00:00,2.0000,3083.9490,2508.1090
2024-06-21 06:00:00,5.0000,4211.2280,2771.6280
2024-06-21 07:00:00,6.0000,5065.1470,3337.6270
2024-06-21 08:00:00,5.0000,5249.0961,3809.4961
2024-06-21 09:00:00,3.0000,4927.3223,4063.5623
2024-06-21 10:00:00,3.0000,4946.2716,4082.5116
2024-06-21 11:00:00,3.5000,4946.9403,3939.2203
2024-06-21 12:00:00,4.0000,5251.5721,4099.8921
2024-06-21 13:00:00,3.5000,5030.6910,4022.9710
2024-06-21 14:00:00,3.0000,4577.4592,3713.6992
2024-06-21 15:00:00,3.0000,4056.9131,3193.1531
2024-06-21 16:00:00,3.0000,3579.8613,2716.1013
2024-06-21 17:00:00,5.0000,3870.3504,2430.7504
2024-06-21 18:00:00,6.0000,3796.2681,2068.7481
2024-06-21 19:00:00,7.0000,2085.3858,69.9458
2024-06-21 20:00:00,6.0000,1727.5200,0.0000
2024-06-21 21:00:00,5.0000,1439.6000,0.0000
2024-06-21 22:00:00,4.0000,1151.6800,0.0000
2024-06-21 23:00:00,3.0000,863.7600,0.0000
2024-06-22 00:00:00,2.0000,575.8400,0.0000
2024-06-22 01:00:00,2.0000,575.8400,0.0000
2024-06-22 02:00:00,2.0000,575.8400,0.0000
2024-06-22 03:00:00,2.0000,748.9987,173.1587
2024-06-22 04:00:00,2.0000,2736.7841,2160.9441
2024-06-22 05:00:00,2.0000,3082.4965,2506.6565
2024-06-22 06:00:00,5.0000,4210.1135,2770.5135
2024-06-22 07:00:00,6.0000,5063.1176,3335.5976
2024-06-22 08:00:00,5.0000,5247.8094,3808.2094
2024-06-22 09:00:00,4.0000,5214.7715,4063.0915
2024-06-22 10:00:00,4.0000,5234.5541,4082.8741
2024-06-22 11:00:00,4.5000,5233.8961,3938.2561
2024-06-22 12:00:00,5.0000,5539.3576,4099.7576
2024-06-22 13:00:00,4.5000,5319.3008,4023.6608
2024-06-22 14:00:00,4.0000,4866.8316,3715.1516
2024-06-22 15:00:00,4.0000,4346.9345,3195.2545
2024-06-22 16:00:00,4.0000,3868.2544,2716.5744
2024-06-22 17:00:00,6.0000,4159.0297,2431.5097
2024-06-22 18:00:00,7.0000,4085.1508,2069.7108
2024-06-22 19:00:00,7.5000,2230.3838,70.9838
2024-06-22 20:00:00,7.0000,2015.4400,0.0000
2024-06-22 21:00:00,6.0000,1727.5200,0.0000
2024-06-22 22:00:00,5.0000,1439.6000,0.0000
2024-06-22 23:00:00,4.0000,1151.6800,0.0000
2024-06-23 00:00:00,2.0000,575.8400,0.0000
2024-06-23 01:00:00,2.0000,575.8400,0.0000
2024-06-23 02:00:00,2.0000,575.8400,0.0000
2024-06-23 03:00:00,2.0000,746.6897,170.8497
2024-06-23 04:00:00,2.0000,2734.7472,2158.9072
2024-06-23 05:00:00,2.0000,3080.7463,2504.9063
2024-06-23 06:00:00,5.0000,4208.7134,2769.1134
2024-06-23 07:00:00,6.0000,5061.0673,3333.5473
2024-06-23 08:00:00,5.0000,5246.5228,3806.9228
2024-06-23 09:00:00,4.0000,5214.3099,4062.6299
2024-06-23 10:00:00,4.0000,5234.9226,4083.2426
2024-06-23 11:00:00,4.5000,5232.9371,3937.2971
2024-06-23 12:00:00,5.0000,5539.2325,4099.6325
2024-06-23 13:00:00,4.5000,5319.9919,4024.3519
2024-06-23 14:00:00,4.0000,4868.2656,3716.5856
2024-06-23 15:00:00,4.0000,4348.9872,3197.3072
2024-06-23 16:00:00,4.0000,3868.4313,2716.7513
2024-06-23 17:00:00,6.0000,4159.4765,2431.9565
2024-06-23 18:00:00,7.0000,4085.7810,2070.3410
2024-06-23 19:00:00,7.5000,2231.0620,71.6620
2024-06-23 20:00:00,7.0000,2015.4400,0.0000
2024-06-23 21:00:00,6.0000,1727.5200,0.0000
2024-06-23 22:00:00,5.0000,1439.6000,0.0000
2024-06-23 23:00:00,4.0000,1151.6800,0.0000
2024-06-24 00:00:00,2.0000,575.8400,0.0000
2024-06-24 01:00:00,2.0000,575.8400,0.0000
2024-06-24 02:00:00,2.0000,575.8400,0.0000
2024-06-24 03:00:00,2.0000,744.0439,168.2039
2024-06-24 04:00:00,2.0000,2732.3980,2156.5580
2024-06-24 05:00:00,2.0000,3078.7001,2502.8601
2024-06-24 06:00:00,5.0000,4207.0288,2767.4288
2024-06-24 07:00:00,6.0000,5058.9990,3331.4790
2024-06-24 08:00:00,5.0000,5245.2378,3805.6378
2024-06-24 09:00:00,3.0000,4925.9378,4062.1778
2024-06-24 10:00:00,3.0000,4947.3763,4083.6163
2024-06-24 11:00:00,3.5000,4944.0645,3936.3445
2024-06-24 12:00:00,4.0000,5251.1968,4099.5168
2024-06-24 13:00:00,3.5000,5032.7630,4025.0430
2024-06-24 14:00:00,3.0000,4581.7584,3717.9984
2024-06-24 15:00:00,3.0000,4063.0675,3199.3075
2024-06-24 16:00:00,3.0000,3580.3904,2716.6304
2024-06-24 17:00:00,5.0000,3871.6888,2432.0888
2024-06-24 18:00:00,6.0000,3798.1567,2070.6367
2024-06-24 19:00:00,7.0000,2087.4182,71.9782
2024-06-24 20:00:00,6.0000,1727.5200,0.0000
2024-06-24 21:00:00,5.0000,1439.6000,0.0000
2024-06-24 22:00:00,4.0000,1151.6800,0.0000
2024-06-24 23:00:00,3.0000,863.7600,0.0000
2024-06-25 00:00:00,2.0000,575.8400,0.0000
2024-06-25 01:00:00,2.0000,575.8400,0.0000
2024-06-25 02:00:00,2.0000,575.8400,0.0000
2024-06-25 03:00:00,2.0000,741.0639,165.2239
2024-06-25 04:00:00,2.0000,2729.7388,2153.8988
2024-06-25 05:00:00,2.0000,3076.3597,2500.5197
2024-06-25 06:00:00,5.0000,4205.0608,2765.4608
2024-06-25 07:00:00,6.0000,5056.9155,3329.3955
2024-06-25 08:00:00,5.0000,5243.9561,3804.3561
2024-06-25 09:00:00,3.0000,4925.4957,4061.7357
2024-06-25 10:00:00,3.0000,4947.7541,4083.9941
2024-06-25 11:00:00,3.5000,4943.1192,3935.3992
2024-06-25 12:00:00,4.0000,5251.0900,4099.4100
2024-06-25 13:00:00,3.5000,5033.4524,4025.7324
2024-06-25 14:00:00,3.0000,4583.1473,3719.3873
2024-06-25 15:00:00,3.0000,4065.0116,3201.2516
2024-06-25 16:00:00,3.0000,3579.9704,2716.2104
2024-06-25 17:00:00,5.0000,3871.5049,2431.9049
2024-06-25 18:00:00,6.0000,3798.1158,2070.5958
2024-06-25 19:00:00,7.0000,2087.3704,71.9304
2024-06-25 20:00:00,6.0000,1727.5200,0.0000
2024-06-25 21:00:00,5.0000,1439.6000,0.0000
2024-06-25 22:00:00,4.0000,1151.6800,0.0000
2024-06-25 23:00:00,3.0000,863.7600,0.0000
2024-06-26 00:00:00,2.0000,575.8400,0.0000
2024-06-26 01:00:00,2.0000,575.8400,0.0000
2024-06-26 02:00:00,2.0000,575.8400,0.0000
2024-06-26 03:00:00,2.0000,737.7525,161.9125
2024-06-26 04:00:00,2.0000,2726.7716,2150.9316
2024-06-26 05:00:00,2.0000,3073.7265,2497.8865
2024-06-26 06:00:00,5.0000,4202.8105,2763.2105
2024-06-26 07:00:00,6.0000,5054.8194,3327.2994
2024-06-26 08:00:00,5.0000,5242.6791,3803.0791
2024-06-26 09:00:00,3.0000,4925.0634,4061.3034
2024-06-26 10:00:00,3.0000,4948.1348,4084.3748
2024-06-26 11:00:00,3.5000,4942.1822,3934.4622
2024-06-26 12:00:00,4.0000,5250.9919,4099.3119
2024-06-26 13:00:00,3.5000,5034.1384,4026.4184
2024-06-26 14:00:00,3.0000,4584.5094,3720.7494
2024-06-26 15:00:00,3.0000,4066.8957,3203.1357
2024-06-26 16:00:00,3.0000,3579.2498,2715.4898
2024-06-26 17:00:00,5.0000,3871.0030,2431.4030
2024-06-26 18:00:00,6.0000,3797.7360,2070.2160
2024-06-26 19:00:00,7.0000,2086.9568,71.5168
2024-06-26 20:00:00,6.0000,1727.5200,0.0000
2024-06-26 21:00:00,5.0000,1439.6000,0.0000
2024-06-26 22:00:00,4.0000,1151.6800,0.0000
2024-06-26 23:00:00,3.0000,863.7600,0.0000
2024-06-27 00:00:00,2.0000,575.8400,0.0000
2024-06-27 01:00:00,2.0000,575.8400,0.0000
2024-06-27 02:00:00,2.0000,575.8400,0.0000
2024-06-27 03:00:00,2.0000,734.1126,158.2726
2024-06-27 04:00:00,2.0000,2723.4985,2147.6585
2024-06-27 05:00:00,2.0000,3070.8022,2494.9622
2024-06-27 06:00:00,5.0000,4200.2790,2760.6790
2024-06-27 07:00:00,6.0000,5052.7131,3325.1931
2024-06-27 08:00:00,5.0000,5241.4079,3801.8079
2024-06-27 09:00:00,3.0000,4924.6410,4060.8810
2024-06-27 10:00:00,3.0000,4948.5169,4084.7569
2024-06-27 11:00:00,3.5000,4941.2541,3933.5341
2024-06-27 12:00:00,4.0000,5250.9016,4099.2216
2024-06-27 13:00:00,3.5000,5034.8192,4027.0992
2024-06-27 14:00:00,3.0000,4585.8418,3722.0818
2024-06-27 15:00:00,3.0000,4068.7158,3204.9558
2024-06-27 16:00:00,3.0000,3578.2273,2714.4673
2024-06-27 17:00:00,5.0000,3870.1811,2430.5811
2024-06-27 18:00:00,6.0000,3797.0154,2069.4954
2024-06-27 19:00:00,7.0000,2086.1755,70.7355
2024-06-27 20:00:00,6.0000,1727.5200,0.0000
2024-06-27 21:00:00,5.0000,1439.6000,0.0000
2024-06-27 22:00:00,4.0000,1151.6800,0.0000
2024-06-27 23:00:00,3.0000,863.7600,0.0000
2024-06-28 00:00:00,2.0000,575.8400,0.0000
2024-06-28 01:00:00,2.0000,575.8400,0.0000
2024-06-28 02:00:00,2.0000,575.8400,0.0000
2024-06-28 03:00:00,2.0000,730.1472,154.3072
2024-06-28 04:00:00,2.0000,2719.9216,2144.0816
2024-06-28 05:00:00,2.0000,3067.5884,2491.7484
2024-06-28 06:00:00,5.0000,4197.4671,2757.8671
2024-06-28 07:00:00,6.0000,5050.5991,3323.0791
2024-06-28 08:00:00,5.0000,5240.1437,3800.5437
2024-06-28 09:00:00,3.0000,4924.2282,4060.4682
2024-06-28 10:00:00,3.0000,4948.8989,4085.1389
2024-06-28 11:00:00,3.5000,4940.3356,3932.6156
2024-06-28 12:00:00,4.0000,5250.8186,4099.1386
2024-06-28 13:00:00,3.5000,5035.4926,4027.7726
2024-06-28 14:00:00,3.0000,4587.1411,3723.3811
2024-06-28 15:00:00,3.0000,4070.4679,3206.7079
2024-06-28 16:00:00,3.0000,3576.9014,2713.1414
2024-06-28 17:00:00,5.0000,3869.0374,2429.4374
2024-06-28 18:00:00,6.0000,3795.9518,2068.4318
2024-06-28 19:00:00,7.0000,2085.0247,69.5847
2024-06-28 20:00:00,6.0000,1727.5200,0.0000
2024-06-28 21:00:00,5.0000,1439.6000,0.0000
2024-06-28 22:00:00,4.0000,1151.6800,0.0000
2024-06-28 23:00:00,3.0000,863.7600,0.0000
2024-06-29 00:00:00,2.0000,575.8400,0.0000
2024-06-29 01:00:00,2.0000,575.8400,0.0000
2024-06-29 02:00:00,2.0000,575.8400,0.0000
2024-06-29 03:00:00,2.0000,725.8593,150.0193
2024-06-29 04:00:00,2.0000,2716.0430,2140.2030
2024-06-29 05:00:00,2.0000,3064.0868,2488.2468
2024-06-29 06:00:00,5.0000,4194.3760,2754.7760
2024-06-29 07:00:00,6.0000,5048.4795,3320.9595
2024-06-29 08:00:00,5.0000,5238.8875,3799.2875
2024-06-29 09:00:00,4.0000,5211.7445,4060.0645
2024-06-29 10:00:00,4.0000,5237.1992,4085.5192
2024-06-29 11:00:00,4.5000,5227.3469,3931.7069
2024-06-29 12:00:00,5.0000,5538.6617,4099.0617
2024-06-29 13:00:00,4.5000,5324.0765,4028.4365
2024-06-29 14:00:00,4.0000,4876.3242,3724.6442
2024-06-29 15:00:00,4.0000,4360.0678,3208.3878
2024-06-29 16:00:00,4.0000,3863.1906,2711.5106
2024-06-29 17:00:00,6.0000,4155.4902,2427.9702
2024-06-29 18:00:00,7.0000,4082.4631,2067.0231
2024-06-29 19:00:00,7.5000,2227.4630,68.0630
2024-06-29 20:00:00,7.0000,2015.4400,0.0000
2024-06-29 21:00:00,6.0000,1727.5200,0.0000
2024-06-29 22:00:00,5.0000,1439.6000,0.0000
2024-06-29 23:00:00,4.0000,1151.6800,0.0000
2024-06-30 00:00:00,2.0000,575.8400,0.0000
2024-06-30 01:00:00,2.0000,575.8400,0.0000
2024-06-30 02:00:00,2.0000,575.8400,0.0000
2024-06-30 03:00:00,2.0000,721.2520,145.4120
2024-06-30 04:00:00,2.0000,2711.8649,2136.0249
2024-06-30 05:00:00,2.0000,3060.2988,2484.4588
2024-06-30 06:00:00,5.0000,4191.0066,2751.4066
2024-06-30 07:00:00,6.0000,5046.3564,3318.8364
2024-06-30 08:00:00,5.0000,5237.6399,3798.0399
2024-06-30 09:00:00,4.0000,5211.3495,4059.6695
2024-06-30 10:00:00,4.0000,5237.5757,4085.8957
2024-06-30 11:00:00,4.5000,5226.4484,3930.8084
2024-06-30 12:00:00,5.0000,5538.5900,4098.9900
2024-06-30 13:00:00,4.5000,5324.7285,4029.0885
2024-06-30 14:00:00,4.0000,4877.5475,3725.8675
2024-06-30 15:00:00,4.0000,4361.6712,3209.9912
2024-06-30 16:00:00,4.0000,3861.2533,2709.5733
2024-06-30 17:00:00,6.0000,4153.6976,2426.1776
2024-06-30 18:00:00,7.0000,4080.7075,2065.2675
2024-06-30 19:00:00,7.5000,2225.5687,66.1687
2024-06-30 20:00:00,7.0000,2015.4400,0.0000
2024-06-30 21:00:00,6.0000,1727.5200,0.0000
2024-06-30 22:00:00,5.0000,1439.6000,0.0000
2024-06-30 23:00:00,4.0000,1151.6800,0.0000
2024-07-01 00:00:00,2.0000,575.8400,0.0000
2024-07-01 01:00:00,2.0000,575.8400,0.0000
2024-07-01 02:00:00,2.0000,575.8400,0.0000
2024-07-01 03:00:00,2.0000,713.5188,137.6788
2024-07-01 04:00:00,2.0000,2664.7583,2088.9183
2024-07-01 05:00:00,2.0000,3006.6183,2430.7783
2024-07-01 06:00:00,5.0000,4132.4045,2692.8045
2024-07-01 07:00:00,6.0000,4977.8976,3250.3776
2024-07-01 08:00:00,5.0000,5160.4656,3720.8656
2024-07-01 09:00:00,3.0000,4841.8568,3978.0968
2024-07-01 10:00:00,3.0000,4868.3013,4004.5413
2024-07-01 11:00:00,3.5000,4859.0418,3851.3218
2024-07-01 12:00:00,4.0000,5168.6236,4016.9436
2024-07-01 13:00:00,3.5000,4956.8515,3949.1315
2024-07-01 14:00:00,3.0000,4516.2667,3652.5067
2024-07-01 15:00:00,3.0000,4011.0436,3147.2836
2024-07-01 16:00:00,3.0000,3516.9417,2653.1817
2024-07-01 17:00:00,5.0000,3815.1765,2375.5765
2024-07-01 18:00:00,6.0000,3749.4196,2021.8996
2024-07-01 19:00:00,7.0000,2078.0626,62.6226
2024-07-01 20:00:00,6.0000,1727.5200,0.0000
2024-07-01 21:00:00,5.0000,1439.6000,0.0000
2024-07-01 22:00:00,4.0000,1151.6800,0.0000
2024-07-01 23:00:00,3.0000,863.7600,0.0000
2024-07-02 00:00:00,2.0000,575.8400,0.0000
2024-07-02 01:00:00,2.0000,575.8400,0.0000
2024-07-02 02:00:00,2.0000,575.8400,0.0000
2024-07-02 03:00:00,2.0000,708.3872,132.5472
2024-07-02 04:00:00,2.0000,2660.0827,2084.2427
2024-07-02 05:00:00,2.0000,3002.3493,2426.5093
2024-07-02 06:00:00,5.0000,4128.5596,2688.9596
2024-07-02 07:00:00,6.0000,4975.8158,3248.2958
2024-07-02 08:00:00,5.0000,5159.2616,3719.6616
2024-07-02 09:00:00,3.0000,4841.4842,3977.7242
2024-07-02 10:00:00,3.0000,4868.6570,4004.8970
2024-07-02 11:00:00,3.5000,4858.1812,3850.4612
2024-07-02 12:00:00,4.0000,5168.5595,4016.8795
2024-07-02 13:00:00,3.5000,4957.4596,3949.7396
2024-07-02 14:00:00,3.0000,4517.3771,3653.6171
2024-07-02 15:00:00,3.0000,4012.4522,3148.6922
2024-07-02 16:00:00,3.0000,3514.4382,2650.6782
2024-07-02 17:00:00,5.0000,3812.7765,2373.1765
2024-07-02 18:00:00,6.0000,3747.0130,2019.4930
2024-07-02 19:00:00,7.0000,2075.4721,60.0321
2024-07-02 20:00:00,6.0000,1727.5200,0.0000
2024-07-02 21:00:00,5.0000,1439.6000,0.0000
2024-07-02 22:00:00,4.0000,1151.6800,0.0000
2024-07-02 23:00:00,3.0000,863.7600,0.0000
2024-07-03 00:00:00,2.0000,575.8400,0.0000
2024-07-03 01:00:00,2.0000,575.8400,0.0000
2024-07-03 02:00:00,2.0000,575.8400,0.0000
2024-07-03 03:00:00,2.0000,702.9523,127.1123
2024-07-03 04:00:00,2.0000,2655.1197,2079.2797
2024-07-03 05:00:00,2.0000,2997.8042,2421.9642
2024-07-03 06:00:00,5.0000,4124.4445,2684.8445
2024-07-03 07:00:00,6.0000,4973.7359,3246.2159
2024-07-03 08:00:00,5.0000,5158.0675,3718.4675
2024-07-03 09:00:00,3.0000,4841.1174,3977.3574
2024-07-03 10:00:00,3.0000,4869.0027,4005.2427
2024-07-03 11:00:00,3.5000,4857.3303,3849.6103
2024-07-03 12:00:00,4.0000,5168.4961,4016.8161
2024-07-03 13:00:00,3.5000,4958.0483,3950.3283
2024-07-03 14:00:00,3.0000,4518.4378,3654.6778
2024-07-03 15:00:00,3.0000,4013.7729,3150.0129
2024-07-03 16:00:00,3.0000,3511.6301,2647.8701
2024-07-03 17:00:00,5.0000,3810.0523,2370.4523
2024-07-03 18:00:00,6.0000,3744.2606,2016.7406
2024-07-03 19:00:00,7.0000,2072.5129,57.0729
2024-07-03 20:00:00,6.0000,1727.5200,0.0000
2024-07-03 21:00:00,5.0000,1439.6000,0.0000
2024-07-03 22:00:00,4.0000,1151.6800,0.0000
2024-07-03 23:00:00,3.0000,863.7600,0.0000
2024-07-04 00:00:00,2.0000,575.8400,0.0000
2024-07-04 01:00:00,2.0000,575.8400,0.0000
2024-07-04 02:00:00,2.0000,575.8400,0.0000
2024-07-04 03:00:00,2.0000,697.2174,121.3774
2024-07-04 04:00:00,2.0000,2649.8712,2074.0312
2024-07-04 05:00:00,2.0000,2992.9845,2417.1445
2024-07-04 06:00:00,5.0000,4120.0601,2680.4601
2024-07-04 07:00:00,6.0000,4971.6594,3244.1394
2024-07-04 08:00:00,5.0000,5156.8835,3717.2835
2024-07-04 09:00:00,3.0000,4840.7553,3976.9953
2024-07-04 10:00:00,3.0000,4869.3360,4005.5760
2024-07-04 11:00:00,3.5000,4856.4886,3848.7686
2024-07-04 12:00:00,4.0000,5168.4319,4016.7519
2024-07-04 13:00:00,3.5000,4958.6146,3950.8946
2024-07-04 14:00:00,3.0000,4519.4450,3655.6850
2024-07-04 15:00:00,3.0000,4015.0010,3151.2410
2024-07-04 16:00:00,3.0000,3508.5159,2644.7559
2024-07-04 17:00:00,5.0000,3807.0020,2367.4020
2024-07-04 18:00:00,6.0000,3741.1604,2013.6404
2024-07-04 19:00:00,7.0000,2069.1840,53.7440
2024-07-04 20:00:00,6.0000,1727.5200,0.0000
2024-07-04 21:00:00,5.0000,1439.6000,0.0000
2024-07-04 22:00:00,4.0000,1151.6800,0.0000
2024-07-04 23:00:00,3.0000,863.7600,0.0000
2024-07-05 00:00:00,2.0000,575.8400,0.0000
2024-07-05 01:00:00,2.0000,575.8400,0.0000
2024-07-05 02:00:00,2.0000,575.8400,0.0000
2024-07-05 03:00:00,2.0000,691.1860,115.3460
2024-07-05 04:00:00,2.0000,2644.3394,2068.4994
2024-07-05 05:00:00,2.0000,2987.8915,2412.0515
2024-07-05 06:00:00,5.0000,4115.4072,2675.8072
2024-07-05 07:00:00,6.0000,4969.5877,3242.0677
2024-07-05 08:00:00,5.0000,5155.7094,3716.1094
2024-07-05 09:00:00,3.0000,4840.3964,3976.6364
2024-07-05 10:00:00,3.0000,4869.6543,4005.8943
2024-07-05 11:00:00,3.5000,4855.6557,3847.9357
2024-07-05 12:00:00,4.0000,5168.3648,4016.6848
2024-07-05 13:00:00,3.5000,4959.1556,3951.4356
2024-07-05 14:00:00,3.0000,4520.3946,3656.6346
2024-07-05 15:00:00,3.0000,4016.1322,3152.3722
2024-07-05 16:00:00,3.0000,3505.0939,2641.3339
2024-07-05 17:00:00,5.0000,3803.6240,2364.0240
2024-07-05 18:00:00,6.0000,3737.7107,2010.1907
2024-07-05 19:00:00,7.0000,2065.4843,50.0443
2024-07-05 20:00:00,6.0000,1727.5200,0.0000
2024-07-05 21:00:00,5.0000,1439.6000,0.0000
2024-07-05 22:00:00,4.0000,1151.6800,0.0000
2024-07-05 23:00:00,3.0000,863.7600,0.0000
2024-07-06 00:00:00,2.0000,575.8400,0.0000
2024-07-06 01:00:00,2.0000,575.8400,0.0000
2024-07-06 02:00:00,2.0000,575.8400,0.0000
2024-07-06 03:00:00,2.0000,684.8616,109.0216
2024-07-06 04:00:00,2.0000,2638.5263,2062.6863
2024-07-06 05:00:00,2.0000,2982.5268,2406.6868
2024-07-06 06:00:00,5.0000,4110.4865,2670.8865
2024-07-06 07:00:00,6.0000,4967.5220,3240.0020
2024-07-06 08:00:00,5.0000,5154.5451,3714.9451
2024-07-06 09:00:00,4.0000,5127.9593,3976.2793
2024-07-06 10:00:00,4.0000,5157.8749,4006.1949
2024-07-06 11:00:00,4.5000,5142.7508,3847.1108
2024-07-06 12:00:00,5.0000,5456.2131,4016.6131
2024-07-06 13:00:00,4.5000,5247.5881,3951.9481
2024-07-06 14:00:00,4.0000,4809.2027,3657.5227
2024-07-06 15:00:00,4.0000,4305.0816,3153.4016
2024-07-06 16:00:00,4.0000,3789.2828,2637.6028
2024-07-06 17:00:00,6.0000,4087.8366,2360.3166
2024-07-06 18:00:00,7.0000,4021.8297,2006.3897
2024-07-06 19:00:00,7.5000,2205.3733,45.9733
2024-07-06 20:00:00,7.0000,2015.4400,0.0000
2024-07-06 21:00:00,6.0000,1727.5200,0.0000
2024-07-06 22:00:00,5.0000,1439.6000,0.0000
2024-07-06 23:00:00,4.0000,1151.6800,0.0000
2024-07-07 00:00:00,2.0000,575.8400,0.0000
2024-07-07 01:00:00,2.0000,575.8400,0.0000
2024-07-07 02:00:00,2.0000,575.8400,0.0000
2024-07-07 03:00:00,2.0000,678.2477,102.4077
2024-07-07 04:00:00,2.0000,2632.4339,2056.5939
2024-07-07 05:00:00,2.0000,2976.8916,2401.0516
2024-07-07 06:00:00,5.0000,4105.2988,2665.6988
2024-07-07 07:00:00,6.0000,4965.4633,3237.9433
2024-07-07 08:00:00,5.0000,5153.3904,3713.7904
2024-07-07 09:00:00,4.0000,5127.6023,3975.9223
2024-07-07 10:00:00,4.0000,5158.1549,4006.4749
2024-07-07 11:00:00,4.5000,5141.9331,3846.2931
2024-07-07 12:00:00,5.0000,5456.1344,4016.5344
2024-07-07 13:00:00,4.5000,5248.0688,3952.4288
2024-07-07 14:00:00,4.0000,4810.0251,3658.3451
2024-07-07 15:00:00,4.0000,4306.0046,3154.3246
2024-07-07 16:00:00,4.0000,3785.2411,2633.5611
2024-07-07 17:00:00,6.0000,4083.7979,2356.2779
2024-07-07 18:00:00,7.0000,4017.6756,2002.2356
2024-07-07 19:00:00,7.5000,2200.9303,41.5303
2024-07-07 20:00:00,7.0000,2015.4400,0.0000
2024-07-07 21:00:00,6.0000,1727.5200,0.0000
2024-07-07 22:00:00,5.0000,1439.6000,0.0000
2024-07-07 23:00:00,4.0000,1151.6800,0.0000
2024-07-08 00:00:00,2.0000,575.8400,0.0000
2024-07-08 01:00:00,2.0000,575.8400,0.0000
2024-07-08 02:00:00,2.0000,575.8400,0.0000
2024-07-08 03:00:00,2.0000,671.3481,95.5081
2024-07-08 04:00:00,2.0000,2626.0643,2050.2243
2024-07-08 05:00:00,2.0000,2970.9875,2395.1475
2024-07-08 06:00:00,5.0000,4099.8448,2660.2448
2024-07-08 07:00:00,6.0000,4963.4126,3235.8926
2024-07-08 08:00:00,5.0000,5152.2448,3712.6448
2024-07-08 09:00:00,3.0000,4839.3235,3975.5635
2024-07-08 10:00:00,3.0000,4870.4913,4006.7313
2024-07-08 11:00:00,3.5000,4853.2015,3845.4815
2024-07-08 12:00:00,4.0000,5168.1264,4016.4464
2024-07-08 13:00:00,3.5000,4960.5943,3952.8743
2024-07-08 14:00:00,3.0000,4522.8575,3659.0975
2024-07-08 15:00:00,3.0000,4018.8964,3155.1364
2024-07-08 16:00:00,3.0000,3492.9672,2629.2072
2024-07-08 17:00:00,5.0000,3791.5065,2351.9065
2024-07-08 18:00:00,6.0000,3725.2468,1997.7268
2024-07-08 19:00:00,7.0000,2052.1547,36.7147
2024-07-08 20:00:00,6.0000,1727.5200,0.0000
2024-07-08 21:00:00,5.0000,1439.6000,0.0000
2024-07-08 22:00:00,4.0000,1151.6800,0.0000
2024-07-08 23:00:00,3.0000,863.7600,0.0000
2024-07-09 00:00:00,2.0000,575.8400,0.0000
2024-07-09 01:00:00,2.0000,575.8400,0.0000
2024-07-09 02:00:00,2.0000,575.8400,0.0000
2024-07-09 03:00:00,2.0000,664.1665,88.3265
2024-07-09 04:00:00,2.0000,2619.4195,2043.5795
2024-07-09 05:00:00,2.0000,2964.8157,2388.9757
2024-07-09 06:00:00,5.0000,4094.1252,2654.5252
2024-07-09 07:00:00,6.0000,4961.3706,3233.8506
2024-07-09 08:00:00,5.0000,5151.1076,3711.5076
2024-07-09 09:00:00,3.0000,4838.9611,3975.2011
2024-07-09 10:00:00,3.0000,4870.7211,4006.9611
2024-07-09 11:00:00,3.5000,4852.3948,3844.6748
2024-07-09 12:00:00,4.0000,5168.0268,4016.3468
2024-07-09 13:00:00,3.5000,4961.0011,3953.2811
2024-07-09 14:00:00,3.0000,4523.5356,3659.7756
2024-07-09 15:00:00,3.0000,4019.5922,3155.8322
2024-07-09 16:00:00,3.0000,3488.2998,2624.5398
2024-07-09 17:00:00,5.0000,3786.8007,2347.2007
2024-07-09 18:00:00,6.0000,3720.3817,1992.8617
2024-07-09 19:00:00,7.0000,2046.9662,31.5262
2024-07-09 20:00:00,6.0000,1727.5200,0.0000
2024-07-09 21:00:00,5.0000,1439.6000,0.0000
2024-07-09 22:00:00,4.0000,1151.6800,0.0000
2024-07-09 23:00:00,3.0000,863.7600,0.0000
2024-07-10 00:00:00,2.0000,575.8400,0.0000
2024-07-10 01:00:00,2.0000,575.8400,0.0000
2024-07-10 02:00:00,2.0000,575.8400,0.0000
2024-07-10 03:00:00,2.0000,656.7066,80.8666
2024-07-10 04:00:00,2.0000,2612.5015,2036.6615
2024-07-10 05:00:00,2.0000,2958.3777,2382.5377
2024-07-10 06:00:00,5.0000,4088.1407,2648.5407
2024-07-10 07:00:00,6.0000,4959.3381,3231.8181
2024-07-10 08:00:00,5.0000,5149.9780,3710.3780
2024-07-10 09:00:00,3.0000,4838.5930,3974.8330
2024-07-10 10:00:00,3.0000,4870.9208,4007.1608
2024-07-10 11:00:00,3.5000,4851.5918,3843.8718
2024-07-10 12:00:00,4.0000,5167.9129,4016.2329
2024-07-10 13:00:00,3.5000,4961.3656,3953.6456
2024-07-10 14:00:00,3.0000,4524.1350,3660.3750
2024-07-10 15:00:00,3.0000,4020.1671,3156.4071
2024-07-10 16:00:00,3.0000,3483.3174,2619.5574
2024-07-10 17:00:00,5.0000,3781.7588,2342.1588
2024-07-10 18:00:00,6.0000,3715.1588,1987.6388
2024-07-10 19:00:00,7.0000,2041.4046,25.9646
2024-07-10 20:00:00,6.0000,1727.5200,0.0000
2024-07-10 21:00:00,5.0000,1439.6000,0.0000
2024-07-10 22:00:00,4.0000,1151.6800,0.0000
2024-07-10 23:00:00,3.0000,863.7600,0.0000
2024-07-11 00:00:00,2.0000,575.8400,0.0000
2024-07-11 01:00:00,2.0000,575.8400,0.0000
2024-07-11 02:00:00,2.0000,575.8400,0.0000
2024-07-11 03:00:00,2.0000,648.9723,73.1323
2024-07-11 04:00:00,2.0000,2605.3123,2029.4723
2024-07-11 05:00:00,2.0000,2951.6748,2375.8348
2024-07-11 06:00:00,5.0000,4081.8919,2642.2919
2024-07-11 07:00:00,6.0000,4957.3155,3229.7955
2024-07-11 08:00:00,5.0000,5148.8552,3709.2552
2024-07-11 09:00:00,3.0000,4838.2168,3974.4568
2024-07-11 10:00:00,3.0000,4871.0873,4007.3273
2024-07-11 11:00:00,3.5000,4850.7909,3843.0709
2024-07-11 12:00:00,4.0000,5167.7820,4016.1020
2024-07-11 13:00:00,3.5000,4961.6838,3953.9638
2024-07-11 14:00:00,3.0000,4524.6511,3660.8911
2024-07-11 15:00:00,3.0000,4020.6162,3156.8562
2024-07-11 16:00:00,3.0000,3478.0186,2614.2586
2024-07-11 17:00:00,5.0000,3776.3794,2336.7794
2024-07-11 18:00:00,6.0000,3709.5764,1982.0564
2024-07-11 19:00:00,7.0000,2035.4698,20.0298
2024-07-11 20:00:00,6.0000,1727.5200,0.0000
2024-07-11 21:00:00,5.0000,1439.6000,0.0000
2024-07-11 22:00:00,4.0000,1151.6800,0.0000
2024-07-11 23:00:00,3.0000,863.7600,0.0000
2024-07-12 00:00:00,2.0000,575.8400,0.0000
2024-07-12 01:00:00,2.0000,575.8400,0.0000
2024-07-12 02:00:00,2.0000,575.8400,0.0000
2024-07-12 03:00:00,2.0000,640.9675,65.1275
2024-07-12 04:00:00,2.0000,2597.8541,2022.0141
2024-07-12 05:00:00,2.0000,2944.7084,2368.8684
2024-07-12 06:00:00,5.0000,4075.3795,2635.7795
2024-07-12 07:00:00,6.0000,4955.3032,3227.7832
2024-07-12 08:00:00,5.0000,5147.7381,3708.1381
2024-07-12 09:00:00,3.0000,4837.8303,3974.0703
2024-07-12 10:00:00,3.0000,4871.2169,4007.4569
2024-07-12 11:00:00,3.5000,4849.9906,3842.2706
2024-07-12 12:00:00,4.0000,5167.6312,4015.9512
2024-07-12 13:00:00,3.5000,4961.9521,3954.2321
2024-07-12 14:00:00,3.0000,4525.0794,3661.3194
2024-07-12 15:00:00,3.0000,4020.9345,3157.1745
2024-07-12 16:00:00,3.0000,3472.4020,2608.6420
2024-07-12 17:00:00,5.0000,3770.6609,2331.0609
2024-07-12 18:00:00,6.0000,3703.6332,1976.1132
2024-07-12 19:00:00,7.0000,2029.1618,13.7218
2024-07-12 20:00:00,6.0000,1727.5200,0.0000
2024-07-12 21:00:00,5.0000,1439.6000,0.0000
2024-07-12 22:00:00,4.0000,1151.6800,0.0000
2024-07-12 23:00:00,3.0000,863.7600,0.0000
2024-07-13 00:00:00,2.0000,575.8400,0.0000
2024-07-13 01:00:00,2.0000,575.8400,0.0000
2024-07-13 02:00:00,2.0000,575.8400,0.0000
2024-07-13 03:00:00,2.0000,632.6963,56.8563
2024-07-13 04:00:00,2.0000,2590.1287,2014.2887
2024-07-13 05:00:00,2.0000,2937.4798,2361.6398
2024-07-13 06:00:00,5.0000,4068.6042,2629.0042
2024-07-13 07:00:00,6.0000,4953.3014,3225.7814
2024-07-13 08:00:00,5.0000,5146.6255,3707.0255
2024-07-13 09:00:00,4.0000,5125.3508,3973.6708
2024-07-13 10:00:00,4.0000,5159.2260,4007.5460
2024-07-13 11:00:00,4.5000,5137.1091,3841.4691
2024-07-13 12:00:00,5.0000,5455.3776,4015.7776
2024-07-13 13:00:00,4.5000,5250.0864,3954.4464
2024-07-13 14:00:00,4.0000,4813.3351,3661.6551
2024-07-13 15:00:00,4.0000,4309.0371,3157.3571
2024-07-13 16:00:00,4.0000,3754.3862,2602.7062
2024-07-13 17:00:00,6.0000,4052.5219,2325.0019
2024-07-13 18:00:00,7.0000,3985.2479,1969.8079
2024-07-13 19:00:00,7.5000,2166.4409,7.0409
2024-07-13 20:00:00,7.0000,2015.4400,0.0000
2024-07-13 21:00:00,6.0000,1727.5200,0.0000
2024-07-13 22:00:00,5.0000,1439.6000,0.0000
2024-07-13 23:00:00,4.0000,1151.6800,0.0000
2024-07-14 00:00:00,2.0000,575.8400,0.0000
2024-07-14 01:00:00,2.0000,575.8400,0.0000
2024-07-14 02:00:00,2.0000,575.8400,0.0000
2024-07-14 03:00:00,2.0000,624.1626,48.3226
2024-07-14 04:00:00,2.0000,2582.1384,2006.2984
2024-07-14 05:00:00,2.0000,2929.9903,2354.1503
2024-07-14 06:00:00,5.0000,4061.5665,2621.9665
2024-07-14 07:00:00,6.0000,4951.3101,3223.7901
2024-07-14 08:00:00,5.0000,5145.5159,3705.9159
2024-07-14 09:00:00,4.0000,5124.9358,3973.2558
2024-07-14 10:00:00,4.0000,5159.2710,4007.5910
2024-07-14 11:00:00,4.5000,5136.3044,3840.6644
2024-07-14 12:00:00,5.0000,5455.1779,4015.5779
2024-07-14 13:00:00,4.5000,5250.2425,3954.6025
2024-07-14 14:00:00,4.0000,4813.5737,3661.8937
2024-07-14 15:00:00,4.0000,4309.0789,3157.3989
2024-07-14 16:00:00,4.0000,3748.1299,2596.4499
2024-07-14 17:00:00,6.0000,4046.1210,2318.6010
2024-07-14 18:00:00,7.0000,3978.5792,1963.1392
2024-07-14 19:00:00,7.5000,2159.4000,0.0000
2024-07-14 20:00:00,7.0000,2015.4400,0.0000
2024-07-14 21:00:00,6.0000,1727.5200,0.0000
2024-07-14 22:00:00,5.0000,1439.6000,0.0000
2024-07-14 23:00:00,4.0000,1151.6800,0.0000
2024-07-15 00:00:00,2.0000,575.8400,0.0000
2024-07-15 01:00:00,2.0000,575.8400,0.0000
2024-07-15 02:00:00,2.0000,575.8400,0.0000
2024-07-15 03:00:00,2.0000,615.3706,39.5306
2024-07-15 04:00:00,2.0000,2573.8850,1998.0450
2024-07-15 05:00:00,2.0000,2922.2412,2346.4012
2024-07-15 06:00:00,5.0000,4054.2671,2614.6671
2024-07-15 07:00:00,6.0000,4949.3294,3221.8094
2024-07-15 08:00:00,5.0000,5144.4080,3704.8080
2024-07-15 09:00:00,3.0000,4836.5824,3972.8224
2024-07-15 10:00:00,3.0000,4871.3479,4007.5879
2024-07-15 11:00:00,3.5000,4847.5746,3839.8546
2024-07-15 12:00:00,4.0000,5167.0290,4015.3490
2024-07-15 13:00:00,3.5000,4962.4164,3954.6964
2024-07-15 14:00:00,3.0000,4525.7901,3662.0301
2024-07-15 15:00:00,3.0000,4021.0549,3157.2949
2024-07-15 16:00:00,3.0000,3453.6318,2589.8718
2024-07-15 17:00:00,5.0000,3751.4569,2311.8569
2024-07-15 18:00:00,6.0000,3683.6258,1956.1058
2024-07-15 19:00:00,7.0000,2015.4400,0.0000
2024-07-15 20:00:00,6.0000,1727.5200,0.0000
2024-07-15 21:00:00,5.0000,1439.6000,0.0000
2024-07-15 22:00:00,4.0000,1151.6800,0.0000
2024-07-15 23:00:00,3.0000,863.7600,0.0000
2024-07-16 00:00:00,2.0000,575.8400,0.0000
2024-07-16 01:00:00,2.0000,575.8400,0.0000
2024-07-16 02:00:00,2.0000,575.8400,0.0000
2024-07-16 03:00:00,2.0000,606.3245,30.4845
2024-07-16 04:00:00,2.0000,2565.3706,1989.5306
2024-07-16 05:00:00,2.0000,2914.2340,2338.3940
2024-07-16 06:00:00,5.0000,4046.7066,2607.1066
2024-07-16 07:00:00,6.0000,4947.3589,3219.8389
2024-07-16 08:00:00,5.0000,5143.3000,3703.7000
2024-07-16 09:00:00,3.0000,4836.1277,3972.3677
2024-07-16 10:00:00,3.0000,4871.2927,4007.5327
2024-07-16 11:00:00,3.5000,4846.7574,3839.0374
2024-07-16 12:00:00,4.0000,5166.7675,4015.0875
2024-07-16 13:00:00,3.5000,4962.4437,3954.7237
2024-07-16 14:00:00,3.0000,4525.8197,3662.0597
2024-07-16 15:00:00,3.0000,4020.8001,3157.0401
2024-07-16 16:00:00,3.0000,3446.7307,2582.9707
2024-07-16 17:00:00,5.0000,3744.3683,2304.7683
2024-07-16 18:00:00,6.0000,3676.2268,1948.7068
2024-07-16 19:00:00,7.0000,2015.4400,0.0000
2024-07-16 20:00:00,6.0000,1727.5200,0.0000
2024-07-16 21:00:00,5.0000,1439.6000,0.0000
2024-07-16 22:00:00,4.0000,1151.6800,0.0000
2024-07-16 23:00:00,3.0000,863.7600,0.0000
2024-07-17 00:00:00,2.0000,575.8400,0.0000
2024-07-17 01:00:00,2.0000,575.8400,0.0000
2024-07-17 02:00:00,2.0000,575.8400,0.0000
2024-07-17 03:00:00,2.0000,597.0285,21.1885
2024-07-17 04:00:00,2.0000,2556.5973,1980.7573
2024-07-17 05:00:00,2.0000,2905.9698,2330.1298
2024-07-17 06:00:00,5.0000,4038.8856,2599.2856
2024-07-17 07:00:00,6.0000,4945.3983,3217.8783
2024-07-17 08:00:00,5.0000,5142.1901,3702.5901
2024-07-17 09:00:00,3.0000,4835.6486,3971.8886
2024-07-17 10:00:00,3.0000,4871.1816,4007.4216
2024-07-17 11:00:00,3.5000,4845.9305,3838.2105
2024-07-17 12:00:00,4.0000,5166.4699,4014.7899
2024-07-17 13:00:00,3.5000,4962.4001,3954.6801
2024-07-17 14:00:00,3.0000,4525.7376,3661.9776
2024-07-17 15:00:00,3.0000,4020.3894,3156.6294
2024-07-17 16:00:00,3.0000,3439.5054,2575.7454
2024-07-17 17:00:00,5.0000,3736.9340,2297.3340
2024-07-17 18:00:00,6.0000,3668.4610,1940.9410
2024-07-17 19:00:00,7.0000,2015.4400,0.0000
2024-07-17 20:00:00,6.0000,1727.5200,0.0000
2024-07-17 21:00:00,5.0000,1439.6000,0.0000
2024-07-17 22:00:00,4.0000,1151.6800,0.0000
2024-07-17 23:00:00,3.0000,863.7600,0.0000
2024-07-18 00:00:00,2.0000,575.8400,0.0000
2024-07-18 01:00:00,2.0000,575.8400,0.0000
2024-07-18 02:00:00,2.0000,575.8400,0.0000
2024-07-18 03:00:00,2.0000,587.4868,11.6468
2024-07-18 04:00:00,2.0000,2547.5671,1971.7271
2024-07-18 05:00:00,2.0000,2897.4500,2321.6100
2024-07-18 06:00:00,5.0000,4030.8048,2591.2048
2024-07-18 07:00:00,6.0000,4943.4472,3215.9272
2024-07-18 08:00:00,5.0000,5141.0764,3701.4764
2024-07-18 09:00:00,3.0000,4835.1419,3971.3819
2024-07-18 10:00:00,3.0000,4871.0102,4007.2502
2024-07-18 11:00:00,3.5000,4845.0915,3837.3715
2024-07-18 12:00:00,4.0000,5166.1325,4014.4525
2024-07-18 13:00:00,3.5000,4962.2811,3954.5611
2024-07-18 14:00:00,3.0000,4525.5386,3661.7786
2024-07-18 15:00:00,3.0000,4019.8178,3156.0578
2024-07-18 16:00:00,3.0000,3431.9548,2568.1948
2024-07-18 17:00:00,5.0000,3729.1530,2289.5530
2024-07-18 18:00:00,6.0000,3660.3277,1932.8077
2024-07-18 19:00:00,7.0000,2015.4400,0.0000
2024-07-18 20:00:00,6.0000,1727.5200,0.0000
2024-07-18 21:00:00,5.0000,1439.6000,0.0000
2024-07-18 22:00:00,4.0000,1151.6800,0.0000
2024-07-18 23:00:00,3.0000,863.7600,0.0000
2024-07-19 00:00:00,2.0000,575.8400,0.0000
2024-07-19 01:00:00,2.0000,575.8400,0.0000
2024-07-19 02:00:00,2.0000,575.8400,0.0000
2024-07-19 03:00:00,2.0000,577.7039,1.8639
2024-07-19 04:00:00,2.0000,2538.2821,1962.4421
2024-07-19 05:00:00,2.0000,2888.6759,2312.8359
2024-07-19 06:00:00,5.0000,4022.4646,2582.8646
2024-07-19 07:00:00,6.0000,4941.5047,3213.9847
2024-07-19 08:00:00,5.0000,5139.9568,3700.3568
2024-07-19 09:00:00,3.0000,4834.6045,3970.8445
2024-07-19 10:00:00,3.0000,4870.7743,4007.0143
2024-07-19 11:00:00,3.5000,4844.2377,3836.5177
2024-07-19 12:00:00,4.0000,5165.7517,4014.0717
2024-07-19 13:00:00,3.5000,4962.0822,3954.3622
2024-07-19 14:00:00,3.0000,4525.2180,3661.4580
2024-07-19 15:00:00,3.0000,4019.0803,3155.3203
2024-07-19 16:00:00,3.0000,3424.0777,2560.3177
2024-07-19 17:00:00,5.0000,3721.0241,2281.4241
2024-07-19 18:00:00,6.0000,3651.8259,1924.3059
2024-07-19 19:00:00,7.0000,2015.4400,0.0000
2024-07-19 20:00:00,6.0000,1727.5200,0.0000
2024-07-19 21:00:00,5.0000,1439.6000,0.0000
2024-07-19 22:00:00,4.0000,1151.6800,0.0000
2024-07-19 23:00:00,3.0000,863.7600,0.0000
2024-07-20 00:00:00,2.0000,575.8400,0.0000
2024-07-20 01:00:00,2.0000,575.8400,0.0000
2024-07-20 02:00:00,2.0000,575.8400,0.0000
2024-07-20 03:00:00,2.0000,575.8400,0.0000
2024-07-20 04:00:00,2.0000,2528.7443,1952.9043
2024-07-20 05:00:00,2.0000,2879.6489,2303.8089
2024-07-20 06:00:00,5.0000,4013.8657,2574.2657
2024-07-20 07:00:00,6.0000,4939.5703,3212.0503
2024-07-20 08:00:00,5.0000,5138.8292,3699.2292
2024-07-20 09:00:00,4.0000,5121.9527,3970.2727
2024-07-20 10:00:00,4.0000,5158.3897,4006.7097
2024-07-20 11:00:00,4.5000,5131.2864,3835.6464
2024-07-20 12:00:00,5.0000,5453.2437,4013.6437
2024-07-20 13:00:00,4.5000,5249.7187,3954.0787
2024-07-20 14:00:00,4.0000,4812.6907,3661.0107
2024-07-20 15:00:00,4.0000,4306.0919,3154.4119
2024-07-20 16:00:00,4.0000,3703.7931,2552.1131
2024-07-20 17:00:00,6.0000,4000.4664,2272.9464
2024-07-20 18:00:00,7.0000,3930.8751,1915.4351
2024-07-20 19:00:00,7.5000,2159.4000,0.0000
2024-07-20 20:00:00,7.0000,2015.4400,0.0000
2024-07-20 21:00:00,6.0000,1727.5200,0.0000
2024-07-20 22:00:00,5.0000,1439.6000,0.0000
2024-07-20 23:00:00,4.0000,1151.6800,0.0000
2024-07-21 00:00:00,2.0000,575.8400,0.0000
2024-07-21 01:00:00,2.0000,575.8400,0.0000
2024-07-21 02:00:00,2.0000,575.8400,0.0000
2024-07-21 03:00:00,2.0000,575.8400,0.0000
2024-07-21 04:00:00,2.0000,2518.9558,1943.1158
2024-07-21 05:00:00,2.0000,2870.3702,2294.5302
2024-07-21 06:00:00,5.0000,4005.0087,2565.4087
2024-07-21 07:00:00,6.0000,4937.6428,3210.1228
2024-07-21 08:00:00,5.0000,5137.6911,3698.0911
2024-07-21 09:00:00,4.0000,5121.3432,3969.6632
2024-07-21 10:00:00,4.0000,5158.0119,4006.3319
2024-07-21 11:00:00,4.5000,5130.3948,3834.7548
2024-07-21 12:00:00,5.0000,5452.7644,4013.1644
2024-07-21 13:00:00,4.5000,5249.3460,3953.7060
2024-07-21 14:00:00,4.0000,4812.1117,3660.4317
2024-07-21 15:00:00,4.0000,4305.0075,3153.3275
2024-07-21 16:00:00,4.0000,3695.2601,2543.5801
2024-07-21 17:00:00,6.0000,3991.6391,2264.1191
2024-07-21 18:00:00,7.0000,3921.6347,1906.1947
2024-07-21 19:00:00,7.5000,2159.4000,0.0000
2024-07-21 20:00:00,7.0000,2015.4400,0.0000
2024-07-21 21:00:00,6.0000,1727.5200,0.0000
2024-07-21 22:00:00,5.0000,1439.6000,0.0000
2024-07-21 23:00:00,4.0000,1151.6800,0.0000
2024-07-22 00:00:00,2.0000,575.8400,0.0000
2024-07-22 01:00:00,2.0000,575.8400,0.0000
2024-07-22 02:00:00,2.0000,575.8400,0.0000
2024-07-22 03:00:00,2.0000,575.8400,0.0000
2024-07-22 04:00:00,2.0000,2508.9186,1933.0786
2024-07-22 05:00:00,2.0000,2860.8411,2285.0011
2024-07-22 06:00:00,5.0000,3995.8942,2556.2942
2024-07-22 07:00:00,6.0000,4935.7212,3208.2012
2024-07-22 08:00:00,5.0000,5136.5401,3696.9401
2024-07-22 09:00:00,3.0000,4832.7723,3969.0123
2024-07-22 10:00:00,3.0000,4869.6363,4005.8763
2024-07-22 11:00:00,3.5000,4841.5599,3833.8399
2024-07-22 12:00:00,4.0000,5164.3100,4012.6300
2024-07-22 13:00:00,3.5000,4960.9595,3953.2395
2024-07-22 14:00:00,3.0000,4523.4759,3659.7159
2024-07-22 15:00:00,3.0000,4015.8222,3152.0622
2024-07-22 16:00:00,3.0000,3398.4779,2534.7179
2024-07-22 17:00:00,5.0000,3694.5414,2254.9414
2024-07-22 18:00:00,6.0000,3624.1041,1896.5841
2024-07-22 19:00:00,7.0000,2015.4400,0.0000
2024-07-22 20:00:00,6.0000,1727.5200,0.0000
2024-07-22 21:00:00,5.0000,1439.6000,0.0000
2024-07-22 22:00:00,4.0000,1151.6800,0.0000
2024-07-22 23:00:00,3.0000,863.7600,0.0000
2024-07-23 00:00:00,2.0000,575.8400,0.0000
2024-07-23 01:00:00,2.0000,575.8400,0.0000
2024-07-23 02:00:00,2.0000,575.8400,0.0000
2024-07-23 03:00:00,2.0000,575.8400,0.0000
2024-07-23 04:00:00,2.0000,2498.6349,1922.7949
2024-07-23 05:00:00,2.0000,2851.0630,2275.2230
2024-07-23 06:00:00,5.0000,3986.5229,2546.9229
2024-07-23 07:00:00,6.0000,4933.8044,3206.2844
2024-07-23 08:00:00,5.0000,5135.3736,3695.7736
2024-07-23 09:00:00,3.0000,4832.0761,3968.3161
2024-07-23 10:00:00,3.0000,4869.0986,4005.3386
2024-07-23 11:00:00,3.5000,4840.6185,3832.8985
2024-07-23 12:00:00,4.0000,5163.7162,4012.0362
2024-07-23 13:00:00,3.5000,4960.3942,3952.6742
2024-07-23 14:00:00,3.0000,4522.6182,3658.8582
2024-07-23 15:00:00,3.0000,4014.3712,3150.6112
2024-07-23 16:00:00,3.0000,3389.2857,2525.5257
2024-07-23 17:00:00,5.0000,3685.0128,2245.4128
2024-07-23 18:00:00,6.0000,3614.1232,1886.6032
2024-07-23 19:00:00,7.0000,2015.4400,0.0000
2024-07-23 20:00:00,6.0000,1727.5200,0.0000
2024-07-23 21:00:00,5.0000,1439.6000,0.0000
2024-07-23 22:00:00,4.0000,1151.6800,0.0000
2024-07-23 23:00:00,3.0000,863.7600,0.0000
2024-07-24 00:00:00,2.0000,575.8400,0.0000
2024-07-24 01:00:00,2.0000,575.8400,0.0000
2024-07-24 02:00:00,2.0000,575.8400,0.0000
2024-07-24 03:00:00,2.0000,575.8400,0.0000
2024-07-24 04:00:00,2.0000,2488.1066,1912.2666
2024-07-24 05:00:00,2.0000,2841.0372,2265.1972
2024-07-24 06:00:00,5.0000,3976.8954,2537.2954
2024-07-24 07:00:00,6.0000,4931.8908,3204.3708
2024-07-24 08:00:00,5.0000,5134.1888,3694.5888
2024-07-24 09:00:00,3.0000,4831.3310,3967.5710
2024-07-24 10:00:00,3.0000,4868.4740,4004.7140
2024-07-24 11:00:00,3.5000,4839.6476,3831.9276
2024-07-24 12:00:00,4.0000,5163.0588,4011.3788
2024-07-24 13:00:00,3.5000,4959.7255,3952.0055
2024-07-24 14:00:00,3.0000,4521.6137,3657.8537
2024-07-24 15:00:00,3.0000,4012.7295,3148.9695
2024-07-24 16:00:00,3.0000,3379.7626,2516.0026
2024-07-24 17:00:00,5.0000,3675.1326,2235.5326
2024-07-24 18:00:00,6.0000,3603.7717,1876.2517
2024-07-24 19:00:00,7.0000,2015.4400,0.0000
2024-07-24 20:00:00,6.0000,1727.5200,0.0000
2024-07-24 21:00:00,5.0000,1439.6000,0.0000
2024-07-24 22:00:00,4.0000,1151.6800,0.0000
2024-07-24 23:00:00,3.0000,863.7600,0.0000
2024-07-25 00:00:00,2.0000,575.8400,0.0000
2024-07-25 01:00:00,2.0000,575.8400,0.0000
2024-07-25 02:00:00,2.0000,575.8400,0.0000
2024-07-25 03:00:00,2.0000,575.8400,0.0000
2024-07-25 04:00:00,2.0000,2477.3360,1901.4960
2024-07-25 05:00:00,2.0000,2830.7651,2254.9251
2024-07-25 06:00:00,5.0000,3967.0568,2527.4568
2024-07-25 07:00:00,6.0000,4929.9790,3202.4590
2024-07-25 08:00:00,5.0000,5132.9829,3693.3829
2024-07-25 09:00:00,3.0000,4830.5329,3966.7729
2024-07-25 10:00:00,3.0000,4867.7578,4003.9978
2024-07-25 11:00:00,3.5000,4838.6436,3830.9236
2024-07-25 12:00:00,4.0000,5162.3337,4010.6537
2024-07-25 13:00:00,3.5000,4958.9484,3951.2284
2024-07-25 14:00:00,3.0000,4520.4574,3656.6974
2024-07-25 15:00:00,3.0000,4010.8924,3147.1324
2024-07-25 16:00:00,3.0000,3369.9083,2506.1483
2024-07-25 17:00:00,5.0000,3664.9004,2225.3004
2024-07-25 18:00:00,6.0000,3593.0496,1865.5296
2024-07-25 19:00:00,7.0000,2015.4400,0.0000
2024-07-25 20:00:00,6.0000,1727.5200,0.0000
2024-07-25 21:00:00,5.0000,1439.6000,0.0000
2024-07-25 22:00:00,4.0000,1151.6800,0.0000
2024-07-25 23:00:00,3.0000,863.7600,0.0000
2024-07-26 00:00:00,2.0000,575.8400,0.0000
2024-07-26 01:00:00,2.0000,575.8400,0.0000
2024-07-26 02:00:00,2.0000,575.8400,0.0000
2024-07-26 03:00:00,2.0000,575.8400,0.0000
2024-07-26 04:00:00,2.0000,2466.3251,1890.4851
2024-07-26 05:00:00,2.0000,2820.2479,2244.4079
2024-07-26 06:00:00,5.0000,3964.2033,2524.6033
2024-07-26 07:00:00,6.0000,4928.0674,3200.5474
2024-07-26 08:00:00,5.0000,5131.7529,3692.1529
2024-07-26 09:00:00,3.0000,4829.6778,3965.9178
2024-07-26 10:00:00,3.0000,4866.9455,4003.1855
2024-07-26 11:00:00,3.5000,4837.6033,3829.8833
2024-07-26 12:00:00,4.0000,5161.5364,4009.8564
2024-07-26 13:00:00,3.5000,4958.0580,3950.3380
2024-07-26 14:00:00,3.0000,4519.1441,3655.3841
2024-07-26 15:00:00,3.0000,4008.8552,3145.0952
2024-07-26 16:00:00,3.0000,3359.7220,2495.9620
2024-07-26 17:00:00,5.0000,3654.3160,2214.7160
2024-07-26 18:00:00,6.0000,3581.9571,1854.4371
2024-07-26 19:00:00,7.0000,2015.4400,0.0000
2024-07-26 20:00:00,6.0000,1727.5200,0.0000
2024-07-26 21:00:00,5.0000,1439.6000,0.0000
2024-07-26 22:00:00,4.0000,1151.6800,0.0000
2024-07-26 23:00:00,3.0000,863.7600,0.0000
2024-07-27 00:00:00,2.0000,575.8400,0.0000
2024-07-27 01:00:00,2.0000,575.8400,0.0000
2024-07-27 02:00:00,2.0000,575.8400,0.0000
2024-07-27 03:00:00,2.0000,575.8400,0.0000
2024-07-27 04:00:00,2.0000,2455.0760,1879.2360
2024-07-27 05:00:00,2.0000,2809.4871,2233.6471
2024-07-27 06:00:00,5.0000,3961.3637,2521.7637
2024-07-27 07:00:00,6.0000,4926.1541,3198.6341
2024-07-27 08:00:00,5.0000,5130.4957,3690.8957
2024-07-27 09:00:00,4.0000,5116.6817,3965.0017
2024-07-27 10:00:00,4.0000,5153.9521,4002.2721
2024-07-27 11:00:00,4.5000,5124.4429,3828.8029
2024-07-27 12:00:00,5.0000,5448.5826,4008.9826
2024-07-27 13:00:00,4.5000,5244.9695,3949.3295
2024-07-27 14:00:00,4.0000,4805.5889,3653.9089
2024-07-27 15:00:00,4.0000,4294.5332,3142.8532
2024-07-27 16:00:00,4.0000,3637.1235,2485.4435
2024-07-27 17:00:00,6.0000,3931.2992,2203.7792
2024-07-27 18:00:00,7.0000,3858.4143,1842.9743
2024-07-27 19:00:00,7.5000,2159.4000,0.0000
2024-07-27 20:00:00,7.0000,2015.4400,0.0000
2024-07-27 21:00:00,6.0000,1727.5200,0.0000
2024-07-27 22:00:00,5.0000,1439.6000,0.0000
2024-07-27 23:00:00,4.0000,1151.6800,0.0000
2024-07-28 00:00:00,2.0000,575.8400,0.0000
2024-07-28 01:00:00,2.0000,575.8400,0.0000
2024-07-28 02:00:00,2.0000,575.8400,0.0000
2024-07-28 03:00:00,2.0000,575.8400,0.0000
2024-07-28 04:00:00,2.0000,2443.5909,1867.7509
2024-07-28 05:00:00,2.0000,2798.4841,2222.6441
2024-07-28 06:00:00,5.0000,3958.5374,2518.9374
2024-07-28 07:00:00,6.0000,4924.2373,3196.7173
2024-07-28 08:00:00,5.0000,5129.2081,3689.6081
2024-07-28 09:00:00,4.0000,5115.7002,3964.0202
2024-07-28 10:00:00,4.0000,5152.9329,4001.2529
2024-07-28 11:00:00,4.5000,5123.3190,3827.6790
2024-07-28 12:00:00,5.0000,5447.6277,4008.0277
2024-07-28 13:00:00,4.5000,5243.8379,3948.1979
2024-07-28 14:00:00,4.0000,4803.9469,3652.2669
2024-07-28 15:00:00,4.0000,4292.0818,3140.4018
2024-07-28 16:00:00,4.0000,3626.2725,2474.5925
2024-07-28 17:00:00,6.0000,3920.0100,2192.4900
2024-07-28 18:00:00,7.0000,3846.5817,1831.1417
2024-07-28 19:00:00,7.5000,2159.4000,0.0000
2024-07-28 20:00:00,7.0000,2015.4400,0.0000
2024-07-28 21:00:00,6.0000,1727.5200,0.0000
2024-07-28 22:00:00,5.0000,1439.6000,0.0000
2024-07-28 23:00:00,4.0000,1151.6800,0.0000
2024-07-29 00:00:00,2.0000,575.8400,0.0000
2024-07-29 01:00:00,2.0000,575.8400,0.0000
2024-07-29 02:00:00,2.0000,575.8400,0.0000
2024-07-29 03:00:00,2.0000,575.8400,0.0000
2024-07-29 04:00:00,2.0000,2431.8718,1856.0318
2024-07-29 05:00:00,2.0000,2787.2402,2211.4002
2024-07-29 06:00:00,5.0000,3955.7240,2516.1240
2024-07-29 07:00:00,6.0000,4922.3148,3194.7948
2024-07-29 08:00:00,5.0000,5127.8868,3688.2868
2024-07-29 09:00:00,3.0000,4826.7292,3962.9692
2024-07-29 10:00:00,3.0000,4863.8830,4000.1230
2024-07-29 11:00:00,3.5000,4834.2278,3826.5078
2024-07-29 12:00:00,4.0000,5158.6672,4006.9872
2024-07-29 13:00:00,3.5000,4954.6582,3946.9382
2024-07-29 14:00:00,3.0000,4514.2131,3650.4531
2024-07-29 15:00:00,3.0000,4001.4967,3137.7367
2024-07-29 16:00:00,3.0000,3327.1687,2463.4087
2024-07-29 17:00:00,5.0000,3620.4484,2180.8484
2024-07-29 18:00:00,6.0000,3546.4598,1818.9398
2024-07-29 19:00:00,7.0000,2015.4400,0.0000
2024-07-29 20:00:00,6.0000,1727.5200,0.0000
2024-07-29 21:00:00,5.0000,1439.6000,0.0000
2024-07-29 22:00:00,4.0000,1151.6800,0.0000
2024-07-29 23:00:00,3.0000,863.7600,0.0000
2024-07-30 00:00:00,2.0000,575.8400,0.0000
2024-07-30 01:00:00,2.0000,575.8400,0.0000
2024-07-30 02:00:00,2.0000,575.8400,0.0000
2024-07-30 03:00:00,2.0000,575.8400,0.0000
2024-07-30 04:00:00,2.0000,2419.9210,1844.0810
2024-07-30 05:00:00,2.0000,2775.7569,2199.9169
2024-07-30 06:00:00,5.0000,3952.9226,2513.3226
2024-07-30 07:00:00,6.0000,4920.3845,3192.8645
2024-07-30 08:00:00,5.0000,5126.5283,3686.9283
2024-07-30 09:00:00,3.0000,4825.6044,3961.8444
2024-07-30 10:00:00,3.0000,4862.6377,3998.8777
2024-07-30 11:00:00,3.5000,4833.0053,3825.2853
2024-07-30 12:00:00,4.0000,5157.5365,4005.8565
2024-07-30 13:00:00,3.5000,4953.2656,3945.5456
2024-07-30 14:00:00,3.0000,4512.2227,3648.4627
2024-07-30 15:00:00,3.0000,3998.6134,3134.8534
2024-07-30 16:00:00,3.0000,3315.6522,2451.8922
2024-07-30 17:00:00,5.0000,3608.4548,2168.8548
2024-07-30 18:00:00,6.0000,3533.8896,1806.3696
2024-07-30 19:00:00,7.0000,2015.4400,0.0000
2024-07-30 20:00:00,6.0000,1727.5200,0.0000
2024-07-30 21:00:00,5.0000,1439.6000,0.0000
2024-07-30 22:00:00,4.0000,1151.6800,0.0000
2024-07-30 23:00:00,3.0000,863.7600,0.0000
2024-07-31 00:00:00,2.0000,575.8400,0.0000
2024-07-31 01:00:00,2.0000,575.8400,0.0000
2024-07-31 02:00:00,2.0000,575.8400,0.0000
2024-07-31 03:00:00,2.0000,575.8400,0.0000
2024-07-31 04:00:00,2.0000,2407.7407,1831.9007
2024-07-31 05:00:00,2.0000,2764.0355,2188.1955
2024-07-31 06:00:00,5.0000,3950.1324,2510.5324
2024-07-31 07:00:00,6.0000,4918.4439,3190.9239
2024-07-31 08:00:00,5.0000,5125.1290,3685.5290
2024-07-31 09:00:00,3.0000,4824.4012,3960.6412
2024-07-31 10:00:00,3.0000,4861.2721,3997.5121
2024-07-31 11:00:00,3.5000,4831.7278,3824.0078
2024-07-31 12:00:00,4.0000,5156.3111,4004.6311
2024-07-31 13:00:00,3.5000,4951.7351,3944.0151
2024-07-31 14:00:00,3.0000,4510.0509,3646.2909
2024-07-31 15:00:00,3.0000,3995.5077,3131.7477
2024-07-31 16:00:00,3.0000,3303.8030,2440.0430
2024-07-31 17:00:00,5.0000,3596.1096,2156.5096
2024-07-31 18:00:00,6.0000,2016.5011,288.9811
2024-07-31 19:00:00,7.0000,2015.4400,0.0000
2024-07-31 20:00:00,6.0000,1727.5200,0.0000
2024-07-31 21:00:00,5.0000,1439.6000,0.0000
2024-07-31 22:00:00,4.0000,1151.6800,0.0000
2024-07-31 23:00:00,3.0000,863.7600,0.0000
2024-08-01 00:00:00,2.0000,575.8400,0.0000
2024-08-01 01:00:00,2.0000,575.8400,0.0000
2024-08-01 02:00:00,2.0000,575.8400,0.0000
2024-08-01 03:00:00,2.0000,575.8400,0.0000
2024-08-01 04:00:00,2.0000,2278.6433,1702.8033
2024-08-01 05:00:00,2.0000,2686.7275,2110.8875
2024-08-01 06:00:00,5.0000,3935.4288,2495.8288
2024-08-01 07:00:00,6.0000,4918.9374,3191.4174
2024-08-01 08:00:00,5.0000,5146.6350,3707.0350
2024-08-01 09:00:00,3.0000,4871.3033,4007.5433
2024-08-01 10:00:00,3.0000,4936.2229,4072.4629
2024-08-01 11:00:00,3.5000,4933.2440,3925.5240
2024-08-01 12:00:00,4.0000,5228.5143,4076.8343
2024-08-01 13:00:00,3.5000,4995.5540,3987.8340
2024-08-01 14:00:00,3.0000,4528.3483,3664.5883
2024-08-01 15:00:00,3.0000,3992.8858,3129.1258
2024-08-01 16:00:00,3.0000,3281.6974,2417.9374
2024-08-01 17:00:00,5.0000,3512.5206,2072.9206
2024-08-01 18:00:00,6.0000,2024.2282,296.7082
2024-08-01 19:00:00,7.0000,2015.4400,0.0000
2024-08-01 20:00:00,6.0000,1727.5200,0.0000
2024-08-01 21:00:00,5.0000,1439.6000,0.0000
2024-08-01 22:00:00,4.0000,1151.6800,0.0000
2024-08-01 23:00:00,3.0000,863.7600,0.0000
2024-08-02 00:00:00,2.0000,575.8400,0.0000
2024-08-02 01:00:00,2.0000,575.8400,0.0000
2024-08-02 02:00:00,2.0000,575.8400,0.0000
2024-08-02 03:00:00,2.0000,575.8400,0.0000
2024-08-02 04:00:00,2.0000,2265.1879,1689.3479
2024-08-02 05:00:00,2.0000,2673.7995,2097.9595
2024-08-02 06:00:00,5.0000,3931.1551,2491.5551
2024-08-02 07:00:00,6.0000,4915.4959,3187.9759
2024-08-02 08:00:00,5.0000,5143.7076,3704.1076
2024-08-02 09:00:00,3.0000,4868.5366,4004.7766
2024-08-02 10:00:00,3.0000,4933.2528,4069.4928
2024-08-02 11:00:00,3.5000,4930.4613,3922.7413
2024-08-02 12:00:00,4.0000,5225.6593,4073.9793
2024-08-02 13:00:00,3.5000,4992.2685,3984.5485
2024-08-02 14:00:00,3.0000,4524.3034,3660.5434
2024-08-02 15:00:00,3.0000,3987.8044,3124.0444
2024-08-02 16:00:00,3.0000,3275.3732,2411.6132
2024-08-02 17:00:00,5.0000,3498.5931,2058.9931
2024-08-02 18:00:00,6.0000,2010.0260,282.5060
2024-08-02 19:00:00,7.0000,2015.4400,0.0000
2024-08-02 20:00:00,6.0000,1727.5200,0.0000
2024-08-02 21:00:00,5.0000,1439.6000,0.0000
2024-08-02 22:00:00,4.0000,1151.6800,0.0000
2024-08-02 23:00:00,3.0000,863.7600,0.0000
2024-08-03 00:00:00,2.0000,575.8400,0.0000
2024-08-03 01:00:00,2.0000,575.8400,0.0000
2024-08-03 02:00:00,2.0000,575.8400,0.0000
2024-08-03 03:00:00,2.0000,575.8400,0.0000
2024-08-03 04:00:00,2.0000,2251.5036,1675.6636
2024-08-03 05:00:00,2.0000,2660.6341,2084.7941
2024-08-03 06:00:00,5.0000,3926.8623,2487.2623
2024-08-03 07:00:00,6.0000,4912.0110,3184.4910
2024-08-03 08:00:00,5.0000,5140.7039,3701.1039
2024-08-03 09:00:00,4.0000,5153.5746,4001.8946
2024-08-03 10:00:00,4.0000,5218.0447,4066.3647
2024-08-03 11:00:00,4.5000,5215.4979,3919.8579
2024-08-03 12:00:00,5.0000,5510.5819,4070.9819
2024-08-03 13:00:00,4.5000,5276.7171,3981.0771
2024-08-03 14:00:00,4.0000,4807.9505,3656.2705
2024-08-03 15:00:00,4.0000,4270.3770,3118.6970
2024-08-03 16:00:00,4.0000,3556.6715,2404.9915
2024-08-03 17:00:00,6.0000,3772.2124,2044.6924
2024-08-03 18:00:00,7.0000,2283.3835,267.9435
2024-08-03 19:00:00,7.5000,2159.4000,0.0000
2024-08-03 20:00:00,7.0000,2015.4400,0.0000
2024-08-03 21:00:00,6.0000,1727.5200,0.0000
2024-08-03 22:00:00,5.0000,1439.6000,0.0000
2024-08-03 23:00:00,4.0000,1151.6800,0.0000
2024-08-04 00:00:00,2.0000,575.8400,0.0000
2024-08-04 01:00:00,2.0000,575.8400,0.0000
2024-08-04 02:00:00,2.0000,575.8400,0.0000
2024-08-04 03:00:00,2.0000,575.8400,0.0000
2024-08-04 04:00:00,2.0000,886.4465,310.6065
2024-08-04 05:00:00,2.0000,2647.2330,2071.3930
2024-08-04 06:00:00,5.0000,3922.5494,2482.9494
2024-08-04 07:00:00,6.0000,4908.4803,3180.9603
2024-08-04 08:00:00,5.0000,5137.6204,3698.0204
2024-08-04 09:00:00,4.0000,5150.5730,3998.8930
2024-08-04 10:00:00,4.0000,5214.7541,4063.0741
2024-08-04 11:00:00,4.5000,5212.5098,3916.8698
2024-08-04 12:00:00,5.0000,5507.4377,4067.8377
2024-08-04 13:00:00,4.5000,5273.0556,3977.4156
2024-08-04 14:00:00,4.0000,4803.4457,3651.7657
2024-08-04 15:00:00,4.0000,4264.7604,3113.0804
2024-08-04 16:00:00,4.0000,3549.7502,2398.0702
2024-08-04 17:00:00,6.0000,3757.5400,2030.0200
2024-08-04 18:00:00,7.0000,2268.4644,253.0244
2024-08-04 19:00:00,7.5000,2159.4000,0.0000
2024-08-04 20:00:00,7.0000,2015.4400,0.0000
2024-08-04 21:00:00,6.0000,1727.5200,0.0000
2024-08-04 22:00:00,5.0000,1439.6000,0.0000
2024-08-04 23:00:00,4.0000,1151.6800,0.0000
2024-08-05 00:00:00,2.0000,575.8400,0.0000
2024-08-05 01:00:00,2.0000,575.8400,0.0000
2024-08-05 02:00:00,2.0000,575.8400,0.0000
2024-08-05 03:00:00,2.0000,575.8400,0.0000
2024-08-05 04:00:00,2.0000,873.1342,297.2942
2024-08-05 05:00:00,2.0000,2633.5984,2057.7584
2024-08-05 06:00:00,5.0000,3918.2153,2478.6153
2024-08-05 07:00:00,6.0000,4904.9013,3177.3813
2024-08-05 08:00:00,5.0000,5134.4538,3694.8538
2024-08-05 09:00:00,3.0000,4859.5278,3995.7678
2024-08-05 10:00:00,3.0000,4923.3767,4059.6167
2024-08-05 11:00:00,3.5000,4921.4931,3913.7731
2024-08-05 12:00:00,4.0000,5216.2224,4064.5424
2024-08-05 13:00:00,3.5000,4981.2796,3973.5596
2024-08-05 14:00:00,3.0000,4510.7850,3647.0250
2024-08-05 15:00:00,3.0000,3970.9515,3107.1915
2024-08-05 16:00:00,3.0000,3254.6077,2390.8477
2024-08-05 17:00:00,5.0000,3454.5774,2014.9774
2024-08-05 18:00:00,6.0000,1965.2727,237.7527
2024-08-05 19:00:00,7.0000,2015.4400,0.0000
2024-08-05 20:00:00,6.0000,1727.5200,0.0000
2024-08-05 21:00:00,5.0000,1439.6000,0.0000
2024-08-05 22:00:00,4.0000,1151.6800,0.0000
2024-08-05 23:00:00,3.0000,863.7600,0.0000
2024-08-06 00:00:00,2.0000,575.8400,0.0000
2024-08-06 01:00:00,2.0000,575.8400,0.0000
2024-08-06 02:00:00,2.0000,575.8400,0.0000
2024-08-06 03:00:00,2.0000,575.8400,0.0000
2024-08-06 04:00:00,2.0000,859.6637,283.8237
2024-08-06 05:00:00,2.0000,2619.7321,2043.8921
2024-08-06 06:00:00,5.0000,3913.8587,2474.2587
2024-08-06 07:00:00,6.0000,4901.2714,3173.7514
2024-08-06 08:00:00,5.0000,5131.2003,3691.6003
2024-08-06 09:00:00,3.0000,4856.2748,3992.5148
2024-08-06 10:00:00,3.0000,4919.7481,4055.9881
2024-08-06 11:00:00,3.5000,4918.2839,3910.5639
2024-08-06 12:00:00,4.0000,5212.7716,4061.0916
2024-08-06 13:00:00,3.5000,4977.2247,3969.5047
2024-08-06 14:00:00,3.0000,4505.8047,3642.0447
2024-08-06 15:00:00,3.0000,3964.7874,3101.0274
2024-08-06 16:00:00,3.0000,3247.0824,2383.3224
2024-08-06 17:00:00,5.0000,3439.1666,1999.5666
2024-08-06 18:00:00,6.0000,1949.6524,222.1324
2024-08-06 19:00:00,7.0000,2015.4400,0.0000
2024-08-06 20:00:00,6.0000,1727.5200,0.0000
2024-08-06 21:00:00,5.0000,1439.6000,0.0000
2024-08-06 22:00:00,4.0000,1151.6800,0.0000
2024-08-06 23:00:00,3.0000,863.7600,0.0000
2024-08-07 00:00:00,2.0000,575.8400,0.0000
2024-08-07 01:00:00,2.0000,575.8400,0.0000
2024-08-07 02:00:00,2.0000,575.8400,0.0000
2024-08-07 03:00:00,2.0000,575.8400,0.0000
2024-08-07 04:00:00,2.0000,846.0393,270.1993
2024-08-07 05:00:00,2.0000,2605.6362,2029.7962
2024-08-07 06:00:00,5.0000,3909.4783,2469.8783
2024-08-07 07:00:00,6.0000,4897.5881,3170.0681
2024-08-07 08:00:00,5.0000,5127.8565,3688.2565
2024-08-07 09:00:00,3.0000,4852.8898,3989.1298
2024-08-07 10:00:00,3.0000,4915.9439,4052.1839
2024-08-07 11:00:00,3.5000,4914.9580,3907.2380
2024-08-07 12:00:00,4.0000,5209.1610,4057.4810
2024-08-07 13:00:00,3.5000,4972.9669,3965.2469
2024-08-07 14:00:00,3.0000,4500.5812,3636.8212
2024-08-07 15:00:00,3.0000,3958.3457,3094.5857
2024-08-07 16:00:00,3.0000,3239.2528,2375.4928
2024-08-07 17:00:00,5.0000,3423.3895,1983.7895
2024-08-07 18:00:00,6.0000,1933.6881,206.1681
2024-08-07 19:00:00,7.0000,2015.4400,0.0000
2024-08-07 20:00:00,6.0000,1727.5200,0.0000
2024-08-07 21:00:00,5.0000,1439.6000,0.0000
2024-08-07 22:00:00,4.0000,1151.6800,0.0000
2024-08-07 23:00:00,3.0000,863.7600,0.0000
2024-08-08 00:00:00,2.0000,575.8400,0.0000
2024-08-08 01:00:00,2.0000,575.8400,0.0000
2024-08-08 02:00:00,2.0000,575.8400,0.0000
2024-08-08 03:00:00,2.0000,575.8400,0.0000
2024-08-08 04:00:00,2.0000,832.2654,256.4254
2024-08-08 05:00:00,2.0000,2591.3129,2015.4729
2024-08-08 06:00:00,5.0000,3905.0726,2465.4726
2024-08-08 07:00:00,6.0000,4893.8485,3166.3285
2024-08-08 08:00:00,5.0000,5124.4186,3684.8186
2024-08-08 09:00:00,3.0000,4849.3685,3985.6085
2024-08-08 10:00:00,3.0000,4911.9599,4048.1999
2024-08-08 11:00:00,3.5000,4911.5114,3903.7914
2024-08-08 12:00:00,4.0000,5205.3863,4053.7063
2024-08-08 13:00:00,3.5000,4968.5020,3960.7820
2024-08-08 14:00:00,3.0000,4495.1111,3631.3511
2024-08-08 15:00:00,3.0000,3951.6238,3087.8638
2024-08-08 16:00:00,3.0000,3231.1179,2367.3579
2024-08-08 17:00:00,5.0000,3407.2484,1967.6484
2024-08-08 18:00:00,6.0000,1917.3844,189.8644
2024-08-08 19:00:00,7.0000,2015.4400,0.0000
2024-08-08 20:00:00,6.0000,1727.5200,0.0000
2024-08-08 21:00:00,5.0000,1439.6000,0.0000
2024-08-08 22:00:00,4.0000,1151.6800,0.0000
2024-08-08 23:00:00,3.0000,863.7600,0.0000
2024-08-09 00:00:00,2.0000,575.8400,0.0000
2024-08-09 01:00:00,2.0000,575.8400,0.0000
2024-08-09 02:00:00,2.0000,575.8400,0.0000
2024-08-09 03:00:00,2.0000,575.8400,0.0000
2024-08-09 04:00:00,2.0000,818.3464,242.5064
2024-08-09 05:00:00,2.0000,2576.7640,2000.9240
2024-08-09 06:00:00,5.0000,3900.6400,2461.0400
2024-08-09 07:00:00,6.0000,4890.0499,3162.5299
2024-08-09 08:00:00,5.0000,5120.8829,3681.2829
2024-08-09 09:00:00,3.0000,4845.7068,3981.9468
2024-08-09 10:00:00,3.0000,4907.7920,4044.0320
2024-08-09 11:00:00,3.5000,4907.9401,3900.2201
2024-08-09 12:00:00,4.0000,5201.4433,4049.7633
2024-08-09 13:00:00,3.5000,4963.8261,3956.1061
2024-08-09 14:00:00,3.0000,4489.3911,3625.6311
2024-08-09 15:00:00,3.0000,3944.6196,3080.8596
2024-08-09 16:00:00,3.0000,3222.6770,2358.9170
2024-08-09 17:00:00,5.0000,3390.7457,1951.1457
2024-08-09 18:00:00,6.0000,1900.7460,173.2260
2024-08-09 19:00:00,7.0000,2015.4400,0.0000
2024-08-09 20:00:00,6.0000,1727.5200,0.0000
2024-08-09 21:00:00,5.0000,1439.6000,0.0000
2024-08-09 22:00:00,4.0000,1151.6800,0.0000
2024-08-09 23:00:00,3.0000,863.7600,0.0000
2024-08-10 00:00:00,2.0000,575.8400,0.0000
2024-08-10 01:00:00,2.0000,575.8400,0.0000
2024-08-10 02:00:00,2.0000,575.8400,0.0000
2024-08-10 03:00:00,2.0000,575.8400,0.0000
2024-08-10 04:00:00,2.0000,804.2864,228.4464
2024-08-10 05:00:00,2.0000,2561.9919,1986.1519
2024-08-10 06:00:00,5.0000,3896.1788,2456.5788
2024-08-10 07:00:00,6.0000,4886.1893,3158.6693
2024-08-10 08:00:00,5.0000,5117.2457,3677.6457
2024-08-10 09:00:00,4.0000,5129.8206,3978.1406
2024-08-10 10:00:00,4.0000,5191.3559,4039.6759
2024-08-10 11:00:00,4.5000,5192.1600,3896.5200
2024-08-10 12:00:00,5.0000,5485.2477,4045.6477
2024-08-10 13:00:00,4.5000,5246.8553,3951.2153
2024-08-10 14:00:00,4.0000,4771.3380,3619.6580
2024-08-10 15:00:00,4.0000,4225.2511,3073.5711
2024-08-10 16:00:00,4.0000,3501.8494,2350.1694
2024-08-10 17:00:00,6.0000,3661.8042,1934.2842
2024-08-10 18:00:00,7.0000,2171.6982,156.2582
2024-08-10 19:00:00,7.5000,2159.4000,0.0000
2024-08-10 20:00:00,7.0000,2015.4400,0.0000
2024-08-10 21:00:00,6.0000,1727.5200,0.0000
2024-08-10 22:00:00,5.0000,1439.6000,0.0000
2024-08-10 23:00:00,4.0000,1151.6800,0.0000
2024-08-11 00:00:00,2.0000,575.8400,0.0000
2024-08-11 01:00:00,2.0000,575.8400,0.0000
2024-08-11 02:00:00,2.0000,575.8400,0.0000
2024-08-11 03:00:00,2.0000,575.8400,0.0000
2024-08-11 04:00:00,2.0000,790.0899,214.2499
2024-08-11 05:00:00,2.0000,2546.9985,1971.1585
2024-08-11 06:00:00,5.0000,3891.6870,2452.0870
2024-08-11 07:00:00,6.0000,4882.2636,3154.7436
2024-08-11 08:00:00,5.0000,5113.5032,3673.9032
2024-08-11 09:00:00,4.0000,5125.8657,3974.1857
2024-08-11 10:00:00,4.0000,5186.8076,4035.1276
2024-08-11 11:00:00,4.5000,5188.3270,3892.6870
2024-08-11 12:00:00,5.0000,5480.9556,4041.3556
2024-08-11 13:00:00,4.5000,5241.7459,3946.1059
2024-08-11 14:00:00,4.0000,4765.1091,3613.4291
2024-08-11 15:00:00,4.0000,4217.6765,3065.9965
2024-08-11 16:00:00,4.0000,3492.7948,2341.1148
2024-08-11 17:00:00,6.0000,3644.5869,1917.0669
2024-08-11 18:00:00,7.0000,2154.4064,138.9664
2024-08-11 19:00:00,7.5000,2159.4000,0.0000
2024-08-11 20:00:00,7.0000,2015.4400,0.0000
2024-08-11 21:00:00,6.0000,1727.5200,0.0000
2024-08-11 22:00:00,5.0000,1439.6000,0.0000
2024-08-11 23:00:00,4.0000,1151.6800,0.0000
2024-08-12 00:00:00,2.0000,575.8400,0.0000
2024-08-12 01:00:00,2.0000,575.8400,0.0000
2024-08-12 02:00:00,2.0000,575.8400,0.0000
2024-08-12 03:00:00,2.0000,575.8400,0.0000
2024-08-12 04:00:00,2.0000,775.7612,199.9212
2024-08-12 05:00:00,2.0000,2531.7862,1955.9462
2024-08-12 06:00:00,5.0000,3887.1626,2447.5626
2024-08-12 07:00:00,6.0000,4878.2698,3150.7498
2024-08-12 08:00:00,5.0000,5109.6515,3670.0515
2024-08-12 09:00:00,3.0000,4833.8381,3970.0781
2024-08-12 10:00:00,3.0000,4894.1433,4030.3833
2024-08-12 11:00:00,3.5000,4896.4371,3888.7171
2024-08-12 12:00:00,4.0000,5188.5627,4036.8827
2024-08-12 13:00:00,3.5000,4948.4943,3940.7743
2024-08-12 14:00:00,3.0000,4470.7014,3606.9414
2024-08-12 15:00:00,3.0000,3921.8944,3058.1344
2024-08-12 16:00:00,3.0000,3195.5134,2331.7534
2024-08-12 17:00:00,5.0000,3339.0968,1899.4968
2024-08-12 18:00:00,6.0000,1848.8761,121.3561
2024-08-12 19:00:00,7.0000,2015.4400,0.0000
2024-08-12 20:00:00,6.0000,1727.5200,0.0000
2024-08-12 21:00:00,5.0000,1439.6000,0.0000
2024-08-12 22:00:00,4.0000,1151.6800,0.0000
2024-08-12 23:00:00,3.0000,863.7600,0.0000
2024-08-13 00:00:00,2.0000,575.8400,0.0000
2024-08-13 01:00:00,2.0000,575.8400,0.0000
2024-08-13 02:00:00,2.0000,575.8400,0.0000
2024-08-13 03:00:00,2.0000,575.8400,0.0000
2024-08-13 04:00:00,2.0000,761.3043,185.4643
2024-08-13 05:00:00,2.0000,2516.3572,1940.5172
2024-08-13 06:00:00,5.0000,3882.6036,2443.0036
2024-08-13 07:00:00,6.0000,4874.2047,3146.6847
2024-08-13 08:00:00,5.0000,5105.6868,3666.0868
2024-08-13 09:00:00,3.0000,4829.5736,3965.8136
2024-08-13 10:00:00,3.0000,4889.1991,4025.4391
2024-08-13 11:00:00,3.5000,4892.3263,3884.6063
2024-08-13 12:00:00,4.0000,5183.9052,4032.2252
2024-08-13 13:00:00,3.5000,4942.9370,3935.2170
2024-08-13 14:00:00,3.0000,4463.9526,3600.1926
2024-08-13 15:00:00,3.0000,3913.7435,3049.9835
2024-08-13 16:00:00,3.0000,3185.8453,2322.0853
2024-08-13 17:00:00,5.0000,3321.1775,1881.5775
2024-08-13 18:00:00,6.0000,1830.9533,103.4333
2024-08-13 19:00:00,7.0000,2015.4400,0.0000
2024-08-13 20:00:00,6.0000,1727.5200,0.0000
2024-08-13 21:00:00,5.0000,1439.6000,0.0000
2024-08-13 22:00:00,4.0000,1151.6800,0.0000
2024-08-13 23:00:00,3.0000,863.7600,0.0000
2024-08-14 00:00:00,2.0000,575.8400,0.0000
2024-08-14 01:00:00,2.0000,575.8400,0.0000
2024-08-14 02:00:00,2.0000,575.8400,0.0000
2024-08-14 03:00:00,2.0000,575.8400,0.0000
2024-08-14 04:00:00,2.0000,746.7237,170.8837
2024-08-14 05:00:00,2.0000,2500.7137,1924.8737
2024-08-14 06:00:00,5.0000,3878.0076,2438.4076
2024-08-14 07:00:00,6.0000,4870.0650,3142.5450
2024-08-14 08:00:00,5.0000,5101.6054,3662.0054
2024-08-14 09:00:00,3.0000,4825.1483,3961.3883
2024-08-14 10:00:00,3.0000,4884.0513,4020.2913
2024-08-14 11:00:00,3.5000,4888.0706,3880.3506
2024-08-14 12:00:00,4.0000,5179.0592,4027.3792
2024-08-14 13:00:00,3.5000,4937.1508,3929.4308
2024-08-14 14:00:00,3.0000,4456.9404,3593.1804
2024-08-14 15:00:00,3.0000,3905.3028,3041.5428
2024-08-14 16:00:00,3.0000,3175.8712,2312.1112
2024-08-14 17:00:00,5.0000,3302.9125,1863.3125
2024-08-14 18:00:00,6.0000,1812.7241,85.2041
2024-08-14 19:00:00,7.0000,2015.4400,0.0000
2024-08-14 20:00:00,6.0000,1727.5200,0.0000
2024-08-14 21:00:00,5.0000,1439.6000,0.0000
2024-08-14 22:00:00,4.0000,1151.6800,0.0000
2024-08-14 23:00:00,3.0000,863.7600,0.0000
2024-08-15 00:00:00,2.0000,575.8400,0.0000
2024-08-15 01:00:00,2.0000,575.8400,0.0000
2024-08-15 02:00:00,2.0000,575.8400,0.0000
2024-08-15 03:00:00,2.0000,575.8400,0.0000
2024-08-15 04:00:00,2.0000,732.0234,156.1834
2024-08-15 05:00:00,2.0000,2484.8581,1909.0181
2024-08-15 06:00:00,5.0000,3873.3724,2433.7724
2024-08-15 07:00:00,6.0000,4865.8475,3138.3275
2024-08-15 08:00:00,5.0000,5097.4032,3657.8032
2024-08-15 09:00:00,3.0000,4820.5581,3956.7981
2024-08-15 10:00:00,3.0000,4878.6962,4014.9362
2024-08-15 11:00:00,3.5000,4883.6659,3875.9459
2024-08-15 12:00:00,4.0000,5174.0209,4022.3409
2024-08-15 13:00:00,3.5000,4931.1326,3923.4126
2024-08-15 14:00:00,3.0000,4449.6625,3585.9025
2024-08-15 15:00:00,3.0000,3896.5716,3032.8116
2024-08-15 16:00:00,3.0000,3165.5920,2301.8320
2024-08-15 17:00:00,5.0000,3284.3058,1844.7058
2024-08-15 18:00:00,6.0000,1794.1949,66.6749
2024-08-15 19:00:00,7.0000,2015.4400,0.0000
2024-08-15 20:00:00,6.0000,1727.5200,0.0000
2024-08-15 21:00:00,5.0000,1439.6000,0.0000
2024-08-15 22:00:00,4.0000,1151.6800,0.0000
2024-08-15 23:00:00,3.0000,863.7600,0.0000
2024-08-16 00:00:00,2.0000,575.8400,0.0000
2024-08-16 01:00:00,2.0000,575.8400,0.0000
2024-08-16 02:00:00,2.0000,575.8400,0.0000
2024-08-16 03:00:00,2.0000,575.8400,0.0000
2024-08-16 04:00:00,2.0000,717.2075,141.3675
2024-08-16 05:00:00,2.0000,2468.7928,1892.9528
2024-08-16 06:00:00,5.0000,3868.6954,2429.0954
2024-08-16 07:00:00,6.0000,4861.5487,3134.0287
2024-08-16 08:00:00,5.0000,5093.0765,3653.4765
2024-08-16 09:00:00,3.0000,4815.7993,3952.0393
2024-08-16 10:00:00,3.0000,4873.1305,4009.3705
2024-08-16 11:00:00,3.5000,4879.1084,3871.3884
2024-08-16 12:00:00,4.0000,5168.7867,4017.1067
2024-08-16 13:00:00,3.5000,4924.8793,3917.1593
2024-08-16 14:00:00,3.0000,4442.1173,3578.3573
2024-08-16 15:00:00,3.0000,3887.5495,3023.7895
2024-08-16 16:00:00,3.0000,3155.0088,2291.2488
2024-08-16 17:00:00,5.0000,3265.3616,1825.7616
2024-08-16 18:00:00,6.0000,1775.3723,47.8523
2024-08-16 19:00:00,7.0000,2015.4400,0.0000
2024-08-16 20:00:00,6.0000,1727.5200,0.0000
2024-08-16 21:00:00,5.0000,1439.6000,0.0000
2024-08-16 22:00:00,4.0000,1151.6800,0.0000
2024-08-16 23:00:00,3.0000,863.7600,0.0000
2024-08-17 00:00:00,2.0000,575.8400,0.0000
2024-08-17 01:00:00,2.0000,575.8400,0.0000
2024-08-17 02:00:00,2.0000,575.8400,0.0000
2024-08-17 03:00:00,2.0000,575.8400,0.0000
2024-08-17 04:00:00,2.0000,702.2803,126.4403
2024-08-17 05:00:00,2.0000,2452.5201,1876.6801
2024-08-17 06:00:00,5.0000,3863.9741,2424.3741
2024-08-17 07:00:00,6.0000,4857.1653,3129.6453
2024-08-17 08:00:00,5.0000,5088.6215,3649.0215
2024-08-17 09:00:00,4.0000,5098.7881,3947.1081
2024-08-17 10:00:00,4.0000,5155.2709,4003.5909
2024-08-17 11:00:00,4.5000,5162.3141,3866.6741
2024-08-17 12:00:00,5.0000,5451.2730,4011.6730
2024-08-17 13:00:00,4.5000,5206.3082,3910.6682
2024-08-17 14:00:00,4.0000,4722.2229,3570.5429
2024-08-17 15:00:00,4.0000,4166.1563,3014.4763
2024-08-17 16:00:00,4.0000,3432.0432,2280.3632
2024-08-17 17:00:00,6.0000,3534.0042,1806.4842
2024-08-17 18:00:00,7.0000,2044.1831,28.7431
2024-08-17 19:00:00,7.5000,2159.4000,0.0000
2024-08-17 20:00:00,7.0000,2015.4400,0.0000
2024-08-17 21:00:00,6.0000,1727.5200,0.0000
2024-08-17 22:00:00,5.0000,1439.6000,0.0000
2024-08-17 23:00:00,4.0000,1151.6800,0.0000
2024-08-18 00:00:00,2.0000,575.8400,0.0000
2024-08-18 01:00:00,2.0000,575.8400,0.0000
2024-08-18 02:00:00,2.0000,575.8400,0.0000
2024-08-18 03:00:00,2.0000,575.8400,0.0000
2024-08-18 04:00:00,2.0000,687.2457,111.4057
2024-08-18 05:00:00,2.0000,2436.0426,1860.2026
2024-08-18 06:00:00,5.0000,3859.2059,2419.6059
2024-08-18 07:00:00,6.0000,4852.6938,3125.1738
2024-08-18 08:00:00,5.0000,5084.0342,3644.4342
2024-08-18 09:00:00,4.0000,5093.6806,3942.0006
2024-08-18 10:00:00,4.0000,5149.2741,3997.5941
2024-08-18 11:00:00,4.5000,5157.4394,3861.7994
2024-08-18 12:00:00,5.0000,5445.6364,4006.0364
2024-08-18 13:00:00,4.5000,5199.5767,3903.9367
2024-08-18 14:00:00,4.0000,4714.1382,3562.4582
2024-08-18 15:00:00,4.0000,4156.5521,3004.8721
2024-08-18 16:00:00,4.0000,3420.8569,2269.1769
2024-08-18 17:00:00,6.0000,3514.3984,1786.8784
2024-08-18 18:00:00,7.0000,2024.7946,9.3546
2024-08-18 19:00:00,7.5000,2159.4000,0.0000
2024-08-18 20:00:00,7.0000,2015.4400,0.0000
2024-08-18 21:00:00,6.0000,1727.5200,0.0000
2024-08-18 22:00:00,5.0000,1439.6000,0.0000
2024-08-18 23:00:00,4.0000,1151.6800,0.0000
2024-08-19 00:00:00,2.0000,575.8400,0.0000
2024-08-19 01:00:00,2.0000,575.8400,0.0000
2024-08-19 02:00:00,2.0000,575.8400,0.0000
2024-08-19 03:00:00,2.0000,575.8400,0.0000
2024-08-19 04:00:00,2.0000,672.1078,96.2678
2024-08-19 05:00:00,2.0000,2419.3628,1843.5228
2024-08-19 06:00:00,5.0000,3854.3879,2414.7879
2024-08-19 07:00:00,6.0000,4848.1306,3120.6106
2024-08-19 08:00:00,5.0000,5079.3110,3639.7110
2024-08-19 09:00:00,3.0000,4800.4733,3936.7133
2024-08-19 10:00:00,3.0000,4855.1372,3991.3772
2024-08-19 11:00:00,3.5000,4864.4804,3856.7604
2024-08-19 12:00:00,4.0000,5151.8737,4000.1937
2024-08-19 13:00:00,3.5000,4904.6825,3896.9625
2024-08-19 14:00:00,3.0000,4417.8620,3554.1020
2024-08-19 15:00:00,3.0000,3858.7374,2994.9774
2024-08-19 16:00:00,3.0000,3121.4523,2257.6923
2024-08-19 17:00:00,5.0000,3206.5490,1766.9490
2024-08-19 18:00:00,6.0000,1727.5200,0.0000
2024-08-19 19:00:00,7.0000,2015.4400,0.0000
2024-08-19 20:00:00,6.0000,1727.5200,0.0000
2024-08-19 21:00:00,5.0000,1439.6000,0.0000
2024-08-19 22:00:00,4.0000,1151.6800,0.0000
2024-08-19 23:00:00,3.0000,863.7600,0.0000
2024-08-20 00:00:00,2.0000,575.8400,0.0000
2024-08-20 01:00:00,2.0000,575.8400,0.0000
2024-08-20 02:00:00,2.0000,575.8400,0.0000
2024-08-20 03:00:00,2.0000,575.8400,0.0000
2024-08-20 04:00:00,2.0000,656.8705,81.0305
2024-08-20 05:00:00,2.0000,2402.4833,1826.6433
2024-08-20 06:00:00,5.0000,3849.5173,2409.9173
2024-08-20 07:00:00,6.0000,4843.4723,3115.9523
2024-08-20 08:00:00,5.0000,5074.4480,3634.8480
2024-08-20 09:00:00,3.0000,4795.0026,3931.2426
2024-08-20 10:00:00,3.0000,4848.6973,3984.9373
2024-08-20 11:00:00,3.5000,4859.2735,3851.5535
2024-08-20 12:00:00,4.0000,5145.8216,3994.1416
2024-08-20 13:00:00,3.5000,4897.4634,3889.7434
2024-08-20 14:00:00,3.0000,4409.2334,3545.4734
2024-08-20 15:00:00,3.0000,3848.5529,2984.7929
2024-08-20 16:00:00,3.0000,3109.6716,2245.9116
2024-08-20 17:00:00,5.0000,3186.3013,1746.7013
2024-08-20 18:00:00,6.0000,1727.5200,0.0000
2024-08-20 19:00:00,7.0000,2015.4400,0.0000
2024-08-20 20:00:00,6.0000,1727.5200,0.0000
2024-08-20 21:00:00,5.0000,1439.6000,0.0000
2024-08-20 22:00:00,4.0000,1151.6800,0.0000
2024-08-20 23:00:00,3.0000,863.7600,0.0000
2024-08-21 00:00:00,2.0000,575.8400,0.0000
2024-08-21 01:00:00,2.0000,575.8400,0.0000
2024-08-21 02:00:00,2.0000,575.8400,0.0000
2024-08-21 03:00:00,2.0000,575.8400,0.0000
2024-08-21 04:00:00,2.0000,641.5379,65.6979
2024-08-21 05:00:00,2.0000,2385.4067,1809.5667
2024-08-21 06:00:00,5.0000,3844.5912,2404.9912
2024-08-21 07:00:00,6.0000,4838.7152,3111.1952
2024-08-21 08:00:00,5.0000,5069.4415,3629.8415
2024-08-21 09:00:00,3.0000,4789.3452,3925.5852
2024-08-21 10:00:00,3.0000,4842.0319,3978.2719
2024-08-21 11:00:00,3.5000,4853.8951,3846.1751
2024-08-21 12:00:00,4.0000,5139.5573,3987.8773
2024-08-21 13:00:00,3.5000,4889.9974,3882.2774
2024-08-21 14:00:00,3.0000,4400.3318,3536.5718
2024-08-21 15:00:00,3.0000,3838.0797,2974.3197
2024-08-21 16:00:00,3.0000,3097.5978,2233.8378
2024-08-21 17:00:00,5.0000,3165.7406,1726.1406
2024-08-21 18:00:00,6.0000,1727.5200,0.0000
2024-08-21 19:00:00,7.0000,2015.4400,0.0000
2024-08-21 20:00:00,6.0000,1727.5200,0.0000
2024-08-21 21:00:00,5.0000,1439.6000,0.0000
2024-08-21 22:00:00,4.0000,1151.6800,0.0000
2024-08-21 23:00:00,3.0000,863.7600,0.0000
2024-08-22 00:00:00,2.0000,575.8400,0.0000
2024-08-22 01:00:00,2.0000,575.8400,0.0000
2024-08-22 02:00:00,2.0000,575.8400,0.0000
2024-08-22 03:00:00,2.0000,575.8400,0.0000
2024-08-22 04:00:00,2.0000,626.1137,50.2737
2024-08-22 05:00:00,2.0000,2368.1356,1792.2956
2024-08-22 06:00:00,5.0000,3839.6065,2400.0065
2024-08-22 07:00:00,6.0000,4833.8559,3106.3359
2024-08-22 08:00:00,5.0000,5064.2879,3624.6879
2024-08-22 09:00:00,3.0000,4783.4978,3919.7378
2024-08-22 10:00:00,3.0000,4835.1383,3971.3783
2024-08-22 11:00:00,3.5000,4848.3417,3840.6217
2024-08-22 12:00:00,4.0000,5133.0779,3981.3979
2024-08-22 13:00:00,3.5000,4882.2827,3874.5627
2024-08-22 14:00:00,3.0000,4391.1569,3527.3969
2024-08-22 15:00:00,3.0000,3827.3191,2963.5591
2024-08-22 16:00:00,3.0000,3085.2339,2221.4739
2024-08-22 17:00:00,5.0000,3144.8727,1705.2727
2024-08-22 18:00:00,6.0000,1727.5200,0.0000
2024-08-22 19:00:00,7.0000,2015.4400,0.0000
2024-08-22 20:00:00,6.0000,1727.5200,0.0000
2024-08-22 21:00:00,5.0000,1439.6000,0.0000
2024-08-22 22:00:00,4.0000,1151.6800,0.0000
2024-08-22 23:00:00,3.0000,863.7600,0.0000
2024-08-23 00:00:00,2.0000,575.8400,0.0000
2024-08-23 01:00:00,2.0000,575.8400,0.0000
2024-08-23 02:00:00,2.0000,575.8400,0.0000
2024-08-23 03:00:00,2.0000,575.8400,0.0000
2024-08-23 04:00:00,2.0000,610.6018,34.7618
2024-08-23 05:00:00,2.0000,2350.6730,1774.8330
2024-08-23 06:00:00,5.0000,3834.5602,2394.9602
2024-08-23 07:00:00,6.0000,4828.8907,3101.3707
2024-08-23 08:00:00,5.0000,5058.9836,3619.3836
2024-08-23 09:00:00,3.0000,4777.4572,3913.6972
2024-08-23 10:00:00,3.0000,4828.0145,3964.2545
2024-08-23 11:00:00,3.5000,4842.6100,3834.8900
2024-08-23 12:00:00,4.0000,5126.3808,3974.7008
2024-08-23 13:00:00,3.5000,4874.3180,3866.5980
2024-08-23 14:00:00,3.0000,4381.7087,3517.9487
2024-08-23 15:00:00,3.0000,3816.2727,2952.5127
2024-08-23 16:00:00,3.0000,3072.5835,2208.8235
2024-08-23 17:00:00,5.0000,3123.7036,1684.1036
2024-08-23 18:00:00,6.0000,1727.5200,0.0000
2024-08-23 19:00:00,7.0000,2015.4400,0.0000
2024-08-23 20:00:00,6.0000,1727.5200,0.0000
2024-08-23 21:00:00,5.0000,1439.6000,0.0000
2024-08-23 22:00:00,4.0000,1151.6800,0.0000
2024-08-23 23:00:00,3.0000,863.7600,0.0000
2024-08-24 00:00:00,2.0000,575.8400,0.0000
2024-08-24 01:00:00,2.0000,575.8400,0.0000
2024-08-24 02:00:00,2.0000,575.8400,0.0000
2024-08-24 03:00:00,2.0000,575.8400,0.0000
2024-08-24 04:00:00,2.0000,595.0060,19.1660
2024-08-24 05:00:00,2.0000,2333.0216,1757.1816
2024-08-24 06:00:00,5.0000,3829.4491,2389.8491
2024-08-24 07:00:00,6.0000,4823.8160,3096.2960
2024-08-24 08:00:00,5.0000,5053.5249,3613.9249
2024-08-24 09:00:00,4.0000,5059.1403,3907.4603
2024-08-24 10:00:00,4.0000,5108.5782,3956.8982
2024-08-24 11:00:00,4.5000,5124.6166,3828.9766
2024-08-24 12:00:00,5.0000,5407.3835,3967.7835
2024-08-24 13:00:00,4.5000,5154.0219,3858.3819
2024-08-24 14:00:00,4.0000,4659.9074,3508.2274
2024-08-24 15:00:00,4.0000,4092.8625,2941.1825
2024-08-24 16:00:00,4.0000,3347.5703,2195.8903
2024-08-24 17:00:00,6.0000,3390.1594,1662.6394
2024-08-24 18:00:00,7.0000,2015.4400,0.0000
2024-08-24 19:00:00,7.5000,2159.4000,0.0000
2024-08-24 20:00:00,7.0000,2015.4400,0.0000
2024-08-24 21:00:00,6.0000,1727.5200,0.0000
2024-08-24 22:00:00,5.0000,1439.6000,0.0000
2024-08-24 23:00:00,4.0000,1151.6800,0.0000
2024-08-25 00:00:00,2.0000,575.8400,0.0000
2024-08-25 01:00:00,2.0000,575.8400,0.0000
2024-08-25 02:00:00,2.0000,575.8400,0.0000
2024-08-25 03:00:00,2.0000,575.8400,0.0000
2024-08-25 04:00:00,2.0000,579.3301,3.4901
2024-08-25 05:00:00,2.0000,2315.1843,1739.3443
2024-08-25 06:00:00,5.0000,3824.2700,2384.6700
2024-08-25 07:00:00,6.0000,4818.6284,3091.1084
2024-08-25 08:00:00,5.0000,5047.9086,3608.3086
2024-08-25 09:00:00,4.0000,5052.7044,3901.0244
2024-08-25 10:00:00,4.0000,5100.9877,3949.3077
2024-08-25 11:00:00,4.5000,5118.5186,3822.8786
2024-08-25 12:00:00,5.0000,5400.2438,3960.6438
2024-08-25 13:00:00,4.5000,5145.5534,3849.9134
2024-08-25 14:00:00,4.0000,4649.9137,3498.2337
2024-08-25 15:00:00,4.0000,4081.2509,2929.5709
2024-08-25 16:00:00,4.0000,3334.3586,2182.6786
2024-08-25 17:00:00,6.0000,3368.4067,1640.8867
2024-08-25 18:00:00,7.0000,2015.4400,0.0000
2024-08-25 19:00:00,7.5000,2159.4000,0.0000
2024-08-25 20:00:00,7.0000,2015.4400,0.0000
2024-08-25 21:00:00,6.0000,1727.5200,0.0000
2024-08-25 22:00:00,5.0000,1439.6000,0.0000
2024-08-25 23:00:00,4.0000,1151.6800,0.0000
2024-08-26 00:00:00,2.0000,575.8400,0.0000
2024-08-26 01:00:00,2.0000,575.8400,0.0000
2024-08-26 02:00:00,2.0000,575.8400,0.0000
2024-08-26 03:00:00,2.0000,575.8400,0.0000
2024-08-26 04:00:00,2.0000,575.8400,0.0000
2024-08-26 05:00:00,2.0000,2297.1640,1721.3240
2024-08-26 06:00:00,5.0000,3819.0197,2379.4197
2024-08-26 07:00:00,6.0000,4813.3241,3085.8041
2024-08-26 08:00:00,5.0000,5042.1311,3602.5311
2024-08-26 09:00:00,3.0000,4758.1467,3894.3867
2024-08-26 10:00:00,3.0000,4805.2412,3941.4812
2024-08-26 11:00:00,3.5000,4824.3128,3816.5928
2024-08-26 12:00:00,4.0000,5104.9595,3953.2795
2024-08-26 13:00:00,3.5000,4848.9118,3841.1918
2024-08-26 14:00:00,3.0000,4351.7283,3487.9683
2024-08-26 15:00:00,3.0000,3781.4405,2917.6805
2024-08-26 16:00:00,3.0000,3032.9526,2169.1926
2024-08-26 17:00:00,5.0000,3058.4521,1618.8521
2024-08-26 18:00:00,6.0000,1727.5200,0.0000
2024-08-26 19:00:00,7.0000,2015.4400,0.0000
2024-08-26 20:00:00,6.0000,1727.5200,0.0000
2024-08-26 21:00:00,5.0000,1439.6000,0.0000
2024-08-26 22:00:00,4.0000,1151.6800,0.0000
2024-08-26 23:00:00,3.0000,863.7600,0.0000
2024-08-27 00:00:00,2.0000,575.8400,0.0000
2024-08-27 01:00:00,2.0000,575.8400,0.0000
2024-08-27 02:00:00,2.0000,575.8400,0.0000
2024-08-27 03:00:00,2.0000,575.8400,0.0000
2024-08-27 04:00:00,2.0000,575.8400,0.0000
2024-08-27 05:00:00,2.0000,2278.9639,1703.1239
2024-08-27 06:00:00,5.0000,3813.6947,2374.0947
2024-08-27 07:00:00,6.0000,4807.8998,3080.3798
2024-08-27 08:00:00,5.0000,5036.1893,3596.5893
2024-08-27 09:00:00,3.0000,4751.3046,3887.5446
2024-08-27 10:00:00,3.0000,4797.1775,3933.4175
2024-08-27 11:00:00,3.5000,4817.8364,3810.1164
2024-08-27 12:00:00,4.0000,5097.3689,3945.6889
2024-08-27 13:00:00,3.5000,4839.9366,3832.2166
2024-08-27 14:00:00,3.0000,4341.1923,3477.4323
2024-08-27 15:00:00,3.0000,3769.2742,2905.5142
2024-08-27 16:00:00,3.0000,3019.1973,2155.4373
2024-08-27 17:00:00,5.0000,3036.1428,1596.5428
2024-08-27 18:00:00,6.0000,1727.5200,0.0000
2024-08-27 19:00:00,7.0000,2015.4400,0.0000
2024-08-27 20:00:00,6.0000,1727.5200,0.0000
2024-08-27 21:00:00,5.0000,1439.6000,0.0000
2024-08-27 22:00:00,4.0000,1151.6800,0.0000
2024-08-27 23:00:00,3.0000,863.7600,0.0000
2024-08-28 00:00:00,2.0000,575.8400,0.0000
2024-08-28 01:00:00,2.0000,575.8400,0.0000
2024-08-28 02:00:00,2.0000,575.8400,0.0000
2024-08-28 03:00:00,2.0000,575.8400,0.0000
2024-08-28 04:00:00,2.0000,575.8400,0.0000
2024-08-28 05:00:00,2.0000,2260.5870,1684.7470
2024-08-28 06:00:00,5.0000,3808.2919,2368.6919
2024-08-28 07:00:00,6.0000,4802.3518,3074.8318
2024-08-28 08:00:00,5.0000,5030.0800,3590.4800
2024-08-28 09:00:00,3.0000,4744.2559,3880.4959
2024-08-28 10:00:00,3.0000,4788.8753,3925.1153
2024-08-28 11:00:00,3.5000,4811.1668,3803.4468
2024-08-28 12:00:00,4.0000,5089.5503,3937.8703
2024-08-28 13:00:00,3.5000,4830.7075,3822.9875
2024-08-28 14:00:00,3.0000,4330.3874,3466.6274
2024-08-28 15:00:00,3.0000,3756.8353,2893.0753
2024-08-28 16:00:00,3.0000,3005.1779,2141.4179
2024-08-28 17:00:00,5.0000,3013.5658,1573.9658
2024-08-28 18:00:00,6.0000,1727.5200,0.0000
2024-08-28 19:00:00,7.0000,2015.4400,0.0000
2024-08-28 20:00:00,6.0000,1727.5200,0.0000
2024-08-28 21:00:00,5.0000,1439.6000,0.0000
2024-08-28 22:00:00,4.0000,1151.6800,0.0000
2024-08-28 23:00:00,3.0000,863.7600,0.0000
2024-08-29 00:00:00,2.0000,575.8400,0.0000
2024-08-29 01:00:00,2.0000,575.8400,0.0000
2024-08-29 02:00:00,2.0000,575.8400,0.0000
2024-08-29 03:00:00,2.0000,575.8400,0.0000
2024-08-29 04:00:00,2.0000,575.8400,0.0000
2024-08-29 05:00:00,2.0000,2242.0365,1666.1965
2024-08-29 06:00:00,5.0000,3802.8078,2363.2078
2024-08-29 07:00:00,6.0000,4796.6768,3069.1568
2024-08-29 08:00:00,5.0000,5023.8001,3584.2001
2024-08-29 09:00:00,3.0000,4736.9982,3873.2382
2024-08-29 10:00:00,3.0000,4780.3338,3916.5738
2024-08-29 11:00:00,3.5000,4804.3013,3796.5813
2024-08-29 12:00:00,4.0000,5081.5023,3929.8223
2024-08-29 13:00:00,3.5000,4821.2246,3813.5046
2024-08-29 14:00:00,3.0000,4319.3151,3455.5551
2024-08-29 15:00:00,3.0000,3744.1274,2880.3674
2024-08-29 16:00:00,3.0000,2990.8997,2127.1397
2024-08-29 17:00:00,5.0000,2990.7288,1551.1288
2024-08-29 18:00:00,6.0000,1727.5200,0.0000
2024-08-29 19:00:00,7.0000,2015.4400,0.0000
2024-08-29 20:00:00,6.0000,1727.5200,0.0000
2024-08-29 21:00:00,5.0000,1439.6000,0.0000
2024-08-29 22:00:00,4.0000,1151.6800,0.0000
2024-08-29 23:00:00,3.0000,863.7600,0.0000
2024-08-30 00:00:00,2.0000,575.8400,0.0000
2024-08-30 01:00:00,2.0000,575.8400,0.0000
2024-08-30 02:00:00,2.0000,575.8400,0.0000
2024-08-30 03:00:00,2.0000,575.8400,0.0000
2024-08-30 04:00:00,2.0000,575.8400,0.0000
2024-08-30 05:00:00,2.0000,2223.3157,1647.4757
2024-08-30 06:00:00,5.0000,3797.2390,2357.6390
2024-08-30 07:00:00,6.0000,4790.8714,3063.3514
2024-08-30 08:00:00,5.0000,5017.3466,3577.7466
2024-08-30 09:00:00,3.0000,4729.5296,3865.7696
2024-08-30 10:00:00,3.0000,4771.5521,3907.7921
2024-08-30 11:00:00,3.5000,4797.2375,3789.5175
2024-08-30 12:00:00,4.0000,5073.2236,3921.5436
2024-08-30 13:00:00,3.5000,4811.4883,3803.7683
2024-08-30 14:00:00,3.0000,4307.9777,3444.2177
2024-08-30 15:00:00,3.0000,3731.1546,2867.3946
2024-08-30 16:00:00,3.0000,2976.3686,2112.6086
2024-08-30 17:00:00,5.0000,1754.7150,315.1150
2024-08-30 18:00:00,6.0000,1727.5200,0.0000
2024-08-30 19:00:00,7.0000,2015.4400,0.0000
2024-08-30 20:00:00,6.0000,1727.5200,0.0000
2024-08-30 21:00:00,5.0000,1439.6000,0.0000
2024-08-30 22:00:00,4.0000,1151.6800,0.0000
2024-08-30 23:00:00,3.0000,863.7600,0.0000
2024-08-31 00:00:00,2.0000,575.8400,0.0000
2024-08-31 01:00:00,2.0000,575.8400,0.0000
2024-08-31 02:00:00,2.0000,575.8400,0.0000
2024-08-31 03:00:00,2.0000,575.8400,0.0000
2024-08-31 04:00:00,2.0000,575.8400,0.0000
2024-08-31 05:00:00,2.0000,2204.4279,1628.5879
2024-08-31 06:00:00,5.0000,3791.5822,2351.9822
2024-08-31 07:00:00,6.0000,4784.9321,3057.4121
2024-08-31 08:00:00,5.0000,5010.7169,3571.1169
2024-08-31 09:00:00,4.0000,5009.7684,3858.0884
2024-08-31 10:00:00,4.0000,5050.4499,3898.7699
2024-08-31 11:00:00,4.5000,5077.8934,3782.2534
2024-08-31 12:00:00,5.0000,5352.6334,3913.0334
2024-08-31 13:00:00,4.5000,5089.4190,3793.7790
2024-08-31 14:00:00,4.0000,4584.2974,3432.6174
2024-08-31 15:00:00,4.0000,4005.8410,2854.1610
2024-08-31 16:00:00,4.0000,3249.5107,2097.8307
2024-08-31 17:00:00,6.0000,2020.7407,293.2207
2024-08-31 18:00:00,7.0000,2015.4400,0.0000
2024-08-31 19:00:00,7.5000,2159.4000,0.0000
2024-08-31 20:00:00,7.0000,2015.4400,0.0000
2024-08-31 21:00:00,6.0000,1727.5200,0.0000
2024-08-31 22:00:00,5.0000,1439.6000,0.0000
2024-08-31 23:00:00,4.0000,1151.6800,0.0000
2024-09-01 00:00:00,2.0000,575.8400,0.0000
2024-09-01 01:00:00,2.0000,575.8400,0.0000
2024-09-01 02:00:00,2.0000,575.8400,0.0000
2024-09-01 03:00:00,2.0000,575.8400,0.0000
2024-09-01 04:00:00,2.0000,575.8400,0.0000
2024-09-01 05:00:00,2.0000,1879.6141,1303.7741
2024-09-01 06:00:00,5.0000,3392.0933,1952.4933
2024-09-01 07:00:00,6.0000,4297.8742,2570.3542
2024-09-01 08:00:00,5.0000,4468.4805,3028.8805
2024-09-01 09:00:00,4.0000,4448.5043,3296.8243
2024-09-01 10:00:00,4.0000,4507.6057,3355.9257
2024-09-01 11:00:00,4.5000,4570.9083,3275.2683
2024-09-01 12:00:00,5.0000,4799.7518,3360.1518
2024-09-01 13:00:00,4.5000,4527.5173,3231.8773
2024-09-01 14:00:00,4.0000,4050.8663,2899.1863
2024-09-01 15:00:00,4.0000,3536.4313,2384.7513
2024-09-01 16:00:00,4.0000,2875.3101,1723.6301
2024-09-01 17:00:00,6.0000,1976.0692,248.5492
2024-09-01 18:00:00,7.0000,2015.4400,0.0000
2024-09-01 19:00:00,7.5000,2159.4000,0.0000
2024-09-01 20:00:00,7.0000,2015.4400,0.0000
2024-09-01 21:00:00,6.0000,1727.5200,0.0000
2024-09-01 22:00:00,5.0000,1439.6000,0.0000
2024-09-01 23:00:00,4.0000,1151.6800,0.0000
2024-09-02 00:00:00,2.0000,575.8400,0.0000
2024-09-02 01:00:00,2.0000,575.8400,0.0000
2024-09-02 02:00:00,2.0000,575.8400,0.0000
2024-09-02 03:00:00,2.0000,575.8400,0.0000
2024-09-02 04:00:00,2.0000,575.8400,0.0000
2024-09-02 05:00:00,2.0000,1862.5351,1286.6951
2024-09-02 06:00:00,5.0000,3385.3274,1945.7274
2024-09-02 07:00:00,6.0000,4290.8330,2563.3130
2024-09-02 08:00:00,5.0000,4460.8190,3021.2190
2024-09-02 09:00:00,3.0000,4152.0000,3288.2400
2024-09-02 10:00:00,3.0000,4209.9389,3346.1789
2024-09-02 11:00:00,3.5000,4274.5298,3266.8098
2024-09-02 12:00:00,4.0000,4502.2360,3350.5560
2024-09-02 13:00:00,3.5000,4228.6933,3220.9733
2024-09-02 14:00:00,3.0000,3750.6525,2886.8925
2024-09-02 15:00:00,3.0000,3234.8408,2371.0808
2024-09-02 16:00:00,3.0000,2572.4499,1708.6899
2024-09-02 17:00:00,5.0000,1667.7549,228.1549
2024-09-02 18:00:00,6.0000,1727.5200,0.0000
2024-09-02 19:00:00,7.0000,2015.4400,0.0000
2024-09-02 20:00:00,6.0000,1727.5200,0.0000
2024-09-02 21:00:00,5.0000,1439.6000,0.0000
2024-09-02 22:00:00,4.0000,1151.6800,0.0000
2024-09-02 23:00:00,3.0000,863.7600,0.0000
2024-09-03 00:00:00,2.0000,575.8400,0.0000
2024-09-03 01:00:00,2.0000,575.8400,0.0000
2024-09-03 02:00:00,2.0000,575.8400,0.0000
2024-09-03 03:00:00,2.0000,575.8400,0.0000
2024-09-03 04:00:00,2.0000,575.8400,0.0000
2024-09-03 05:00:00,2.0000,1845.3251,1269.4851
2024-09-03 06:00:00,5.0000,3378.4714,1938.8714
2024-09-03 07:00:00,6.0000,4283.6629,2556.1429
2024-09-03 08:00:00,5.0000,4452.9936,3013.3936
2024-09-03 09:00:00,3.0000,4143.2228,3279.4628
2024-09-03 10:00:00,3.0000,4199.9782,3336.2182
2024-09-03 11:00:00,3.5000,4265.8816,3258.1616
2024-09-03 12:00:00,4.0000,4492.4283,3340.7483
2024-09-03 13:00:00,3.5000,4217.5647,3209.8447
2024-09-03 14:00:00,3.0000,3738.1317,2874.3717
2024-09-03 15:00:00,3.0000,3220.9512,2357.1912
2024-09-03 16:00:00,3.0000,2557.3082,1693.5482
2024-09-03 17:00:00,5.0000,1647.2119,207.6119
2024-09-03 18:00:00,6.0000,1727.5200,0.0000
2024-09-03 19:00:00,7.0000,2015.4400,0.0000
2024-09-03 20:00:00,6.0000,1727.5200,0.0000
2024-09-03 21:00:00,5.0000,1439.6000,0.0000
2024-09-03 22:00:00,4.0000,1151.6800,0.0000
2024-09-03 23:00:00,3.0000,863.7600,0.0000
2024-09-04 00:00:00,2.0000,575.8400,0.0000
2024-09-04 01:00:00,2.0000,575.8400,0.0000
2024-09-04 02:00:00,2.0000,575.8400,0.0000
2024-09-04 03:00:00,2.0000,575.8400,0.0000
2024-09-04 04:00:00,2.0000,575.8400,0.0000
2024-09-04 05:00:00,2.0000,1827.9875,1252.1475
2024-09-04 06:00:00,5.0000,3371.5231,1931.9231
2024-09-04 07:00:00,6.0000,4276.3619,2548.8419
2024-09-04 08:00:00,5.0000,4445.0029,3005.4029
2024-09-04 09:00:00,3.0000,4134.2523,3270.4923
2024-09-04 10:00:00,3.0000,4189.8045,3326.0445
2024-09-04 11:00:00,3.5000,4257.0430,3249.3230
2024-09-04 12:00:00,4.0000,4482.4095,3330.7295
2024-09-04 13:00:00,3.5000,4206.2138,3198.4938
2024-09-04 14:00:00,3.0000,3725.3877,2861.6277
2024-09-04 15:00:00,3.0000,3206.8478,2343.0878
2024-09-04 16:00:00,3.0000,2541.9720,1678.2120
2024-09-04 17:00:00,5.0000,1626.5293,186.9293
2024-09-04 18:00:00,6.0000,1727.5200,0.0000
2024-09-04 19:00:00,7.0000,2015.4400,0.0000
2024-09-04 20:00:00,6.0000,1727.5200,0.0000
2024-09-04 21:00:00,5.0000,1439.6000,0.0000
2024-09-04 22:00:00,4.0000,1151.6800,0.0000
2024-09-04 23:00:00,3.0000,863.7600,0.0000
2024-09-05 00:00:00,2.0000,575.8400,0.0000
2024-09-05 01:00:00,2.0000,575.8400,0.0000
2024-09-05 02:00:00,2.0000,575.8400,0.0000
2024-09-05 03:00:00,2.0000,575.8400,0.0000
2024-09-05 04:00:00,2.0000,575.8400,0.0000
2024-09-05 05:00:00,2.0000,1810.5255,1234.6855
2024-09-05 06:00:00,5.0000,3364.4802,1924.8802
2024-09-05 07:00:00,6.0000,4268.9282,2541.4082
2024-09-05 08:00:00,5.0000,4436.8458,2997.2458
2024-09-05 09:00:00,3.0000,4125.0883,3261.3283
2024-09-05 10:00:00,3.0000,4179.4192,3315.6592
2024-09-05 11:00:00,3.5000,4248.0139,3240.2939
2024-09-05 12:00:00,4.0000,4472.1807,3320.5007
2024-09-05 13:00:00,3.5000,4194.6433,3186.9233
2024-09-05 14:00:00,3.0000,3712.4247,2848.6647
2024-09-05 15:00:00,3.0000,3192.5367,2328.7767
2024-09-05 16:00:00,3.0000,2526.4487,1662.6887
2024-09-05 17:00:00,5.0000,1605.7165,166.1165
2024-09-05 18:00:00,6.0000,1727.5200,0.0000
2024-09-05 19:00:00,7.0000,2015.4400,0.0000
2024-09-05 20:00:00,6.0000,1727.5200,0.0000
2024-09-05 21:00:00,5.0000,1439.6000,0.0000
2024-09-05 22:00:00,4.0000,1151.6800,0.0000
2024-09-05 23:00:00,3.0000,863.7600,0.0000
2024-09-06 00:00:00,2.0000,575.8400,0.0000
2024-09-06 01:00:00,2.0000,575.8400,0.0000
2024-09-06 02:00:00,2.0000,575.8400,0.0000
2024-09-06 03:00:00,2.0000,575.8400,0.0000
2024-09-06 04:00:00,2.0000,575.8400,0.0000
2024-09-06 05:00:00,2.0000,1792.9424,1217.1024
2024-09-06 06:00:00,5.0000,3357.3406,1917.7406
2024-09-06 07:00:00,6.0000,4261.3599,2533.8399
2024-09-06 08:00:00,5.0000,4428.5210,2988.9210
2024-09-06 09:00:00,3.0000,4115.7310,3251.9710
2024-09-06 10:00:00,3.0000,4168.8235,3305.0635
2024-09-06 11:00:00,3.5000,4238.7941,3231.0741
2024-09-06 12:00:00,4.0000,4461.7432,3310.0632
2024-09-06 13:00:00,3.5000,4182.8559,3175.1359
2024-09-06 14:00:00,3.0000,3699.2473,2835.4873
2024-09-06 15:00:00,3.0000,3178.0238,2314.2638
2024-09-06 16:00:00,3.0000,2510.7459,1646.9859
2024-09-06 17:00:00,5.0000,1584.7830,145.1830
2024-09-06 18:00:00,6.0000,1727.5200,0.0000
2024-09-06 19:00:00,7.0000,2015.4400,0.0000
2024-09-06 20:00:00,6.0000,1727.5200,0.0000
2024-09-06 21:00:00,5.0000,1439.6000,0.0000
2024-09-06 22:00:00,4.0000,1151.6800,0.0000
2024-09-06 23:00:00,3.0000,863.7600,0.0000
2024-09-07 00:00:00,2.0000,575.8400,0.0000
2024-09-07 01:00:00,2.0000,575.8400,0.0000
2024-09-07 02:00:00,2.0000,575.8400,0.0000
2024-09-07 03:00:00,2.0000,575.8400,0.0000
2024-09-07 04:00:00,2.0000,575.8400,0.0000
2024-09-07 05:00:00,2.0000,1775.2416,1199.4016
2024-09-07 06:00:00,5.0000,3350.1021,1910.5021
2024-09-07 07:00:00,6.0000,4253.6552,2526.1352
2024-09-07 08:00:00,5.0000,4420.0278,2980.4278
2024-09-07 09:00:00,4.0000,4394.1006,3242.4206
2024-09-07 10:00:00,4.0000,4445.9393,3294.2593
2024-09-07 11:00:00,4.5000,4517.3037,3221.6637
2024-09-07 12:00:00,5.0000,4739.0184,3299.4184
2024-09-07 13:00:00,4.5000,4458.7748,3163.1348
2024-09-07 14:00:00,4.0000,3973.7801,2822.1001
2024-09-07 15:00:00,4.0000,3451.2355,2299.5555
2024-09-07 16:00:00,4.0000,2782.7914,1631.1114
2024-09-07 17:00:00,6.0000,1851.6585,124.1385
2024-09-07 18:00:00,7.0000,2015.4400,0.0000
2024-09-07 19:00:00,7.5000,2159.4000,0.0000
2024-09-07 20:00:00,7.0000,2015.4400,0.0000
2024-09-07 21:00:00,6.0000,1727.5200,0.0000
2024-09-07 22:00:00,5.0000,1439.6000,0.0000
2024-09-07 23:00:00,4.0000,1151.6800,0.0000
2024-09-08 00:00:00,2.0000,575.8400,0.0000
2024-09-08 01:00:00,2.0000,575.8400,0.0000
2024-09-08 02:00:00,2.0000,575.8400,0.0000
2024-09-08 03:00:00,2.0000,575.8400,0.0000
2024-09-08 04:00:00,2.0000,575.8400,0.0000
2024-09-08 05:00:00,2.0000,1757.4265,1181.5865
2024-09-08 06:00:00,5.0000,3342.7627,1903.1627
2024-09-08 07:00:00,6.0000,4245.8126,2518.2926
2024-09-08 08:00:00,5.0000,4411.3654,2971.7654
2024-09-08 09:00:00,4.0000,4384.3576,3232.6776
2024-09-08 10:00:00,4.0000,4434.9284,3283.2484
2024-09-08 11:00:00,4.5000,4507.7030,3212.0630
2024-09-08 12:00:00,5.0000,4728.1682,3288.5682
2024-09-08 13:00:00,4.5000,4446.5632,3150.9232
2024-09-08 14:00:00,4.0000,3960.1883,2808.5083
2024-09-08 15:00:00,4.0000,3436.3385,2284.6585
2024-09-08 16:00:00,4.0000,2766.7533,1615.0733
2024-09-08 17:00:00,6.0000,1830.5128,102.9928
2024-09-08 18:00:00,7.0000,2015.4400,0.0000
2024-09-08 19:00:00,7.5000,2159.4000,0.0000
2024-09-08 20:00:00,7.0000,2015.4400,0.0000
2024-09-08 21:00:00,6.0000,1727.5200,0.0000
2024-09-08 22:00:00,5.0000,1439.6000,0.0000
2024-09-08 23:00:00,4.0000,1151.6800,0.0000
2024-09-09 00:00:00,2.0000,575.8400,0.0000
2024-09-09 01:00:00,2.0000,575.8400,0.0000
2024-09-09 02:00:00,2.0000,575.8400,0.0000
2024-09-09 03:00:00,2.0000,575.8400,0.0000
2024-09-09 04:00:00,2.0000,575.8400,0.0000
2024-09-09 05:00:00,2.0000,1739.5008,1163.6608
2024-09-09 06:00:00,5.0000,3335.3202,1895.7202
2024-09-09 07:00:00,6.0000,4237.8306,2510.3106
2024-09-09 08:00:00,5.0000,4402.5333,2962.9333
2024-09-09 09:00:00,3.0000,4086.5026,3222.7426
2024-09-09 10:00:00,3.0000,4135.7931,3272.0331
2024-09-09 11:00:00,3.5000,4209.9926,3202.2726
2024-09-09 12:00:00,4.0000,4429.1945,3277.5145
2024-09-09 13:00:00,3.5000,4146.2249,3138.5049
2024-09-09 14:00:00,3.0000,3658.4771,2794.7171
2024-09-09 15:00:00,3.0000,3133.3397,2269.5797
2024-09-09 16:00:00,3.0000,2462.6398,1598.8798
2024-09-09 17:00:00,5.0000,1521.3556,81.7556
2024-09-09 18:00:00,6.0000,1727.5200,0.0000
2024-09-09 19:00:00,7.0000,2015.4400,0.0000
2024-09-09 20:00:00,6.0000,1727.5200,0.0000
2024-09-09 21:00:00,5.0000,1439.6000,0.0000
2024-09-09 22:00:00,4.0000,1151.6800,0.0000
2024-09-09 23:00:00,3.0000,863.7600,0.0000
2024-09-10 00:00:00,2.0000,575.8400,0.0000
2024-09-10 01:00:00,2.0000,575.8400,0.0000
2024-09-10 02:00:00,2.0000,575.8400,0.0000
2024-09-10 03:00:00,2.0000,575.8400,0.0000
2024-09-10 04:00:00,2.0000,575.8400,0.0000
2024-09-10 05:00:00,2.0000,862.7570,286.9170
2024-09-10 06:00:00,5.0000,3327.7727,1888.1727
2024-09-10 07:00:00,6.0000,4229.7078,2502.1878
2024-09-10 08:00:00,5.0000,4393.5310,2953.9310
2024-09-10 09:00:00,3.0000,4076.3767,3212.6167
2024-09-10 10:00:00,3.0000,4124.3758,3260.6158
2024-09-10 11:00:00,3.5000,4200.0132,3192.2932
2024-09-10 12:00:00,4.0000,4417.9396,3266.2596
2024-09-10 13:00:00,3.5000,4133.6037,3125.8837
2024-09-10 14:00:00,3.0000,3644.4921,2780.7321
2024-09-10 15:00:00,3.0000,3118.0861,2254.3261
2024-09-10 16:00:00,3.0000,2446.2995,1582.5395
2024-09-10 17:00:00,5.0000,1500.0370,60.4370
2024-09-10 18:00:00,6.0000,1727.5200,0.0000
2024-09-10 19:00:00,7.0000,2015.4400,0.0000
2024-09-10 20:00:00,6.0000,1727.5200,0.0000
2024-09-10 21:00:00,5.0000,1439.6000,0.0000
2024-09-10 22:00:00,4.0000,1151.6800,0.0000
2024-09-10 23:00:00,3.0000,863.7600,0.0000
2024-09-11 00:00:00,2.0000,575.8400,0.0000
2024-09-11 01:00:00,2.0000,575.8400,0.0000
2024-09-11 02:00:00,2.0000,575.8400,0.0000
2024-09-11 03:00:00,2.0000,575.8400,0.0000
2024-09-11 04:00:00,2.0000,575.8400,0.0000
2024-09-11 05:00:00,2.0000,847.9058,272.0658
2024-09-11 06:00:00,5.0000,3320.1183,1880.5183
2024-09-11 07:00:00,6.0000,4221.4430,2493.9230
2024-09-11 08:00:00,5.0000,4384.3584,2944.7584
2024-09-11 09:00:00,3.0000,4066.0609,3202.3009
2024-09-11 10:00:00,3.0000,4112.7592,3248.9992
2024-09-11 11:00:00,3.5000,4189.8459,3182.1259
2024-09-11 12:00:00,4.0000,4406.4860,3254.8060
2024-09-11 13:00:00,3.5000,4120.7839,3113.0639
2024-09-11 14:00:00,3.0000,3630.3190,2766.5590
2024-09-11 15:00:00,3.0000,3102.6652,2238.9052
2024-09-11 16:00:00,3.0000,2429.8211,1566.0611
2024-09-11 17:00:00,5.0000,1478.6471,39.0471
2024-09-11 18:00:00,6.0000,1727.5200,0.0000
2024-09-11 19:00:00,7.0000,2015.4400,0.0000
2024-09-11 20:00:00,6.0000,1727.5200,0.0000
2024-09-11 21:00:00,5.0000,1439.6000,0.0000
2024-09-11 22:00:00,4.0000,1151.6800,0.0000
2024-09-11 23:00:00,3.0000,863.7600,0.0000
2024-09-12 00:00:00,2.0000,575.8400,0.0000
2024-09-12 01:00:00,2.0000,575.8400,0.0000
2024-09-12 02:00:00,2.0000,575.8400,0.0000
2024-09-12 03:00:00,2.0000,575.8400,0.0000
2024-09-12 04:00:00,2.0000,575.8400,0.0000
2024-09-12 05:00:00,2.0000,833.0086,257.1686
2024-09-12 06:00:00,5.0000,3312.3552,1872.7552
2024-09-12 07:00:00,6.0000,4213.0351,2485.5151
2024-09-12 08:00:00,5.0000,4375.0155,2935.4155
2024-09-12 09:00:00,3.0000,4055.5566,3191.7966
2024-09-12 10:00:00,3.0000,4100.9463,3237.1863
2024-09-12 11:00:00,3.5000,4179.4917,3171.7717
2024-09-12 12:00:00,4.0000,4394.8364,3243.1564
2024-09-12 13:00:00,3.5000,4107.7697,3100.0497
2024-09-12 14:00:00,3.0000,3615.9640,2752.2040
2024-09-12 15:00:00,3.0000,3087.0846,2223.3246
2024-09-12 16:00:00,3.0000,2413.2136,1549.4536
2024-09-12 17:00:00,5.0000,1457.1959,17.5959
2024-09-12 18:00:00,6.0000,1727.5200,0.0000
2024-09-12 19:00:00,7.0000,2015.4400,0.0000
2024-09-12 20:00:00,6.0000,1727.5200,0.0000
2024-09-12 21:00:00,5.0000,1439.6000,0.0000
2024-09-12 22:00:00,4.0000,1151.6800,0.0000
2024-09-12 23:00:00,3.0000,863.7600,0.0000
2024-09-13 00:00:00,2.0000,575.8400,0.0000
2024-09-13 01:00:00,2.0000,575.8400,0.0000
2024-09-13 02:00:00,2.0000,575.8400,0.0000
2024-09-13 03:00:00,2.0000,575.8400,0.0000
2024-09-13 04:00:00,2.0000,575.8400,0.0000
2024-09-13 05:00:00,2.0000,818.0676,242.2276
2024-09-13 06:00:00,5.0000,3304.4818,1864.8818
2024-09-13 07:00:00,6.0000,4204.4831,2476.9631
2024-09-13 08:00:00,5.0000,4365.5025,2925.9025
2024-09-13 09:00:00,3.0000,4044.8654,3181.1054
2024-09-13 10:00:00,3.0000,4088.9403,3225.1803
2024-09-13 11:00:00,3.5000,4168.9521,3161.2321
2024-09-13 12:00:00,4.0000,4382.9938,3231.3138
2024-09-13 13:00:00,3.5000,4094.5659,3086.8459
2024-09-13 14:00:00,3.0000,3601.4335,2737.6735
2024-09-13 15:00:00,3.0000,3071.3521,2207.5921
2024-09-13 16:00:00,3.0000,2396.4860,1532.7260
2024-09-13 17:00:00,5.0000,1439.6000,0.0000
2024-09-13 18:00:00,6.0000,1727.5200,0.0000
2024-09-13 19:00:00,7.0000,2015.4400,0.0000
2024-09-13 20:00:00,6.0000,1727.5200,0.0000
2024-09-13 21:00:00,5.0000,1439.6000,0.0000
2024-09-13 22:00:00,4.0000,1151.6800,0.0000
2024-09-13 23:00:00,3.0000,863.7600,0.0000
2024-09-14 00:00:00,2.0000,575.8400,0.0000
2024-09-14 01:00:00,2.0000,575.8400,0.0000
2024-09-14 02:00:00,2.0000,575.8400,0.0000
2024-09-14 03:00:00,2.0000,575.8400,0.0000
2024-09-14 04:00:00,2.0000,575.8400,0.0000
2024-09-14 05:00:00,2.0000,803.0850,227.2450
2024-09-14 06:00:00,5.0000,3296.4963,1856.8963
2024-09-14 07:00:00,6.0000,4195.7863,2468.2663
2024-09-14 08:00:00,5.0000,4355.8197,2916.2197
2024-09-14 09:00:00,4.0000,4321.9092,3170.2292
2024-09-14 10:00:00,4.0000,4364.6646,3212.9846
2024-09-14 11:00:00,4.5000,4446.1488,3150.5088
2024-09-14 12:00:00,5.0000,4658.8816,3219.2816
2024-09-14 13:00:00,4.5000,4369.0974,3073.4574
2024-09-14 14:00:00,4.0000,3874.6538,2722.9738
2024-09-14 15:00:00,4.0000,3343.3958,2191.7158
2024-09-14 16:00:00,4.0000,2667.5676,1515.8876
2024-09-14 17:00:00,6.0000,1727.5200,0.0000
2024-09-14 18:00:00,7.0000,2015.4400,0.0000
2024-09-14 19:00:00,7.5000,2159.4000,0.0000
2024-09-14 20:00:00,7.0000,2015.4400,0.0000
2024-09-14 21:00:00,6.0000,1727.5200,0.0000
2024-09-14 22:00:00,5.0000,1439.6000,0.0000
2024-09-14 23:00:00,4.0000,1151.6800,0.0000
2024-09-15 00:00:00,2.0000,575.8400,0.0000
2024-09-15 01:00:00,2.0000,575.8400,0.0000
2024-09-15 02:00:00,2.0000,575.8400,0.0000
2024-09-15 03:00:00,2.0000,575.8400,0.0000
2024-09-15 04:00:00,2.0000,575.8400,0.0000
2024-09-15 05:00:00,2.0000,788.0631,212.2231
2024-09-15 06:00:00,5.0000,3288.3973,1848.7973
2024-09-15 07:00:00,6.0000,4186.9440,2459.4240
2024-09-15 08:00:00,5.0000,4345.9677,2906.3677
2024-09-15 09:00:00,4.0000,4310.8501,3159.1701
2024-09-15 10:00:00,4.0000,4352.2829,3200.6029
2024-09-15 11:00:00,4.5000,4435.2436,3139.6036
2024-09-15 12:00:00,5.0000,4646.6632,3207.0632
2024-09-15 13:00:00,4.5000,4355.5294,3059.8894
2024-09-15 14:00:00,4.0000,3859.7920,2708.1120
2024-09-15 15:00:00,4.0000,3327.3839,2175.7039
2024-09-15 16:00:00,4.0000,2650.6280,1498.9480
2024-09-15 17:00:00,6.0000,1727.5200,0.0000
2024-09-15 18:00:00,7.0000,2015.4400,0.0000
2024-09-15 19:00:00,7.5000,2159.4000,0.0000
2024-09-15 20:00:00,7.0000,2015.4400,0.0000
2024-09-15 21:00:00,6.0000,1727.5200,0.0000
2024-09-15 22:00:00,5.0000,1439.6000,0.0000
2024-09-15 23:00:00,4.0000,1151.6800,0.0000
2024-09-16 00:00:00,2.0000,575.8400,0.0000
2024-09-16 01:00:00,2.0000,575.8400,0.0000
2024-09-16 02:00:00,2.0000,575.8400,0.0000
2024-09-16 03:00:00,2.0000,575.8400,0.0000
2024-09-16 04:00:00,2.0000,575.8400,0.0000
2024-09-16 05:00:00,2.0000,773.0040,197.1640
2024-09-16 06:00:00,5.0000,3280.1834,1840.5834
2024-09-16 07:00:00,6.0000,4177.9558,2450.4358
2024-09-16 08:00:00,5.0000,4335.9474,2896.3474
2024-09-16 09:00:00,3.0000,4011.6902,3147.9302
2024-09-16 10:00:00,3.0000,4051.7992,3188.0392
2024-09-16 11:00:00,3.5000,4136.2386,3128.5186
2024-09-16 12:00:00,4.0000,4346.3422,3194.6622
2024-09-16 13:00:00,3.5000,4053.8673,3046.1473
2024-09-16 14:00:00,3.0000,3556.8549,2693.0949
2024-09-16 15:00:00,3.0000,3023.3250,2159.5650
2024-09-16 16:00:00,3.0000,2345.6767,1481.9167
2024-09-16 17:00:00,5.0000,1439.6000,0.0000
2024-09-16 18:00:00,6.0000,1727.5200,0.0000
2024-09-16 19:00:00,7.0000,2015.4400,0.0000
2024-09-16 20:00:00,6.0000,1727.5200,0.0000
2024-09-16 21:00:00,5.0000,1439.6000,0.0000
2024-09-16 22:00:00,4.0000,1151.6800,0.0000
2024-09-16 23:00:00,3.0000,863.7600,0.0000
2024-09-17 00:00:00,2.0000,575.8400,0.0000
2024-09-17 01:00:00,2.0000,575.8400,0.0000
2024-09-17 02:00:00,2.0000,575.8400,0.0000
2024-09-17 03:00:00,2.0000,575.8400,0.0000
2024-09-17 04:00:00,2.0000,575.8400,0.0000
2024-09-17 05:00:00,2.0000,757.9099,182.0699
2024-09-17 06:00:00,5.0000,3271.8533,1832.2533
2024-09-17 07:00:00,6.0000,4168.8213,2441.3013
2024-09-17 08:00:00,5.0000,4325.7597,2886.1597
2024-09-17 09:00:00,3.0000,4000.2722,3136.5122
2024-09-17 10:00:00,3.0000,4039.0576,3175.2976
2024-09-17 11:00:00,3.5000,4124.9763,3117.2563
2024-09-17 12:00:00,4.0000,4333.7629,3182.0829
2024-09-17 13:00:00,3.5000,4039.9568,3032.2368
2024-09-17 14:00:00,3.0000,3541.6899,2677.9299
2024-09-17 15:00:00,3.0000,3007.0676,2143.3076
2024-09-17 16:00:00,3.0000,2328.5634,1464.8034
2024-09-17 17:00:00,5.0000,1439.6000,0.0000
2024-09-17 18:00:00,6.0000,1727.5200,0.0000
2024-09-17 19:00:00,7.0000,2015.4400,0.0000
2024-09-17 20:00:00,6.0000,1727.5200,0.0000
2024-09-17 21:00:00,5.0000,1439.6000,0.0000
2024-09-17 22:00:00,4.0000,1151.6800,0.0000
2024-09-17 23:00:00,3.0000,863.7600,0.0000
2024-09-18 00:00:00,2.0000,575.8400,0.0000
2024-09-18 01:00:00,2.0000,575.8400,0.0000
2024-09-18 02:00:00,2.0000,575.8400,0.0000
2024-09-18 03:00:00,2.0000,575.8400,0.0000
2024-09-18 04:00:00,2.0000,575.8400,0.0000
2024-09-18 05:00:00,2.0000,742.7832,166.9432
2024-09-18 06:00:00,5.0000,3263.4058,1823.8058
2024-09-18 07:00:00,6.0000,4159.5405,2432.0205
2024-09-18 08:00:00,5.0000,4315.4059,2875.8059
2024-09-18 09:00:00,3.0000,3988.6788,3124.9188
2024-09-18 10:00:00,3.0000,4026.1426,3162.3826
2024-09-18 11:00:00,3.5000,4113.5390,3105.8190
2024-09-18 12:00:00,4.0000,4321.0092,3169.3292
2024-09-18 13:00:00,3.5000,4025.8838,3018.1638
2024-09-18 14:00:00,3.0000,3526.3845,2662.6245
2024-09-18 15:00:00,3.0000,2990.7006,2126.9406
2024-09-18 16:00:00,3.0000,2311.3782,1447.6182
2024-09-18 17:00:00,5.0000,1439.6000,0.0000
2024-09-18 18:00:00,6.0000,1727.5200,0.0000
2024-09-18 19:00:00,7.0000,2015.4400,0.0000
2024-09-18 20:00:00,6.0000,1727.5200,0.0000
2024-09-18 21:00:00,5.0000,1439.6000,0.0000
2024-09-18 22:00:00,4.0000,1151.6800,0.0000
2024-09-18 23:00:00,3.0000,863.7600,0.0000
2024-09-19 00:00:00,2.0000,575.8400,0.0000
2024-09-19 01:00:00,2.0000,575.8400,0.0000
2024-09-19 02:00:00,2.0000,575.8400,0.0000
2024-09-19 03:00:00,2.0000,575.8400,0.0000
2024-09-19 04:00:00,2.0000,575.8400,0.0000
2024-09-19 05:00:00,2.0000,727.6260,151.7860
2024-09-19 06:00:00,5.0000,3254.8400,1815.2400
2024-09-19 07:00:00,6.0000,4150.1133,2422.5933
2024-09-19 08:00:00,5.0000,4304.8873,2865.2873
2024-09-19 09:00:00,3.0000,3976.9130,3113.1530
2024-09-19 10:00:00,3.0000,4013.0589,3149.2989
2024-09-19 11:00:00,3.5000,4101.9297,3094.2097
2024-09-19 12:00:00,4.0000,4308.0858,3156.4058
2024-09-19 13:00:00,3.5000,4011.6545,3003.9345
2024-09-19 14:00:00,3.0000,3510.9463,2647.1863
2024-09-19 15:00:00,3.0000,2974.2331,2110.4731
2024-09-19 16:00:00,3.0000,2294.1310,1430.3710
2024-09-19 17:00:00,5.0000,1439.6000,0.0000
2024-09-19 18:00:00,6.0000,1727.5200,0.0000
2024-09-19 19:00:00,7.0000,2015.4400,0.0000
2024-09-19 20:00:00,6.0000,1727.5200,0.0000
2024-09-19 21:00:00,5.0000,1439.6000,0.0000
2024-09-19 22:00:00,4.0000,1151.6800,0.0000
2024-09-19 23:00:00,3.0000,863.7600,0.0000
2024-09-20 00:00:00,2.0000,575.8400,0.0000
2024-09-20 01:00:00,2.0000,575.8400,0.0000
2024-09-20 02:00:00,2.0000,575.8400,0.0000
2024-09-20 03:00:00,2.0000,575.8400,0.0000
2024-09-20 04:00:00,2.0000,575.8400,0.0000
2024-09-20 05:00:00,2.0000,712.4407,136.6007
2024-09-20 06:00:00,5.0000,3246.1549,1806.5549
2024-09-20 07:00:00,6.0000,4140.5401,2413.0201
2024-09-20 08:00:00,5.0000,4294.2056,2854.6056
2024-09-20 09:00:00,3.0000,3964.9781,3101.2181
2024-09-20 10:00:00,3.0000,3999.8114,3136.0514
2024-09-20 11:00:00,3.5000,4090.1514,3082.4314
2024-09-20 12:00:00,4.0000,4294.9974,3143.3174
2024-09-20 13:00:00,3.5000,3997.2751,2989.5551
2024-09-20 14:00:00,3.0000,3495.3832,2631.6232
2024-09-20 15:00:00,3.0000,2957.6741,2093.9141
2024-09-20 16:00:00,3.0000,2276.8319,1413.0719
2024-09-20 17:00:00,5.0000,1439.6000,0.0000
2024-09-20 18:00:00,6.0000,1727.5200,0.0000
2024-09-20 19:00:00,7.0000,2015.4400,0.0000
2024-09-20 20:00:00,6.0000,1727.5200,0.0000
2024-09-20 21:00:00,5.0000,1439.6000,0.0000
2024-09-20 22:00:00,4.0000,1151.6800,0.0000
2024-09-20 23:00:00,3.0000,863.7600,0.0000
2024-09-21 00:00:00,2.0000,575.8400,0.0000
2024-09-21 01:00:00,2.0000,575.8400,0.0000
2024-09-21 02:00:00,2.0000,575.8400,0.0000
2024-09-21 03:00:00,2.0000,575.8400,0.0000
2024-09-21 04:00:00,2.0000,575.8400,0.0000
2024-09-21 05:00:00,2.0000,697.2296,121.3896
2024-09-21 06:00:00,5.0000,3237.3498,1797.7498
2024-09-21 07:00:00,6.0000,4130.8212,2403.3012
2024-09-21 08:00:00,5.0000,4283.3627,2843.7627
2024-09-21 09:00:00,4.0000,4240.7975,3089.1175
2024-09-21 10:00:00,4.0000,4274.3251,3122.6451
2024-09-21 11:00:00,4.5000,4366.1274,3070.4874
2024-09-21 12:00:00,5.0000,4569.6688,3130.0688
2024-09-21 13:00:00,4.5000,4270.6722,2975.0322
2024-09-21 14:00:00,4.0000,3767.6232,2615.9432
2024-09-21 15:00:00,4.0000,3228.9530,2077.2730
2024-09-21 16:00:00,4.0000,2547.4112,1395.7312
2024-09-21 17:00:00,6.0000,1727.5200,0.0000
2024-09-21 18:00:00,7.0000,2015.4400,0.0000
2024-09-21 19:00:00,7.5000,2159.4000,0.0000
2024-09-21 20:00:00,7.0000,2015.4400,0.0000
2024-09-21 21:00:00,6.0000,1727.5200,0.0000
2024-09-21 22:00:00,5.0000,1439.6000,0.0000
2024-09-21 23:00:00,4.0000,1151.6800,0.0000
2024-09-22 00:00:00,2.0000,575.8400,0.0000
2024-09-22 01:00:00,2.0000,575.8400,0.0000
2024-09-22 02:00:00,2.0000,575.8400,0.0000
2024-09-22 03:00:00,2.0000,575.8400,0.0000
2024-09-22 04:00:00,2.0000,575.8400,0.0000
2024-09-22 05:00:00,2.0000,681.9949,106.1549
2024-09-22 06:00:00,5.0000,3228.4241,1788.8241
2024-09-22 07:00:00,6.0000,4120.9573,2393.4373
2024-09-22 08:00:00,5.0000,4272.3606,2832.7606
2024-09-22 09:00:00,4.0000,4228.5349,3076.8549
2024-09-22 10:00:00,4.0000,4260.7656,3109.0856
2024-09-22 11:00:00,4.5000,4354.0211,3058.3811
2024-09-22 12:00:00,5.0000,4556.2652,3116.6652
2024-09-22 13:00:00,4.5000,4256.0127,2960.3727
2024-09-22 14:00:00,4.0000,3751.8346,2600.1546
2024-09-22 15:00:00,4.0000,3212.2393,2060.5593
2024-09-22 16:00:00,4.0000,2530.0392,1378.3592
2024-09-22 17:00:00,6.0000,1727.5200,0.0000
2024-09-22 18:00:00,7.0000,2015.4400,0.0000
2024-09-22 19:00:00,7.5000,2159.4000,0.0000
2024-09-22 20:00:00,7.0000,2015.4400,0.0000
2024-09-22 21:00:00,6.0000,1727.5200,0.0000
2024-09-22 22:00:00,5.0000,1439.6000,0.0000
2024-09-22 23:00:00,4.0000,1151.6800,0.0000
2024-09-23 00:00:00,2.0000,575.8400,0.0000
2024-09-23 01:00:00,2.0000,575.8400,0.0000
2024-09-23 02:00:00,2.0000,575.8400,0.0000
2024-09-23 03:00:00,2.0000,575.8400,0.0000
2024-09-23 04:00:00,2.0000,575.8400,0.0000
2024-09-23 05:00:00,2.0000,666.7391,90.8991
2024-09-23 06:00:00,5.0000,3219.3775,1779.7775
2024-09-23 07:00:00,6.0000,4110.9492,2383.4292
2024-09-23 08:00:00,5.0000,4261.2017,2821.6017
2024-09-23 09:00:00,3.0000,3928.1943,3064.4343
2024-09-23 10:00:00,3.0000,3959.1383,3095.3783
2024-09-23 11:00:00,3.5000,4053.8362,3046.1162
2024-09-23 12:00:00,4.0000,4254.7920,3103.1120
2024-09-23 13:00:00,3.5000,3953.3035,2945.5835
2024-09-23 14:00:00,3.0000,3448.0259,2584.2659
2024-09-23 15:00:00,3.0000,2907.5424,2043.7824
2024-09-23 16:00:00,3.0000,2224.7261,1360.9661
2024-09-23 17:00:00,5.0000,1439.6000,0.0000
2024-09-23 18:00:00,6.0000,1727.5200,0.0000
2024-09-23 19:00:00,7.0000,2015.4400,0.0000
2024-09-23 20:00:00,6.0000,1727.5200,0.0000
2024-09-23 21:00:00,5.0000,1439.6000,0.0000
2024-09-23 22:00:00,4.0000,1151.6800,0.0000
2024-09-23 23:00:00,3.0000,863.7600,0.0000
2024-09-24 00:00:00,2.0000,575.8400,0.0000
2024-09-24 01:00:00,2.0000,575.8400,0.0000
2024-09-24 02:00:00,2.0000,575.8400,0.0000
2024-09-24 03:00:00,2.0000,575.8400,0.0000
2024-09-24 04:00:00,2.0000,575.8400,0.0000
2024-09-24 05:00:00,2.0000,651.4644,75.6244
2024-09-24 06:00:00,5.0000,3210.2095,1770.6095
2024-09-24 07:00:00,6.0000,4100.7978,2373.2778
2024-09-24 08:00:00,5.0000,4249.8884,2810.2884
2024-09-24 09:00:00,3.0000,3915.6197,3051.8597
2024-09-24 10:00:00,3.0000,3945.2891,3081.5291
2024-09-24 11:00:00,3.5000,4041.4168,3033.6968
2024-09-24 12:00:00,4.0000,4241.0949,3089.4149
2024-09-24 13:00:00,3.5000,3938.3918,2930.6718
2024-09-24 14:00:00,3.0000,3432.0455,2568.2855
2024-09-24 15:00:00,3.0000,2890.7121,2026.9521
2024-09-24 16:00:00,3.0000,1145.5917,281.8317
2024-09-24 17:00:00,5.0000,1439.6000,0.0000
2024-09-24 18:00:00,6.0000,1727.5200,0.0000
2024-09-24 19:00:00,7.0000,2015.4400,0.0000
2024-09-24 20:00:00,6.0000,1727.5200,0.0000
2024-09-24 21:00:00,5.0000,1439.6000,0.0000
2024-09-24 22:00:00,4.0000,1151.6800,0.0000
2024-09-24 23:00:00,3.0000,863.7600,0.0000
2024-09-25 00:00:00,2.0000,575.8400,0.0000
2024-09-25 01:00:00,2.0000,575.8400,0.0000
2024-09-25 02:00:00,2.0000,575.8400,0.0000
2024-09-25 03:00:00,2.0000,575.8400,0.0000
2024-09-25 04:00:00,2.0000,575.8400,0.0000
2024-09-25 05:00:00,2.0000,636.1734,60.3334
2024-09-25 06:00:00,5.0000,3200.9202,1761.3202
2024-09-25 07:00:00,6.0000,4090.5044,2362.9844
2024-09-25 08:00:00,5.0000,4238.4235,2798.8235
2024-09-25 09:00:00,3.0000,3902.8956,3039.1356
2024-09-25 10:00:00,3.0000,3931.3040,3067.5440
2024-09-25 11:00:00,3.5000,4028.8469,3021.1269
2024-09-25 12:00:00,4.0000,4227.2596,3075.5796
2024-09-25 13:00:00,3.5000,3923.3650,2915.6450
2024-09-25 14:00:00,3.0000,3415.9823,2552.2223
2024-09-25 15:00:00,3.0000,2873.8382,2010.0782
2024-09-25 16:00:00,3.0000,1124.1994,260.4394
2024-09-25 17:00:00,5.0000,1439.6000,0.0000
2024-09-25 18:00:00,6.0000,1727.5200,0.0000
2024-09-25 19:00:00,7.0000,2015.4400,0.0000
2024-09-25 20:00:00,6.0000,1727.5200,0.0000
2024-09-25 21:00:00,5.0000,1439.6000,0.0000
2024-09-25 22:00:00,4.0000,1151.6800,0.0000
2024-09-25 23:00:00,3.0000,863.7600,0.0000
2024-09-26 00:00:00,2.0000,575.8400,0.0000
2024-09-26 01:00:00,2.0000,575.8400,0.0000
2024-09-26 02:00:00,2.0000,575.8400,0.0000
2024-09-26 03:00:00,2.0000,575.8400,0.0000
2024-09-26 04:00:00,2.0000,575.8400,0.0000
2024-09-26 05:00:00,2.0000,620.8684,45.0284
2024-09-26 06:00:00,5.0000,3191.5096,1751.9096
2024-09-26 07:00:00,6.0000,4080.0705,2352.5505
2024-09-26 08:00:00,5.0000,4226.8099,2787.2099
2024-09-26 09:00:00,3.0000,3890.0265,3026.2665
2024-09-26 10:00:00,3.0000,3917.1891,3053.4291
2024-09-26 11:00:00,3.5000,4016.1310,3008.4110
2024-09-26 12:00:00,4.0000,4213.2922,3061.6122
2024-09-26 13:00:00,3.5000,3908.2306,2900.5106
2024-09-26 14:00:00,3.0000,3399.8450,2536.0850
2024-09-26 15:00:00,3.0000,2856.9304,1993.1704
2024-09-26 16:00:00,3.0000,1102.8636,239.1036
2024-09-26 17:00:00,5.0000,1439.6000,0.0000
2024-09-26 18:00:00,6.0000,1727.5200,0.0000
2024-09-26 19:00:00,7.0000,2015.4400,0.0000
2024-09-26 20:00:00,6.0000,1727.5200,0.0000
2024-09-26 21:00:00,5.0000,1439.6000,0.0000
2024-09-26 22:00:00,4.0000,1151.6800,0.0000
2024-09-26 23:00:00,3.0000,863.7600,0.0000
2024-09-27 00:00:00,2.0000,575.8400,0.0000
2024-09-27 01:00:00,2.0000,575.8400,0.0000
2024-09-27 02:00:00,2.0000,575.8400,0.0000
2024-09-27 03:00:00,2.0000,575.8400,0.0000
2024-09-27 04:00:00,2.0000,575.8400,0.0000
2024-09-27 05:00:00,2.0000,605.5519,29.7119
2024-09-27 06:00:00,5.0000,3181.9780,1742.3780
2024-09-27 07:00:00,6.0000,4069.4975,2341.9775
2024-09-27 08:00:00,5.0000,4215.0507,2775.4507
2024-09-27 09:00:00,3.0000,3877.0173,3013.2573
2024-09-27 10:00:00,3.0000,3902.9510,3039.1910
2024-09-27 11:00:00,3.5000,4003.2736,2995.5536
2024-09-27 12:00:00,4.0000,4199.1988,3047.5188
2024-09-27 13:00:00,3.5000,3892.9963,2885.2763
2024-09-27 14:00:00,3.0000,3383.6426,2519.8826
2024-09-27 15:00:00,3.0000,2839.9988,1976.2388
2024-09-27 16:00:00,3.0000,1081.5944,217.8344
2024-09-27 17:00:00,5.0000,1439.6000,0.0000
2024-09-27 18:00:00,6.0000,1727.5200,0.0000
2024-09-27 19:00:00,7.0000,2015.4400,0.0000
2024-09-27 20:00:00,6.0000,1727.5200,0.0000
2024-09-27 21:00:00,5.0000,1439.6000,0.0000
2024-09-27 22:00:00,4.0000,1151.6800,0.0000
2024-09-27 23:00:00,3.0000,863.7600,0.0000
2024-09-28 00:00:00,2.0000,575.8400,0.0000
2024-09-28 01:00:00,2.0000,575.8400,0.0000
2024-09-28 02:00:00,2.0000,575.8400,0.0000
2024-09-28 03:00:00,2.0000,575.8400,0.0000
2024-09-28 04:00:00,2.0000,575.8400,0.0000
2024-09-28 05:00:00,2.0000,590.2265,14.3865
2024-09-28 06:00:00,5.0000,3172.3257,1732.7257
2024-09-28 07:00:00,6.0000,4058.7873,2331.2673
2024-09-28 08:00:00,5.0000,4203.1495,2763.5495
2024-09-28 09:00:00,4.0000,4151.7929,3000.1129
2024-09-28 10:00:00,4.0000,4176.5161,3024.8361
2024-09-28 11:00:00,4.5000,4278.1996,2982.5596
2024-09-28 12:00:00,5.0000,4472.9059,3033.3059
2024-09-28 13:00:00,4.5000,4165.5900,2869.9500
2024-09-28 14:00:00,4.0000,3655.3043,2503.6243
2024-09-28 15:00:00,4.0000,3110.9732,1959.2932
2024-09-28 16:00:00,4.0000,1348.3221,196.6421
2024-09-28 17:00:00,6.0000,1727.5200,0.0000
2024-09-28 18:00:00,7.0000,2015.4400,0.0000
2024-09-28 19:00:00,7.5000,2159.4000,0.0000
2024-09-28 20:00:00,7.0000,2015.4400,0.0000
2024-09-28 21:00:00,6.0000,1727.5200,0.0000
2024-09-28 22:00:00,5.0000,1439.6000,0.0000
2024-09-28 23:00:00,4.0000,1151.6800,0.0000
2024-09-29 00:00:00,2.0000,575.8400,0.0000
2024-09-29 01:00:00,2.0000,575.8400,0.0000
2024-09-29 02:00:00,2.0000,575.8400,0.0000
2024-09-29 03:00:00,2.0000,575.8400,0.0000
2024-09-29 04:00:00,2.0000,575.8400,0.0000
2024-09-29 05:00:00,2.0000,575.8400,0.0000
2024-09-29 06:00:00,5.0000,3162.5534,1722.9534
2024-09-29 07:00:00,6.0000,4047.9420,2320.4220
2024-09-29 08:00:00,5.0000,4191.1097,2751.5097
2024-09-29 09:00:00,4.0000,4138.5186,2986.8386
2024-09-29 10:00:00,4.0000,4162.0513,3010.3713
2024-09-29 11:00:00,4.5000,4265.0741,2969.4341
2024-09-29 12:00:00,5.0000,4458.5801,3018.9801
2024-09-29 13:00:00,4.5000,4150.1797,2854.5397
2024-09-29 14:00:00,4.0000,3638.9991,2487.3191
2024-09-29 15:00:00,4.0000,3094.0238,1942.3438
2024-09-29 16:00:00,4.0000,1327.2169,175.5369
2024-09-29 17:00:00,6.0000,1727.5200,0.0000
2024-09-29 18:00:00,7.0000,2015.4400,0.0000
2024-09-29 19:00:00,7.5000,2159.4000,0.0000
2024-09-29 20:00:00,7.0000,2015.4400,0.0000
2024-09-29 21:00:00,6.0000,1727.5200,0.0000
2024-09-29 22:00:00,5.0000,1439.6000,0.0000
2024-09-29 23:00:00,4.0000,1151.6800,0.0000
2024-09-30 00:00:00,2.0000,575.8400,0.0000
2024-09-30 01:00:00,2.0000,575.8400,0.0000
2024-09-30 02:00:00,2.0000,575.8400,0.0000
2024-09-30 03:00:00,2.0000,575.8400,0.0000
2024-09-30 04:00:00,2.0000,575.8400,0.0000
2024-09-30 05:00:00,2.0000,575.8400,0.0000
2024-09-30 06:00:00,5.0000,3152.6618,1713.0618
2024-09-30 07:00:00,6.0000,4036.9637,2309.4437
2024-09-30 08:00:00,5.0000,4178.9351,2739.3351
2024-09-30 09:00:00,3.0000,3837.1997,2973.4397
2024-09-30 10:00:00,3.0000,3859.5636,2995.8036
2024-09-30 11:00:00,3.5000,3963.9021,2956.1821
2024-09-30 12:00:00,4.0000,4156.2282,3004.5482
2024-09-30 13:00:00,3.5000,3846.7736,2839.0536
2024-09-30 14:00:00,3.0000,3334.7364,2470.9764
2024-09-30 15:00:00,3.0000,2789.1607,1925.4007
2024-09-30 16:00:00,3.0000,1018.2889,154.5289
2024-09-30 17:00:00,5.0000,1439.6000,0.0000
2024-09-30 18:00:00,6.0000,1727.5200,0.0000
2024-09-30 19:00:00,7.0000,2015.4400,0.0000
2024-09-30 20:00:00,6.0000,1727.5200,0.0000
2024-09-30 21:00:00,5.0000,1439.6000,0.0000
2024-09-30 22:00:00,4.0000,1151.6800,0.0000
2024-09-30 23:00:00,3.0000,863.7600,0.0000
2024-10-01 00:00:00,2.0000,575.8400,0.0000
2024-10-01 01:00:00,2.0000,575.8400,0.0000
2024-10-01 02:00:00,2.0000,575.8400,0.0000
2024-10-01 03:00:00,2.0000,575.8400,0.0000
2024-10-01 04:00:00,2.0000,575.8400,0.0000
2024-10-01 05:00:00,2.0000,575.8400,0.0000
2024-10-01 06:00:00,5.0000,2691.6203,1252.0203
2024-10-01 07:00:00,6.0000,3497.4951,1769.9751
2024-10-01 08:00:00,5.0000,3596.4610,2156.8610
2024-10-01 09:00:00,3.0000,3250.0723,2386.3123
2024-10-01 10:00:00,3.0000,3306.4523,2442.6923
2024-10-01 11:00:00,3.5000,3431.0690,2423.3490
2024-10-01 12:00:00,4.0000,3575.1599,2423.4799
2024-10-01 13:00:00,3.5000,3255.7265,2248.0065
2024-10-01 14:00:00,3.0000,2772.6470,1908.8870
2024-10-01 15:00:00,3.0000,2292.9920,1429.2320
2024-10-01 16:00:00,3.0000,988.1323,124.3723
2024-10-01 17:00:00,5.0000,1439.6000,0.0000
2024-10-01 18:00:00,6.0000,1727.5200,0.0000
2024-10-01 19:00:00,7.0000,2015.4400,0.0000
2024-10-01 20:00:00,6.0000,1727.5200,0.0000
2024-10-01 21:00:00,5.0000,1439.6000,0.0000
2024-10-01 22:00:00,4.0000,1151.6800,0.0000
2024-10-01 23:00:00,3.0000,863.7600,0.0000
2024-10-02 00:00:00,2.0000,575.8400,0.0000
2024-10-02 01:00:00,2.0000,575.8400,0.0000
2024-10-02 02:00:00,2.0000,575.8400,0.0000
2024-10-02 03:00:00,2.0000,575.8400,0.0000
2024-10-02 04:00:00,2.0000,575.8400,0.0000
2024-10-02 05:00:00,2.0000,575.8400,0.0000
2024-10-02 06:00:00,5.0000,2680.6567,1241.0567
2024-10-02 07:00:00,6.0000,3485.6385,1758.1185
2024-10-02 08:00:00,5.0000,3583.6265,2144.0265
2024-10-02 09:00:00,3.0000,3236.2416,2372.4816
2024-10-02 10:00:00,3.0000,3291.6751,2427.9151
2024-10-02 11:00:00,3.5000,3416.9297,2409.2097
2024-10-02 12:00:00,4.0000,3560.1036,2408.4236
2024-10-02 13:00:00,3.5000,3239.8865,2232.1665
2024-10-02 14:00:00,3.0000,2756.2099,1892.4499
2024-10-02 15:00:00,3.0000,2276.1851,1412.4251
2024-10-02 16:00:00,3.0000,968.7879,105.0279
2024-10-02 17:00:00,5.0000,1439.6000,0.0000
2024-10-02 18:00:00,6.0000,1727.5200,0.0000
2024-10-02 19:00:00,7.0000,2015.4400,0.0000
2024-10-02 20:00:00,6.0000,1727.5200,0.0000
2024-10-02 21:00:00,5.0000,1439.6000,0.0000
2024-10-02 22:00:00,4.0000,1151.6800,0.0000
2024-10-02 23:00:00,3.0000,863.7600,0.0000
2024-10-03 00:00:00,2.0000,575.8400,0.0000
2024-10-03 01:00:00,2.0000,575.8400,0.0000
2024-10-03 02:00:00,2.0000,575.8400,0.0000
2024-10-03 03:00:00,2.0000,575.8400,0.0000
2024-10-03 04:00:00,2.0000,575.8400,0.0000
2024-10-03 05:00:00,2.0000,575.8400,0.0000
2024-10-03 06:00:00,5.0000,2669.6125,1230.0125
2024-10-03 07:00:00,6.0000,3473.6914,1746.1714
2024-10-03 08:00:00,5.0000,3570.7016,2131.1016
2024-10-03 09:00:00,3.0000,3222.3309,2358.5709
2024-10-03 10:00:00,3.0000,3276.8376,2413.0776
2024-10-03 11:00:00,3.5000,3402.7156,2394.9956
2024-10-03 12:00:00,4.0000,3544.9949,2393.3149
2024-10-03 13:00:00,3.5000,3224.0238,2216.3038
2024-10-03 14:00:00,3.0000,2739.7854,1876.0254
2024-10-03 15:00:00,3.0000,2259.4290,1395.6690
2024-10-03 16:00:00,3.0000,949.5615,85.8015
2024-10-03 17:00:00,5.0000,1439.6000,0.0000
2024-10-03 18:00:00,6.0000,1727.5200,0.0000
2024-10-03 19:00:00,7.0000,2015.4400,0.0000
2024-10-03 20:00:00,6.0000,1727.5200,0.0000
2024-10-03 21:00:00,5.0000,1439.6000,0.0000
2024-10-03 22:00:00,4.0000,1151.6800,0.0000
2024-10-03 23:00:00,3.0000,863.7600,0.0000
2024-10-04 00:00:00,2.0000,575.8400,0.0000
2024-10-04 01:00:00,2.0000,575.8400,0.0000
2024-10-04 02:00:00,2.0000,575.8400,0.0000
2024-10-04 03:00:00,2.0000,575.8400,0.0000
2024-10-04 04:00:00,2.0000,575.8400,0.0000
2024-10-04 05:00:00,2.0000,575.8400,0.0000
2024-10-04 06:00:00,5.0000,2658.4897,1218.8897
2024-10-04 07:00:00,6.0000,3461.6570,1734.1370
2024-10-04 08:00:00,5.0000,3557.6910,2118.0910
2024-10-04 09:00:00,3.0000,3208.3460,2344.5860
2024-10-04 10:00:00,3.0000,3261.9466,2398.1866
2024-10-04 11:00:00,3.5000,3388.4330,2380.7130
2024-10-04 12:00:00,4.0000,3529.8411,2378.1611
2024-10-04 13:00:00,3.5000,3208.1467,2200.4267
2024-10-04 14:00:00,3.0000,2723.3823,1859.6223
2024-10-04 15:00:00,3.0000,2242.7329,1378.9729
2024-10-04 16:00:00,3.0000,930.4620,66.7020
2024-10-04 17:00:00,5.0000,1439.6000,0.0000
2024-10-04 18:00:00,6.0000,1727.5200,0.0000
2024-10-04 19:00:00,7.0000,2015.4400,0.0000
2024-10-04 20:00:00,6.0000,1727.5200,0.0000
2024-10-04 21:00:00,5.0000,1439.6000,0.0000
2024-10-04 22:00:00,4.0000,1151.6800,0.0000
2024-10-04 23:00:00,3.0000,863.7600,0.0000
2024-10-05 00:00:00,2.0000,575.8400,0.0000
2024-10-05 01:00:00,2.0000,575.8400,0.0000
2024-10-05 02:00:00,2.0000,575.8400,0.0000
2024-10-05 03:00:00,2.0000,575.8400,0.0000
2024-10-05 04:00:00,2.0000,575.8400,0.0000
2024-10-05 05:00:00,2.0000,575.8400,0.0000
2024-10-05 06:00:00,5.0000,2647.2903,1207.6903
2024-10-05 07:00:00,6.0000,3449.5386,1722.0186
2024-10-05 08:00:00,5.0000,3544.5992,2104.9992
2024-10-05 09:00:00,4.0000,3482.2127,2330.5327
2024-10-05 10:00:00,4.0000,3534.9292,2383.2492
2024-10-05 11:00:00,4.5000,3662.0080,2366.3680
2024-10-05 12:00:00,5.0000,3802.5694,2362.9694
2024-10-05 13:00:00,4.5000,3480.1835,2184.5435
2024-10-05 14:00:00,4.0000,2994.9295,1843.2495
2024-10-05 15:00:00,4.0000,2514.0262,1362.3462
2024-10-05 16:00:00,4.0000,1199.4183,47.7383
2024-10-05 17:00:00,6.0000,1727.5200,0.0000
2024-10-05 18:00:00,7.0000,2015.4400,0.0000
2024-10-05 19:00:00,7.5000,2159.4000,0.0000
2024-10-05 20:00:00,7.0000,2015.4400,0.0000
2024-10-05 21:00:00,6.0000,1727.5200,0.0000
2024-10-05 22:00:00,5.0000,1439.6000,0.0000
2024-10-05 23:00:00,4.0000,1151.6800,0.0000
2024-10-06 00:00:00,2.0000,575.8400,0.0000
2024-10-06 01:00:00,2.0000,575.8400,0.0000
2024-10-06 02:00:00,2.0000,575.8400,0.0000
2024-10-06 03:00:00,2.0000,575.8400,0.0000
2024-10-06 04:00:00,2.0000,575.8400,0.0000
2024-10-06 05:00:00,2.0000,575.8400,0.0000
2024-10-06 06:00:00,5.0000,2636.0166,1196.4166
2024-10-06 07:00:00,6.0000,3437.3398,1709.8198
2024-10-06 08:00:00,5.0000,3531.4310,2091.8310
2024-10-06 09:00:00,4.0000,3468.0970,2316.4170
2024-10-06 10:00:00,4.0000,3519.9525,2368.2725
2024-10-06 11:00:00,4.5000,3647.6070,2351.9670
2024-10-06 12:00:00,5.0000,3787.3475,2347.7475
2024-10-06 13:00:00,4.5000,3464.3024,2168.6624
2024-10-06 14:00:00,4.0000,2978.5961,1826.9161
2024-10-06 15:00:00,4.0000,2497.4780,1345.7980
2024-10-06 16:00:00,4.0000,1180.5991,28.9191
2024-10-06 17:00:00,6.0000,1727.5200,0.0000
2024-10-06 18:00:00,7.0000,2015.4400,0.0000
2024-10-06 19:00:00,7.5000,2159.4000,0.0000
2024-10-06 20:00:00,7.0000,2015.4400,0.0000
2024-10-06 21:00:00,6.0000,1727.5200,0.0000
2024-10-06 22:00:00,5.0000,1439.6000,0.0000
2024-10-06 23:00:00,4.0000,1151.6800,0.0000
2024-10-07 00:00:00,2.0000,575.8400,0.0000
2024-10-07 01:00:00,2.0000,575.8400,0.0000
2024-10-07 02:00:00,2.0000,575.8400,0.0000
2024-10-07 03:00:00,2.0000,575.8400,0.0000
2024-10-07 04:00:00,2.0000,575.8400,0.0000
2024-10-07 05:00:00,2.0000,575.8400,0.0000
2024-10-07 06:00:00,5.0000,2624.6710,1185.0710
2024-10-07 07:00:00,6.0000,3425.0640,1697.5440
2024-10-07 08:00:00,5.0000,3518.1913,2078.5913
2024-10-07 09:00:00,3.0000,3166.0051,2302.2451
2024-10-07 10:00:00,3.0000,3217.0237,2353.2637
2024-10-07 11:00:00,3.5000,3345.2366,2337.5166
2024-10-07 12:00:00,4.0000,3484.1828,2332.5028
2024-10-07 13:00:00,3.5000,3160.5120,2152.7920
2024-10-07 14:00:00,3.0000,2674.3909,1810.6309
2024-10-07 15:00:00,3.0000,2193.0975,1329.3375
2024-10-07 16:00:00,3.0000,874.0131,10.2531
2024-10-07 17:00:00,5.0000,1439.6000,0.0000
2024-10-07 18:00:00,6.0000,1727.5200,0.0000
2024-10-07 19:00:00,7.0000,2015.4400,0.0000
2024-10-07 20:00:00,6.0000,1727.5200,0.0000
2024-10-07 21:00:00,5.0000,1439.6000,0.0000
2024-10-07 22:00:00,4.0000,1151.6800,0.0000
2024-10-07 23:00:00,3.0000,863.7600,0.0000
2024-10-08 00:00:00,2.0000,575.8400,0.0000
2024-10-08 01:00:00,2.0000,575.8400,0.0000
2024-10-08 02:00:00,2.0000,575.8400,0.0000
2024-10-08 03:00:00,2.0000,575.8400,0.0000
2024-10-08 04:00:00,2.0000,575.8400,0.0000
2024-10-08 05:00:00,2.0000,575.8400,0.0000
2024-10-08 06:00:00,5.0000,2613.2560,1173.6560
2024-10-08 07:00:00,6.0000,3412.7152,1685.1952
2024-10-08 08:00:00,5.0000,3504.8851,2065.2851
2024-10-08 09:00:00,3.0000,3151.7832,2288.0232
2024-10-08 10:00:00,3.0000,3201.9903,2338.2303
2024-10-08 11:00:00,3.5000,3330.7433,2323.0233
2024-10-08 12:00:00,4.0000,3468.9230,2317.2430
2024-10-08 13:00:00,3.5000,3144.6604,2136.9404
2024-10-08 14:00:00,3.0000,2658.1629,1794.4029
2024-10-08 15:00:00,3.0000,2176.7337,1312.9737
2024-10-08 16:00:00,3.0000,863.7600,0.0000
2024-10-08 17:00:00,5.0000,1439.6000,0.0000
2024-10-08 18:00:00,6.0000,1727.5200,0.0000
2024-10-08 19:00:00,7.0000,2015.4400,0.0000
2024-10-08 20:00:00,6.0000,1727.5200,0.0000
2024-10-08 21:00:00,5.0000,1439.6000,0.0000
2024-10-08 22:00:00,4.0000,1151.6800,0.0000
2024-10-08 23:00:00,3.0000,863.7600,0.0000
2024-10-09 00:00:00,2.0000,575.8400,0.0000
2024-10-09 01:00:00,2.0000,575.8400,0.0000
2024-10-09 02:00:00,2.0000,575.8400,0.0000
2024-10-09 03:00:00,2.0000,575.8400,0.0000
2024-10-09 04:00:00,2.0000,575.8400,0.0000
2024-10-09 05:00:00,2.0000,575.8400,0.0000
2024-10-09 06:00:00,5.0000,2601.7742,1162.1742
2024-10-09 07:00:00,6.0000,3400.2971,1672.7771
2024-10-09 08:00:00,5.0000,3491.5175,2051.9175
2024-10-09 09:00:00,3.0000,3137.5177,2273.7577
2024-10-09 10:00:00,3.0000,3186.9395,2323.1795
2024-10-09 11:00:00,3.5000,3316.2139,2308.4939
2024-10-09 12:00:00,4.0000,3453.6557,2301.9757
2024-10-09 13:00:00,3.5000,3128.8363,2121.1163
2024-10-09 14:00:00,3.0000,2642.0008,1778.2408
2024-10-09 15:00:00,3.0000,2160.4756,1296.7156
2024-10-09 16:00:00,3.0000,863.7600,0.0000
2024-10-09 17:00:00,5.0000,1439.6000,0.0000
2024-10-09 18:00:00,6.0000,1727.5200,0.0000
2024-10-09 19:00:00,7.0000,2015.4400,0.0000
2024-10-09 20:00:00,6.0000,1727.5200,0.0000
2024-10-09 21:00:00,5.0000,1439.6000,0.0000
2024-10-09 22:00:00,4.0000,1151.6800,0.0000
2024-10-09 23:00:00,3.0000,863.7600,0.0000
2024-10-10 00:00:00,2.0000,575.8400,0.0000
2024-10-10 01:00:00,2.0000,575.8400,0.0000
2024-10-10 02:00:00,2.0000,575.8400,0.0000
2024-10-10 03:00:00,2.0000,575.8400,0.0000
2024-10-10 04:00:00,2.0000,575.8400,0.0000
2024-10-10 05:00:00,2.0000,575.8400,0.0000
2024-10-10 06:00:00,5.0000,2590.2285,1150.6285
2024-10-10 07:00:00,6.0000,3387.8138,1660.2938
2024-10-10 08:00:00,5.0000,3478.0939,2038.4939
2024-10-10 09:00:00,3.0000,3123.2149,2259.4549
2024-10-10 10:00:00,3.0000,3171.8789,2308.1189
2024-10-10 11:00:00,3.5000,3301.6551,2293.9351
2024-10-10 12:00:00,4.0000,3438.3887,2286.7087
2024-10-10 13:00:00,3.5000,3113.0479,2105.3279
2024-10-10 14:00:00,3.0000,2625.9134,1762.1534
2024-10-10 15:00:00,3.0000,2144.3321,1280.5721
2024-10-10 16:00:00,3.0000,863.7600,0.0000
2024-10-10 17:00:00,5.0000,1439.6000,0.0000
2024-10-10 18:00:00,6.0000,1727.5200,0.0000
2024-10-10 19:00:00,7.0000,2015.4400,0.0000
2024-10-10 20:00:00,6.0000,1727.5200,0.0000
2024-10-10 21:00:00,5.0000,1439.6000,0.0000
2024-10-10 22:00:00,4.0000,1151.6800,0.0000
2024-10-10 23:00:00,3.0000,863.7600,0.0000
2024-10-11 00:00:00,2.0000,575.8400,0.0000
2024-10-11 01:00:00,2.0000,575.8400,0.0000
2024-10-11 02:00:00,2.0000,575.8400,0.0000
2024-10-11 03:00:00,2.0000,575.8400,0.0000
2024-10-11 04:00:00,2.0000,575.8400,0.0000
2024-10-11 05:00:00,2.0000,575.8400,0.0000
2024-10-11 06:00:00,5.0000,2578.6218,1139.0218
2024-10-11 07:00:00,6.0000,3375.2696,1647.7496
2024-10-11 08:00:00,5.0000,3464.6196,2025.0196
2024-10-11 09:00:00,3.0000,3108.8816,2245.1216
2024-10-11 10:00:00,3.0000,3156.8158,2293.0558
2024-10-11 11:00:00,3.5000,3287.0738,2279.3538
2024-10-11 12:00:00,4.0000,3423.1297,2271.4497
2024-10-11 13:00:00,3.5000,3097.3037,2089.5837
2024-10-11 14:00:00,3.0000,2609.9096,1746.1496
2024-10-11 15:00:00,3.0000,2128.3120,1264.5520
2024-10-11 16:00:00,3.0000,863.7600,0.0000
2024-10-11 17:00:00,5.0000,1439.6000,0.0000
2024-10-11 18:00:00,6.0000,1727.5200,0.0000
2024-10-11 19:00:00,7.0000,2015.4400,0.0000
2024-10-11 20:00:00,6.0000,1727.5200,0.0000
2024-10-11 21:00:00,5.0000,1439.6000,0.0000
2024-10-11 22:00:00,4.0000,1151.6800,0.0000
2024-10-11 23:00:00,3.0000,863.7600,0.0000
2024-10-12 00:00:00,2.0000,575.8400,0.0000
2024-10-12 01:00:00,2.0000,575.8400,0.0000
2024-10-12 02:00:00,2.0000,575.8400,0.0000
2024-10-12 03:00:00,2.0000,575.8400,0.0000
2024-10-12 04:00:00,2.0000,575.8400,0.0000
2024-10-12 05:00:00,2.0000,575.8400,0.0000
2024-10-12 06:00:00,5.0000,2566.9573,1127.3573
2024-10-12 07:00:00,6.0000,3362.6687,1635.1487
2024-10-12 08:00:00,5.0000,3451.1003,2011.5003
2024-10-12 09:00:00,4.0000,3382.4442,2230.7642
2024-10-12 10:00:00,4.0000,3429.6780,2277.9980
2024-10-12 11:00:00,4.5000,3560.3970,2264.7570
2024-10-12 12:00:00,5.0000,3695.8065,2256.2065
2024-10-12 13:00:00,4.5000,3369.5320,2073.8920
2024-10-12 14:00:00,4.0000,2881.9180,1730.2380
2024-10-12 15:00:00,4.0000,2400.3439,1248.6639
2024-10-12 16:00:00,4.0000,1151.6800,0.0000
2024-10-12 17:00:00,6.0000,1727.5200,0.0000
2024-10-12 18:00:00,7.0000,2015.4400,0.0000
2024-10-12 19:00:00,7.5000,2159.4000,0.0000
2024-10-12 20:00:00,7.0000,2015.4400,0.0000
2024-10-12 21:00:00,6.0000,1727.5200,0.0000
2024-10-12 22:00:00,5.0000,1439.6000,0.0000
2024-10-12 23:00:00,4.0000,1151.6800,0.0000
2024-10-13 00:00:00,2.0000,575.8400,0.0000
2024-10-13 01:00:00,2.0000,575.8400,0.0000
2024-10-13 02:00:00,2.0000,575.8400,0.0000
2024-10-13 03:00:00,2.0000,575.8400,0.0000
2024-10-13 04:00:00,2.0000,575.8400,0.0000
2024-10-13 05:00:00,2.0000,575.8400,0.0000
2024-10-13 06:00:00,5.0000,1707.6937,268.0937
2024-10-13 07:00:00,6.0000,3350.0157,1622.4957
2024-10-13 08:00:00,5.0000,3437.5415,1997.9415
2024-10-13 09:00:00,4.0000,3368.0696,2216.3896
2024-10-13 10:00:00,4.0000,3414.6329,2262.9529
2024-10-13 11:00:00,4.5000,3545.7916,2250.1516
2024-10-13 12:00:00,5.0000,3680.5869,2240.9869
2024-10-13 13:00:00,4.5000,3353.9013,2058.2613
2024-10-13 14:00:00,4.0000,2866.1073,1714.4273
2024-10-13 15:00:00,4.0000,2384.5964,1232.9164
2024-10-13 16:00:00,4.0000,1151.6800,0.0000
2024-10-13 17:00:00,6.0000,1727.5200,0.0000
2024-10-13 18:00:00,7.0000,2015.4400,0.0000
2024-10-13 19:00:00,7.5000,2159.4000,0.0000
2024-10-13 20:00:00,7.0000,2015.4400,0.0000
2024-10-13 21:00:00,6.0000,1727.5200,0.0000
2024-10-13 22:00:00,5.0000,1439.6000,0.0000
2024-10-13 23:00:00,4.0000,1151.6800,0.0000
2024-10-14 00:00:00,2.0000,575.8400,0.0000
2024-10-14 01:00:00,2.0000,575.8400,0.0000
2024-10-14 02:00:00,2.0000,575.8400,0.0000
2024-10-14 03:00:00,2.0000,575.8400,0.0000
2024-10-14 04:00:00,2.0000,575.8400,0.0000
2024-10-14 05:00:00,2.0000,575.8400,0.0000
2024-10-14 06:00:00,5.0000,1693.0509,253.4509
2024-10-14 07:00:00,6.0000,3337.3151,1609.7951
2024-10-14 08:00:00,5.0000,3423.9491,1984.3491
2024-10-14 09:00:00,3.0000,3065.7644,2202.0044
2024-10-14 10:00:00,3.0000,3111.6883,2247.9283
2024-10-14 11:00:00,3.5000,3243.2648,2235.5448
2024-10-14 12:00:00,4.0000,3377.4789,2225.7989
2024-10-14 13:00:00,3.5000,3050.4200,2042.7000
2024-10-14 14:00:00,3.0000,2562.4858,1698.7258
2024-10-14 15:00:00,3.0000,2081.0778,1217.3178
2024-10-14 16:00:00,3.0000,863.7600,0.0000
2024-10-14 17:00:00,5.0000,1439.6000,0.0000
2024-10-14 18:00:00,6.0000,1727.5200,0.0000
2024-10-14 19:00:00,7.0000,2015.4400,0.0000
2024-10-14 20:00:00,6.0000,1727.5200,0.0000
2024-10-14 21:00:00,5.0000,1439.6000,0.0000
2024-10-14 22:00:00,4.0000,1151.6800,0.0000
2024-10-14 23:00:00,3.0000,863.7600,0.0000
2024-10-15 00:00:00,2.0000,575.8400,0.0000
2024-10-15 01:00:00,2.0000,575.8400,0.0000
2024-10-15 02:00:00,2.0000,575.8400,0.0000
2024-10-15 03:00:00,2.0000,575.8400,0.0000
2024-10-15 04:00:00,2.0000,575.8400,0.0000
2024-10-15 05:00:00,2.0000,575.8400,0.0000
2024-10-15 06:00:00,5.0000,1678.4362,238.8362
2024-10-15 07:00:00,6.0000,3324.5716,1597.0516
2024-10-15 08:00:00,5.0000,3410.3288,1970.7288
2024-10-15 09:00:00,3.0000,3051.3757,2187.6157
2024-10-15 10:00:00,3.0000,3096.6918,2232.9318
2024-10-15 11:00:00,3.5000,3228.6638,2220.9438
2024-10-15 12:00:00,4.0000,3362.3303,2210.6503
2024-10-15 13:00:00,3.5000,3034.9362,2027.2162
2024-10-15 14:00:00,3.0000,2546.9022,1683.1422
2024-10-15 15:00:00,3.0000,2065.6365,1201.8765
2024-10-15 16:00:00,3.0000,863.7600,0.0000
2024-10-15 17:00:00,5.0000,1439.6000,0.0000
2024-10-15 18:00:00,6.0000,1727.5200,0.0000
2024-10-15 19:00:00,7.0000,2015.4400,0.0000
2024-10-15 20:00:00,6.0000,1727.5200,0.0000
2024-10-15 21:00:00,5.0000,1439.6000,0.0000
2024-10-15 22:00:00,4.0000,1151.6800,0.0000
2024-10-15 23:00:00,3.0000,863.7600,0.0000
2024-10-16 00:00:00,2.0000,575.8400,0.0000
2024-10-16 01:00:00,2.0000,575.8400,0.0000
2024-10-16 02:00:00,2.0000,575.8400,0.0000
2024-10-16 03:00:00,2.0000,575.8400,0.0000
2024-10-16 04:00:00,2.0000,575.8400,0.0000
2024-10-16 05:00:00,2.0000,575.8400,0.0000
2024-10-16 06:00:00,5.0000,1663.8535,224.2535
2024-10-16 07:00:00,6.0000,3311.7900,1584.2700
2024-10-16 08:00:00,5.0000,3396.6866,1957.0866
2024-10-16 09:00:00,3.0000,3036.9902,2173.2302
2024-10-16 10:00:00,3.0000,3081.7310,2217.9710
2024-10-16 11:00:00,3.5000,3214.0756,2206.3556
2024-10-16 12:00:00,4.0000,3347.2288,2195.5488
2024-10-16 13:00:00,3.5000,3019.5382,2011.8182
2024-10-16 14:00:00,3.0000,2531.4447,1667.6847
2024-10-16 15:00:00,3.0000,2050.3604,1186.6004
2024-10-16 16:00:00,3.0000,863.7600,0.0000
2024-10-16 17:00:00,5.0000,1439.6000,0.0000
2024-10-16 18:00:00,6.0000,1727.5200,0.0000
2024-10-16 19:00:00,7.0000,2015.4400,0.0000
2024-10-16 20:00:00,6.0000,1727.5200,0.0000
2024-10-16 21:00:00,5.0000,1439.6000,0.0000
2024-10-16 22:00:00,4.0000,1151.6800,0.0000
2024-10-16 23:00:00,3.0000,863.7600,0.0000
2024-10-17 00:00:00,2.0000,575.8400,0.0000
2024-10-17 01:00:00,2.0000,575.8400,0.0000
2024-10-17 02:00:00,2.0000,575.8400,0.0000
2024-10-17 03:00:00,2.0000,575.8400,0.0000
2024-10-17 04:00:00,2.0000,575.8400,0.0000
2024-10-17 05:00:00,2.0000,575.8400,0.0000
2024-10-17 06:00:00,5.0000,1649.3069,209.7069
2024-10-17 07:00:00,6.0000,3298.9753,1571.4553
2024-10-17 08:00:00,5.0000,3383.0286,1943.4286
2024-10-17 09:00:00,3.0000,3022.6150,2158.8550
2024-10-17 10:00:00,3.0000,3066.8136,2203.0536
2024-10-17 11:00:00,3.5000,3199.5075,2191.7875
2024-10-17 12:00:00,4.0000,3332.1825,2180.5025
2024-10-17 13:00:00,3.5000,3004.2343,1996.5143
2024-10-17 14:00:00,3.0000,2516.1216,1652.3616
2024-10-17 15:00:00,3.0000,2035.2577,1171.4977
2024-10-17 16:00:00,3.0000,863.7600,0.0000
2024-10-17 17:00:00,5.0000,1439.6000,0.0000
2024-10-17 18:00:00,6.0000,1727.5200,0.0000
2024-10-17 19:00:00,7.0000,2015.4400,0.0000
2024-10-17 20:00:00,6.0000,1727.5200,0.0000
2024-10-17 21:00:00,5.0000,1439.6000,0.0000
2024-10-17 22:00:00,4.0000,1151.6800,0.0000
2024-10-17 23:00:00,3.0000,863.7600,0.0000
2024-10-18 00:00:00,2.0000,575.8400,0.0000
2024-10-18 01:00:00,2.0000,575.8400,0.0000
2024-10-18 02:00:00,2.0000,575.8400,0.0000
2024-10-18 03:00:00,2.0000,575.8400,0.0000
2024-10-18 04:00:00,2.0000,575.8400,0.0000
2024-10-18 05:00:00,2.0000,575.8400,0.0000
2024-10-18 06:00:00,5.0000,1634.8003,195.2003
2024-10-18 07:00:00,6.0000,3286.1325,1558.6125
2024-10-18 08:00:00,5.0000,3369.3608,1929.7608
2024-10-18 09:00:00,3.0000,3008.2571,2144.4971
2024-10-18 10:00:00,3.0000,3051.9474,2188.1874
2024-10-18 11:00:00,3.5000,3184.9668,2177.2468
2024-10-18 12:00:00,4.0000,3317.1990,2165.5190
2024-10-18 13:00:00,3.5000,2989.0326,1981.3126
2024-10-18 14:00:00,3.0000,2500.9409,1637.1809
2024-10-18 15:00:00,3.0000,2020.3360,1156.5760
2024-10-18 16:00:00,3.0000,863.7600,0.0000
2024-10-18 17:00:00,5.0000,1439.6000,0.0000
2024-10-18 18:00:00,6.0000,1727.5200,0.0000
2024-10-18 19:00:00,7.0000,2015.4400,0.0000
2024-10-18 20:00:00,6.0000,1727.5200,0.0000
2024-10-18 21:00:00,5.0000,1439.6000,0.0000
2024-10-18 22:00:00,4.0000,1151.6800,0.0000
2024-10-18 23:00:00,3.0000,863.7600,0.0000
2024-10-19 00:00:00,2.0000,575.8400,0.0000
2024-10-19 01:00:00,2.0000,575.8400,0.0000
2024-10-19 02:00:00,2.0000,575.8400,0.0000
2024-10-19 03:00:00,2.0000,575.8400,0.0000
2024-10-19 04:00:00,2.0000,575.8400,0.0000
2024-10-19 05:00:00,2.0000,575.8400,0.0000
2024-10-19 06:00:00,5.0000,1620.3379,180.7379
2024-10-19 07:00:00,6.0000,3273.2668,1545.7468
2024-10-19 08:00:00,5.0000,3355.6895,1916.0895
2024-10-19 09:00:00,4.0000,3281.8435,2130.1635
2024-10-19 10:00:00,4.0000,3325.0599,2173.3799
2024-10-19 11:00:00,4.5000,3458.3808,2162.7408
2024-10-19 12:00:00,5.0000,3590.2062,2150.6062
2024-10-19 13:00:00,4.5000,3261.8610,1966.2210
2024-10-19 14:00:00,4.0000,2773.8307,1622.1507
2024-10-19 15:00:00,4.0000,1411.2457,259.5657
2024-10-19 16:00:00,4.0000,1151.6800,0.0000
2024-10-19 17:00:00,6.0000,1727.5200,0.0000
2024-10-19 18:00:00,7.0000,2015.4400,0.0000
2024-10-19 19:00:00,7.5000,2159.4000,0.0000
2024-10-19 20:00:00,7.0000,2015.4400,0.0000
2024-10-19 21:00:00,6.0000,1727.5200,0.0000
2024-10-19 22:00:00,5.0000,1439.6000,0.0000
2024-10-19 23:00:00,4.0000,1151.6800,0.0000
2024-10-20 00:00:00,2.0000,575.8400,0.0000
2024-10-20 01:00:00,2.0000,575.8400,0.0000
2024-10-20 02:00:00,2.0000,575.8400,0.0000
2024-10-20 03:00:00,2.0000,575.8400,0.0000
2024-10-20 04:00:00,2.0000,575.8400,0.0000
2024-10-20 05:00:00,2.0000,575.8400,0.0000
2024-10-20 06:00:00,5.0000,1605.9240,166.3240
2024-10-20 07:00:00,6.0000,3260.3834,1532.8634
2024-10-20 08:00:00,5.0000,3342.0209,1902.4209
2024-10-20 09:00:00,4.0000,3267.5412,2115.8612
2024-10-20 10:00:00,4.0000,3310.3188,2158.6388
2024-10-20 11:00:00,4.5000,3443.9166,2148.2766
2024-10-20 12:00:00,5.0000,3575.3720,2135.7720
2024-10-20 13:00:00,4.5000,3246.8877,1951.2477
2024-10-20 14:00:00,4.0000,2758.9588,1607.2788
2024-10-20 15:00:00,4.0000,1394.7801,243.1001
2024-10-20 16:00:00,4.0000,1151.6800,0.0000
2024-10-20 17:00:00,6.0000,1727.5200,0.0000
2024-10-20 18:00:00,7.0000,2015.4400,0.0000
2024-10-20 19:00:00,7.5000,2159.4000,0.0000
2024-10-20 20:00:00,7.0000,2015.4400,0.0000
2024-10-20 21:00:00,6.0000,1727.5200,0.0000
2024-10-20 22:00:00,5.0000,1439.6000,0.0000
2024-10-20 23:00:00,4.0000,1151.6800,0.0000
2024-10-21 00:00:00,2.0000,575.8400,0.0000
2024-10-21 01:00:00,2.0000,575.8400,0.0000
2024-10-21 02:00:00,2.0000,575.8400,0.0000
2024-10-21 03:00:00,2.0000,575.8400,0.0000
2024-10-21 04:00:00,2.0000,575.8400,0.0000
2024-10-21 05:00:00,2.0000,575.8400,0.0000
2024-10-21 06:00:00,5.0000,1591.5626,151.9626
2024-10-21 07:00:00,6.0000,3247.4877,1519.9677
2024-10-21 08:00:00,5.0000,3328.3613,1888.7613
2024-10-21 09:00:00,3.0000,2965.3575,2101.5975
2024-10-21 10:00:00,3.0000,3007.7319,2143.9719
2024-10-21 11:00:00,3.5000,3141.5817,2133.8617
2024-10-21 12:00:00,4.0000,3272.7039,2121.0239
2024-10-21 13:00:00,3.5000,2944.1204,1936.4004
2024-10-21 14:00:00,3.0000,2456.3329,1592.5729
2024-10-21 15:00:00,3.0000,1090.6312,226.8712
2024-10-21 16:00:00,3.0000,863.7600,0.0000
2024-10-21 17:00:00,5.0000,1439.6000,0.0000
2024-10-21 18:00:00,6.0000,1727.5200,0.0000
2024-10-21 19:00:00,7.0000,2015.4400,0.0000
2024-10-21 20:00:00,6.0000,1727.5200,0.0000
2024-10-21 21:00:00,5.0000,1439.6000,0.0000
2024-10-21 22:00:00,4.0000,1151.6800,0.0000
2024-10-21 23:00:00,3.0000,863.7600,0.0000
2024-10-22 00:00:00,2.0000,575.8400,0.0000
2024-10-22 01:00:00,2.0000,575.8400,0.0000
2024-10-22 02:00:00,2.0000,575.8400,0.0000
2024-10-22 03:00:00,2.0000,575.8400,0.0000
2024-10-22 04:00:00,2.0000,575.8400,0.0000
2024-10-22 05:00:00,2.0000,575.8400,0.0000
2024-10-22 06:00:00,5.0000,1577.2582,137.6582
2024-10-22 07:00:00,6.0000,3234.5851,1507.0651
2024-10-22 08:00:00,5.0000,3314.7172,1875.1172
2024-10-22 09:00:00,3.0000,2951.1394,2087.3794
2024-10-22 10:00:00,3.0000,2993.1465,2129.3865
2024-10-22 11:00:00,3.5000,3127.2233,2119.5033
2024-10-22 12:00:00,4.0000,3258.0498,2106.3698
2024-10-22 13:00:00,3.5000,2929.4070,1921.6870
2024-10-22 14:00:00,3.0000,2441.8007,1578.0407
2024-10-22 15:00:00,3.0000,1074.6454,210.8854
2024-10-22 16:00:00,3.0000,863.7600,0.0000
2024-10-22 17:00:00,5.0000,1439.6000,0.0000
2024-10-22 18:00:00,6.0000,1727.5200,0.0000
2024-10-22 19:00:00,7.0000,2015.4400,0.0000
2024-10-22 20:00:00,6.0000,1727.5200,0.0000
2024-10-22 21:00:00,5.0000,1439.6000,0.0000
2024-10-22 22:00:00,4.0000,1151.6800,0.0000
2024-10-22 23:00:00,3.0000,863.7600,0.0000
2024-10-23 00:00:00,2.0000,575.8400,0.0000
2024-10-23 01:00:00,2.0000,575.8400,0.0000
2024-10-23 02:00:00,2.0000,575.8400,0.0000
2024-10-23 03:00:00,2.0000,575.8400,0.0000
2024-10-23 04:00:00,2.0000,575.8400,0.0000
2024-10-23 05:00:00,2.0000,575.8400,0.0000
2024-10-23 06:00:00,5.0000,1563.0149,123.4149
2024-10-23 07:00:00,6.0000,3221.6811,1494.1611
2024-10-23 08:00:00,5.0000,3301.0948,1861.4948
2024-10-23 09:00:00,3.0000,2936.9740,2073.2140
2024-10-23 10:00:00,3.0000,2978.6504,2114.8904
2024-10-23 11:00:00,3.5000,3112.9287,2105.2087
2024-10-23 12:00:00,4.0000,3243.4972,2091.8172
2024-10-23 13:00:00,3.5000,2914.8351,1907.1151
2024-10-23 14:00:00,3.0000,2427.4495,1563.6895
2024-10-23 15:00:00,3.0000,1058.9091,195.1491
2024-10-23 16:00:00,3.0000,863.7600,0.0000
2024-10-23 17:00:00,5.0000,1439.6000,0.0000
2024-10-23 18:00:00,6.0000,1727.5200,0.0000
2024-10-23 19:00:00,7.0000,2015.4400,0.0000
2024-10-23 20:00:00,6.0000,1727.5200,0.0000
2024-10-23 21:00:00,5.0000,1439.6000,0.0000
2024-10-23 22:00:00,4.0000,1151.6800,0.0000
2024-10-23 23:00:00,3.0000,863.7600,0.0000
2024-10-24 00:00:00,2.0000,575.8400,0.0000
2024-10-24 01:00:00,2.0000,575.8400,0.0000
2024-10-24 02:00:00,2.0000,575.8400,0.0000
2024-10-24 03:00:00,2.0000,575.8400,0.0000
2024-10-24 04:00:00,2.0000,575.8400,0.0000
2024-10-24 05:00:00,2.0000,575.8400,0.0000
2024-10-24 06:00:00,5.0000,1548.8371,109.2371
2024-10-24 07:00:00,6.0000,3208.7812,1481.2612
2024-10-24 08:00:00,5.0000,3287.5007,1847.9007
2024-10-24 09:00:00,3.0000,2922.8685,2059.1085
2024-10-24 10:00:00,3.0000,2964.2510,2100.4910
2024-10-24 11:00:00,3.5000,3098.7051,2090.9851
2024-10-24 12:00:00,4.0000,3229.0537,2077.3737
2024-10-24 13:00:00,3.5000,2900.4123,1892.6923
2024-10-24 14:00:00,3.0000,2413.2866,1549.5266
2024-10-24 15:00:00,3.0000,1043.4282,179.6682
2024-10-24 16:00:00,3.0000,863.7600,0.0000
2024-10-24 17:00:00,5.0000,1439.6000,0.0000
2024-10-24 18:00:00,6.0000,1727.5200,0.0000
2024-10-24 19:00:00,7.0000,2015.4400,0.0000
2024-10-24 20:00:00,6.0000,1727.5200,0.0000
2024-10-24 21:00:00,5.0000,1439.6000,0.0000
2024-10-24 22:00:00,4.0000,1151.6800,0.0000
2024-10-24 23:00:00,3.0000,863.7600,0.0000
2024-10-25 00:00:00,2.0000,575.8400,0.0000
2024-10-25 01:00:00,2.0000,575.8400,0.0000
2024-10-25 02:00:00,2.0000,575.8400,0.0000
2024-10-25 03:00:00,2.0000,575.8400,0.0000
2024-10-25 04:00:00,2.0000,575.8400,0.0000
2024-10-25 05:00:00,2.0000,575.8400,0.0000
2024-10-25 06:00:00,5.0000,1534.7292,95.1292
2024-10-25 07:00:00,6.0000,3195.8911,1468.3711
2024-10-25 08:00:00,5.0000,3273.9414,1834.3414
2024-10-25 09:00:00,3.0000,2908.8299,2045.0699
2024-10-25 10:00:00,3.0000,2949.9558,2086.1958
2024-10-25 11:00:00,3.5000,3084.5600,2076.8400
2024-10-25 12:00:00,4.0000,3214.7269,2063.0469
2024-10-25 13:00:00,3.5000,2886.1460,1878.4260
2024-10-25 14:00:00,3.0000,2399.3191,1535.5591
2024-10-25 15:00:00,3.0000,1028.2087,164.4487
2024-10-25 16:00:00,3.0000,863.7600,0.0000
2024-10-25 17:00:00,5.0000,1439.6000,0.0000
2024-10-25 18:00:00,6.0000,1727.5200,0.0000
2024-10-25 19:00:00,7.0000,2015.4400,0.0000
2024-10-25 20:00:00,6.0000,1727.5200,0.0000
2024-10-25 21:00:00,5.0000,1439.6000,0.0000
2024-10-25 22:00:00,4.0000,1151.6800,0.0000
2024-10-25 23:00:00,3.0000,863.7600,0.0000
2024-10-26 00:00:00,2.0000,575.8400,0.0000
2024-10-26 01:00:00,2.0000,575.8400,0.0000
2024-10-26 02:00:00,2.0000,575.8400,0.0000
2024-10-26 03:00:00,2.0000,575.8400,0.0000
2024-10-26 04:00:00,2.0000,575.8400,0.0000
2024-10-26 05:00:00,2.0000,575.8400,0.0000
2024-10-26 06:00:00,5.0000,1520.6955,81.0955
2024-10-26 07:00:00,6.0000,3183.0166,1455.4966
2024-10-26 08:00:00,5.0000,3260.4234,1820.8234
2024-10-26 09:00:00,4.0000,3182.7854,2031.1054
2024-10-26 10:00:00,4.0000,3223.6921,2072.0121
2024-10-26 11:00:00,4.5000,3358.4203,2062.7803
2024-10-26 12:00:00,5.0000,3488.4441,2048.8441
2024-10-26 13:00:00,4.5000,3159.9637,1864.3237
2024-10-26 14:00:00,4.0000,2673.4740,1521.7940
2024-10-26 15:00:00,4.0000,1301.1762,149.4962
2024-10-26 16:00:00,4.0000,1151.6800,0.0000
2024-10-26 17:00:00,6.0000,1727.5200,0.0000
2024-10-26 18:00:00,7.0000,2015.4400,0.0000
2024-10-26 19:00:00,7.5000,2159.4000,0.0000
2024-10-26 20:00:00,7.0000,2015.4400,0.0000
2024-10-26 21:00:00,6.0000,1727.5200,0.0000
2024-10-26 22:00:00,5.0000,1439.6000,0.0000
2024-10-26 23:00:00,4.0000,1151.6800,0.0000
2024-10-27 00:00:00,2.0000,575.8400,0.0000
2024-10-27 01:00:00,2.0000,575.8400,0.0000
2024-10-27 02:00:00,2.0000,575.8400,0.0000
2024-10-27 03:00:00,2.0000,575.8400,0.0000
2024-10-27 04:00:00,2.0000,575.8400,0.0000
2024-10-27 05:00:00,2.0000,575.8400,0.0000
2024-10-27 06:00:00,5.0000,1506.7406,67.1406
2024-10-27 07:00:00,6.0000,3170.1634,1442.6434
2024-10-27 08:00:00,5.0000,3246.9533,1807.3533
2024-10-27 09:00:00,4.0000,3168.9020,2017.2220
2024-10-27 10:00:00,4.0000,3209.6274,2057.9474
2024-10-27 11:00:00,4.5000,3344.4534,2048.8134
2024-10-27 12:00:00,5.0000,3474.3727,2034.7727
2024-10-27 13:00:00,4.5000,3146.0325,1850.3925
2024-10-27 14:00:00,4.0000,2659.9180,1508.2380
2024-10-27 15:00:00,4.0000,1286.4962,134.8162
2024-10-27 16:00:00,4.0000,1151.6800,0.0000
2024-10-27 17:00:00,6.0000,1727.5200,0.0000
2024-10-27 18:00:00,7.0000,2015.4400,0.0000
2024-10-27 19:00:00,7.5000,2159.4000,0.0000
2024-10-27 20:00:00,7.0000,2015.4400,0.0000
2024-10-27 21:00:00,6.0000,1727.5200,0.0000
2024-10-27 22:00:00,5.0000,1439.6000,0.0000
2024-10-27 23:00:00,4.0000,1151.6800,0.0000
2024-10-28 00:00:00,2.0000,575.8400,0.0000
2024-10-28 01:00:00,2.0000,575.8400,0.0000
2024-10-28 02:00:00,2.0000,575.8400,0.0000
2024-10-28 03:00:00,2.0000,575.8400,0.0000
2024-10-28 04:00:00,2.0000,575.8400,0.0000
2024-10-28 05:00:00,2.0000,575.8400,0.0000
2024-10-28 06:00:00,5.0000,1492.8688,53.2688
2024-10-28 07:00:00,6.0000,3157.3373,1429.8173
2024-10-28 08:00:00,5.0000,3233.5376,1793.9376
2024-10-28 09:00:00,3.0000,2867.1868,2003.4268
2024-10-28 10:00:00,3.0000,2907.7688,2044.0088
2024-10-28 11:00:00,3.5000,3042.6664,2034.9464
2024-10-28 12:00:00,4.0000,3172.5199,2020.8399
2024-10-28 13:00:00,3.5000,2844.3594,1836.6394
2024-10-28 14:00:00,3.0000,2358.6578,1494.8978
2024-10-28 15:00:00,3.0000,984.1740,120.4140
2024-10-28 16:00:00,3.0000,863.7600,0.0000
2024-10-28 17:00:00,5.0000,1439.6000,0.0000
2024-10-28 18:00:00,6.0000,1727.5200,0.0000
2024-10-28 19:00:00,7.0000,2015.4400,0.0000
2024-10-28 20:00:00,6.0000,1727.5200,0.0000
2024-10-28 21:00:00,5.0000,1439.6000,0.0000
2024-10-28 22:00:00,4.0000,1151.6800,0.0000
2024-10-28 23:00:00,3.0000,863.7600,0.0000
2024-10-29 00:00:00,2.0000,575.8400,0.0000
2024-10-29 01:00:00,2.0000,575.8400,0.0000
2024-10-29 02:00:00,2.0000,575.8400,0.0000
2024-10-29 03:00:00,2.0000,575.8400,0.0000
2024-10-29 04:00:00,2.0000,575.8400,0.0000
2024-10-29 05:00:00,2.0000,575.8400,0.0000
2024-10-29 06:00:00,5.0000,1479.0847,39.4847
2024-10-29 07:00:00,6.0000,3144.5442,1417.0242
2024-10-29 08:00:00,5.0000,3220.1828,1780.5828
2024-10-29 09:00:00,3.0000,2853.4869,1989.7269
2024-10-29 10:00:00,3.0000,2893.9635,2030.2035
2024-10-29 11:00:00,3.5000,3028.9064,2021.1864
2024-10-29 12:00:00,4.0000,3158.7330,2007.0530
2024-10-29 13:00:00,3.5000,2830.7914,1823.0714
2024-10-29 14:00:00,3.0000,2345.5397,1481.7797
2024-10-29 15:00:00,3.0000,970.0546,106.2946
2024-10-29 16:00:00,3.0000,863.7600,0.0000
2024-10-29 17:00:00,5.0000,1439.6000,0.0000
2024-10-29 18:00:00,6.0000,1727.5200,0.0000
2024-10-29 19:00:00,7.0000,2015.4400,0.0000
2024-10-29 20:00:00,6.0000,1727.5200,0.0000
2024-10-29 21:00:00,5.0000,1439.6000,0.0000
2024-10-29 22:00:00,4.0000,1151.6800,0.0000
2024-10-29 23:00:00,3.0000,863.7600,0.0000
2024-10-30 00:00:00,2.0000,575.8400,0.0000
2024-10-30 01:00:00,2.0000,575.8400,0.0000
2024-10-30 02:00:00,2.0000,575.8400,0.0000
2024-10-30 03:00:00,2.0000,575.8400,0.0000
2024-10-30 04:00:00,2.0000,575.8400,0.0000
2024-10-30 05:00:00,2.0000,575.8400,0.0000
2024-10-30 06:00:00,5.0000,1465.3926,25.7926
2024-10-30 07:00:00,6.0000,3131.7900,1404.2700
2024-10-30 08:00:00,5.0000,3206.8956,1767.2956
2024-10-30 09:00:00,3.0000,2839.8891,1976.1291
2024-10-30 10:00:00,3.0000,2880.2987,2016.5387
2024-10-30 11:00:00,3.5000,3015.2605,2007.5405
2024-10-30 12:00:00,4.0000,3145.0990,1993.4190
2024-10-30 13:00:00,3.5000,2817.4154,1809.6954
2024-10-30 14:00:00,3.0000,2332.6501,1468.8901
2024-10-30 15:00:00,3.0000,956.2228,92.4628
2024-10-30 16:00:00,3.0000,863.7600,0.0000
2024-10-30 17:00:00,5.0000,1439.6000,0.0000
2024-10-30 18:00:00,6.0000,1727.5200,0.0000
2024-10-30 19:00:00,7.0000,2015.4400,0.0000
2024-10-30 20:00:00,6.0000,1727.5200,0.0000
2024-10-30 21:00:00,5.0000,1439.6000,0.0000
2024-10-30 22:00:00,4.0000,1151.6800,0.0000
2024-10-30 23:00:00,3.0000,863.7600,0.0000
2024-10-31 00:00:00,2.0000,575.8400,0.0000
2024-10-31 01:00:00,2.0000,575.8400,0.0000
2024-10-31 02:00:00,2.0000,575.8400,0.0000
2024-10-31 03:00:00,2.0000,575.8400,0.0000
2024-10-31 04:00:00,2.0000,575.8400,0.0000
2024-10-31 05:00:00,2.0000,575.8400,0.0000
2024-10-31 06:00:00,5.0000,1451.7972,12.1972
2024-10-31 07:00:00,6.0000,3119.0806,1391.5606
2024-10-31 08:00:00,5.0000,3193.6826,1754.0826
2024-10-31 09:00:00,3.0000,2826.4004,1962.6404
2024-10-31 10:00:00,3.0000,2866.7813,2003.0213
2024-10-31 11:00:00,3.5000,3001.7355,1994.0155
2024-10-31 12:00:00,4.0000,3131.6248,1979.9448
2024-10-31 13:00:00,3.5000,2804.2379,1796.5179
2024-10-31 14:00:00,3.0000,2319.9949,1456.2349
2024-10-31 15:00:00,3.0000,942.6833,78.9233
2024-10-31 16:00:00,3.0000,863.7600,0.0000
2024-10-31 17:00:00,5.0000,1439.6000,0.0000
2024-10-31 18:00:00,6.0000,1727.5200,0.0000
2024-10-31 19:00:00,7.0000,2015.4400,0.0000
2024-10-31 20:00:00,6.0000,1727.5200,0.0000
2024-10-31 21:00:00,5.0000,1439.6000,0.0000
2024-10-31 22:00:00,4.0000,1151.6800,0.0000
2024-10-31 23:00:00,3.0000,863.7600,0.0000
2024-11-01 00:00:00,2.0000,575.8400,0.0000
2024-11-01 01:00:00,2.0000,575.8400,0.0000
2024-11-01 02:00:00,2.0000,575.8400,0.0000
2024-11-01 03:00:00,2.0000,575.8400,0.0000
2024-11-01 04:00:00,2.0000,575.8400,0.0000
2024-11-01 05:00:00,2.0000,575.8400,0.0000
2024-11-01 06:00:00,5.0000,1439.6000,0.0000
2024-11-01 07:00:00,6.0000,2640.7174,913.1974
2024-11-01 08:00:00,5.0000,2668.3621,1228.7621
2024-11-01 09:00:00,3.0000,2289.8668,1426.1068
2024-11-01 10:00:00,3.0000,2355.5429,1491.7829
2024-11-01 11:00:00,3.5000,2497.5049,1489.7849
2024-11-01 12:00:00,4.0000,2596.7041,1445.0241
2024-11-01 13:00:00,3.5000,2275.0254,1267.3054
2024-11-01 14:00:00,3.0000,1832.5001,968.7401
2024-11-01 15:00:00,3.0000,922.4142,58.6542
2024-11-01 16:00:00,3.0000,863.7600,0.0000
2024-11-01 17:00:00,5.0000,1439.6000,0.0000
2024-11-01 18:00:00,6.0000,1727.5200,0.0000
2024-11-01 19:00:00,7.0000,2015.4400,0.0000
2024-11-01 20:00:00,6.0000,1727.5200,0.0000
2024-11-01 21:00:00,5.0000,1439.6000,0.0000
2024-11-01 22:00:00,4.0000,1151.6800,0.0000
2024-11-01 23:00:00,3.0000,863.7600,0.0000
2024-11-02 00:00:00,2.0000,575.8400,0.0000
2024-11-02 01:00:00,2.0000,575.8400,0.0000
2024-11-02 02:00:00,2.0000,575.8400,0.0000
2024-11-02 03:00:00,2.0000,575.8400,0.0000
2024-11-02 04:00:00,2.0000,575.8400,0.0000
2024-11-02 05:00:00,2.0000,575.8400,0.0000
2024-11-02 06:00:00,5.0000,1439.6000,0.0000
2024-11-02 07:00:00,6.0000,2629.0189,901.4989
2024-11-02 08:00:00,5.0000,2656.2671,1216.6671
2024-11-02 09:00:00,4.0000,2565.4806,1413.8006
2024-11-02 10:00:00,4.0000,2631.1450,1479.4650
2024-11-02 11:00:00,4.5000,2773.0936,1477.4536
2024-11-02 12:00:00,5.0000,2872.4440,1432.8440
2024-11-02 13:00:00,4.5000,2551.1075,1255.4675
2024-11-02 14:00:00,4.0000,2109.0920,957.4120
2024-11-02 15:00:00,4.0000,1198.7769,47.0969
2024-11-02 16:00:00,4.0000,1151.6800,0.0000
2024-11-02 17:00:00,6.0000,1727.5200,0.0000
2024-11-02 18:00:00,7.0000,2015.4400,0.0000
2024-11-02 19:00:00,7.5000,2159.4000,0.0000
2024-11-02 20:00:00,7.0000,2015.4400,0.0000
2024-11-02 21:00:00,6.0000,1727.5200,0.0000
2024-11-02 22:00:00,5.0000,1439.6000,0.0000
2024-11-02 23:00:00,4.0000,1151.6800,0.0000
2024-11-03 00:00:00,2.0000,575.8400,0.0000
2024-11-03 01:00:00,2.0000,575.8400,0.0000
2024-11-03 02:00:00,2.0000,575.8400,0.0000
2024-11-03 03:00:00,2.0000,575.8400,0.0000
2024-11-03 04:00:00,2.0000,575.8400,0.0000
2024-11-03 05:00:00,2.0000,575.8400,0.0000
2024-11-03 06:00:00,5.0000,1439.6000,0.0000
2024-11-03 07:00:00,6.0000,2617.3959,889.8759
2024-11-03 08:00:00,5.0000,2644.2712,1204.6712
2024-11-03 09:00:00,4.0000,2553.3011,1401.6211
2024-11-03 10:00:00,4.0000,2618.9839,1467.3039
2024-11-03 11:00:00,4.5000,2760.9134,1465.2734
2024-11-03 12:00:00,5.0000,2860.4457,1420.8457
2024-11-03 13:00:00,4.5000,2539.4807,1243.8407
2024-11-03 14:00:00,4.0000,2098.0010,946.3210
2024-11-03 15:00:00,4.0000,1187.4918,35.8118
2024-11-03 16:00:00,4.0000,1151.6800,0.0000
2024-11-03 17:00:00,6.0000,1727.5200,0.0000
2024-11-03 18:00:00,7.0000,2015.4400,0.0000
2024-11-03 19:00:00,7.5000,2159.4000,0.0000
2024-11-03 20:00:00,7.0000,2015.4400,0.0000
2024-11-03 21:00:00,6.0000,1727.5200,0.0000
2024-11-03 22:00:00,5.0000,1439.6000,0.0000
2024-11-03 23:00:00,4.0000,1151.6800,0.0000
2024-11-04 00:00:00,2.0000,575.8400,0.0000
2024-11-04 01:00:00,2.0000,575.8400,0.0000
2024-11-04 02:00:00,2.0000,575.8400,0.0000
2024-11-04 03:00:00,2.0000,575.8400,0.0000
2024-11-04 04:00:00,2.0000,575.8400,0.0000
2024-11-04 05:00:00,2.0000,575.8400,0.0000
2024-11-04 06:00:00,5.0000,1439.6000,0.0000
2024-11-04 07:00:00,6.0000,2605.8537,878.3337
2024-11-04 08:00:00,5.0000,2632.3798,1192.7798
2024-11-04 09:00:00,3.0000,2253.3341,1389.5741
2024-11-04 10:00:00,3.0000,2319.0654,1455.3054
2024-11-04 11:00:00,3.5000,2460.9700,1453.2500
2024-11-04 12:00:00,4.0000,2560.7146,1409.0346
2024-11-04 13:00:00,3.5000,2240.1500,1232.4300
2024-11-04 14:00:00,3.0000,1799.2316,935.4716
2024-11-04 15:00:00,3.0000,888.5624,24.8024
2024-11-04 16:00:00,3.0000,863.7600,0.0000
2024-11-04 17:00:00,5.0000,1439.6000,0.0000
2024-11-04 18:00:00,6.0000,1727.5200,0.0000
2024-11-04 19:00:00,7.0000,2015.4400,0.0000
2024-11-04 20:00:00,6.0000,1727.5200,0.0000
2024-11-04 21:00:00,5.0000,1439.6000,0.0000
2024-11-04 22:00:00,4.0000,1151.6800,0.0000
2024-11-04 23:00:00,3.0000,863.7600,0.0000
2024-11-05 00:00:00,2.0000,575.8400,0.0000
2024-11-05 01:00:00,2.0000,575.8400,0.0000
2024-11-05 02:00:00,2.0000,575.8400,0.0000
2024-11-05 03:00:00,2.0000,575.8400,0.0000
2024-11-05 04:00:00,2.0000,575.8400,0.0000
2024-11-05 05:00:00,2.0000,575.8400,0.0000
2024-11-05 06:00:00,5.0000,1439.6000,0.0000
2024-11-05 07:00:00,6.0000,2594.3973,866.8773
2024-11-05 08:00:00,5.0000,2620.5984,1180.9984
2024-11-05 09:00:00,3.0000,2241.4252,1377.6652
2024-11-05 10:00:00,3.0000,2307.2352,1443.4752
2024-11-05 11:00:00,3.5000,2449.1091,1441.3891
2024-11-05 12:00:00,4.0000,2549.0962,1397.4162
2024-11-05 13:00:00,3.5000,2228.9604,1221.2404
2024-11-05 14:00:00,3.0000,1788.6280,924.8680
2024-11-05 15:00:00,3.0000,877.8320,14.0720
2024-11-05 16:00:00,3.0000,863.7600,0.0000
2024-11-05 17:00:00,5.0000,1439.6000,0.0000
2024-11-05 18:00:00,6.0000,1727.5200,0.0000
2024-11-05 19:00:00,7.0000,2015.4400,0.0000
2024-11-05 20:00:00,6.0000,1727.5200,0.0000
2024-11-05 21:00:00,5.0000,1439.6000,0.0000
2024-11-05 22:00:00,4.0000,1151.6800,0.0000
2024-11-05 23:00:00,3.0000,863.7600,0.0000
2024-11-06 00:00:00,2.0000,575.8400,0.0000
2024-11-06 01:00:00,2.0000,575.8400,0.0000
2024-11-06 02:00:00,2.0000,575.8400,0.0000
2024-11-06 03:00:00,2.0000,575.8400,0.0000
2024-11-06 04:00:00,2.0000,575.8400,0.0000
2024-11-06 05:00:00,2.0000,575.8400,0.0000
2024-11-06 06:00:00,5.0000,1439.6000,0.0000
2024-11-06 07:00:00,6.0000,2583.0317,855.5117
2024-11-06 08:00:00,5.0000,2608.9325,1169.3325
2024-11-06 09:00:00,3.0000,2229.6601,1365.9001
2024-11-06 10:00:00,3.0000,2295.5788,1431.8188
2024-11-06 11:00:00,3.5000,2437.4163,1429.6963
2024-11-06 12:00:00,4.0000,2537.6758,1385.9958
2024-11-06 13:00:00,3.5000,2217.9968,1210.2768
2024-11-06 14:00:00,3.0000,1778.2744,914.5144
2024-11-06 15:00:00,3.0000,867.3835,3.6235
2024-11-06 16:00:00,3.0000,863.7600,0.0000
2024-11-06 17:00:00,5.0000,1439.6000,0.0000
2024-11-06 18:00:00,6.0000,1727.5200,0.0000
2024-11-06 19:00:00,7.0000,2015.4400,0.0000
2024-11-06 20:00:00,6.0000,1727.5200,0.0000
2024-11-06 21:00:00,5.0000,1439.6000,0.0000
2024-11-06 22:00:00,4.0000,1151.6800,0.0000
2024-11-06 23:00:00,3.0000,863.7600,0.0000
2024-11-07 00:00:00,2.0000,575.8400,0.0000
2024-11-07 01:00:00,2.0000,575.8400,0.0000
2024-11-07 02:00:00,2.0000,575.8400,0.0000
2024-11-07 03:00:00,2.0000,575.8400,0.0000
2024-11-07 04:00:00,2.0000,575.8400,0.0000
2024-11-07 05:00:00,2.0000,575.8400,0.0000
2024-11-07 06:00:00,5.0000,1439.6000,0.0000
2024-11-07 07:00:00,6.0000,2571.7621,844.2421
2024-11-07 08:00:00,5.0000,2597.3875,1157.7875
2024-11-07 09:00:00,3.0000,2218.0444,1354.2844
2024-11-07 10:00:00,3.0000,2284.1017,1420.3417
2024-11-07 11:00:00,3.5000,2425.8971,1418.1771
2024-11-07 12:00:00,4.0000,2526.4585,1374.7785
2024-11-07 13:00:00,3.5000,2207.2638,1199.5438
2024-11-07 14:00:00,3.0000,1768.1748,904.4148
2024-11-07 15:00:00,3.0000,863.7600,0.0000
2024-11-07 16:00:00,3.0000,863.7600,0.0000
2024-11-07 17:00:00,5.0000,1439.6000,0.0000
2024-11-07 18:00:00,6.0000,1727.5200,0.0000
2024-11-07 19:00:00,7.0000,2015.4400,0.0000
2024-11-07 20:00:00,6.0000,1727.5200,0.0000
2024-11-07 21:00:00,5.0000,1439.6000,0.0000
2024-11-07 22:00:00,4.0000,1151.6800,0.0000
2024-11-07 23:00:00,3.0000,863.7600,0.0000
2024-11-08 00:00:00,2.0000,575.8400,0.0000
2024-11-08 01:00:00,2.0000,575.8400,0.0000
2024-11-08 02:00:00,2.0000,575.8400,0.0000
2024-11-08 03:00:00,2.0000,575.8400,0.0000
2024-11-08 04:00:00,2.0000,575.8400,0.0000
2024-11-08 05:00:00,2.0000,575.8400,0.0000
2024-11-08 06:00:00,5.0000,1439.6000,0.0000
2024-11-08 07:00:00,6.0000,2560.5935,833.0735
2024-11-08 08:00:00,5.0000,2585.9689,1146.3689
2024-11-08 09:00:00,3.0000,2206.5834,1342.8234
2024-11-08 10:00:00,3.0000,2272.8090,1409.0490
2024-11-08 11:00:00,3.5000,2414.5567,1406.8367
2024-11-08 12:00:00,4.0000,2515.4494,1363.7694
2024-11-08 13:00:00,3.5000,2196.7658,1189.0458
2024-11-08 14:00:00,3.0000,1758.3330,894.5730
2024-11-08 15:00:00,3.0000,863.7600,0.0000
2024-11-08 16:00:00,3.0000,863.7600,0.0000
2024-11-08 17:00:00,5.0000,1439.6000,0.0000
2024-11-08 18:00:00,6.0000,1727.5200,0.0000
2024-11-08 19:00:00,7.0000,2015.4400,0.0000
2024-11-08 20:00:00,6.0000,1727.5200,0.0000
2024-11-08 21:00:00,5.0000,1439.6000,0.0000
2024-11-08 22:00:00,4.0000,1151.6800,0.0000
2024-11-08 23:00:00,3.0000,863.7600,0.0000
2024-11-09 00:00:00,2.0000,575.8400,0.0000
2024-11-09 01:00:00,2.0000,575.8400,0.0000
2024-11-09 02:00:00,2.0000,575.8400,0.0000
2024-11-09 03:00:00,2.0000,575.8400,0.0000
2024-11-09 04:00:00,2.0000,575.8400,0.0000
2024-11-09 05:00:00,2.0000,575.8400,0.0000
2024-11-09 06:00:00,5.0000,1439.6000,0.0000
2024-11-09 07:00:00,6.0000,2549.5309,822.0109
2024-11-09 08:00:00,5.0000,2574.6818,1135.0818
2024-11-09 09:00:00,4.0000,2483.2026,1331.5226
2024-11-09 10:00:00,4.0000,2549.6261,1397.9461
2024-11-09 11:00:00,4.5000,2691.3204,1395.6804
2024-11-09 12:00:00,5.0000,2792.5734,1352.9734
2024-11-09 13:00:00,4.5000,2474.4273,1178.7873
2024-11-09 14:00:00,4.0000,2036.6725,884.9925
2024-11-09 15:00:00,4.0000,1151.6800,0.0000
2024-11-09 16:00:00,4.0000,1151.6800,0.0000
2024-11-09 17:00:00,6.0000,1727.5200,0.0000
2024-11-09 18:00:00,7.0000,2015.4400,0.0000
2024-11-09 19:00:00,7.5000,2159.4000,0.0000
2024-11-09 20:00:00,7.0000,2015.4400,0.0000
2024-11-09 21:00:00,6.0000,1727.5200,0.0000
2024-11-09 22:00:00,5.0000,1439.6000,0.0000
2024-11-09 23:00:00,4.0000,1151.6800,0.0000
2024-11-10 00:00:00,2.0000,575.8400,0.0000
2024-11-10 01:00:00,2.0000,575.8400,0.0000
2024-11-10 02:00:00,2.0000,575.8400,0.0000
2024-11-10 03:00:00,2.0000,575.8400,0.0000
2024-11-10 04:00:00,2.0000,575.8400,0.0000
2024-11-10 05:00:00,2.0000,575.8400,0.0000
2024-11-10 06:00:00,5.0000,1439.6000,0.0000
2024-11-10 07:00:00,6.0000,2538.5794,811.0594
2024-11-10 08:00:00,5.0000,2563.5317,1123.9317
2024-11-10 09:00:00,4.0000,2472.0673,1320.3873
2024-11-10 10:00:00,4.0000,2538.7180,1387.0380
2024-11-10 11:00:00,4.5000,2680.3536,1384.7136
2024-11-10 12:00:00,5.0000,2781.9952,1342.3952
2024-11-10 13:00:00,4.5000,2464.4123,1168.7723
2024-11-10 14:00:00,4.0000,2027.3570,875.6770
2024-11-10 15:00:00,4.0000,1151.6800,0.0000
2024-11-10 16:00:00,4.0000,1151.6800,0.0000
2024-11-10 17:00:00,6.0000,1727.5200,0.0000
2024-11-10 18:00:00,7.0000,2015.4400,0.0000
2024-11-10 19:00:00,7.5000,2159.4000,0.0000
2024-11-10 20:00:00,7.0000,2015.4400,0.0000
2024-11-10 21:00:00,6.0000,1727.5200,0.0000
2024-11-10 22:00:00,5.0000,1439.6000,0.0000
2024-11-10 23:00:00,4.0000,1151.6800,0.0000
2024-11-11 00:00:00,2.0000,575.8400,0.0000
2024-11-11 01:00:00,2.0000,575.8400,0.0000
2024-11-11 02:00:00,2.0000,575.8400,0.0000
2024-11-11 03:00:00,2.0000,575.8400,0.0000
2024-11-11 04:00:00,2.0000,575.8400,0.0000
2024-11-11 05:00:00,2.0000,575.8400,0.0000
2024-11-11 06:00:00,5.0000,1439.6000,0.0000
2024-11-11 07:00:00,6.0000,2527.7440,800.2240
2024-11-11 08:00:00,5.0000,2552.5237,1112.9237
2024-11-11 09:00:00,3.0000,2173.1826,1309.4226
2024-11-11 10:00:00,3.0000,2240.0898,1376.3298
2024-11-11 11:00:00,3.5000,2381.6610,1373.9410
2024-11-11 12:00:00,4.0000,2483.7196,1332.0396
2024-11-11 13:00:00,3.5000,2166.7251,1159.0051
2024-11-11 14:00:00,3.0000,1730.3895,866.6295
2024-11-11 15:00:00,3.0000,863.7600,0.0000
2024-11-11 16:00:00,3.0000,863.7600,0.0000
2024-11-11 17:00:00,5.0000,1439.6000,0.0000
2024-11-11 18:00:00,6.0000,1727.5200,0.0000
2024-11-11 19:00:00,7.0000,2015.4400,0.0000
2024-11-11 20:00:00,6.0000,1727.5200,0.0000
2024-11-11 21:00:00,5.0000,1439.6000,0.0000
2024-11-11 22:00:00,4.0000,1151.6800,0.0000
2024-11-11 23:00:00,3.0000,863.7600,0.0000
2024-11-12 00:00:00,2.0000,575.8400,0.0000
2024-11-12 01:00:00,2.0000,575.8400,0.0000
2024-11-12 02:00:00,2.0000,575.8400,0.0000
2024-11-12 03:00:00,2.0000,575.8400,0.0000
2024-11-12 04:00:00,2.0000,575.8400,0.0000
2024-11-12 05:00:00,2.0000,575.8400,0.0000
2024-11-12 06:00:00,5.0000,1439.6000,0.0000
2024-11-12 07:00:00,6.0000,1963.0858,235.5658
2024-11-12 08:00:00,5.0000,2541.6630,1102.0630
2024-11-12 09:00:00,3.0000,2162.3939,1298.6339
2024-11-12 10:00:00,3.0000,2229.5864,1365.8264
2024-11-12 11:00:00,3.5000,2371.0878,1363.3678
2024-11-12 12:00:00,4.0000,2473.5910,1321.9110
2024-11-12 13:00:00,3.5000,2157.2094,1149.4894
2024-11-12 14:00:00,3.0000,1721.6133,857.8533
2024-11-12 15:00:00,3.0000,863.7600,0.0000
2024-11-12 16:00:00,3.0000,863.7600,0.0000
2024-11-12 17:00:00,5.0000,1439.6000,0.0000
2024-11-12 18:00:00,6.0000,1727.5200,0.0000
2024-11-12 19:00:00,7.0000,2015.4400,0.0000
2024-11-12 20:00:00,6.0000,1727.5200,0.0000
2024-11-12 21:00:00,5.0000,1439.6000,0.0000
2024-11-12 22:00:00,4.0000,1151.6800,0.0000
2024-11-12 23:00:00,3.0000,863.7600,0.0000
2024-11-13 00:00:00,2.0000,575.8400,0.0000
2024-11-13 01:00:00,2.0000,575.8400,0.0000
2024-11-13 02:00:00,2.0000,575.8400,0.0000
2024-11-13 03:00:00,2.0000,575.8400,0.0000
2024-11-13 04:00:00,2.0000,575.8400,0.0000
2024-11-13 05:00:00,2.0000,575.8400,0.0000
2024-11-13 06:00:00,5.0000,1439.6000,0.0000
2024-11-13 07:00:00,6.0000,1952.0741,224.5541
2024-11-13 08:00:00,5.0000,2530.9547,1091.3547
2024-11-13 09:00:00,3.0000,2151.7860,1288.0260
2024-11-13 10:00:00,3.0000,2219.2924,1355.5324
2024-11-13 11:00:00,3.5000,2360.7188,1352.9988
2024-11-13 12:00:00,4.0000,2463.6937,1312.0137
2024-11-13 13:00:00,3.5000,2147.9489,1140.2289
2024-11-13 14:00:00,3.0000,1713.1113,849.3513
2024-11-13 15:00:00,3.0000,863.7600,0.0000
2024-11-13 16:00:00,3.0000,863.7600,0.0000
2024-11-13 17:00:00,5.0000,1439.6000,0.0000
2024-11-13 18:00:00,6.0000,1727.5200,0.0000
2024-11-13 19:00:00,7.0000,2015.4400,0.0000
2024-11-13 20:00:00,6.0000,1727.5200,0.0000
2024-11-13 21:00:00,5.0000,1439.6000,0.0000
2024-11-13 22:00:00,4.0000,1151.6800,0.0000
2024-11-13 23:00:00,3.0000,863.7600,0.0000
2024-11-14 00:00:00,2.0000,575.8400,0.0000
2024-11-14 01:00:00,2.0000,575.8400,0.0000
2024-11-14 02:00:00,2.0000,575.8400,0.0000
2024-11-14 03:00:00,2.0000,575.8400,0.0000
2024-11-14 04:00:00,2.0000,575.8400,0.0000
2024-11-14 05:00:00,2.0000,575.8400,0.0000
2024-11-14 06:00:00,5.0000,1439.6000,0.0000
2024-11-14 07:00:00,6.0000,1941.2212,213.7012
2024-11-14 08:00:00,5.0000,2520.4038,1080.8038
2024-11-14 09:00:00,3.0000,2141.3640,1277.6040
2024-11-14 10:00:00,3.0000,2209.2125,1345.4525
2024-11-14 11:00:00,3.5000,2350.5586,1342.8386
2024-11-14 12:00:00,4.0000,2454.0321,1302.3521
2024-11-14 13:00:00,3.5000,2138.9474,1131.2274
2024-11-14 14:00:00,3.0000,1704.8862,841.1262
2024-11-14 15:00:00,3.0000,863.7600,0.0000
2024-11-14 16:00:00,3.0000,863.7600,0.0000
2024-11-14 17:00:00,5.0000,1439.6000,0.0000
2024-11-14 18:00:00,6.0000,1727.5200,0.0000
2024-11-14 19:00:00,7.0000,2015.4400,0.0000
2024-11-14 20:00:00,6.0000,1727.5200,0.0000
2024-11-14 21:00:00,5.0000,1439.6000,0.0000
2024-11-14 22:00:00,4.0000,1151.6800,0.0000
2024-11-14 23:00:00,3.0000,863.7600,0.0000
2024-11-15 00:00:00,2.0000,575.8400,0.0000
2024-11-15 01:00:00,2.0000,575.8400,0.0000
2024-11-15 02:00:00,2.0000,575.8400,0.0000
2024-11-15 03:00:00,2.0000,575.8400,0.0000
2024-11-15 04:00:00,2.0000,575.8400,0.0000
2024-11-15 05:00:00,2.0000,575.8400,0.0000
2024-11-15 06:00:00,5.0000,1439.6000,0.0000
2024-11-15 07:00:00,6.0000,1930.5312,203.0112
2024-11-15 08:00:00,5.0000,2510.0154,1070.4154
2024-11-15 09:00:00,3.0000,2131.1327,1267.3727
2024-11-15 10:00:00,3.0000,2199.3513,1335.5913
2024-11-15 11:00:00,3.5000,2340.6119,1332.8919
2024-11-15 12:00:00,4.0000,2444.6102,1292.9302
2024-11-15 13:00:00,3.5000,2130.2080,1122.4880
2024-11-15 14:00:00,3.0000,1696.9408,833.1808
2024-11-15 15:00:00,3.0000,863.7600,0.0000
2024-11-15 16:00:00,3.0000,863.7600,0.0000
2024-11-15 17:00:00,5.0000,1439.6000,0.0000
2024-11-15 18:00:00,6.0000,1727.5200,0.0000
2024-11-15 19:00:00,7.0000,2015.4400,0.0000
2024-11-15 20:00:00,6.0000,1727.5200,0.0000
2024-11-15 21:00:00,5.0000,1439.6000,0.0000
2024-11-15 22:00:00,4.0000,1151.6800,0.0000
2024-11-15 23:00:00,3.0000,863.7600,0.0000
2024-11-16 00:00:00,2.0000,575.8400,0.0000
2024-11-16 01:00:00,2.0000,575.8400,0.0000
2024-11-16 02:00:00,2.0000,575.8400,0.0000
2024-11-16 03:00:00,2.0000,575.8400,0.0000
2024-11-16 04:00:00,2.0000,575.8400,0.0000
2024-11-16 05:00:00,2.0000,575.8400,0.0000
2024-11-16 06:00:00,5.0000,1439.6000,0.0000
2024-11-16 07:00:00,6.0000,1920.0085,192.4885
2024-11-16 08:00:00,5.0000,2499.7943,1060.1943
2024-11-16 09:00:00,4.0000,2409.0169,1257.3369
2024-11-16 10:00:00,4.0000,2477.6332,1325.9532
2024-11-16 11:00:00,4.5000,2618.8032,1323.1632
2024-11-16 12:00:00,5.0000,2723.3520,1283.7520
2024-11-16 13:00:00,4.5000,2409.6543,1114.0143
2024-11-16 14:00:00,4.0000,1977.1974,825.5174
2024-11-16 15:00:00,4.0000,1151.6800,0.0000
2024-11-16 16:00:00,4.0000,1151.6800,0.0000
2024-11-16 17:00:00,6.0000,1727.5200,0.0000
2024-11-16 18:00:00,7.0000,2015.4400,0.0000
2024-11-16 19:00:00,7.5000,2159.4000,0.0000
2024-11-16 20:00:00,7.0000,2015.4400,0.0000
2024-11-16 21:00:00,6.0000,1727.5200,0.0000
2024-11-16 22:00:00,5.0000,1439.6000,0.0000
2024-11-16 23:00:00,4.0000,1151.6800,0.0000
2024-11-17 00:00:00,2.0000,575.8400,0.0000
2024-11-17 01:00:00,2.0000,575.8400,0.0000
2024-11-17 02:00:00,2.0000,575.8400,0.0000
2024-11-17 03:00:00,2.0000,575.8400,0.0000
2024-11-17 04:00:00,2.0000,575.8400,0.0000
2024-11-17 05:00:00,2.0000,575.8400,0.0000
2024-11-17 06:00:00,5.0000,1439.6000,0.0000
2024-11-17 07:00:00,6.0000,1909.6573,182.1373
2024-11-17 08:00:00,5.0000,2489.7453,1050.1453
2024-11-17 09:00:00,4.0000,2399.1813,1247.5013
2024-11-17 10:00:00,4.0000,2468.2224,1316.5424
2024-11-17 11:00:00,4.5000,2609.2968,1313.6568
2024-11-17 12:00:00,5.0000,2714.4213,1274.8213
2024-11-17 13:00:00,4.5000,2401.4492,1105.8092
2024-11-17 14:00:00,4.0000,1969.8183,818.1383
2024-11-17 15:00:00,4.0000,1151.6800,0.0000
2024-11-17 16:00:00,4.0000,1151.6800,0.0000
2024-11-17 17:00:00,6.0000,1727.5200,0.0000
2024-11-17 18:00:00,7.0000,2015.4400,0.0000
2024-11-17 19:00:00,7.5000,2159.4000,0.0000
2024-11-17 20:00:00,7.0000,2015.4400,0.0000
2024-11-17 21:00:00,6.0000,1727.5200,0.0000
2024-11-17 22:00:00,5.0000,1439.6000,0.0000
2024-11-17 23:00:00,4.0000,1151.6800,0.0000
2024-11-18 00:00:00,2.0000,575.8400,0.0000
2024-11-18 01:00:00,2.0000,575.8400,0.0000
2024-11-18 02:00:00,2.0000,575.8400,0.0000
2024-11-18 03:00:00,2.0000,575.8400,0.0000
2024-11-18 04:00:00,2.0000,575.8400,0.0000
2024-11-18 05:00:00,2.0000,575.8400,0.0000
2024-11-18 06:00:00,5.0000,1439.6000,0.0000
2024-11-18 07:00:00,6.0000,1899.4818,171.9618
2024-11-18 08:00:00,5.0000,2479.8733,1040.2733
2024-11-18 09:00:00,3.0000,2101.6303,1237.8703
2024-11-18 10:00:00,3.0000,2171.1231,1307.3631
2024-11-18 11:00:00,3.5000,2312.0970,1304.3770
2024-11-18 12:00:00,4.0000,2417.8218,1266.1418
2024-11-18 13:00:00,3.5000,2105.5957,1097.8757
2024-11-18 14:00:00,3.0000,1674.8056,811.0456
2024-11-18 15:00:00,3.0000,863.7600,0.0000
2024-11-18 16:00:00,3.0000,863.7600,0.0000
2024-11-18 17:00:00,5.0000,1439.6000,0.0000
2024-11-18 18:00:00,6.0000,1727.5200,0.0000
2024-11-18 19:00:00,7.0000,2015.4400,0.0000
2024-11-18 20:00:00,6.0000,1727.5200,0.0000
2024-11-18 21:00:00,5.0000,1439.6000,0.0000
2024-11-18 22:00:00,4.0000,1151.6800,0.0000
2024-11-18 23:00:00,3.0000,863.7600,0.0000
2024-11-19 00:00:00,2.0000,575.8400,0.0000
2024-11-19 01:00:00,2.0000,575.8400,0.0000
2024-11-19 02:00:00,2.0000,575.8400,0.0000
2024-11-19 03:00:00,2.0000,575.8400,0.0000
2024-11-19 04:00:00,2.0000,575.8400,0.0000
2024-11-19 05:00:00,2.0000,575.8400,0.0000
2024-11-19 06:00:00,5.0000,1439.6000,0.0000
2024-11-19 07:00:00,6.0000,1889.4860,161.9660
2024-11-19 08:00:00,5.0000,2470.1828,1030.5828
2024-11-19 09:00:00,3.0000,2092.2086,1228.4486
2024-11-19 10:00:00,3.0000,2162.1793,1298.4193
2024-11-19 11:00:00,3.5000,2303.0479,1295.3279
2024-11-19 12:00:00,4.0000,2409.3971,1257.7171
2024-11-19 13:00:00,3.5000,2097.9366,1090.2166
2024-11-19 14:00:00,3.0000,1105.1930,241.4330
2024-11-19 15:00:00,3.0000,863.7600,0.0000
2024-11-19 16:00:00,3.0000,863.7600,0.0000
2024-11-19 17:00:00,5.0000,1439.6000,0.0000
2024-11-19 18:00:00,6.0000,1727.5200,0.0000
2024-11-19 19:00:00,7.0000,2015.4400,0.0000
2024-11-19 20:00:00,6.0000,1727.5200,0.0000
2024-11-19 21:00:00,5.0000,1439.6000,0.0000
2024-11-19 22:00:00,4.0000,1151.6800,0.0000
2024-11-19 23:00:00,3.0000,863.7600,0.0000
2024-11-20 00:00:00,2.0000,575.8400,0.0000
2024-11-20 01:00:00,2.0000,575.8400,0.0000
2024-11-20 02:00:00,2.0000,575.8400,0.0000
2024-11-20 03:00:00,2.0000,575.8400,0.0000
2024-11-20 04:00:00,2.0000,575.8400,0.0000
2024-11-20 05:00:00,2.0000,575.8400,0.0000
2024-11-20 06:00:00,5.0000,1439.6000,0.0000
2024-11-20 07:00:00,6.0000,1879.6740,152.1540
2024-11-20 08:00:00,5.0000,2460.6785,1021.0785
2024-11-20 09:00:00,3.0000,2083.0003,1219.2403
2024-11-20 10:00:00,3.0000,2153.4750,1289.7150
2024-11-20 11:00:00,3.5000,2294.2336,1286.5136
2024-11-20 12:00:00,4.0000,2401.2305,1249.5505
2024-11-20 13:00:00,3.5000,2090.5547,1082.8347
2024-11-20 14:00:00,3.0000,1098.2091,234.4491
2024-11-20 15:00:00,3.0000,863.7600,0.0000
2024-11-20 16:00:00,3.0000,863.7600,0.0000
2024-11-20 17:00:00,5.0000,1439.6000,0.0000
2024-11-20 18:00:00,6.0000,1727.5200,0.0000
2024-11-20 19:00:00,7.0000,2015.4400,0.0000
2024-11-20 20:00:00,6.0000,1727.5200,0.0000
2024-11-20 21:00:00,5.0000,1439.6000,0.0000
2024-11-20 22:00:00,4.0000,1151.6800,0.0000
2024-11-20 23:00:00,3.0000,863.7600,0.0000
2024-11-21 00:00:00,2.0000,575.8400,0.0000
2024-11-21 01:00:00,2.0000,575.8400,0.0000
2024-11-21 02:00:00,2.0000,575.8400,0.0000
2024-11-21 03:00:00,2.0000,575.8400,0.0000
2024-11-21 04:00:00,2.0000,575.8400,0.0000
2024-11-21 05:00:00,2.0000,575.8400,0.0000
2024-11-21 06:00:00,5.0000,1439.6000,0.0000
2024-11-21 07:00:00,6.0000,1870.0498,142.5298
2024-11-21 08:00:00,5.0000,2451.3650,1011.7650
2024-11-21 09:00:00,3.0000,2074.0099,1210.2499
2024-11-21 10:00:00,3.0000,2145.0139,1281.2539
2024-11-21 11:00:00,3.5000,2285.6579,1277.9379
2024-11-21 12:00:00,4.0000,2393.3254,1241.6454
2024-11-21 13:00:00,3.5000,2083.4523,1075.7323
2024-11-21 14:00:00,3.0000,1091.5316,227.7716
2024-11-21 15:00:00,3.0000,863.7600,0.0000
2024-11-21 16:00:00,3.0000,863.7600,0.0000
2024-11-21 17:00:00,5.0000,1439.6000,0.0000
2024-11-21 18:00:00,6.0000,1727.5200,0.0000
2024-11-21 19:00:00,7.0000,2015.4400,0.0000
2024-11-21 20:00:00,6.0000,1727.5200,0.0000
2024-11-21 21:00:00,5.0000,1439.6000,0.0000
2024-11-21 22:00:00,4.0000,1151.6800,0.0000
2024-11-21 23:00:00,3.0000,863.7600,0.0000
2024-11-22 00:00:00,2.0000,575.8400,0.0000
2024-11-22 01:00:00,2.0000,575.8400,0.0000
2024-11-22 02:00:00,2.0000,575.8400,0.0000
2024-11-22 03:00:00,2.0000,575.8400,0.0000
2024-11-22 04:00:00,2.0000,575.8400,0.0000
2024-11-22 05:00:00,2.0000,575.8400,0.0000
2024-11-22 06:00:00,5.0000,1439.6000,0.0000
2024-11-22 07:00:00,6.0000,1860.6173,133.0973
2024-11-22 08:00:00,5.0000,2442.2465,1002.6465
2024-11-22 09:00:00,3.0000,2065.2415,1201.4815
2024-11-22 10:00:00,3.0000,2136.7998,1273.0398
2024-11-22 11:00:00,3.5000,2277.3246,1269.6046
2024-11-22 12:00:00,4.0000,2385.6848,1234.0048
2024-11-22 13:00:00,3.5000,2076.6320,1068.9120
2024-11-22 14:00:00,3.0000,1085.1615,221.4015
2024-11-22 15:00:00,3.0000,863.7600,0.0000
2024-11-22 16:00:00,3.0000,863.7600,0.0000
2024-11-22 17:00:00,5.0000,1439.6000,0.0000
2024-11-22 18:00:00,6.0000,1727.5200,0.0000
2024-11-22 19:00:00,7.0000,2015.4400,0.0000
2024-11-22 20:00:00,6.0000,1727.5200,0.0000
2024-11-22 21:00:00,5.0000,1439.6000,0.0000
2024-11-22 22:00:00,4.0000,1151.6800,0.0000
2024-11-22 23:00:00,3.0000,863.7600,0.0000
2024-11-23 00:00:00,2.0000,575.8400,0.0000
2024-11-23 01:00:00,2.0000,575.8400,0.0000
2024-11-23 02:00:00,2.0000,575.8400,0.0000
2024-11-23 03:00:00,2.0000,575.8400,0.0000
2024-11-23 04:00:00,2.0000,575.8400,0.0000
2024-11-23 05:00:00,2.0000,575.8400,0.0000
2024-11-23 06:00:00,5.0000,1439.6000,0.0000
2024-11-23 07:00:00,6.0000,1851.3805,123.8605
2024-11-23 08:00:00,5.0000,2433.3276,993.7276
2024-11-23 09:00:00,4.0000,2344.6191,1192.9391
2024-11-23 10:00:00,4.0000,2416.7561,1265.0761
2024-11-23 11:00:00,4.5000,2557.1574,1261.5174
2024-11-23 12:00:00,5.0000,2666.2319,1226.6319
2024-11-23 13:00:00,4.5000,2358.0158,1062.3758
2024-11-23 14:00:00,4.0000,1367.0199,215.3399
2024-11-23 15:00:00,4.0000,1151.6800,0.0000
2024-11-23 16:00:00,4.0000,1151.6800,0.0000
2024-11-23 17:00:00,6.0000,1727.5200,0.0000
2024-11-23 18:00:00,7.0000,2015.4400,0.0000
2024-11-23 19:00:00,7.5000,2159.4000,0.0000
2024-11-23 20:00:00,7.0000,2015.4400,0.0000
2024-11-23 21:00:00,6.0000,1727.5200,0.0000
2024-11-23 22:00:00,5.0000,1439.6000,0.0000
2024-11-23 23:00:00,4.0000,1151.6800,0.0000
2024-11-24 00:00:00,2.0000,575.8400,0.0000
2024-11-24 01:00:00,2.0000,575.8400,0.0000
2024-11-24 02:00:00,2.0000,575.8400,0.0000
2024-11-24 03:00:00,2.0000,575.8400,0.0000
2024-11-24 04:00:00,2.0000,575.8400,0.0000
2024-11-24 05:00:00,2.0000,575.8400,0.0000
2024-11-24 06:00:00,5.0000,1439.6000,0.0000
2024-11-24 07:00:00,6.0000,1842.3432,114.8232
2024-11-24 08:00:00,5.0000,2424.6125,985.0125
2024-11-24 09:00:00,4.0000,2336.3066,1184.6266
2024-11-24 10:00:00,4.0000,2409.0462,1257.3662
2024-11-24 11:00:00,4.5000,2549.3198,1253.6798
2024-11-24 12:00:00,5.0000,2659.1294,1219.5294
2024-11-24 13:00:00,4.5000,2351.7660,1056.1260
2024-11-24 14:00:00,4.0000,1361.2678,209.5878
2024-11-24 15:00:00,4.0000,1151.6800,0.0000
2024-11-24 16:00:00,4.0000,1151.6800,0.0000
2024-11-24 17:00:00,6.0000,1727.5200,0.0000
2024-11-24 18:00:00,7.0000,2015.4400,0.0000
2024-11-24 19:00:00,7.5000,2159.4000,0.0000
2024-11-24 20:00:00,7.0000,2015.4400,0.0000
2024-11-24 21:00:00,6.0000,1727.5200,0.0000
2024-11-24 22:00:00,5.0000,1439.6000,0.0000
2024-11-24 23:00:00,4.0000,1151.6800,0.0000
2024-11-25 00:00:00,2.0000,575.8400,0.0000
2024-11-25 01:00:00,2.0000,575.8400,0.0000
2024-11-25 02:00:00,2.0000,575.8400,0.0000
2024-11-25 03:00:00,2.0000,575.8400,0.0000
2024-11-25 04:00:00,2.0000,575.8400,0.0000
2024-11-25 05:00:00,2.0000,575.8400,0.0000
2024-11-25 06:00:00,5.0000,1439.6000,0.0000
2024-11-25 07:00:00,6.0000,1833.5091,105.9891
2024-11-25 08:00:00,5.0000,2416.1053,976.5053
2024-11-25 09:00:00,3.0000,2040.3079,1176.5479
2024-11-25 10:00:00,3.0000,2113.6736,1249.9136
2024-11-25 11:00:00,3.5000,2253.8151,1246.0951
2024-11-25 12:00:00,4.0000,2364.3801,1212.7001
2024-11-25 13:00:00,3.5000,2057.8844,1050.1644
2024-11-25 14:00:00,3.0000,1067.9059,204.1459
2024-11-25 15:00:00,3.0000,863.7600,0.0000
2024-11-25 16:00:00,3.0000,863.7600,0.0000
2024-11-25 17:00:00,5.0000,1439.6000,0.0000
2024-11-25 18:00:00,6.0000,1727.5200,0.0000
2024-11-25 19:00:00,7.0000,2015.4400,0.0000
2024-11-25 20:00:00,6.0000,1727.5200,0.0000
2024-11-25 21:00:00,5.0000,1439.6000,0.0000
2024-11-25 22:00:00,4.0000,1151.6800,0.0000
2024-11-25 23:00:00,3.0000,863.7600,0.0000
2024-11-26 00:00:00,2.0000,575.8400,0.0000
2024-11-26 01:00:00,2.0000,575.8400,0.0000
2024-11-26 02:00:00,2.0000,575.8400,0.0000
2024-11-26 03:00:00,2.0000,575.8400,0.0000
2024-11-26 04:00:00,2.0000,575.8400,0.0000
2024-11-26 05:00:00,2.0000,575.8400,0.0000
2024-11-26 06:00:00,5.0000,1439.6000,0.0000
2024-11-26 07:00:00,6.0000,1824.8820,97.3620
2024-11-26 08:00:00,5.0000,2407.8101,968.2101
2024-11-26 09:00:00,3.0000,2032.4667,1168.7067
2024-11-26 10:00:00,3.0000,2106.4812,1242.7212
2024-11-26 11:00:00,3.5000,2246.4868,1238.7668
2024-11-26 12:00:00,4.0000,2357.8266,1206.1466
2024-11-26 13:00:00,3.5000,2052.2128,1044.4928
2024-11-26 14:00:00,3.0000,1062.7750,199.0150
2024-11-26 15:00:00,3.0000,863.7600,0.0000
2024-11-26 16:00:00,3.0000,863.7600,0.0000
2024-11-26 17:00:00,5.0000,1439.6000,0.0000
2024-11-26 18:00:00,6.0000,1727.5200,0.0000
2024-11-26 19:00:00,7.0000,2015.4400,0.0000
2024-11-26 20:00:00,6.0000,1727.5200,0.0000
2024-11-26 21:00:00,5.0000,1439.6000,0.0000
2024-11-26 22:00:00,4.0000,1151.6800,0.0000
2024-11-26 23:00:00,3.0000,863.7600,0.0000
2024-11-27 00:00:00,2.0000,575.8400,0.0000
2024-11-27 01:00:00,2.0000,575.8400,0.0000
2024-11-27 02:00:00,2.0000,575.8400,0.0000
2024-11-27 03:00:00,2.0000,575.8400,0.0000
2024-11-27 04:00:00,2.0000,575.8400,0.0000
2024-11-27 05:00:00,2.0000,575.8400,0.0000
2024-11-27 06:00:00,5.0000,1439.6000,0.0000
2024-11-27 07:00:00,6.0000,1816.4655,88.9455
2024-11-27 08:00:00,5.0000,2399.7310,960.1310
2024-11-27 09:00:00,3.0000,2024.8667,1161.1067
2024-11-27 10:00:00,3.0000,2099.5523,1235.7923
2024-11-27 11:00:00,3.5000,2239.4179,1231.6979
2024-11-27 12:00:00,4.0000,2351.5514,1199.8714
2024-11-27 13:00:00,3.5000,2046.8330,1039.1130
2024-11-27 14:00:00,3.0000,1057.9555,194.1955
2024-11-27 15:00:00,3.0000,863.7600,0.0000
2024-11-27 16:00:00,3.0000,863.7600,0.0000
2024-11-27 17:00:00,5.0000,1439.6000,0.0000
2024-11-27 18:00:00,6.0000,1727.5200,0.0000
2024-11-27 19:00:00,7.0000,2015.4400,0.0000
2024-11-27 20:00:00,6.0000,1727.5200,0.0000
2024-11-27 21:00:00,5.0000,1439.6000,0.0000
2024-11-27 22:00:00,4.0000,1151.6800,0.0000
2024-11-27 23:00:00,3.0000,863.7600,0.0000
2024-11-28 00:00:00,2.0000,575.8400,0.0000
2024-11-28 01:00:00,2.0000,575.8400,0.0000
2024-11-28 02:00:00,2.0000,575.8400,0.0000
2024-11-28 03:00:00,2.0000,575.8400,0.0000
2024-11-28 04:00:00,2.0000,575.8400,0.0000
2024-11-28 05:00:00,2.0000,575.8400,0.0000
2024-11-28 06:00:00,5.0000,1439.6000,0.0000
2024-11-28 07:00:00,6.0000,1738.2300,10.7100
2024-11-28 08:00:00,5.0000,1575.2600,135.6600
2024-11-28 09:00:00,3.0000,1049.4000,185.6400
2024-11-28 10:00:00,3.0000,981.5700,117.8100
2024-11-28 11:00:00,3.5000,1218.3500,210.6300
2024-11-28 12:00:00,4.0000,1587.2200,435.5400
2024-11-28 13:00:00,3.5000,1582.4900,574.7700
2024-11-28 14:00:00,3.0000,1728.2950,864.5350
2024-11-28 15:00:00,3.0000,1006.5600,142.8000
2024-11-28 16:00:00,3.0000,863.7600,0.0000
2024-11-28 17:00:00,5.0000,1439.6000,0.0000
2024-11-28 18:00:00,6.0000,1727.5200,0.0000
2024-11-28 19:00:00,7.0000,2015.4400,0.0000
2024-11-28 20:00:00,6.0000,1727.5200,0.0000
2024-11-28 21:00:00,5.0000,1439.6000,0.0000
2024-11-28 22:00:00,4.0000,1151.6800,0.0000
2024-11-28 23:00:00,3.0000,863.7600,0.0000
2024-11-29 00:00:00,2.0000,575.8400,0.0000
2024-11-29 01:00:00,2.0000,575.8400,0.0000
2024-11-29 02:00:00,2.0000,575.8400,0.0000
2024-11-29 03:00:00,2.0000,575.8400,0.0000
2024-11-29 04:00:00,2.0000,575.8400,0.0000
2024-11-29 05:00:00,2.0000,575.8400,0.0000
2024-11-29 06:00:00,5.0000,1443.1700,3.5700
2024-11-29 07:00:00,6.0000,2030.3750,302.8550
2024-11-29 08:00:00,5.0000,11259.7756,9820.1756
2024-11-29 09:00:00,3.0000,10751.1757,9887.4157
2024-11-29 10:00:00,3.0000,10205.7681,9342.0081
2024-11-29 11:00:00,3.5000,10019.0632,9011.3432
2024-11-29 12:00:00,4.0000,10940.0349,9788.3549
2024-11-29 13:00:00,3.5000,10972.3790,9964.6590
2024-11-29 14:00:00,3.0000,1501.6000,637.8400
2024-11-29 15:00:00,3.0000,969.0750,105.3150
2024-11-29 16:00:00,3.0000,863.7600,0.0000
2024-11-29 17:00:00,5.0000,1439.6000,0.0000
2024-11-29 18:00:00,6.0000,1727.5200,0.0000
2024-11-29 19:00:00,7.0000,2015.4400,0.0000
2024-11-29 20:00:00,6.0000,1727.5200,0.0000
2024-11-29 21:00:00,5.0000,1439.6000,0.0000
2024-11-29 22:00:00,4.0000,1151.6800,0.0000
2024-11-29 23:00:00,3.0000,863.7600,0.0000
2024-11-30 00:00:00,2.0000,575.8400,0.0000
2024-11-30 01:00:00,2.0000,575.8400,0.0000
2024-11-30 02:00:00,2.0000,575.8400,0.0000
2024-11-30 03:00:00,2.0000,575.8400,0.0000
2024-11-30 04:00:00,2.0000,575.8400,0.0000
2024-11-30 05:00:00,2.0000,575.8400,0.0000
2024-11-30 06:00:00,5.0000,1440.1950,0.5950
2024-11-30 07:00:00,6.0000,1999.4350,271.9150
2024-11-30 08:00:00,5.0000,11221.3105,9781.7105
2024-11-30 09:00:00,4.0000,11002.7403,9851.0603
2024-11-30 10:00:00,4.0000,10451.9659,9300.2859
2024-11-30 11:00:00,4.5000,10267.1772,8971.5372
2024-11-30 12:00:00,5.0000,11195.9726,9756.3726
2024-11-30 13:00:00,4.5000,11242.2265,9946.5865
2024-11-30 14:00:00,4.0000,1774.0500,622.3700
2024-11-30 15:00:00,4.0000,1245.6900,94.0100
2024-11-30 16:00:00,4.0000,1151.6800,0.0000
2024-11-30 17:00:00,6.0000,1727.5200,0.0000
2024-11-30 18:00:00,7.0000,2015.4400,0.0000
2024-11-30 19:00:00,7.5000,2159.4000,0.0000
2024-11-30 20:00:00,7.0000,2015.4400,0.0000
2024-11-30 21:00:00,6.0000,1727.5200,0.0000
2024-11-30 22:00:00,5.0000,1439.6000,0.0000
2024-11-30 23:00:00,4.0000,1151.6800,0.0000
2024-12-01 00:00:00,2.0000,575.8400,0.0000
2024-12-01 01:00:00,2.0000,575.8400,0.0000
2024-12-01 02:00:00,2.0000,575.8400,0.0000
2024-12-01 03:00:00,2.0000,575.8400,0.0000
2024-12-01 04:00:00,2.0000,575.8400,0.0000
2024-12-01 05:00:00,2.0000,575.8400,0.0000
2024-12-01 06:00:00,5.0000,1439.6000,0.0000
2024-12-01 07:00:00,6.0000,2111.2950,383.7750
2024-12-01 08:00:00,5.0000,11297.4591,9857.8591
2024-12-01 09:00:00,4.0000,11063.7982,9912.1182
2024-12-01 10:00:00,4.0000,10542.7942,9391.1142
2024-12-01 11:00:00,4.5000,10310.8520,9015.2120
2024-12-01 12:00:00,5.0000,11202.3419,9762.7419
2024-12-01 13:00:00,4.5000,11249.4944,9953.8544
2024-12-01 14:00:00,4.0000,1772.2650,620.5850
2024-12-01 15:00:00,4.0000,1255.8050,104.1250
2024-12-01 16:00:00,4.0000,1151.6800,0.0000
2024-12-01 17:00:00,6.0000,1727.5200,0.0000
2024-12-01 18:00:00,7.0000,2015.4400,0.0000
2024-12-01 19:00:00,7.5000,2159.4000,0.0000
2024-12-01 20:00:00,7.0000,2015.4400,0.0000
2024-12-01 21:00:00,6.0000,1727.5200,0.0000
2024-12-01 22:00:00,5.0000,1439.6000,0.0000
2024-12-01 23:00:00,4.0000,1151.6800,0.0000
2024-12-02 00:00:00,2.0000,575.8400,0.0000
2024-12-02 01:00:00,2.0000,575.8400,0.0000
2024-12-02 02:00:00,2.0000,575.8400,0.0000
2024-12-02 03:00:00,2.0000,575.8400,0.0000
2024-12-02 04:00:00,2.0000,575.8400,0.0000
2024-12-02 05:00:00,2.0000,575.8400,0.0000
2024-12-02 06:00:00,5.0000,1439.6000,0.0000
2024-12-02 07:00:00,6.0000,1759.6500,32.1300
2024-12-02 08:00:00,5.0000,1860.8600,421.2600
2024-12-02 09:00:00,3.0000,2252.1382,1388.3782
2024-12-02 10:00:00,3.0000,2445.2700,1581.5100
2024-12-02 11:00:00,3.5000,2296.1560,1288.4360
2024-12-02 12:00:00,4.0000,3288.4912,2136.8112
2024-12-02 13:00:00,3.5000,5492.6417,4484.9217
2024-12-02 14:00:00,3.0000,1637.2600,773.5000
2024-12-02 15:00:00,3.0000,967.2900,103.5300
2024-12-02 16:00:00,3.0000,863.7600,0.0000
2024-12-02 17:00:00,5.0000,1439.6000,0.0000
2024-12-02 18:00:00,6.0000,1727.5200,0.0000
2024-12-02 19:00:00,7.0000,2015.4400,0.0000
2024-12-02 20:00:00,6.0000,1727.5200,0.0000
2024-12-02 21:00:00,5.0000,1439.6000,0.0000
2024-12-02 22:00:00,4.0000,1151.6800,0.0000
2024-12-02 23:00:00,3.0000,863.7600,0.0000
2024-12-03 00:00:00,2.0000,575.8400,0.0000
2024-12-03 01:00:00,2.0000,575.8400,0.0000
2024-12-03 02:00:00,2.0000,575.8400,0.0000
2024-12-03 03:00:00,2.0000,575.8400,0.0000
2024-12-03 04:00:00,2.0000,575.8400,0.0000
2024-12-03 05:00:00,2.0000,575.8400,0.0000
2024-12-03 06:00:00,5.0000,1439.6000,0.0000
2024-12-03 07:00:00,6.0000,1756.0800,28.5600
2024-12-03 08:00:00,5.0000,1903.7000,464.1000
2024-12-03 09:00:00,3.0000,1734.8400,871.0800
2024-12-03 10:00:00,3.0000,2077.5796,1213.8196
2024-12-03 11:00:00,3.5000,3573.0403,2565.3203
2024-12-03 12:00:00,4.0000,2477.3070,1325.6270
2024-12-03 13:00:00,3.5000,8379.6035,7371.8835
2024-12-03 14:00:00,3.0000,1557.5300,693.7700
2024-12-03 15:00:00,3.0000,985.1400,121.3800
2024-12-03 16:00:00,3.0000,863.7600,0.0000
2024-12-03 17:00:00,5.0000,1439.6000,0.0000
2024-12-03 18:00:00,6.0000,1727.5200,0.0000
2024-12-03 19:00:00,7.0000,2015.4400,0.0000
2024-12-03 20:00:00,6.0000,1727.5200,0.0000
2024-12-03 21:00:00,5.0000,1439.6000,0.0000
2024-12-03 22:00:00,4.0000,1151.6800,0.0000
2024-12-03 23:00:00,3.0000,863.7600,0.0000
2024-12-04 00:00:00,2.0000,575.8400,0.0000
2024-12-04 01:00:00,2.0000,575.8400,0.0000
2024-12-04 02:00:00,2.0000,575.8400,0.0000
2024-12-04 03:00:00,2.0000,575.8400,0.0000
2024-12-04 04:00:00,2.0000,575.8400,0.0000
2024-12-04 05:00:00,2.0000,575.8400,0.0000
2024-12-04 06:00:00,5.0000,1439.6000,0.0000
2024-12-04 07:00:00,6.0000,1920.3000,192.7800
2024-12-04 08:00:00,5.0000,1632.3800,192.7800
2024-12-04 09:00:00,3.0000,1781.2500,917.4900
2024-12-04 10:00:00,3.0000,2745.1500,1881.3900
2024-12-04 11:00:00,3.5000,2062.5980,1054.8780
2024-12-04 12:00:00,4.0000,1983.4900,831.8100
2024-12-04 13:00:00,3.5000,1605.7937,598.0737
2024-12-04 14:00:00,3.0000,1095.8100,232.0500
2024-12-04 15:00:00,3.0000,867.3300,3.5700
2024-12-04 16:00:00,3.0000,863.7600,0.0000
2024-12-04 17:00:00,5.0000,1439.6000,0.0000
2024-12-04 18:00:00,6.0000,1727.5200,0.0000
2024-12-04 19:00:00,7.0000,2015.4400,0.0000
2024-12-04 20:00:00,6.0000,1727.5200,0.0000
2024-12-04 21:00:00,5.0000,1439.6000,0.0000
2024-12-04 22:00:00,4.0000,1151.6800,0.0000
2024-12-04 23:00:00,3.0000,863.7600,0.0000
2024-12-05 00:00:00,2.0000,575.8400,0.0000
2024-12-05 01:00:00,2.0000,575.8400,0.0000
2024-12-05 02:00:00,2.0000,575.8400,0.0000
2024-12-05 03:00:00,2.0000,575.8400,0.0000
2024-12-05 04:00:00,2.0000,575.8400,0.0000
2024-12-05 05:00:00,2.0000,575.8400,0.0000
2024-12-05 06:00:00,5.0000,1439.6000,0.0000
2024-12-05 07:00:00,6.0000,1945.2900,217.7700
2024-12-05 08:00:00,5.0000,9892.5137,8452.9137
2024-12-05 09:00:00,3.0000,10756.6812,9892.9212
2024-12-05 10:00:00,3.0000,10216.9768,9353.2168
2024-12-05 11:00:00,3.5000,9322.5736,8314.8536
2024-12-05 12:00:00,4.0000,10627.4176,9475.7376
2024-12-05 13:00:00,3.5000,4909.7713,3902.0513
2024-12-05 14:00:00,3.0000,1638.4500,774.6900
2024-12-05 15:00:00,3.0000,892.3200,28.5600
2024-12-05 16:00:00,3.0000,863.7600,0.0000
2024-12-05 17:00:00,5.0000,1439.6000,0.0000
2024-12-05 18:00:00,6.0000,1727.5200,0.0000
2024-12-05 19:00:00,7.0000,2015.4400,0.0000
2024-12-05 20:00:00,6.0000,1727.5200,0.0000
2024-12-05 21:00:00,5.0000,1439.6000,0.0000
2024-12-05 22:00:00,4.0000,1151.6800,0.0000
2024-12-05 23:00:00,3.0000,863.7600,0.0000
2024-12-06 00:00:00,2.0000,575.8400,0.0000
2024-12-06 01:00:00,2.0000,575.8400,0.0000
2024-12-06 02:00:00,2.0000,575.8400,0.0000
2024-12-06 03:00:00,2.0000,575.8400,0.0000
2024-12-06 04:00:00,2.0000,575.8400,0.0000
2024-12-06 05:00:00,2.0000,575.8400,0.0000
2024-12-06 06:00:00,5.0000,1439.6000,0.0000
2024-12-06 07:00:00,6.0000,1781.0700,53.5500
2024-12-06 08:00:00,5.0000,2272.8093,833.2093
2024-12-06 09:00:00,3.0000,1839.8844,976.1244
2024-12-06 10:00:00,3.0000,1484.9400,621.1800
2024-12-06 11:00:00,3.5000,2511.4869,1503.7669
2024-12-06 12:00:00,4.0000,10357.8360,9206.1560
2024-12-06 13:00:00,3.5000,4473.5603,3465.8403
2024-12-06 14:00:00,3.0000,1002.9900,139.2300
2024-12-06 15:00:00,3.0000,942.3000,78.5400
2024-12-06 16:00:00,3.0000,863.7600,0.0000
2024-12-06 17:00:00,5.0000,1439.6000,0.0000
2024-12-06 18:00:00,6.0000,1727.5200,0.0000
2024-12-06 19:00:00,7.0000,2015.4400,0.0000
2024-12-06 20:00:00,6.0000,1727.5200,0.0000
2024-12-06 21:00:00,5.0000,1439.6000,0.0000
2024-12-06 22:00:00,4.0000,1151.6800,0.0000
2024-12-06 23:00:00,3.0000,863.7600,0.0000
2024-12-07 00:00:00,2.0000,575.8400,0.0000
2024-12-07 01:00:00,2.0000,575.8400,0.0000
2024-12-07 02:00:00,2.0000,575.8400,0.0000
2024-12-07 03:00:00,2.0000,575.8400,0.0000
2024-12-07 04:00:00,2.0000,575.8400,0.0000
2024-12-07 05:00:00,2.0000,575.8400,0.0000
2024-12-07 06:00:00,5.0000,1439.6000,0.0000
2024-12-07 07:00:00,6.0000,1845.3300,117.8100
2024-12-07 08:00:00,5.0000,2333.5969,893.9969
2024-12-07 09:00:00,4.0000,2022.7600,871.0800
2024-12-07 10:00:00,4.0000,1847.8300,696.1500
2024-12-07 11:00:00,4.5000,2438.0400,1142.4000
2024-12-07 12:00:00,5.0000,2521.3100,1081.7100
2024-12-07 13:00:00,4.5000,1838.2800,542.6400
2024-12-07 14:00:00,4.0000,1351.6000,199.9200
2024-12-07 15:00:00,4.0000,1155.2500,3.5700
2024-12-07 16:00:00,4.0000,1151.6800,0.0000
2024-12-07 17:00:00,6.0000,1727.5200,0.0000
2024-12-07 18:00:00,7.0000,2015.4400,0.0000
2024-12-07 19:00:00,7.5000,2159.4000,0.0000
2024-12-07 20:00:00,7.0000,2015.4400,0.0000
2024-12-07 21:00:00,6.0000,1727.5200,0.0000
2024-12-07 22:00:00,5.0000,1439.6000,0.0000
2024-12-07 23:00:00,4.0000,1151.6800,0.0000
2024-12-08 00:00:00,2.0000,575.8400,0.0000
2024-12-08 01:00:00,2.0000,575.8400,0.0000
2024-12-08 02:00:00,2.0000,575.8400,0.0000
2024-12-08 03:00:00,2.0000,575.8400,0.0000
2024-12-08 04:00:00,2.0000,575.8400,0.0000
2024-12-08 05:00:00,2.0000,575.8400,0.0000
2024-12-08 06:00:00,5.0000,1439.6000,0.0000
2024-12-08 07:00:00,6.0000,1863.1800,135.6600
2024-12-08 08:00:00,5.0000,2415.1896,975.5896
2024-12-08 09:00:00,4.0000,3134.6624,1982.9824
2024-12-08 10:00:00,4.0000,4361.0582,3209.3782
2024-12-08 11:00:00,4.5000,2802.1800,1506.5400
2024-12-08 12:00:00,5.0000,2439.2000,999.6000
2024-12-08 13:00:00,4.5000,1848.9900,553.3500
2024-12-08 14:00:00,4.0000,1376.5900,224.9100
2024-12-08 15:00:00,4.0000,1176.6700,24.9900
2024-12-08 16:00:00,4.0000,1151.6800,0.0000
2024-12-08 17:00:00,6.0000,1727.5200,0.0000
2024-12-08 18:00:00,7.0000,2015.4400,0.0000
2024-12-08 19:00:00,7.5000,2159.4000,0.0000
2024-12-08 20:00:00,7.0000,2015.4400,0.0000
2024-12-08 21:00:00,6.0000,1727.5200,0.0000
2024-12-08 22:00:00,5.0000,1439.6000,0.0000
2024-12-08 23:00:00,4.0000,1151.6800,0.0000
2024-12-09 00:00:00,2.0000,575.8400,0.0000
2024-12-09 01:00:00,2.0000,575.8400,0.0000
2024-12-09 02:00:00,2.0000,575.8400,0.0000
2024-12-09 03:00:00,2.0000,575.8400,0.0000
2024-12-09 04:00:00,2.0000,575.8400,0.0000
2024-12-09 05:00:00,2.0000,575.8400,0.0000
2024-12-09 06:00:00,5.0000,1439.6000,0.0000
2024-12-09 07:00:00,6.0000,1734.6600,7.1400
2024-12-09 08:00:00,5.0000,1942.9700,503.3700
2024-12-09 09:00:00,3.0000,2072.9597,1209.1997
2024-12-09 10:00:00,3.0000,2828.6551,1964.8951
2024-12-09 11:00:00,3.5000,2223.4631,1215.7431
2024-12-09 12:00:00,4.0000,2283.9909,1132.3109
2024-12-09 13:00:00,3.5000,4125.8934,3118.1734
2024-12-09 14:00:00,3.0000,1899.0600,1035.3000
2024-12-09 15:00:00,3.0000,967.2900,103.5300
2024-12-09 16:00:00,3.0000,863.7600,0.0000
2024-12-09 17:00:00,5.0000,1439.6000,0.0000
2024-12-09 18:00:00,6.0000,1727.5200,0.0000
2024-12-09 19:00:00,7.0000,2015.4400,0.0000
2024-12-09 20:00:00,6.0000,1727.5200,0.0000
2024-12-09 21:00:00,5.0000,1439.6000,0.0000
2024-12-09 22:00:00,4.0000,1151.6800,0.0000
2024-12-09 23:00:00,3.0000,863.7600,0.0000
2024-12-10 00:00:00,2.0000,575.8400,0.0000
2024-12-10 01:00:00,2.0000,575.8400,0.0000
2024-12-10 02:00:00,2.0000,575.8400,0.0000
2024-12-10 03:00:00,2.0000,575.8400,0.0000
2024-12-10 04:00:00,2.0000,575.8400,0.0000
2024-12-10 05:00:00,2.0000,575.8400,0.0000
2024-12-10 06:00:00,5.0000,1439.6000,0.0000
2024-12-10 07:00:00,6.0000,1784.6400,57.1200
2024-12-10 08:00:00,5.0000,1743.0500,303.4500
2024-12-10 09:00:00,3.0000,1256.4600,392.7000
2024-12-10 10:00:00,3.0000,1445.6700,581.9100
2024-12-10 11:00:00,3.5000,1553.9300,546.2100
2024-12-10 12:00:00,4.0000,1619.3500,467.6700
2024-12-10 13:00:00,3.5000,1307.6000,299.8800
2024-12-10 14:00:00,3.0000,963.7200,99.9600
2024-12-10 15:00:00,3.0000,870.9000,7.1400
2024-12-10 16:00:00,3.0000,863.7600,0.0000
2024-12-10 17:00:00,5.0000,1439.6000,0.0000
2024-12-10 18:00:00,6.0000,1727.5200,0.0000
2024-12-10 19:00:00,7.0000,2015.4400,0.0000
2024-12-10 20:00:00,6.0000,1727.5200,0.0000
2024-12-10 21:00:00,5.0000,1439.6000,0.0000
2024-12-10 22:00:00,4.0000,1151.6800,0.0000
2024-12-10 23:00:00,3.0000,863.7600,0.0000
2024-12-11 00:00:00,2.0000,575.8400,0.0000
2024-12-11 01:00:00,2.0000,575.8400,0.0000
2024-12-11 02:00:00,2.0000,575.8400,0.0000
2024-12-11 03:00:00,2.0000,575.8400,0.0000
2024-12-11 04:00:00,2.0000,575.8400,0.0000
2024-12-11 05:00:00,2.0000,575.8400,0.0000
2024-12-11 06:00:00,5.0000,1439.6000,0.0000
2024-12-11 07:00:00,6.0000,1766.7900,39.2700
2024-12-11 08:00:00,5.0000,1607.3900,167.7900
2024-12-11 09:00:00,3.0000,1724.1300,860.3700
2024-12-11 10:00:00,3.0000,2530.3516,1666.5916
2024-12-11 11:00:00,3.5000,2869.6925,1861.9725
2024-12-11 12:00:00,4.0000,2219.1100,1067.4300
2024-12-11 13:00:00,3.5000,1546.7900,539.0700
2024-12-11 14:00:00,3.0000,1017.2700,153.5100
2024-12-11 15:00:00,3.0000,867.3300,3.5700
2024-12-11 16:00:00,3.0000,863.7600,0.0000
2024-12-11 17:00:00,5.0000,1439.6000,0.0000
2024-12-11 18:00:00,6.0000,1727.5200,0.0000
2024-12-11 19:00:00,7.0000,2015.4400,0.0000
2024-12-11 20:00:00,6.0000,1727.5200,0.0000
2024-12-11 21:00:00,5.0000,1439.6000,0.0000
2024-12-11 22:00:00,4.0000,1151.6800,0.0000
2024-12-11 23:00:00,3.0000,863.7600,0.0000
2024-12-12 00:00:00,2.0000,575.8400,0.0000
2024-12-12 01:00:00,2.0000,575.8400,0.0000
2024-12-12 02:00:00,2.0000,575.8400,0.0000
2024-12-12 03:00:00,2.0000,575.8400,0.0000
2024-12-12 04:00:00,2.0000,575.8400,0.0000
2024-12-12 05:00:00,2.0000,575.8400,0.0000
2024-12-12 06:00:00,5.0000,1439.6000,0.0000
2024-12-12 07:00:00,6.0000,1777.5000,49.9800
2024-12-12 08:00:00,5.0000,1818.0200,378.4200
2024-12-12 09:00:00,3.0000,1745.5500,881.7900
2024-12-12 10:00:00,3.0000,2234.6400,1370.8800
2024-12-12 11:00:00,3.5000,2464.2800,1456.5600
2024-12-12 12:00:00,4.0000,2497.5700,1345.8900
2024-12-12 13:00:00,3.5000,1932.3500,924.6300
2024-12-12 14:00:00,3.0000,1167.2100,303.4500
2024-12-12 15:00:00,3.0000,870.9000,7.1400
2024-12-12 16:00:00,3.0000,863.7600,0.0000
2024-12-12 17:00:00,5.0000,1439.6000,0.0000
2024-12-12 18:00:00,6.0000,1727.5200,0.0000
2024-12-12 19:00:00,7.0000,2015.4400,0.0000
2024-12-12 20:00:00,6.0000,1727.5200,0.0000
2024-12-12 21:00:00,5.0000,1439.6000,0.0000
2024-12-12 22:00:00,4.0000,1151.6800,0.0000
2024-12-12 23:00:00,3.0000,863.7600,0.0000
2024-12-13 00:00:00,2.0000,575.8400,0.0000
2024-12-13 01:00:00,2.0000,575.8400,0.0000
2024-12-13 02:00:00,2.0000,575.8400,0.0000
2024-12-13 03:00:00,2.0000,575.8400,0.0000
2024-12-13 04:00:00,2.0000,575.8400,0.0000
2024-12-13 05:00:00,2.0000,575.8400,0.0000
2024-12-13 06:00:00,5.0000,1439.6000,0.0000
2024-12-13 07:00:00,6.0000,1798.9200,71.4000
2024-12-13 08:00:00,5.0000,2010.8000,571.2000
2024-12-13 09:00:00,3.0000,2344.7087,1480.9487
2024-12-13 10:00:00,3.0000,3914.4432,3050.6832
2024-12-13 11:00:00,3.5000,9908.1666,8900.4466
2024-12-13 12:00:00,4.0000,10814.5813,9662.9013
2024-12-13 13:00:00,3.5000,8333.9488,7326.2288
2024-12-13 14:00:00,3.0000,1600.3700,736.6100
2024-12-13 15:00:00,3.0000,967.2900,103.5300
2024-12-13 16:00:00,3.0000,863.7600,0.0000
2024-12-13 17:00:00,5.0000,1439.6000,0.0000
2024-12-13 18:00:00,6.0000,1727.5200,0.0000
2024-12-13 19:00:00,7.0000,2015.4400,0.0000
2024-12-13 20:00:00,6.0000,1727.5200,0.0000
2024-12-13 21:00:00,5.0000,1439.6000,0.0000
2024-12-13 22:00:00,4.0000,1151.6800,0.0000
2024-12-13 23:00:00,3.0000,863.7600,0.0000
2024-12-14 00:00:00,2.0000,575.8400,0.0000
2024-12-14 01:00:00,2.0000,575.8400,0.0000
2024-12-14 02:00:00,2.0000,575.8400,0.0000
2024-12-14 03:00:00,2.0000,575.8400,0.0000
2024-12-14 04:00:00,2.0000,575.8400,0.0000
2024-12-14 05:00:00,2.0000,575.8400,0.0000
2024-12-14 06:00:00,5.0000,1439.6000,0.0000
2024-12-14 07:00:00,6.0000,1798.9200,71.4000
2024-12-14 08:00:00,5.0000,2014.3700,574.7700
2024-12-14 09:00:00,4.0000,3104.9927,1953.3127
2024-12-14 10:00:00,4.0000,2839.4117,1687.7317
2024-12-14 11:00:00,4.5000,2426.3723,1130.7323
2024-12-14 12:00:00,5.0000,2100.0500,660.4500
2024-12-14 13:00:00,4.5000,1741.8900,446.2500
2024-12-14 14:00:00,4.0000,1258.7800,107.1000
2024-12-14 15:00:00,4.0000,1155.2500,3.5700
2024-12-14 16:00:00,4.0000,1151.6800,0.0000
2024-12-14 17:00:00,6.0000,1727.5200,0.0000
2024-12-14 18:00:00,7.0000,2015.4400,0.0000
2024-12-14 19:00:00,7.5000,2159.4000,0.0000
2024-12-14 20:00:00,7.0000,2015.4400,0.0000
2024-12-14 21:00:00,6.0000,1727.5200,0.0000
2024-12-14 22:00:00,5.0000,1439.6000,0.0000
2024-12-14 23:00:00,4.0000,1151.6800,0.0000
2024-12-15 00:00:00,2.0000,575.8400,0.0000
2024-12-15 01:00:00,2.0000,575.8400,0.0000
2024-12-15 02:00:00,2.0000,575.8400,0.0000
2024-12-15 03:00:00,2.0000,575.8400,0.0000
2024-12-15 04:00:00,2.0000,575.8400,0.0000
2024-12-15 05:00:00,2.0000,575.8400,0.0000
2024-12-15 06:00:00,5.0000,1439.6000,0.0000
2024-12-15 07:00:00,6.0000,1756.0800,28.5600
2024-12-15 08:00:00,5.0000,2114.4306,674.8306
2024-12-15 09:00:00,4.0000,2015.1957,863.5157
2024-12-15 10:00:00,4.0000,2008.4800,856.8000
2024-12-15 11:00:00,4.5000,6109.9524,4814.3124
2024-12-15 12:00:00,5.0000,5627.0065,4187.4065
2024-12-15 13:00:00,4.5000,5000.8978,3705.2578
2024-12-15 14:00:00,4.0000,1595.5500,443.8700
2024-12-15 15:00:00,4.0000,1187.3800,35.7000
2024-12-15 16:00:00,4.0000,1151.6800,0.0000
2024-12-15 17:00:00,6.0000,1727.5200,0.0000
2024-12-15 18:00:00,7.0000,2015.4400,0.0000
2024-12-15 19:00:00,7.5000,2159.4000,0.0000
2024-12-15 20:00:00,7.0000,2015.4400,0.0000
2024-12-15 21:00:00,6.0000,1727.5200,0.0000
2024-12-15 22:00:00,5.0000,1439.6000,0.0000
2024-12-15 23:00:00,4.0000,1151.6800,0.0000
2024-12-16 00:00:00,2.0000,575.8400,0.0000
2024-12-16 01:00:00,2.0000,575.8400,0.0000
2024-12-16 02:00:00,2.0000,575.8400,0.0000
2024-12-16 03:00:00,2.0000,575.8400,0.0000
2024-12-16 04:00:00,2.0000,575.8400,0.0000
2024-12-16 05:00:00,2.0000,575.8400,0.0000
2024-12-16 06:00:00,5.0000,1439.6000,0.0000
2024-12-16 07:00:00,6.0000,1756.0800,28.5600
2024-12-16 08:00:00,5.0000,1918.3089,478.7089
2024-12-16 09:00:00,3.0000,10362.1510,9498.3910
2024-12-16 10:00:00,3.0000,10421.7675,9558.0075
2024-12-16 11:00:00,3.5000,9852.3065,8844.5865
2024-12-16 12:00:00,4.0000,10916.7892,9765.1092
2024-12-16 13:00:00,3.5000,10967.9833,9960.2633
2024-12-16 14:00:00,3.0000,1461.7350,597.9750
2024-12-16 15:00:00,3.0000,954.7950,91.0350
2024-12-16 16:00:00,3.0000,863.7600,0.0000
2024-12-16 17:00:00,5.0000,1439.6000,0.0000
2024-12-16 18:00:00,6.0000,1727.5200,0.0000
2024-12-16 19:00:00,7.0000,2015.4400,0.0000
2024-12-16 20:00:00,6.0000,1727.5200,0.0000
2024-12-16 21:00:00,5.0000,1439.6000,0.0000
2024-12-16 22:00:00,4.0000,1151.6800,0.0000
2024-12-16 23:00:00,3.0000,863.7600,0.0000
2024-12-17 00:00:00,2.0000,575.8400,0.0000
2024-12-17 01:00:00,2.0000,575.8400,0.0000
2024-12-17 02:00:00,2.0000,575.8400,0.0000
2024-12-17 03:00:00,2.0000,575.8400,0.0000
2024-12-17 04:00:00,2.0000,575.8400,0.0000
2024-12-17 05:00:00,2.0000,575.8400,0.0000
2024-12-17 06:00:00,5.0000,1439.6000,0.0000
2024-12-17 07:00:00,6.0000,1829.2650,101.7450
2024-12-17 08:00:00,5.0000,11102.1711,9662.5711
2024-12-17 09:00:00,3.0000,10674.9767,9811.2167
2024-12-17 10:00:00,3.0000,10205.4992,9341.7392
2024-12-17 11:00:00,3.5000,9804.3292,8796.6092
2024-12-17 12:00:00,4.0000,10824.3690,9672.6890
2024-12-17 13:00:00,3.5000,5695.9879,4688.2679
2024-12-17 14:00:00,3.0000,1768.7550,904.9950
2024-12-17 15:00:00,3.0000,968.4800,104.7200
2024-12-17 16:00:00,3.0000,863.7600,0.0000
2024-12-17 17:00:00,5.0000,1439.6000,0.0000
2024-12-17 18:00:00,6.0000,1727.5200,0.0000
2024-12-17 19:00:00,7.0000,2015.4400,0.0000
2024-12-17 20:00:00,6.0000,1727.5200,0.0000
2024-12-17 21:00:00,5.0000,1439.6000,0.0000
2024-12-17 22:00:00,4.0000,1151.6800,0.0000
2024-12-17 23:00:00,3.0000,863.7600,0.0000
2024-12-18 00:00:00,2.0000,575.8400,0.0000
2024-12-18 01:00:00,2.0000,575.8400,0.0000
2024-12-18 02:00:00,2.0000,575.8400,0.0000
2024-12-18 03:00:00,2.0000,575.8400,0.0000
2024-12-18 04:00:00,2.0000,575.8400,0.0000
2024-12-18 05:00:00,2.0000,575.8400,0.0000
2024-12-18 06:00:00,5.0000,1439.6000,0.0000
2024-12-18 07:00:00,6.0000,1863.7750,136.2550
2024-12-18 08:00:00,5.0000,2587.6204,1148.0204
2024-12-18 09:00:00,3.0000,2098.7667,1235.0067
2024-12-18 10:00:00,3.0000,1834.8000,971.0400
2024-12-18 11:00:00,3.5000,2309.2256,1301.5056
2024-12-18 12:00:00,4.0000,2083.4500,931.7700
2024-12-18 13:00:00,3.5000,2638.6446,1630.9246
2024-12-18 14:00:00,3.0000,1135.0800,271.3200
2024-12-18 15:00:00,3.0000,1020.8400,157.0800
2024-12-18 16:00:00,3.0000,863.7600,0.0000
2024-12-18 17:00:00,5.0000,1439.6000,0.0000
2024-12-18 18:00:00,6.0000,1727.5200,0.0000
2024-12-18 19:00:00,7.0000,2015.4400,0.0000
2024-12-18 20:00:00,6.0000,1727.5200,0.0000
2024-12-18 21:00:00,5.0000,1439.6000,0.0000
2024-12-18 22:00:00,4.0000,1151.6800,0.0000
2024-12-18 23:00:00,3.0000,863.7600,0.0000
2024-12-19 00:00:00,2.0000,575.8400,0.0000
2024-12-19 01:00:00,2.0000,575.8400,0.0000
2024-12-19 02:00:00,2.0000,575.8400,0.0000
2024-12-19 03:00:00,2.0000,575.8400,0.0000
2024-12-19 04:00:00,2.0000,575.8400,0.0000
2024-12-19 05:00:00,2.0000,575.8400,0.0000
2024-12-19 06:00:00,5.0000,1439.6000,0.0000
2024-12-19 07:00:00,6.0000,1763.2200,35.7000
2024-12-19 08:00:00,5.0000,1735.9100,296.3100
2024-12-19 09:00:00,3.0000,1524.2100,660.4500
2024-12-19 10:00:00,3.0000,2994.8806,2131.1206
2024-12-19 11:00:00,3.5000,3902.7722,2895.0522
2024-12-19 12:00:00,4.0000,2877.4304,1725.7504
2024-12-19 13:00:00,3.5000,2159.6124,1151.8924
2024-12-19 14:00:00,3.0000,1449.8350,586.0750
2024-12-19 15:00:00,3.0000,953.0100,89.2500
2024-12-19 16:00:00,3.0000,863.7600,0.0000
2024-12-19 17:00:00,5.0000,1439.6000,0.0000
2024-12-19 18:00:00,6.0000,1727.5200,0.0000
2024-12-19 19:00:00,7.0000,2015.4400,0.0000
2024-12-19 20:00:00,6.0000,1727.5200,0.0000
2024-12-19 21:00:00,5.0000,1439.6000,0.0000
2024-12-19 22:00:00,4.0000,1151.6800,0.0000
2024-12-19 23:00:00,3.0000,863.7600,0.0000
2024-12-20 00:00:00,2.0000,575.8400,0.0000
2024-12-20 01:00:00,2.0000,575.8400,0.0000
2024-12-20 02:00:00,2.0000,575.8400,0.0000
2024-12-20 03:00:00,2.0000,575.8400,0.0000
2024-12-20 04:00:00,2.0000,575.8400,0.0000
2024-12-20 05:00:00,2.0000,575.8400,0.0000
2024-12-20 06:00:00,5.0000,1439.6000,0.0000
2024-12-20 07:00:00,6.0000,1734.6600,7.1400
2024-12-20 08:00:00,5.0000,1610.9600,171.3600
2024-12-20 09:00:00,3.0000,1324.2900,460.5300
2024-12-20 10:00:00,3.0000,1584.9000,721.1400
2024-12-20 11:00:00,3.5000,2117.9900,1110.2700
2024-12-20 12:00:00,4.0000,2137.6973,986.0173
2024-12-20 13:00:00,3.5000,1686.0200,678.3000
2024-12-20 14:00:00,3.0000,1392.7150,528.9550
2024-12-20 15:00:00,3.0000,970.8600,107.1000
2024-12-20 16:00:00,3.0000,863.7600,0.0000
2024-12-20 17:00:00,5.0000,1439.6000,0.0000
2024-12-20 18:00:00,6.0000,1727.5200,0.0000
2024-12-20 19:00:00,7.0000,2015.4400,0.0000
2024-12-20 20:00:00,6.0000,1727.5200,0.0000
2024-12-20 21:00:00,5.0000,1439.6000,0.0000
2024-12-20 22:00:00,4.0000,1151.6800,0.0000
2024-12-20 23:00:00,3.0000,863.7600,0.0000
2024-12-21 00:00:00,2.0000,575.8400,0.0000
2024-12-21 01:00:00,2.0000,575.8400,0.0000
2024-12-21 02:00:00,2.0000,575.8400,0.0000
2024-12-21 03:00:00,2.0000,575.8400,0.0000
2024-12-21 04:00:00,2.0000,575.8400,0.0000
2024-12-21 05:00:00,2.0000,575.8400,0.0000
2024-12-21 06:00:00,5.0000,1439.6000,0.0000
2024-12-21 07:00:00,6.0000,1777.5000,49.9800
2024-12-21 08:00:00,5.0000,3343.8948,1904.2948
2024-12-21 09:00:00,4.0000,11005.4716,9853.7916
2024-12-21 10:00:00,4.0000,10539.1838,9387.5038
2024-12-21 11:00:00,4.5000,7662.5732,6366.9332
2024-12-21 12:00:00,5.0000,6963.9152,5524.3152
2024-12-21 13:00:00,4.5000,5322.4316,4026.7916
2024-12-21 14:00:00,4.0000,1923.3950,771.7150
2024-12-21 15:00:00,4.0000,1283.7700,132.0900
2024-12-21 16:00:00,4.0000,1151.6800,0.0000
2024-12-21 17:00:00,6.0000,1727.5200,0.0000
2024-12-21 18:00:00,7.0000,2015.4400,0.0000
2024-12-21 19:00:00,7.5000,2159.4000,0.0000
2024-12-21 20:00:00,7.0000,2015.4400,0.0000
2024-12-21 21:00:00,6.0000,1727.5200,0.0000
2024-12-21 22:00:00,5.0000,1439.6000,0.0000
2024-12-21 23:00:00,4.0000,1151.6800,0.0000
2024-12-22 00:00:00,2.0000,575.8400,0.0000
2024-12-22 01:00:00,2.0000,575.8400,0.0000
2024-12-22 02:00:00,2.0000,575.8400,0.0000
2024-12-22 03:00:00,2.0000,575.8400,0.0000
2024-12-22 04:00:00,2.0000,575.8400,0.0000
2024-12-22 05:00:00,2.0000,575.8400,0.0000
2024-12-22 06:00:00,5.0000,1439.6000,0.0000
2024-12-22 07:00:00,6.0000,1727.5200,0.0000
2024-12-22 08:00:00,5.0000,1560.9800,121.3800
2024-12-22 09:00:00,4.0000,1351.6000,199.9200
2024-12-22 10:00:00,4.0000,1826.4100,674.7300
2024-12-22 11:00:00,4.5000,1895.4000,599.7600
2024-12-22 12:00:00,5.0000,2482.0400,1042.4400
2024-12-22 13:00:00,4.5000,1641.9300,346.2900
2024-12-22 14:00:00,4.0000,1330.1800,178.5000
2024-12-22 15:00:00,4.0000,1176.6700,24.9900
2024-12-22 16:00:00,4.0000,1151.6800,0.0000
2024-12-22 17:00:00,6.0000,1727.5200,0.0000
2024-12-22 18:00:00,7.0000,2015.4400,0.0000
2024-12-22 19:00:00,7.5000,2159.4000,0.0000
2024-12-22 20:00:00,7.0000,2015.4400,0.0000
2024-12-22 21:00:00,6.0000,1727.5200,0.0000
2024-12-22 22:00:00,5.0000,1439.6000,0.0000
2024-12-22 23:00:00,4.0000,1151.6800,0.0000
2024-12-23 00:00:00,2.0000,575.8400,0.0000
2024-12-23 01:00:00,2.0000,575.8400,0.0000
2024-12-23 02:00:00,2.0000,575.8400,0.0000
2024-12-23 03:00:00,2.0000,575.8400,0.0000
2024-12-23 04:00:00,2.0000,575.8400,0.0000
2024-12-23 05:00:00,2.0000,575.8400,0.0000
2024-12-23 06:00:00,5.0000,1439.6000,0.0000
2024-12-23 07:00:00,6.0000,1856.0400,128.5200
2024-12-23 08:00:00,5.0000,2446.2431,1006.6431
2024-12-23 09:00:00,3.0000,2377.4162,1513.6562
2024-12-23 10:00:00,3.0000,2809.1939,1945.4339
2024-12-23 11:00:00,3.5000,5327.9811,4320.2611
2024-12-23 12:00:00,4.0000,6035.7259,4884.0459
2024-12-23 13:00:00,3.5000,1698.7609,691.0409
2024-12-23 14:00:00,3.0000,953.0100,89.2500
2024-12-23 15:00:00,3.0000,867.3300,3.5700
2024-12-23 16:00:00,3.0000,863.7600,0.0000
2024-12-23 17:00:00,5.0000,1439.6000,0.0000
2024-12-23 18:00:00,6.0000,1727.5200,0.0000
2024-12-23 19:00:00,7.0000,2015.4400,0.0000
2024-12-23 20:00:00,6.0000,1727.5200,0.0000
2024-12-23 21:00:00,5.0000,1439.6000,0.0000
2024-12-23 22:00:00,4.0000,1151.6800,0.0000
2024-12-23 23:00:00,3.0000,863.7600,0.0000
2024-12-24 00:00:00,2.0000,575.8400,0.0000
2024-12-24 01:00:00,2.0000,575.8400,0.0000
2024-12-24 02:00:00,2.0000,575.8400,0.0000
2024-12-24 03:00:00,2.0000,575.8400,0.0000
2024-12-24 04:00:00,2.0000,575.8400,0.0000
2024-12-24 05:00:00,2.0000,575.8400,0.0000
2024-12-24 06:00:00,5.0000,1439.6000,0.0000
2024-12-24 07:00:00,6.0000,1763.2200,35.7000
2024-12-24 08:00:00,5.0000,1875.1400,435.5400
2024-12-24 09:00:00,3.0000,2223.9182,1360.1582
2024-12-24 10:00:00,3.0000,2741.3632,1877.6032
2024-12-24 11:00:00,3.5000,2841.1036,1833.3836
2024-12-24 12:00:00,4.0000,2956.9780,1805.2980
2024-12-24 13:00:00,3.5000,4391.5738,3383.8538
2024-12-24 14:00:00,3.0000,1214.2150,350.4550
2024-12-24 15:00:00,3.0000,920.8800,57.1200
2024-12-24 16:00:00,3.0000,863.7600,0.0000
2024-12-24 17:00:00,5.0000,1439.6000,0.0000
2024-12-24 18:00:00,6.0000,1727.5200,0.0000
2024-12-24 19:00:00,7.0000,2015.4400,0.0000
2024-12-24 20:00:00,6.0000,1727.5200,0.0000
2024-12-24 21:00:00,5.0000,1439.6000,0.0000
2024-12-24 22:00:00,4.0000,1151.6800,0.0000
2024-12-24 23:00:00,3.0000,863.7600,0.0000
2024-12-25 00:00:00,2.0000,575.8400,0.0000
2024-12-25 01:00:00,2.0000,575.8400,0.0000
2024-12-25 02:00:00,2.0000,575.8400,0.0000
2024-12-25 03:00:00,2.0000,575.8400,0.0000
2024-12-25 04:00:00,2.0000,575.8400,0.0000
2024-12-25 05:00:00,2.0000,575.8400,0.0000
2024-12-25 06:00:00,5.0000,1439.6000,0.0000
2024-12-25 07:00:00,6.0000,1828.0750,100.5550
2024-12-25 08:00:00,5.0000,11087.4178,9647.8178
2024-12-25 09:00:00,3.0000,10717.4744,9853.7144
2024-12-25 10:00:00,3.0000,10302.6644,9438.9044
2024-12-25 11:00:00,3.5000,9767.9732,8760.2532
2024-12-25 12:00:00,4.0000,10804.3406,9652.6606
2024-12-25 13:00:00,3.5000,10952.0908,9944.3708
2024-12-25 14:00:00,3.0000,1495.6500,631.8900
2024-12-25 15:00:00,3.0000,988.7100,124.9500
2024-12-25 16:00:00,3.0000,863.7600,0.0000
2024-12-25 17:00:00,5.0000,1439.6000,0.0000
2024-12-25 18:00:00,6.0000,1727.5200,0.0000
2024-12-25 19:00:00,7.0000,2015.4400,0.0000
2024-12-25 20:00:00,6.0000,1727.5200,0.0000
2024-12-25 21:00:00,5.0000,1439.6000,0.0000
2024-12-25 22:00:00,4.0000,1151.6800,0.0000
2024-12-25 23:00:00,3.0000,863.7600,0.0000
2024-12-26 00:00:00,2.0000,575.8400,0.0000
2024-12-26 01:00:00,2.0000,575.8400,0.0000
2024-12-26 02:00:00,2.0000,575.8400,0.0000
2024-12-26 03:00:00,2.0000,575.8400,0.0000
2024-12-26 04:00:00,2.0000,575.8400,0.0000
2024-12-26 05:00:00,2.0000,575.8400,0.0000
2024-12-26 06:00:00,5.0000,1439.6000,0.0000
2024-12-26 07:00:00,6.0000,1825.1000,97.5800
2024-12-26 08:00:00,5.0000,11091.2216,9651.6216
2024-12-26 09:00:00,3.0000,10735.1429,9871.3829
2024-12-26 10:00:00,3.0000,10321.3521,9457.5921
2024-12-26 11:00:00,3.5000,9780.9310,8773.2110
2024-12-26 12:00:00,4.0000,10811.3407,9659.6607
2024-12-26 13:00:00,3.5000,10965.2879,9957.5679
2024-12-26 14:00:00,3.0000,1521.2350,657.4750
2024-12-26 15:00:00,3.0000,996.4450,132.6850
2024-12-26 16:00:00,3.0000,863.7600,0.0000
2024-12-26 17:00:00,5.0000,1439.6000,0.0000
2024-12-26 18:00:00,6.0000,1727.5200,0.0000
2024-12-26 19:00:00,7.0000,2015.4400,0.0000
2024-12-26 20:00:00,6.0000,1727.5200,0.0000
2024-12-26 21:00:00,5.0000,1439.6000,0.0000
2024-12-26 22:00:00,4.0000,1151.6800,0.0000
2024-12-26 23:00:00,3.0000,863.7600,0.0000
2024-12-27 00:00:00,2.0000,575.8400,0.0000
2024-12-27 01:00:00,2.0000,575.8400,0.0000
2024-12-27 02:00:00,2.0000,575.8400,0.0000
2024-12-27 03:00:00,2.0000,575.8400,0.0000
2024-12-27 04:00:00,2.0000,575.8400,0.0000
2024-12-27 05:00:00,2.0000,575.8400,0.0000
2024-12-27 06:00:00,5.0000,1439.6000,0.0000
2024-12-27 07:00:00,6.0000,1870.3200,142.8000
2024-12-27 08:00:00,5.0000,3748.8908,2309.2908
2024-12-27 09:00:00,3.0000,9722.5981,8858.8381
2024-12-27 10:00:00,3.0000,10437.9782,9574.2182
2024-12-27 11:00:00,3.5000,9829.9786,8822.2586
2024-12-27 12:00:00,4.0000,10847.3216,9695.6416
2024-12-27 13:00:00,3.5000,11020.5641,10012.8441
2024-12-27 14:00:00,3.0000,1536.1100,672.3500
2024-12-27 15:00:00,3.0000,1004.7750,141.0150
2024-12-27 16:00:00,3.0000,863.7600,0.0000
2024-12-27 17:00:00,5.0000,1439.6000,0.0000
2024-12-27 18:00:00,6.0000,1727.5200,0.0000
2024-12-27 19:00:00,7.0000,2015.4400,0.0000
2024-12-27 20:00:00,6.0000,1727.5200,0.0000
2024-12-27 21:00:00,5.0000,1439.6000,0.0000
2024-12-27 22:00:00,4.0000,1151.6800,0.0000
2024-12-27 23:00:00,3.0000,863.7600,0.0000
2024-12-28 00:00:00,2.0000,575.8400,0.0000
2024-12-28 01:00:00,2.0000,575.8400,0.0000
2024-12-28 02:00:00,2.0000,575.8400,0.0000
2024-12-28 03:00:00,2.0000,575.8400,0.0000
2024-12-28 04:00:00,2.0000,575.8400,0.0000
2024-12-28 05:00:00,2.0000,575.8400,0.0000
2024-12-28 06:00:00,5.0000,1439.6000,0.0000
2024-12-28 07:00:00,6.0000,1817.3650,89.8450
2024-12-28 08:00:00,5.0000,11069.1676,9629.5676
2024-12-28 09:00:00,4.0000,11004.2710,9852.5910
2024-12-28 10:00:00,4.0000,10605.4709,9453.7909
2024-12-28 11:00:00,4.5000,10032.8714,8737.2314
2024-12-28 12:00:00,5.0000,11066.3313,9626.7313
2024-12-28 13:00:00,4.5000,11236.8593,9941.2193
2024-12-28 14:00:00,4.0000,1800.8250,649.1450
2024-12-28 15:00:00,4.0000,1286.1500,134.4700
2024-12-28 16:00:00,4.0000,1151.6800,0.0000
2024-12-28 17:00:00,6.0000,1727.5200,0.0000
2024-12-28 18:00:00,7.0000,2015.4400,0.0000
2024-12-28 19:00:00,7.5000,2159.4000,0.0000
2024-12-28 20:00:00,7.0000,2015.4400,0.0000
2024-12-28 21:00:00,6.0000,1727.5200,0.0000
2024-12-28 22:00:00,5.0000,1439.6000,0.0000
2024-12-28 23:00:00,4.0000,1151.6800,0.0000
2024-12-29 00:00:00,2.0000,575.8400,0.0000
2024-12-29 01:00:00,2.0000,575.8400,0.0000
2024-12-29 02:00:00,2.0000,575.8400,0.0000
2024-12-29 03:00:00,2.0000,575.8400,0.0000
2024-12-29 04:00:00,2.0000,575.8400,0.0000
2024-12-29 05:00:00,2.0000,575.8400,0.0000
2024-12-29 06:00:00,5.0000,1439.6000,0.0000
2024-12-29 07:00:00,6.0000,1824.5050,96.9850
2024-12-29 08:00:00,5.0000,11071.2720,9631.6720
2024-12-29 09:00:00,4.0000,11010.6419,9858.9619
2024-12-29 10:00:00,4.0000,10612.7183,9461.0383
2024-12-29 11:00:00,4.5000,10031.5451,8735.9051
2024-12-29 12:00:00,5.0000,11066.2723,9626.6723
2024-12-29 13:00:00,4.5000,11239.4429,9943.8029
2024-12-29 14:00:00,4.0000,1805.5850,653.9050
2024-12-29 15:00:00,4.0000,1292.6950,141.0150
2024-12-29 16:00:00,4.0000,1151.6800,0.0000
2024-12-29 17:00:00,6.0000,1727.5200,0.0000
2024-12-29 18:00:00,7.0000,2015.4400,0.0000
2024-12-29 19:00:00,7.5000,2159.4000,0.0000
2024-12-29 20:00:00,7.0000,2015.4400,0.0000
2024-12-29 21:00:00,6.0000,1727.5200,0.0000
2024-12-29 22:00:00,5.0000,1439.6000,0.0000
2024-12-29 23:00:00,4.0000,1151.6800,0.0000
2024-12-30 00:00:00,2.0000,575.8400,0.0000
2024-12-30 01:00:00,2.0000,575.8400,0.0000
2024-12-30 02:00:00,2.0000,575.8400,0.0000
2024-12-30 03:00:00,2.0000,575.8400,0.0000
2024-12-30 04:00:00,2.0000,575.8400,0.0000
2024-12-30 05:00:00,2.0000,575.8400,0.0000
2024-12-30 06:00:00,5.0000,1439.6000,0.0000
2024-12-30 07:00:00,6.0000,1828.0750,100.5550
2024-12-30 08:00:00,5.0000,11089.8634,9650.2634
2024-12-30 09:00:00,3.0000,10737.2178,9873.4578
2024-12-30 10:00:00,3.0000,10339.5230,9475.7630
2024-12-30 11:00:00,3.5000,9734.3747,8726.6547
2024-12-30 12:00:00,4.0000,10787.6467,9635.9667
2024-12-30 13:00:00,3.5000,10968.2192,9960.4992
2024-12-30 14:00:00,3.0000,1539.6800,675.9200
2024-12-30 15:00:00,3.0000,1016.0800,152.3200
2024-12-30 16:00:00,3.0000,863.7600,0.0000
2024-12-30 17:00:00,5.0000,1439.6000,0.0000
2024-12-30 18:00:00,6.0000,1727.5200,0.0000
2024-12-30 19:00:00,7.0000,2015.4400,0.0000
2024-12-30 20:00:00,6.0000,1727.5200,0.0000
2024-12-30 21:00:00,5.0000,1439.6000,0.0000
2024-12-30 22:00:00,4.0000,1151.6800,0.0000
2024-12-30 23:00:00,3.0000,863.7600,0.0000
2024-12-31 00:00:00,2.0000,575.8400,0.0000
2024-12-31 01:00:00,2.0000,575.8400,0.0000
2024-12-31 02:00:00,2.0000,575.8400,0.0000
2024-12-31 03:00:00,2.0000,575.8400,0.0000
2024-12-31 04:00:00,2.0000,575.8400,0.0000
2024-12-31 05:00:00,2.0000,575.8400,0.0000
2024-12-31 06:00:00,5.0000,1439.6000,0.0000
2024-12-31 07:00:00,6.0000,1820.9350,93.4150
2024-12-31 08:00:00,5.0000,11069.0096,9629.4096
2024-12-31 09:00:00,3.0000,10735.4388,9871.6788
2024-12-31 10:00:00,3.0000,10342.0827,9478.3227
2024-12-31 11:00:00,3.5000,9732.6756,8724.9556
2024-12-31 12:00:00,4.0000,10779.5218,9627.8418
2024-12-31 13:00:00,3.5000,10962.1370,9954.4170
2024-12-31 14:00:00,3.0000,1539.0850,675.3250
2024-12-31 15:00:00,3.0000,1019.6500,155.8900
2024-12-31 16:00:00,3.0000,863.7600,0.0000
2024-12-31 17:00:00,5.0000,1439.6000,0.0000
2024-12-31 18:00:00,6.0000,1727.5200,0.0000
2024-12-31 19:00:00,7.0000,2015.4400,0.0000
2024-12-31 20:00:00,6.0000,1727.5200,0.0000
2024-12-31 21:00:00,5.0000,1439.6000,0.0000
2024-12-31 22:00:00,4.0000,1151.6800,0.0000
2024-12-31 23:00:00,3.0000,863.7600,0.0000
2025-01-01 00:00:00,2.0000,575.8400,0.0000
2025-01-01 01:00:00,2.0000,575.8400,0.0000
2025-01-01 02:00:00,2.0000,575.8400,0.0000
2025-01-01 03:00:00,2.0000,575.8400,0.0000
2025-01-01 04:00:00,2.0000,575.8400,0.0000
2025-01-01 05:00:00,2.0000,575.8400,0.0000
2025-01-01 06:00:00,5.0000,1439.6000,0.0000
2025-01-01 07:00:00,6.0000,1891.7400,164.2200
2025-01-01 08:00:00,5.0000,11423.0346,9983.4346
2025-01-01 09:00:00,3.0000,11106.1238,10242.3638
2025-01-01 10:00:00,3.0000,10619.3527,9755.5927
2025-01-01 11:00:00,3.5000,10016.4906,9008.7706
2025-01-01 12:00:00,4.0000,9801.4419,8649.7619
2025-01-01 13:00:00,3.5000,11074.5920,10066.8720
2025-01-01 14:00:00,3.0000,1658.0850,794.3250
2025-01-01 15:00:00,3.0000,1079.7450,215.9850
2025-01-01 16:00:00,3.0000,863.7600,0.0000
2025-01-01 17:00:00,5.0000,1439.6000,0.0000
2025-01-01 18:00:00,6.0000,1727.5200,0.0000
2025-01-01 19:00:00,7.0000,2015.4400,0.0000
2025-01-01 20:00:00,6.0000,1727.5200,0.0000
2025-01-01 21:00:00,5.0000,1439.6000,0.0000
2025-01-01 22:00:00,4.0000,1151.6800,0.0000
2025-01-01 23:00:00,3.0000,863.7600,0.0000
2025-01-02 00:00:00,2.0000,575.8400,0.0000
2025-01-02 01:00:00,2.0000,575.8400,0.0000
2025-01-02 02:00:00,2.0000,575.8400,0.0000
2025-01-02 03:00:00,2.0000,575.8400,0.0000
2025-01-02 04:00:00,2.0000,575.8400,0.0000
2025-01-02 05:00:00,2.0000,575.8400,0.0000
2025-01-02 06:00:00,5.0000,1439.6000,0.0000
2025-01-02 07:00:00,6.0000,1770.3600,42.8400
2025-01-02 08:00:00,5.0000,1925.1200,485.5200
2025-01-02 09:00:00,3.0000,2354.2165,1490.4565
2025-01-02 10:00:00,3.0000,3218.3812,2354.6212
2025-01-02 11:00:00,3.5000,4245.4873,3237.7673
2025-01-02 12:00:00,4.0000,3650.7940,2499.1140
2025-01-02 13:00:00,3.5000,2991.4012,1983.6812
2025-01-02 14:00:00,3.0000,1192.2000,328.4400
2025-01-02 15:00:00,3.0000,885.1800,21.4200
2025-01-02 16:00:00,3.0000,863.7600,0.0000
2025-01-02 17:00:00,5.0000,1439.6000,0.0000
2025-01-02 18:00:00,6.0000,1727.5200,0.0000
2025-01-02 19:00:00,7.0000,2015.4400,0.0000
2025-01-02 20:00:00,6.0000,1727.5200,0.0000
2025-01-02 21:00:00,5.0000,1439.6000,0.0000
2025-01-02 22:00:00,4.0000,1151.6800,0.0000
2025-01-02 23:00:00,3.0000,863.7600,0.0000
2025-01-03 00:00:00,2.0000,575.8400,0.0000
2025-01-03 01:00:00,2.0000,575.8400,0.0000
2025-01-03 02:00:00,2.0000,575.8400,0.0000
2025-01-03 03:00:00,2.0000,575.8400,0.0000
2025-01-03 04:00:00,2.0000,575.8400,0.0000
2025-01-03 05:00:00,2.0000,575.8400,0.0000
2025-01-03 06:00:00,5.0000,1439.6000,0.0000
2025-01-03 07:00:00,6.0000,1798.9200,71.4000
2025-01-03 08:00:00,5.0000,2092.9100,653.3100
2025-01-03 09:00:00,3.0000,2522.9111,1659.1511
2025-01-03 10:00:00,3.0000,4546.1391,3682.3791
2025-01-03 11:00:00,3.5000,5218.7103,4210.9903
2025-01-03 12:00:00,4.0000,4126.5913,2974.9113
2025-01-03 13:00:00,3.5000,3559.1521,2551.4321
2025-01-03 14:00:00,3.0000,1975.8150,1112.0550
2025-01-03 15:00:00,3.0000,1024.4100,160.6500
2025-01-03 16:00:00,3.0000,863.7600,0.0000
2025-01-03 17:00:00,5.0000,1439.6000,0.0000
2025-01-03 18:00:00,6.0000,1727.5200,0.0000
2025-01-03 19:00:00,7.0000,2015.4400,0.0000
2025-01-03 20:00:00,6.0000,1727.5200,0.0000
2025-01-03 21:00:00,5.0000,1439.6000,0.0000
2025-01-03 22:00:00,4.0000,1151.6800,0.0000
2025-01-03 23:00:00,3.0000,863.7600,0.0000
2025-01-04 00:00:00,2.0000,575.8400,0.0000
2025-01-04 01:00:00,2.0000,575.8400,0.0000
2025-01-04 02:00:00,2.0000,575.8400,0.0000
2025-01-04 03:00:00,2.0000,575.8400,0.0000
2025-01-04 04:00:00,2.0000,575.8400,0.0000
2025-01-04 05:00:00,2.0000,575.8400,0.0000
2025-01-04 06:00:00,5.0000,1439.6000,0.0000
2025-01-04 07:00:00,6.0000,1888.7650,161.2450
2025-01-04 08:00:00,5.0000,9728.7069,8289.1069
2025-01-04 09:00:00,4.0000,11254.7100,10103.0300
2025-01-04 10:00:00,4.0000,10285.0350,9133.3550
2025-01-04 11:00:00,4.5000,9096.5845,7800.9445
2025-01-04 12:00:00,5.0000,9796.2766,8356.6766
2025-01-04 13:00:00,4.5000,5794.9959,4499.3559
2025-01-04 14:00:00,4.0000,2426.7650,1275.0850
2025-01-04 15:00:00,4.0000,1345.0550,193.3750
2025-01-04 16:00:00,4.0000,1151.6800,0.0000
2025-01-04 17:00:00,6.0000,1727.5200,0.0000
2025-01-04 18:00:00,7.0000,2015.4400,0.0000
2025-01-04 19:00:00,7.5000,2159.4000,0.0000
2025-01-04 20:00:00,7.0000,2015.4400,0.0000
2025-01-04 21:00:00,6.0000,1727.5200,0.0000
2025-01-04 22:00:00,5.0000,1439.6000,0.0000
2025-01-04 23:00:00,4.0000,1151.6800,0.0000
2025-01-05 00:00:00,2.0000,575.8400,0.0000
2025-01-05 01:00:00,2.0000,575.8400,0.0000
2025-01-05 02:00:00,2.0000,575.8400,0.0000
2025-01-05 03:00:00,2.0000,575.8400,0.0000
2025-01-05 04:00:00,2.0000,575.8400,0.0000
2025-01-05 05:00:00,2.0000,575.8400,0.0000
2025-01-05 06:00:00,5.0000,1439.6000,0.0000
2025-01-05 07:00:00,6.0000,1766.7900,39.2700
2025-01-05 08:00:00,5.0000,1832.3000,392.7000
2025-01-05 09:00:00,4.0000,2097.7300,946.0500
2025-01-05 10:00:00,4.0000,2508.2800,1356.6000
2025-01-05 11:00:00,4.5000,3374.6994,2079.0594
2025-01-05 12:00:00,5.0000,3330.3864,1890.7864
2025-01-05 13:00:00,4.5000,7570.5896,6274.9496
2025-01-05 14:00:00,4.0000,2568.3750,1416.6950
2025-01-05 15:00:00,4.0000,1333.7500,182.0700
2025-01-05 16:00:00,4.0000,1151.6800,0.0000
2025-01-05 17:00:00,6.0000,1727.5200,0.0000
2025-01-05 18:00:00,7.0000,2015.4400,0.0000
2025-01-05 19:00:00,7.5000,2159.4000,0.0000
2025-01-05 20:00:00,7.0000,2015.4400,0.0000
2025-01-05 21:00:00,6.0000,1727.5200,0.0000
2025-01-05 22:00:00,5.0000,1439.6000,0.0000
2025-01-05 23:00:00,4.0000,1151.6800,0.0000
2025-01-06 00:00:00,2.0000,575.8400,0.0000
2025-01-06 01:00:00,2.0000,575.8400,0.0000
2025-01-06 02:00:00,2.0000,575.8400,0.0000
2025-01-06 03:00:00,2.0000,575.8400,0.0000
2025-01-06 04:00:00,2.0000,575.8400,0.0000
2025-01-06 05:00:00,2.0000,575.8400,0.0000
2025-01-06 06:00:00,5.0000,1439.6000,0.0000
2025-01-06 07:00:00,6.0000,1874.4850,146.9650
2025-01-06 08:00:00,5.0000,3233.7306,1794.1306
2025-01-06 09:00:00,3.0000,6794.5542,5930.7942
2025-01-06 10:00:00,3.0000,8329.7628,7466.0028
2025-01-06 11:00:00,3.5000,5911.8071,4904.0871
2025-01-06 12:00:00,4.0000,2814.2232,1662.5432
2025-01-06 13:00:00,3.5000,7652.2262,6644.5062
2025-01-06 14:00:00,3.0000,1790.7700,927.0100
2025-01-06 15:00:00,3.0000,1147.5750,283.8150
2025-01-06 16:00:00,3.0000,863.7600,0.0000
2025-01-06 17:00:00,5.0000,1439.6000,0.0000
2025-01-06 18:00:00,6.0000,1727.5200,0.0000
2025-01-06 19:00:00,7.0000,2015.4400,0.0000
2025-01-06 20:00:00,6.0000,1727.5200,0.0000
2025-01-06 21:00:00,5.0000,1439.6000,0.0000
2025-01-06 22:00:00,4.0000,1151.6800,0.0000
2025-01-06 23:00:00,3.0000,863.7600,0.0000
2025-01-07 00:00:00,2.0000,575.8400,0.0000
2025-01-07 01:00:00,2.0000,575.8400,0.0000
2025-01-07 02:00:00,2.0000,575.8400,0.0000
2025-01-07 03:00:00,2.0000,575.8400,0.0000
2025-01-07 04:00:00,2.0000,575.8400,0.0000
2025-01-07 05:00:00,2.0000,575.8400,0.0000
2025-01-07 06:00:00,5.0000,1439.6000,0.0000
2025-01-07 07:00:00,6.0000,1777.5000,49.9800
2025-01-07 08:00:00,5.0000,2415.5836,975.9836
2025-01-07 09:00:00,3.0000,10618.6773,9754.9173
2025-01-07 10:00:00,3.0000,10077.2454,9213.4854
2025-01-07 11:00:00,3.5000,9682.5821,8674.8621
2025-01-07 12:00:00,4.0000,11228.9922,10077.3122
2025-01-07 13:00:00,3.5000,4462.1253,3454.4053
2025-01-07 14:00:00,3.0000,1192.2000,328.4400
2025-01-07 15:00:00,3.0000,935.1600,71.4000
2025-01-07 16:00:00,3.0000,863.7600,0.0000
2025-01-07 17:00:00,5.0000,1439.6000,0.0000
2025-01-07 18:00:00,6.0000,1727.5200,0.0000
2025-01-07 19:00:00,7.0000,2015.4400,0.0000
2025-01-07 20:00:00,6.0000,1727.5200,0.0000
2025-01-07 21:00:00,5.0000,1439.6000,0.0000
2025-01-07 22:00:00,4.0000,1151.6800,0.0000
2025-01-07 23:00:00,3.0000,863.7600,0.0000
2025-01-08 00:00:00,2.0000,575.8400,0.0000
2025-01-08 01:00:00,2.0000,575.8400,0.0000
2025-01-08 02:00:00,2.0000,575.8400,0.0000
2025-01-08 03:00:00,2.0000,575.8400,0.0000
2025-01-08 04:00:00,2.0000,575.8400,0.0000
2025-01-08 05:00:00,2.0000,575.8400,0.0000
2025-01-08 06:00:00,5.0000,1439.6000,0.0000
2025-01-08 07:00:00,6.0000,1745.3700,17.8500
2025-01-08 08:00:00,5.0000,1950.1100,510.5100
2025-01-08 09:00:00,3.0000,1556.3400,692.5800
2025-01-08 10:00:00,3.0000,1684.8600,821.1000
2025-01-08 11:00:00,3.5000,1990.6726,982.9526
2025-01-08 12:00:00,4.0000,2618.3907,1466.7107
2025-01-08 13:00:00,3.5000,2314.3400,1306.6200
2025-01-08 14:00:00,3.0000,1859.7900,996.0300
2025-01-08 15:00:00,3.0000,1071.4150,207.6550
2025-01-08 16:00:00,3.0000,863.7600,0.0000
2025-01-08 17:00:00,5.0000,1439.6000,0.0000
2025-01-08 18:00:00,6.0000,1727.5200,0.0000
2025-01-08 19:00:00,7.0000,2015.4400,0.0000
2025-01-08 20:00:00,6.0000,1727.5200,0.0000
2025-01-08 21:00:00,5.0000,1439.6000,0.0000
2025-01-08 22:00:00,4.0000,1151.6800,0.0000
2025-01-08 23:00:00,3.0000,863.7600,0.0000
2025-01-09 00:00:00,2.0000,575.8400,0.0000
2025-01-09 01:00:00,2.0000,575.8400,0.0000
2025-01-09 02:00:00,2.0000,575.8400,0.0000
2025-01-09 03:00:00,2.0000,575.8400,0.0000
2025-01-09 04:00:00,2.0000,575.8400,0.0000
2025-01-09 05:00:00,2.0000,575.8400,0.0000
2025-01-09 06:00:00,5.0000,1439.6000,0.0000
2025-01-09 07:00:00,6.0000,1847.1150,119.5950
2025-01-09 08:00:00,5.0000,11293.0123,9853.4123
2025-01-09 09:00:00,3.0000,11005.1349,10141.3749
2025-01-09 10:00:00,3.0000,3683.7601,2820.0001
2025-01-09 11:00:00,3.5000,8426.9295,7419.2095
2025-01-09 12:00:00,4.0000,2596.2040,1444.5240
2025-01-09 13:00:00,3.5000,1931.8422,924.1222
2025-01-09 14:00:00,3.0000,1327.8600,464.1000
2025-01-09 15:00:00,3.0000,938.7300,74.9700
2025-01-09 16:00:00,3.0000,863.7600,0.0000
2025-01-09 17:00:00,5.0000,1439.6000,0.0000
2025-01-09 18:00:00,6.0000,1727.5200,0.0000
2025-01-09 19:00:00,7.0000,2015.4400,0.0000
2025-01-09 20:00:00,6.0000,1727.5200,0.0000
2025-01-09 21:00:00,5.0000,1439.6000,0.0000
2025-01-09 22:00:00,4.0000,1151.6800,0.0000
2025-01-09 23:00:00,3.0000,863.7600,0.0000
2025-01-10 00:00:00,2.0000,575.8400,0.0000
2025-01-10 01:00:00,2.0000,575.8400,0.0000
2025-01-10 02:00:00,2.0000,575.8400,0.0000
2025-01-10 03:00:00,2.0000,575.8400,0.0000
2025-01-10 04:00:00,2.0000,575.8400,0.0000
2025-01-10 05:00:00,2.0000,575.8400,0.0000
2025-01-10 06:00:00,5.0000,1439.6000,0.0000
2025-01-10 07:00:00,6.0000,1795.3500,67.8300
2025-01-10 08:00:00,5.0000,2031.6265,592.0265
2025-01-10 09:00:00,3.0000,2141.6075,1277.8475
2025-01-10 10:00:00,3.0000,5986.4130,5122.6530
2025-01-10 11:00:00,3.5000,9774.6158,8766.8958
2025-01-10 12:00:00,4.0000,10906.8835,9755.2035
2025-01-10 13:00:00,3.5000,2701.3653,1693.6453
2025-01-10 14:00:00,3.0000,3226.7586,2362.9986
2025-01-10 15:00:00,3.0000,1128.5350,264.7750
2025-01-10 16:00:00,3.0000,863.7600,0.0000
2025-01-10 17:00:00,5.0000,1439.6000,0.0000
2025-01-10 18:00:00,6.0000,1727.5200,0.0000
2025-01-10 19:00:00,7.0000,2015.4400,0.0000
2025-01-10 20:00:00,6.0000,1727.5200,0.0000
2025-01-10 21:00:00,5.0000,1439.6000,0.0000
2025-01-10 22:00:00,4.0000,1151.6800,0.0000
2025-01-10 23:00:00,3.0000,863.7600,0.0000
2025-01-11 00:00:00,2.0000,575.8400,0.0000
2025-01-11 01:00:00,2.0000,575.8400,0.0000
2025-01-11 02:00:00,2.0000,575.8400,0.0000
2025-01-11 03:00:00,2.0000,575.8400,0.0000
2025-01-11 04:00:00,2.0000,575.8400,0.0000
2025-01-11 05:00:00,2.0000,575.8400,0.0000
2025-01-11 06:00:00,5.0000,1439.6000,0.0000
2025-01-11 07:00:00,6.0000,1809.6300,82.1100
2025-01-11 08:00:00,5.0000,5601.3724,4161.7724
2025-01-11 09:00:00,4.0000,11094.5362,9942.8562
2025-01-11 10:00:00,4.0000,10724.9503,9573.2703
2025-01-11 11:00:00,4.5000,10067.0500,8771.4100
2025-01-11 12:00:00,5.0000,10613.7693,9174.1693
2025-01-11 13:00:00,4.5000,11952.4896,10656.8496
2025-01-11 14:00:00,4.0000,2197.1502,1045.4702
2025-01-11 15:00:00,4.0000,1423.5950,271.9150
2025-01-11 16:00:00,4.0000,1151.6800,0.0000
2025-01-11 17:00:00,6.0000,1727.5200,0.0000
2025-01-11 18:00:00,7.0000,2015.4400,0.0000
2025-01-11 19:00:00,7.5000,2159.4000,0.0000
2025-01-11 20:00:00,7.0000,2015.4400,0.0000
2025-01-11 21:00:00,6.0000,1727.5200,0.0000
2025-01-11 22:00:00,5.0000,1439.6000,0.0000
2025-01-11 23:00:00,4.0000,1151.6800,0.0000
2025-01-12 00:00:00,2.0000,575.8400,0.0000
2025-01-12 01:00:00,2.0000,575.8400,0.0000
2025-01-12 02:00:00,2.0000,575.8400,0.0000
2025-01-12 03:00:00,2.0000,575.8400,0.0000
2025-01-12 04:00:00,2.0000,575.8400,0.0000
2025-01-12 05:00:00,2.0000,575.8400,0.0000
2025-01-12 06:00:00,5.0000,1439.6000,0.0000
2025-01-12 07:00:00,6.0000,1766.7900,39.2700
2025-01-12 08:00:00,5.0000,1889.4200,449.8200
2025-01-12 09:00:00,4.0000,2022.7600,871.0800
2025-01-12 10:00:00,4.0000,1987.0600,835.3800
2025-01-12 11:00:00,4.5000,3355.5300,2059.8900
2025-01-12 12:00:00,5.0000,4446.3965,3006.7965
2025-01-12 13:00:00,4.5000,2508.3478,1212.7078
2025-01-12 14:00:00,4.0000,1981.0920,829.4120
2025-01-12 15:00:00,4.0000,1391.4650,239.7850
2025-01-12 16:00:00,4.0000,1151.6800,0.0000
2025-01-12 17:00:00,6.0000,1727.5200,0.0000
2025-01-12 18:00:00,7.0000,2015.4400,0.0000
2025-01-12 19:00:00,7.5000,2159.4000,0.0000
2025-01-12 20:00:00,7.0000,2015.4400,0.0000
2025-01-12 21:00:00,6.0000,1727.5200,0.0000
2025-01-12 22:00:00,5.0000,1439.6000,0.0000
2025-01-12 23:00:00,4.0000,1151.6800,0.0000
2025-01-13 00:00:00,2.0000,575.8400,0.0000
2025-01-13 01:00:00,2.0000,575.8400,0.0000
2025-01-13 02:00:00,2.0000,575.8400,0.0000
2025-01-13 03:00:00,2.0000,575.8400,0.0000
2025-01-13 04:00:00,2.0000,575.8400,0.0000
2025-01-13 05:00:00,2.0000,575.8400,0.0000
2025-01-13 06:00:00,5.0000,1439.6000,0.0000
2025-01-13 07:00:00,6.0000,1864.9650,137.4450
2025-01-13 08:00:00,5.0000,11117.6093,9678.0093
2025-01-13 09:00:00,3.0000,11018.2414,10154.4814
2025-01-13 10:00:00,3.0000,10679.4253,9815.6653
2025-01-13 11:00:00,3.5000,9790.5452,8782.8252
2025-01-13 12:00:00,4.0000,10867.7778,9716.0978
2025-01-13 13:00:00,3.5000,11118.0909,10110.3709
2025-01-13 14:00:00,3.0000,10695.2925,9831.5325
2025-01-13 15:00:00,3.0000,1209.4550,345.6950
2025-01-13 16:00:00,3.0000,863.7600,0.0000
2025-01-13 17:00:00,5.0000,1439.6000,0.0000
2025-01-13 18:00:00,6.0000,1727.5200,0.0000
2025-01-13 19:00:00,7.0000,2015.4400,0.0000
2025-01-13 20:00:00,6.0000,1727.5200,0.0000
2025-01-13 21:00:00,5.0000,1439.6000,0.0000
2025-01-13 22:00:00,4.0000,1151.6800,0.0000
2025-01-13 23:00:00,3.0000,863.7600,0.0000
2025-01-14 00:00:00,2.0000,575.8400,0.0000
2025-01-14 01:00:00,2.0000,575.8400,0.0000
2025-01-14 02:00:00,2.0000,575.8400,0.0000
2025-01-14 03:00:00,2.0000,575.8400,0.0000
2025-01-14 04:00:00,2.0000,575.8400,0.0000
2025-01-14 05:00:00,2.0000,575.8400,0.0000
2025-01-14 06:00:00,5.0000,1439.6000,0.0000
2025-01-14 07:00:00,6.0000,1863.1800,135.6600
2025-01-14 08:00:00,5.0000,11103.1243,9663.5243
2025-01-14 09:00:00,3.0000,10821.4946,9957.7346
2025-01-14 10:00:00,3.0000,10486.7970,9623.0370
2025-01-14 11:00:00,3.5000,8155.1528,7147.4328
2025-01-14 12:00:00,4.0000,11207.9305,10056.2505
2025-01-14 13:00:00,3.5000,3244.0609,2236.3409
2025-01-14 14:00:00,3.0000,4844.5776,3980.8176
2025-01-14 15:00:00,3.0000,1183.8700,320.1100
2025-01-14 16:00:00,3.0000,867.3300,3.5700
2025-01-14 17:00:00,5.0000,1439.6000,0.0000
2025-01-14 18:00:00,6.0000,1727.5200,0.0000
2025-01-14 19:00:00,7.0000,2015.4400,0.0000
2025-01-14 20:00:00,6.0000,1727.5200,0.0000
2025-01-14 21:00:00,5.0000,1439.6000,0.0000
2025-01-14 22:00:00,4.0000,1151.6800,0.0000
2025-01-14 23:00:00,3.0000,863.7600,0.0000
2025-01-15 00:00:00,2.0000,575.8400,0.0000
2025-01-15 01:00:00,2.0000,575.8400,0.0000
2025-01-15 02:00:00,2.0000,575.8400,0.0000
2025-01-15 03:00:00,2.0000,575.8400,0.0000
2025-01-15 04:00:00,2.0000,575.8400,0.0000
2025-01-15 05:00:00,2.0000,575.8400,0.0000
2025-01-15 06:00:00,5.0000,1439.6000,0.0000
2025-01-15 07:00:00,6.0000,1795.3500,67.8300
2025-01-15 08:00:00,5.0000,1975.1000,535.5000
2025-01-15 09:00:00,3.0000,2045.4300,1181.6700
2025-01-15 10:00:00,3.0000,2584.5000,1720.7400
2025-01-15 11:00:00,3.5000,3198.0763,2190.3563
2025-01-15 12:00:00,4.0000,2942.1102,1790.4302
2025-01-15 13:00:00,3.5000,2443.2788,1435.5588
2025-01-15 14:00:00,3.0000,1470.6600,606.9000
2025-01-15 15:00:00,3.0000,1060.1100,196.3500
2025-01-15 16:00:00,3.0000,863.7600,0.0000
2025-01-15 17:00:00,5.0000,1439.6000,0.0000
2025-01-15 18:00:00,6.0000,1727.5200,0.0000
2025-01-15 19:00:00,7.0000,2015.4400,0.0000
2025-01-15 20:00:00,6.0000,1727.5200,0.0000
2025-01-15 21:00:00,5.0000,1439.6000,0.0000
2025-01-15 22:00:00,4.0000,1151.6800,0.0000
2025-01-15 23:00:00,3.0000,863.7600,0.0000
2025-01-16 00:00:00,2.0000,575.8400,0.0000
2025-01-16 01:00:00,2.0000,575.8400,0.0000
2025-01-16 02:00:00,2.0000,575.8400,0.0000
2025-01-16 03:00:00,2.0000,575.8400,0.0000
2025-01-16 04:00:00,2.0000,575.8400,0.0000
2025-01-16 05:00:00,2.0000,575.8400,0.0000
2025-01-16 06:00:00,5.0000,1439.6000,0.0000
2025-01-16 07:00:00,6.0000,1791.7800,64.2600
2025-01-16 08:00:00,5.0000,1910.8400,471.2400
2025-01-16 09:00:00,3.0000,2572.3243,1708.5643
2025-01-16 10:00:00,3.0000,4509.8366,3646.0766
2025-01-16 11:00:00,3.5000,2926.5374,1918.8174
2025-01-16 12:00:00,4.0000,2333.3500,1181.6700
2025-01-16 13:00:00,3.5000,1711.0100,703.2900
2025-01-16 14:00:00,3.0000,1395.6900,531.9300
2025-01-16 15:00:00,3.0000,953.0100,89.2500
2025-01-16 16:00:00,3.0000,863.7600,0.0000
2025-01-16 17:00:00,5.0000,1439.6000,0.0000
2025-01-16 18:00:00,6.0000,1727.5200,0.0000
2025-01-16 19:00:00,7.0000,2015.4400,0.0000
2025-01-16 20:00:00,6.0000,1727.5200,0.0000
2025-01-16 21:00:00,5.0000,1439.6000,0.0000
2025-01-16 22:00:00,4.0000,1151.6800,0.0000
2025-01-16 23:00:00,3.0000,863.7600,0.0000
2025-01-17 00:00:00,2.0000,575.8400,0.0000
2025-01-17 01:00:00,2.0000,575.8400,0.0000
2025-01-17 02:00:00,2.0000,575.8400,0.0000
2025-01-17 03:00:00,2.0000,575.8400,0.0000
2025-01-17 04:00:00,2.0000,575.8400,0.0000
2025-01-17 05:00:00,2.0000,575.8400,0.0000
2025-01-17 06:00:00,5.0000,1439.6000,0.0000
2025-01-17 07:00:00,6.0000,1759.6500,32.1300
2025-01-17 08:00:00,5.0000,1746.6200,307.0200
2025-01-17 09:00:00,3.0000,1592.0400,728.2800
2025-01-17 10:00:00,3.0000,1688.4300,824.6700
2025-01-17 11:00:00,3.5000,2046.5900,1038.8700
2025-01-17 12:00:00,4.0000,2304.7900,1153.1100
2025-01-17 13:00:00,3.5000,1696.7300,689.0100
2025-01-17 14:00:00,3.0000,1302.8700,439.1100
2025-01-17 15:00:00,3.0000,945.8700,82.1100
2025-01-17 16:00:00,3.0000,863.7600,0.0000
2025-01-17 17:00:00,5.0000,1439.6000,0.0000
2025-01-17 18:00:00,6.0000,1727.5200,0.0000
2025-01-17 19:00:00,7.0000,2015.4400,0.0000
2025-01-17 20:00:00,6.0000,1727.5200,0.0000
2025-01-17 21:00:00,5.0000,1439.6000,0.0000
2025-01-17 22:00:00,4.0000,1151.6800,0.0000
2025-01-17 23:00:00,3.0000,863.7600,0.0000
2025-01-18 00:00:00,2.0000,575.8400,0.0000
2025-01-18 01:00:00,2.0000,575.8400,0.0000
2025-01-18 02:00:00,2.0000,575.8400,0.0000
2025-01-18 03:00:00,2.0000,575.8400,0.0000
2025-01-18 04:00:00,2.0000,575.8400,0.0000
2025-01-18 05:00:00,2.0000,575.8400,0.0000
2025-01-18 06:00:00,5.0000,1439.6000,0.0000
2025-01-18 07:00:00,6.0000,1963.7350,236.2150
2025-01-18 08:00:00,5.0000,2755.3008,1315.7008
2025-01-18 09:00:00,4.0000,5388.6256,4236.9456
2025-01-18 10:00:00,4.0000,10849.3302,9697.6502
2025-01-18 11:00:00,4.5000,10066.8926,8771.2526
2025-01-18 12:00:00,5.0000,11141.2891,9701.6891
2025-01-18 13:00:00,4.5000,11563.8617,10268.2217
2025-01-18 14:00:00,4.0000,11065.3823,9913.7023
2025-01-18 15:00:00,4.0000,1556.8750,405.1950
2025-01-18 16:00:00,4.0000,1158.8200,7.1400
2025-01-18 17:00:00,6.0000,1727.5200,0.0000
2025-01-18 18:00:00,7.0000,2015.4400,0.0000
2025-01-18 19:00:00,7.5000,2159.4000,0.0000
2025-01-18 20:00:00,7.0000,2015.4400,0.0000
2025-01-18 21:00:00,6.0000,1727.5200,0.0000
2025-01-18 22:00:00,5.0000,1439.6000,0.0000
2025-01-18 23:00:00,4.0000,1151.6800,0.0000
2025-01-19 00:00:00,2.0000,575.8400,0.0000
2025-01-19 01:00:00,2.0000,575.8400,0.0000
2025-01-19 02:00:00,2.0000,575.8400,0.0000
2025-01-19 03:00:00,2.0000,575.8400,0.0000
2025-01-19 04:00:00,2.0000,575.8400,0.0000
2025-01-19 05:00:00,2.0000,575.8400,0.0000
2025-01-19 06:00:00,5.0000,1439.6000,0.0000
2025-01-19 07:00:00,6.0000,1919.1100,191.5900
2025-01-19 08:00:00,5.0000,10522.9309,9083.3309
2025-01-19 09:00:00,4.0000,11150.9285,9999.2485
2025-01-19 10:00:00,4.0000,10807.0057,9655.3257
2025-01-19 11:00:00,4.5000,10033.8244,8738.1844
2025-01-19 12:00:00,5.0000,11101.7425,9662.1425
2025-01-19 13:00:00,4.5000,11428.1770,10132.5370
2025-01-19 14:00:00,4.0000,6374.0137,5222.3337
2025-01-19 15:00:00,4.0000,1421.2150,269.5350
2025-01-19 16:00:00,4.0000,1155.2500,3.5700
2025-01-19 17:00:00,6.0000,1727.5200,0.0000
2025-01-19 18:00:00,7.0000,2015.4400,0.0000
2025-01-19 19:00:00,7.5000,2159.4000,0.0000
2025-01-19 20:00:00,7.0000,2015.4400,0.0000
2025-01-19 21:00:00,6.0000,1727.5200,0.0000
2025-01-19 22:00:00,5.0000,1439.6000,0.0000
2025-01-19 23:00:00,4.0000,1151.6800,0.0000
2025-01-20 00:00:00,2.0000,575.8400,0.0000
2025-01-20 01:00:00,2.0000,575.8400,0.0000
2025-01-20 02:00:00,2.0000,575.8400,0.0000
2025-01-20 03:00:00,2.0000,575.8400,0.0000
2025-01-20 04:00:00,2.0000,575.8400,0.0000
2025-01-20 05:00:00,2.0000,575.8400,0.0000
2025-01-20 06:00:00,5.0000,1439.6000,0.0000
2025-01-20 07:00:00,6.0000,1967.9000,240.3800
2025-01-20 08:00:00,5.0000,2724.1752,1284.5752
2025-01-20 09:00:00,3.0000,3125.3202,2261.5602
2025-01-20 10:00:00,3.0000,4165.0054,3301.2454
2025-01-20 11:00:00,3.5000,4162.7371,3155.0171
2025-01-20 12:00:00,4.0000,4961.4429,3809.7629
2025-01-20 13:00:00,3.5000,4003.3054,2995.5854
2025-01-20 14:00:00,3.0000,1966.8900,1103.1300
2025-01-20 15:00:00,3.0000,1177.9200,314.1600
2025-01-20 16:00:00,3.0000,863.7600,0.0000
2025-01-20 17:00:00,5.0000,1439.6000,0.0000
2025-01-20 18:00:00,6.0000,1727.5200,0.0000
2025-01-20 19:00:00,7.0000,2015.4400,0.0000
2025-01-20 20:00:00,6.0000,1727.5200,0.0000
2025-01-20 21:00:00,5.0000,1439.6000,0.0000
2025-01-20 22:00:00,4.0000,1151.6800,0.0000
2025-01-20 23:00:00,3.0000,863.7600,0.0000
2025-01-21 00:00:00,2.0000,575.8400,0.0000
2025-01-21 01:00:00,2.0000,575.8400,0.0000
2025-01-21 02:00:00,2.0000,575.8400,0.0000
2025-01-21 03:00:00,2.0000,575.8400,0.0000
2025-01-21 04:00:00,2.0000,575.8400,0.0000
2025-01-21 05:00:00,2.0000,575.8400,0.0000
2025-01-21 06:00:00,5.0000,1439.6000,0.0000
2025-01-21 07:00:00,6.0000,1882.8150,155.2950
2025-01-21 08:00:00,5.0000,10756.2966,9316.6966
2025-01-21 09:00:00,3.0000,10827.9156,9964.1556
2025-01-21 10:00:00,3.0000,10492.6328,9628.8728
2025-01-21 11:00:00,3.5000,9722.2052,8714.4852
2025-01-21 12:00:00,4.0000,10778.8500,9627.1700
2025-01-21 13:00:00,3.5000,11043.1242,10035.4042
2025-01-21 14:00:00,3.0000,10687.0708,9823.3108
2025-01-21 15:00:00,3.0000,1268.9550,405.1950
2025-01-21 16:00:00,3.0000,878.0400,14.2800
2025-01-21 17:00:00,5.0000,1439.6000,0.0000
2025-01-21 18:00:00,6.0000,1727.5200,0.0000
2025-01-21 19:00:00,7.0000,2015.4400,0.0000
2025-01-21 20:00:00,6.0000,1727.5200,0.0000
2025-01-21 21:00:00,5.0000,1439.6000,0.0000
2025-01-21 22:00:00,4.0000,1151.6800,0.0000
2025-01-21 23:00:00,3.0000,863.7600,0.0000
2025-01-22 00:00:00,2.0000,575.8400,0.0000
2025-01-22 01:00:00,2.0000,575.8400,0.0000
2025-01-22 02:00:00,2.0000,575.8400,0.0000
2025-01-22 03:00:00,2.0000,575.8400,0.0000
2025-01-22 04:00:00,2.0000,575.8400,0.0000
2025-01-22 05:00:00,2.0000,575.8400,0.0000
2025-01-22 06:00:00,5.0000,1439.6000,0.0000
2025-01-22 07:00:00,6.0000,2149.9700,422.4500
2025-01-22 08:00:00,5.0000,6291.8240,4852.2240
2025-01-22 09:00:00,3.0000,4081.4136,3217.6536
2025-01-22 10:00:00,3.0000,4597.9935,3734.2335
2025-01-22 11:00:00,3.5000,3071.7381,2064.0181
2025-01-22 12:00:00,4.0000,3148.4336,1996.7536
2025-01-22 13:00:00,3.5000,4571.7656,3564.0456
2025-01-22 14:00:00,3.0000,1786.7441,922.9841
2025-01-22 15:00:00,3.0000,1467.6850,603.9250
2025-01-22 16:00:00,3.0000,867.3300,3.5700
2025-01-22 17:00:00,5.0000,1439.6000,0.0000
2025-01-22 18:00:00,6.0000,1727.5200,0.0000
2025-01-22 19:00:00,7.0000,2015.4400,0.0000
2025-01-22 20:00:00,6.0000,1727.5200,0.0000
2025-01-22 21:00:00,5.0000,1439.6000,0.0000
2025-01-22 22:00:00,4.0000,1151.6800,0.0000
2025-01-22 23:00:00,3.0000,863.7600,0.0000
2025-01-23 00:00:00,2.0000,575.8400,0.0000
2025-01-23 01:00:00,2.0000,575.8400,0.0000
2025-01-23 02:00:00,2.0000,575.8400,0.0000
2025-01-23 03:00:00,2.0000,575.8400,0.0000
2025-01-23 04:00:00,2.0000,575.8400,0.0000
2025-01-23 05:00:00,2.0000,575.8400,0.0000
2025-01-23 06:00:00,5.0000,1439.6000,0.0000
2025-01-23 07:00:00,6.0000,1810.2250,82.7050
2025-01-23 08:00:00,5.0000,1618.1000,178.5000
2025-01-23 09:00:00,3.0000,1324.2900,460.5300
2025-01-23 10:00:00,3.0000,1581.3300,717.5700
2025-01-23 11:00:00,3.5000,1943.0600,935.3400
2025-01-23 12:00:00,4.0000,5614.5909,4462.9109
2025-01-23 13:00:00,3.5000,5935.9900,4928.2700
2025-01-23 14:00:00,3.0000,3176.8652,2313.1052
2025-01-23 15:00:00,3.0000,1448.6450,584.8850
2025-01-23 16:00:00,3.0000,888.7500,24.9900
2025-01-23 17:00:00,5.0000,1439.6000,0.0000
2025-01-23 18:00:00,6.0000,1727.5200,0.0000
2025-01-23 19:00:00,7.0000,2015.4400,0.0000
2025-01-23 20:00:00,6.0000,1727.5200,0.0000
2025-01-23 21:00:00,5.0000,1439.6000,0.0000
2025-01-23 22:00:00,4.0000,1151.6800,0.0000
2025-01-23 23:00:00,3.0000,863.7600,0.0000
2025-01-24 00:00:00,2.0000,575.8400,0.0000
2025-01-24 01:00:00,2.0000,575.8400,0.0000
2025-01-24 02:00:00,2.0000,575.8400,0.0000
2025-01-24 03:00:00,2.0000,575.8400,0.0000
2025-01-24 04:00:00,2.0000,575.8400,0.0000
2025-01-24 05:00:00,2.0000,575.8400,0.0000
2025-01-24 06:00:00,5.0000,1439.6000,0.0000
2025-01-24 07:00:00,6.0000,1963.1400,235.6200
2025-01-24 08:00:00,5.0000,2589.6191,1150.0191
2025-01-24 09:00:00,3.0000,3225.7187,2361.9587
2025-01-24 10:00:00,3.0000,4389.6049,3525.8449
2025-01-24 11:00:00,3.5000,5725.2639,4717.5439
2025-01-24 12:00:00,4.0000,9291.1878,8139.5078
2025-01-24 13:00:00,3.5000,5096.4304,4088.7104
2025-01-24 14:00:00,3.0000,8291.4506,7427.6906
2025-01-24 15:00:00,3.0000,1347.4950,483.7350
2025-01-24 16:00:00,3.0000,878.0400,14.2800
2025-01-24 17:00:00,5.0000,1439.6000,0.0000
2025-01-24 18:00:00,6.0000,1727.5200,0.0000
2025-01-24 19:00:00,7.0000,2015.4400,0.0000
2025-01-24 20:00:00,6.0000,1727.5200,0.0000
2025-01-24 21:00:00,5.0000,1439.6000,0.0000
2025-01-24 22:00:00,4.0000,1151.6800,0.0000
2025-01-24 23:00:00,3.0000,863.7600,0.0000
2025-01-25 00:00:00,2.0000,575.8400,0.0000
2025-01-25 01:00:00,2.0000,575.8400,0.0000
2025-01-25 02:00:00,2.0000,575.8400,0.0000
2025-01-25 03:00:00,2.0000,575.8400,0.0000
2025-01-25 04:00:00,2.0000,575.8400,0.0000
2025-01-25 05:00:00,2.0000,575.8400,0.0000
2025-01-25 06:00:00,5.0000,1443.1700,3.5700
2025-01-25 07:00:00,6.0000,1859.6100,132.0900
2025-01-25 08:00:00,5.0000,2160.7400,721.1400
2025-01-25 09:00:00,4.0000,2763.8268,1612.1468
2025-01-25 10:00:00,4.0000,7675.8083,6524.1283
2025-01-25 11:00:00,4.5000,8233.9463,6938.3063
2025-01-25 12:00:00,5.0000,10457.7731,9018.1731
2025-01-25 13:00:00,4.5000,8066.4996,6770.8596
2025-01-25 14:00:00,4.0000,6117.8548,4966.1748
2025-01-25 15:00:00,4.0000,1747.2750,595.5950
2025-01-25 16:00:00,4.0000,1201.6600,49.9800
2025-01-25 17:00:00,6.0000,1727.5200,0.0000
2025-01-25 18:00:00,7.0000,2015.4400,0.0000
2025-01-25 19:00:00,7.5000,2159.4000,0.0000
2025-01-25 20:00:00,7.0000,2015.4400,0.0000
2025-01-25 21:00:00,6.0000,1727.5200,0.0000
2025-01-25 22:00:00,5.0000,1439.6000,0.0000
2025-01-25 23:00:00,4.0000,1151.6800,0.0000
2025-01-26 00:00:00,2.0000,575.8400,0.0000
2025-01-26 01:00:00,2.0000,575.8400,0.0000
2025-01-26 02:00:00,2.0000,575.8400,0.0000
2025-01-26 03:00:00,2.0000,575.8400,0.0000
2025-01-26 04:00:00,2.0000,575.8400,0.0000
2025-01-26 05:00:00,2.0000,575.8400,0.0000
2025-01-26 06:00:00,5.0000,1439.6000,0.0000
2025-01-26 07:00:00,6.0000,1827.4800,99.9600
2025-01-26 08:00:00,5.0000,2028.6500,589.0500
2025-01-26 09:00:00,4.0000,2881.8505,1730.1705
2025-01-26 10:00:00,4.0000,3102.1095,1950.4295
2025-01-26 11:00:00,4.5000,7780.3379,6484.6979
2025-01-26 12:00:00,5.0000,9356.7955,7917.1955
2025-01-26 13:00:00,4.5000,9847.5725,8551.9325
2025-01-26 14:00:00,4.0000,11094.0452,9942.3652
2025-01-26 15:00:00,4.0000,1688.9650,537.2850
2025-01-26 16:00:00,4.0000,1173.1000,21.4200
2025-01-26 17:00:00,6.0000,1727.5200,0.0000
2025-01-26 18:00:00,7.0000,2015.4400,0.0000
2025-01-26 19:00:00,7.5000,2159.4000,0.0000
2025-01-26 20:00:00,7.0000,2015.4400,0.0000
2025-01-26 21:00:00,6.0000,1727.5200,0.0000
2025-01-26 22:00:00,5.0000,1439.6000,0.0000
2025-01-26 23:00:00,4.0000,1151.6800,0.0000
2025-01-27 00:00:00,2.0000,575.8400,0.0000
2025-01-27 01:00:00,2.0000,575.8400,0.0000
2025-01-27 02:00:00,2.0000,575.8400,0.0000
2025-01-27 03:00:00,2.0000,575.8400,0.0000
2025-01-27 04:00:00,2.0000,575.8400,0.0000
2025-01-27 05:00:00,2.0000,575.8400,0.0000
2025-01-27 06:00:00,5.0000,1439.6000,0.0000
2025-01-27 07:00:00,6.0000,1816.7700,89.2500
2025-01-27 08:00:00,5.0000,2726.2228,1286.6228
2025-01-27 09:00:00,3.0000,6522.4195,5658.6595
2025-01-27 10:00:00,3.0000,2615.2739,1751.5139
2025-01-27 11:00:00,3.5000,9350.4592,8342.7392
2025-01-27 12:00:00,4.0000,8460.2604,7308.5804
2025-01-27 13:00:00,3.5000,3478.1206,2470.4006
2025-01-27 14:00:00,3.0000,1320.7200,456.9600
2025-01-27 15:00:00,3.0000,960.1500,96.3900
2025-01-27 16:00:00,3.0000,863.7600,0.0000
2025-01-27 17:00:00,5.0000,1439.6000,0.0000
2025-01-27 18:00:00,6.0000,1727.5200,0.0000
2025-01-27 19:00:00,7.0000,2015.4400,0.0000
2025-01-27 20:00:00,6.0000,1727.5200,0.0000
2025-01-27 21:00:00,5.0000,1439.6000,0.0000
2025-01-27 22:00:00,4.0000,1151.6800,0.0000
2025-01-27 23:00:00,3.0000,863.7600,0.0000
2025-01-28 00:00:00,2.0000,575.8400,0.0000
2025-01-28 01:00:00,2.0000,575.8400,0.0000
2025-01-28 02:00:00,2.0000,575.8400,0.0000
2025-01-28 03:00:00,2.0000,575.8400,0.0000
2025-01-28 04:00:00,2.0000,575.8400,0.0000
2025-01-28 05:00:00,2.0000,575.8400,0.0000
2025-01-28 06:00:00,5.0000,1439.6000,0.0000
2025-01-28 07:00:00,6.0000,1731.0900,3.5700
2025-01-28 08:00:00,5.0000,1721.6300,282.0300
2025-01-28 09:00:00,3.0000,1152.9300,289.1700
2025-01-28 10:00:00,3.0000,1246.7541,382.9941
2025-01-28 11:00:00,3.5000,2003.7500,996.0300
2025-01-28 12:00:00,4.0000,2361.9100,1210.2300
2025-01-28 13:00:00,3.5000,2314.3400,1306.6200
2025-01-28 14:00:00,3.0000,1709.8500,846.0900
2025-01-28 15:00:00,3.0000,1210.0500,346.2900
2025-01-28 16:00:00,3.0000,888.7500,24.9900
2025-01-28 17:00:00,5.0000,1439.6000,0.0000
2025-01-28 18:00:00,6.0000,1727.5200,0.0000
2025-01-28 19:00:00,7.0000,2015.4400,0.0000
2025-01-28 20:00:00,6.0000,1727.5200,0.0000
2025-01-28 21:00:00,5.0000,1439.6000,0.0000
2025-01-28 22:00:00,4.0000,1151.6800,0.0000
2025-01-28 23:00:00,3.0000,863.7600,0.0000
2025-01-29 00:00:00,2.0000,575.8400,0.0000
2025-01-29 01:00:00,2.0000,575.8400,0.0000
2025-01-29 02:00:00,2.0000,575.8400,0.0000
2025-01-29 03:00:00,2.0000,575.8400,0.0000
2025-01-29 04:00:00,2.0000,575.8400,0.0000
2025-01-29 05:00:00,2.0000,575.8400,0.0000
2025-01-29 06:00:00,5.0000,1439.6000,0.0000
2025-01-29 07:00:00,6.0000,1938.1500,210.6300
2025-01-29 08:00:00,5.0000,1775.1800,335.5800
2025-01-29 09:00:00,3.0000,2002.3621,1138.6021
2025-01-29 10:00:00,3.0000,5646.1507,4782.3907
2025-01-29 11:00:00,3.5000,9234.2608,8226.5408
2025-01-29 12:00:00,4.0000,10760.9677,9609.2877
2025-01-29 13:00:00,3.5000,11097.9446,10090.2246
2025-01-29 14:00:00,3.0000,8253.8873,7390.1273
2025-01-29 15:00:00,3.0000,1755.0700,891.3100
2025-01-29 16:00:00,3.0000,953.6050,89.8450
2025-01-29 17:00:00,5.0000,1439.6000,0.0000
2025-01-29 18:00:00,6.0000,1727.5200,0.0000
2025-01-29 19:00:00,7.0000,2015.4400,0.0000
2025-01-29 20:00:00,6.0000,1727.5200,0.0000
2025-01-29 21:00:00,5.0000,1439.6000,0.0000
2025-01-29 22:00:00,4.0000,1151.6800,0.0000
2025-01-29 23:00:00,3.0000,863.7600,0.0000
2025-01-30 00:00:00,2.0000,575.8400,0.0000
2025-01-30 01:00:00,2.0000,575.8400,0.0000
2025-01-30 02:00:00,2.0000,575.8400,0.0000
2025-01-30 03:00:00,2.0000,575.8400,0.0000
2025-01-30 04:00:00,2.0000,575.8400,0.0000
2025-01-30 05:00:00,2.0000,575.8400,0.0000
2025-01-30 06:00:00,5.0000,1450.3100,10.7100
2025-01-30 07:00:00,6.0000,2056.5550,329.0350
2025-01-30 08:00:00,5.0000,2513.0355,1073.4355
2025-01-30 09:00:00,3.0000,2851.1657,1987.4057
2025-01-30 10:00:00,3.0000,3702.9748,2839.2148
2025-01-30 11:00:00,3.5000,4636.4152,3628.6952
2025-01-30 12:00:00,4.0000,4372.1103,3220.4303
2025-01-30 13:00:00,3.5000,8205.0971,7197.3771
2025-01-30 14:00:00,3.0000,8979.6876,8115.9276
2025-01-30 15:00:00,3.0000,1812.1900,948.4300
2025-01-30 16:00:00,3.0000,967.2900,103.5300
2025-01-30 17:00:00,5.0000,1439.6000,0.0000
2025-01-30 18:00:00,6.0000,1727.5200,0.0000
2025-01-30 19:00:00,7.0000,2015.4400,0.0000
2025-01-30 20:00:00,6.0000,1727.5200,0.0000
2025-01-30 21:00:00,5.0000,1439.6000,0.0000
2025-01-30 22:00:00,4.0000,1151.6800,0.0000
2025-01-30 23:00:00,3.0000,863.7600,0.0000
2025-01-31 00:00:00,2.0000,575.8400,0.0000
2025-01-31 01:00:00,2.0000,575.8400,0.0000
2025-01-31 02:00:00,2.0000,575.8400,0.0000
2025-01-31 03:00:00,2.0000,575.8400,0.0000
2025-01-31 04:00:00,2.0000,575.8400,0.0000
2025-01-31 05:00:00,2.0000,575.8400,0.0000
2025-01-31 06:00:00,5.0000,1439.6000,0.0000
2025-01-31 07:00:00,6.0000,1792.3750,64.8550
2025-01-31 08:00:00,5.0000,2203.5800,763.9800
2025-01-31 09:00:00,3.0000,1731.2700,867.5100
2025-01-31 10:00:00,3.0000,2468.0809,1604.3209
2025-01-31 11:00:00,3.5000,2945.6047,1937.8847
2025-01-31 12:00:00,4.0000,3033.5217,1881.8417
2025-01-31 13:00:00,3.5000,2017.0129,1009.2929
2025-01-31 14:00:00,3.0000,1434.9600,571.2000
2025-01-31 15:00:00,3.0000,1045.8300,182.0700
2025-01-31 16:00:00,3.0000,863.7600,0.0000
2025-01-31 17:00:00,5.0000,1439.6000,0.0000
2025-01-31 18:00:00,6.0000,1727.5200,0.0000
2025-01-31 19:00:00,7.0000,2015.4400,0.0000
2025-01-31 20:00:00,6.0000,1727.5200,0.0000
2025-01-31 21:00:00,5.0000,1439.6000,0.0000
2025-01-31 22:00:00,4.0000,1151.6800,0.0000
2025-01-31 23:00:00,3.0000,863.7600,0.0000
2025-02-01 00:00:00,2.0000,575.8400,0.0000
2025-02-01 01:00:00,2.0000,575.8400,0.0000
2025-02-01 02:00:00,2.0000,575.8400,0.0000
2025-02-01 03:00:00,2.0000,575.8400,0.0000
2025-02-01 04:00:00,2.0000,575.8400,0.0000
2025-02-01 05:00:00,2.0000,575.8400,0.0000
2025-02-01 06:00:00,5.0000,1439.6000,0.0000
2025-02-01 07:00:00,6.0000,1866.7500,139.2300
2025-02-01 08:00:00,5.0000,2019.1897,579.5897
2025-02-01 09:00:00,4.0000,1994.2000,842.5200
2025-02-01 10:00:00,4.0000,2211.9700,1060.2900
2025-02-01 11:00:00,4.5000,2309.5200,1013.8800
2025-02-01 12:00:00,5.0000,2374.9400,935.3400
2025-02-01 13:00:00,4.5000,1938.2400,642.6000
2025-02-01 14:00:00,4.0000,1480.1200,328.4400
2025-02-01 15:00:00,4.0000,1255.2100,103.5300
2025-02-01 16:00:00,4.0000,1151.6800,0.0000
2025-02-01 17:00:00,6.0000,1727.5200,0.0000
2025-02-01 18:00:00,7.0000,2015.4400,0.0000
2025-02-01 19:00:00,7.5000,2159.4000,0.0000
2025-02-01 20:00:00,7.0000,2015.4400,0.0000
2025-02-01 21:00:00,6.0000,1727.5200,0.0000
2025-02-01 22:00:00,5.0000,1439.6000,0.0000
2025-02-01 23:00:00,4.0000,1151.6800,0.0000
2025-02-02 00:00:00,2.0000,575.8400,0.0000
2025-02-02 01:00:00,2.0000,575.8400,0.0000
2025-02-02 02:00:00,2.0000,575.8400,0.0000
2025-02-02 03:00:00,2.0000,575.8400,0.0000
2025-02-02 04:00:00,2.0000,575.8400,0.0000
2025-02-02 05:00:00,2.0000,575.8400,0.0000
2025-02-02 06:00:00,5.0000,1439.6000,0.0000
2025-02-02 07:00:00,6.0000,1834.6200,107.1000
2025-02-02 08:00:00,5.0000,1846.5800,406.9800
2025-02-02 09:00:00,4.0000,1994.2000,842.5200
2025-02-02 10:00:00,4.0000,2379.7600,1228.0800
2025-02-02 11:00:00,4.5000,2687.9400,1392.3000
2025-02-02 12:00:00,5.0000,2828.3300,1388.7300
2025-02-02 13:00:00,4.5000,2338.0800,1042.4400
2025-02-02 14:00:00,4.0000,1772.8600,621.1800
2025-02-02 15:00:00,4.0000,1430.1400,278.4600
2025-02-02 16:00:00,4.0000,1158.8200,7.1400
2025-02-02 17:00:00,6.0000,1727.5200,0.0000
2025-02-02 18:00:00,7.0000,2015.4400,0.0000
2025-02-02 19:00:00,7.5000,2159.4000,0.0000
2025-02-02 20:00:00,7.0000,2015.4400,0.0000
2025-02-02 21:00:00,6.0000,1727.5200,0.0000
2025-02-02 22:00:00,5.0000,1439.6000,0.0000
2025-02-02 23:00:00,4.0000,1151.6800,0.0000
2025-02-03 00:00:00,2.0000,575.8400,0.0000
2025-02-03 01:00:00,2.0000,575.8400,0.0000
2025-02-03 02:00:00,2.0000,575.8400,0.0000
2025-02-03 03:00:00,2.0000,575.8400,0.0000
2025-02-03 04:00:00,2.0000,575.8400,0.0000
2025-02-03 05:00:00,2.0000,575.8400,0.0000
2025-02-03 06:00:00,5.0000,1439.6000,0.0000
2025-02-03 07:00:00,6.0000,1898.8800,171.3600
2025-02-03 08:00:00,5.0000,2021.5100,581.9100
2025-02-03 09:00:00,3.0000,1813.3800,949.6200
2025-02-03 10:00:00,3.0000,2498.8200,1635.0600
2025-02-03 11:00:00,3.5000,3421.0400,2413.3200
2025-02-03 12:00:00,4.0000,3311.5300,2159.8500
2025-02-03 13:00:00,3.5000,2962.5904,1954.8704
2025-02-03 14:00:00,3.0000,2148.9600,1285.2000
2025-02-03 15:00:00,3.0000,1313.5800,449.8200
2025-02-03 16:00:00,3.0000,881.6100,17.8500
2025-02-03 17:00:00,5.0000,1439.6000,0.0000
2025-02-03 18:00:00,6.0000,1727.5200,0.0000
2025-02-03 19:00:00,7.0000,2015.4400,0.0000
2025-02-03 20:00:00,6.0000,1727.5200,0.0000
2025-02-03 21:00:00,5.0000,1439.6000,0.0000
2025-02-03 22:00:00,4.0000,1151.6800,0.0000
2025-02-03 23:00:00,3.0000,863.7600,0.0000
2025-02-04 00:00:00,2.0000,575.8400,0.0000
2025-02-04 01:00:00,2.0000,575.8400,0.0000
2025-02-04 02:00:00,2.0000,575.8400,0.0000
2025-02-04 03:00:00,2.0000,575.8400,0.0000
2025-02-04 04:00:00,2.0000,575.8400,0.0000
2025-02-04 05:00:00,2.0000,575.8400,0.0000
2025-02-04 06:00:00,5.0000,1439.6000,0.0000
2025-02-04 07:00:00,6.0000,1941.7200,214.2000
2025-02-04 08:00:00,5.0000,2457.4098,1017.8098
2025-02-04 09:00:00,3.0000,3462.4178,2598.6578
2025-02-04 10:00:00,3.0000,10845.5406,9981.7806
2025-02-04 11:00:00,3.5000,10001.9655,8994.2455
2025-02-04 12:00:00,4.0000,10843.6169,9691.9369
2025-02-04 13:00:00,3.5000,11117.3848,10109.6648
2025-02-04 14:00:00,3.0000,10801.3286,9937.5686
2025-02-04 15:00:00,3.0000,1546.8200,683.0600
2025-02-04 16:00:00,3.0000,969.6700,105.9100
2025-02-04 17:00:00,5.0000,1439.6000,0.0000
2025-02-04 18:00:00,6.0000,1727.5200,0.0000
2025-02-04 19:00:00,7.0000,2015.4400,0.0000
2025-02-04 20:00:00,6.0000,1727.5200,0.0000
2025-02-04 21:00:00,5.0000,1439.6000,0.0000
2025-02-04 22:00:00,4.0000,1151.6800,0.0000
2025-02-04 23:00:00,3.0000,863.7600,0.0000
2025-02-05 00:00:00,2.0000,575.8400,0.0000
2025-02-05 01:00:00,2.0000,575.8400,0.0000
2025-02-05 02:00:00,2.0000,575.8400,0.0000
2025-02-05 03:00:00,2.0000,575.8400,0.0000
2025-02-05 04:00:00,2.0000,575.8400,0.0000
2025-02-05 05:00:00,2.0000,575.8400,0.0000
2025-02-05 06:00:00,5.0000,1446.7400,7.1400
2025-02-05 07:00:00,6.0000,2180.3150,452.7950
2025-02-05 08:00:00,5.0000,10931.6013,9492.0013
2025-02-05 09:00:00,3.0000,10958.5335,10094.7735
2025-02-05 10:00:00,3.0000,10610.7884,9747.0284
2025-02-05 11:00:00,3.5000,9817.0713,8809.3513
2025-02-05 12:00:00,4.0000,10778.1970,9626.5170
2025-02-05 13:00:00,3.5000,11083.5306,10075.8106
2025-02-05 14:00:00,3.0000,10782.2788,9918.5188
2025-02-05 15:00:00,3.0000,1535.5150,671.7550
2025-02-05 16:00:00,3.0000,961.9350,98.1750
2025-02-05 17:00:00,5.0000,1439.6000,0.0000
2025-02-05 18:00:00,6.0000,1727.5200,0.0000
2025-02-05 19:00:00,7.0000,2015.4400,0.0000
2025-02-05 20:00:00,6.0000,1727.5200,0.0000
2025-02-05 21:00:00,5.0000,1439.6000,0.0000
2025-02-05 22:00:00,4.0000,1151.6800,0.0000
2025-02-05 23:00:00,3.0000,863.7600,0.0000
2025-02-06 00:00:00,2.0000,575.8400,0.0000
2025-02-06 01:00:00,2.0000,575.8400,0.0000
2025-02-06 02:00:00,2.0000,575.8400,0.0000
2025-02-06 03:00:00,2.0000,575.8400,0.0000
2025-02-06 04:00:00,2.0000,575.8400,0.0000
2025-02-06 05:00:00,2.0000,575.8400,0.0000
2025-02-06 06:00:00,5.0000,1439.6000,0.0000
2025-02-06 07:00:00,6.0000,1845.3300,117.8100
2025-02-06 08:00:00,5.0000,1960.8200,521.2200
2025-02-06 09:00:00,3.0000,1434.9600,571.2000
2025-02-06 10:00:00,3.0000,2891.5200,2027.7600
2025-02-06 11:00:00,3.5000,2132.2700,1124.5500
2025-02-06 12:00:00,4.0000,2165.5600,1013.8800
2025-02-06 13:00:00,3.5000,1589.6300,581.9100
2025-02-06 14:00:00,3.0000,1202.9100,339.1500
2025-02-06 15:00:00,3.0000,953.0100,89.2500
2025-02-06 16:00:00,3.0000,863.7600,0.0000
2025-02-06 17:00:00,5.0000,1439.6000,0.0000
2025-02-06 18:00:00,6.0000,1727.5200,0.0000
2025-02-06 19:00:00,7.0000,2015.4400,0.0000
2025-02-06 20:00:00,6.0000,1727.5200,0.0000
2025-02-06 21:00:00,5.0000,1439.6000,0.0000
2025-02-06 22:00:00,4.0000,1151.6800,0.0000
2025-02-06 23:00:00,3.0000,863.7600,0.0000
2025-02-07 00:00:00,2.0000,575.8400,0.0000
2025-02-07 01:00:00,2.0000,575.8400,0.0000
2025-02-07 02:00:00,2.0000,575.8400,0.0000
2025-02-07 03:00:00,2.0000,575.8400,0.0000
2025-02-07 04:00:00,2.0000,575.8400,0.0000
2025-02-07 05:00:00,2.0000,575.8400,0.0000
2025-02-07 06:00:00,5.0000,1439.6000,0.0000
2025-02-07 07:00:00,6.0000,2020.2600,292.7400
2025-02-07 08:00:00,5.0000,2735.5100,1295.9100
2025-02-07 09:00:00,3.0000,4137.2277,3273.4677
2025-02-07 10:00:00,3.0000,9296.7923,8433.0323
2025-02-07 11:00:00,3.5000,9373.0788,8365.3588
2025-02-07 12:00:00,4.0000,11379.9191,10228.2391
2025-02-07 13:00:00,3.5000,11207.5787,10199.8587
2025-02-07 14:00:00,3.0000,10078.3527,9214.5927
2025-02-07 15:00:00,3.0000,1856.2200,992.4600
2025-02-07 16:00:00,3.0000,1019.0550,155.2950
2025-02-07 17:00:00,5.0000,1439.6000,0.0000
2025-02-07 18:00:00,6.0000,1727.5200,0.0000
2025-02-07 19:00:00,7.0000,2015.4400,0.0000
2025-02-07 20:00:00,6.0000,1727.5200,0.0000
2025-02-07 21:00:00,5.0000,1439.6000,0.0000
2025-02-07 22:00:00,4.0000,1151.6800,0.0000
2025-02-07 23:00:00,3.0000,863.7600,0.0000
2025-02-08 00:00:00,2.0000,575.8400,0.0000
2025-02-08 01:00:00,2.0000,575.8400,0.0000
2025-02-08 02:00:00,2.0000,575.8400,0.0000
2025-02-08 03:00:00,2.0000,575.8400,0.0000
2025-02-08 04:00:00,2.0000,575.8400,0.0000
2025-02-08 05:00:00,2.0000,575.8400,0.0000
2025-02-08 06:00:00,5.0000,1453.8800,14.2800
2025-02-08 07:00:00,6.0000,2205.9000,478.3800
2025-02-08 08:00:00,5.0000,10712.2379,9272.6379
2025-02-08 09:00:00,4.0000,11211.4401,10059.7601
2025-02-08 10:00:00,4.0000,10896.0228,9744.3428
2025-02-08 11:00:00,4.5000,10155.5367,8859.8967
2025-02-08 12:00:00,5.0000,10753.7528,9314.1528
2025-02-08 13:00:00,4.5000,4352.7896,3057.1496
2025-02-08 14:00:00,4.0000,11666.0642,10514.3842
2025-02-08 15:00:00,4.0000,9629.4741,8477.7941
2025-02-08 16:00:00,4.0000,1276.0350,124.3550
2025-02-08 17:00:00,6.0000,1727.5200,0.0000
2025-02-08 18:00:00,7.0000,2015.4400,0.0000
2025-02-08 19:00:00,7.5000,2159.4000,0.0000
2025-02-08 20:00:00,7.0000,2015.4400,0.0000
2025-02-08 21:00:00,6.0000,1727.5200,0.0000
2025-02-08 22:00:00,5.0000,1439.6000,0.0000
2025-02-08 23:00:00,4.0000,1151.6800,0.0000
2025-02-09 00:00:00,2.0000,575.8400,0.0000
2025-02-09 01:00:00,2.0000,575.8400,0.0000
2025-02-09 02:00:00,2.0000,575.8400,0.0000
2025-02-09 03:00:00,2.0000,575.8400,0.0000
2025-02-09 04:00:00,2.0000,575.8400,0.0000
2025-02-09 05:00:00,2.0000,575.8400,0.0000
2025-02-09 06:00:00,5.0000,1443.1700,3.5700
2025-02-09 07:00:00,6.0000,2329.0650,601.5450
2025-02-09 08:00:00,5.0000,3344.0924,1904.4924
2025-02-09 09:00:00,4.0000,3395.3162,2243.6362
2025-02-09 10:00:00,4.0000,7884.0370,6732.3570
2025-02-09 11:00:00,4.5000,5420.9052,4125.2652
2025-02-09 12:00:00,5.0000,4531.3943,3091.7943
2025-02-09 13:00:00,4.5000,5749.7734,4454.1334
2025-02-09 14:00:00,4.0000,4543.8140,3392.1340
2025-02-09 15:00:00,4.0000,1808.5600,656.8800
2025-02-09 16:00:00,4.0000,1241.5250,89.8450
2025-02-09 17:00:00,6.0000,1727.5200,0.0000
2025-02-09 18:00:00,7.0000,2015.4400,0.0000
2025-02-09 19:00:00,7.5000,2159.4000,0.0000
2025-02-09 20:00:00,7.0000,2015.4400,0.0000
2025-02-09 21:00:00,6.0000,1727.5200,0.0000
2025-02-09 22:00:00,5.0000,1439.6000,0.0000
2025-02-09 23:00:00,4.0000,1151.6800,0.0000
2025-02-10 00:00:00,2.0000,575.8400,0.0000
2025-02-10 01:00:00,2.0000,575.8400,0.0000
2025-02-10 02:00:00,2.0000,575.8400,0.0000
2025-02-10 03:00:00,2.0000,575.8400,0.0000
2025-02-10 04:00:00,2.0000,575.8400,0.0000
2025-02-10 05:00:00,2.0000,575.8400,0.0000
2025-02-10 06:00:00,5.0000,1443.1700,3.5700
2025-02-10 07:00:00,6.0000,2188.0500,460.5300
2025-02-10 08:00:00,5.0000,2922.9816,1483.3816
2025-02-10 09:00:00,3.0000,4818.6177,3954.8577
2025-02-10 10:00:00,3.0000,9560.2277,8696.4677
2025-02-10 11:00:00,3.5000,6514.7919,5507.0719
2025-02-10 12:00:00,4.0000,10734.5333,9582.8533
2025-02-10 13:00:00,3.5000,7455.3144,6447.5944
2025-02-10 14:00:00,3.0000,2386.7238,1522.9638
2025-02-10 15:00:00,3.0000,1570.6200,706.8600
2025-02-10 16:00:00,3.0000,935.1600,71.4000
2025-02-10 17:00:00,5.0000,1439.6000,0.0000
2025-02-10 18:00:00,6.0000,1727.5200,0.0000
2025-02-10 19:00:00,7.0000,2015.4400,0.0000
2025-02-10 20:00:00,6.0000,1727.5200,0.0000
2025-02-10 21:00:00,5.0000,1439.6000,0.0000
2025-02-10 22:00:00,4.0000,1151.6800,0.0000
2025-02-10 23:00:00,3.0000,863.7600,0.0000
2025-02-11 00:00:00,2.0000,575.8400,0.0000
2025-02-11 01:00:00,2.0000,575.8400,0.0000
2025-02-11 02:00:00,2.0000,575.8400,0.0000
2025-02-11 03:00:00,2.0000,575.8400,0.0000
2025-02-11 04:00:00,2.0000,575.8400,0.0000
2025-02-11 05:00:00,2.0000,575.8400,0.0000
2025-02-11 06:00:00,5.0000,1439.6000,0.0000
2025-02-11 07:00:00,6.0000,2073.8100,346.2900
2025-02-11 08:00:00,5.0000,3013.0663,1573.4663
2025-02-11 09:00:00,3.0000,3116.3149,2252.5549
2025-02-11 10:00:00,3.0000,2955.7800,2092.0200
2025-02-11 11:00:00,3.5000,3183.9149,2176.1949
2025-02-11 12:00:00,4.0000,3870.5548,2718.8748
2025-02-11 13:00:00,3.5000,4060.1304,3052.4104
2025-02-11 14:00:00,3.0000,2073.9900,1210.2300
2025-02-11 15:00:00,3.0000,1338.5700,474.8100
2025-02-11 16:00:00,3.0000,892.3200,28.5600
2025-02-11 17:00:00,5.0000,1439.6000,0.0000
2025-02-11 18:00:00,6.0000,1727.5200,0.0000
2025-02-11 19:00:00,7.0000,2015.4400,0.0000
2025-02-11 20:00:00,6.0000,1727.5200,0.0000
2025-02-11 21:00:00,5.0000,1439.6000,0.0000
2025-02-11 22:00:00,4.0000,1151.6800,0.0000
2025-02-11 23:00:00,3.0000,863.7600,0.0000
2025-02-12 00:00:00,2.0000,575.8400,0.0000
2025-02-12 01:00:00,2.0000,575.8400,0.0000
2025-02-12 02:00:00,2.0000,575.8400,0.0000
2025-02-12 03:00:00,2.0000,575.8400,0.0000
2025-02-12 04:00:00,2.0000,575.8400,0.0000
2025-02-12 05:00:00,2.0000,575.8400,0.0000
2025-02-12 06:00:00,5.0000,1443.1700,3.5700
2025-02-12 07:00:00,6.0000,2023.8300,296.3100
2025-02-12 08:00:00,5.0000,5198.8618,3759.2618
2025-02-12 09:00:00,3.0000,6824.2374,5960.4774
2025-02-12 10:00:00,3.0000,4735.7946,3872.0346
2025-02-12 11:00:00,3.5000,10230.4020,9222.6820
2025-02-12 12:00:00,4.0000,5461.1343,4309.4543
2025-02-12 13:00:00,3.5000,3626.6974,2618.9774
2025-02-12 14:00:00,3.0000,2209.9412,1346.1812
2025-02-12 15:00:00,3.0000,1483.4188,619.6588
2025-02-12 16:00:00,3.0000,1014.2950,150.5350
2025-02-12 17:00:00,5.0000,1439.6000,0.0000
2025-02-12 18:00:00,6.0000,1727.5200,0.0000
2025-02-12 19:00:00,7.0000,2015.4400,0.0000
2025-02-12 20:00:00,6.0000,1727.5200,0.0000
2025-02-12 21:00:00,5.0000,1439.6000,0.0000
2025-02-12 22:00:00,4.0000,1151.6800,0.0000
2025-02-12 23:00:00,3.0000,863.7600,0.0000
2025-02-13 00:00:00,2.0000,575.8400,0.0000
2025-02-13 01:00:00,2.0000,575.8400,0.0000
2025-02-13 02:00:00,2.0000,575.8400,0.0000
2025-02-13 03:00:00,2.0000,575.8400,0.0000
2025-02-13 04:00:00,2.0000,575.8400,0.0000
2025-02-13 05:00:00,2.0000,575.8400,0.0000
2025-02-13 06:00:00,5.0000,1439.6000,0.0000
2025-02-13 07:00:00,6.0000,1977.4200,249.9000
2025-02-13 08:00:00,5.0000,2132.1800,692.5800
2025-02-13 09:00:00,3.0000,1877.6400,1013.8800
2025-02-13 10:00:00,3.0000,1531.3500,667.5900
2025-02-13 11:00:00,3.5000,1646.7500,639.0300
2025-02-13 12:00:00,4.0000,2044.1800,892.5000
2025-02-13 13:00:00,3.5000,1711.7036,703.9836
2025-02-13 14:00:00,3.0000,1863.3600,999.6000
2025-02-13 15:00:00,3.0000,1199.3400,335.5800
2025-02-13 16:00:00,3.0000,913.7400,49.9800
2025-02-13 17:00:00,5.0000,1439.6000,0.0000
2025-02-13 18:00:00,6.0000,1727.5200,0.0000
2025-02-13 19:00:00,7.0000,2015.4400,0.0000
2025-02-13 20:00:00,6.0000,1727.5200,0.0000
2025-02-13 21:00:00,5.0000,1439.6000,0.0000
2025-02-13 22:00:00,4.0000,1151.6800,0.0000
2025-02-13 23:00:00,3.0000,863.7600,0.0000
2025-02-14 00:00:00,2.0000,575.8400,0.0000
2025-02-14 01:00:00,2.0000,575.8400,0.0000
2025-02-14 02:00:00,2.0000,575.8400,0.0000
2025-02-14 03:00:00,2.0000,575.8400,0.0000
2025-02-14 04:00:00,2.0000,575.8400,0.0000
2025-02-14 05:00:00,2.0000,575.8400,0.0000
2025-02-14 06:00:00,5.0000,1439.6000,0.0000
2025-02-14 07:00:00,6.0000,1831.0500,103.5300
2025-02-14 08:00:00,5.0000,1978.6700,539.0700
2025-02-14 09:00:00,3.0000,1659.8700,796.1100
2025-02-14 10:00:00,3.0000,2024.0100,1160.2500
2025-02-14 11:00:00,3.5000,2089.4300,1081.7100
2025-02-14 12:00:00,4.0000,2126.2900,974.6100
2025-02-14 13:00:00,3.5000,1732.4300,724.7100
2025-02-14 14:00:00,3.0000,1363.5600,499.8000
2025-02-14 15:00:00,3.0000,1210.0500,346.2900
2025-02-14 16:00:00,3.0000,931.5900,67.8300
2025-02-14 17:00:00,5.0000,1439.6000,0.0000
2025-02-14 18:00:00,6.0000,1727.5200,0.0000
2025-02-14 19:00:00,7.0000,2015.4400,0.0000
2025-02-14 20:00:00,6.0000,1727.5200,0.0000
2025-02-14 21:00:00,5.0000,1439.6000,0.0000
2025-02-14 22:00:00,4.0000,1151.6800,0.0000
2025-02-14 23:00:00,3.0000,863.7600,0.0000
2025-02-15 00:00:00,2.0000,575.8400,0.0000
2025-02-15 01:00:00,2.0000,575.8400,0.0000
2025-02-15 02:00:00,2.0000,575.8400,0.0000
2025-02-15 03:00:00,2.0000,575.8400,0.0000
2025-02-15 04:00:00,2.0000,575.8400,0.0000
2025-02-15 05:00:00,2.0000,575.8400,0.0000
2025-02-15 06:00:00,5.0000,1489.5800,49.9800
2025-02-15 07:00:00,6.0000,7342.6645,5615.1445
2025-02-15 08:00:00,5.0000,9869.6299,8430.0299
2025-02-15 09:00:00,4.0000,10853.8099,9702.1299
2025-02-15 10:00:00,4.0000,9183.0617,8031.3817
2025-02-15 11:00:00,4.5000,6195.6222,4899.9822
2025-02-15 12:00:00,5.0000,5149.1890,3709.5890
2025-02-15 13:00:00,4.5000,5307.1870,4011.5470
2025-02-15 14:00:00,4.0000,4054.9352,2903.2552
2025-02-15 15:00:00,4.0000,2459.9555,1308.2755
2025-02-15 16:00:00,4.0000,1380.1600,228.4800
2025-02-15 17:00:00,6.0000,1727.5200,0.0000
2025-02-15 18:00:00,7.0000,2015.4400,0.0000
2025-02-15 19:00:00,7.5000,2159.4000,0.0000
2025-02-15 20:00:00,7.0000,2015.4400,0.0000
2025-02-15 21:00:00,6.0000,1727.5200,0.0000
2025-02-15 22:00:00,5.0000,1439.6000,0.0000
2025-02-15 23:00:00,4.0000,1151.6800,0.0000
2025-02-16 00:00:00,2.0000,575.8400,0.0000
2025-02-16 01:00:00,2.0000,575.8400,0.0000
2025-02-16 02:00:00,2.0000,575.8400,0.0000
2025-02-16 03:00:00,2.0000,575.8400,0.0000
2025-02-16 04:00:00,2.0000,575.8400,0.0000
2025-02-16 05:00:00,2.0000,575.8400,0.0000
2025-02-16 06:00:00,5.0000,1457.4500,17.8500
2025-02-16 07:00:00,6.0000,2323.7100,596.1900
2025-02-16 08:00:00,5.0000,4014.1230,2574.5230
2025-02-16 09:00:00,4.0000,4176.7575,3025.0775
2025-02-16 10:00:00,4.0000,4447.2577,3295.5777
2025-02-16 11:00:00,4.5000,4621.0012,3325.3612
2025-02-16 12:00:00,5.0000,4751.8140,3312.2140
2025-02-16 13:00:00,4.5000,3576.8700,2281.2300
2025-02-16 14:00:00,4.0000,2679.6400,1527.9600
2025-02-16 15:00:00,4.0000,1758.5800,606.9000
2025-02-16 16:00:00,4.0000,1337.3200,185.6400
2025-02-16 17:00:00,6.0000,1727.5200,0.0000
2025-02-16 18:00:00,7.0000,2015.4400,0.0000
2025-02-16 19:00:00,7.5000,2159.4000,0.0000
2025-02-16 20:00:00,7.0000,2015.4400,0.0000
2025-02-16 21:00:00,6.0000,1727.5200,0.0000
2025-02-16 22:00:00,5.0000,1439.6000,0.0000
2025-02-16 23:00:00,4.0000,1151.6800,0.0000
2025-02-17 00:00:00,2.0000,575.8400,0.0000
2025-02-17 01:00:00,2.0000,575.8400,0.0000
2025-02-17 02:00:00,2.0000,575.8400,0.0000
2025-02-17 03:00:00,2.0000,575.8400,0.0000
2025-02-17 04:00:00,2.0000,575.8400,0.0000
2025-02-17 05:00:00,2.0000,575.8400,0.0000
2025-02-17 06:00:00,5.0000,1486.0100,46.4100
2025-02-17 07:00:00,6.0000,2280.8700,553.3500
2025-02-17 08:00:00,5.0000,2656.9700,1217.3700
2025-02-17 09:00:00,3.0000,2759.4300,1895.6700
2025-02-17 10:00:00,3.0000,3319.9200,2456.1600
2025-02-17 11:00:00,3.5000,3763.7600,2756.0400
2025-02-17 12:00:00,4.0000,3704.2300,2552.5500
2025-02-17 13:00:00,3.5000,3246.1100,2238.3900
2025-02-17 14:00:00,3.0000,2131.1100,1267.3500
2025-02-17 15:00:00,3.0000,1342.1400,478.3800
2025-02-17 16:00:00,3.0000,924.4500,60.6900
2025-02-17 17:00:00,5.0000,1439.6000,0.0000
2025-02-17 18:00:00,6.0000,1727.5200,0.0000
2025-02-17 19:00:00,7.0000,2015.4400,0.0000
2025-02-17 20:00:00,6.0000,1727.5200,0.0000
2025-02-17 21:00:00,5.0000,1439.6000,0.0000
2025-02-17 22:00:00,4.0000,1151.6800,0.0000
2025-02-17 23:00:00,3.0000,863.7600,0.0000
2025-02-18 00:00:00,2.0000,575.8400,0.0000
2025-02-18 01:00:00,2.0000,575.8400,0.0000
2025-02-18 02:00:00,2.0000,575.8400,0.0000
2025-02-18 03:00:00,2.0000,575.8400,0.0000
2025-02-18 04:00:00,2.0000,575.8400,0.0000
2025-02-18 05:00:00,2.0000,575.8400,0.0000
2025-02-18 06:00:00,5.0000,1450.3100,10.7100
2025-02-18 07:00:00,6.0000,2197.2020,469.6820
2025-02-18 08:00:00,5.0000,2535.5900,1095.9900
2025-02-18 09:00:00,3.0000,2466.6900,1602.9300
2025-02-18 10:00:00,3.0000,3516.2700,2652.5100
2025-02-18 11:00:00,3.5000,3753.0500,2745.3300
2025-02-18 12:00:00,4.0000,3418.6300,2266.9500
2025-02-18 13:00:00,3.5000,4294.1504,3286.4304
2025-02-18 14:00:00,3.0000,2971.7259,2107.9659
2025-02-18 15:00:00,3.0000,4689.5050,3825.7450
2025-02-18 16:00:00,3.0000,1167.8050,304.0450
2025-02-18 17:00:00,5.0000,1439.6000,0.0000
2025-02-18 18:00:00,6.0000,1727.5200,0.0000
2025-02-18 19:00:00,7.0000,2015.4400,0.0000
2025-02-18 20:00:00,6.0000,1727.5200,0.0000
2025-02-18 21:00:00,5.0000,1439.6000,0.0000
2025-02-18 22:00:00,4.0000,1151.6800,0.0000
2025-02-18 23:00:00,3.0000,863.7600,0.0000
2025-02-19 00:00:00,2.0000,575.8400,0.0000
2025-02-19 01:00:00,2.0000,575.8400,0.0000
2025-02-19 02:00:00,2.0000,575.8400,0.0000
2025-02-19 03:00:00,2.0000,575.8400,0.0000
2025-02-19 04:00:00,2.0000,575.8400,0.0000
2025-02-19 05:00:00,2.0000,575.8400,0.0000
2025-02-19 06:00:00,5.0000,1461.0200,21.4200
2025-02-19 07:00:00,6.0000,2134.5000,406.9800
2025-02-19 08:00:00,5.0000,2564.1500,1124.5500
2025-02-19 09:00:00,3.0000,2723.7300,1859.9700
2025-02-19 10:00:00,3.0000,4604.9591,3741.1991
2025-02-19 11:00:00,3.5000,8633.7782,7626.0582
2025-02-19 12:00:00,4.0000,10783.9868,9632.3068
2025-02-19 13:00:00,3.5000,10064.2109,9056.4909
2025-02-19 14:00:00,3.0000,9996.8694,9133.1094
2025-02-19 15:00:00,3.0000,8250.7554,7386.9954
2025-02-19 16:00:00,3.0000,1132.7000,268.9400
2025-02-19 17:00:00,5.0000,1439.6000,0.0000
2025-02-19 18:00:00,6.0000,1727.5200,0.0000
2025-02-19 19:00:00,7.0000,2015.4400,0.0000
2025-02-19 20:00:00,6.0000,1727.5200,0.0000
2025-02-19 21:00:00,5.0000,1439.6000,0.0000
2025-02-19 22:00:00,4.0000,1151.6800,0.0000
2025-02-19 23:00:00,3.0000,863.7600,0.0000
2025-02-20 00:00:00,2.0000,575.8400,0.0000
2025-02-20 01:00:00,2.0000,575.8400,0.0000
2025-02-20 02:00:00,2.0000,575.8400,0.0000
2025-02-20 03:00:00,2.0000,575.8400,0.0000
2025-02-20 04:00:00,2.0000,575.8400,0.0000
2025-02-20 05:00:00,2.0000,575.8400,0.0000
2025-02-20 06:00:00,5.0000,1552.6500,113.0500
2025-02-20 07:00:00,6.0000,7955.1295,6227.6095
2025-02-20 08:00:00,5.0000,9993.3577,8553.7577
2025-02-20 09:00:00,3.0000,10405.7953,9542.0353
2025-02-20 10:00:00,3.0000,10650.8894,9787.1294
2025-02-20 11:00:00,3.5000,5500.2058,4492.4858
2025-02-20 12:00:00,4.0000,4318.8702,3167.1902
2025-02-20 13:00:00,3.5000,3088.9144,2081.1944
2025-02-20 14:00:00,3.0000,1945.4700,1081.7100
2025-02-20 15:00:00,3.0000,1428.7799,565.0199
2025-02-20 16:00:00,3.0000,1063.6800,199.9200
2025-02-20 17:00:00,5.0000,1439.6000,0.0000
2025-02-20 18:00:00,6.0000,1727.5200,0.0000
2025-02-20 19:00:00,7.0000,2015.4400,0.0000
2025-02-20 20:00:00,6.0000,1727.5200,0.0000
2025-02-20 21:00:00,5.0000,1439.6000,0.0000
2025-02-20 22:00:00,4.0000,1151.6800,0.0000
2025-02-20 23:00:00,3.0000,863.7600,0.0000
2025-02-21 00:00:00,2.0000,575.8400,0.0000
2025-02-21 01:00:00,2.0000,575.8400,0.0000
2025-02-21 02:00:00,2.0000,575.8400,0.0000
2025-02-21 03:00:00,2.0000,575.8400,0.0000
2025-02-21 04:00:00,2.0000,575.8400,0.0000
2025-02-21 05:00:00,2.0000,575.8400,0.0000
2025-02-21 06:00:00,5.0000,1558.6000,119.0000
2025-02-21 07:00:00,6.0000,8337.1011,6609.5811
2025-02-21 08:00:00,5.0000,9285.4296,7845.8296
2025-02-21 09:00:00,3.0000,7798.9367,6935.1767
2025-02-21 10:00:00,3.0000,7837.4093,6973.6493
2025-02-21 11:00:00,3.5000,9840.1815,8832.4615
2025-02-21 12:00:00,4.0000,10838.0476,9686.3676
2025-02-21 13:00:00,3.5000,11198.4184,10190.6984
2025-02-21 14:00:00,3.0000,10785.2205,9921.4605
2025-02-21 15:00:00,3.0000,8345.7051,7481.9451
2025-02-21 16:00:00,3.0000,1107.1150,243.3550
2025-02-21 17:00:00,5.0000,1439.6000,0.0000
2025-02-21 18:00:00,6.0000,1727.5200,0.0000
2025-02-21 19:00:00,7.0000,2015.4400,0.0000
2025-02-21 20:00:00,6.0000,1727.5200,0.0000
2025-02-21 21:00:00,5.0000,1439.6000,0.0000
2025-02-21 22:00:00,4.0000,1151.6800,0.0000
2025-02-21 23:00:00,3.0000,863.7600,0.0000
2025-02-22 00:00:00,2.0000,575.8400,0.0000
2025-02-22 01:00:00,2.0000,575.8400,0.0000
2025-02-22 02:00:00,2.0000,575.8400,0.0000
2025-02-22 03:00:00,2.0000,575.8400,0.0000
2025-02-22 04:00:00,2.0000,575.8400,0.0000
2025-02-22 05:00:00,2.0000,575.8400,0.0000
2025-02-22 06:00:00,5.0000,1588.9450,149.3450
2025-02-22 07:00:00,6.0000,3753.2600,2025.7400
2025-02-22 08:00:00,5.0000,4867.0018,3427.4018
2025-02-22 09:00:00,4.0000,4102.8499,2951.1699
2025-02-22 10:00:00,4.0000,6218.8521,5067.1721
2025-02-22 11:00:00,4.5000,8871.5071,7575.8671
2025-02-22 12:00:00,5.0000,6921.5580,5481.9580
2025-02-22 13:00:00,4.5000,7591.6824,6296.0424
2025-02-22 14:00:00,4.0000,8191.1634,7039.4834
2025-02-22 15:00:00,4.0000,3434.5682,2282.8882
2025-02-22 16:00:00,4.0000,1542.0000,390.3200
2025-02-22 17:00:00,6.0000,1727.5200,0.0000
2025-02-22 18:00:00,7.0000,2015.4400,0.0000
2025-02-22 19:00:00,7.5000,2159.4000,0.0000
2025-02-22 20:00:00,7.0000,2015.4400,0.0000
2025-02-22 21:00:00,6.0000,1727.5200,0.0000
2025-02-22 22:00:00,5.0000,1439.6000,0.0000
2025-02-22 23:00:00,4.0000,1151.6800,0.0000
2025-02-23 00:00:00,2.0000,575.8400,0.0000
2025-02-23 01:00:00,2.0000,575.8400,0.0000
2025-02-23 02:00:00,2.0000,575.8400,0.0000
2025-02-23 03:00:00,2.0000,575.8400,0.0000
2025-02-23 04:00:00,2.0000,575.8400,0.0000
2025-02-23 05:00:00,2.0000,575.8400,0.0000
2025-02-23 06:00:00,5.0000,1446.7400,7.1400
2025-02-23 07:00:00,6.0000,1934.5800,207.0600
2025-02-23 08:00:00,5.0000,2207.1500,767.5500
2025-02-23 09:00:00,4.0000,2161.9900,1010.3100
2025-02-23 10:00:00,4.0000,3734.5047,2582.8247
2025-02-23 11:00:00,4.5000,4533.6731,3238.0331
2025-02-23 12:00:00,5.0000,3528.0500,2088.4500
2025-02-23 13:00:00,4.5000,3223.4400,1927.8000
2025-02-23 14:00:00,4.0000,2790.3100,1638.6300
2025-02-23 15:00:00,4.0000,2065.6000,913.9200
2025-02-23 16:00:00,4.0000,1476.5500,324.8700
2025-02-23 17:00:00,6.0000,1727.5200,0.0000
2025-02-23 18:00:00,7.0000,2015.4400,0.0000
2025-02-23 19:00:00,7.5000,2159.4000,0.0000
2025-02-23 20:00:00,7.0000,2015.4400,0.0000
2025-02-23 21:00:00,6.0000,1727.5200,0.0000
2025-02-23 22:00:00,5.0000,1439.6000,0.0000
2025-02-23 23:00:00,4.0000,1151.6800,0.0000
2025-02-24 00:00:00,2.0000,575.8400,0.0000
2025-02-24 01:00:00,2.0000,575.8400,0.0000
2025-02-24 02:00:00,2.0000,575.8400,0.0000
2025-02-24 03:00:00,2.0000,575.8400,0.0000
2025-02-24 04:00:00,2.0000,575.8400,0.0000
2025-02-24 05:00:00,2.0000,575.8400,0.0000
2025-02-24 06:00:00,5.0000,1693.0700,253.4700
2025-02-24 07:00:00,6.0000,3776.4391,2048.9191
2025-02-24 08:00:00,5.0000,6532.4057,5092.8057
2025-02-24 09:00:00,3.0000,7469.2487,6605.4887
2025-02-24 10:00:00,3.0000,6002.4439,5138.6839
2025-02-24 11:00:00,3.5000,6413.9578,5406.2378
2025-02-24 12:00:00,4.0000,6593.6591,5441.9791
2025-02-24 13:00:00,3.5000,4092.5159,3084.7959
2025-02-24 14:00:00,3.0000,2688.0300,1824.2700
2025-02-24 15:00:00,3.0000,2020.4400,1156.6800
2025-02-24 16:00:00,3.0000,1145.7900,282.0300
2025-02-24 17:00:00,5.0000,1439.6000,0.0000
2025-02-24 18:00:00,6.0000,1727.5200,0.0000
2025-02-24 19:00:00,7.0000,2015.4400,0.0000
2025-02-24 20:00:00,6.0000,1727.5200,0.0000
2025-02-24 21:00:00,5.0000,1439.6000,0.0000
2025-02-24 22:00:00,4.0000,1151.6800,0.0000
2025-02-24 23:00:00,3.0000,863.7600,0.0000
2025-02-25 00:00:00,2.0000,575.8400,0.0000
2025-02-25 01:00:00,2.0000,575.8400,0.0000
2025-02-25 02:00:00,2.0000,575.8400,0.0000
2025-02-25 03:00:00,2.0000,575.8400,0.0000
2025-02-25 04:00:00,2.0000,575.8400,0.0000
2025-02-25 05:00:00,2.0000,575.8400,0.0000
2025-02-25 06:00:00,5.0000,1528.8500,89.2500
2025-02-25 07:00:00,6.0000,3135.4249,1407.9049
2025-02-25 08:00:00,5.0000,4335.5994,2895.9994
2025-02-25 09:00:00,3.0000,5755.2069,4891.4469
2025-02-25 10:00:00,3.0000,6138.5751,5274.8151
2025-02-25 11:00:00,3.5000,4410.7300,3403.0100
2025-02-25 12:00:00,4.0000,2554.6900,1403.0100
2025-02-25 13:00:00,3.5000,3170.5183,2162.7983
2025-02-25 14:00:00,3.0000,1902.6300,1038.8700
2025-02-25 15:00:00,3.0000,1542.0600,678.3000
2025-02-25 16:00:00,3.0000,1131.5100,267.7500
2025-02-25 17:00:00,5.0000,1439.6000,0.0000
2025-02-25 18:00:00,6.0000,1727.5200,0.0000
2025-02-25 19:00:00,7.0000,2015.4400,0.0000
2025-02-25 20:00:00,6.0000,1727.5200,0.0000
2025-02-25 21:00:00,5.0000,1439.6000,0.0000
2025-02-25 22:00:00,4.0000,1151.6800,0.0000
2025-02-25 23:00:00,3.0000,863.7600,0.0000
2025-02-26 00:00:00,2.0000,575.8400,0.0000
2025-02-26 01:00:00,2.0000,575.8400,0.0000
2025-02-26 02:00:00,2.0000,575.8400,0.0000
2025-02-26 03:00:00,2.0000,575.8400,0.0000
2025-02-26 04:00:00,2.0000,575.8400,0.0000
2025-02-26 05:00:00,2.0000,575.8400,0.0000
2025-02-26 06:00:00,5.0000,1525.8750,86.2750
2025-02-26 07:00:00,6.0000,2227.3200,499.8000
2025-02-26 08:00:00,5.0000,2017.9400,578.3400
2025-02-26 09:00:00,3.0000,2906.8954,2043.1354
2025-02-26 10:00:00,3.0000,4180.1700,3316.4100
2025-02-26 11:00:00,3.5000,2751.8990,1744.1790
2025-02-26 12:00:00,4.0000,2826.0100,1674.3300
2025-02-26 13:00:00,3.5000,1568.2100,560.4900
2025-02-26 14:00:00,3.0000,1156.5000,292.7400
2025-02-26 15:00:00,3.0000,1027.9800,164.2200
2025-02-26 16:00:00,3.0000,881.6100,17.8500
2025-02-26 17:00:00,5.0000,1439.6000,0.0000
2025-02-26 18:00:00,6.0000,1727.5200,0.0000
2025-02-26 19:00:00,7.0000,2015.4400,0.0000
2025-02-26 20:00:00,6.0000,1727.5200,0.0000
2025-02-26 21:00:00,5.0000,1439.6000,0.0000
2025-02-26 22:00:00,4.0000,1151.6800,0.0000
2025-02-26 23:00:00,3.0000,863.7600,0.0000
2025-02-27 00:00:00,2.0000,575.8400,0.0000
2025-02-27 01:00:00,2.0000,575.8400,0.0000
2025-02-27 02:00:00,2.0000,575.8400,0.0000
2025-02-27 03:00:00,2.0000,575.8400,0.0000
2025-02-27 04:00:00,2.0000,575.8400,0.0000
2025-02-27 05:00:00,2.0000,575.8400,0.0000
2025-02-27 06:00:00,5.0000,1632.9750,193.3750
2025-02-27 07:00:00,6.0000,3392.5755,1665.0555
2025-02-27 08:00:00,5.0000,2606.9900,1167.3900
2025-02-27 09:00:00,3.0000,3381.7763,2518.0163
2025-02-27 10:00:00,3.0000,4355.3539,3491.5939
2025-02-27 11:00:00,3.5000,3299.6600,2291.9400
2025-02-27 12:00:00,4.0000,3086.6200,1934.9400
2025-02-27 13:00:00,3.5000,3642.7141,2634.9941
2025-02-27 14:00:00,3.0000,4096.1226,3232.3626
2025-02-27 15:00:00,3.0000,2412.2926,1548.5326
2025-02-27 16:00:00,3.0000,1245.1550,381.3950
2025-02-27 17:00:00,5.0000,1446.7400,7.1400
2025-02-27 18:00:00,6.0000,1727.5200,0.0000
2025-02-27 19:00:00,7.0000,2015.4400,0.0000
2025-02-27 20:00:00,6.0000,1727.5200,0.0000
2025-02-27 21:00:00,5.0000,1439.6000,0.0000
2025-02-27 22:00:00,4.0000,1151.6800,0.0000
2025-02-27 23:00:00,3.0000,863.7600,0.0000
2025-02-28 00:00:00,2.0000,575.8400,0.0000
2025-02-28 01:00:00,2.0000,575.8400,0.0000
2025-02-28 02:00:00,2.0000,575.8400,0.0000
2025-02-28 03:00:00,2.0000,575.8400,0.0000
2025-02-28 04:00:00,2.0000,575.8400,0.0000
2025-02-28 05:00:00,2.0000,575.8400,0.0000
2025-02-28 06:00:00,5.0000,1593.1100,153.5100
2025-02-28 07:00:00,6.0000,2756.5616,1029.0416
2025-02-28 08:00:00,5.0000,4228.9763,2789.3763
2025-02-28 09:00:00,3.0000,5121.0419,4257.2819
2025-02-28 10:00:00,3.0000,4824.7604,3961.0004
2025-02-28 11:00:00,3.5000,6919.0241,5911.3041
2025-02-28 12:00:00,4.0000,10612.1177,9460.4377
2025-02-28 13:00:00,3.5000,6436.9265,5429.2065
2025-02-28 14:00:00,3.0000,9624.0859,8760.3259
2025-02-28 15:00:00,3.0000,3864.5964,3000.8364
2025-02-28 16:00:00,3.0000,1152.9300,289.1700
2025-02-28 17:00:00,5.0000,1439.6000,0.0000
2025-02-28 18:00:00,6.0000,1727.5200,0.0000
2025-02-28 19:00:00,7.0000,2015.4400,0.0000
2025-02-28 20:00:00,6.0000,1727.5200,0.0000
2025-02-28 21:00:00,5.0000,1439.6000,0.0000
2025-02-28 22:00:00,4.0000,1151.6800,0.0000
2025-02-28 23:00:00,3.0000,863.7600,0.0000
2025-03-01 00:00:00,2.0000,575.8400,0.0000
2025-03-01 01:00:00,2.0000,575.8400,0.0000
2025-03-01 02:00:00,2.0000,575.8400,0.0000
2025-03-01 03:00:00,2.0000,575.8400,0.0000
2025-03-01 04:00:00,2.0000,575.8400,0.0000
2025-03-01 05:00:00,2.0000,575.8400,0.0000
2025-03-01 06:00:00,5.0000,1518.1400,78.5400
2025-03-01 07:00:00,6.0000,2617.2404,889.7204
2025-03-01 08:00:00,5.0000,7017.8007,5578.2007
2025-03-01 09:00:00,4.0000,3640.3139,2488.6339
2025-03-01 10:00:00,4.0000,3607.8400,2456.1600
2025-03-01 11:00:00,4.5000,5004.0362,3708.3962
2025-03-01 12:00:00,5.0000,7573.8416,6134.2416
2025-03-01 13:00:00,4.5000,3563.8012,2268.1612
2025-03-01 14:00:00,4.0000,4123.4398,2971.7598
2025-03-01 15:00:00,4.0000,2336.9200,1185.2400
2025-03-01 16:00:00,4.0000,1405.1500,253.4700
2025-03-01 17:00:00,6.0000,1734.6600,7.1400
2025-03-01 18:00:00,7.0000,2015.4400,0.0000
2025-03-01 19:00:00,7.5000,2159.4000,0.0000
2025-03-01 20:00:00,7.0000,2015.4400,0.0000
2025-03-01 21:00:00,6.0000,1727.5200,0.0000
2025-03-01 22:00:00,5.0000,1439.6000,0.0000
2025-03-01 23:00:00,4.0000,1151.6800,0.0000
2025-03-02 00:00:00,2.0000,575.8400,0.0000
2025-03-02 01:00:00,2.0000,575.8400,0.0000
2025-03-02 02:00:00,2.0000,575.8400,0.0000
2025-03-02 03:00:00,2.0000,575.8400,0.0000
2025-03-02 04:00:00,2.0000,575.8400,0.0000
2025-03-02 05:00:00,2.0000,575.8400,0.0000
2025-03-02 06:00:00,5.0000,1665.7000,226.1000
2025-03-02 07:00:00,6.0000,5045.5283,3318.0083
2025-03-02 08:00:00,5.0000,6300.5035,4860.9035
2025-03-02 09:00:00,4.0000,8575.8258,7424.1458
2025-03-02 10:00:00,4.0000,11064.7091,9913.0291
2025-03-02 11:00:00,4.5000,10200.9134,8905.2734
2025-03-02 12:00:00,5.0000,11129.8155,9690.2155
2025-03-02 13:00:00,4.5000,11710.8779,10415.2379
2025-03-02 14:00:00,4.0000,8580.0801,7428.4001
2025-03-02 15:00:00,4.0000,9090.1357,7938.4557
2025-03-02 16:00:00,4.0000,1672.3050,520.6250
2025-03-02 17:00:00,6.0000,1745.3700,17.8500
2025-03-02 18:00:00,7.0000,2015.4400,0.0000
2025-03-02 19:00:00,7.5000,2159.4000,0.0000
2025-03-02 20:00:00,7.0000,2015.4400,0.0000
2025-03-02 21:00:00,6.0000,1727.5200,0.0000
2025-03-02 22:00:00,5.0000,1439.6000,0.0000
2025-03-02 23:00:00,4.0000,1151.6800,0.0000
2025-03-03 00:00:00,2.0000,575.8400,0.0000
2025-03-03 01:00:00,2.0000,575.8400,0.0000
2025-03-03 02:00:00,2.0000,575.8400,0.0000
2025-03-03 03:00:00,2.0000,575.8400,0.0000
2025-03-03 04:00:00,2.0000,575.8400,0.0000
2025-03-03 05:00:00,2.0000,575.8400,0.0000
2025-03-03 06:00:00,5.0000,1724.6050,285.0050
2025-03-03 07:00:00,6.0000,9222.6510,7495.1310
2025-03-03 08:00:00,5.0000,11044.1238,9604.5238
2025-03-03 09:00:00,3.0000,10885.7969,10022.0369
2025-03-03 10:00:00,3.0000,10543.4900,9679.7300
2025-03-03 11:00:00,3.5000,9710.6524,8702.9324
2025-03-03 12:00:00,4.0000,10784.2925,9632.6125
2025-03-03 13:00:00,3.5000,11103.2388,10095.5188
2025-03-03 14:00:00,3.0000,10768.9778,9905.2178
2025-03-03 15:00:00,3.0000,9924.8043,9061.0443
2025-03-03 16:00:00,3.0000,1413.5400,549.7800
2025-03-03 17:00:00,5.0000,1461.0200,21.4200
2025-03-03 18:00:00,6.0000,1727.5200,0.0000
2025-03-03 19:00:00,7.0000,2015.4400,0.0000
2025-03-03 20:00:00,6.0000,1727.5200,0.0000
2025-03-03 21:00:00,5.0000,1439.6000,0.0000
2025-03-03 22:00:00,4.0000,1151.6800,0.0000
2025-03-03 23:00:00,3.0000,863.7600,0.0000
2025-03-04 00:00:00,2.0000,575.8400,0.0000
2025-03-04 01:00:00,2.0000,575.8400,0.0000
2025-03-04 02:00:00,2.0000,575.8400,0.0000
2025-03-04 03:00:00,2.0000,575.8400,0.0000
2025-03-04 04:00:00,2.0000,575.8400,0.0000
2025-03-04 05:00:00,2.0000,575.8400,0.0000
2025-03-04 06:00:00,5.0000,1763.2800,323.6800
2025-03-04 07:00:00,6.0000,8770.8208,7043.3008
2025-03-04 08:00:00,5.0000,9922.9104,8483.3104
2025-03-04 09:00:00,3.0000,10988.6259,10124.8659
2025-03-04 10:00:00,3.0000,10617.8744,9754.1144
2025-03-04 11:00:00,3.5000,9787.9077,8780.1877
2025-03-04 12:00:00,4.0000,10869.3209,9717.6409
2025-03-04 13:00:00,3.5000,11179.9348,10172.2148
2025-03-04 14:00:00,3.0000,10811.8121,9948.0521
2025-03-04 15:00:00,3.0000,9658.0762,8794.3162
2025-03-04 16:00:00,3.0000,1426.0350,562.2750
2025-03-04 17:00:00,5.0000,1464.5900,24.9900
2025-03-04 18:00:00,6.0000,1727.5200,0.0000
2025-03-04 19:00:00,7.0000,2015.4400,0.0000
2025-03-04 20:00:00,6.0000,1727.5200,0.0000
2025-03-04 21:00:00,5.0000,1439.6000,0.0000
2025-03-04 22:00:00,4.0000,1151.6800,0.0000
2025-03-04 23:00:00,3.0000,863.7600,0.0000
2025-03-05 00:00:00,2.0000,575.8400,0.0000
2025-03-05 01:00:00,2.0000,575.8400,0.0000
2025-03-05 02:00:00,2.0000,575.8400,0.0000
2025-03-05 03:00:00,2.0000,575.8400,0.0000
2025-03-05 04:00:00,2.0000,575.8400,0.0000
2025-03-05 05:00:00,2.0000,575.8400,0.0000
2025-03-05 06:00:00,5.0000,1762.6850,323.0850
2025-03-05 07:00:00,6.0000,9167.7582,7440.2382
2025-03-05 08:00:00,5.0000,10977.7418,9538.1418
2025-03-05 09:00:00,3.0000,10892.1642,10028.4042
2025-03-05 10:00:00,3.0000,10555.3897,9691.6297
2025-03-05 11:00:00,3.5000,9713.9890,8706.2690
2025-03-05 12:00:00,4.0000,10804.6567,9652.9767
2025-03-05 13:00:00,3.5000,11137.7751,10130.0551
2025-03-05 14:00:00,3.0000,10789.2550,9925.4950
2025-03-05 15:00:00,3.0000,9504.3064,8640.5464
2025-03-05 16:00:00,3.0000,1449.2400,585.4800
2025-03-05 17:00:00,5.0000,1471.7300,32.1300
2025-03-05 18:00:00,6.0000,1727.5200,0.0000
2025-03-05 19:00:00,7.0000,2015.4400,0.0000
2025-03-05 20:00:00,6.0000,1727.5200,0.0000
2025-03-05 21:00:00,5.0000,1439.6000,0.0000
2025-03-05 22:00:00,4.0000,1151.6800,0.0000
2025-03-05 23:00:00,3.0000,863.7600,0.0000
2025-03-06 00:00:00,2.0000,575.8400,0.0000
2025-03-06 01:00:00,2.0000,575.8400,0.0000
2025-03-06 02:00:00,2.0000,575.8400,0.0000
2025-03-06 03:00:00,2.0000,575.8400,0.0000
2025-03-06 04:00:00,2.0000,575.8400,0.0000
2025-03-06 05:00:00,2.0000,575.8400,0.0000
2025-03-06 06:00:00,5.0000,1785.2950,345.6950
2025-03-06 07:00:00,6.0000,9335.4923,7607.9723
2025-03-06 08:00:00,5.0000,10955.3459,9515.7459
2025-03-06 09:00:00,3.0000,10880.2300,10016.4700
2025-03-06 10:00:00,3.0000,10535.1375,9671.3775
2025-03-06 11:00:00,3.5000,9720.9564,8713.2364
2025-03-06 12:00:00,4.0000,10809.8526,9658.1726
2025-03-06 13:00:00,3.5000,11130.8642,10123.1442
2025-03-06 14:00:00,3.0000,10819.1186,9955.3586
2025-03-06 15:00:00,3.0000,9342.0190,8478.2590
2025-03-06 16:00:00,3.0000,1490.2950,626.5350
2025-03-06 17:00:00,5.0000,1468.1600,28.5600
2025-03-06 18:00:00,6.0000,1727.5200,0.0000
2025-03-06 19:00:00,7.0000,2015.4400,0.0000
2025-03-06 20:00:00,6.0000,1727.5200,0.0000
2025-03-06 21:00:00,5.0000,1439.6000,0.0000
2025-03-06 22:00:00,4.0000,1151.6800,0.0000
2025-03-06 23:00:00,3.0000,863.7600,0.0000
2025-03-07 00:00:00,2.0000,575.8400,0.0000
2025-03-07 01:00:00,2.0000,575.8400,0.0000
2025-03-07 02:00:00,2.0000,575.8400,0.0000
2025-03-07 03:00:00,2.0000,575.8400,0.0000
2025-03-07 04:00:00,2.0000,575.8400,0.0000
2025-03-07 05:00:00,2.0000,575.8400,0.0000
2025-03-07 06:00:00,5.0000,1881.0900,441.4900
2025-03-07 07:00:00,6.0000,8789.4405,7061.9205
2025-03-07 08:00:00,5.0000,10459.4019,9019.8019
2025-03-07 09:00:00,3.0000,10674.0948,9810.3348
2025-03-07 10:00:00,3.0000,10775.9695,9912.2095
2025-03-07 11:00:00,3.5000,10016.4759,9008.7559
2025-03-07 12:00:00,4.0000,11123.5014,9971.8214
2025-03-07 13:00:00,3.5000,11033.2189,10025.4989
2025-03-07 14:00:00,3.0000,10238.1117,9374.3517
2025-03-07 15:00:00,3.0000,8511.2228,7647.4628
2025-03-07 16:00:00,3.0000,1596.8000,733.0400
2025-03-07 17:00:00,5.0000,1493.1500,53.5500
2025-03-07 18:00:00,6.0000,1727.5200,0.0000
2025-03-07 19:00:00,7.0000,2015.4400,0.0000
2025-03-07 20:00:00,6.0000,1727.5200,0.0000
2025-03-07 21:00:00,5.0000,1439.6000,0.0000
2025-03-07 22:00:00,4.0000,1151.6800,0.0000
2025-03-07 23:00:00,3.0000,863.7600,0.0000
2025-03-08 00:00:00,2.0000,575.8400,0.0000
2025-03-08 01:00:00,2.0000,575.8400,0.0000
2025-03-08 02:00:00,2.0000,575.8400,0.0000
2025-03-08 03:00:00,2.0000,575.8400,0.0000
2025-03-08 04:00:00,2.0000,575.8400,0.0000
2025-03-08 05:00:00,2.0000,579.4100,3.5700
2025-03-08 06:00:00,5.0000,1879.9000,440.3000
2025-03-08 07:00:00,6.0000,8564.2347,6836.7147
2025-03-08 08:00:00,5.0000,10512.8160,9073.2160
2025-03-08 09:00:00,4.0000,11251.5104,10099.8304
2025-03-08 10:00:00,4.0000,10900.3551,9748.6751
2025-03-08 11:00:00,4.5000,10076.8991,8781.2591
2025-03-08 12:00:00,5.0000,11190.4064,9750.8064
2025-03-08 13:00:00,4.5000,11445.2593,10149.6193
2025-03-08 14:00:00,4.0000,11094.3697,9942.6897
2025-03-08 15:00:00,4.0000,9532.9723,8381.2923
2025-03-08 16:00:00,4.0000,1811.5350,659.8550
2025-03-08 17:00:00,6.0000,1777.5000,49.9800
2025-03-08 18:00:00,7.0000,2015.4400,0.0000
2025-03-08 19:00:00,7.5000,2159.4000,0.0000
2025-03-08 20:00:00,7.0000,2015.4400,0.0000
2025-03-08 21:00:00,6.0000,1727.5200,0.0000
2025-03-08 22:00:00,5.0000,1439.6000,0.0000
2025-03-08 23:00:00,4.0000,1151.6800,0.0000
2025-03-09 00:00:00,2.0000,575.8400,0.0000
2025-03-09 01:00:00,2.0000,575.8400,0.0000
2025-03-09 02:00:00,2.0000,575.8400,0.0000
2025-03-09 03:00:00,2.0000,575.8400,0.0000
2025-03-09 04:00:00,2.0000,575.8400,0.0000
2025-03-09 05:00:00,2.0000,582.9800,7.1400
2025-03-09 06:00:00,5.0000,1878.1150,438.5150
2025-03-09 07:00:00,6.0000,7231.6079,5504.0879
2025-03-09 08:00:00,5.0000,10745.5073,9305.9073
2025-03-09 09:00:00,4.0000,11152.8444,10001.1644
2025-03-09 10:00:00,4.0000,10793.8365,9642.1565
2025-03-09 11:00:00,4.5000,9942.2231,8646.5831
2025-03-09 12:00:00,5.0000,11074.9460,9635.3460
2025-03-09 13:00:00,4.5000,11413.7915,10118.1515
2025-03-09 14:00:00,4.0000,11056.0802,9904.4002
2025-03-09 15:00:00,4.0000,8705.9058,7554.2258
2025-03-09 16:00:00,4.0000,5032.2173,3880.5373
2025-03-09 17:00:00,6.0000,1759.6500,32.1300
2025-03-09 18:00:00,7.0000,2015.4400,0.0000
2025-03-09 19:00:00,7.5000,2159.4000,0.0000
2025-03-09 20:00:00,7.0000,2015.4400,0.0000
2025-03-09 21:00:00,6.0000,1727.5200,0.0000
2025-03-09 22:00:00,5.0000,1439.6000,0.0000
2025-03-09 23:00:00,4.0000,1151.6800,0.0000
2025-03-10 00:00:00,2.0000,575.8400,0.0000
2025-03-10 01:00:00,2.0000,575.8400,0.0000
2025-03-10 02:00:00,2.0000,575.8400,0.0000
2025-03-10 03:00:00,2.0000,575.8400,0.0000
2025-03-10 04:00:00,2.0000,575.8400,0.0000
2025-03-10 05:00:00,2.0000,575.8400,0.0000
2025-03-10 06:00:00,5.0000,1468.1600,28.5600
2025-03-10 07:00:00,6.0000,1991.7000,264.1800
2025-03-10 08:00:00,5.0000,2407.0700,967.4700
2025-03-10 09:00:00,3.0000,1881.2100,1017.4500
2025-03-10 10:00:00,3.0000,2574.8219,1711.0619
2025-03-10 11:00:00,3.5000,3581.6900,2573.9700
2025-03-10 12:00:00,4.0000,3666.6254,2514.9454
2025-03-10 13:00:00,3.5000,2881.9700,1874.2500
2025-03-10 14:00:00,3.0000,3032.3919,2168.6319
2025-03-10 15:00:00,3.0000,7267.7670,6404.0070
2025-03-10 16:00:00,3.0000,7677.1570,6813.3970
2025-03-10 17:00:00,5.0000,1493.1500,53.5500
2025-03-10 18:00:00,6.0000,1727.5200,0.0000
2025-03-10 19:00:00,7.0000,2015.4400,0.0000
2025-03-10 20:00:00,6.0000,1727.5200,0.0000
2025-03-10 21:00:00,5.0000,1439.6000,0.0000
2025-03-10 22:00:00,4.0000,1151.6800,0.0000
2025-03-10 23:00:00,3.0000,863.7600,0.0000
2025-03-11 00:00:00,2.0000,575.8400,0.0000
2025-03-11 01:00:00,2.0000,575.8400,0.0000
2025-03-11 02:00:00,2.0000,575.8400,0.0000
2025-03-11 03:00:00,2.0000,575.8400,0.0000
2025-03-11 04:00:00,2.0000,575.8400,0.0000
2025-03-11 05:00:00,2.0000,582.9800,7.1400
2025-03-11 06:00:00,5.0000,2604.3731,1164.7731
2025-03-11 07:00:00,6.0000,3923.1605,2195.6405
2025-03-11 08:00:00,5.0000,8418.6317,6979.0317
2025-03-11 09:00:00,3.0000,7362.9652,6499.2052
2025-03-11 10:00:00,3.0000,7552.5131,6688.7531
2025-03-11 11:00:00,3.5000,7616.5453,6608.8253
2025-03-11 12:00:00,4.0000,9278.7777,8127.0977
2025-03-11 13:00:00,3.5000,8027.2380,7019.5180
2025-03-11 14:00:00,3.0000,7107.6055,6243.8455
2025-03-11 15:00:00,3.0000,3482.8320,2619.0720
2025-03-11 16:00:00,3.0000,1442.8380,579.0780
2025-03-11 17:00:00,5.0000,1461.0200,21.4200
2025-03-11 18:00:00,6.0000,1727.5200,0.0000
2025-03-11 19:00:00,7.0000,2015.4400,0.0000
2025-03-11 20:00:00,6.0000,1727.5200,0.0000
2025-03-11 21:00:00,5.0000,1439.6000,0.0000
2025-03-11 22:00:00,4.0000,1151.6800,0.0000
2025-03-11 23:00:00,3.0000,863.7600,0.0000
2025-03-12 00:00:00,2.0000,575.8400,0.0000
2025-03-12 01:00:00,2.0000,575.8400,0.0000
2025-03-12 02:00:00,2.0000,575.8400,0.0000
2025-03-12 03:00:00,2.0000,575.8400,0.0000
2025-03-12 04:00:00,2.0000,575.8400,0.0000
2025-03-12 05:00:00,2.0000,575.8400,0.0000
2025-03-12 06:00:00,5.0000,1571.6900,132.0900
2025-03-12 07:00:00,6.0000,2105.9400,378.4200
2025-03-12 08:00:00,5.0000,2007.2300,567.6300
2025-03-12 09:00:00,3.0000,2802.2525,1938.4925
2025-03-12 10:00:00,3.0000,4317.1140,3453.3540
2025-03-12 11:00:00,3.5000,5821.0923,4813.3723
2025-03-12 12:00:00,4.0000,4469.8603,3318.1803
2025-03-12 13:00:00,3.5000,3483.0927,2475.3727
2025-03-12 14:00:00,3.0000,1943.7449,1079.9849
2025-03-12 15:00:00,3.0000,1622.5235,758.7635
2025-03-12 16:00:00,3.0000,1181.4900,317.7300
2025-03-12 17:00:00,5.0000,1471.7300,32.1300
2025-03-12 18:00:00,6.0000,1727.5200,0.0000
2025-03-12 19:00:00,7.0000,2015.4400,0.0000
2025-03-12 20:00:00,6.0000,1727.5200,0.0000
2025-03-12 21:00:00,5.0000,1439.6000,0.0000
2025-03-12 22:00:00,4.0000,1151.6800,0.0000
2025-03-12 23:00:00,3.0000,863.7600,0.0000
2025-03-13 00:00:00,2.0000,575.8400,0.0000
2025-03-13 01:00:00,2.0000,575.8400,0.0000
2025-03-13 02:00:00,2.0000,575.8400,0.0000
2025-03-13 03:00:00,2.0000,575.8400,0.0000
2025-03-13 04:00:00,2.0000,575.8400,0.0000
2025-03-13 05:00:00,2.0000,575.8400,0.0000
2025-03-13 06:00:00,5.0000,1664.5100,224.9100
2025-03-13 07:00:00,6.0000,2696.8721,969.3521
2025-03-13 08:00:00,5.0000,3092.5100,1652.9100
2025-03-13 09:00:00,3.0000,2147.0876,1283.3276
2025-03-13 10:00:00,3.0000,1877.6400,1013.8800
2025-03-13 11:00:00,3.5000,2892.6800,1884.9600
2025-03-13 12:00:00,4.0000,3786.3400,2634.6600
2025-03-13 13:00:00,3.5000,2983.5863,1975.8663
2025-03-13 14:00:00,3.0000,2860.3738,1996.6138
2025-03-13 15:00:00,3.0000,6482.9967,5619.2367
2025-03-13 16:00:00,3.0000,5381.2556,4517.4956
2025-03-13 17:00:00,5.0000,1493.1500,53.5500
2025-03-13 18:00:00,6.0000,1727.5200,0.0000
2025-03-13 19:00:00,7.0000,2015.4400,0.0000
2025-03-13 20:00:00,6.0000,1727.5200,0.0000
2025-03-13 21:00:00,5.0000,1439.6000,0.0000
2025-03-13 22:00:00,4.0000,1151.6800,0.0000
2025-03-13 23:00:00,3.0000,863.7600,0.0000
2025-03-14 00:00:00,2.0000,575.8400,0.0000
2025-03-14 01:00:00,2.0000,575.8400,0.0000
2025-03-14 02:00:00,2.0000,575.8400,0.0000
2025-03-14 03:00:00,2.0000,575.8400,0.0000
2025-03-14 04:00:00,2.0000,575.8400,0.0000
2025-03-14 05:00:00,2.0000,575.8400,0.0000
2025-03-14 06:00:00,5.0000,1660.9400,221.3400
2025-03-14 07:00:00,6.0000,2337.9900,610.4700
2025-03-14 08:00:00,5.0000,2667.6800,1228.0800
2025-03-14 09:00:00,3.0000,2959.3500,2095.5900
2025-03-14 10:00:00,3.0000,3666.2100,2802.4500
2025-03-14 11:00:00,3.5000,4685.5854,3677.8654
2025-03-14 12:00:00,4.0000,4792.3257,3640.6457
2025-03-14 13:00:00,3.5000,3751.0694,2743.3494
2025-03-14 14:00:00,3.0000,3332.6469,2468.8869
2025-03-14 15:00:00,3.0000,1824.0900,960.3300
2025-03-14 16:00:00,3.0000,1281.4500,417.6900
2025-03-14 17:00:00,5.0000,1443.1700,3.5700
2025-03-14 18:00:00,6.0000,1727.5200,0.0000
2025-03-14 19:00:00,7.0000,2015.4400,0.0000
2025-03-14 20:00:00,6.0000,1727.5200,0.0000
2025-03-14 21:00:00,5.0000,1439.6000,0.0000
2025-03-14 22:00:00,4.0000,1151.6800,0.0000
2025-03-14 23:00:00,3.0000,863.7600,0.0000
2025-03-15 00:00:00,2.0000,575.8400,0.0000
2025-03-15 01:00:00,2.0000,575.8400,0.0000
2025-03-15 02:00:00,2.0000,575.8400,0.0000
2025-03-15 03:00:00,2.0000,575.8400,0.0000
2025-03-15 04:00:00,2.0000,575.8400,0.0000
2025-03-15 05:00:00,2.0000,575.8400,0.0000
2025-03-15 06:00:00,5.0000,1568.1200,128.5200
2025-03-15 07:00:00,6.0000,2377.2600,649.7400
2025-03-15 08:00:00,5.0000,4743.7871,3304.1871
2025-03-15 09:00:00,4.0000,5016.8774,3865.1974
2025-03-15 10:00:00,4.0000,3893.4400,2741.7600
2025-03-15 11:00:00,4.5000,3284.1300,1988.4900
2025-03-15 12:00:00,5.0000,2649.8300,1210.2300
2025-03-15 13:00:00,4.5000,2484.4500,1188.8100
2025-03-15 14:00:00,4.0000,1744.3000,592.6200
2025-03-15 15:00:00,4.0000,1644.3400,492.6600
2025-03-15 16:00:00,4.0000,1226.6500,74.9700
2025-03-15 17:00:00,6.0000,1727.5200,0.0000
2025-03-15 18:00:00,7.0000,2015.4400,0.0000
2025-03-15 19:00:00,7.5000,2159.4000,0.0000
2025-03-15 20:00:00,7.0000,2015.4400,0.0000
2025-03-15 21:00:00,6.0000,1727.5200,0.0000
2025-03-15 22:00:00,5.0000,1439.6000,0.0000
2025-03-15 23:00:00,4.0000,1151.6800,0.0000
2025-03-16 00:00:00,2.0000,575.8400,0.0000
2025-03-16 01:00:00,2.0000,575.8400,0.0000
2025-03-16 02:00:00,2.0000,575.8400,0.0000
2025-03-16 03:00:00,2.0000,575.8400,0.0000
2025-03-16 04:00:00,2.0000,575.8400,0.0000
2025-03-16 05:00:00,2.0000,575.8400,0.0000
2025-03-16 06:00:00,5.0000,1639.5200,199.9200
2025-03-16 07:00:00,6.0000,2748.5400,1021.0200
2025-03-16 08:00:00,5.0000,3892.1900,2452.5900
2025-03-16 09:00:00,4.0000,3350.8000,2199.1200
2025-03-16 10:00:00,4.0000,2833.1500,1681.4700
2025-03-16 11:00:00,4.5000,4112.3700,2816.7300
2025-03-16 12:00:00,5.0000,3877.9100,2438.3100
2025-03-16 13:00:00,4.5000,3619.7100,2324.0700
2025-03-16 14:00:00,4.0000,3354.3700,2202.6900
2025-03-16 15:00:00,4.0000,2535.6082,1383.9282
2025-03-16 16:00:00,4.0000,1726.4500,574.7700
2025-03-16 17:00:00,6.0000,1773.9300,46.4100
2025-03-16 18:00:00,7.0000,2015.4400,0.0000
2025-03-16 19:00:00,7.5000,2159.4000,0.0000
2025-03-16 20:00:00,7.0000,2015.4400,0.0000
2025-03-16 21:00:00,6.0000,1727.5200,0.0000
2025-03-16 22:00:00,5.0000,1439.6000,0.0000
2025-03-16 23:00:00,4.0000,1151.6800,0.0000
2025-03-17 00:00:00,2.0000,575.8400,0.0000
2025-03-17 01:00:00,2.0000,575.8400,0.0000
2025-03-17 02:00:00,2.0000,575.8400,0.0000
2025-03-17 03:00:00,2.0000,575.8400,0.0000
2025-03-17 04:00:00,2.0000,575.8400,0.0000
2025-03-17 05:00:00,2.0000,575.8400,0.0000
2025-03-17 06:00:00,5.0000,1835.8700,396.2700
2025-03-17 07:00:00,6.0000,3177.9478,1450.4278
2025-03-17 08:00:00,5.0000,3757.9893,2318.3893
2025-03-17 09:00:00,3.0000,8047.0950,7183.3350
2025-03-17 10:00:00,3.0000,9474.1372,8610.3772
2025-03-17 11:00:00,3.5000,6805.4264,5797.7064
2025-03-17 12:00:00,4.0000,4911.0395,3759.3595
2025-03-17 13:00:00,3.5000,4688.2287,3680.5087
2025-03-17 14:00:00,3.0000,2532.3995,1668.6395
2025-03-17 15:00:00,3.0000,1995.4500,1131.6900
2025-03-17 16:00:00,3.0000,2482.4934,1618.7334
2025-03-17 17:00:00,5.0000,1568.1200,128.5200
2025-03-17 18:00:00,6.0000,1727.5200,0.0000
2025-03-17 19:00:00,7.0000,2015.4400,0.0000
2025-03-17 20:00:00,6.0000,1727.5200,0.0000
2025-03-17 21:00:00,5.0000,1439.6000,0.0000
2025-03-17 22:00:00,4.0000,1151.6800,0.0000
2025-03-17 23:00:00,3.0000,863.7600,0.0000
2025-03-18 00:00:00,2.0000,575.8400,0.0000
2025-03-18 01:00:00,2.0000,575.8400,0.0000
2025-03-18 02:00:00,2.0000,575.8400,0.0000
2025-03-18 03:00:00,2.0000,575.8400,0.0000
2025-03-18 04:00:00,2.0000,575.8400,0.0000
2025-03-18 05:00:00,2.0000,615.1100,39.2700
2025-03-18 06:00:00,5.0000,6420.0559,4980.4559
2025-03-18 07:00:00,6.0000,9662.5596,7935.0396
2025-03-18 08:00:00,5.0000,10973.6680,9534.0680
2025-03-18 09:00:00,3.0000,10724.0995,9860.3395
2025-03-18 10:00:00,3.0000,10334.3015,9470.5415
2025-03-18 11:00:00,3.5000,9460.5723,8452.8523
2025-03-18 12:00:00,4.0000,10674.3061,9522.6261
2025-03-18 13:00:00,3.5000,10932.2803,9924.5603
2025-03-18 14:00:00,3.0000,10563.8075,9700.0475
2025-03-18 15:00:00,3.0000,9493.4215,8629.6615
2025-03-18 16:00:00,3.0000,6984.2606,6120.5006
2025-03-18 17:00:00,5.0000,1565.7400,126.1400
2025-03-18 18:00:00,6.0000,1727.5200,0.0000
2025-03-18 19:00:00,7.0000,2015.4400,0.0000
2025-03-18 20:00:00,6.0000,1727.5200,0.0000
2025-03-18 21:00:00,5.0000,1439.6000,0.0000
2025-03-18 22:00:00,4.0000,1151.6800,0.0000
2025-03-18 23:00:00,3.0000,863.7600,0.0000
2025-03-19 00:00:00,2.0000,575.8400,0.0000
2025-03-19 01:00:00,2.0000,575.8400,0.0000
2025-03-19 02:00:00,2.0000,575.8400,0.0000
2025-03-19 03:00:00,2.0000,575.8400,0.0000
2025-03-19 04:00:00,2.0000,575.8400,0.0000
2025-03-19 05:00:00,2.0000,622.2500,46.4100
2025-03-19 06:00:00,5.0000,6627.4338,5187.8338
2025-03-19 07:00:00,6.0000,9752.6424,8025.1224
2025-03-19 08:00:00,5.0000,10981.5146,9541.9146
2025-03-19 09:00:00,3.0000,10664.4321,9800.6721
2025-03-19 10:00:00,3.0000,10280.8707,9417.1107
2025-03-19 11:00:00,3.5000,9437.6631,8429.9431
2025-03-19 12:00:00,4.0000,10635.6172,9483.9372
2025-03-19 13:00:00,3.5000,10900.0393,9892.3193
2025-03-19 14:00:00,3.0000,10511.6210,9647.8610
2025-03-19 15:00:00,3.0000,9545.6108,8681.8508
2025-03-19 16:00:00,3.0000,6934.9636,6071.2036
2025-03-19 17:00:00,5.0000,1576.4500,136.8500
2025-03-19 18:00:00,6.0000,1727.5200,0.0000
2025-03-19 19:00:00,7.0000,2015.4400,0.0000
2025-03-19 20:00:00,6.0000,1727.5200,0.0000
2025-03-19 21:00:00,5.0000,1439.6000,0.0000
2025-03-19 22:00:00,4.0000,1151.6800,0.0000
2025-03-19 23:00:00,3.0000,863.7600,0.0000
2025-03-20 00:00:00,2.0000,575.8400,0.0000
2025-03-20 01:00:00,2.0000,575.8400,0.0000
2025-03-20 02:00:00,2.0000,575.8400,0.0000
2025-03-20 03:00:00,2.0000,575.8400,0.0000
2025-03-20 04:00:00,2.0000,575.8400,0.0000
2025-03-20 05:00:00,2.0000,629.3900,53.5500
2025-03-20 06:00:00,5.0000,6591.7022,5152.1022
2025-03-20 07:00:00,6.0000,9571.8913,7844.3713
2025-03-20 08:00:00,5.0000,10812.0786,9372.4786
2025-03-20 09:00:00,3.0000,10679.2857,9815.5257
2025-03-20 10:00:00,3.0000,10244.8430,9381.0830
2025-03-20 11:00:00,3.5000,9399.0200,8391.3000
2025-03-20 12:00:00,4.0000,10785.7920,9634.1120
2025-03-20 13:00:00,3.5000,8352.6584,7344.9384
2025-03-20 14:00:00,3.0000,9597.2287,8733.4687
2025-03-20 15:00:00,3.0000,8525.2590,7661.4990
2025-03-20 16:00:00,3.0000,6502.2236,5638.4636
2025-03-20 17:00:00,5.0000,1512.1900,72.5900
2025-03-20 18:00:00,6.0000,1727.5200,0.0000
2025-03-20 19:00:00,7.0000,2015.4400,0.0000
2025-03-20 20:00:00,6.0000,1727.5200,0.0000
2025-03-20 21:00:00,5.0000,1439.6000,0.0000
2025-03-20 22:00:00,4.0000,1151.6800,0.0000
2025-03-20 23:00:00,3.0000,863.7600,0.0000
2025-03-21 00:00:00,2.0000,575.8400,0.0000
2025-03-21 01:00:00,2.0000,575.8400,0.0000
2025-03-21 02:00:00,2.0000,575.8400,0.0000
2025-03-21 03:00:00,2.0000,575.8400,0.0000
2025-03-21 04:00:00,2.0000,575.8400,0.0000
2025-03-21 05:00:00,2.0000,647.8350,71.9950
2025-03-21 06:00:00,5.0000,5988.4622,4548.8622
2025-03-21 07:00:00,6.0000,6012.0100,4284.4900
2025-03-21 08:00:00,5.0000,6891.6594,5452.0594
2025-03-21 09:00:00,3.0000,4912.6942,4048.9342
2025-03-21 10:00:00,3.0000,7368.6016,6504.8416
2025-03-21 11:00:00,3.5000,6127.5188,5119.7988
2025-03-21 12:00:00,4.0000,6072.3137,4920.6337
2025-03-21 13:00:00,3.5000,6014.9717,5007.2517
2025-03-21 14:00:00,3.0000,5158.5003,4294.7403
2025-03-21 15:00:00,3.0000,4357.1789,3493.4189
2025-03-21 16:00:00,3.0000,2188.9699,1325.2099
2025-03-21 17:00:00,5.0000,1560.9800,121.3800
2025-03-21 18:00:00,6.0000,1727.5200,0.0000
2025-03-21 19:00:00,7.0000,2015.4400,0.0000
2025-03-21 20:00:00,6.0000,1727.5200,0.0000
2025-03-21 21:00:00,5.0000,1439.6000,0.0000
2025-03-21 22:00:00,4.0000,1151.6800,0.0000
2025-03-21 23:00:00,3.0000,863.7600,0.0000
2025-03-22 00:00:00,2.0000,575.8400,0.0000
2025-03-22 01:00:00,2.0000,575.8400,0.0000
2025-03-22 02:00:00,2.0000,575.8400,0.0000
2025-03-22 03:00:00,2.0000,575.8400,0.0000
2025-03-22 04:00:00,2.0000,575.8400,0.0000
2025-03-22 05:00:00,2.0000,650.8100,74.9700
2025-03-22 06:00:00,5.0000,5869.7596,4430.1596
2025-03-22 07:00:00,6.0000,9310.0708,7582.5508
2025-03-22 08:00:00,5.0000,8326.5961,6886.9961
2025-03-22 09:00:00,4.0000,9086.1819,7934.5019
2025-03-22 10:00:00,4.0000,9019.0971,7867.4171
2025-03-22 11:00:00,4.5000,9757.6140,8461.9740
2025-03-22 12:00:00,5.0000,10136.5827,8696.9827
2025-03-22 13:00:00,4.5000,4934.7671,3639.1271
2025-03-22 14:00:00,4.0000,7284.7158,6133.0358
2025-03-22 15:00:00,4.0000,3253.4292,2101.7492
2025-03-22 16:00:00,4.0000,3565.7187,2414.0387
2025-03-22 17:00:00,6.0000,1967.9000,240.3800
2025-03-22 18:00:00,7.0000,2015.4400,0.0000
2025-03-22 19:00:00,7.5000,2159.4000,0.0000
2025-03-22 20:00:00,7.0000,2015.4400,0.0000
2025-03-22 21:00:00,6.0000,1727.5200,0.0000
2025-03-22 22:00:00,5.0000,1439.6000,0.0000
2025-03-22 23:00:00,4.0000,1151.6800,0.0000
2025-03-23 00:00:00,2.0000,575.8400,0.0000
2025-03-23 01:00:00,2.0000,575.8400,0.0000
2025-03-23 02:00:00,2.0000,575.8400,0.0000
2025-03-23 03:00:00,2.0000,575.8400,0.0000
2025-03-23 04:00:00,2.0000,575.8400,0.0000
2025-03-23 05:00:00,2.0000,575.8400,0.0000
2025-03-23 06:00:00,5.0000,1729.2817,289.6817
2025-03-23 07:00:00,6.0000,2655.7200,928.2000
2025-03-23 08:00:00,5.0000,4177.4951,2737.8951
2025-03-23 09:00:00,4.0000,7466.7707,6315.0907
2025-03-23 10:00:00,4.0000,8018.5046,6866.8246
2025-03-23 11:00:00,4.5000,6929.9270,5634.2870
2025-03-23 12:00:00,5.0000,6704.9025,5265.3025
2025-03-23 13:00:00,4.5000,11258.6527,9963.0127
2025-03-23 14:00:00,4.0000,6142.5676,4990.8876
2025-03-23 15:00:00,4.0000,2505.1994,1353.5194
2025-03-23 16:00:00,4.0000,4183.2766,3031.5966
2025-03-23 17:00:00,6.0000,1979.2050,251.6850
2025-03-23 18:00:00,7.0000,2015.4400,0.0000
2025-03-23 19:00:00,7.5000,2159.4000,0.0000
2025-03-23 20:00:00,7.0000,2015.4400,0.0000
2025-03-23 21:00:00,6.0000,1727.5200,0.0000
2025-03-23 22:00:00,5.0000,1439.6000,0.0000
2025-03-23 23:00:00,4.0000,1151.6800,0.0000
2025-03-24 00:00:00,2.0000,575.8400,0.0000
2025-03-24 01:00:00,2.0000,575.8400,0.0000
2025-03-24 02:00:00,2.0000,575.8400,0.0000
2025-03-24 03:00:00,2.0000,575.8400,0.0000
2025-03-24 04:00:00,2.0000,575.8400,0.0000
2025-03-24 05:00:00,2.0000,607.9700,32.1300
2025-03-24 06:00:00,5.0000,1821.5900,381.9900
2025-03-24 07:00:00,6.0000,2969.8800,1242.3600
2025-03-24 08:00:00,5.0000,9235.8115,7796.2115
2025-03-24 09:00:00,3.0000,10279.4421,9415.6821
2025-03-24 10:00:00,3.0000,7357.0162,6493.2562
2025-03-24 11:00:00,3.5000,4135.8915,3128.1715
2025-03-24 12:00:00,4.0000,7095.6565,5943.9765
2025-03-24 13:00:00,3.5000,4681.6124,3673.8924
2025-03-24 14:00:00,3.0000,2943.7016,2079.9416
2025-03-24 15:00:00,3.0000,2591.4778,1727.7178
2025-03-24 16:00:00,3.0000,2323.3337,1459.5737
2025-03-24 17:00:00,5.0000,1650.8250,211.2250
2025-03-24 18:00:00,6.0000,1727.5200,0.0000
2025-03-24 19:00:00,7.0000,2015.4400,0.0000
2025-03-24 20:00:00,6.0000,1727.5200,0.0000
2025-03-24 21:00:00,5.0000,1439.6000,0.0000
2025-03-24 22:00:00,4.0000,1151.6800,0.0000
2025-03-24 23:00:00,3.0000,863.7600,0.0000
2025-03-25 00:00:00,2.0000,575.8400,0.0000
2025-03-25 01:00:00,2.0000,575.8400,0.0000
2025-03-25 02:00:00,2.0000,575.8400,0.0000
2025-03-25 03:00:00,2.0000,575.8400,0.0000
2025-03-25 04:00:00,2.0000,575.8400,0.0000
2025-03-25 05:00:00,2.0000,593.6900,17.8500
2025-03-25 06:00:00,5.0000,1928.6900,489.0900
2025-03-25 07:00:00,6.0000,3144.8100,1417.2900
2025-03-25 08:00:00,5.0000,3888.6200,2449.0200
2025-03-25 09:00:00,3.0000,4214.1164,3350.3564
2025-03-25 10:00:00,3.0000,6680.9084,5817.1484
2025-03-25 11:00:00,3.5000,5082.9948,4075.2748
2025-03-25 12:00:00,4.0000,4880.2513,3728.5713
2025-03-25 13:00:00,3.5000,6118.0207,5110.3007
2025-03-25 14:00:00,3.0000,3037.8293,2174.0693
2025-03-25 15:00:00,3.0000,1138.6500,274.8900
2025-03-25 16:00:00,3.0000,1577.9958,714.2358
2025-03-25 17:00:00,5.0000,1659.7500,220.1500
2025-03-25 18:00:00,6.0000,1727.5200,0.0000
2025-03-25 19:00:00,7.0000,2015.4400,0.0000
2025-03-25 20:00:00,6.0000,1727.5200,0.0000
2025-03-25 21:00:00,5.0000,1439.6000,0.0000
2025-03-25 22:00:00,4.0000,1151.6800,0.0000
2025-03-25 23:00:00,3.0000,863.7600,0.0000
2025-03-26 00:00:00,2.0000,575.8400,0.0000
2025-03-26 01:00:00,2.0000,575.8400,0.0000
2025-03-26 02:00:00,2.0000,575.8400,0.0000
2025-03-26 03:00:00,2.0000,575.8400,0.0000
2025-03-26 04:00:00,2.0000,575.8400,0.0000
2025-03-26 05:00:00,2.0000,640.1000,64.2600
2025-03-26 06:00:00,5.0000,1843.0100,403.4100
2025-03-26 07:00:00,6.0000,2266.5900,539.0700
2025-03-26 08:00:00,5.0000,2085.7700,646.1700
2025-03-26 09:00:00,3.0000,1584.9000,721.1400
2025-03-26 10:00:00,3.0000,1335.0000,471.2400
2025-03-26 11:00:00,3.5000,2107.2800,1099.5600
2025-03-26 12:00:00,4.0000,2451.1600,1299.4800
2025-03-26 13:00:00,3.5000,1846.6700,838.9500
2025-03-26 14:00:00,3.0000,1824.0900,960.3300
2025-03-26 15:00:00,3.0000,1631.3100,767.5500
2025-03-26 16:00:00,3.0000,1377.8400,514.0800
2025-03-26 17:00:00,5.0000,1443.1700,3.5700
2025-03-26 18:00:00,6.0000,1727.5200,0.0000
2025-03-26 19:00:00,7.0000,2015.4400,0.0000
2025-03-26 20:00:00,6.0000,1727.5200,0.0000
2025-03-26 21:00:00,5.0000,1439.6000,0.0000
2025-03-26 22:00:00,4.0000,1151.6800,0.0000
2025-03-26 23:00:00,3.0000,863.7600,0.0000
2025-03-27 00:00:00,2.0000,575.8400,0.0000
2025-03-27 01:00:00,2.0000,575.8400,0.0000
2025-03-27 02:00:00,2.0000,575.8400,0.0000
2025-03-27 03:00:00,2.0000,575.8400,0.0000
2025-03-27 04:00:00,2.0000,575.8400,0.0000
2025-03-27 05:00:00,2.0000,579.4100,3.5700
2025-03-27 06:00:00,5.0000,1739.4800,299.8800
2025-03-27 07:00:00,6.0000,2859.2100,1131.6900
2025-03-27 08:00:00,5.0000,3256.7300,1817.1300
2025-03-27 09:00:00,3.0000,3220.7211,2356.9611
2025-03-27 10:00:00,3.0000,3616.2300,2752.4700
2025-03-27 11:00:00,3.5000,3874.4300,2866.7100
2025-03-27 12:00:00,4.0000,3129.4600,1977.7800
2025-03-27 13:00:00,3.5000,2367.8900,1360.1700
2025-03-27 14:00:00,3.0000,2206.0800,1342.3200
2025-03-27 15:00:00,3.0000,2177.5200,1313.7600
2025-03-27 16:00:00,3.0000,1481.3700,617.6100
2025-03-27 17:00:00,5.0000,1553.8400,114.2400
2025-03-27 18:00:00,6.0000,1727.5200,0.0000
2025-03-27 19:00:00,7.0000,2015.4400,0.0000
2025-03-27 20:00:00,6.0000,1727.5200,0.0000
2025-03-27 21:00:00,5.0000,1439.6000,0.0000
2025-03-27 22:00:00,4.0000,1151.6800,0.0000
2025-03-27 23:00:00,3.0000,863.7600,0.0000
2025-03-28 00:00:00,2.0000,575.8400,0.0000
2025-03-28 01:00:00,2.0000,575.8400,0.0000
2025-03-28 02:00:00,2.0000,575.8400,0.0000
2025-03-28 03:00:00,2.0000,575.8400,0.0000
2025-03-28 04:00:00,2.0000,575.8400,0.0000
2025-03-28 05:00:00,2.0000,640.1000,64.2600
2025-03-28 06:00:00,5.0000,3147.0267,1707.4267
2025-03-28 07:00:00,6.0000,3962.8704,2235.3504
2025-03-28 08:00:00,5.0000,4327.4194,2887.8194
2025-03-28 09:00:00,3.0000,5326.2648,4462.5048
2025-03-28 10:00:00,3.0000,6795.7190,5931.9590
2025-03-28 11:00:00,3.5000,7406.4631,6398.7431
2025-03-28 12:00:00,4.0000,6518.6684,5366.9884
2025-03-28 13:00:00,3.5000,4685.2214,3677.5014
2025-03-28 14:00:00,3.0000,3362.8424,2499.0824
2025-03-28 15:00:00,3.0000,1809.8100,946.0500
2025-03-28 16:00:00,3.0000,1331.4300,467.6700
2025-03-28 17:00:00,5.0000,1628.8100,189.2100
2025-03-28 18:00:00,6.0000,1727.5200,0.0000
2025-03-28 19:00:00,7.0000,2015.4400,0.0000
2025-03-28 20:00:00,6.0000,1727.5200,0.0000
2025-03-28 21:00:00,5.0000,1439.6000,0.0000
2025-03-28 22:00:00,4.0000,1151.6800,0.0000
2025-03-28 23:00:00,3.0000,863.7600,0.0000
2025-03-29 00:00:00,2.0000,575.8400,0.0000
2025-03-29 01:00:00,2.0000,575.8400,0.0000
2025-03-29 02:00:00,2.0000,575.8400,0.0000
2025-03-29 03:00:00,2.0000,575.8400,0.0000
2025-03-29 04:00:00,2.0000,575.8400,0.0000
2025-03-29 05:00:00,2.0000,622.2500,46.4100
2025-03-29 06:00:00,5.0000,1975.1000,535.5000
2025-03-29 07:00:00,6.0000,2345.1300,617.6100
2025-03-29 08:00:00,5.0000,2535.5900,1095.9900
2025-03-29 09:00:00,4.0000,1740.7300,589.0500
2025-03-29 10:00:00,4.0000,2161.9900,1010.3100
2025-03-29 11:00:00,4.5000,3276.9900,1981.3500
2025-03-29 12:00:00,5.0000,3299.5700,1859.9700
2025-03-29 13:00:00,4.5000,2837.8800,1542.2400
2025-03-29 14:00:00,4.0000,2284.9309,1133.2509
2025-03-29 15:00:00,4.0000,1348.0300,196.3500
2025-03-29 16:00:00,4.0000,1348.0300,196.3500
2025-03-29 17:00:00,6.0000,1727.5200,0.0000
2025-03-29 18:00:00,7.0000,2015.4400,0.0000
2025-03-29 19:00:00,7.5000,2159.4000,0.0000
2025-03-29 20:00:00,7.0000,2015.4400,0.0000
2025-03-29 21:00:00,6.0000,1727.5200,0.0000
2025-03-29 22:00:00,5.0000,1439.6000,0.0000
2025-03-29 23:00:00,4.0000,1151.6800,0.0000
2025-03-30 00:00:00,2.0000,575.8400,0.0000
2025-03-30 01:00:00,2.0000,575.8400,0.0000
2025-03-30 02:00:00,2.0000,575.8400,0.0000
2025-03-30 03:00:00,2.0000,575.8400,0.0000
2025-03-30 04:00:00,2.0000,575.8400,0.0000
2025-03-30 05:00:00,2.0000,757.9100,182.0700
2025-03-30 06:00:00,5.0000,3028.5599,1588.9599
2025-03-30 07:00:00,6.0000,5334.8341,3607.3141
2025-03-30 08:00:00,5.0000,8420.8409,6981.2409
2025-03-30 09:00:00,4.0000,8976.4941,7824.8141
2025-03-30 10:00:00,4.0000,7941.3226,6789.6426
2025-03-30 11:00:00,4.5000,8016.2900,6720.6500
2025-03-30 12:00:00,5.0000,8073.3613,6633.7613
2025-03-30 13:00:00,4.5000,5547.9643,4252.3243
2025-03-30 14:00:00,4.0000,4526.1877,3374.5077
2025-03-30 15:00:00,4.0000,2710.9857,1559.3057
2025-03-30 16:00:00,4.0000,1680.0400,528.3600
2025-03-30 17:00:00,6.0000,2027.4000,299.8800
2025-03-30 18:00:00,7.0000,2015.4400,0.0000
2025-03-30 19:00:00,7.5000,2159.4000,0.0000
2025-03-30 20:00:00,7.0000,2015.4400,0.0000
2025-03-30 21:00:00,6.0000,1727.5200,0.0000
2025-03-30 22:00:00,5.0000,1439.6000,0.0000
2025-03-30 23:00:00,4.0000,1151.6800,0.0000
2025-03-31 00:00:00,2.0000,575.8400,0.0000
2025-03-31 01:00:00,2.0000,575.8400,0.0000
2025-03-31 02:00:00,2.0000,575.8400,0.0000
2025-03-31 03:00:00,2.0000,575.8400,0.0000
2025-03-31 04:00:00,2.0000,575.8400,0.0000
2025-03-31 05:00:00,2.0000,586.5500,10.7100
2025-03-31 06:00:00,5.0000,1643.0900,203.4900
2025-03-31 07:00:00,6.0000,2823.5100,1095.9900
2025-03-31 08:00:00,5.0000,5228.2209,3788.6209
2025-03-31 09:00:00,3.0000,3947.3836,3083.6236
2025-03-31 10:00:00,3.0000,4930.8561,4067.0961
2025-03-31 11:00:00,3.5000,4001.8807,2994.1607
2025-03-31 12:00:00,4.0000,5408.3542,4256.6742
2025-03-31 13:00:00,3.5000,4805.3745,3797.6545
2025-03-31 14:00:00,3.0000,2302.4700,1438.7100
2025-03-31 15:00:00,3.0000,2374.7591,1510.9991
2025-03-31 16:00:00,3.0000,1726.1126,862.3526
2025-03-31 17:00:00,5.0000,1600.2500,160.6500
2025-03-31 18:00:00,6.0000,1727.5200,0.0000
2025-03-31 19:00:00,7.0000,2015.4400,0.0000
2025-03-31 20:00:00,6.0000,1727.5200,0.0000
2025-03-31 21:00:00,5.0000,1439.6000,0.0000
2025-03-31 22:00:00,4.0000,1151.6800,0.0000
2025-03-31 23:00:00,3.0000,863.7600,0.0000
2025-04-01 00:00:00,2.0000,575.8400,0.0000
2025-04-01 01:00:00,2.0000,575.8400,0.0000
2025-04-01 02:00:00,2.0000,575.8400,0.0000
2025-04-01 03:00:00,2.0000,575.8400,0.0000
2025-04-01 04:00:00,2.0000,575.8400,0.0000
2025-04-01 05:00:00,2.0000,851.3250,275.4850
2025-04-01 06:00:00,5.0000,3936.6925,2497.0925
2025-04-01 07:00:00,6.0000,3670.3465,1942.8265
2025-04-01 08:00:00,5.0000,2967.5600,1527.9600
2025-04-01 09:00:00,3.0000,3027.1800,2163.4200
2025-04-01 10:00:00,3.0000,4854.3177,3990.5577
2025-04-01 11:00:00,3.5000,6489.3068,5481.5868
2025-04-01 12:00:00,4.0000,4382.0833,3230.4033
2025-04-01 13:00:00,3.5000,3432.9327,2425.2127
2025-04-01 14:00:00,3.0000,2609.4900,1745.7300
2025-04-01 15:00:00,3.0000,3093.9963,2230.2363
2025-04-01 16:00:00,3.0000,3027.4911,2163.7311
2025-04-01 17:00:00,5.0000,1770.4200,330.8200
2025-04-01 18:00:00,6.0000,1727.5200,0.0000
2025-04-01 19:00:00,7.0000,2015.4400,0.0000
2025-04-01 20:00:00,6.0000,1727.5200,0.0000
2025-04-01 21:00:00,5.0000,1439.6000,0.0000
2025-04-01 22:00:00,4.0000,1151.6800,0.0000
2025-04-01 23:00:00,3.0000,863.7600,0.0000
2025-04-02 00:00:00,2.0000,575.8400,0.0000
2025-04-02 01:00:00,2.0000,575.8400,0.0000
2025-04-02 02:00:00,2.0000,575.8400,0.0000
2025-04-02 03:00:00,2.0000,575.8400,0.0000
2025-04-02 04:00:00,2.0000,575.8400,0.0000
2025-04-02 05:00:00,2.0000,1058.3850,482.5450
2025-04-02 06:00:00,5.0000,5058.5560,3618.9560
2025-04-02 07:00:00,6.0000,8919.2936,7191.7736
2025-04-02 08:00:00,5.0000,10417.9203,8978.3203
2025-04-02 09:00:00,3.0000,10431.0503,9567.2903
2025-04-02 10:00:00,3.0000,10009.2057,9145.4457
2025-04-02 11:00:00,3.5000,9341.0320,8333.3120
2025-04-02 12:00:00,4.0000,10532.8609,9381.1809
2025-04-02 13:00:00,3.5000,10742.4226,9734.7026
2025-04-02 14:00:00,3.0000,10061.6889,9197.9289
2025-04-02 15:00:00,3.0000,8027.2654,7163.5054
2025-04-02 16:00:00,3.0000,5756.3626,4892.6026
2025-04-02 17:00:00,5.0000,1798.9800,359.3800
2025-04-02 18:00:00,6.0000,1727.5200,0.0000
2025-04-02 19:00:00,7.0000,2015.4400,0.0000
2025-04-02 20:00:00,6.0000,1727.5200,0.0000
2025-04-02 21:00:00,5.0000,1439.6000,0.0000
2025-04-02 22:00:00,4.0000,1151.6800,0.0000
2025-04-02 23:00:00,3.0000,863.7600,0.0000
2025-04-03 00:00:00,2.0000,575.8400,0.0000
2025-04-03 01:00:00,2.0000,575.8400,0.0000
2025-04-03 02:00:00,2.0000,575.8400,0.0000
2025-04-03 03:00:00,2.0000,575.8400,0.0000
2025-04-03 04:00:00,2.0000,575.8400,0.0000
2025-04-03 05:00:00,2.0000,778.1400,202.3000
2025-04-03 06:00:00,5.0000,5216.9084,3777.3084
2025-04-03 07:00:00,6.0000,8940.5206,7213.0006
2025-04-03 08:00:00,5.0000,10017.4586,8577.8586
2025-04-03 09:00:00,3.0000,10098.2304,9234.4704
2025-04-03 10:00:00,3.0000,9987.6407,9123.8807
2025-04-03 11:00:00,3.5000,9438.8273,8431.1073
2025-04-03 12:00:00,4.0000,10606.1796,9454.4996
2025-04-03 13:00:00,3.5000,10718.9489,9711.2289
2025-04-03 14:00:00,3.0000,9870.6041,9006.8441
2025-04-03 15:00:00,3.0000,8409.3520,7545.5920
2025-04-03 16:00:00,3.0000,6182.0326,5318.2726
2025-04-03 17:00:00,5.0000,1783.5100,343.9100
2025-04-03 18:00:00,6.0000,1727.5200,0.0000
2025-04-03 19:00:00,7.0000,2015.4400,0.0000
2025-04-03 20:00:00,6.0000,1727.5200,0.0000
2025-04-03 21:00:00,5.0000,1439.6000,0.0000
2025-04-03 22:00:00,4.0000,1151.6800,0.0000
2025-04-03 23:00:00,3.0000,863.7600,0.0000
2025-04-04 00:00:00,2.0000,575.8400,0.0000
2025-04-04 01:00:00,2.0000,575.8400,0.0000
2025-04-04 02:00:00,2.0000,575.8400,0.0000
2025-04-04 03:00:00,2.0000,575.8400,0.0000
2025-04-04 04:00:00,2.0000,575.8400,0.0000
2025-04-04 05:00:00,2.0000,859.0600,283.2200
2025-04-04 06:00:00,5.0000,6800.1647,5360.5647
2025-04-04 07:00:00,6.0000,9362.3409,7634.8209
2025-04-04 08:00:00,5.0000,10552.4964,9112.8964
2025-04-04 09:00:00,3.0000,10318.7706,9455.0106
2025-04-04 10:00:00,3.0000,9877.1432,9013.3832
2025-04-04 11:00:00,3.5000,9222.6753,8214.9553
2025-04-04 12:00:00,4.0000,10353.7898,9202.1098
2025-04-04 13:00:00,3.5000,10569.2577,9561.5377
2025-04-04 14:00:00,3.0000,10135.6084,9271.8484
2025-04-04 15:00:00,3.0000,8765.0725,7901.3125
2025-04-04 16:00:00,3.0000,6688.3412,5824.5812
2025-04-04 17:00:00,5.0000,1787.6750,348.0750
2025-04-04 18:00:00,6.0000,1727.5200,0.0000
2025-04-04 19:00:00,7.0000,2015.4400,0.0000
2025-04-04 20:00:00,6.0000,1727.5200,0.0000
2025-04-04 21:00:00,5.0000,1439.6000,0.0000
2025-04-04 22:00:00,4.0000,1151.6800,0.0000
2025-04-04 23:00:00,3.0000,863.7600,0.0000
2025-04-05 00:00:00,2.0000,575.8400,0.0000
2025-04-05 01:00:00,2.0000,575.8400,0.0000
2025-04-05 02:00:00,2.0000,575.8400,0.0000
2025-04-05 03:00:00,2.0000,575.8400,0.0000
2025-04-05 04:00:00,2.0000,575.8400,0.0000
2025-04-05 05:00:00,2.0000,2663.5057,2087.6657
2025-04-05 06:00:00,5.0000,6607.9180,5168.3180
2025-04-05 07:00:00,6.0000,9239.9797,7512.4597
2025-04-05 08:00:00,5.0000,10339.7384,8900.1384
2025-04-05 09:00:00,4.0000,10621.7576,9470.0776
2025-04-05 10:00:00,4.0000,10297.5502,9145.8702
2025-04-05 11:00:00,4.5000,9713.1994,8417.5594
2025-04-05 12:00:00,5.0000,10701.4623,9261.8623
2025-04-05 13:00:00,4.5000,10946.0624,9650.4224
2025-04-05 14:00:00,4.0000,10724.0796,9572.3996
2025-04-05 15:00:00,4.0000,5526.8864,4375.2064
2025-04-05 16:00:00,4.0000,3724.8791,2573.1991
2025-04-05 17:00:00,6.0000,2286.8200,559.3000
2025-04-05 18:00:00,7.0000,2015.4400,0.0000
2025-04-05 19:00:00,7.5000,2159.4000,0.0000
2025-04-05 20:00:00,7.0000,2015.4400,0.0000
2025-04-05 21:00:00,6.0000,1727.5200,0.0000
2025-04-05 22:00:00,5.0000,1439.6000,0.0000
2025-04-05 23:00:00,4.0000,1151.6800,0.0000
2025-04-06 00:00:00,2.0000,575.8400,0.0000
2025-04-06 01:00:00,2.0000,575.8400,0.0000
2025-04-06 02:00:00,2.0000,575.8400,0.0000
2025-04-06 03:00:00,2.0000,575.8400,0.0000
2025-04-06 04:00:00,2.0000,575.8400,0.0000
2025-04-06 05:00:00,2.0000,2536.8374,1960.9974
2025-04-06 06:00:00,5.0000,6687.7624,5248.1624
2025-04-06 07:00:00,6.0000,9289.9372,7562.4172
2025-04-06 08:00:00,5.0000,10490.3349,9050.7349
2025-04-06 09:00:00,4.0000,10658.6399,9506.9599
2025-04-06 10:00:00,4.0000,10210.9660,9059.2860
2025-04-06 11:00:00,4.5000,9539.5631,8243.9231
2025-04-06 12:00:00,5.0000,10682.4533,9242.8533
2025-04-06 13:00:00,4.5000,10888.9552,9593.3152
2025-04-06 14:00:00,4.0000,10443.2612,9291.5812
2025-04-06 15:00:00,4.0000,9069.7028,7918.0228
2025-04-06 16:00:00,4.0000,6972.0085,5820.3285
2025-04-06 17:00:00,6.0000,2130.9300,403.4100
2025-04-06 18:00:00,7.0000,2019.0100,3.5700
2025-04-06 19:00:00,7.5000,2159.4000,0.0000
2025-04-06 20:00:00,7.0000,2015.4400,0.0000
2025-04-06 21:00:00,6.0000,1727.5200,0.0000
2025-04-06 22:00:00,5.0000,1439.6000,0.0000
2025-04-06 23:00:00,4.0000,1151.6800,0.0000
2025-04-07 00:00:00,2.0000,575.8400,0.0000
2025-04-07 01:00:00,2.0000,575.8400,0.0000
2025-04-07 02:00:00,2.0000,575.8400,0.0000
2025-04-07 03:00:00,2.0000,575.8400,0.0000
2025-04-07 04:00:00,2.0000,579.4100,3.5700
2025-04-07 05:00:00,2.0000,2610.0902,2034.2502
2025-04-07 06:00:00,5.0000,6683.6558,5244.0558
2025-04-07 07:00:00,6.0000,9233.5199,7505.9999
2025-04-07 08:00:00,5.0000,10452.7890,9013.1890
2025-04-07 09:00:00,3.0000,10338.4449,9474.6849
2025-04-07 10:00:00,3.0000,9855.4134,8991.6534
2025-04-07 11:00:00,3.5000,9199.7890,8192.0690
2025-04-07 12:00:00,4.0000,10343.7796,9192.0996
2025-04-07 13:00:00,3.5000,10543.7266,9536.0066
2025-04-07 14:00:00,3.0000,10122.7009,9258.9409
2025-04-07 15:00:00,3.0000,8563.2290,7699.4690
2025-04-07 16:00:00,3.0000,6343.3617,5479.6017
2025-04-07 17:00:00,5.0000,1872.1650,432.5650
2025-04-07 18:00:00,6.0000,1731.0900,3.5700
2025-04-07 19:00:00,7.0000,2015.4400,0.0000
2025-04-07 20:00:00,6.0000,1727.5200,0.0000
2025-04-07 21:00:00,5.0000,1439.6000,0.0000
2025-04-07 22:00:00,4.0000,1151.6800,0.0000
2025-04-07 23:00:00,3.0000,863.7600,0.0000
2025-04-08 00:00:00,2.0000,575.8400,0.0000
2025-04-08 01:00:00,2.0000,575.8400,0.0000
2025-04-08 02:00:00,2.0000,575.8400,0.0000
2025-04-08 03:00:00,2.0000,575.8400,0.0000
2025-04-08 04:00:00,2.0000,579.4100,3.5700
2025-04-08 05:00:00,2.0000,2785.3686,2209.5286
2025-04-08 06:00:00,5.0000,6821.4147,5381.8147
2025-04-08 07:00:00,6.0000,9132.8337,7405.3137
2025-04-08 08:00:00,5.0000,10302.5292,8862.9292
2025-04-08 09:00:00,3.0000,10344.2064,9480.4464
2025-04-08 10:00:00,3.0000,9926.9452,9063.1852
2025-04-08 11:00:00,3.5000,9335.7704,8328.0504
2025-04-08 12:00:00,4.0000,10451.6931,9300.0131
2025-04-08 13:00:00,3.5000,10636.7674,9629.0474
2025-04-08 14:00:00,3.0000,10080.0376,9216.2776
2025-04-08 15:00:00,3.0000,8590.6976,7726.9376
2025-04-08 16:00:00,3.0000,5145.8019,4282.0419
2025-04-08 17:00:00,5.0000,1771.0150,331.4150
2025-04-08 18:00:00,6.0000,1731.0900,3.5700
2025-04-08 19:00:00,7.0000,2015.4400,0.0000
2025-04-08 20:00:00,6.0000,1727.5200,0.0000
2025-04-08 21:00:00,5.0000,1439.6000,0.0000
2025-04-08 22:00:00,4.0000,1151.6800,0.0000
2025-04-08 23:00:00,3.0000,863.7600,0.0000
2025-04-09 00:00:00,2.0000,575.8400,0.0000
2025-04-09 01:00:00,2.0000,575.8400,0.0000
2025-04-09 02:00:00,2.0000,575.8400,0.0000
2025-04-09 03:00:00,2.0000,575.8400,0.0000
2025-04-09 04:00:00,2.0000,582.9800,7.1400
2025-04-09 05:00:00,2.0000,2689.4160,2113.5760
2025-04-09 06:00:00,5.0000,6480.5973,5040.9973
2025-04-09 07:00:00,6.0000,6591.6746,4864.1546
2025-04-09 08:00:00,5.0000,9941.9784,8502.3784
2025-04-09 09:00:00,3.0000,9906.8011,9043.0411
2025-04-09 10:00:00,3.0000,9882.4557,9018.6957
2025-04-09 11:00:00,3.5000,9252.3550,8244.6350
2025-04-09 12:00:00,4.0000,8808.1754,7656.4954
2025-04-09 13:00:00,3.5000,9686.0746,8678.3546
2025-04-09 14:00:00,3.0000,9779.4621,8915.7021
2025-04-09 15:00:00,3.0000,8264.3571,7400.5971
2025-04-09 16:00:00,3.0000,6008.2422,5144.4822
2025-04-09 17:00:00,5.0000,1932.2600,492.6600
2025-04-09 18:00:00,6.0000,1734.6600,7.1400
2025-04-09 19:00:00,7.0000,2015.4400,0.0000
2025-04-09 20:00:00,6.0000,1727.5200,0.0000
2025-04-09 21:00:00,5.0000,1439.6000,0.0000
2025-04-09 22:00:00,4.0000,1151.6800,0.0000
2025-04-09 23:00:00,3.0000,863.7600,0.0000
2025-04-10 00:00:00,2.0000,575.8400,0.0000
2025-04-10 01:00:00,2.0000,575.8400,0.0000
2025-04-10 02:00:00,2.0000,575.8400,0.0000
2025-04-10 03:00:00,2.0000,575.8400,0.0000
2025-04-10 04:00:00,2.0000,575.8400,0.0000
2025-04-10 05:00:00,2.0000,1103.4590,527.6190
2025-04-10 06:00:00,5.0000,4837.0363,3397.4363
2025-04-10 07:00:00,6.0000,7886.5567,6159.0367
2025-04-10 08:00:00,5.0000,9554.0692,8114.4692
2025-04-10 09:00:00,3.0000,9533.0340,8669.2740
2025-04-10 10:00:00,3.0000,9567.5615,8703.8015
2025-04-10 11:00:00,3.5000,9350.6195,8342.8995
2025-04-10 12:00:00,4.0000,10490.8578,9339.1778
2025-04-10 13:00:00,3.5000,10491.3363,9483.6163
2025-04-10 14:00:00,3.0000,9682.8379,8819.0779
2025-04-10 15:00:00,3.0000,8298.6496,7434.8896
2025-04-10 16:00:00,3.0000,6137.1197,5273.3597
2025-04-10 17:00:00,5.0000,1928.6900,489.0900
2025-04-10 18:00:00,6.0000,1738.2300,10.7100
2025-04-10 19:00:00,7.0000,2015.4400,0.0000
2025-04-10 20:00:00,6.0000,1727.5200,0.0000
2025-04-10 21:00:00,5.0000,1439.6000,0.0000
2025-04-10 22:00:00,4.0000,1151.6800,0.0000
2025-04-10 23:00:00,3.0000,863.7600,0.0000
2025-04-11 00:00:00,2.0000,575.8400,0.0000
2025-04-11 01:00:00,2.0000,575.8400,0.0000
2025-04-11 02:00:00,2.0000,575.8400,0.0000
2025-04-11 03:00:00,2.0000,575.8400,0.0000
2025-04-11 04:00:00,2.0000,586.5500,10.7100
2025-04-11 05:00:00,2.0000,2939.8214,2363.9814
2025-04-11 06:00:00,5.0000,6664.4565,5224.8565
2025-04-11 07:00:00,6.0000,9027.0937,7299.5737
2025-04-11 08:00:00,5.0000,10132.6764,8693.0764
2025-04-11 09:00:00,3.0000,10162.5176,9298.7576
2025-04-11 10:00:00,3.0000,9779.6179,8915.8579
2025-04-11 11:00:00,3.5000,9223.8566,8216.1366
2025-04-11 12:00:00,4.0000,10341.2153,9189.5353
2025-04-11 13:00:00,3.5000,10496.6566,9488.9366
2025-04-11 14:00:00,3.0000,9879.2715,9015.5115
2025-04-11 15:00:00,3.0000,8441.9980,7578.2380
2025-04-11 16:00:00,3.0000,6082.9437,5219.1837
2025-04-11 17:00:00,5.0000,1953.6800,514.0800
2025-04-11 18:00:00,6.0000,1741.8000,14.2800
2025-04-11 19:00:00,7.0000,2015.4400,0.0000
2025-04-11 20:00:00,6.0000,1727.5200,0.0000
2025-04-11 21:00:00,5.0000,1439.6000,0.0000
2025-04-11 22:00:00,4.0000,1151.6800,0.0000
2025-04-11 23:00:00,3.0000,863.7600,0.0000
2025-04-12 00:00:00,2.0000,575.8400,0.0000
2025-04-12 01:00:00,2.0000,575.8400,0.0000
2025-04-12 02:00:00,2.0000,575.8400,0.0000
2025-04-12 03:00:00,2.0000,575.8400,0.0000
2025-04-12 04:00:00,2.0000,597.2600,21.4200
2025-04-12 05:00:00,2.0000,2087.5491,1511.7091
2025-04-12 06:00:00,5.0000,6167.7415,4728.1415
2025-04-12 07:00:00,6.0000,8720.1621,6992.6421
2025-04-12 08:00:00,5.0000,9777.3781,8337.7781
2025-04-12 09:00:00,4.0000,10552.0957,9400.4157
2025-04-12 10:00:00,4.0000,10098.5788,8946.8988
2025-04-12 11:00:00,4.5000,9585.2311,8289.5911
2025-04-12 12:00:00,5.0000,10556.9654,9117.3654
2025-04-12 13:00:00,4.5000,10783.6217,9487.9817
2025-04-12 14:00:00,4.0000,10209.8276,9058.1476
2025-04-12 15:00:00,4.0000,8584.8290,7433.1490
2025-04-12 16:00:00,4.0000,4950.6688,3798.9888
2025-04-12 17:00:00,6.0000,2258.5796,531.0596
2025-04-12 18:00:00,7.0000,2029.7200,14.2800
2025-04-12 19:00:00,7.5000,2159.4000,0.0000
2025-04-12 20:00:00,7.0000,2015.4400,0.0000
2025-04-12 21:00:00,6.0000,1727.5200,0.0000
2025-04-12 22:00:00,5.0000,1439.6000,0.0000
2025-04-12 23:00:00,4.0000,1151.6800,0.0000
2025-04-13 00:00:00,2.0000,575.8400,0.0000
2025-04-13 01:00:00,2.0000,575.8400,0.0000
2025-04-13 02:00:00,2.0000,575.8400,0.0000
2025-04-13 03:00:00,2.0000,575.8400,0.0000
2025-04-13 04:00:00,2.0000,575.8400,0.0000
2025-04-13 05:00:00,2.0000,725.9481,150.1081
2025-04-13 06:00:00,5.0000,2057.2100,617.6100
2025-04-13 07:00:00,6.0000,4036.5538,2309.0338
2025-04-13 08:00:00,5.0000,5067.2441,3627.6441
2025-04-13 09:00:00,4.0000,6164.8864,5013.2064
2025-04-13 10:00:00,4.0000,6711.1014,5559.4214
2025-04-13 11:00:00,4.5000,6842.3974,5546.7574
2025-04-13 12:00:00,5.0000,8776.2871,7336.6871
2025-04-13 13:00:00,4.5000,7171.6280,5875.9880
2025-04-13 14:00:00,4.0000,7281.5268,6129.8468
2025-04-13 15:00:00,4.0000,6572.0582,5420.3782
2025-04-13 16:00:00,4.0000,3675.1181,2523.4381
2025-04-13 17:00:00,6.0000,2488.8487,761.3287
2025-04-13 18:00:00,7.0000,2015.4400,0.0000
2025-04-13 19:00:00,7.5000,2159.4000,0.0000
2025-04-13 20:00:00,7.0000,2015.4400,0.0000
2025-04-13 21:00:00,6.0000,1727.5200,0.0000
2025-04-13 22:00:00,5.0000,1439.6000,0.0000
2025-04-13 23:00:00,4.0000,1151.6800,0.0000
2025-04-14 00:00:00,2.0000,575.8400,0.0000
2025-04-14 01:00:00,2.0000,575.8400,0.0000
2025-04-14 02:00:00,2.0000,575.8400,0.0000
2025-04-14 03:00:00,2.0000,575.8400,0.0000
2025-04-14 04:00:00,2.0000,579.4100,3.5700
2025-04-14 05:00:00,2.0000,925.7000,349.8600
2025-04-14 06:00:00,5.0000,2353.5200,913.9200
2025-04-14 07:00:00,6.0000,3413.7317,1686.2117
2025-04-14 08:00:00,5.0000,4643.2756,3203.6756
2025-04-14 09:00:00,3.0000,7583.5934,6719.8334
2025-04-14 10:00:00,3.0000,8975.3354,8111.5754
2025-04-14 11:00:00,3.5000,8681.8947,7674.1747
2025-04-14 12:00:00,4.0000,10308.5155,9156.8355
2025-04-14 13:00:00,3.5000,9747.4623,8739.7423
2025-04-14 14:00:00,3.0000,7380.3235,6516.5635
2025-04-14 15:00:00,3.0000,3753.5905,2889.8305
2025-04-14 16:00:00,3.0000,2334.6000,1470.8400
2025-04-14 17:00:00,5.0000,2055.5065,615.9065
2025-04-14 18:00:00,6.0000,1731.0900,3.5700
2025-04-14 19:00:00,7.0000,2015.4400,0.0000
2025-04-14 20:00:00,6.0000,1727.5200,0.0000
2025-04-14 21:00:00,5.0000,1439.6000,0.0000
2025-04-14 22:00:00,4.0000,1151.6800,0.0000
2025-04-14 23:00:00,3.0000,863.7600,0.0000
2025-04-15 00:00:00,2.0000,575.8400,0.0000
2025-04-15 01:00:00,2.0000,575.8400,0.0000
2025-04-15 02:00:00,2.0000,575.8400,0.0000
2025-04-15 03:00:00,2.0000,575.8400,0.0000
2025-04-15 04:00:00,2.0000,590.1200,14.2800
2025-04-15 05:00:00,2.0000,1350.6351,774.7951
2025-04-15 06:00:00,5.0000,4418.9545,2979.3545
2025-04-15 07:00:00,6.0000,5480.3887,3752.8687
2025-04-15 08:00:00,5.0000,4825.7621,3386.1621
2025-04-15 09:00:00,3.0000,6717.7712,5854.0112
2025-04-15 10:00:00,3.0000,4091.0400,3227.2800
2025-04-15 11:00:00,3.5000,5214.8348,4207.1148
2025-04-15 12:00:00,4.0000,9314.0727,8162.3927
2025-04-15 13:00:00,3.5000,6503.4678,5495.7478
2025-04-15 14:00:00,3.0000,4111.1007,3247.3407
2025-04-15 15:00:00,3.0000,4427.6653,3563.9053
2025-04-15 16:00:00,3.0000,4766.8049,3903.0449
2025-04-15 17:00:00,5.0000,4321.2117,2881.6117
2025-04-15 18:00:00,6.0000,1745.3700,17.8500
2025-04-15 19:00:00,7.0000,2015.4400,0.0000
2025-04-15 20:00:00,6.0000,1727.5200,0.0000
2025-04-15 21:00:00,5.0000,1439.6000,0.0000
2025-04-15 22:00:00,4.0000,1151.6800,0.0000
2025-04-15 23:00:00,3.0000,863.7600,0.0000
2025-04-16 00:00:00,2.0000,575.8400,0.0000
2025-04-16 01:00:00,2.0000,575.8400,0.0000
2025-04-16 02:00:00,2.0000,575.8400,0.0000
2025-04-16 03:00:00,2.0000,575.8400,0.0000
2025-04-16 04:00:00,2.0000,600.8300,24.9900
2025-04-16 05:00:00,2.0000,2104.8812,1529.0412
2025-04-16 06:00:00,5.0000,5724.3004,4284.7004
2025-04-16 07:00:00,6.0000,8040.9895,6313.4695
2025-04-16 08:00:00,5.0000,9812.4567,8372.8567
2025-04-16 09:00:00,3.0000,9400.8733,8537.1133
2025-04-16 10:00:00,3.0000,9322.0613,8458.3013
2025-04-16 11:00:00,3.5000,8890.8539,7883.1339
2025-04-16 12:00:00,4.0000,9475.0341,8323.3541
2025-04-16 13:00:00,3.5000,8093.4781,7085.7581
2025-04-16 14:00:00,3.0000,6680.9115,5817.1515
2025-04-16 15:00:00,3.0000,3834.2066,2970.4466
2025-04-16 16:00:00,3.0000,2292.2103,1428.4503
2025-04-16 17:00:00,5.0000,1992.9318,553.3318
2025-04-16 18:00:00,6.0000,1731.0900,3.5700
2025-04-16 19:00:00,7.0000,2015.4400,0.0000
2025-04-16 20:00:00,6.0000,1727.5200,0.0000
2025-04-16 21:00:00,5.0000,1439.6000,0.0000
2025-04-16 22:00:00,4.0000,1151.6800,0.0000
2025-04-16 23:00:00,3.0000,863.7600,0.0000
2025-04-17 00:00:00,2.0000,575.8400,0.0000
2025-04-17 01:00:00,2.0000,575.8400,0.0000
2025-04-17 02:00:00,2.0000,575.8400,0.0000
2025-04-17 03:00:00,2.0000,575.8400,0.0000
2025-04-17 04:00:00,2.0000,575.8400,0.0000
2025-04-17 05:00:00,2.0000,729.3500,153.5100
2025-04-17 06:00:00,5.0000,1935.8300,496.2300
2025-04-17 07:00:00,6.0000,3013.6874,1286.1674
2025-04-17 08:00:00,5.0000,3292.4300,1852.8300
2025-04-17 09:00:00,3.0000,2313.1800,1449.4200
2025-04-17 10:00:00,3.0000,3259.2300,2395.4700
2025-04-17 11:00:00,3.5000,3153.2900,2145.5700
2025-04-17 12:00:00,4.0000,2779.6000,1627.9200
2025-04-17 13:00:00,3.5000,2649.9200,1642.2000
2025-04-17 14:00:00,3.0000,1456.3800,592.6200
2025-04-17 15:00:00,3.0000,1463.5200,599.7600
2025-04-17 16:00:00,3.0000,1523.1115,659.3515
2025-04-17 17:00:00,5.0000,1543.1300,103.5300
2025-04-17 18:00:00,6.0000,1727.5200,0.0000
2025-04-17 19:00:00,7.0000,2015.4400,0.0000
2025-04-17 20:00:00,6.0000,1727.5200,0.0000
2025-04-17 21:00:00,5.0000,1439.6000,0.0000
2025-04-17 22:00:00,4.0000,1151.6800,0.0000
2025-04-17 23:00:00,3.0000,863.7600,0.0000
2025-04-18 00:00:00,2.0000,575.8400,0.0000
2025-04-18 01:00:00,2.0000,575.8400,0.0000
2025-04-18 02:00:00,2.0000,575.8400,0.0000
2025-04-18 03:00:00,2.0000,575.8400,0.0000
2025-04-18 04:00:00,2.0000,582.9800,7.1400
2025-04-18 05:00:00,2.0000,1025.6600,449.8200
2025-04-18 06:00:00,5.0000,2808.7842,1369.1842
2025-04-18 07:00:00,6.0000,3380.4300,1652.9100
2025-04-18 08:00:00,5.0000,4031.4200,2591.8200
2025-04-18 09:00:00,3.0000,7103.6979,6239.9379
2025-04-18 10:00:00,3.0000,6447.6709,5583.9109
2025-04-18 11:00:00,3.5000,6044.2804,5036.5604
2025-04-18 12:00:00,4.0000,5570.5280,4418.8480
2025-04-18 13:00:00,3.5000,4287.0035,3279.2835
2025-04-18 14:00:00,3.0000,2888.8576,2025.0976
2025-04-18 15:00:00,3.0000,3146.4458,2282.6858
2025-04-18 16:00:00,3.0000,2368.3181,1504.5581
2025-04-18 17:00:00,5.0000,2854.8635,1415.2635
2025-04-18 18:00:00,6.0000,1766.7900,39.2700
2025-04-18 19:00:00,7.0000,2015.4400,0.0000
2025-04-18 20:00:00,6.0000,1727.5200,0.0000
2025-04-18 21:00:00,5.0000,1439.6000,0.0000
2025-04-18 22:00:00,4.0000,1151.6800,0.0000
2025-04-18 23:00:00,3.0000,863.7600,0.0000
2025-04-19 00:00:00,2.0000,575.8400,0.0000
2025-04-19 01:00:00,2.0000,575.8400,0.0000
2025-04-19 02:00:00,2.0000,575.8400,0.0000
2025-04-19 03:00:00,2.0000,575.8400,0.0000
2025-04-19 04:00:00,2.0000,622.2500,46.4100
2025-04-19 05:00:00,2.0000,3651.8697,3076.0297
2025-04-19 06:00:00,5.0000,6021.2254,4581.6254
2025-04-19 07:00:00,6.0000,7915.0620,6187.5420
2025-04-19 08:00:00,5.0000,10167.3724,8727.7724
2025-04-19 09:00:00,4.0000,10250.9499,9099.2699
2025-04-19 10:00:00,4.0000,9584.1681,8432.4881
2025-04-19 11:00:00,4.5000,9267.8593,7972.2193
2025-04-19 12:00:00,5.0000,10594.4240,9154.8240
2025-04-19 13:00:00,4.5000,10422.9148,9127.2748
2025-04-19 14:00:00,4.0000,10012.7822,8861.1022
2025-04-19 15:00:00,4.0000,8358.9629,7207.2829
2025-04-19 16:00:00,4.0000,5557.9085,4406.2285
2025-04-19 17:00:00,6.0000,5001.8422,3274.3222
2025-04-19 18:00:00,7.0000,2108.2600,92.8200
2025-04-19 19:00:00,7.5000,2159.4000,0.0000
2025-04-19 20:00:00,7.0000,2015.4400,0.0000
2025-04-19 21:00:00,6.0000,1727.5200,0.0000
2025-04-19 22:00:00,5.0000,1439.6000,0.0000
2025-04-19 23:00:00,4.0000,1151.6800,0.0000
2025-04-20 00:00:00,2.0000,575.8400,0.0000
2025-04-20 01:00:00,2.0000,575.8400,0.0000
2025-04-20 02:00:00,2.0000,575.8400,0.0000
2025-04-20 03:00:00,2.0000,575.8400,0.0000
2025-04-20 04:00:00,2.0000,647.2400,71.4000
2025-04-20 05:00:00,2.0000,1319.5179,743.6779
2025-04-20 06:00:00,5.0000,3894.3087,2454.7087
2025-04-20 07:00:00,6.0000,6607.5122,4879.9922
2025-04-20 08:00:00,5.0000,7113.8136,5674.2136
2025-04-20 09:00:00,4.0000,5972.3899,4820.7099
2025-04-20 10:00:00,4.0000,8119.9824,6968.3024
2025-04-20 11:00:00,4.5000,9495.1340,8199.4940
2025-04-20 12:00:00,5.0000,9142.9833,7703.3833
2025-04-20 13:00:00,4.5000,6251.9457,4956.3057
2025-04-20 14:00:00,4.0000,3365.8147,2214.1347
2025-04-20 15:00:00,4.0000,2711.7700,1560.0900
2025-04-20 16:00:00,4.0000,2329.7800,1178.1000
2025-04-20 17:00:00,6.0000,2113.0800,385.5600
2025-04-20 18:00:00,7.0000,2040.4300,24.9900
2025-04-20 19:00:00,7.5000,2159.4000,0.0000
2025-04-20 20:00:00,7.0000,2015.4400,0.0000
2025-04-20 21:00:00,6.0000,1727.5200,0.0000
2025-04-20 22:00:00,5.0000,1439.6000,0.0000
2025-04-20 23:00:00,4.0000,1151.6800,0.0000
2025-04-21 00:00:00,2.0000,575.8400,0.0000
2025-04-21 01:00:00,2.0000,575.8400,0.0000
2025-04-21 02:00:00,2.0000,575.8400,0.0000
2025-04-21 03:00:00,2.0000,575.8400,0.0000
2025-04-21 04:00:00,2.0000,575.8400,0.0000
2025-04-21 05:00:00,2.0000,1014.9500,439.1100
2025-04-21 06:00:00,5.0000,2946.8677,1507.2677
2025-04-21 07:00:00,6.0000,6536.3886,4808.8686
2025-04-21 08:00:00,5.0000,8427.7969,6988.1969
2025-04-21 09:00:00,3.0000,7055.3527,6191.5927
2025-04-21 10:00:00,3.0000,8534.1022,7670.3422
2025-04-21 11:00:00,3.5000,8575.3557,7567.6357
2025-04-21 12:00:00,4.0000,5907.1759,4755.4959
2025-04-21 13:00:00,3.5000,4313.1791,3305.4591
2025-04-21 14:00:00,3.0000,7315.6861,6451.9261
2025-04-21 15:00:00,3.0000,5034.8021,4171.0421
2025-04-21 16:00:00,3.0000,3631.1677,2767.4077
2025-04-21 17:00:00,5.0000,2815.3095,1375.7095
2025-04-21 18:00:00,6.0000,1727.5200,0.0000
2025-04-21 19:00:00,7.0000,2015.4400,0.0000
2025-04-21 20:00:00,6.0000,1727.5200,0.0000
2025-04-21 21:00:00,5.0000,1439.6000,0.0000
2025-04-21 22:00:00,4.0000,1151.6800,0.0000
2025-04-21 23:00:00,3.0000,863.7600,0.0000
2025-04-22 00:00:00,2.0000,575.8400,0.0000
2025-04-22 01:00:00,2.0000,575.8400,0.0000
2025-04-22 02:00:00,2.0000,575.8400,0.0000
2025-04-22 03:00:00,2.0000,575.8400,0.0000
2025-04-22 04:00:00,2.0000,629.3900,53.5500
2025-04-22 05:00:00,2.0000,1826.8504,1251.0104
2025-04-22 06:00:00,5.0000,3293.4644,1853.8644
2025-04-22 07:00:00,6.0000,8137.2505,6409.7305
2025-04-22 08:00:00,5.0000,9108.4400,7668.8400
2025-04-22 09:00:00,3.0000,7093.2247,6229.4647
2025-04-22 10:00:00,3.0000,6087.3001,5223.5401
2025-04-22 11:00:00,3.5000,7477.1309,6469.4109
2025-04-22 12:00:00,4.0000,6069.4554,4917.7754
2025-04-22 13:00:00,3.5000,7752.7928,6745.0728
2025-04-22 14:00:00,3.0000,4568.6458,3704.8858
2025-04-22 15:00:00,3.0000,2352.4500,1488.6900
2025-04-22 16:00:00,3.0000,1749.3472,885.5872
2025-04-22 17:00:00,5.0000,2026.1959,586.5959
2025-04-22 18:00:00,6.0000,1752.5100,24.9900
2025-04-22 19:00:00,7.0000,2015.4400,0.0000
2025-04-22 20:00:00,6.0000,1727.5200,0.0000
2025-04-22 21:00:00,5.0000,1439.6000,0.0000
2025-04-22 22:00:00,4.0000,1151.6800,0.0000
2025-04-22 23:00:00,3.0000,863.7600,0.0000
2025-04-23 00:00:00,2.0000,575.8400,0.0000
2025-04-23 01:00:00,2.0000,575.8400,0.0000
2025-04-23 02:00:00,2.0000,575.8400,0.0000
2025-04-23 03:00:00,2.0000,575.8400,0.0000
2025-04-23 04:00:00,2.0000,697.2200,121.3800
2025-04-23 05:00:00,2.0000,2537.5127,1961.6727
2025-04-23 06:00:00,5.0000,5566.8578,4127.2578
2025-04-23 07:00:00,6.0000,8726.2670,6998.7470
2025-04-23 08:00:00,5.0000,9742.6680,8303.0680
2025-04-23 09:00:00,3.0000,8987.5281,8123.7681
2025-04-23 10:00:00,3.0000,9514.4049,8650.6449
2025-04-23 11:00:00,3.5000,9383.4954,8375.7754
2025-04-23 12:00:00,4.0000,6420.7189,5269.0389
2025-04-23 13:00:00,3.5000,4936.4753,3928.7553
2025-04-23 14:00:00,3.0000,3470.4990,2606.7390
2025-04-23 15:00:00,3.0000,1587.4413,723.6813
2025-04-23 16:00:00,3.0000,1142.2200,278.4600
2025-04-23 17:00:00,5.0000,1568.1200,128.5200
2025-04-23 18:00:00,6.0000,1727.5200,0.0000
2025-04-23 19:00:00,7.0000,2015.4400,0.0000
2025-04-23 20:00:00,6.0000,1727.5200,0.0000
2025-04-23 21:00:00,5.0000,1439.6000,0.0000
2025-04-23 22:00:00,4.0000,1151.6800,0.0000
2025-04-23 23:00:00,3.0000,863.7600,0.0000
2025-04-24 00:00:00,2.0000,575.8400,0.0000
2025-04-24 01:00:00,2.0000,575.8400,0.0000
2025-04-24 02:00:00,2.0000,575.8400,0.0000
2025-04-24 03:00:00,2.0000,575.8400,0.0000
2025-04-24 04:00:00,2.0000,597.2600,21.4200
2025-04-24 05:00:00,2.0000,915.7383,339.8983
2025-04-24 06:00:00,5.0000,2557.0100,1117.4100
2025-04-24 07:00:00,6.0000,4785.6781,3058.1581
2025-04-24 08:00:00,5.0000,4827.8732,3388.2732
2025-04-24 09:00:00,3.0000,3894.6900,3030.9300
2025-04-24 10:00:00,3.0000,3861.7045,2997.9445
2025-04-24 11:00:00,3.5000,5134.7865,4127.0665
2025-04-24 12:00:00,4.0000,3981.9900,2830.3100
2025-04-24 13:00:00,3.5000,3862.9226,2855.2026
2025-04-24 14:00:00,3.0000,4184.4763,3320.7163
2025-04-24 15:00:00,3.0000,3225.9011,2362.1411
2025-04-24 16:00:00,3.0000,3229.1395,2365.3795
2025-04-24 17:00:00,5.0000,2032.2200,592.6200
2025-04-24 18:00:00,6.0000,1741.8000,14.2800
2025-04-24 19:00:00,7.0000,2015.4400,0.0000
2025-04-24 20:00:00,6.0000,1727.5200,0.0000
2025-04-24 21:00:00,5.0000,1439.6000,0.0000
2025-04-24 22:00:00,4.0000,1151.6800,0.0000
2025-04-24 23:00:00,3.0000,863.7600,0.0000
2025-04-25 00:00:00,2.0000,575.8400,0.0000
2025-04-25 01:00:00,2.0000,575.8400,0.0000
2025-04-25 02:00:00,2.0000,575.8400,0.0000
2025-04-25 03:00:00,2.0000,575.8400,0.0000
2025-04-25 04:00:00,2.0000,690.0800,114.2400
2025-04-25 05:00:00,2.0000,1318.4000,742.5600
2025-04-25 06:00:00,5.0000,2759.4888,1319.8888
2025-04-25 07:00:00,6.0000,3455.4000,1727.8800
2025-04-25 08:00:00,5.0000,3977.8700,2538.2700
2025-04-25 09:00:00,3.0000,4499.3259,3635.5659
2025-04-25 10:00:00,3.0000,5660.8975,4797.1375
2025-04-25 11:00:00,3.5000,5630.9759,4623.2559
2025-04-25 12:00:00,4.0000,7026.9800,5875.3000
2025-04-25 13:00:00,3.5000,5828.2536,4820.5336
2025-04-25 14:00:00,3.0000,6672.3370,5808.5770
2025-04-25 15:00:00,3.0000,7138.8650,6275.1050
2025-04-25 16:00:00,3.0000,2631.2401,1767.4801
2025-04-25 17:00:00,5.0000,1660.9400,221.3400
2025-04-25 18:00:00,6.0000,1770.9550,43.4350
2025-04-25 19:00:00,7.0000,2015.4400,0.0000
2025-04-25 20:00:00,6.0000,1727.5200,0.0000
2025-04-25 21:00:00,5.0000,1439.6000,0.0000
2025-04-25 22:00:00,4.0000,1151.6800,0.0000
2025-04-25 23:00:00,3.0000,863.7600,0.0000
2025-04-26 00:00:00,2.0000,575.8400,0.0000
2025-04-26 01:00:00,2.0000,575.8400,0.0000
2025-04-26 02:00:00,2.0000,575.8400,0.0000
2025-04-26 03:00:00,2.0000,575.8400,0.0000
2025-04-26 04:00:00,2.0000,622.2500,46.4100
2025-04-26 05:00:00,2.0000,1007.8100,431.9700
2025-04-26 06:00:00,5.0000,2596.2800,1156.6800
2025-04-26 07:00:00,6.0000,2923.4700,1195.9500
2025-04-26 08:00:00,5.0000,3271.0100,1831.4100
2025-04-26 09:00:00,4.0000,5554.6511,4402.9711
2025-04-26 10:00:00,4.0000,5913.5162,4761.8362
2025-04-26 11:00:00,4.5000,7948.8738,6653.2338
2025-04-26 12:00:00,5.0000,6943.2997,5503.6997
2025-04-26 13:00:00,4.5000,4933.8030,3638.1630
2025-04-26 14:00:00,4.0000,3593.5600,2441.8800
2025-04-26 15:00:00,4.0000,2586.8200,1435.1400
2025-04-26 16:00:00,4.0000,2286.9400,1135.2600
2025-04-26 17:00:00,6.0000,2155.9200,428.4000
2025-04-26 18:00:00,7.0000,2208.2200,192.7800
2025-04-26 19:00:00,7.5000,2159.4000,0.0000
2025-04-26 20:00:00,7.0000,2015.4400,0.0000
2025-04-26 21:00:00,6.0000,1727.5200,0.0000
2025-04-26 22:00:00,5.0000,1439.6000,0.0000
2025-04-26 23:00:00,4.0000,1151.6800,0.0000
2025-04-27 00:00:00,2.0000,575.8400,0.0000
2025-04-27 01:00:00,2.0000,575.8400,0.0000
2025-04-27 02:00:00,2.0000,575.8400,0.0000
2025-04-27 03:00:00,2.0000,575.8400,0.0000
2025-04-27 04:00:00,2.0000,761.4800,185.6400
2025-04-27 05:00:00,2.0000,2316.1651,1740.3251
2025-04-27 06:00:00,5.0000,3363.8300,1924.2300
2025-04-27 07:00:00,6.0000,4519.2600,2791.7400
2025-04-27 08:00:00,5.0000,5152.4000,3712.8000
2025-04-27 09:00:00,4.0000,5701.3899,4549.7099
2025-04-27 10:00:00,4.0000,6045.2213,4893.5413
2025-04-27 11:00:00,4.5000,6147.2700,4851.6300
2025-04-27 12:00:00,5.0000,4976.7000,3537.1000
2025-04-27 13:00:00,4.5000,4365.8400,3070.2000
2025-04-27 14:00:00,4.0000,3761.4431,2609.7631
2025-04-27 15:00:00,4.0000,4506.3509,3354.6709
2025-04-27 16:00:00,4.0000,3305.1514,2153.4714
2025-04-27 17:00:00,6.0000,2337.1624,609.6424
2025-04-27 18:00:00,7.0000,2115.4000,99.9600
2025-04-27 19:00:00,7.5000,2159.4000,0.0000
2025-04-27 20:00:00,7.0000,2015.4400,0.0000
2025-04-27 21:00:00,6.0000,1727.5200,0.0000
2025-04-27 22:00:00,5.0000,1439.6000,0.0000
2025-04-27 23:00:00,4.0000,1151.6800,0.0000
2025-04-28 00:00:00,2.0000,575.8400,0.0000
2025-04-28 01:00:00,2.0000,575.8400,0.0000
2025-04-28 02:00:00,2.0000,575.8400,0.0000
2025-04-28 03:00:00,2.0000,575.8400,0.0000
2025-04-28 04:00:00,2.0000,744.2250,168.3850
2025-04-28 05:00:00,2.0000,3292.3997,2716.5597
2025-04-28 06:00:00,5.0000,6383.0585,4943.4585
2025-04-28 07:00:00,6.0000,8440.7784,6713.2584
2025-04-28 08:00:00,5.0000,8550.9916,7111.3916
2025-04-28 09:00:00,3.0000,9492.7836,8629.0236
2025-04-28 10:00:00,3.0000,9122.3015,8258.5415
2025-04-28 11:00:00,3.5000,8884.4868,7876.7668
2025-04-28 12:00:00,4.0000,10359.4689,9207.7889
2025-04-28 13:00:00,3.5000,7262.5992,6254.8792
2025-04-28 14:00:00,3.0000,5669.3762,4805.6162
2025-04-28 15:00:00,3.0000,4684.3739,3820.6139
2025-04-28 16:00:00,3.0000,2622.2484,1758.4884
2025-04-28 17:00:00,5.0000,3044.8082,1605.2082
2025-04-28 18:00:00,6.0000,1831.0500,103.5300
2025-04-28 19:00:00,7.0000,2015.4400,0.0000
2025-04-28 20:00:00,6.0000,1727.5200,0.0000
2025-04-28 21:00:00,5.0000,1439.6000,0.0000
2025-04-28 22:00:00,4.0000,1151.6800,0.0000
2025-04-28 23:00:00,3.0000,863.7600,0.0000
2025-04-29 00:00:00,2.0000,575.8400,0.0000
2025-04-29 01:00:00,2.0000,575.8400,0.0000
2025-04-29 02:00:00,2.0000,575.8400,0.0000
2025-04-29 03:00:00,2.0000,575.8400,0.0000
2025-04-29 04:00:00,2.0000,718.6400,142.8000
2025-04-29 05:00:00,2.0000,3738.5225,3162.6825
2025-04-29 06:00:00,5.0000,6587.8110,5148.2110
2025-04-29 07:00:00,6.0000,8710.8025,6983.2825
2025-04-29 08:00:00,5.0000,9594.3678,8154.7678
2025-04-29 09:00:00,3.0000,9493.2943,8629.5343
2025-04-29 10:00:00,3.0000,9149.0522,8285.2922
2025-04-29 11:00:00,3.5000,8950.5873,7942.8673
2025-04-29 12:00:00,4.0000,9952.4132,8800.7332
2025-04-29 13:00:00,3.5000,9460.3887,8452.6687
2025-04-29 14:00:00,3.0000,9223.0212,8359.2612
2025-04-29 15:00:00,3.0000,7386.2373,6522.4773
2025-04-29 16:00:00,3.0000,5635.1083,4771.3483
2025-04-29 17:00:00,5.0000,4893.9514,3454.3514
2025-04-29 18:00:00,6.0000,1846.5200,119.0000
2025-04-29 19:00:00,7.0000,2015.4400,0.0000
2025-04-29 20:00:00,6.0000,1727.5200,0.0000
2025-04-29 21:00:00,5.0000,1439.6000,0.0000
2025-04-29 22:00:00,4.0000,1151.6800,0.0000
2025-04-29 23:00:00,3.0000,863.7600,0.0000
2025-04-30 00:00:00,2.0000,575.8400,0.0000
2025-04-30 01:00:00,2.0000,575.8400,0.0000
2025-04-30 02:00:00,2.0000,575.8400,0.0000
2025-04-30 03:00:00,2.0000,575.8400,0.0000
2025-04-30 04:00:00,2.0000,715.6650,139.8250
2025-04-30 05:00:00,2.0000,4017.8121,3441.9721
2025-04-30 06:00:00,5.0000,6778.2183,5338.6183
2025-04-30 07:00:00,6.0000,8891.6188,7164.0988
2025-04-30 08:00:00,5.0000,9790.0985,8350.4985
2025-04-30 09:00:00,3.0000,9585.2124,8721.4524
2025-04-30 10:00:00,3.0000,9206.4524,8342.6924
2025-04-30 11:00:00,3.5000,8851.5726,7843.8526
2025-04-30 12:00:00,4.0000,9845.5789,8693.8989
2025-04-30 13:00:00,3.5000,9979.1500,8971.4300
2025-04-30 14:00:00,3.0000,9211.3928,8347.6328
2025-04-30 15:00:00,3.0000,7780.3095,6916.5495
2025-04-30 16:00:00,3.0000,5749.0036,4885.2436
2025-04-30 17:00:00,5.0000,4980.3678,3540.7678
2025-04-30 18:00:00,6.0000,1853.6600,126.1400
2025-04-30 19:00:00,7.0000,2015.4400,0.0000
2025-04-30 20:00:00,6.0000,1727.5200,0.0000
2025-04-30 21:00:00,5.0000,1439.6000,0.0000
2025-04-30 22:00:00,4.0000,1151.6800,0.0000
2025-04-30 23:00:00,3.0000,863.7600,0.0000
2025-05-01 00:00:00,2.0000,575.8400,0.0000
2025-05-01 01:00:00,2.0000,575.8400,0.0000
2025-05-01 02:00:00,2.0000,575.8400,0.0000
2025-05-01 03:00:00,2.0000,575.8400,0.0000
2025-05-01 04:00:00,2.0000,729.3500,153.5100
2025-05-01 05:00:00,2.0000,3949.0392,3373.1992
2025-05-01 06:00:00,5.0000,6666.0005,5226.4005
2025-05-01 07:00:00,6.0000,8745.7495,7018.2295
2025-05-01 08:00:00,5.0000,9701.4354,8261.8354
2025-05-01 09:00:00,3.0000,9532.6821,8668.9221
2025-05-01 10:00:00,3.0000,9197.2036,8333.4436
2025-05-01 11:00:00,3.5000,8843.7023,7835.9823
2025-05-01 12:00:00,4.0000,9882.9064,8731.2264
2025-05-01 13:00:00,3.5000,9951.5541,8943.8341
2025-05-01 14:00:00,3.0000,9241.3152,8377.5552
2025-05-01 15:00:00,3.0000,7854.0926,6990.3326
2025-05-01 16:00:00,3.0000,5922.9475,5059.1875
2025-05-01 17:00:00,5.0000,5422.8114,3983.2114
2025-05-01 18:00:00,6.0000,1844.7350,117.2150
2025-05-01 19:00:00,7.0000,2015.4400,0.0000
2025-05-01 20:00:00,6.0000,1727.5200,0.0000
2025-05-01 21:00:00,5.0000,1439.6000,0.0000
2025-05-01 22:00:00,4.0000,1151.6800,0.0000
2025-05-01 23:00:00,3.0000,863.7600,0.0000
2025-05-02 00:00:00,2.0000,575.8400,0.0000
2025-05-02 01:00:00,2.0000,575.8400,0.0000
2025-05-02 02:00:00,2.0000,575.8400,0.0000
2025-05-02 03:00:00,2.0000,575.8400,0.0000
2025-05-02 04:00:00,2.0000,732.9200,157.0800
2025-05-02 05:00:00,2.0000,3967.6102,3391.7702
2025-05-02 06:00:00,5.0000,6712.6196,5273.0196
2025-05-02 07:00:00,6.0000,8712.6016,6985.0816
2025-05-02 08:00:00,5.0000,9669.2584,8229.6584
2025-05-02 09:00:00,3.0000,9455.6119,8591.8519
2025-05-02 10:00:00,3.0000,9091.3588,8227.5988
2025-05-02 11:00:00,3.5000,8785.9776,7778.2576
2025-05-02 12:00:00,4.0000,9852.5940,8700.9140
2025-05-02 13:00:00,3.5000,9832.9718,8825.2518
2025-05-02 14:00:00,3.0000,8875.8411,8012.0811
2025-05-02 15:00:00,3.0000,7420.7030,6556.9430
2025-05-02 16:00:00,3.0000,5337.8204,4474.0604
2025-05-02 17:00:00,5.0000,3454.1135,2014.5135
2025-05-02 18:00:00,6.0000,1838.7850,111.2650
2025-05-02 19:00:00,7.0000,2015.4400,0.0000
2025-05-02 20:00:00,6.0000,1727.5200,0.0000
2025-05-02 21:00:00,5.0000,1439.6000,0.0000
2025-05-02 22:00:00,4.0000,1151.6800,0.0000
2025-05-02 23:00:00,3.0000,863.7600,0.0000
2025-05-03 00:00:00,2.0000,575.8400,0.0000
2025-05-03 01:00:00,2.0000,575.8400,0.0000
2025-05-03 02:00:00,2.0000,575.8400,0.0000
2025-05-03 03:00:00,2.0000,575.8400,0.0000
2025-05-03 04:00:00,2.0000,913.6501,337.8101
2025-05-03 05:00:00,2.0000,2257.1770,1681.3370
2025-05-03 06:00:00,5.0000,3323.6824,1884.0824
2025-05-03 07:00:00,6.0000,2609.3100,881.7900
2025-05-03 08:00:00,5.0000,2749.7900,1310.1900
2025-05-03 09:00:00,4.0000,6788.9604,5637.2804
2025-05-03 10:00:00,4.0000,6407.7723,5256.0923
2025-05-03 11:00:00,4.5000,6792.5301,5496.8901
2025-05-03 12:00:00,5.0000,8859.1580,7419.5580
2025-05-03 13:00:00,4.5000,9996.1807,8700.5407
2025-05-03 14:00:00,4.0000,8715.2708,7563.5908
2025-05-03 15:00:00,4.0000,7856.1518,6704.4718
2025-05-03 16:00:00,4.0000,4838.7789,3687.0989
2025-05-03 17:00:00,6.0000,5466.2399,3738.7199
2025-05-03 18:00:00,7.0000,2261.7700,246.3300
2025-05-03 19:00:00,7.5000,2159.4000,0.0000
2025-05-03 20:00:00,7.0000,2015.4400,0.0000
2025-05-03 21:00:00,6.0000,1727.5200,0.0000
2025-05-03 22:00:00,5.0000,1439.6000,0.0000
2025-05-03 23:00:00,4.0000,1151.6800,0.0000
2025-05-04 00:00:00,2.0000,575.8400,0.0000
2025-05-04 01:00:00,2.0000,575.8400,0.0000
2025-05-04 02:00:00,2.0000,575.8400,0.0000
2025-05-04 03:00:00,2.0000,575.8400,0.0000
2025-05-04 04:00:00,2.0000,586.5500,10.7100
2025-05-04 05:00:00,2.0000,1432.0668,856.2268
2025-05-04 06:00:00,5.0000,3736.6367,2297.0367
2025-05-04 07:00:00,6.0000,7117.8046,5390.2846
2025-05-04 08:00:00,5.0000,9798.6184,8359.0184
2025-05-04 09:00:00,4.0000,6345.8872,5194.2072
2025-05-04 10:00:00,4.0000,3141.9107,1990.2307
2025-05-04 11:00:00,4.5000,3918.2643,2622.6243
2025-05-04 12:00:00,5.0000,2473.9819,1034.3819
2025-05-04 13:00:00,4.5000,3023.5200,1727.8800
2025-05-04 14:00:00,4.0000,3129.4600,1977.7800
2025-05-04 15:00:00,4.0000,3047.3500,1895.6700
2025-05-04 16:00:00,4.0000,1530.1000,378.4200
2025-05-04 17:00:00,6.0000,1766.7900,39.2700
2025-05-04 18:00:00,7.0000,2015.4400,0.0000
2025-05-04 19:00:00,7.5000,2159.4000,0.0000
2025-05-04 20:00:00,7.0000,2015.4400,0.0000
2025-05-04 21:00:00,6.0000,1727.5200,0.0000
2025-05-04 22:00:00,5.0000,1439.6000,0.0000
2025-05-04 23:00:00,4.0000,1151.6800,0.0000
2025-05-05 00:00:00,2.0000,575.8400,0.0000
2025-05-05 01:00:00,2.0000,575.8400,0.0000
2025-05-05 02:00:00,2.0000,575.8400,0.0000
2025-05-05 03:00:00,2.0000,575.8400,0.0000
2025-05-05 04:00:00,2.0000,579.4100,3.5700
2025-05-05 05:00:00,2.0000,668.6600,92.8200
2025-05-05 06:00:00,5.0000,1743.0500,303.4500
2025-05-05 07:00:00,6.0000,2652.2228,924.7028
2025-05-05 08:00:00,5.0000,3171.0500,1731.4500
2025-05-05 09:00:00,3.0000,2440.9883,1577.2283
2025-05-05 10:00:00,3.0000,2605.9200,1742.1600
2025-05-05 11:00:00,3.5000,3060.4700,2052.7500
2025-05-05 12:00:00,4.0000,3368.6500,2216.9700
2025-05-05 13:00:00,3.5000,3685.2200,2677.5000
2025-05-05 14:00:00,3.0000,2873.6700,2009.9100
2025-05-05 15:00:00,3.0000,2088.5273,1224.7673
2025-05-05 16:00:00,3.0000,1517.0700,653.3100
2025-05-05 17:00:00,5.0000,1568.1200,128.5200
2025-05-05 18:00:00,6.0000,1741.8000,14.2800
2025-05-05 19:00:00,7.0000,2015.4400,0.0000
2025-05-05 20:00:00,6.0000,1727.5200,0.0000
2025-05-05 21:00:00,5.0000,1439.6000,0.0000
2025-05-05 22:00:00,4.0000,1151.6800,0.0000
2025-05-05 23:00:00,3.0000,863.7600,0.0000
2025-05-06 00:00:00,2.0000,575.8400,0.0000
2025-05-06 01:00:00,2.0000,575.8400,0.0000
2025-05-06 02:00:00,2.0000,575.8400,0.0000
2025-05-06 03:00:00,2.0000,575.8400,0.0000
2025-05-06 04:00:00,2.0000,650.8100,74.9700
2025-05-06 05:00:00,2.0000,947.1200,371.2800
2025-05-06 06:00:00,5.0000,2125.0400,685.4400
2025-05-06 07:00:00,6.0000,2495.0700,767.5500
2025-05-06 08:00:00,5.0000,2589.1400,1149.5400
2025-05-06 09:00:00,3.0000,2702.3100,1838.5500
2025-05-06 10:00:00,3.0000,3016.4700,2152.7100
2025-05-06 11:00:00,3.5000,3806.6000,2798.8800
2025-05-06 12:00:00,4.0000,3857.7400,2706.0600
2025-05-06 13:00:00,3.5000,3831.0105,2823.2905
2025-05-06 14:00:00,3.0000,3095.0100,2231.2500
2025-05-06 15:00:00,3.0000,2170.3800,1306.6200
2025-05-06 16:00:00,3.0000,1799.1000,935.3400
2025-05-06 17:00:00,5.0000,1750.1900,310.5900
2025-05-06 18:00:00,6.0000,1738.2300,10.7100
2025-05-06 19:00:00,7.0000,2015.4400,0.0000
2025-05-06 20:00:00,6.0000,1727.5200,0.0000
2025-05-06 21:00:00,5.0000,1439.6000,0.0000
2025-05-06 22:00:00,4.0000,1151.6800,0.0000
2025-05-06 23:00:00,3.0000,863.7600,0.0000
2025-05-07 00:00:00,2.0000,575.8400,0.0000
2025-05-07 01:00:00,2.0000,575.8400,0.0000
2025-05-07 02:00:00,2.0000,575.8400,0.0000
2025-05-07 03:00:00,2.0000,575.8400,0.0000
2025-05-07 04:00:00,2.0000,977.3463,401.5063
2025-05-07 05:00:00,2.0000,2030.6914,1454.8514
2025-05-07 06:00:00,5.0000,6812.3575,5372.7575
2025-05-07 07:00:00,6.0000,8232.9403,6505.4203
2025-05-07 08:00:00,5.0000,8046.5401,6606.9401
2025-05-07 09:00:00,3.0000,6928.9871,6065.2271
2025-05-07 10:00:00,3.0000,6937.2739,6073.5139
2025-05-07 11:00:00,3.5000,5092.6211,4084.9011
2025-05-07 12:00:00,4.0000,2818.8700,1667.1900
2025-05-07 13:00:00,3.5000,3124.7300,2117.0100
2025-05-07 14:00:00,3.0000,2156.1000,1292.3400
2025-05-07 15:00:00,3.0000,2016.8700,1153.1100
2025-05-07 16:00:00,3.0000,1752.6900,888.9300
2025-05-07 17:00:00,5.0000,1853.7200,414.1200
2025-05-07 18:00:00,6.0000,1781.0700,53.5500
2025-05-07 19:00:00,7.0000,2015.4400,0.0000
2025-05-07 20:00:00,6.0000,1727.5200,0.0000
2025-05-07 21:00:00,5.0000,1439.6000,0.0000
2025-05-07 22:00:00,4.0000,1151.6800,0.0000
2025-05-07 23:00:00,3.0000,863.7600,0.0000
2025-05-08 00:00:00,2.0000,575.8400,0.0000
2025-05-08 01:00:00,2.0000,575.8400,0.0000
2025-05-08 02:00:00,2.0000,575.8400,0.0000
2025-05-08 03:00:00,2.0000,575.8400,0.0000
2025-05-08 04:00:00,2.0000,657.9500,82.1100
2025-05-08 05:00:00,2.0000,1229.1500,653.3100
2025-05-08 06:00:00,5.0000,3028.2500,1588.6500
2025-05-08 07:00:00,6.0000,5101.0695,3373.5495
2025-05-08 08:00:00,5.0000,6172.5958,4732.9958
2025-05-08 09:00:00,3.0000,6614.8460,5751.0860
2025-05-08 10:00:00,3.0000,7473.1357,6609.3757
2025-05-08 11:00:00,3.5000,6933.0376,5925.3176
2025-05-08 12:00:00,4.0000,5821.5740,4669.8940
2025-05-08 13:00:00,3.5000,4928.7508,3921.0308
2025-05-08 14:00:00,3.0000,4893.5177,4029.7577
2025-05-08 15:00:00,3.0000,4355.6338,3491.8738
2025-05-08 16:00:00,3.0000,2952.2100,2088.4500
2025-05-08 17:00:00,5.0000,2289.2600,849.6600
2025-05-08 18:00:00,6.0000,1941.7200,214.2000
2025-05-08 19:00:00,7.0000,2015.4400,0.0000
2025-05-08 20:00:00,6.0000,1727.5200,0.0000
2025-05-08 21:00:00,5.0000,1439.6000,0.0000
2025-05-08 22:00:00,4.0000,1151.6800,0.0000
2025-05-08 23:00:00,3.0000,863.7600,0.0000
2025-05-09 00:00:00,2.0000,575.8400,0.0000
2025-05-09 01:00:00,2.0000,575.8400,0.0000
2025-05-09 02:00:00,2.0000,575.8400,0.0000
2025-05-09 03:00:00,2.0000,575.8400,0.0000
2025-05-09 04:00:00,2.0000,1087.7668,511.9268
2025-05-09 05:00:00,2.0000,2363.2688,1787.4288
2025-05-09 06:00:00,5.0000,4335.5035,2895.9035
2025-05-09 07:00:00,6.0000,6121.1886,4393.6686
2025-05-09 08:00:00,5.0000,5796.9623,4357.3623
2025-05-09 09:00:00,3.0000,5173.1305,4309.3705
2025-05-09 10:00:00,3.0000,3734.0400,2870.2800
2025-05-09 11:00:00,3.5000,4659.1840,3651.4640
2025-05-09 12:00:00,4.0000,5519.3965,4367.7165
2025-05-09 13:00:00,3.5000,4848.0891,3840.3691
2025-05-09 14:00:00,3.0000,5449.0830,4585.3230
2025-05-09 15:00:00,3.0000,3062.9804,2199.2204
2025-05-09 16:00:00,3.0000,2471.0501,1607.2901
2025-05-09 17:00:00,5.0000,2417.7800,978.1800
2025-05-09 18:00:00,6.0000,1888.1700,160.6500
2025-05-09 19:00:00,7.0000,2015.4400,0.0000
2025-05-09 20:00:00,6.0000,1727.5200,0.0000
2025-05-09 21:00:00,5.0000,1439.6000,0.0000
2025-05-09 22:00:00,4.0000,1151.6800,0.0000
2025-05-09 23:00:00,3.0000,863.7600,0.0000
2025-05-10 00:00:00,2.0000,575.8400,0.0000
2025-05-10 01:00:00,2.0000,575.8400,0.0000
2025-05-10 02:00:00,2.0000,575.8400,0.0000
2025-05-10 03:00:00,2.0000,575.8400,0.0000
2025-05-10 04:00:00,2.0000,1094.6138,518.7738
2025-05-10 05:00:00,2.0000,4410.3489,3834.5089
2025-05-10 06:00:00,5.0000,6628.9361,5189.3361
2025-05-10 07:00:00,6.0000,8627.2154,6899.6954
2025-05-10 08:00:00,5.0000,9419.5230,7979.9230
2025-05-10 09:00:00,4.0000,9442.0354,8290.3554
2025-05-10 10:00:00,4.0000,9112.1964,7960.5164
2025-05-10 11:00:00,4.5000,9510.1976,8214.5576
2025-05-10 12:00:00,5.0000,8745.3295,7305.7295
2025-05-10 13:00:00,4.5000,9219.7961,7924.1561
2025-05-10 14:00:00,4.0000,5270.2307,4118.5507
2025-05-10 15:00:00,4.0000,5143.2823,3991.6023
2025-05-10 16:00:00,4.0000,2843.3276,1691.6476
2025-05-10 17:00:00,6.0000,5438.7121,3711.1921
2025-05-10 18:00:00,7.0000,2221.9050,206.4650
2025-05-10 19:00:00,7.5000,2159.4000,0.0000
2025-05-10 20:00:00,7.0000,2015.4400,0.0000
2025-05-10 21:00:00,6.0000,1727.5200,0.0000
2025-05-10 22:00:00,5.0000,1439.6000,0.0000
2025-05-10 23:00:00,4.0000,1151.6800,0.0000
2025-05-11 00:00:00,2.0000,575.8400,0.0000
2025-05-11 01:00:00,2.0000,575.8400,0.0000
2025-05-11 02:00:00,2.0000,575.8400,0.0000
2025-05-11 03:00:00,2.0000,575.8400,0.0000
2025-05-11 04:00:00,2.0000,1171.0578,595.2178
2025-05-11 05:00:00,2.0000,4534.8806,3959.0406
2025-05-11 06:00:00,5.0000,6607.8463,5168.2463
2025-05-11 07:00:00,6.0000,8604.2009,6876.6809
2025-05-11 08:00:00,5.0000,9407.6976,7968.0976
2025-05-11 09:00:00,4.0000,9471.3755,8319.6955
2025-05-11 10:00:00,4.0000,9030.9594,7879.2794
2025-05-11 11:00:00,4.5000,8861.0384,7565.3984
2025-05-11 12:00:00,5.0000,9935.7999,8496.1999
2025-05-11 13:00:00,4.5000,10028.8454,8733.2054
2025-05-11 14:00:00,4.0000,9202.8164,8051.1364
2025-05-11 15:00:00,4.0000,7902.1098,6750.4298
2025-05-11 16:00:00,4.0000,6305.9381,5154.2581
2025-05-11 17:00:00,6.0000,6004.6702,4277.1502
2025-05-11 18:00:00,7.0000,2226.0700,210.6300
2025-05-11 19:00:00,7.5000,2159.4000,0.0000
2025-05-11 20:00:00,7.0000,2015.4400,0.0000
2025-05-11 21:00:00,6.0000,1727.5200,0.0000
2025-05-11 22:00:00,5.0000,1439.6000,0.0000
2025-05-11 23:00:00,4.0000,1151.6800,0.0000
2025-05-12 00:00:00,2.0000,575.8400,0.0000
2025-05-12 01:00:00,2.0000,575.8400,0.0000
2025-05-12 02:00:00,2.0000,575.8400,0.0000
2025-05-12 03:00:00,2.0000,575.8400,0.0000
2025-05-12 04:00:00,2.0000,938.8575,363.0175
2025-05-12 05:00:00,2.0000,4348.3872,3772.5472
2025-05-12 06:00:00,5.0000,6540.0729,5100.4729
2025-05-12 07:00:00,6.0000,8526.8744,6799.3544
2025-05-12 08:00:00,5.0000,9384.9558,7945.3558
2025-05-12 09:00:00,3.0000,8982.4066,8118.6466
2025-05-12 10:00:00,3.0000,7753.7383,6889.9783
2025-05-12 11:00:00,3.5000,8993.5803,7985.8603
2025-05-12 12:00:00,4.0000,9852.5997,8700.9197
2025-05-12 13:00:00,3.5000,8599.2660,7591.5460
2025-05-12 14:00:00,3.0000,7981.4890,7117.7290
2025-05-12 15:00:00,3.0000,7420.6048,6556.8448
2025-05-12 16:00:00,3.0000,5894.3726,5030.6126
2025-05-12 17:00:00,5.0000,5547.7222,4108.1222
2025-05-12 18:00:00,6.0000,1953.6200,226.1000
2025-05-12 19:00:00,7.0000,2015.4400,0.0000
2025-05-12 20:00:00,6.0000,1727.5200,0.0000
2025-05-12 21:00:00,5.0000,1439.6000,0.0000
2025-05-12 22:00:00,4.0000,1151.6800,0.0000
2025-05-12 23:00:00,3.0000,863.7600,0.0000
2025-05-13 00:00:00,2.0000,575.8400,0.0000
2025-05-13 01:00:00,2.0000,575.8400,0.0000
2025-05-13 02:00:00,2.0000,575.8400,0.0000
2025-05-13 03:00:00,2.0000,579.4100,3.5700
2025-05-13 04:00:00,2.0000,1432.5053,856.6653
2025-05-13 05:00:00,2.0000,4613.7243,4037.8843
2025-05-13 06:00:00,5.0000,6651.0877,5211.4877
2025-05-13 07:00:00,6.0000,8569.8703,6842.3503
2025-05-13 08:00:00,5.0000,9451.2016,8011.6016
2025-05-13 09:00:00,3.0000,9215.2264,8351.4664
2025-05-13 10:00:00,3.0000,8771.0589,7907.2989
2025-05-13 11:00:00,3.5000,8673.4008,7665.6808
2025-05-13 12:00:00,4.0000,9770.2952,8618.6152
2025-05-13 13:00:00,3.5000,9752.5054,8744.7854
2025-05-13 14:00:00,3.0000,8888.9519,8025.1919
2025-05-13 15:00:00,3.0000,7528.0168,6664.2568
2025-05-13 16:00:00,3.0000,5944.1746,5080.4146
2025-05-13 17:00:00,5.0000,5599.3527,4159.7527
2025-05-13 18:00:00,6.0000,1964.9250,237.4050
2025-05-13 19:00:00,7.0000,2015.4400,0.0000
2025-05-13 20:00:00,6.0000,1727.5200,0.0000
2025-05-13 21:00:00,5.0000,1439.6000,0.0000
2025-05-13 22:00:00,4.0000,1151.6800,0.0000
2025-05-13 23:00:00,3.0000,863.7600,0.0000
2025-05-14 00:00:00,2.0000,575.8400,0.0000
2025-05-14 01:00:00,2.0000,575.8400,0.0000
2025-05-14 02:00:00,2.0000,575.8400,0.0000
2025-05-14 03:00:00,2.0000,579.4100,3.5700
2025-05-14 04:00:00,2.0000,1424.3430,848.5030
2025-05-14 05:00:00,2.0000,4437.2139,3861.3739
2025-05-14 06:00:00,5.0000,6508.2579,5068.6579
2025-05-14 07:00:00,6.0000,8432.1305,6704.6105
2025-05-14 08:00:00,5.0000,9273.7060,7834.1060
2025-05-14 09:00:00,3.0000,9081.3811,8217.6211
2025-05-14 10:00:00,3.0000,8717.9980,7854.2380
2025-05-14 11:00:00,3.5000,8624.7366,7617.0166
2025-05-14 12:00:00,4.0000,9792.1438,8640.4638
2025-05-14 13:00:00,3.5000,8859.9348,7852.2148
2025-05-14 14:00:00,3.0000,8764.9608,7901.2008
2025-05-14 15:00:00,3.0000,7653.8700,6790.1100
2025-05-14 16:00:00,3.0000,5477.8932,4614.1332
2025-05-14 17:00:00,5.0000,5925.4247,4485.8247
2025-05-14 18:00:00,6.0000,1974.4450,246.9250
2025-05-14 19:00:00,7.0000,2015.4400,0.0000
2025-05-14 20:00:00,6.0000,1727.5200,0.0000
2025-05-14 21:00:00,5.0000,1439.6000,0.0000
2025-05-14 22:00:00,4.0000,1151.6800,0.0000
2025-05-14 23:00:00,3.0000,863.7600,0.0000
2025-05-15 00:00:00,2.0000,575.8400,0.0000
2025-05-15 01:00:00,2.0000,575.8400,0.0000
2025-05-15 02:00:00,2.0000,575.8400,0.0000
2025-05-15 03:00:00,2.0000,575.8400,0.0000
2025-05-15 04:00:00,2.0000,1114.2212,538.3812
2025-05-15 05:00:00,2.0000,2978.1987,2402.3587
2025-05-15 06:00:00,5.0000,4631.8807,3192.2807
2025-05-15 07:00:00,6.0000,5830.9663,4103.4463
2025-05-15 08:00:00,5.0000,8145.8486,6706.2486
2025-05-15 09:00:00,3.0000,7650.5203,6786.7603
2025-05-15 10:00:00,3.0000,7590.1557,6726.3957
2025-05-15 11:00:00,3.5000,9123.8433,8116.1233
2025-05-15 12:00:00,4.0000,7302.7247,6151.0447
2025-05-15 13:00:00,3.5000,6908.6928,5900.9728
2025-05-15 14:00:00,3.0000,6689.2264,5825.4664
2025-05-15 15:00:00,3.0000,4647.9788,3784.2188
2025-05-15 16:00:00,3.0000,4780.3935,3916.6335
2025-05-15 17:00:00,5.0000,2878.1685,1438.5685
2025-05-15 18:00:00,6.0000,2098.8000,371.2800
2025-05-15 19:00:00,7.0000,2015.4400,0.0000
2025-05-15 20:00:00,6.0000,1727.5200,0.0000
2025-05-15 21:00:00,5.0000,1439.6000,0.0000
2025-05-15 22:00:00,4.0000,1151.6800,0.0000
2025-05-15 23:00:00,3.0000,863.7600,0.0000
2025-05-16 00:00:00,2.0000,575.8400,0.0000
2025-05-16 01:00:00,2.0000,575.8400,0.0000
2025-05-16 02:00:00,2.0000,575.8400,0.0000
2025-05-16 03:00:00,2.0000,579.4100,3.5700
2025-05-16 04:00:00,2.0000,1486.0116,910.1716
2025-05-16 05:00:00,2.0000,4753.9074,4178.0674
2025-05-16 06:00:00,5.0000,6640.9579,5201.3579
2025-05-16 07:00:00,6.0000,8602.5093,6874.9893
2025-05-16 08:00:00,5.0000,9464.6625,8025.0625
2025-05-16 09:00:00,3.0000,7990.6874,7126.9274
2025-05-16 10:00:00,3.0000,7590.0004,6726.2404
2025-05-16 11:00:00,3.5000,6625.1751,5617.4551
2025-05-16 12:00:00,4.0000,6278.8868,5127.2068
2025-05-16 13:00:00,3.5000,7894.3347,6886.6147
2025-05-16 14:00:00,3.0000,3862.1026,2998.3426
2025-05-16 15:00:00,3.0000,3310.6284,2446.8684
2025-05-16 16:00:00,3.0000,2088.2700,1224.5100
2025-05-16 17:00:00,5.0000,1914.4100,474.8100
2025-05-16 18:00:00,6.0000,1827.4800,99.9600
2025-05-16 19:00:00,7.0000,2015.4400,0.0000
2025-05-16 20:00:00,6.0000,1727.5200,0.0000
2025-05-16 21:00:00,5.0000,1439.6000,0.0000
2025-05-16 22:00:00,4.0000,1151.6800,0.0000
2025-05-16 23:00:00,3.0000,863.7600,0.0000
2025-05-17 00:00:00,2.0000,575.8400,0.0000
2025-05-17 01:00:00,2.0000,575.8400,0.0000
2025-05-17 02:00:00,2.0000,575.8400,0.0000
2025-05-17 03:00:00,2.0000,575.8400,0.0000
2025-05-17 04:00:00,2.0000,1025.6752,449.8352
2025-05-17 05:00:00,2.0000,2576.4391,2000.5991
2025-05-17 06:00:00,5.0000,2756.9300,1317.3300
2025-05-17 07:00:00,6.0000,4165.8300,2438.3100
2025-05-17 08:00:00,5.0000,5854.1776,4414.5776
2025-05-17 09:00:00,4.0000,7375.4053,6223.7253
2025-05-17 10:00:00,4.0000,3442.3263,2290.6463
2025-05-17 11:00:00,4.5000,4400.0240,3104.3840
2025-05-17 12:00:00,5.0000,3899.3300,2459.7300
2025-05-17 13:00:00,4.5000,3854.5296,2558.8896
2025-05-17 14:00:00,4.0000,7673.1259,6521.4459
2025-05-17 15:00:00,4.0000,3403.9079,2252.2279
2025-05-17 16:00:00,4.0000,4329.7156,3178.0356
2025-05-17 17:00:00,6.0000,3293.5441,1566.0241
2025-05-17 18:00:00,7.0000,2191.5600,176.1200
2025-05-17 19:00:00,7.5000,2159.4000,0.0000
2025-05-17 20:00:00,7.0000,2015.4400,0.0000
2025-05-17 21:00:00,6.0000,1727.5200,0.0000
2025-05-17 22:00:00,5.0000,1439.6000,0.0000
2025-05-17 23:00:00,4.0000,1151.6800,0.0000
2025-05-18 00:00:00,2.0000,575.8400,0.0000
2025-05-18 01:00:00,2.0000,575.8400,0.0000
2025-05-18 02:00:00,2.0000,575.8400,0.0000
2025-05-18 03:00:00,2.0000,579.4100,3.5700
2025-05-18 04:00:00,2.0000,1007.8100,431.9700
2025-05-18 05:00:00,2.0000,3121.3366,2545.4966
2025-05-18 06:00:00,5.0000,5996.2627,4556.6627
2025-05-18 07:00:00,6.0000,7610.7039,5883.1839
2025-05-18 08:00:00,5.0000,7368.1248,5928.5248
2025-05-18 09:00:00,4.0000,8649.0269,7497.3469
2025-05-18 10:00:00,4.0000,9464.4015,8312.7215
2025-05-18 11:00:00,4.5000,7893.9654,6598.3254
2025-05-18 12:00:00,5.0000,9188.1652,7748.5652
2025-05-18 13:00:00,4.5000,8607.1005,7311.4605
2025-05-18 14:00:00,4.0000,7639.3750,6487.6950
2025-05-18 15:00:00,4.0000,7339.6441,6187.9641
2025-05-18 16:00:00,4.0000,4967.7219,3816.0419
2025-05-18 17:00:00,6.0000,5228.9408,3501.4208
2025-05-18 18:00:00,7.0000,2296.8750,281.4350
2025-05-18 19:00:00,7.5000,2159.4000,0.0000
2025-05-18 20:00:00,7.0000,2015.4400,0.0000
2025-05-18 21:00:00,6.0000,1727.5200,0.0000
2025-05-18 22:00:00,5.0000,1439.6000,0.0000
2025-05-18 23:00:00,4.0000,1151.6800,0.0000
2025-05-19 00:00:00,2.0000,575.8400,0.0000
2025-05-19 01:00:00,2.0000,575.8400,0.0000
2025-05-19 02:00:00,2.0000,575.8400,0.0000
2025-05-19 03:00:00,2.0000,582.9800,7.1400
2025-05-19 04:00:00,2.0000,1451.8852,876.0452
2025-05-19 05:00:00,2.0000,4539.9850,3964.1450
2025-05-19 06:00:00,5.0000,6504.7489,5065.1489
2025-05-19 07:00:00,6.0000,8376.1659,6648.6459
2025-05-19 08:00:00,5.0000,9204.9932,7765.3932
2025-05-19 09:00:00,3.0000,9029.1945,8165.4345
2025-05-19 10:00:00,3.0000,8637.3825,7773.6225
2025-05-19 11:00:00,3.5000,8534.6226,7526.9026
2025-05-19 12:00:00,4.0000,9044.8641,7893.1841
2025-05-19 13:00:00,3.5000,9008.5041,8000.7841
2025-05-19 14:00:00,3.0000,6902.0944,6038.3344
2025-05-19 15:00:00,3.0000,6775.9858,5912.2258
2025-05-19 16:00:00,3.0000,5754.2933,4890.5333
2025-05-19 17:00:00,5.0000,5415.4942,3975.8942
2025-05-19 18:00:00,6.0000,2029.1850,301.6650
2025-05-19 19:00:00,7.0000,2015.4400,0.0000
2025-05-19 20:00:00,6.0000,1727.5200,0.0000
2025-05-19 21:00:00,5.0000,1439.6000,0.0000
2025-05-19 22:00:00,4.0000,1151.6800,0.0000
2025-05-19 23:00:00,3.0000,863.7600,0.0000
2025-05-20 00:00:00,2.0000,575.8400,0.0000
2025-05-20 01:00:00,2.0000,575.8400,0.0000
2025-05-20 02:00:00,2.0000,575.8400,0.0000
2025-05-20 03:00:00,2.0000,579.4100,3.5700
2025-05-20 04:00:00,2.0000,611.5400,35.7000
2025-05-20 05:00:00,2.0000,1157.7500,581.9100
2025-05-20 06:00:00,5.0000,3738.4596,2298.8596
2025-05-20 07:00:00,6.0000,5295.0851,3567.5651
2025-05-20 08:00:00,5.0000,8835.2713,7395.6713
2025-05-20 09:00:00,3.0000,8467.4588,7603.6988
2025-05-20 10:00:00,3.0000,8198.8798,7335.1198
2025-05-20 11:00:00,3.5000,7865.2423,6857.5223
2025-05-20 12:00:00,4.0000,9090.0541,7938.3741
2025-05-20 13:00:00,3.5000,8850.2863,7842.5663
2025-05-20 14:00:00,3.0000,7848.5632,6984.8032
2025-05-20 15:00:00,3.0000,5624.2462,4760.4862
2025-05-20 16:00:00,3.0000,4804.0390,3940.2790
2025-05-20 17:00:00,5.0000,3004.2853,1564.6853
2025-05-20 18:00:00,6.0000,1916.7300,189.2100
2025-05-20 19:00:00,7.0000,2015.4400,0.0000
2025-05-20 20:00:00,6.0000,1727.5200,0.0000
2025-05-20 21:00:00,5.0000,1439.6000,0.0000
2025-05-20 22:00:00,4.0000,1151.6800,0.0000
2025-05-20 23:00:00,3.0000,863.7600,0.0000
2025-05-21 00:00:00,2.0000,575.8400,0.0000
2025-05-21 01:00:00,2.0000,575.8400,0.0000
2025-05-21 02:00:00,2.0000,575.8400,0.0000
2025-05-21 03:00:00,2.0000,575.8400,0.0000
2025-05-21 04:00:00,2.0000,718.6400,142.8000
2025-05-21 05:00:00,2.0000,1022.0900,446.2500
2025-05-21 06:00:00,5.0000,2332.1000,892.5000
2025-05-21 07:00:00,6.0000,2991.3000,1263.7800
2025-05-21 08:00:00,5.0000,3628.0100,2188.4100
2025-05-21 09:00:00,3.0000,2273.9100,1410.1500
2025-05-21 10:00:00,3.0000,2159.6700,1295.9100
2025-05-21 11:00:00,3.5000,5177.6850,4169.9650
2025-05-21 12:00:00,4.0000,6500.0223,5348.3423
2025-05-21 13:00:00,3.5000,8618.3249,7610.6049
2025-05-21 14:00:00,3.0000,4568.2718,3704.5118
2025-05-21 15:00:00,3.0000,3765.6945,2901.9345
2025-05-21 16:00:00,3.0000,2166.8100,1303.0500
2025-05-21 17:00:00,5.0000,1835.8700,396.2700
2025-05-21 18:00:00,6.0000,1752.5100,24.9900
2025-05-21 19:00:00,7.0000,2015.4400,0.0000
2025-05-21 20:00:00,6.0000,1727.5200,0.0000
2025-05-21 21:00:00,5.0000,1439.6000,0.0000
2025-05-21 22:00:00,4.0000,1151.6800,0.0000
2025-05-21 23:00:00,3.0000,863.7600,0.0000
2025-05-22 00:00:00,2.0000,575.8400,0.0000
2025-05-22 01:00:00,2.0000,575.8400,0.0000
2025-05-22 02:00:00,2.0000,575.8400,0.0000
2025-05-22 03:00:00,2.0000,575.8400,0.0000
2025-05-22 04:00:00,2.0000,811.4600,235.6200
2025-05-22 05:00:00,2.0000,1250.5700,674.7300
2025-05-22 06:00:00,5.0000,3530.8190,2091.2190
2025-05-22 07:00:00,6.0000,4574.3259,2846.8059
2025-05-22 08:00:00,5.0000,2728.3700,1288.7700
2025-05-22 09:00:00,3.0000,2930.7900,2067.0300
2025-05-22 10:00:00,3.0000,3726.9000,2863.1400
2025-05-22 11:00:00,3.5000,3926.4049,2918.6849
2025-05-22 12:00:00,4.0000,3012.8033,1861.1233
2025-05-22 13:00:00,3.5000,3785.1800,2777.4600
2025-05-22 14:00:00,3.0000,2134.6800,1270.9200
2025-05-22 15:00:00,3.0000,2502.3900,1638.6300
2025-05-22 16:00:00,3.0000,1828.1074,964.3474
2025-05-22 17:00:00,5.0000,2635.3442,1195.7442
2025-05-22 18:00:00,6.0000,1927.4400,199.9200
2025-05-22 19:00:00,7.0000,2019.0100,3.5700
2025-05-22 20:00:00,6.0000,1727.5200,0.0000
2025-05-22 21:00:00,5.0000,1439.6000,0.0000
2025-05-22 22:00:00,4.0000,1151.6800,0.0000
2025-05-22 23:00:00,3.0000,863.7600,0.0000
2025-05-23 00:00:00,2.0000,575.8400,0.0000
2025-05-23 01:00:00,2.0000,575.8400,0.0000
2025-05-23 02:00:00,2.0000,575.8400,0.0000
2025-05-23 03:00:00,2.0000,575.8400,0.0000
2025-05-23 04:00:00,2.0000,911.4200,335.5800
2025-05-23 05:00:00,2.0000,1439.7800,863.9400
2025-05-23 06:00:00,5.0000,2874.7400,1435.1400
2025-05-23 07:00:00,6.0000,5066.0578,3338.5378
2025-05-23 08:00:00,5.0000,7232.9531,5793.3531
2025-05-23 09:00:00,3.0000,7500.6563,6636.8963
2025-05-23 10:00:00,3.0000,7926.6217,7062.8617
2025-05-23 11:00:00,3.5000,5158.8302,4151.1102
2025-05-23 12:00:00,4.0000,5009.0364,3857.3564
2025-05-23 13:00:00,3.5000,5896.7838,4889.0638
2025-05-23 14:00:00,3.0000,4774.5172,3910.7572
2025-05-23 15:00:00,3.0000,3619.8716,2756.1116
2025-05-23 16:00:00,3.0000,5476.5534,4612.7934
2025-05-23 17:00:00,5.0000,3724.3236,2284.7236
2025-05-23 18:00:00,6.0000,1770.3600,42.8400
2025-05-23 19:00:00,7.0000,2015.4400,0.0000
2025-05-23 20:00:00,6.0000,1727.5200,0.0000
2025-05-23 21:00:00,5.0000,1439.6000,0.0000
2025-05-23 22:00:00,4.0000,1151.6800,0.0000
2025-05-23 23:00:00,3.0000,863.7600,0.0000
2025-05-24 00:00:00,2.0000,575.8400,0.0000
2025-05-24 01:00:00,2.0000,575.8400,0.0000
2025-05-24 02:00:00,2.0000,575.8400,0.0000
2025-05-24 03:00:00,2.0000,593.6900,17.8500
2025-05-24 04:00:00,2.0000,1530.8567,955.0167
2025-05-24 05:00:00,2.0000,4522.3495,3946.5095
2025-05-24 06:00:00,5.0000,5496.1739,4056.5739
2025-05-24 07:00:00,6.0000,4987.9289,3260.4089
2025-05-24 08:00:00,5.0000,6649.2633,5209.6633
2025-05-24 09:00:00,4.0000,8374.8285,7223.1485
2025-05-24 10:00:00,4.0000,7248.6729,6096.9929
2025-05-24 11:00:00,4.5000,8362.6374,7066.9974
2025-05-24 12:00:00,5.0000,9663.8353,8224.2353
2025-05-24 13:00:00,4.5000,9896.6760,8601.0360
2025-05-24 14:00:00,4.0000,9122.4588,7970.7788
2025-05-24 15:00:00,4.0000,7443.5868,6291.9068
2025-05-24 16:00:00,4.0000,5110.9569,3959.2769
2025-05-24 17:00:00,6.0000,3560.5865,1833.0665
2025-05-24 18:00:00,7.0000,2432.3770,416.9370
2025-05-24 19:00:00,7.5000,2159.4000,0.0000
2025-05-24 20:00:00,7.0000,2015.4400,0.0000
2025-05-24 21:00:00,6.0000,1727.5200,0.0000
2025-05-24 22:00:00,5.0000,1439.6000,0.0000
2025-05-24 23:00:00,4.0000,1151.6800,0.0000
2025-05-25 00:00:00,2.0000,575.8400,0.0000
2025-05-25 01:00:00,2.0000,575.8400,0.0000
2025-05-25 02:00:00,2.0000,575.8400,0.0000
2025-05-25 03:00:00,2.0000,575.8400,0.0000
2025-05-25 04:00:00,2.0000,618.6800,42.8400
2025-05-25 05:00:00,2.0000,829.3100,253.4700
2025-05-25 06:00:00,5.0000,1889.4200,449.8200
2025-05-25 07:00:00,6.0000,2495.0700,767.5500
2025-05-25 08:00:00,5.0000,3077.4825,1637.8825
2025-05-25 09:00:00,4.0000,3264.0700,2112.3900
2025-05-25 10:00:00,4.0000,3030.2986,1878.6186
2025-05-25 11:00:00,4.5000,2944.9800,1649.3400
2025-05-25 12:00:00,5.0000,2902.0554,1462.4554
2025-05-25 13:00:00,4.5000,4396.4191,3100.7791
2025-05-25 14:00:00,4.0000,4646.7100,3495.0300
2025-05-25 15:00:00,4.0000,2747.4700,1595.7900
2025-05-25 16:00:00,4.0000,1969.2100,817.5300
2025-05-25 17:00:00,6.0000,2176.7175,449.1975
2025-05-25 18:00:00,7.0000,2693.7259,678.2859
2025-05-25 19:00:00,7.5000,2166.5400,7.1400
2025-05-25 20:00:00,7.0000,2015.4400,0.0000
2025-05-25 21:00:00,6.0000,1727.5200,0.0000
2025-05-25 22:00:00,5.0000,1439.6000,0.0000
2025-05-25 23:00:00,4.0000,1151.6800,0.0000
2025-05-26 00:00:00,2.0000,575.8400,0.0000
2025-05-26 01:00:00,2.0000,575.8400,0.0000
2025-05-26 02:00:00,2.0000,575.8400,0.0000
2025-05-26 03:00:00,2.0000,575.8400,0.0000
2025-05-26 04:00:00,2.0000,768.6200,192.7800
2025-05-26 05:00:00,2.0000,1111.3400,535.5000
2025-05-26 06:00:00,5.0000,2167.8800,728.2800
2025-05-26 07:00:00,6.0000,4083.7200,2356.2000
2025-05-26 08:00:00,5.0000,4476.4343,3036.8343
2025-05-26 09:00:00,3.0000,3361.6986,2497.9386
2025-05-26 10:00:00,3.0000,4353.8248,3490.0648
2025-05-26 11:00:00,3.5000,5586.1430,4578.4230
2025-05-26 12:00:00,4.0000,3456.6441,2304.9641
2025-05-26 13:00:00,3.5000,3035.4800,2027.7600
2025-05-26 14:00:00,3.0000,3367.9750,2504.2150
2025-05-26 15:00:00,3.0000,2063.2800,1199.5200
2025-05-26 16:00:00,3.0000,4701.4711,3837.7111
2025-05-26 17:00:00,5.0000,2500.4747,1060.8747
2025-05-26 18:00:00,6.0000,2244.6858,517.1658
2025-05-26 19:00:00,7.0000,2019.0100,3.5700
2025-05-26 20:00:00,6.0000,1727.5200,0.0000
2025-05-26 21:00:00,5.0000,1439.6000,0.0000
2025-05-26 22:00:00,4.0000,1151.6800,0.0000
2025-05-26 23:00:00,3.0000,863.7600,0.0000
2025-05-27 00:00:00,2.0000,575.8400,0.0000
2025-05-27 01:00:00,2.0000,575.8400,0.0000
2025-05-27 02:00:00,2.0000,575.8400,0.0000
2025-05-27 03:00:00,2.0000,586.5500,10.7100
2025-05-27 04:00:00,2.0000,832.8800,257.0400
2025-05-27 05:00:00,2.0000,1707.5300,1131.6900
2025-05-27 06:00:00,5.0000,2906.8700,1467.2700
2025-05-27 07:00:00,6.0000,4100.5610,2373.0410
2025-05-27 08:00:00,5.0000,6314.5190,4874.9190
2025-05-27 09:00:00,3.0000,5646.1620,4782.4020
2025-05-27 10:00:00,3.0000,7043.0771,6179.3171
2025-05-27 11:00:00,3.5000,8035.0670,7027.3470
2025-05-27 12:00:00,4.0000,8837.7640,7686.0840
2025-05-27 13:00:00,3.5000,8214.6564,7206.9364
2025-05-27 14:00:00,3.0000,7300.4634,6436.7034
2025-05-27 15:00:00,3.0000,4774.0549,3910.2949
2025-05-27 16:00:00,3.0000,2791.9046,1928.1446
2025-05-27 17:00:00,5.0000,2437.1003,997.5003
2025-05-27 18:00:00,6.0000,2600.3167,872.7967
2025-05-27 19:00:00,7.0000,2019.0100,3.5700
2025-05-27 20:00:00,6.0000,1727.5200,0.0000
2025-05-27 21:00:00,5.0000,1439.6000,0.0000
2025-05-27 22:00:00,4.0000,1151.6800,0.0000
2025-05-27 23:00:00,3.0000,863.7600,0.0000
2025-05-28 00:00:00,2.0000,575.8400,0.0000
2025-05-28 01:00:00,2.0000,575.8400,0.0000
2025-05-28 02:00:00,2.0000,575.8400,0.0000
2025-05-28 03:00:00,2.0000,575.8400,0.0000
2025-05-28 04:00:00,2.0000,704.3600,128.5200
2025-05-28 05:00:00,2.0000,1614.5191,1038.6791
2025-05-28 06:00:00,5.0000,4966.5659,3526.9659
2025-05-28 07:00:00,6.0000,5863.1002,4135.5802
2025-05-28 08:00:00,5.0000,3727.9700,2288.3700
2025-05-28 09:00:00,3.0000,3670.1023,2806.3423
2025-05-28 10:00:00,3.0000,2884.3800,2020.6200
2025-05-28 11:00:00,3.5000,2744.6743,1736.9543
2025-05-28 12:00:00,4.0000,2140.5700,988.8900
2025-05-28 13:00:00,3.5000,1995.6477,987.9277
2025-05-28 14:00:00,3.0000,1620.6000,756.8400
2025-05-28 15:00:00,3.0000,2781.8784,1918.1184
2025-05-28 16:00:00,3.0000,3020.0932,2156.3332
2025-05-28 17:00:00,5.0000,2270.9153,831.3153
2025-05-28 18:00:00,6.0000,2113.0800,385.5600
2025-05-28 19:00:00,7.0000,2015.4400,0.0000
2025-05-28 20:00:00,6.0000,1727.5200,0.0000
2025-05-28 21:00:00,5.0000,1439.6000,0.0000
2025-05-28 22:00:00,4.0000,1151.6800,0.0000
2025-05-28 23:00:00,3.0000,863.7600,0.0000
2025-05-29 00:00:00,2.0000,575.8400,0.0000
2025-05-29 01:00:00,2.0000,575.8400,0.0000
2025-05-29 02:00:00,2.0000,575.8400,0.0000
2025-05-29 03:00:00,2.0000,575.8400,0.0000
2025-05-29 04:00:00,2.0000,636.5300,60.6900
2025-05-29 05:00:00,2.0000,1470.0289,894.1889
2025-05-29 06:00:00,5.0000,3547.3181,2107.7181
2025-05-29 07:00:00,6.0000,5304.4739,3576.9539
2025-05-29 08:00:00,5.0000,5592.2258,4152.6258
2025-05-29 09:00:00,3.0000,5190.0930,4326.3330
2025-05-29 10:00:00,3.0000,7175.7583,6311.9983
2025-05-29 11:00:00,3.5000,9473.6260,8465.9060
2025-05-29 12:00:00,4.0000,9086.5266,7934.8466
2025-05-29 13:00:00,3.5000,7865.6713,6857.9513
2025-05-29 14:00:00,3.0000,5417.6933,4553.9333
2025-05-29 15:00:00,3.0000,3887.5500,3023.7900
2025-05-29 16:00:00,3.0000,2763.3075,1899.5475
2025-05-29 17:00:00,5.0000,2335.6700,896.0700
2025-05-29 18:00:00,6.0000,2355.9391,628.4191
2025-05-29 19:00:00,7.0000,2026.1500,10.7100
2025-05-29 20:00:00,6.0000,1727.5200,0.0000
2025-05-29 21:00:00,5.0000,1439.6000,0.0000
2025-05-29 22:00:00,4.0000,1151.6800,0.0000
2025-05-29 23:00:00,3.0000,863.7600,0.0000
2025-05-30 00:00:00,2.0000,575.8400,0.0000
2025-05-30 01:00:00,2.0000,575.8400,0.0000
2025-05-30 02:00:00,2.0000,575.8400,0.0000
2025-05-30 03:00:00,2.0000,593.6900,17.8500
2025-05-30 04:00:00,2.0000,1262.1297,686.2897
2025-05-30 05:00:00,2.0000,4536.9499,3961.1099
2025-05-30 06:00:00,5.0000,6256.1480,4816.5480
2025-05-30 07:00:00,6.0000,8182.9788,6455.4588
2025-05-30 08:00:00,5.0000,9005.0775,7565.4775
2025-05-30 09:00:00,3.0000,8669.6290,7805.8690
2025-05-30 10:00:00,3.0000,8338.5317,7474.7717
2025-05-30 11:00:00,3.5000,8047.8311,7040.1111
2025-05-30 12:00:00,4.0000,9080.0967,7928.4167
2025-05-30 13:00:00,3.5000,9155.5786,8147.8586
2025-05-30 14:00:00,3.0000,8646.9609,7783.2009
2025-05-30 15:00:00,3.0000,7399.1219,6535.3619
2025-05-30 16:00:00,3.0000,6377.0349,5513.2749
2025-05-30 17:00:00,5.0000,6254.1957,4814.5957
2025-05-30 18:00:00,6.0000,3162.9169,1435.3969
2025-05-30 19:00:00,7.0000,2033.2900,17.8500
2025-05-30 20:00:00,6.0000,1727.5200,0.0000
2025-05-30 21:00:00,5.0000,1439.6000,0.0000
2025-05-30 22:00:00,4.0000,1151.6800,0.0000
2025-05-30 23:00:00,3.0000,863.7600,0.0000
2025-05-31 00:00:00,2.0000,575.8400,0.0000
2025-05-31 01:00:00,2.0000,575.8400,0.0000
2025-05-31 02:00:00,2.0000,575.8400,0.0000
2025-05-31 03:00:00,2.0000,604.4000,28.5600
2025-05-31 04:00:00,2.0000,1605.4652,1029.6252
2025-05-31 05:00:00,2.0000,4958.3429,4382.5029
2025-05-31 06:00:00,5.0000,6436.6543,4997.0543
2025-05-31 07:00:00,6.0000,8254.2330,6526.7130
2025-05-31 08:00:00,5.0000,8868.8427,7429.2427
2025-05-31 09:00:00,4.0000,9009.6360,7857.9560
2025-05-31 10:00:00,4.0000,8629.1790,7477.4990
2025-05-31 11:00:00,4.5000,8328.1038,7032.4638
2025-05-31 12:00:00,5.0000,9582.7651,8143.1651
2025-05-31 13:00:00,4.5000,9048.3643,7752.7243
2025-05-31 14:00:00,4.0000,8415.2006,7263.5206
2025-05-31 15:00:00,4.0000,7685.5188,6533.8388
2025-05-31 16:00:00,4.0000,5258.9151,4107.2351
2025-05-31 17:00:00,6.0000,3650.8704,1923.3504
2025-05-31 18:00:00,7.0000,2240.3500,224.9100
2025-05-31 19:00:00,7.5000,2159.4000,0.0000
2025-05-31 20:00:00,7.0000,2015.4400,0.0000
2025-05-31 21:00:00,6.0000,1727.5200,0.0000
2025-05-31 22:00:00,5.0000,1439.6000,0.0000
2025-05-31 23:00:00,4.0000,1151.6800,0.0000
2025-06-01 00:00:00,2.0000,575.8400,0.0000
2025-06-01 01:00:00,2.0000,575.8400,0.0000
2025-06-01 02:00:00,2.0000,575.8400,0.0000
2025-06-01 03:00:00,2.0000,579.4100,3.5700
2025-06-01 04:00:00,2.0000,682.9400,107.1000
2025-06-01 05:00:00,2.0000,1222.0100,646.1700
2025-06-01 06:00:00,5.0000,3809.0578,2369.4578
2025-06-01 07:00:00,6.0000,3760.2939,2032.7739
2025-06-01 08:00:00,5.0000,3121.0700,1681.4700
2025-06-01 09:00:00,4.0000,5092.6915,3941.0115
2025-06-01 10:00:00,4.0000,8490.1052,7338.4252
2025-06-01 11:00:00,4.5000,8934.4668,7638.8268
2025-06-01 12:00:00,5.0000,9421.3094,7981.7094
2025-06-01 13:00:00,4.5000,8686.3816,7390.7416
2025-06-01 14:00:00,4.0000,8283.5187,7131.8387
2025-06-01 15:00:00,4.0000,6562.5906,5410.9106
2025-06-01 16:00:00,4.0000,5028.9840,3877.3040
2025-06-01 17:00:00,6.0000,5142.9068,3415.3868
2025-06-01 18:00:00,7.0000,2508.9893,493.5493
2025-06-01 19:00:00,7.5000,2162.9700,3.5700
2025-06-01 20:00:00,7.0000,2015.4400,0.0000
2025-06-01 21:00:00,6.0000,1727.5200,0.0000
2025-06-01 22:00:00,5.0000,1439.6000,0.0000
2025-06-01 23:00:00,4.0000,1151.6800,0.0000
2025-06-02 00:00:00,2.0000,575.8400,0.0000
2025-06-02 01:00:00,2.0000,575.8400,0.0000
2025-06-02 02:00:00,2.0000,575.8400,0.0000
2025-06-02 03:00:00,2.0000,611.5400,35.7000
2025-06-02 04:00:00,2.0000,757.0921,181.2521
2025-06-02 05:00:00,2.0000,2131.3054,1555.4654
2025-06-02 06:00:00,5.0000,3880.2527,2440.6527
2025-06-02 07:00:00,6.0000,5010.1633,3282.6433
2025-06-02 08:00:00,5.0000,2849.7500,1410.1500
2025-06-02 09:00:00,3.0000,4086.5318,3222.7718
2025-06-02 10:00:00,3.0000,3316.3500,2452.5900
2025-06-02 11:00:00,3.5000,6019.1820,5011.4620
2025-06-02 12:00:00,4.0000,6938.5178,5786.8378
2025-06-02 13:00:00,3.5000,4839.8658,3832.1458
2025-06-02 14:00:00,3.0000,3155.7000,2291.9400
2025-06-02 15:00:00,3.0000,1799.1000,935.3400
2025-06-02 16:00:00,3.0000,1313.5800,449.8200
2025-06-02 17:00:00,5.0000,1757.3300,317.7300
2025-06-02 18:00:00,6.0000,1888.1700,160.6500
2025-06-02 19:00:00,7.0000,2015.4400,0.0000
2025-06-02 20:00:00,6.0000,1727.5200,0.0000
2025-06-02 21:00:00,5.0000,1439.6000,0.0000
2025-06-02 22:00:00,4.0000,1151.6800,0.0000
2025-06-02 23:00:00,3.0000,863.7600,0.0000
2025-06-03 00:00:00,2.0000,575.8400,0.0000
2025-06-03 01:00:00,2.0000,575.8400,0.0000
2025-06-03 02:00:00,2.0000,575.8400,0.0000
2025-06-03 03:00:00,2.0000,579.4100,3.5700
2025-06-03 04:00:00,2.0000,765.0500,189.2100
2025-06-03 05:00:00,2.0000,1753.9400,1178.1000
2025-06-03 06:00:00,5.0000,3621.9994,2182.3994
2025-06-03 07:00:00,6.0000,5200.9170,3473.3970
2025-06-03 08:00:00,5.0000,7061.5260,5621.9260
2025-06-03 09:00:00,3.0000,8153.8691,7290.1091
2025-06-03 10:00:00,3.0000,8168.5012,7304.7412
2025-06-03 11:00:00,3.5000,8917.9123,7910.1923
2025-06-03 12:00:00,4.0000,8783.6825,7632.0025
2025-06-03 13:00:00,3.5000,9210.1866,8202.4666
2025-06-03 14:00:00,3.0000,7875.6835,7011.9235
2025-06-03 15:00:00,3.0000,4969.0908,4105.3308
2025-06-03 16:00:00,3.0000,1726.5997,862.8397
2025-06-03 17:00:00,5.0000,3302.6989,1863.0989
2025-06-03 18:00:00,6.0000,2245.4117,517.8917
2025-06-03 19:00:00,7.0000,2015.4400,0.0000
2025-06-03 20:00:00,6.0000,1727.5200,0.0000
2025-06-03 21:00:00,5.0000,1439.6000,0.0000
2025-06-03 22:00:00,4.0000,1151.6800,0.0000
2025-06-03 23:00:00,3.0000,863.7600,0.0000
2025-06-04 00:00:00,2.0000,575.8400,0.0000
2025-06-04 01:00:00,2.0000,575.8400,0.0000
2025-06-04 02:00:00,2.0000,575.8400,0.0000
2025-06-04 03:00:00,2.0000,615.1100,39.2700
2025-06-04 04:00:00,2.0000,1935.4884,1359.6484
2025-06-04 05:00:00,2.0000,2931.4429,2355.6029
2025-06-04 06:00:00,5.0000,4677.6789,3238.0789
2025-06-04 07:00:00,6.0000,4751.7215,3024.2015
2025-06-04 08:00:00,5.0000,7299.3431,5859.7431
2025-06-04 09:00:00,3.0000,5339.7110,4475.9510
2025-06-04 10:00:00,3.0000,5355.7745,4492.0145
2025-06-04 11:00:00,3.5000,7945.0256,6937.3056
2025-06-04 12:00:00,4.0000,8493.5800,7341.9000
2025-06-04 13:00:00,3.5000,8394.6363,7386.9163
2025-06-04 14:00:00,3.0000,2565.8825,1702.1225
2025-06-04 15:00:00,3.0000,1552.7700,689.0100
2025-06-04 16:00:00,3.0000,1224.5396,360.7796
2025-06-04 17:00:00,5.0000,2649.2041,1209.6041
2025-06-04 18:00:00,6.0000,3025.6966,1298.1766
2025-06-04 19:00:00,7.0000,2019.0100,3.5700
2025-06-04 20:00:00,6.0000,1727.5200,0.0000
2025-06-04 21:00:00,5.0000,1439.6000,0.0000
2025-06-04 22:00:00,4.0000,1151.6800,0.0000
2025-06-04 23:00:00,3.0000,863.7600,0.0000
2025-06-05 00:00:00,2.0000,575.8400,0.0000
2025-06-05 01:00:00,2.0000,575.8400,0.0000
2025-06-05 02:00:00,2.0000,575.8400,0.0000
2025-06-05 03:00:00,2.0000,575.8400,0.0000
2025-06-05 04:00:00,2.0000,711.5000,135.6600
2025-06-05 05:00:00,2.0000,993.5300,417.6900
2025-06-05 06:00:00,5.0000,2271.4100,831.8100
2025-06-05 07:00:00,6.0000,4347.9000,2620.3800
2025-06-05 08:00:00,5.0000,3574.4600,2134.8600
2025-06-05 09:00:00,3.0000,2966.4900,2102.7300
2025-06-05 10:00:00,3.0000,4441.3399,3577.5799
2025-06-05 11:00:00,3.5000,5473.9621,4466.2421
2025-06-05 12:00:00,4.0000,8166.1175,7014.4375
2025-06-05 13:00:00,3.5000,6151.0240,5143.3040
2025-06-05 14:00:00,3.0000,3993.8721,3130.1121
2025-06-05 15:00:00,3.0000,1649.1600,785.4000
2025-06-05 16:00:00,3.0000,2686.4112,1822.6512
2025-06-05 17:00:00,5.0000,1950.1100,510.5100
2025-06-05 18:00:00,6.0000,2015.8720,288.3520
2025-06-05 19:00:00,7.0000,2015.4400,0.0000
2025-06-05 20:00:00,6.0000,1727.5200,0.0000
2025-06-05 21:00:00,5.0000,1439.6000,0.0000
2025-06-05 22:00:00,4.0000,1151.6800,0.0000
2025-06-05 23:00:00,3.0000,863.7600,0.0000
2025-06-06 00:00:00,2.0000,575.8400,0.0000
2025-06-06 01:00:00,2.0000,575.8400,0.0000
2025-06-06 02:00:00,2.0000,575.8400,0.0000
2025-06-06 03:00:00,2.0000,582.9800,7.1400
2025-06-06 04:00:00,2.0000,1162.7796,586.9396
2025-06-06 05:00:00,2.0000,2104.2553,1528.4153
2025-06-06 06:00:00,5.0000,4734.0204,3294.4204
2025-06-06 07:00:00,6.0000,5308.6759,3581.1559
2025-06-06 08:00:00,5.0000,5835.8344,4396.2344
2025-06-06 09:00:00,3.0000,8517.4134,7653.6534
2025-06-06 10:00:00,3.0000,8015.6527,7151.8927
2025-06-06 11:00:00,3.5000,8404.8416,7397.1216
2025-06-06 12:00:00,4.0000,9138.0750,7986.3950
2025-06-06 13:00:00,3.5000,9314.1846,8306.4646
2025-06-06 14:00:00,3.0000,4454.5274,3590.7674
2025-06-06 15:00:00,3.0000,7497.3383,6633.5783
2025-06-06 16:00:00,3.0000,6232.5742,5368.8142
2025-06-06 17:00:00,5.0000,5338.8529,3899.2529
2025-06-06 18:00:00,6.0000,3308.6320,1581.1120
2025-06-06 19:00:00,7.0000,2022.5800,7.1400
2025-06-06 20:00:00,6.0000,1727.5200,0.0000
2025-06-06 21:00:00,5.0000,1439.6000,0.0000
2025-06-06 22:00:00,4.0000,1151.6800,0.0000
2025-06-06 23:00:00,3.0000,863.7600,0.0000
2025-06-07 00:00:00,2.0000,575.8400,0.0000
2025-06-07 01:00:00,2.0000,575.8400,0.0000
2025-06-07 02:00:00,2.0000,575.8400,0.0000
2025-06-07 03:00:00,2.0000,575.8400,0.0000
2025-06-07 04:00:00,2.0000,643.6700,67.8300
2025-06-07 05:00:00,2.0000,1000.6700,424.8300
2025-06-07 06:00:00,5.0000,2249.9900,810.3900
2025-06-07 07:00:00,6.0000,2702.1300,974.6100
2025-06-07 08:00:00,5.0000,3235.3100,1795.7100
2025-06-07 09:00:00,4.0000,4298.1005,3146.4205
2025-06-07 10:00:00,4.0000,6015.1411,4863.4611
2025-06-07 11:00:00,4.5000,8165.8406,6870.2006
2025-06-07 12:00:00,5.0000,9223.8005,7784.2005
2025-06-07 13:00:00,4.5000,2841.4500,1545.8100
2025-06-07 14:00:00,4.0000,1714.9432,563.2632
2025-06-07 15:00:00,4.0000,2301.2200,1149.5400
2025-06-07 16:00:00,4.0000,2062.0300,910.3500
2025-06-07 17:00:00,6.0000,2098.8000,371.2800
2025-06-07 18:00:00,7.0000,2147.5300,132.0900
2025-06-07 19:00:00,7.5000,2159.4000,0.0000
2025-06-07 20:00:00,7.0000,2015.4400,0.0000
2025-06-07 21:00:00,6.0000,1727.5200,0.0000
2025-06-07 22:00:00,5.0000,1439.6000,0.0000
2025-06-07 23:00:00,4.0000,1151.6800,0.0000
2025-06-08 00:00:00,2.0000,575.8400,0.0000
2025-06-08 01:00:00,2.0000,575.8400,0.0000
2025-06-08 02:00:00,2.0000,575.8400,0.0000
2025-06-08 03:00:00,2.0000,575.8400,0.0000
2025-06-08 04:00:00,2.0000,657.9500,82.1100
2025-06-08 05:00:00,2.0000,872.1500,296.3100
2025-06-08 06:00:00,5.0000,2324.9600,885.3600
2025-06-08 07:00:00,6.0000,3824.6718,2097.1518
2025-06-08 08:00:00,5.0000,5877.0353,4437.4353
2025-06-08 09:00:00,4.0000,6296.3638,5144.6838
2025-06-08 10:00:00,4.0000,6995.2986,5843.6186
2025-06-08 11:00:00,4.5000,8707.8783,7412.2383
2025-06-08 12:00:00,5.0000,6994.4877,5554.8877
2025-06-08 13:00:00,4.5000,4111.8046,2816.1646
2025-06-08 14:00:00,4.0000,2707.7433,1556.0633
2025-06-08 15:00:00,4.0000,4773.6736,3621.9936
2025-06-08 16:00:00,4.0000,4913.9406,3762.2606
2025-06-08 17:00:00,6.0000,4450.7579,2723.2379
2025-06-08 18:00:00,7.0000,2383.1500,367.7100
2025-06-08 19:00:00,7.5000,2195.1000,35.7000
2025-06-08 20:00:00,7.0000,2015.4400,0.0000
2025-06-08 21:00:00,6.0000,1727.5200,0.0000
2025-06-08 22:00:00,5.0000,1439.6000,0.0000
2025-06-08 23:00:00,4.0000,1151.6800,0.0000
2025-06-09 00:00:00,2.0000,575.8400,0.0000
2025-06-09 01:00:00,2.0000,575.8400,0.0000
2025-06-09 02:00:00,2.0000,575.8400,0.0000
2025-06-09 03:00:00,2.0000,625.8200,49.9800
2025-06-09 04:00:00,2.0000,1378.1145,802.2745
2025-06-09 05:00:00,2.0000,2676.0590,2100.2190
2025-06-09 06:00:00,5.0000,5767.2741,4327.6741
2025-06-09 07:00:00,6.0000,7716.9886,5989.4686
2025-06-09 08:00:00,5.0000,8583.3386,7143.7386
2025-06-09 09:00:00,3.0000,8608.7628,7745.0028
2025-06-09 10:00:00,3.0000,7890.1187,7026.3587
2025-06-09 11:00:00,3.5000,8078.1451,7070.4251
2025-06-09 12:00:00,4.0000,8495.2411,7343.5611
2025-06-09 13:00:00,3.5000,9053.1459,8045.4259
2025-06-09 14:00:00,3.0000,8302.7227,7438.9627
2025-06-09 15:00:00,3.0000,6957.5955,6093.8355
2025-06-09 16:00:00,3.0000,5474.7106,4610.9506
2025-06-09 17:00:00,5.0000,4528.8678,3089.2678
2025-06-09 18:00:00,6.0000,2687.0113,959.4913
2025-06-09 19:00:00,7.0000,2047.5700,32.1300
2025-06-09 20:00:00,6.0000,1727.5200,0.0000
2025-06-09 21:00:00,5.0000,1439.6000,0.0000
2025-06-09 22:00:00,4.0000,1151.6800,0.0000
2025-06-09 23:00:00,3.0000,863.7600,0.0000
2025-06-10 00:00:00,2.0000,575.8400,0.0000
2025-06-10 01:00:00,2.0000,575.8400,0.0000
2025-06-10 02:00:00,2.0000,575.8400,0.0000
2025-06-10 03:00:00,2.0000,625.8200,49.9800
2025-06-10 04:00:00,2.0000,1666.4954,1090.6554
2025-06-10 05:00:00,2.0000,3827.9402,3252.1002
2025-06-10 06:00:00,5.0000,5835.5784,4395.9784
2025-06-10 07:00:00,6.0000,7656.0233,5928.5033
2025-06-10 08:00:00,5.0000,8653.7984,7214.1984
2025-06-10 09:00:00,3.0000,8658.5093,7794.7493
2025-06-10 10:00:00,3.0000,8714.2112,7850.4512
2025-06-10 11:00:00,3.5000,8300.5599,7292.8399
2025-06-10 12:00:00,4.0000,9165.8248,8014.1448
2025-06-10 13:00:00,3.5000,8452.5779,7444.8579
2025-06-10 14:00:00,3.0000,6862.7276,5998.9676
2025-06-10 15:00:00,3.0000,5975.8073,5112.0473
2025-06-10 16:00:00,3.0000,4038.3366,3174.5766
2025-06-10 17:00:00,5.0000,3308.7473,1869.1473
2025-06-10 18:00:00,6.0000,2320.1400,592.6200
2025-06-10 19:00:00,7.0000,2036.8600,21.4200
2025-06-10 20:00:00,6.0000,1727.5200,0.0000
2025-06-10 21:00:00,5.0000,1439.6000,0.0000
2025-06-10 22:00:00,4.0000,1151.6800,0.0000
2025-06-10 23:00:00,3.0000,863.7600,0.0000
2025-06-11 00:00:00,2.0000,575.8400,0.0000
2025-06-11 01:00:00,2.0000,575.8400,0.0000
2025-06-11 02:00:00,2.0000,575.8400,0.0000
2025-06-11 03:00:00,2.0000,625.8200,49.9800
2025-06-11 04:00:00,2.0000,1717.3867,1141.5467
2025-06-11 05:00:00,2.0000,4185.0792,3609.2392
2025-06-11 06:00:00,5.0000,6181.6593,4742.0593
2025-06-11 07:00:00,6.0000,7911.0730,6183.5530
2025-06-11 08:00:00,5.0000,8782.7319,7343.1319
2025-06-11 09:00:00,3.0000,8066.2156,7202.4556
2025-06-11 10:00:00,3.0000,8371.2877,7507.5277
2025-06-11 11:00:00,3.5000,8018.6758,7010.9558
2025-06-11 12:00:00,4.0000,9035.2027,7883.5227
2025-06-11 13:00:00,3.5000,8988.2707,7980.5507
2025-06-11 14:00:00,3.0000,8164.0668,7300.3068
2025-06-11 15:00:00,3.0000,6988.4943,6124.7343
2025-06-11 16:00:00,3.0000,5872.5365,5008.7765
2025-06-11 17:00:00,5.0000,5366.0010,3926.4010
2025-06-11 18:00:00,6.0000,3165.0558,1437.5358
2025-06-11 19:00:00,7.0000,2058.2800,42.8400
2025-06-11 20:00:00,6.0000,1727.5200,0.0000
2025-06-11 21:00:00,5.0000,1439.6000,0.0000
2025-06-11 22:00:00,4.0000,1151.6800,0.0000
2025-06-11 23:00:00,3.0000,863.7600,0.0000
2025-06-12 00:00:00,2.0000,575.8400,0.0000
2025-06-12 01:00:00,2.0000,575.8400,0.0000
2025-06-12 02:00:00,2.0000,575.8400,0.0000
2025-06-12 03:00:00,2.0000,640.1000,64.2600
2025-06-12 04:00:00,2.0000,1750.6043,1174.7643
2025-06-12 05:00:00,2.0000,4008.5037,3432.6637
2025-06-12 06:00:00,5.0000,6017.6106,4578.0106
2025-06-12 07:00:00,6.0000,7786.6147,6059.0947
2025-06-12 08:00:00,5.0000,8551.7469,7112.1469
2025-06-12 09:00:00,3.0000,8443.3687,7579.6087
2025-06-12 10:00:00,3.0000,8243.4783,7379.7183
2025-06-12 11:00:00,3.5000,7998.9484,6991.2284
2025-06-12 12:00:00,4.0000,8966.2842,7814.6042
2025-06-12 13:00:00,3.5000,8968.9717,7961.2517
2025-06-12 14:00:00,3.0000,8156.0557,7292.2957
2025-06-12 15:00:00,3.0000,6970.2154,6106.4554
2025-06-12 16:00:00,3.0000,5945.1910,5081.4310
2025-06-12 17:00:00,5.0000,5667.3454,4227.7454
2025-06-12 18:00:00,6.0000,3097.7321,1370.2121
2025-06-12 19:00:00,7.0000,2054.7100,39.2700
2025-06-12 20:00:00,6.0000,1727.5200,0.0000
2025-06-12 21:00:00,5.0000,1439.6000,0.0000
2025-06-12 22:00:00,4.0000,1151.6800,0.0000
2025-06-12 23:00:00,3.0000,863.7600,0.0000
2025-06-13 00:00:00,2.0000,575.8400,0.0000
2025-06-13 01:00:00,2.0000,575.8400,0.0000
2025-06-13 02:00:00,2.0000,575.8400,0.0000
2025-06-13 03:00:00,2.0000,632.9600,57.1200
2025-06-13 04:00:00,2.0000,1841.9365,1266.0965
2025-06-13 05:00:00,2.0000,4355.8817,3780.0417
2025-06-13 06:00:00,5.0000,6236.9706,4797.3706
2025-06-13 07:00:00,6.0000,7896.0007,6168.4807
2025-06-13 08:00:00,5.0000,8656.0663,7216.4663
2025-06-13 09:00:00,3.0000,8474.2589,7610.4989
2025-06-13 10:00:00,3.0000,8251.9248,7388.1648
2025-06-13 11:00:00,3.5000,7977.0534,6969.3334
2025-06-13 12:00:00,4.0000,8936.9832,7785.3032
2025-06-13 13:00:00,3.5000,8895.7051,7887.9851
2025-06-13 14:00:00,3.0000,8151.9769,7288.2169
2025-06-13 15:00:00,3.0000,6935.8935,6072.1335
2025-06-13 16:00:00,3.0000,5842.6025,4978.8425
2025-06-13 17:00:00,5.0000,5399.0364,3959.4364
2025-06-13 18:00:00,6.0000,3182.8365,1455.3165
2025-06-13 19:00:00,7.0000,2068.9900,53.5500
2025-06-13 20:00:00,6.0000,1727.5200,0.0000
2025-06-13 21:00:00,5.0000,1439.6000,0.0000
2025-06-13 22:00:00,4.0000,1151.6800,0.0000
2025-06-13 23:00:00,3.0000,863.7600,0.0000
2025-06-14 00:00:00,2.0000,575.8400,0.0000
2025-06-14 01:00:00,2.0000,575.8400,0.0000
2025-06-14 02:00:00,2.0000,575.8400,0.0000
2025-06-14 03:00:00,2.0000,615.1100,39.2700
2025-06-14 04:00:00,2.0000,1471.7486,895.9086
2025-06-14 05:00:00,2.0000,3033.6068,2457.7668
2025-06-14 06:00:00,5.0000,5060.3839,3620.7839
2025-06-14 07:00:00,6.0000,7634.9865,5907.4665
2025-06-14 08:00:00,5.0000,8436.1373,6996.5373
2025-06-14 09:00:00,4.0000,8410.4317,7258.7517
2025-06-14 10:00:00,4.0000,8491.5881,7339.9081
2025-06-14 11:00:00,4.5000,8337.7142,7042.0742
2025-06-14 12:00:00,5.0000,9215.9182,7776.3182
2025-06-14 13:00:00,4.5000,9123.7748,7828.1348
2025-06-14 14:00:00,4.0000,8224.7080,7073.0280
2025-06-14 15:00:00,4.0000,7204.7357,6053.0557
2025-06-14 16:00:00,4.0000,3206.5674,2054.8874
2025-06-14 17:00:00,6.0000,5314.1942,3586.6742
2025-06-14 18:00:00,7.0000,3060.6498,1045.2098
2025-06-14 19:00:00,7.5000,2184.3900,24.9900
2025-06-14 20:00:00,7.0000,2015.4400,0.0000
2025-06-14 21:00:00,6.0000,1727.5200,0.0000
2025-06-14 22:00:00,5.0000,1439.6000,0.0000
2025-06-14 23:00:00,4.0000,1151.6800,0.0000
2025-06-15 00:00:00,2.0000,575.8400,0.0000
2025-06-15 01:00:00,2.0000,575.8400,0.0000
2025-06-15 02:00:00,2.0000,575.8400,0.0000
2025-06-15 03:00:00,2.0000,632.9600,57.1200
2025-06-15 04:00:00,2.0000,1767.9986,1192.1586
2025-06-15 05:00:00,2.0000,4225.0713,3649.2313
2025-06-15 06:00:00,5.0000,5070.0122,3630.4122
2025-06-15 07:00:00,6.0000,6923.0751,5195.5551
2025-06-15 08:00:00,5.0000,8450.5678,7010.9678
2025-06-15 09:00:00,4.0000,8086.8551,6935.1751
2025-06-15 10:00:00,4.0000,8822.3169,7670.6369
2025-06-15 11:00:00,4.5000,6450.9675,5155.3275
2025-06-15 12:00:00,5.0000,4146.1582,2706.5582
2025-06-15 13:00:00,4.5000,6871.6968,5576.0568
2025-06-15 14:00:00,4.0000,8381.8112,7230.1312
2025-06-15 15:00:00,4.0000,6989.5162,5837.8362
2025-06-15 16:00:00,4.0000,3411.3791,2259.6991
2025-06-15 17:00:00,6.0000,2105.9400,378.4200
2025-06-15 18:00:00,7.0000,2015.4400,0.0000
2025-06-15 19:00:00,7.5000,2159.4000,0.0000
2025-06-15 20:00:00,7.0000,2015.4400,0.0000
2025-06-15 21:00:00,6.0000,1727.5200,0.0000
2025-06-15 22:00:00,5.0000,1439.6000,0.0000
2025-06-15 23:00:00,4.0000,1151.6800,0.0000
2025-06-16 00:00:00,2.0000,575.8400,0.0000
2025-06-16 01:00:00,2.0000,575.8400,0.0000
2025-06-16 02:00:00,2.0000,575.8400,0.0000
2025-06-16 03:00:00,2.0000,586.5500,10.7100
2025-06-16 04:00:00,2.0000,761.4800,185.6400
2025-06-16 05:00:00,2.0000,1136.3300,560.4900
2025-06-16 06:00:00,5.0000,2914.0100,1474.4100
2025-06-16 07:00:00,6.0000,5487.6782,3760.1582
2025-06-16 08:00:00,5.0000,3730.6176,2291.0176
2025-06-16 09:00:00,3.0000,5916.5256,5052.7656
2025-06-16 10:00:00,3.0000,7205.4607,6341.7007
2025-06-16 11:00:00,3.5000,6214.7919,5207.0719
2025-06-16 12:00:00,4.0000,8098.3529,6946.6729
2025-06-16 13:00:00,3.5000,7329.7924,6322.0724
2025-06-16 14:00:00,3.0000,8716.5197,7852.7597
2025-06-16 15:00:00,3.0000,3104.6561,2240.8961
2025-06-16 16:00:00,3.0000,3777.7832,2914.0232
2025-06-16 17:00:00,5.0000,3535.4523,2095.8523
2025-06-16 18:00:00,6.0000,2892.7856,1165.2656
2025-06-16 19:00:00,7.0000,2072.5600,57.1200
2025-06-16 20:00:00,6.0000,1727.5200,0.0000
2025-06-16 21:00:00,5.0000,1439.6000,0.0000
2025-06-16 22:00:00,4.0000,1151.6800,0.0000
2025-06-16 23:00:00,3.0000,863.7600,0.0000
2025-06-17 00:00:00,2.0000,575.8400,0.0000
2025-06-17 01:00:00,2.0000,575.8400,0.0000
2025-06-17 02:00:00,2.0000,575.8400,0.0000
2025-06-17 03:00:00,2.0000,640.1000,64.2600
2025-06-17 04:00:00,2.0000,1570.5464,994.7064
2025-06-17 05:00:00,2.0000,4129.3932,3553.5532
2025-06-17 06:00:00,5.0000,6325.6030,4886.0030
2025-06-17 07:00:00,6.0000,8089.4283,6361.9083
2025-06-17 08:00:00,5.0000,8823.2199,7383.6199
2025-06-17 09:00:00,3.0000,8499.1474,7635.3874
2025-06-17 10:00:00,3.0000,8098.8058,7235.0458
2025-06-17 11:00:00,3.5000,7928.6558,6920.9358
2025-06-17 12:00:00,4.0000,8960.4759,7808.7959
2025-06-17 13:00:00,3.5000,8992.5993,7984.8793
2025-06-17 14:00:00,3.0000,8319.4463,7455.6863
2025-06-17 15:00:00,3.0000,7057.1132,6193.3532
2025-06-17 16:00:00,3.0000,6040.4853,5176.7253
2025-06-17 17:00:00,5.0000,5674.3819,4234.7819
2025-06-17 18:00:00,6.0000,3230.2434,1502.7234
2025-06-17 19:00:00,7.0000,2079.7000,64.2600
2025-06-17 20:00:00,6.0000,1727.5200,0.0000
2025-06-17 21:00:00,5.0000,1439.6000,0.0000
2025-06-17 22:00:00,4.0000,1151.6800,0.0000
2025-06-17 23:00:00,3.0000,863.7600,0.0000
2025-06-18 00:00:00,2.0000,575.8400,0.0000
2025-06-18 01:00:00,2.0000,575.8400,0.0000
2025-06-18 02:00:00,2.0000,575.8400,0.0000
2025-06-18 03:00:00,2.0000,636.5300,60.6900
2025-06-18 04:00:00,2.0000,1817.6817,1241.8417
2025-06-18 05:00:00,2.0000,4380.9466,3805.1066
2025-06-18 06:00:00,5.0000,6021.0446,4581.4446
2025-06-18 07:00:00,6.0000,7891.7715,6164.2515
2025-06-18 08:00:00,5.0000,8156.2757,6716.6757
2025-06-18 09:00:00,3.0000,8576.0489,7712.2889
2025-06-18 10:00:00,3.0000,8254.8208,7391.0608
2025-06-18 11:00:00,3.5000,7822.6244,6814.9044
2025-06-18 12:00:00,4.0000,8863.1313,7711.4513
2025-06-18 13:00:00,3.5000,8995.2644,7987.5444
2025-06-18 14:00:00,3.0000,8243.8547,7380.0947
2025-06-18 15:00:00,3.0000,7090.6815,6226.9215
2025-06-18 16:00:00,3.0000,6142.4459,5278.6859
2025-06-18 17:00:00,5.0000,5885.2793,4445.6793
2025-06-18 18:00:00,6.0000,3570.8204,1843.3004
2025-06-18 19:00:00,7.0000,2098.1450,82.7050
2025-06-18 20:00:00,6.0000,1727.5200,0.0000
2025-06-18 21:00:00,5.0000,1439.6000,0.0000
2025-06-18 22:00:00,4.0000,1151.6800,0.0000
2025-06-18 23:00:00,3.0000,863.7600,0.0000
2025-06-19 00:00:00,2.0000,575.8400,0.0000
2025-06-19 01:00:00,2.0000,575.8400,0.0000
2025-06-19 02:00:00,2.0000,575.8400,0.0000
2025-06-19 03:00:00,2.0000,629.3900,53.5500
2025-06-19 04:00:00,2.0000,1736.7036,1160.8636
2025-06-19 05:00:00,2.0000,4478.4810,3902.6410
2025-06-19 06:00:00,5.0000,6270.3542,4830.7542
2025-06-19 07:00:00,6.0000,7889.4735,6161.9535
2025-06-19 08:00:00,5.0000,8579.7096,7140.1096
2025-06-19 09:00:00,3.0000,8460.1379,7596.3779
2025-06-19 10:00:00,3.0000,8222.0134,7358.2534
2025-06-19 11:00:00,3.5000,7811.0196,6803.2996
2025-06-19 12:00:00,4.0000,8856.9331,7705.2531
2025-06-19 13:00:00,3.5000,8883.5187,7875.7987
2025-06-19 14:00:00,3.0000,8207.9536,7344.1936
2025-06-19 15:00:00,3.0000,7036.0153,6172.2553
2025-06-19 16:00:00,3.0000,6023.0022,5159.2422
2025-06-19 17:00:00,5.0000,5751.6316,4312.0316
2025-06-19 18:00:00,6.0000,3436.3948,1708.8748
2025-06-19 19:00:00,7.0000,2068.9900,53.5500
2025-06-19 20:00:00,6.0000,1727.5200,0.0000
2025-06-19 21:00:00,5.0000,1439.6000,0.0000
2025-06-19 22:00:00,4.0000,1151.6800,0.0000
2025-06-19 23:00:00,3.0000,863.7600,0.0000
2025-06-20 00:00:00,2.0000,575.8400,0.0000
2025-06-20 01:00:00,2.0000,575.8400,0.0000
2025-06-20 02:00:00,2.0000,575.8400,0.0000
2025-06-20 03:00:00,2.0000,622.2500,46.4100
2025-06-20 04:00:00,2.0000,1743.8810,1168.0410
2025-06-20 05:00:00,2.0000,4418.6307,3842.7907
2025-06-20 06:00:00,5.0000,6192.5799,4752.9799
2025-06-20 07:00:00,6.0000,7817.9412,6090.4212
2025-06-20 08:00:00,5.0000,8551.6802,7112.0802
2025-06-20 09:00:00,3.0000,8457.1667,7593.4067
2025-06-20 10:00:00,3.0000,8219.3335,7355.5735
2025-06-20 11:00:00,3.5000,7897.8509,6890.1309
2025-06-20 12:00:00,4.0000,8960.7929,7809.1129
2025-06-20 13:00:00,3.5000,8975.2979,7967.5779
2025-06-20 14:00:00,3.0000,8272.9455,7409.1855
2025-06-20 15:00:00,3.0000,7113.6574,6249.8974
2025-06-20 16:00:00,3.0000,6014.7617,5151.0017
2025-06-20 17:00:00,5.0000,5631.6075,4192.0075
2025-06-20 18:00:00,6.0000,3461.9567,1734.4367
2025-06-20 19:00:00,7.0000,2065.4200,49.9800
2025-06-20 20:00:00,6.0000,1727.5200,0.0000
2025-06-20 21:00:00,5.0000,1439.6000,0.0000
2025-06-20 22:00:00,4.0000,1151.6800,0.0000
2025-06-20 23:00:00,3.0000,863.7600,0.0000
2025-06-21 00:00:00,2.0000,575.8400,0.0000
2025-06-21 01:00:00,2.0000,575.8400,0.0000
2025-06-21 02:00:00,2.0000,575.8400,0.0000
2025-06-21 03:00:00,2.0000,629.3900,53.5500
2025-06-21 04:00:00,2.0000,1938.2199,1362.3799
2025-06-21 05:00:00,2.0000,4645.5167,4069.6767
2025-06-21 06:00:00,5.0000,6503.8041,5064.2041
2025-06-21 07:00:00,6.0000,7782.5453,6055.0253
2025-06-21 08:00:00,5.0000,8209.8308,6770.2308
2025-06-21 09:00:00,4.0000,8819.5501,7667.8701
2025-06-21 10:00:00,4.0000,8333.4437,7181.7637
2025-06-21 11:00:00,4.5000,8205.9604,6910.3204
2025-06-21 12:00:00,5.0000,9276.0302,7836.4302
2025-06-21 13:00:00,4.5000,9284.4772,7988.8372
2025-06-21 14:00:00,4.0000,8658.2150,7506.5350
2025-06-21 15:00:00,4.0000,7217.4677,6065.7877
2025-06-21 16:00:00,4.0000,6009.5176,4857.8376
2025-06-21 17:00:00,6.0000,6192.5513,4465.0313
2025-06-21 18:00:00,7.0000,4180.9511,2165.5111
2025-06-21 19:00:00,7.5000,2273.6400,114.2400
2025-06-21 20:00:00,7.0000,2015.4400,0.0000
2025-06-21 21:00:00,6.0000,1727.5200,0.0000
2025-06-21 22:00:00,5.0000,1439.6000,0.0000
2025-06-21 23:00:00,4.0000,1151.6800,0.0000
2025-06-22 00:00:00,2.0000,575.8400,0.0000
2025-06-22 01:00:00,2.0000,575.8400,0.0000
2025-06-22 02:00:00,2.0000,575.8400,0.0000
2025-06-22 03:00:00,2.0000,625.8200,49.9800
2025-06-22 04:00:00,2.0000,1791.5111,1215.6711
2025-06-22 05:00:00,2.0000,4600.3478,4024.5078
2025-06-22 06:00:00,5.0000,6349.7989,4910.1989
2025-06-22 07:00:00,6.0000,7990.9954,6263.4754
2025-06-22 08:00:00,5.0000,8694.3939,7254.7939
2025-06-22 09:00:00,4.0000,8797.1598,7645.4798
2025-06-22 10:00:00,4.0000,8447.5009,7295.8209
2025-06-22 11:00:00,4.5000,8097.7225,6802.0825
2025-06-22 12:00:00,5.0000,9231.1772,7791.5772
2025-06-22 13:00:00,4.5000,9307.5355,8011.8955
2025-06-22 14:00:00,4.0000,8617.7363,7466.0563
2025-06-22 15:00:00,4.0000,7568.1426,6416.4626
2025-06-22 16:00:00,4.0000,6591.0113,5439.3313
2025-06-22 17:00:00,6.0000,6493.6538,4766.1338
2025-06-22 18:00:00,7.0000,4080.7779,2065.3379
2025-06-22 19:00:00,7.5000,2212.9500,53.5500
2025-06-22 20:00:00,7.0000,2015.4400,0.0000
2025-06-22 21:00:00,6.0000,1727.5200,0.0000
2025-06-22 22:00:00,5.0000,1439.6000,0.0000
2025-06-22 23:00:00,4.0000,1151.6800,0.0000
2025-06-23 00:00:00,2.0000,575.8400,0.0000
2025-06-23 01:00:00,2.0000,575.8400,0.0000
2025-06-23 02:00:00,2.0000,575.8400,0.0000
2025-06-23 03:00:00,2.0000,593.6900,17.8500
2025-06-23 04:00:00,2.0000,932.8400,357.0000
2025-06-23 05:00:00,2.0000,2118.4259,1542.5859
2025-06-23 06:00:00,5.0000,6169.0683,4729.4683
2025-06-23 07:00:00,6.0000,7773.1855,6045.6655
2025-06-23 08:00:00,5.0000,7956.5335,6516.9335
2025-06-23 09:00:00,3.0000,8348.4234,7484.6634
2025-06-23 10:00:00,3.0000,8826.6270,7962.8670
2025-06-23 11:00:00,3.5000,8033.4227,7025.7027
2025-06-23 12:00:00,4.0000,8990.3730,7838.6930
2025-06-23 13:00:00,3.5000,5594.0306,4586.3106
2025-06-23 14:00:00,3.0000,7846.6079,6982.8479
2025-06-23 15:00:00,3.0000,6249.1490,5385.3890
2025-06-23 16:00:00,3.0000,6008.6183,5144.8583
2025-06-23 17:00:00,5.0000,5526.7195,4087.1195
2025-06-23 18:00:00,6.0000,3113.0687,1385.5487
2025-06-23 19:00:00,7.0000,2069.5850,54.1450
2025-06-23 20:00:00,6.0000,1727.5200,0.0000
2025-06-23 21:00:00,5.0000,1439.6000,0.0000
2025-06-23 22:00:00,4.0000,1151.6800,0.0000
2025-06-23 23:00:00,3.0000,863.7600,0.0000
2025-06-24 00:00:00,2.0000,575.8400,0.0000
2025-06-24 01:00:00,2.0000,575.8400,0.0000
2025-06-24 02:00:00,2.0000,575.8400,0.0000
2025-06-24 03:00:00,2.0000,625.8200,49.9800
2025-06-24 04:00:00,2.0000,1798.5385,1222.6985
2025-06-24 05:00:00,2.0000,4723.0097,4147.1697
2025-06-24 06:00:00,5.0000,6358.2191,4918.6191
2025-06-24 07:00:00,6.0000,7959.9748,6232.4548
2025-06-24 08:00:00,5.0000,8636.4294,7196.8294
2025-06-24 09:00:00,3.0000,8419.8618,7556.1018
2025-06-24 10:00:00,3.0000,8154.7788,7291.0188
2025-06-24 11:00:00,3.5000,7730.1804,6722.4604
2025-06-24 12:00:00,4.0000,8855.9969,7704.3169
2025-06-24 13:00:00,3.5000,9024.7394,8017.0194
2025-06-24 14:00:00,3.0000,8313.3216,7449.5616
2025-06-24 15:00:00,3.0000,7242.4024,6378.6424
2025-06-24 16:00:00,3.0000,6271.2114,5407.4514
2025-06-24 17:00:00,5.0000,6244.4656,4804.8656
2025-06-24 18:00:00,6.0000,3804.8787,2077.3587
2025-06-24 19:00:00,7.0000,2076.1300,60.6900
2025-06-24 20:00:00,6.0000,1727.5200,0.0000
2025-06-24 21:00:00,5.0000,1439.6000,0.0000
2025-06-24 22:00:00,4.0000,1151.6800,0.0000
2025-06-24 23:00:00,3.0000,863.7600,0.0000
2025-06-25 00:00:00,2.0000,575.8400,0.0000
2025-06-25 01:00:00,2.0000,575.8400,0.0000
2025-06-25 02:00:00,2.0000,575.8400,0.0000
2025-06-25 03:00:00,2.0000,618.6800,42.8400
2025-06-25 04:00:00,2.0000,1790.2390,1214.3990
2025-06-25 05:00:00,2.0000,4756.7252,4180.8852
2025-06-25 06:00:00,5.0000,6337.2677,4897.6677
2025-06-25 07:00:00,6.0000,7901.5443,6174.0243
2025-06-25 08:00:00,5.0000,8582.2496,7142.6496
2025-06-25 09:00:00,3.0000,8437.8241,7574.0641
2025-06-25 10:00:00,3.0000,8194.1003,7330.3403
2025-06-25 11:00:00,3.5000,7828.7876,6821.0676
2025-06-25 12:00:00,4.0000,8885.7103,7734.0303
2025-06-25 13:00:00,3.5000,8919.8654,7912.1454
2025-06-25 14:00:00,3.0000,8187.3404,7323.5804
2025-06-25 15:00:00,3.0000,6993.1143,6129.3543
2025-06-25 16:00:00,3.0000,5875.5646,5011.8046
2025-06-25 17:00:00,5.0000,5408.7899,3969.1899
2025-06-25 18:00:00,6.0000,3235.6260,1508.1060
2025-06-25 19:00:00,7.0000,2079.7000,64.2600
2025-06-25 20:00:00,6.0000,1727.5200,0.0000
2025-06-25 21:00:00,5.0000,1439.6000,0.0000
2025-06-25 22:00:00,4.0000,1151.6800,0.0000
2025-06-25 23:00:00,3.0000,863.7600,0.0000
2025-06-26 00:00:00,2.0000,575.8400,0.0000
2025-06-26 01:00:00,2.0000,575.8400,0.0000
2025-06-26 02:00:00,2.0000,575.8400,0.0000
2025-06-26 03:00:00,2.0000,586.5500,10.7100
2025-06-26 04:00:00,2.0000,590.1200,14.2800
2025-06-26 05:00:00,2.0000,1684.7748,1108.9348
2025-06-26 06:00:00,5.0000,5873.3777,4433.7777
2025-06-26 07:00:00,6.0000,6703.8342,4976.3142
2025-06-26 08:00:00,5.0000,6051.3159,4611.7159
2025-06-26 09:00:00,3.0000,7065.6747,6201.9147
2025-06-26 10:00:00,3.0000,6276.9361,5413.1761
2025-06-26 11:00:00,3.5000,6880.2705,5872.5505
2025-06-26 12:00:00,4.0000,8228.4696,7076.7896
2025-06-26 13:00:00,3.5000,3689.4150,2681.6950
2025-06-26 14:00:00,3.0000,1252.8900,389.1300
2025-06-26 15:00:00,3.0000,1052.9700,189.2100
2025-06-26 16:00:00,3.0000,1467.0900,603.3300
2025-06-26 17:00:00,5.0000,1822.5173,382.9173
2025-06-26 18:00:00,6.0000,2757.9305,1030.4105
2025-06-26 19:00:00,7.0000,2101.1200,85.6800
2025-06-26 20:00:00,6.0000,1727.5200,0.0000
2025-06-26 21:00:00,5.0000,1439.6000,0.0000
2025-06-26 22:00:00,4.0000,1151.6800,0.0000
2025-06-26 23:00:00,3.0000,863.7600,0.0000
2025-06-27 00:00:00,2.0000,575.8400,0.0000
2025-06-27 01:00:00,2.0000,575.8400,0.0000
2025-06-27 02:00:00,2.0000,575.8400,0.0000
2025-06-27 03:00:00,2.0000,625.8200,49.9800
2025-06-27 04:00:00,2.0000,1556.1809,980.3409
2025-06-27 05:00:00,2.0000,4310.3424,3734.5024
2025-06-27 06:00:00,5.0000,5626.1000,4186.5000
2025-06-27 07:00:00,6.0000,7681.9419,5954.4219
2025-06-27 08:00:00,5.0000,8555.5061,7115.9061
2025-06-27 09:00:00,3.0000,8176.8365,7313.0765
2025-06-27 10:00:00,3.0000,7300.6747,6436.9147
2025-06-27 11:00:00,3.5000,7810.5954,6802.8754
2025-06-27 12:00:00,4.0000,5653.5019,4501.8219
2025-06-27 13:00:00,3.5000,4151.7714,3144.0514
2025-06-27 14:00:00,3.0000,4095.1552,3231.3952
2025-06-27 15:00:00,3.0000,5267.8989,4404.1389
2025-06-27 16:00:00,3.0000,2735.3300,1871.5700
2025-06-27 17:00:00,5.0000,2153.6000,714.0000
2025-06-27 18:00:00,6.0000,1956.9187,229.3987
2025-06-27 19:00:00,7.0000,2029.7200,14.2800
2025-06-27 20:00:00,6.0000,1727.5200,0.0000
2025-06-27 21:00:00,5.0000,1439.6000,0.0000
2025-06-27 22:00:00,4.0000,1151.6800,0.0000
2025-06-27 23:00:00,3.0000,863.7600,0.0000
2025-06-28 00:00:00,2.0000,575.8400,0.0000
2025-06-28 01:00:00,2.0000,575.8400,0.0000
2025-06-28 02:00:00,2.0000,575.8400,0.0000
2025-06-28 03:00:00,2.0000,590.1200,14.2800
2025-06-28 04:00:00,2.0000,1265.6916,689.8516
2025-06-28 05:00:00,2.0000,4500.7526,3924.9126
2025-06-28 06:00:00,5.0000,6234.8863,4795.2863
2025-06-28 07:00:00,6.0000,8166.2445,6438.7245
2025-06-28 08:00:00,5.0000,7548.0253,6108.4253
2025-06-28 09:00:00,4.0000,7481.3112,6329.6312
2025-06-28 10:00:00,4.0000,8382.3520,7230.6720
2025-06-28 11:00:00,4.5000,7721.8058,6426.1658
2025-06-28 12:00:00,5.0000,8883.5324,7443.9324
2025-06-28 13:00:00,4.5000,9351.1058,8055.4658
2025-06-28 14:00:00,4.0000,8606.6023,7454.9223
2025-06-28 15:00:00,4.0000,7483.4377,6331.7577
2025-06-28 16:00:00,4.0000,6512.2335,5360.5535
2025-06-28 17:00:00,6.0000,6538.0901,4810.5701
2025-06-28 18:00:00,7.0000,4070.4246,2054.9846
2025-06-28 19:00:00,7.5000,2205.8100,46.4100
2025-06-28 20:00:00,7.0000,2015.4400,0.0000
2025-06-28 21:00:00,6.0000,1727.5200,0.0000
2025-06-28 22:00:00,5.0000,1439.6000,0.0000
2025-06-28 23:00:00,4.0000,1151.6800,0.0000
2025-06-29 00:00:00,2.0000,575.8400,0.0000
2025-06-29 01:00:00,2.0000,575.8400,0.0000
2025-06-29 02:00:00,2.0000,575.8400,0.0000
2025-06-29 03:00:00,2.0000,611.5400,35.7000
2025-06-29 04:00:00,2.0000,1741.5741,1165.7341
2025-06-29 05:00:00,2.0000,4877.5093,4301.6693
2025-06-29 06:00:00,5.0000,6347.0551,4907.4551
2025-06-29 07:00:00,6.0000,7957.3755,6229.8555
2025-06-29 08:00:00,5.0000,8628.3164,7188.7164
2025-06-29 09:00:00,4.0000,8708.3608,7556.6808
2025-06-29 10:00:00,4.0000,8430.3751,7278.6951
2025-06-29 11:00:00,4.5000,8047.6265,6751.9865
2025-06-29 12:00:00,5.0000,9253.7863,7814.1863
2025-06-29 13:00:00,4.5000,9218.5291,7922.8891
2025-06-29 14:00:00,4.0000,8492.4826,7340.8026
2025-06-29 15:00:00,4.0000,7419.2824,6267.6024
2025-06-29 16:00:00,4.0000,6452.9563,5301.2763
2025-06-29 17:00:00,6.0000,6444.0643,4716.5443
2025-06-29 18:00:00,7.0000,4018.6674,2003.2274
2025-06-29 19:00:00,7.5000,2220.0900,60.6900
2025-06-29 20:00:00,7.0000,2015.4400,0.0000
2025-06-29 21:00:00,6.0000,1727.5200,0.0000
2025-06-29 22:00:00,5.0000,1439.6000,0.0000
2025-06-29 23:00:00,4.0000,1151.6800,0.0000
2025-06-30 00:00:00,2.0000,575.8400,0.0000
2025-06-30 01:00:00,2.0000,575.8400,0.0000
2025-06-30 02:00:00,2.0000,575.8400,0.0000
2025-06-30 03:00:00,2.0000,640.1000,64.2600
2025-06-30 04:00:00,2.0000,1883.2460,1307.4060
2025-06-30 05:00:00,2.0000,3893.5620,3317.7220
2025-06-30 06:00:00,5.0000,5047.9376,3608.3376
2025-06-30 07:00:00,6.0000,6166.9835,4439.4635
2025-06-30 08:00:00,5.0000,7553.9452,6114.3452
2025-06-30 09:00:00,3.0000,7858.7241,6994.9641
2025-06-30 10:00:00,3.0000,8122.5576,7258.7976
2025-06-30 11:00:00,3.5000,7657.0116,6649.2916
2025-06-30 12:00:00,4.0000,8759.8782,7608.1982
2025-06-30 13:00:00,3.5000,8871.1916,7863.4716
2025-06-30 14:00:00,3.0000,7815.9342,6952.1742
2025-06-30 15:00:00,3.0000,6894.2394,6030.4794
2025-06-30 16:00:00,3.0000,4038.9243,3175.1643
2025-06-30 17:00:00,5.0000,3387.2414,1947.6414
2025-06-30 18:00:00,6.0000,2372.8003,645.2803
2025-06-30 19:00:00,7.0000,2026.1500,10.7100
2025-06-30 20:00:00,6.0000,1727.5200,0.0000
2025-06-30 21:00:00,5.0000,1439.6000,0.0000
2025-06-30 22:00:00,4.0000,1151.6800,0.0000
2025-06-30 23:00:00,3.0000,863.7600,0.0000
2025-07-01 00:00:00,2.0000,575.8400,0.0000
2025-07-01 01:00:00,2.0000,575.8400,0.0000
2025-07-01 02:00:00,2.0000,575.8400,0.0000
2025-07-01 03:00:00,2.0000,625.8200,49.9800
2025-07-01 04:00:00,2.0000,1806.8445,1231.0045
2025-07-01 05:00:00,2.0000,4711.7604,4135.9204
2025-07-01 06:00:00,5.0000,6230.6315,4791.0315
2025-07-01 07:00:00,6.0000,7854.5789,6127.0589
2025-07-01 08:00:00,5.0000,8467.9774,7028.3774
2025-07-01 09:00:00,3.0000,8328.9646,7465.2046
2025-07-01 10:00:00,3.0000,7540.0175,6676.2575
2025-07-01 11:00:00,3.5000,8292.7498,7285.0298
2025-07-01 12:00:00,4.0000,8773.3909,7621.7109
2025-07-01 13:00:00,3.5000,8975.3220,7967.6020
2025-07-01 14:00:00,3.0000,8095.9295,7232.1695
2025-07-01 15:00:00,3.0000,6681.5554,5817.7954
2025-07-01 16:00:00,3.0000,6649.8312,5786.0712
2025-07-01 17:00:00,5.0000,5638.6331,4199.0331
2025-07-01 18:00:00,6.0000,3641.8576,1914.3376
2025-07-01 19:00:00,7.0000,2143.9600,128.5200
2025-07-01 20:00:00,6.0000,1727.5200,0.0000
2025-07-01 21:00:00,5.0000,1439.6000,0.0000
2025-07-01 22:00:00,4.0000,1151.6800,0.0000
2025-07-01 23:00:00,3.0000,863.7600,0.0000
2025-07-02 00:00:00,2.0000,575.8400,0.0000
2025-07-02 01:00:00,2.0000,575.8400,0.0000
2025-07-02 02:00:00,2.0000,575.8400,0.0000
2025-07-02 03:00:00,2.0000,615.1100,39.2700
2025-07-02 04:00:00,2.0000,1681.5129,1105.6729
2025-07-02 05:00:00,2.0000,4580.8753,4005.0353
2025-07-02 06:00:00,5.0000,6201.2398,4761.6398
2025-07-02 07:00:00,6.0000,7793.8805,6066.3605
2025-07-02 08:00:00,5.0000,8474.1837,7034.5837
2025-07-02 09:00:00,3.0000,8342.2177,7478.4577
2025-07-02 10:00:00,3.0000,8071.5950,7207.8350
2025-07-02 11:00:00,3.5000,7723.7544,6716.0344
2025-07-02 12:00:00,4.0000,8721.1432,7569.4632
2025-07-02 13:00:00,3.5000,4700.6609,3692.9409
2025-07-02 14:00:00,3.0000,4317.2949,3453.5349
2025-07-02 15:00:00,3.0000,5853.6497,4989.8897
2025-07-02 16:00:00,3.0000,4294.0846,3430.3246
2025-07-02 17:00:00,5.0000,2857.4688,1417.8688
2025-07-02 18:00:00,6.0000,2095.2300,367.7100
2025-07-02 19:00:00,7.0000,2068.9900,53.5500
2025-07-02 20:00:00,6.0000,1727.5200,0.0000
2025-07-02 21:00:00,5.0000,1439.6000,0.0000
2025-07-02 22:00:00,4.0000,1151.6800,0.0000
2025-07-02 23:00:00,3.0000,863.7600,0.0000
2025-07-03 00:00:00,2.0000,575.8400,0.0000
2025-07-03 01:00:00,2.0000,575.8400,0.0000
2025-07-03 02:00:00,2.0000,575.8400,0.0000
2025-07-03 03:00:00,2.0000,604.4000,28.5600
2025-07-03 04:00:00,2.0000,1616.8376,1040.9976
2025-07-03 05:00:00,2.0000,4145.3788,3569.5388
2025-07-03 06:00:00,5.0000,5017.9558,3578.3558
2025-07-03 07:00:00,6.0000,6857.0681,5129.5481
2025-07-03 08:00:00,5.0000,3294.2985,1854.6985
2025-07-03 09:00:00,3.0000,6095.0841,5231.3241
2025-07-03 10:00:00,3.0000,9023.9205,8160.1605
2025-07-03 11:00:00,3.5000,4416.4986,3408.7786
2025-07-03 12:00:00,4.0000,1597.9300,446.2500
2025-07-03 13:00:00,3.5000,2694.1302,1686.4102
2025-07-03 14:00:00,3.0000,6482.8122,5619.0522
2025-07-03 15:00:00,3.0000,7138.5160,6274.7560
2025-07-03 16:00:00,3.0000,5629.2754,4765.5154
2025-07-03 17:00:00,5.0000,2987.1032,1547.5032
2025-07-03 18:00:00,6.0000,3213.4853,1485.9653
2025-07-03 19:00:00,7.0000,2029.7200,14.2800
2025-07-03 20:00:00,6.0000,1727.5200,0.0000
2025-07-03 21:00:00,5.0000,1439.6000,0.0000
2025-07-03 22:00:00,4.0000,1151.6800,0.0000
2025-07-03 23:00:00,3.0000,863.7600,0.0000
2025-07-04 00:00:00,2.0000,575.8400,0.0000
2025-07-04 01:00:00,2.0000,575.8400,0.0000
2025-07-04 02:00:00,2.0000,575.8400,0.0000
2025-07-04 03:00:00,2.0000,575.8400,0.0000
2025-07-04 04:00:00,2.0000,575.8400,0.0000
2025-07-04 05:00:00,2.0000,900.7100,324.8700
2025-07-04 06:00:00,5.0000,3684.7597,2245.1597
2025-07-04 07:00:00,6.0000,5100.9003,3373.3803
2025-07-04 08:00:00,5.0000,4348.4279,2908.8279
2025-07-04 09:00:00,3.0000,2680.8900,1817.1300
2025-07-04 10:00:00,3.0000,5781.5260,4917.7660
2025-07-04 11:00:00,3.5000,7791.5803,6783.8603
2025-07-04 12:00:00,4.0000,8271.5888,7119.9088
2025-07-04 13:00:00,3.5000,7622.8092,6615.0892
2025-07-04 14:00:00,3.0000,7185.4173,6321.6573
2025-07-04 15:00:00,3.0000,6428.3851,5564.6251
2025-07-04 16:00:00,3.0000,5180.4414,4316.6814
2025-07-04 17:00:00,5.0000,5431.9585,3992.3585
2025-07-04 18:00:00,6.0000,3272.0758,1544.5558
2025-07-04 19:00:00,7.0000,2072.5600,57.1200
2025-07-04 20:00:00,6.0000,1727.5200,0.0000
2025-07-04 21:00:00,5.0000,1439.6000,0.0000
2025-07-04 22:00:00,4.0000,1151.6800,0.0000
2025-07-04 23:00:00,3.0000,863.7600,0.0000
2025-07-05 00:00:00,2.0000,575.8400,0.0000
2025-07-05 01:00:00,2.0000,575.8400,0.0000
2025-07-05 02:00:00,2.0000,575.8400,0.0000
2025-07-05 03:00:00,2.0000,608.5650,32.7250
2025-07-05 04:00:00,2.0000,1394.9870,819.1470
2025-07-05 05:00:00,2.0000,2473.4238,1897.5838
2025-07-05 06:00:00,5.0000,5750.5740,4310.9740
2025-07-05 07:00:00,6.0000,7813.2111,6085.6911
2025-07-05 08:00:00,5.0000,8500.4036,7060.8036
2025-07-05 09:00:00,4.0000,8247.7015,7096.0215
2025-07-05 10:00:00,4.0000,8242.7710,7091.0910
2025-07-05 11:00:00,4.5000,8415.8155,7120.1755
2025-07-05 12:00:00,5.0000,8342.2399,6902.6399
2025-07-05 13:00:00,4.5000,8780.2138,7484.5738
2025-07-05 14:00:00,4.0000,8745.1441,7593.4641
2025-07-05 15:00:00,4.0000,7791.5181,6639.8381
2025-07-05 16:00:00,4.0000,6477.0260,5325.3460
2025-07-05 17:00:00,6.0000,6332.4825,4604.9625
2025-07-05 18:00:00,7.0000,3852.2112,1836.7712
2025-07-05 19:00:00,7.5000,2184.3900,24.9900
2025-07-05 20:00:00,7.0000,2015.4400,0.0000
2025-07-05 21:00:00,6.0000,1727.5200,0.0000
2025-07-05 22:00:00,5.0000,1439.6000,0.0000
2025-07-05 23:00:00,4.0000,1151.6800,0.0000
2025-07-06 00:00:00,2.0000,575.8400,0.0000
2025-07-06 01:00:00,2.0000,575.8400,0.0000
2025-07-06 02:00:00,2.0000,575.8400,0.0000
2025-07-06 03:00:00,2.0000,582.9800,7.1400
2025-07-06 04:00:00,2.0000,1084.6844,508.8444
2025-07-06 05:00:00,2.0000,2109.9412,1534.1012
2025-07-06 06:00:00,5.0000,4368.5471,2928.9471
2025-07-06 07:00:00,6.0000,5754.5971,4027.0771
2025-07-06 08:00:00,5.0000,6868.6465,5429.0465
2025-07-06 09:00:00,4.0000,6622.1697,5470.4897
2025-07-06 10:00:00,4.0000,7237.4472,6085.7672
2025-07-06 11:00:00,4.5000,4076.7490,2781.1090
2025-07-06 12:00:00,5.0000,6834.1156,5394.5156
2025-07-06 13:00:00,4.5000,5781.9146,4486.2746
2025-07-06 14:00:00,4.0000,2511.8500,1360.1700
2025-07-06 15:00:00,4.0000,2108.4400,956.7600
2025-07-06 16:00:00,4.0000,2372.6200,1220.9400
2025-07-06 17:00:00,6.0000,2559.3300,831.8100
2025-07-06 18:00:00,7.0000,2061.8500,46.4100
2025-07-06 19:00:00,7.5000,2159.4000,0.0000
2025-07-06 20:00:00,7.0000,2015.4400,0.0000
2025-07-06 21:00:00,6.0000,1727.5200,0.0000
2025-07-06 22:00:00,5.0000,1439.6000,0.0000
2025-07-06 23:00:00,4.0000,1151.6800,0.0000
2025-07-07 00:00:00,2.0000,575.8400,0.0000
2025-07-07 01:00:00,2.0000,575.8400,0.0000
2025-07-07 02:00:00,2.0000,575.8400,0.0000
2025-07-07 03:00:00,2.0000,575.8400,0.0000
2025-07-07 04:00:00,2.0000,750.7700,174.9300
2025-07-07 05:00:00,2.0000,1969.9941,1394.1541
2025-07-07 06:00:00,5.0000,3010.4000,1570.8000
2025-07-07 07:00:00,6.0000,4797.8129,3070.2929
2025-07-07 08:00:00,5.0000,5805.3337,4365.7337
2025-07-07 09:00:00,3.0000,4305.6548,3441.8948
2025-07-07 10:00:00,3.0000,5972.3266,5108.5666
2025-07-07 11:00:00,3.5000,7537.2715,6529.5515
2025-07-07 12:00:00,4.0000,5180.9214,4029.2414
2025-07-07 13:00:00,3.5000,5373.7526,4366.0326
2025-07-07 14:00:00,3.0000,5003.8805,4140.1205
2025-07-07 15:00:00,3.0000,4653.9877,3790.2277
2025-07-07 16:00:00,3.0000,1831.2672,967.5072
2025-07-07 17:00:00,5.0000,1682.3600,242.7600
2025-07-07 18:00:00,6.0000,1806.0600,78.5400
2025-07-07 19:00:00,7.0000,2015.4400,0.0000
2025-07-07 20:00:00,6.0000,1727.5200,0.0000
2025-07-07 21:00:00,5.0000,1439.6000,0.0000
2025-07-07 22:00:00,4.0000,1151.6800,0.0000
2025-07-07 23:00:00,3.0000,863.7600,0.0000
2025-07-08 00:00:00,2.0000,575.8400,0.0000
2025-07-08 01:00:00,2.0000,575.8400,0.0000
2025-07-08 02:00:00,2.0000,575.8400,0.0000
2025-07-08 03:00:00,2.0000,575.8400,0.0000
2025-07-08 04:00:00,2.0000,686.5100,110.6700
2025-07-08 05:00:00,2.0000,932.8400,357.0000
2025-07-08 06:00:00,5.0000,2357.0900,917.4900
2025-07-08 07:00:00,6.0000,2380.8300,653.3100
2025-07-08 08:00:00,5.0000,2260.7000,821.1000
2025-07-08 09:00:00,3.0000,1434.9600,571.2000
2025-07-08 10:00:00,3.0000,1699.1400,835.3800
2025-07-08 11:00:00,3.5000,3290.7831,2283.0631
2025-07-08 12:00:00,4.0000,5546.5892,4394.9092
2025-07-08 13:00:00,3.5000,5064.6676,4056.9476
2025-07-08 14:00:00,3.0000,4852.5991,3988.8391
2025-07-08 15:00:00,3.0000,4625.6938,3761.9338
2025-07-08 16:00:00,3.0000,2052.5700,1188.8100
2025-07-08 17:00:00,5.0000,2559.3408,1119.7408
2025-07-08 18:00:00,6.0000,1913.1600,185.6400
2025-07-08 19:00:00,7.0000,2019.0100,3.5700
2025-07-08 20:00:00,6.0000,1727.5200,0.0000
2025-07-08 21:00:00,5.0000,1439.6000,0.0000
2025-07-08 22:00:00,4.0000,1151.6800,0.0000
2025-07-08 23:00:00,3.0000,863.7600,0.0000
2025-07-09 00:00:00,2.0000,575.8400,0.0000
2025-07-09 01:00:00,2.0000,575.8400,0.0000
2025-07-09 02:00:00,2.0000,575.8400,0.0000
2025-07-09 03:00:00,2.0000,575.8400,0.0000
2025-07-09 04:00:00,2.0000,725.7800,149.9400
2025-07-09 05:00:00,2.0000,3535.6077,2959.7677
2025-07-09 06:00:00,5.0000,2635.5500,1195.9500
2025-07-09 07:00:00,6.0000,4334.1412,2606.6212
2025-07-09 08:00:00,5.0000,7525.8463,6086.2463
2025-07-09 09:00:00,3.0000,4281.7917,3418.0317
2025-07-09 10:00:00,3.0000,4445.6185,3581.8585
2025-07-09 11:00:00,3.5000,5857.7239,4850.0039
2025-07-09 12:00:00,4.0000,4799.6672,3647.9872
2025-07-09 13:00:00,3.5000,3267.5300,2259.8100
2025-07-09 14:00:00,3.0000,4178.7082,3314.9482
2025-07-09 15:00:00,3.0000,1934.7600,1071.0000
2025-07-09 16:00:00,3.0000,1620.6275,756.8675
2025-07-09 17:00:00,5.0000,2899.8586,1460.2586
2025-07-09 18:00:00,6.0000,2451.7977,724.2777
2025-07-09 19:00:00,7.0000,2065.4200,49.9800
2025-07-09 20:00:00,6.0000,1727.5200,0.0000
2025-07-09 21:00:00,5.0000,1439.6000,0.0000
2025-07-09 22:00:00,4.0000,1151.6800,0.0000
2025-07-09 23:00:00,3.0000,863.7600,0.0000
2025-07-10 00:00:00,2.0000,575.8400,0.0000
2025-07-10 01:00:00,2.0000,575.8400,0.0000
2025-07-10 02:00:00,2.0000,575.8400,0.0000
2025-07-10 03:00:00,2.0000,582.9800,7.1400
2025-07-10 04:00:00,2.0000,932.8400,357.0000
2025-07-10 05:00:00,2.0000,2891.1447,2315.3047
2025-07-10 06:00:00,5.0000,6264.1880,4824.5880
2025-07-10 07:00:00,6.0000,7948.1597,6220.6397
2025-07-10 08:00:00,5.0000,8743.7375,7304.1375
2025-07-10 09:00:00,3.0000,7326.4138,6462.6538
2025-07-10 10:00:00,3.0000,9128.6511,8264.8911
2025-07-10 11:00:00,3.5000,8236.1620,7228.4420
2025-07-10 12:00:00,4.0000,8490.8985,7339.2185
2025-07-10 13:00:00,3.5000,7687.7393,6680.0193
2025-07-10 14:00:00,3.0000,6708.6440,5844.8840
2025-07-10 15:00:00,3.0000,8291.6683,7427.9083
2025-07-10 16:00:00,3.0000,5572.5844,4708.8244
2025-07-10 17:00:00,5.0000,4485.0036,3045.4036
2025-07-10 18:00:00,6.0000,3270.4767,1542.9567
2025-07-10 19:00:00,7.0000,2054.7100,39.2700
2025-07-10 20:00:00,6.0000,1727.5200,0.0000
2025-07-10 21:00:00,5.0000,1439.6000,0.0000
2025-07-10 22:00:00,4.0000,1151.6800,0.0000
2025-07-10 23:00:00,3.0000,863.7600,0.0000
2025-07-11 00:00:00,2.0000,575.8400,0.0000
2025-07-11 01:00:00,2.0000,575.8400,0.0000
2025-07-11 02:00:00,2.0000,575.8400,0.0000
2025-07-11 03:00:00,2.0000,579.4100,3.5700
2025-07-11 04:00:00,2.0000,1001.0060,425.1660
2025-07-11 05:00:00,2.0000,1743.2300,1167.3900
2025-07-11 06:00:00,5.0000,4052.1753,2612.5753
2025-07-11 07:00:00,6.0000,7656.4616,5928.9416
2025-07-11 08:00:00,5.0000,7773.9951,6334.3951
2025-07-11 09:00:00,3.0000,8475.0585,7611.2985
2025-07-11 10:00:00,3.0000,8436.0671,7572.3071
2025-07-11 11:00:00,3.5000,7926.3949,6918.6749
2025-07-11 12:00:00,4.0000,8267.7093,7116.0293
2025-07-11 13:00:00,3.5000,7125.6135,6117.8935
2025-07-11 14:00:00,3.0000,6460.1435,5596.3835
2025-07-11 15:00:00,3.0000,6511.7077,5647.9477
2025-07-11 16:00:00,3.0000,6490.3380,5626.5780
2025-07-11 17:00:00,5.0000,3437.2809,1997.6809
2025-07-11 18:00:00,6.0000,2780.2985,1052.7785
2025-07-11 19:00:00,7.0000,2040.4300,24.9900
2025-07-11 20:00:00,6.0000,1727.5200,0.0000
2025-07-11 21:00:00,5.0000,1439.6000,0.0000
2025-07-11 22:00:00,4.0000,1151.6800,0.0000
2025-07-11 23:00:00,3.0000,863.7600,0.0000
2025-07-12 00:00:00,2.0000,575.8400,0.0000
2025-07-12 01:00:00,2.0000,575.8400,0.0000
2025-07-12 02:00:00,2.0000,575.8400,0.0000
2025-07-12 03:00:00,2.0000,579.4100,3.5700
2025-07-12 04:00:00,2.0000,847.1600,271.3200
2025-07-12 05:00:00,2.0000,1832.9361,1257.0961
2025-07-12 06:00:00,5.0000,4264.0368,2824.4368
2025-07-12 07:00:00,6.0000,6004.8243,4277.3043
2025-07-12 08:00:00,5.0000,8369.0756,6929.4756
2025-07-12 09:00:00,4.0000,8151.1281,6999.4481
2025-07-12 10:00:00,4.0000,8460.3884,7308.7084
2025-07-12 11:00:00,4.5000,8602.0436,7306.4036
2025-07-12 12:00:00,5.0000,8923.7981,7484.1981
2025-07-12 13:00:00,4.5000,8068.1009,6772.4609
2025-07-12 14:00:00,4.0000,8031.4193,6879.7393
2025-07-12 15:00:00,4.0000,7075.6321,5923.9521
2025-07-12 16:00:00,4.0000,6307.8041,5156.1241
2025-07-12 17:00:00,6.0000,5600.3869,3872.8669
2025-07-12 18:00:00,7.0000,3467.3455,1451.9055
2025-07-12 19:00:00,7.5000,2195.1000,35.7000
2025-07-12 20:00:00,7.0000,2015.4400,0.0000
2025-07-12 21:00:00,6.0000,1727.5200,0.0000
2025-07-12 22:00:00,5.0000,1439.6000,0.0000
2025-07-12 23:00:00,4.0000,1151.6800,0.0000
2025-07-13 00:00:00,2.0000,575.8400,0.0000
2025-07-13 01:00:00,2.0000,575.8400,0.0000
2025-07-13 02:00:00,2.0000,575.8400,0.0000
2025-07-13 03:00:00,2.0000,586.5500,10.7100
2025-07-13 04:00:00,2.0000,1090.8192,514.9792
2025-07-13 05:00:00,2.0000,3911.3357,3335.4957
2025-07-13 06:00:00,5.0000,6079.8587,4640.2587
2025-07-13 07:00:00,6.0000,6855.7036,5128.1836
2025-07-13 08:00:00,5.0000,8710.2199,7270.6199
2025-07-13 09:00:00,4.0000,8712.6341,7560.9541
2025-07-13 10:00:00,4.0000,8779.8927,7628.2127
2025-07-13 11:00:00,4.5000,8034.0685,6738.4285
2025-07-13 12:00:00,5.0000,9180.1807,7740.5807
2025-07-13 13:00:00,4.5000,9333.4557,8037.8157
2025-07-13 14:00:00,4.0000,8178.9125,7027.2325
2025-07-13 15:00:00,4.0000,7065.4040,5913.7240
2025-07-13 16:00:00,4.0000,6046.9704,4895.2904
2025-07-13 17:00:00,6.0000,6100.6356,4373.1156
2025-07-13 18:00:00,7.0000,3540.9240,1525.4840
2025-07-13 19:00:00,7.5000,2177.8450,18.4450
2025-07-13 20:00:00,7.0000,2015.4400,0.0000
2025-07-13 21:00:00,6.0000,1727.5200,0.0000
2025-07-13 22:00:00,5.0000,1439.6000,0.0000
2025-07-13 23:00:00,4.0000,1151.6800,0.0000
2025-07-14 00:00:00,2.0000,575.8400,0.0000
2025-07-14 01:00:00,2.0000,575.8400,0.0000
2025-07-14 02:00:00,2.0000,575.8400,0.0000
2025-07-14 03:00:00,2.0000,575.8400,0.0000
2025-07-14 04:00:00,2.0000,904.2800,328.4400
2025-07-14 05:00:00,2.0000,1614.5317,1038.6917
2025-07-14 06:00:00,5.0000,2347.0615,907.4615
2025-07-14 07:00:00,6.0000,2677.1400,949.6200
2025-07-14 08:00:00,5.0000,2828.3300,1388.7300
2025-07-14 09:00:00,3.0000,2595.2100,1731.4500
2025-07-14 10:00:00,3.0000,3961.1421,3097.3821
2025-07-14 11:00:00,3.5000,4292.1200,3284.4000
2025-07-14 12:00:00,4.0000,5327.2417,4175.5617
2025-07-14 13:00:00,3.5000,8103.8854,7096.1654
2025-07-14 14:00:00,3.0000,6522.4198,5658.6598
2025-07-14 15:00:00,3.0000,8505.5109,7641.7509
2025-07-14 16:00:00,3.0000,3214.8291,2351.0691
2025-07-14 17:00:00,5.0000,1650.2300,210.6300
2025-07-14 18:00:00,6.0000,1831.0500,103.5300
2025-07-14 19:00:00,7.0000,2026.1500,10.7100
2025-07-14 20:00:00,6.0000,1727.5200,0.0000
2025-07-14 21:00:00,5.0000,1439.6000,0.0000
2025-07-14 22:00:00,4.0000,1151.6800,0.0000
2025-07-14 23:00:00,3.0000,863.7600,0.0000
2025-07-15 00:00:00,2.0000,575.8400,0.0000
2025-07-15 01:00:00,2.0000,575.8400,0.0000
2025-07-15 02:00:00,2.0000,575.8400,0.0000
2025-07-15 03:00:00,2.0000,582.9800,7.1400
2025-07-15 04:00:00,2.0000,1114.2779,538.4379
2025-07-15 05:00:00,2.0000,2204.9861,1629.1461
2025-07-15 06:00:00,5.0000,4075.5651,2635.9651
2025-07-15 07:00:00,6.0000,5410.1996,3682.6796
2025-07-15 08:00:00,5.0000,2846.1800,1406.5800
2025-07-15 09:00:00,3.0000,2748.7200,1884.9600
2025-07-15 10:00:00,3.0000,2886.5817,2022.8217
2025-07-15 11:00:00,3.5000,5390.2042,4382.4842
2025-07-15 12:00:00,4.0000,9694.5866,8542.9066
2025-07-15 13:00:00,3.5000,8763.7395,7756.0195
2025-07-15 14:00:00,3.0000,3700.6333,2836.8733
2025-07-15 15:00:00,3.0000,4573.5344,3709.7744
2025-07-15 16:00:00,3.0000,3131.6391,2267.8791
2025-07-15 17:00:00,5.0000,3373.6472,1934.0472
2025-07-15 18:00:00,6.0000,2188.0500,460.5300
2025-07-15 19:00:00,7.0000,2022.5800,7.1400
2025-07-15 20:00:00,6.0000,1727.5200,0.0000
2025-07-15 21:00:00,5.0000,1439.6000,0.0000
2025-07-15 22:00:00,4.0000,1151.6800,0.0000
2025-07-15 23:00:00,3.0000,863.7600,0.0000
2025-07-16 00:00:00,2.0000,575.8400,0.0000
2025-07-16 01:00:00,2.0000,575.8400,0.0000
2025-07-16 02:00:00,2.0000,575.8400,0.0000
2025-07-16 03:00:00,2.0000,575.8400,0.0000
2025-07-16 04:00:00,2.0000,690.0800,114.2400
2025-07-16 05:00:00,2.0000,1282.7000,706.8600
2025-07-16 06:00:00,5.0000,2189.3000,749.7000
2025-07-16 07:00:00,6.0000,2766.3900,1038.8700
2025-07-16 08:00:00,5.0000,4752.5600,3312.9600
2025-07-16 09:00:00,3.0000,5421.4364,4557.6764
2025-07-16 10:00:00,3.0000,6965.2490,6101.4890
2025-07-16 11:00:00,3.5000,6770.2530,5762.5330
2025-07-16 12:00:00,4.0000,7556.4536,6404.7736
2025-07-16 13:00:00,3.5000,5775.8122,4768.0922
2025-07-16 14:00:00,3.0000,4261.7543,3397.9943
2025-07-16 15:00:00,3.0000,7814.3222,6950.5622
2025-07-16 16:00:00,3.0000,7256.9064,6393.1464
2025-07-16 17:00:00,5.0000,5305.7057,3866.1057
2025-07-16 18:00:00,6.0000,2238.0300,510.5100
2025-07-16 19:00:00,7.0000,2019.0100,3.5700
2025-07-16 20:00:00,6.0000,1727.5200,0.0000
2025-07-16 21:00:00,5.0000,1439.6000,0.0000
2025-07-16 22:00:00,4.0000,1151.6800,0.0000
2025-07-16 23:00:00,3.0000,863.7600,0.0000
2025-07-17 00:00:00,2.0000,575.8400,0.0000
2025-07-17 01:00:00,2.0000,575.8400,0.0000
2025-07-17 02:00:00,2.0000,575.8400,0.0000
2025-07-17 03:00:00,2.0000,575.8400,0.0000
2025-07-17 04:00:00,2.0000,740.0600,164.2200
2025-07-17 05:00:00,2.0000,2202.1492,1626.3092
2025-07-17 06:00:00,5.0000,3538.4299,2098.8299
2025-07-17 07:00:00,6.0000,6640.8414,4913.3214
2025-07-17 08:00:00,5.0000,6948.2653,5508.6653
2025-07-17 09:00:00,3.0000,7868.4202,7004.6602
2025-07-17 10:00:00,3.0000,6803.6830,5939.9230
2025-07-17 11:00:00,3.5000,8303.2117,7295.4917
2025-07-17 12:00:00,4.0000,9542.7175,8391.0375
2025-07-17 13:00:00,3.5000,9677.3771,8669.6571
2025-07-17 14:00:00,3.0000,9009.6095,8145.8495
2025-07-17 15:00:00,3.0000,7803.5234,6939.7634
2025-07-17 16:00:00,3.0000,6089.6346,5225.8746
2025-07-17 17:00:00,5.0000,5709.2249,4269.6249
2025-07-17 18:00:00,6.0000,3048.2988,1320.7788
2025-07-17 19:00:00,7.0000,2033.2900,17.8500
2025-07-17 20:00:00,6.0000,1727.5200,0.0000
2025-07-17 21:00:00,5.0000,1439.6000,0.0000
2025-07-17 22:00:00,4.0000,1151.6800,0.0000
2025-07-17 23:00:00,3.0000,863.7600,0.0000
2025-07-18 00:00:00,2.0000,575.8400,0.0000
2025-07-18 01:00:00,2.0000,575.8400,0.0000
2025-07-18 02:00:00,2.0000,575.8400,0.0000
2025-07-18 03:00:00,2.0000,579.4100,3.5700
2025-07-18 04:00:00,2.0000,912.5709,336.7309
2025-07-18 05:00:00,2.0000,4482.8442,3907.0042
2025-07-18 06:00:00,5.0000,6315.0006,4875.4006
2025-07-18 07:00:00,6.0000,7944.3467,6216.8267
2025-07-18 08:00:00,5.0000,8276.5109,6836.9109
2025-07-18 09:00:00,3.0000,9385.6918,8521.9318
2025-07-18 10:00:00,3.0000,8645.4196,7781.6596
2025-07-18 11:00:00,3.5000,8694.9735,7687.2535
2025-07-18 12:00:00,4.0000,9273.1708,8121.4908
2025-07-18 13:00:00,3.5000,8862.4851,7854.7651
2025-07-18 14:00:00,3.0000,8340.6065,7476.8465
2025-07-18 15:00:00,3.0000,7441.7735,6578.0135
2025-07-18 16:00:00,3.0000,6065.4517,5201.6917
2025-07-18 17:00:00,5.0000,5971.3000,4531.7000
2025-07-18 18:00:00,6.0000,3510.2355,1782.7155
2025-07-18 19:00:00,7.0000,2036.8600,21.4200
2025-07-18 20:00:00,6.0000,1727.5200,0.0000
2025-07-18 21:00:00,5.0000,1439.6000,0.0000
2025-07-18 22:00:00,4.0000,1151.6800,0.0000
2025-07-18 23:00:00,3.0000,863.7600,0.0000
2025-07-19 00:00:00,2.0000,575.8400,0.0000
2025-07-19 01:00:00,2.0000,575.8400,0.0000
2025-07-19 02:00:00,2.0000,575.8400,0.0000
2025-07-19 03:00:00,2.0000,579.4100,3.5700
2025-07-19 04:00:00,2.0000,870.3770,294.5370
2025-07-19 05:00:00,2.0000,4442.3702,3866.5302
2025-07-19 06:00:00,5.0000,6131.6664,4692.0664
2025-07-19 07:00:00,6.0000,7864.1716,6136.6516
2025-07-19 08:00:00,5.0000,8577.1793,7137.5793
2025-07-19 09:00:00,4.0000,8941.7907,7790.1107
2025-07-19 10:00:00,4.0000,8471.0041,7319.3241
2025-07-19 11:00:00,4.5000,7325.4006,6029.7606
2025-07-19 12:00:00,5.0000,9362.0367,7922.4367
2025-07-19 13:00:00,4.5000,8964.4339,7668.7939
2025-07-19 14:00:00,4.0000,6192.4762,5040.7962
2025-07-19 15:00:00,4.0000,3683.6345,2531.9545
2025-07-19 16:00:00,4.0000,1497.9700,346.2900
2025-07-19 17:00:00,6.0000,1781.0700,53.5500
2025-07-19 18:00:00,7.0000,2015.4400,0.0000
2025-07-19 19:00:00,7.5000,2159.4000,0.0000
2025-07-19 20:00:00,7.0000,2015.4400,0.0000
2025-07-19 21:00:00,6.0000,1727.5200,0.0000
2025-07-19 22:00:00,5.0000,1439.6000,0.0000
2025-07-19 23:00:00,4.0000,1151.6800,0.0000
2025-07-20 00:00:00,2.0000,575.8400,0.0000
2025-07-20 01:00:00,2.0000,575.8400,0.0000
2025-07-20 02:00:00,2.0000,575.8400,0.0000
2025-07-20 03:00:00,2.0000,579.4100,3.5700
2025-07-20 04:00:00,2.0000,854.3000,278.4600
2025-07-20 05:00:00,2.0000,4124.3684,3548.5284
2025-07-20 06:00:00,5.0000,5819.8694,4380.2694
2025-07-20 07:00:00,6.0000,7856.2671,6128.7471
2025-07-20 08:00:00,5.0000,8467.7966,7028.1966
2025-07-20 09:00:00,4.0000,8715.2797,7563.5997
2025-07-20 10:00:00,4.0000,8595.8347,7444.1547
2025-07-20 11:00:00,4.5000,8389.0688,7093.4288
2025-07-20 12:00:00,5.0000,9060.4206,7620.8206
2025-07-20 13:00:00,4.5000,8519.2950,7223.6550
2025-07-20 14:00:00,4.0000,8440.3746,7288.6946
2025-07-20 15:00:00,4.0000,6809.3620,5657.6820
2025-07-20 16:00:00,4.0000,3323.9235,2172.2435
2025-07-20 17:00:00,6.0000,2909.6756,1182.1556
2025-07-20 18:00:00,7.0000,2450.9800,435.5400
2025-07-20 19:00:00,7.5000,2159.4000,0.0000
2025-07-20 20:00:00,7.0000,2015.4400,0.0000
2025-07-20 21:00:00,6.0000,1727.5200,0.0000
2025-07-20 22:00:00,5.0000,1439.6000,0.0000
2025-07-20 23:00:00,4.0000,1151.6800,0.0000
2025-07-21 00:00:00,2.0000,575.8400,0.0000
2025-07-21 01:00:00,2.0000,575.8400,0.0000
2025-07-21 02:00:00,2.0000,575.8400,0.0000
2025-07-21 03:00:00,2.0000,575.8400,0.0000
2025-07-21 04:00:00,2.0000,654.3800,78.5400
2025-07-21 05:00:00,2.0000,718.6400,142.8000
2025-07-21 06:00:00,5.0000,2278.5500,838.9500
2025-07-21 07:00:00,6.0000,2922.7163,1195.1963
2025-07-21 08:00:00,5.0000,3560.1800,2120.5800
2025-07-21 09:00:00,3.0000,2648.7600,1785.0000
2025-07-21 10:00:00,3.0000,4919.2800,4055.5200
2025-07-21 11:00:00,3.5000,4927.5800,3919.8600
2025-07-21 12:00:00,4.0000,8277.0155,7125.3355
2025-07-21 13:00:00,3.5000,8905.8236,7898.1036
2025-07-21 14:00:00,3.0000,8744.9756,7881.2156
2025-07-21 15:00:00,3.0000,5455.5713,4591.8113
2025-07-21 16:00:00,3.0000,1906.6539,1042.8939
2025-07-21 17:00:00,5.0000,6184.2481,4744.6481
2025-07-21 18:00:00,6.0000,3626.3651,1898.8451
2025-07-21 19:00:00,7.0000,2022.5800,7.1400
2025-07-21 20:00:00,6.0000,1727.5200,0.0000
2025-07-21 21:00:00,5.0000,1439.6000,0.0000
2025-07-21 22:00:00,4.0000,1151.6800,0.0000
2025-07-21 23:00:00,3.0000,863.7600,0.0000
2025-07-22 00:00:00,2.0000,575.8400,0.0000
2025-07-22 01:00:00,2.0000,575.8400,0.0000
2025-07-22 02:00:00,2.0000,575.8400,0.0000
2025-07-22 03:00:00,2.0000,575.8400,0.0000
2025-07-22 04:00:00,2.0000,811.4600,235.6200
2025-07-22 05:00:00,2.0000,1379.0900,803.2500
2025-07-22 06:00:00,5.0000,3284.7543,1845.1543
2025-07-22 07:00:00,6.0000,4649.3248,2921.8048
2025-07-22 08:00:00,5.0000,6003.3979,4563.7979
2025-07-22 09:00:00,3.0000,7840.1885,6976.4285
2025-07-22 10:00:00,3.0000,9076.6721,8212.9121
2025-07-22 11:00:00,3.5000,9385.7881,8378.0681
2025-07-22 12:00:00,4.0000,9184.6412,8032.9612
2025-07-22 13:00:00,3.5000,9160.3217,8152.6017
2025-07-22 14:00:00,3.0000,5652.7228,4788.9628
2025-07-22 15:00:00,3.0000,7137.4293,6273.6693
2025-07-22 16:00:00,3.0000,5901.4471,5037.6871
2025-07-22 17:00:00,5.0000,4886.3999,3446.7999
2025-07-22 18:00:00,6.0000,2557.3415,829.8215
2025-07-22 19:00:00,7.0000,2022.5800,7.1400
2025-07-22 20:00:00,6.0000,1727.5200,0.0000
2025-07-22 21:00:00,5.0000,1439.6000,0.0000
2025-07-22 22:00:00,4.0000,1151.6800,0.0000
2025-07-22 23:00:00,3.0000,863.7600,0.0000
2025-07-23 00:00:00,2.0000,575.8400,0.0000
2025-07-23 01:00:00,2.0000,575.8400,0.0000
2025-07-23 02:00:00,2.0000,575.8400,0.0000
2025-07-23 03:00:00,2.0000,575.8400,0.0000
2025-07-23 04:00:00,2.0000,821.4440,245.6040
2025-07-23 05:00:00,2.0000,3046.6820,2470.8420
2025-07-23 06:00:00,5.0000,3960.7107,2521.1107
2025-07-23 07:00:00,6.0000,7531.6808,5804.1608
2025-07-23 08:00:00,5.0000,8291.6529,6852.0529
2025-07-23 09:00:00,3.0000,9181.0315,8317.2715
2025-07-23 10:00:00,3.0000,7042.5860,6178.8260
2025-07-23 11:00:00,3.5000,7271.9778,6264.2578
2025-07-23 12:00:00,4.0000,6469.4008,5317.7208
2025-07-23 13:00:00,3.5000,7709.2613,6701.5413
2025-07-23 14:00:00,3.0000,4571.1911,3707.4311
2025-07-23 15:00:00,3.0000,2791.5600,1927.8000
2025-07-23 16:00:00,3.0000,1645.7649,782.0049
2025-07-23 17:00:00,5.0000,2132.1800,692.5800
2025-07-23 18:00:00,6.0000,1917.6096,190.0896
2025-07-23 19:00:00,7.0000,2015.4400,0.0000
2025-07-23 20:00:00,6.0000,1727.5200,0.0000
2025-07-23 21:00:00,5.0000,1439.6000,0.0000
2025-07-23 22:00:00,4.0000,1151.6800,0.0000
2025-07-23 23:00:00,3.0000,863.7600,0.0000
2025-07-24 00:00:00,2.0000,575.8400,0.0000
2025-07-24 01:00:00,2.0000,575.8400,0.0000
2025-07-24 02:00:00,2.0000,575.8400,0.0000
2025-07-24 03:00:00,2.0000,575.8400,0.0000
2025-07-24 04:00:00,2.0000,632.9600,57.1200
2025-07-24 05:00:00,2.0000,1093.4900,517.6500
2025-07-24 06:00:00,5.0000,3613.7300,2174.1300
2025-07-24 07:00:00,6.0000,5436.3209,3708.8009
2025-07-24 08:00:00,5.0000,6919.6887,5480.0887
2025-07-24 09:00:00,3.0000,4559.6860,3695.9260
2025-07-24 10:00:00,3.0000,2495.2500,1631.4900
2025-07-24 11:00:00,3.5000,1818.1100,810.3900
2025-07-24 12:00:00,4.0000,2599.8670,1448.1870
2025-07-24 13:00:00,3.5000,6123.3485,5115.6285
2025-07-24 14:00:00,3.0000,4057.1013,3193.3413
2025-07-24 15:00:00,3.0000,5063.9300,4200.1700
2025-07-24 16:00:00,3.0000,3207.1844,2343.4244
2025-07-24 17:00:00,5.0000,2940.9520,1501.3520
2025-07-24 18:00:00,6.0000,1891.7400,164.2200
2025-07-24 19:00:00,7.0000,2019.0100,3.5700
2025-07-24 20:00:00,6.0000,1727.5200,0.0000
2025-07-24 21:00:00,5.0000,1439.6000,0.0000
2025-07-24 22:00:00,4.0000,1151.6800,0.0000
2025-07-24 23:00:00,3.0000,863.7600,0.0000
2025-07-25 00:00:00,2.0000,575.8400,0.0000
2025-07-25 01:00:00,2.0000,575.8400,0.0000
2025-07-25 02:00:00,2.0000,575.8400,0.0000
2025-07-25 03:00:00,2.0000,575.8400,0.0000
2025-07-25 04:00:00,2.0000,582.9800,7.1400
2025-07-25 05:00:00,2.0000,757.9100,182.0700
2025-07-25 06:00:00,5.0000,1596.6800,157.0800
2025-07-25 07:00:00,6.0000,2009.5500,282.0300
2025-07-25 08:00:00,5.0000,3021.1100,1581.5100
2025-07-25 09:00:00,3.0000,3252.0900,2388.3300
2025-07-25 10:00:00,3.0000,5583.9090,4720.1490
2025-07-25 11:00:00,3.5000,6142.4648,5134.7448
2025-07-25 12:00:00,4.0000,7464.1904,6312.5104
2025-07-25 13:00:00,3.5000,9605.7236,8598.0036
2025-07-25 14:00:00,3.0000,4723.0457,3859.2857
2025-07-25 15:00:00,3.0000,1738.4100,874.6500
2025-07-25 16:00:00,3.0000,2540.8248,1677.0648
2025-07-25 17:00:00,5.0000,2228.5700,788.9700
2025-07-25 18:00:00,6.0000,1845.3300,117.8100
2025-07-25 19:00:00,7.0000,2015.4400,0.0000
2025-07-25 20:00:00,6.0000,1727.5200,0.0000
2025-07-25 21:00:00,5.0000,1439.6000,0.0000
2025-07-25 22:00:00,4.0000,1151.6800,0.0000
2025-07-25 23:00:00,3.0000,863.7600,0.0000
2025-07-26 00:00:00,2.0000,575.8400,0.0000
2025-07-26 01:00:00,2.0000,575.8400,0.0000
2025-07-26 02:00:00,2.0000,575.8400,0.0000
2025-07-26 03:00:00,2.0000,575.8400,0.0000
2025-07-26 04:00:00,2.0000,640.1000,64.2600
2025-07-26 05:00:00,2.0000,964.9700,389.1300
2025-07-26 06:00:00,5.0000,2017.9400,578.3400
2025-07-26 07:00:00,6.0000,2741.4000,1013.8800
2025-07-26 08:00:00,5.0000,2574.8600,1135.2600
2025-07-26 09:00:00,4.0000,2690.3500,1538.6700
2025-07-26 10:00:00,4.0000,2286.9400,1135.2600
2025-07-26 11:00:00,4.5000,2630.8200,1335.1800
2025-07-26 12:00:00,5.0000,2653.4000,1213.8000
2025-07-26 13:00:00,4.5000,2541.5700,1245.9300
2025-07-26 14:00:00,4.0000,2665.3600,1513.6800
2025-07-26 15:00:00,4.0000,2568.7417,1417.0617
2025-07-26 16:00:00,4.0000,1929.9400,778.2600
2025-07-26 17:00:00,6.0000,1895.3100,167.7900
2025-07-26 18:00:00,7.0000,2015.4400,0.0000
2025-07-26 19:00:00,7.5000,2159.4000,0.0000
2025-07-26 20:00:00,7.0000,2015.4400,0.0000
2025-07-26 21:00:00,6.0000,1727.5200,0.0000
2025-07-26 22:00:00,5.0000,1439.6000,0.0000
2025-07-26 23:00:00,4.0000,1151.6800,0.0000
2025-07-27 00:00:00,2.0000,575.8400,0.0000
2025-07-27 01:00:00,2.0000,575.8400,0.0000
2025-07-27 02:00:00,2.0000,575.8400,0.0000
2025-07-27 03:00:00,2.0000,575.8400,0.0000
2025-07-27 04:00:00,2.0000,908.4850,332.6450
2025-07-27 05:00:00,2.0000,1229.3550,653.5150
2025-07-27 06:00:00,5.0000,3196.0400,1756.4400
2025-07-27 07:00:00,6.0000,4465.4790,2737.9590
2025-07-27 08:00:00,5.0000,4165.4273,2725.8273
2025-07-27 09:00:00,4.0000,4577.3071,3425.6271
2025-07-27 10:00:00,4.0000,7413.3596,6261.6796
2025-07-27 11:00:00,4.5000,8051.7790,6756.1390
2025-07-27 12:00:00,5.0000,7568.5368,6128.9368
2025-07-27 13:00:00,4.5000,6147.1651,4851.5251
2025-07-27 14:00:00,4.0000,3418.1087,2266.4287
2025-07-27 15:00:00,4.0000,5668.3902,4516.7102
2025-07-27 16:00:00,4.0000,3570.7352,2419.0552
2025-07-27 17:00:00,6.0000,2313.0000,585.4800
2025-07-27 18:00:00,7.0000,2058.2800,42.8400
2025-07-27 19:00:00,7.5000,2159.4000,0.0000
2025-07-27 20:00:00,7.0000,2015.4400,0.0000
2025-07-27 21:00:00,6.0000,1727.5200,0.0000
2025-07-27 22:00:00,5.0000,1439.6000,0.0000
2025-07-27 23:00:00,4.0000,1151.6800,0.0000
2025-07-28 00:00:00,2.0000,575.8400,0.0000
2025-07-28 01:00:00,2.0000,575.8400,0.0000
2025-07-28 02:00:00,2.0000,575.8400,0.0000
2025-07-28 03:00:00,2.0000,575.8400,0.0000
2025-07-28 04:00:00,2.0000,647.2400,71.4000
2025-07-28 05:00:00,2.0000,1086.3500,510.5100
2025-07-28 06:00:00,5.0000,2410.6400,971.0400
2025-07-28 07:00:00,6.0000,4333.6200,2606.1000
2025-07-28 08:00:00,5.0000,3266.9099,1827.3099
2025-07-28 09:00:00,3.0000,2994.1895,2130.4295
2025-07-28 10:00:00,3.0000,2386.9382,1523.1782
2025-07-28 11:00:00,3.5000,2689.1900,1681.4700
2025-07-28 12:00:00,4.0000,2511.8500,1360.1700
2025-07-28 13:00:00,3.5000,2450.0000,1442.2800
2025-07-28 14:00:00,3.0000,2627.3400,1763.5800
2025-07-28 15:00:00,3.0000,2844.9371,1981.1771
2025-07-28 16:00:00,3.0000,2234.6400,1370.8800
2025-07-28 17:00:00,5.0000,1800.1700,360.5700
2025-07-28 18:00:00,6.0000,1795.3500,67.8300
2025-07-28 19:00:00,7.0000,2015.4400,0.0000
2025-07-28 20:00:00,6.0000,1727.5200,0.0000
2025-07-28 21:00:00,5.0000,1439.6000,0.0000
2025-07-28 22:00:00,4.0000,1151.6800,0.0000
2025-07-28 23:00:00,3.0000,863.7600,0.0000
2025-07-29 00:00:00,2.0000,575.8400,0.0000
2025-07-29 01:00:00,2.0000,575.8400,0.0000
2025-07-29 02:00:00,2.0000,575.8400,0.0000
2025-07-29 03:00:00,2.0000,575.8400,0.0000
2025-07-29 04:00:00,2.0000,643.6700,67.8300
2025-07-29 05:00:00,2.0000,939.9800,364.1400
2025-07-29 06:00:00,5.0000,2203.5800,763.9800
2025-07-29 07:00:00,6.0000,3408.8144,1681.2944
2025-07-29 08:00:00,5.0000,3462.7724,2023.1724
2025-07-29 09:00:00,3.0000,7567.6184,6703.8584
2025-07-29 10:00:00,3.0000,8335.8849,7472.1249
2025-07-29 11:00:00,3.5000,6186.0489,5178.3289
2025-07-29 12:00:00,4.0000,7511.4250,6359.7450
2025-07-29 13:00:00,3.5000,9436.6424,8428.9224
2025-07-29 14:00:00,3.0000,4563.9886,3700.2286
2025-07-29 15:00:00,3.0000,2976.9126,2113.1526
2025-07-29 16:00:00,3.0000,3052.9966,2189.2366
2025-07-29 17:00:00,5.0000,3029.6786,1590.0786
2025-07-29 18:00:00,6.0000,1977.5577,250.0377
2025-07-29 19:00:00,7.0000,2015.4400,0.0000
2025-07-29 20:00:00,6.0000,1727.5200,0.0000
2025-07-29 21:00:00,5.0000,1439.6000,0.0000
2025-07-29 22:00:00,4.0000,1151.6800,0.0000
2025-07-29 23:00:00,3.0000,863.7600,0.0000
2025-07-30 00:00:00,2.0000,575.8400,0.0000
2025-07-30 01:00:00,2.0000,575.8400,0.0000
2025-07-30 02:00:00,2.0000,575.8400,0.0000
2025-07-30 03:00:00,2.0000,575.8400,0.0000
2025-07-30 04:00:00,2.0000,815.0300,239.1900
2025-07-30 05:00:00,2.0000,3747.9892,3172.1492
2025-07-30 06:00:00,5.0000,6051.8273,4612.2273
2025-07-30 07:00:00,6.0000,5798.5144,4070.9944
2025-07-30 08:00:00,5.0000,4491.9500,3052.3500
2025-07-30 09:00:00,3.0000,5699.9719,4836.2119
2025-07-30 10:00:00,3.0000,5687.0351,4823.2751
2025-07-30 11:00:00,3.5000,7563.7791,6556.0591
2025-07-30 12:00:00,4.0000,3991.1055,2839.4255
2025-07-30 13:00:00,3.5000,3352.4170,2344.6970
2025-07-30 14:00:00,3.0000,3461.8101,2598.0501
2025-07-30 15:00:00,3.0000,2713.0200,1849.2600
2025-07-30 16:00:00,3.0000,2620.2593,1756.4993
2025-07-30 17:00:00,5.0000,1994.1477,554.5477
2025-07-30 18:00:00,6.0000,1773.9300,46.4100
2025-07-30 19:00:00,7.0000,2015.4400,0.0000
2025-07-30 20:00:00,6.0000,1727.5200,0.0000
2025-07-30 21:00:00,5.0000,1439.6000,0.0000
2025-07-30 22:00:00,4.0000,1151.6800,0.0000
2025-07-30 23:00:00,3.0000,863.7600,0.0000
2025-07-31 00:00:00,2.0000,575.8400,0.0000
2025-07-31 01:00:00,2.0000,575.8400,0.0000
2025-07-31 02:00:00,2.0000,575.8400,0.0000
2025-07-31 03:00:00,2.0000,575.8400,0.0000
2025-07-31 04:00:00,2.0000,886.4300,310.5900
2025-07-31 05:00:00,2.0000,1885.1949,1309.3549
2025-07-31 06:00:00,5.0000,2846.4458,1406.8458
2025-07-31 07:00:00,6.0000,6343.5642,4616.0442
2025-07-31 08:00:00,5.0000,5570.2412,4130.6412
2025-07-31 09:00:00,3.0000,6490.5802,5626.8202
2025-07-31 10:00:00,3.0000,5010.7892,4147.0292
2025-07-31 11:00:00,3.5000,6845.9034,5838.1834
2025-07-31 12:00:00,4.0000,6202.6697,5050.9897
2025-07-31 13:00:00,3.5000,3966.4761,2958.7561
2025-07-31 14:00:00,3.0000,3973.3225,3109.5625
2025-07-31 15:00:00,3.0000,6644.4605,5780.7005
2025-07-31 16:00:00,3.0000,4835.8683,3972.1083
2025-07-31 17:00:00,5.0000,4945.2374,3505.6374
2025-07-31 18:00:00,6.0000,2464.6828,737.1628
2025-07-31 19:00:00,7.0000,2019.0100,3.5700
2025-07-31 20:00:00,6.0000,1727.5200,0.0000
2025-07-31 21:00:00,5.0000,1439.6000,0.0000
2025-07-31 22:00:00,4.0000,1151.6800,0.0000
2025-07-31 23:00:00,3.0000,863.7600,0.0000
2025-08-01 00:00:00,2.0000,575.8400,0.0000
2025-08-01 01:00:00,2.0000,575.8400,0.0000
2025-08-01 02:00:00,2.0000,575.8400,0.0000
2025-08-01 03:00:00,2.0000,575.8400,0.0000
2025-08-01 04:00:00,2.0000,593.6900,17.8500
2025-08-01 05:00:00,2.0000,1222.0100,646.1700
2025-08-01 06:00:00,5.0000,2835.4700,1395.8700
2025-08-01 07:00:00,6.0000,4667.0074,2939.4874
2025-08-01 08:00:00,5.0000,4288.1441,2848.5441
2025-08-01 09:00:00,3.0000,4152.6008,3288.8408
2025-08-01 10:00:00,3.0000,4823.5919,3959.8319
2025-08-01 11:00:00,3.5000,6217.0896,5209.3696
2025-08-01 12:00:00,4.0000,3326.0358,2174.3558
2025-08-01 13:00:00,3.5000,7959.0978,6951.3778
2025-08-01 14:00:00,3.0000,6610.0319,5746.2719
2025-08-01 15:00:00,3.0000,6904.9950,6041.2350
2025-08-01 16:00:00,3.0000,2532.1796,1668.4196
2025-08-01 17:00:00,5.0000,3633.9464,2194.3464
2025-08-01 18:00:00,6.0000,1932.2000,204.6800
2025-08-01 19:00:00,7.0000,2015.4400,0.0000
2025-08-01 20:00:00,6.0000,1727.5200,0.0000
2025-08-01 21:00:00,5.0000,1439.6000,0.0000
2025-08-01 22:00:00,4.0000,1151.6800,0.0000
2025-08-01 23:00:00,3.0000,863.7600,0.0000
2025-08-02 00:00:00,2.0000,575.8400,0.0000
2025-08-02 01:00:00,2.0000,575.8400,0.0000
2025-08-02 02:00:00,2.0000,575.8400,0.0000
2025-08-02 03:00:00,2.0000,575.8400,0.0000
2025-08-02 04:00:00,2.0000,607.9700,32.1300
2025-08-02 05:00:00,2.0000,879.2900,303.4500
2025-08-02 06:00:00,5.0000,1596.6800,157.0800
2025-08-02 07:00:00,6.0000,2495.0700,767.5500
2025-08-02 08:00:00,5.0000,3449.5100,2009.9100
2025-08-02 09:00:00,4.0000,3461.4700,2309.7900
2025-08-02 10:00:00,4.0000,3932.7100,2781.0300
2025-08-02 11:00:00,4.5000,4785.6052,3489.9652
2025-08-02 12:00:00,5.0000,6728.1547,5288.5547
2025-08-02 13:00:00,4.5000,2859.3000,1563.6600
2025-08-02 14:00:00,4.0000,2251.2400,1099.5600
2025-08-02 15:00:00,4.0000,1819.2700,667.5900
2025-08-02 16:00:00,4.0000,1740.7300,589.0500
2025-08-02 17:00:00,6.0000,2248.7400,521.2200
2025-08-02 18:00:00,7.0000,2465.2600,449.8200
2025-08-02 19:00:00,7.5000,2159.4000,0.0000
2025-08-02 20:00:00,7.0000,2015.4400,0.0000
2025-08-02 21:00:00,6.0000,1727.5200,0.0000
2025-08-02 22:00:00,5.0000,1439.6000,0.0000
2025-08-02 23:00:00,4.0000,1151.6800,0.0000
2025-08-03 00:00:00,2.0000,575.8400,0.0000
2025-08-03 01:00:00,2.0000,575.8400,0.0000
2025-08-03 02:00:00,2.0000,575.8400,0.0000
2025-08-03 03:00:00,2.0000,575.8400,0.0000
2025-08-03 04:00:00,2.0000,654.3800,78.5400
2025-08-03 05:00:00,2.0000,1539.7400,963.9000
2025-08-03 06:00:00,5.0000,3100.0557,1660.4557
2025-08-03 07:00:00,6.0000,3951.6083,2224.0883
2025-08-03 08:00:00,5.0000,5773.4311,4333.8311
2025-08-03 09:00:00,4.0000,6238.0376,5086.3576
2025-08-03 10:00:00,4.0000,5859.8343,4708.1543
2025-08-03 11:00:00,4.5000,7944.3520,6648.7120
2025-08-03 12:00:00,5.0000,6887.9519,5448.3519
2025-08-03 13:00:00,4.5000,6316.4902,5020.8502
2025-08-03 14:00:00,4.0000,4657.4200,3505.7400
2025-08-03 15:00:00,4.0000,3136.6000,1984.9200
2025-08-03 16:00:00,4.0000,2340.9461,1189.2661
2025-08-03 17:00:00,6.0000,2341.5600,614.0400
2025-08-03 18:00:00,7.0000,2147.5300,132.0900
2025-08-03 19:00:00,7.5000,2159.4000,0.0000
2025-08-03 20:00:00,7.0000,2015.4400,0.0000
2025-08-03 21:00:00,6.0000,1727.5200,0.0000
2025-08-03 22:00:00,5.0000,1439.6000,0.0000
2025-08-03 23:00:00,4.0000,1151.6800,0.0000
2025-08-04 00:00:00,2.0000,575.8400,0.0000
2025-08-04 01:00:00,2.0000,575.8400,0.0000
2025-08-04 02:00:00,2.0000,575.8400,0.0000
2025-08-04 03:00:00,2.0000,575.8400,0.0000
2025-08-04 04:00:00,2.0000,654.3800,78.5400
2025-08-04 05:00:00,2.0000,1247.0000,671.1600
2025-08-04 06:00:00,5.0000,2414.2100,974.6100
2025-08-04 07:00:00,6.0000,3209.0818,1481.5618
2025-08-04 08:00:00,5.0000,3249.2223,1809.6223
2025-08-04 09:00:00,3.0000,2820.1200,1956.3600
2025-08-04 10:00:00,3.0000,3148.5600,2284.8000
2025-08-04 11:00:00,3.5000,2939.0900,1931.3700
2025-08-04 12:00:00,4.0000,3425.7700,2274.0900
2025-08-04 13:00:00,3.5000,4306.4000,3298.6800
2025-08-04 14:00:00,3.0000,5117.8838,4254.1238
2025-08-04 15:00:00,3.0000,4201.7644,3338.0044
2025-08-04 16:00:00,3.0000,4366.9474,3503.1874
2025-08-04 17:00:00,5.0000,4350.3539,2910.7539
2025-08-04 18:00:00,6.0000,1997.0550,269.5350
2025-08-04 19:00:00,7.0000,2015.4400,0.0000
2025-08-04 20:00:00,6.0000,1727.5200,0.0000
2025-08-04 21:00:00,5.0000,1439.6000,0.0000
2025-08-04 22:00:00,4.0000,1151.6800,0.0000
2025-08-04 23:00:00,3.0000,863.7600,0.0000
2025-08-05 00:00:00,2.0000,575.8400,0.0000
2025-08-05 01:00:00,2.0000,575.8400,0.0000
2025-08-05 02:00:00,2.0000,575.8400,0.0000
2025-08-05 03:00:00,2.0000,575.8400,0.0000
2025-08-05 04:00:00,2.0000,702.5750,126.7350
2025-08-05 05:00:00,2.0000,3771.7867,3195.9467
2025-08-05 06:00:00,5.0000,6272.5282,4832.9282
2025-08-05 07:00:00,6.0000,8323.8445,6596.3245
2025-08-05 08:00:00,5.0000,8575.7274,7136.1274
2025-08-05 09:00:00,3.0000,6553.4328,5689.6728
2025-08-05 10:00:00,3.0000,6170.8308,5307.0708
2025-08-05 11:00:00,3.5000,6668.0853,5660.3653
2025-08-05 12:00:00,4.0000,6961.2875,5809.6075
2025-08-05 13:00:00,3.5000,6626.6862,5618.9662
2025-08-05 14:00:00,3.0000,7209.6804,6345.9204
2025-08-05 15:00:00,3.0000,8132.7626,7269.0026
2025-08-05 16:00:00,3.0000,5244.8765,4381.1165
2025-08-05 17:00:00,5.0000,3583.2971,2143.6971
2025-08-05 18:00:00,6.0000,2074.4050,346.8850
2025-08-05 19:00:00,7.0000,2015.4400,0.0000
2025-08-05 20:00:00,6.0000,1727.5200,0.0000
2025-08-05 21:00:00,5.0000,1439.6000,0.0000
2025-08-05 22:00:00,4.0000,1151.6800,0.0000
2025-08-05 23:00:00,3.0000,863.7600,0.0000
2025-08-06 00:00:00,2.0000,575.8400,0.0000
2025-08-06 01:00:00,2.0000,575.8400,0.0000
2025-08-06 02:00:00,2.0000,575.8400,0.0000
2025-08-06 03:00:00,2.0000,575.8400,0.0000
2025-08-06 04:00:00,2.0000,761.4800,185.6400
2025-08-06 05:00:00,2.0000,2618.5218,2042.6818
2025-08-06 06:00:00,5.0000,5485.5238,4045.9238
2025-08-06 07:00:00,6.0000,7850.0458,6122.5258
2025-08-06 08:00:00,5.0000,8688.5345,7248.9345
2025-08-06 09:00:00,3.0000,8660.5849,7796.8249
2025-08-06 10:00:00,3.0000,9131.2296,8267.4696
2025-08-06 11:00:00,3.5000,8613.5402,7605.8202
2025-08-06 12:00:00,4.0000,8418.6540,7266.9740
2025-08-06 13:00:00,3.5000,8904.9491,7897.2291
2025-08-06 14:00:00,3.0000,8091.0026,7227.2426
2025-08-06 15:00:00,3.0000,5639.2588,4775.4988
2025-08-06 16:00:00,3.0000,4253.5319,3389.7719
2025-08-06 17:00:00,5.0000,3160.9094,1721.3094
2025-08-06 18:00:00,6.0000,2035.7300,308.2100
2025-08-06 19:00:00,7.0000,2015.4400,0.0000
2025-08-06 20:00:00,6.0000,1727.5200,0.0000
2025-08-06 21:00:00,5.0000,1439.6000,0.0000
2025-08-06 22:00:00,4.0000,1151.6800,0.0000
2025-08-06 23:00:00,3.0000,863.7600,0.0000
2025-08-07 00:00:00,2.0000,575.8400,0.0000
2025-08-07 01:00:00,2.0000,575.8400,0.0000
2025-08-07 02:00:00,2.0000,575.8400,0.0000
2025-08-07 03:00:00,2.0000,575.8400,0.0000
2025-08-07 04:00:00,2.0000,754.9350,179.0950
2025-08-07 05:00:00,2.0000,2842.9524,2267.1124
2025-08-07 06:00:00,5.0000,5096.8810,3657.2810
2025-08-07 07:00:00,6.0000,7732.9585,6005.4385
2025-08-07 08:00:00,5.0000,8841.8862,7402.2862
2025-08-07 09:00:00,3.0000,8903.2873,8039.5273
2025-08-07 10:00:00,3.0000,8783.5770,7919.8170
2025-08-07 11:00:00,3.5000,7910.0640,6902.3440
2025-08-07 12:00:00,4.0000,9813.6886,8662.0086
2025-08-07 13:00:00,3.5000,9090.9751,8083.2551
2025-08-07 14:00:00,3.0000,7425.6209,6561.8609
2025-08-07 15:00:00,3.0000,5214.4025,4350.6425
2025-08-07 16:00:00,3.0000,4694.1836,3830.4236
2025-08-07 17:00:00,5.0000,5471.6605,4032.0605
2025-08-07 18:00:00,6.0000,1953.0250,225.5050
2025-08-07 19:00:00,7.0000,2015.4400,0.0000
2025-08-07 20:00:00,6.0000,1727.5200,0.0000
2025-08-07 21:00:00,5.0000,1439.6000,0.0000
2025-08-07 22:00:00,4.0000,1151.6800,0.0000
2025-08-07 23:00:00,3.0000,863.7600,0.0000
2025-08-08 00:00:00,2.0000,575.8400,0.0000
2025-08-08 01:00:00,2.0000,575.8400,0.0000
2025-08-08 02:00:00,2.0000,575.8400,0.0000
2025-08-08 03:00:00,2.0000,575.8400,0.0000
2025-08-08 04:00:00,2.0000,686.5100,110.6700
2025-08-08 05:00:00,2.0000,3597.7036,3021.8636
2025-08-08 06:00:00,5.0000,6318.7450,4879.1450
2025-08-08 07:00:00,6.0000,8359.2184,6631.6984
2025-08-08 08:00:00,5.0000,9257.3026,7817.7026
2025-08-08 09:00:00,3.0000,9127.7917,8264.0317
2025-08-08 10:00:00,3.0000,8965.5229,8101.7629
2025-08-08 11:00:00,3.5000,8342.6553,7334.9353
2025-08-08 12:00:00,4.0000,9461.7298,8310.0498
2025-08-08 13:00:00,3.5000,9505.1186,8497.3986
2025-08-08 14:00:00,3.0000,8892.5839,8028.8239
2025-08-08 15:00:00,3.0000,7658.5032,6794.7432
2025-08-08 16:00:00,3.0000,5744.0354,4880.2754
2025-08-08 17:00:00,5.0000,5035.0049,3595.4049
2025-08-08 18:00:00,6.0000,1972.6600,245.1400
2025-08-08 19:00:00,7.0000,2015.4400,0.0000
2025-08-08 20:00:00,6.0000,1727.5200,0.0000
2025-08-08 21:00:00,5.0000,1439.6000,0.0000
2025-08-08 22:00:00,4.0000,1151.6800,0.0000
2025-08-08 23:00:00,3.0000,863.7600,0.0000
2025-08-09 00:00:00,2.0000,575.8400,0.0000
2025-08-09 01:00:00,2.0000,575.8400,0.0000
2025-08-09 02:00:00,2.0000,575.8400,0.0000
2025-08-09 03:00:00,2.0000,575.8400,0.0000
2025-08-09 04:00:00,2.0000,704.9550,129.1150
2025-08-09 05:00:00,2.0000,3092.9434,2517.1034
2025-08-09 06:00:00,5.0000,5880.1841,4440.5841
2025-08-09 07:00:00,6.0000,8130.8892,6403.3692
2025-08-09 08:00:00,5.0000,9169.8802,7730.2802
2025-08-09 09:00:00,4.0000,9330.7795,8179.0995
2025-08-09 10:00:00,4.0000,9110.9572,7959.2772
2025-08-09 11:00:00,4.5000,8625.6094,7329.9694
2025-08-09 12:00:00,5.0000,9688.9567,8249.3567
2025-08-09 13:00:00,4.5000,9604.0061,8308.3661
2025-08-09 14:00:00,4.0000,8946.2538,7794.5738
2025-08-09 15:00:00,4.0000,7675.8304,6524.1504
2025-08-09 16:00:00,4.0000,5861.8781,4710.1981
2025-08-09 17:00:00,6.0000,5197.6570,3470.1370
2025-08-09 18:00:00,7.0000,2220.1200,204.6800
2025-08-09 19:00:00,7.5000,2159.4000,0.0000
2025-08-09 20:00:00,7.0000,2015.4400,0.0000
2025-08-09 21:00:00,6.0000,1727.5200,0.0000
2025-08-09 22:00:00,5.0000,1439.6000,0.0000
2025-08-09 23:00:00,4.0000,1151.6800,0.0000
2025-08-10 00:00:00,2.0000,575.8400,0.0000
2025-08-10 01:00:00,2.0000,575.8400,0.0000
2025-08-10 02:00:00,2.0000,575.8400,0.0000
2025-08-10 03:00:00,2.0000,575.8400,0.0000
2025-08-10 04:00:00,2.0000,693.6500,117.8100
2025-08-10 05:00:00,2.0000,2921.3017,2345.4617
2025-08-10 06:00:00,5.0000,5433.4479,3993.8479
2025-08-10 07:00:00,6.0000,7790.2819,6062.7619
2025-08-10 08:00:00,5.0000,8465.1889,7025.5889
2025-08-10 09:00:00,4.0000,8235.3352,7083.6552
2025-08-10 10:00:00,4.0000,8885.5046,7733.8246
2025-08-10 11:00:00,4.5000,8658.8837,7363.2437
2025-08-10 12:00:00,5.0000,9733.1085,8293.5085
2025-08-10 13:00:00,4.5000,9680.6675,8385.0275
2025-08-10 14:00:00,4.0000,8955.9095,7804.2295
2025-08-10 15:00:00,4.0000,7770.0214,6618.3414
2025-08-10 16:00:00,4.0000,5991.6423,4839.9623
2025-08-10 17:00:00,6.0000,4832.4160,3104.8960
2025-08-10 18:00:00,7.0000,2299.8500,284.4100
2025-08-10 19:00:00,7.5000,2159.4000,0.0000
2025-08-10 20:00:00,7.0000,2015.4400,0.0000
2025-08-10 21:00:00,6.0000,1727.5200,0.0000
2025-08-10 22:00:00,5.0000,1439.6000,0.0000
2025-08-10 23:00:00,4.0000,1151.6800,0.0000
2025-08-11 00:00:00,2.0000,575.8400,0.0000
2025-08-11 01:00:00,2.0000,575.8400,0.0000
2025-08-11 02:00:00,2.0000,575.8400,0.0000
2025-08-11 03:00:00,2.0000,575.8400,0.0000
2025-08-11 04:00:00,2.0000,700.7900,124.9500
2025-08-11 05:00:00,2.0000,2964.3978,2388.5578
2025-08-11 06:00:00,5.0000,5916.2261,4476.6261
2025-08-11 07:00:00,6.0000,8103.6818,6376.1618
2025-08-11 08:00:00,5.0000,9099.2501,7659.6501
2025-08-11 09:00:00,3.0000,9009.7945,8146.0345
2025-08-11 10:00:00,3.0000,8926.8365,8063.0765
2025-08-11 11:00:00,3.5000,8446.4900,7438.7700
2025-08-11 12:00:00,4.0000,9455.1832,8303.5032
2025-08-11 13:00:00,3.5000,9434.1494,8426.4294
2025-08-11 14:00:00,3.0000,8731.9276,7868.1676
2025-08-11 15:00:00,3.0000,7545.5818,6681.8218
2025-08-11 16:00:00,3.0000,5655.1336,4791.3736
2025-08-11 17:00:00,5.0000,4801.2405,3361.6405
2025-08-11 18:00:00,6.0000,1910.1850,182.6650
2025-08-11 19:00:00,7.0000,2015.4400,0.0000
2025-08-11 20:00:00,6.0000,1727.5200,0.0000
2025-08-11 21:00:00,5.0000,1439.6000,0.0000
2025-08-11 22:00:00,4.0000,1151.6800,0.0000
2025-08-11 23:00:00,3.0000,863.7600,0.0000
2025-08-12 00:00:00,2.0000,575.8400,0.0000
2025-08-12 01:00:00,2.0000,575.8400,0.0000
2025-08-12 02:00:00,2.0000,575.8400,0.0000
2025-08-12 03:00:00,2.0000,575.8400,0.0000
2025-08-12 04:00:00,2.0000,697.2200,121.3800
2025-08-12 05:00:00,2.0000,2772.5210,2196.6810
2025-08-12 06:00:00,5.0000,5714.4351,4274.8351
2025-08-12 07:00:00,6.0000,7941.6573,6214.1373
2025-08-12 08:00:00,5.0000,8973.2649,7533.6649
2025-08-12 09:00:00,3.0000,9168.6118,8304.8518
2025-08-12 10:00:00,3.0000,8945.4230,8081.6630
2025-08-12 11:00:00,3.5000,8537.4467,7529.7267
2025-08-12 12:00:00,4.0000,9602.5629,8450.8829
2025-08-12 13:00:00,3.5000,9560.9236,8553.2036
2025-08-12 14:00:00,3.0000,8868.3838,8004.6238
2025-08-12 15:00:00,3.0000,7277.1162,6413.3562
2025-08-12 16:00:00,3.0000,5314.1217,4450.3617
2025-08-12 17:00:00,5.0000,4308.0042,2868.4042
2025-08-12 18:00:00,6.0000,1895.3100,167.7900
2025-08-12 19:00:00,7.0000,2015.4400,0.0000
2025-08-12 20:00:00,6.0000,1727.5200,0.0000
2025-08-12 21:00:00,5.0000,1439.6000,0.0000
2025-08-12 22:00:00,4.0000,1151.6800,0.0000
2025-08-12 23:00:00,3.0000,863.7600,0.0000
2025-08-13 00:00:00,2.0000,575.8400,0.0000
2025-08-13 01:00:00,2.0000,575.8400,0.0000
2025-08-13 02:00:00,2.0000,575.8400,0.0000
2025-08-13 03:00:00,2.0000,575.8400,0.0000
2025-08-13 04:00:00,2.0000,697.2200,121.3800
2025-08-13 05:00:00,2.0000,2503.9672,1928.1272
2025-08-13 06:00:00,5.0000,5525.3532,4085.7532
2025-08-13 07:00:00,6.0000,7751.9956,6024.4756
2025-08-13 08:00:00,5.0000,8769.2432,7329.6432
2025-08-13 09:00:00,3.0000,8797.9729,7934.2129
2025-08-13 10:00:00,3.0000,8644.4366,7780.6766
2025-08-13 11:00:00,3.5000,8345.7324,7338.0124
2025-08-13 12:00:00,4.0000,9142.8841,7991.2041
2025-08-13 13:00:00,3.5000,8925.0027,7917.2827
2025-08-13 14:00:00,3.0000,8267.6963,7403.9363
2025-08-13 15:00:00,3.0000,6990.3852,6126.6252
2025-08-13 16:00:00,3.0000,5078.3700,4214.6100
2025-08-13 17:00:00,5.0000,3881.9171,2442.3171
2025-08-13 18:00:00,6.0000,1895.3100,167.7900
2025-08-13 19:00:00,7.0000,2015.4400,0.0000
2025-08-13 20:00:00,6.0000,1727.5200,0.0000
2025-08-13 21:00:00,5.0000,1439.6000,0.0000
2025-08-13 22:00:00,4.0000,1151.6800,0.0000
2025-08-13 23:00:00,3.0000,863.7600,0.0000
2025-08-14 00:00:00,2.0000,575.8400,0.0000
2025-08-14 01:00:00,2.0000,575.8400,0.0000
2025-08-14 02:00:00,2.0000,575.8400,0.0000
2025-08-14 03:00:00,2.0000,575.8400,0.0000
2025-08-14 04:00:00,2.0000,679.3700,103.5300
2025-08-14 05:00:00,2.0000,2755.9181,2180.0781
2025-08-14 06:00:00,5.0000,5885.3106,4445.7106
2025-08-14 07:00:00,6.0000,8184.0025,6456.4825
2025-08-14 08:00:00,5.0000,8768.0034,7328.4034
2025-08-14 09:00:00,3.0000,10124.6070,9260.8470
2025-08-14 10:00:00,3.0000,9000.5306,8136.7706
2025-08-14 11:00:00,3.5000,7982.7592,6975.0392
2025-08-14 12:00:00,4.0000,7546.4221,6394.7421
2025-08-14 13:00:00,3.5000,8250.8647,7243.1447
2025-08-14 14:00:00,3.0000,8174.5794,7310.8194
2025-08-14 15:00:00,3.0000,7629.5803,6765.8203
2025-08-14 16:00:00,3.0000,5746.1946,4882.4346
2025-08-14 17:00:00,5.0000,5091.7155,3652.1155
2025-08-14 18:00:00,6.0000,2105.9400,378.4200
2025-08-14 19:00:00,7.0000,2015.4400,0.0000
2025-08-14 20:00:00,6.0000,1727.5200,0.0000
2025-08-14 21:00:00,5.0000,1439.6000,0.0000
2025-08-14 22:00:00,4.0000,1151.6800,0.0000
2025-08-14 23:00:00,3.0000,863.7600,0.0000
2025-08-15 00:00:00,2.0000,575.8400,0.0000
2025-08-15 01:00:00,2.0000,575.8400,0.0000
2025-08-15 02:00:00,2.0000,575.8400,0.0000
2025-08-15 03:00:00,2.0000,575.8400,0.0000
2025-08-15 04:00:00,2.0000,665.0900,89.2500
2025-08-15 05:00:00,2.0000,2574.7272,1998.8872
2025-08-15 06:00:00,5.0000,5578.5096,4138.9096
2025-08-15 07:00:00,6.0000,6764.6333,5037.1133
2025-08-15 08:00:00,5.0000,8824.5942,7384.9942
2025-08-15 09:00:00,3.0000,8321.0570,7457.2970
2025-08-15 10:00:00,3.0000,8924.2263,8060.4663
2025-08-15 11:00:00,3.5000,8561.2847,7553.5647
2025-08-15 12:00:00,4.0000,6570.8696,5419.1896
2025-08-15 13:00:00,3.5000,6456.7088,5448.9888
2025-08-15 14:00:00,3.0000,8092.6138,7228.8538
2025-08-15 15:00:00,3.0000,7255.8068,6392.0468
2025-08-15 16:00:00,3.0000,4728.3126,3864.5526
2025-08-15 17:00:00,5.0000,2492.3675,1052.7675
2025-08-15 18:00:00,6.0000,1823.9100,96.3900
2025-08-15 19:00:00,7.0000,2015.4400,0.0000
2025-08-15 20:00:00,6.0000,1727.5200,0.0000
2025-08-15 21:00:00,5.0000,1439.6000,0.0000
2025-08-15 22:00:00,4.0000,1151.6800,0.0000
2025-08-15 23:00:00,3.0000,863.7600,0.0000
2025-08-16 00:00:00,2.0000,575.8400,0.0000
2025-08-16 01:00:00,2.0000,575.8400,0.0000
2025-08-16 02:00:00,2.0000,575.8400,0.0000
2025-08-16 03:00:00,2.0000,575.8400,0.0000
2025-08-16 04:00:00,2.0000,575.8400,0.0000
2025-08-16 05:00:00,2.0000,575.8400,0.0000
2025-08-16 06:00:00,5.0000,1443.1700,3.5700
2025-08-16 07:00:00,6.0000,2041.6800,314.1600
2025-08-16 08:00:00,5.0000,3531.6200,2092.0200
2025-08-16 09:00:00,4.0000,6093.9377,4942.2577
2025-08-16 10:00:00,4.0000,9739.3002,8587.6202
2025-08-16 11:00:00,4.5000,9121.7302,7826.0902
2025-08-16 12:00:00,5.0000,8026.4411,6586.8411
2025-08-16 13:00:00,4.5000,9467.4398,8171.7998
2025-08-16 14:00:00,4.0000,9118.7260,7967.0460
2025-08-16 15:00:00,4.0000,4875.9500,3724.2700
2025-08-16 16:00:00,4.0000,2511.8500,1360.1700
2025-08-16 17:00:00,6.0000,2423.6700,696.1500
2025-08-16 18:00:00,7.0000,2076.1300,60.6900
2025-08-16 19:00:00,7.5000,2159.4000,0.0000
2025-08-16 20:00:00,7.0000,2015.4400,0.0000
2025-08-16 21:00:00,6.0000,1727.5200,0.0000
2025-08-16 22:00:00,5.0000,1439.6000,0.0000
2025-08-16 23:00:00,4.0000,1151.6800,0.0000
2025-08-17 00:00:00,2.0000,575.8400,0.0000
2025-08-17 01:00:00,2.0000,575.8400,0.0000
2025-08-17 02:00:00,2.0000,575.8400,0.0000
2025-08-17 03:00:00,2.0000,575.8400,0.0000
2025-08-17 04:00:00,2.0000,575.8400,0.0000
2025-08-17 05:00:00,2.0000,818.6000,242.7600
2025-08-17 06:00:00,5.0000,2656.9700,1217.3700
2025-08-17 07:00:00,6.0000,2777.1000,1049.5800
2025-08-17 08:00:00,5.0000,3792.2300,2352.6300
2025-08-17 09:00:00,4.0000,2797.4500,1645.7700
2025-08-17 10:00:00,4.0000,4492.3490,3340.6690
2025-08-17 11:00:00,4.5000,7584.2442,6288.6042
2025-08-17 12:00:00,5.0000,8466.9950,7027.3950
2025-08-17 13:00:00,4.5000,6730.8810,5435.2410
2025-08-17 14:00:00,4.0000,7021.0462,5869.3662
2025-08-17 15:00:00,4.0000,5889.8661,4738.1861
2025-08-17 16:00:00,4.0000,5555.6782,4403.9982
2025-08-17 17:00:00,6.0000,4018.9291,2291.4091
2025-08-17 18:00:00,7.0000,2172.5200,157.0800
2025-08-17 19:00:00,7.5000,2159.4000,0.0000
2025-08-17 20:00:00,7.0000,2015.4400,0.0000
2025-08-17 21:00:00,6.0000,1727.5200,0.0000
2025-08-17 22:00:00,5.0000,1439.6000,0.0000
2025-08-17 23:00:00,4.0000,1151.6800,0.0000
2025-08-18 00:00:00,2.0000,575.8400,0.0000
2025-08-18 01:00:00,2.0000,575.8400,0.0000
2025-08-18 02:00:00,2.0000,575.8400,0.0000
2025-08-18 03:00:00,2.0000,575.8400,0.0000
2025-08-18 04:00:00,2.0000,632.9600,57.1200
2025-08-18 05:00:00,2.0000,1300.5500,724.7100
2025-08-18 06:00:00,5.0000,3387.9562,1948.3562
2025-08-18 07:00:00,6.0000,6781.4527,5053.9327
2025-08-18 08:00:00,5.0000,8967.6241,7528.0241
2025-08-18 09:00:00,3.0000,9297.1709,8433.4109
2025-08-18 10:00:00,3.0000,8900.6782,8036.9182
2025-08-18 11:00:00,3.5000,8597.3452,7589.6252
2025-08-18 12:00:00,4.0000,9817.4631,8665.7831
2025-08-18 13:00:00,3.5000,9692.7877,8685.0677
2025-08-18 14:00:00,3.0000,8874.0385,8010.2785
2025-08-18 15:00:00,3.0000,7663.2345,6799.4745
2025-08-18 16:00:00,3.0000,5775.0794,4911.3194
2025-08-18 17:00:00,5.0000,4622.6336,3183.0336
2025-08-18 18:00:00,6.0000,1827.4800,99.9600
2025-08-18 19:00:00,7.0000,2015.4400,0.0000
2025-08-18 20:00:00,6.0000,1727.5200,0.0000
2025-08-18 21:00:00,5.0000,1439.6000,0.0000
2025-08-18 22:00:00,4.0000,1151.6800,0.0000
2025-08-18 23:00:00,3.0000,863.7600,0.0000
2025-08-19 00:00:00,2.0000,575.8400,0.0000
2025-08-19 01:00:00,2.0000,575.8400,0.0000
2025-08-19 02:00:00,2.0000,575.8400,0.0000
2025-08-19 03:00:00,2.0000,575.8400,0.0000
2025-08-19 04:00:00,2.0000,643.6700,67.8300
2025-08-19 05:00:00,2.0000,2828.8321,2252.9921
2025-08-19 06:00:00,5.0000,5831.6114,4392.0114
2025-08-19 07:00:00,6.0000,8230.1956,6502.6756
2025-08-19 08:00:00,5.0000,9371.9897,7932.3897
2025-08-19 09:00:00,3.0000,8820.9052,7957.1452
2025-08-19 10:00:00,3.0000,8000.0978,7136.3378
2025-08-19 11:00:00,3.5000,8484.0216,7476.3016
2025-08-19 12:00:00,4.0000,9685.8854,8534.2054
2025-08-19 13:00:00,3.5000,9695.2302,8687.5102
2025-08-19 14:00:00,3.0000,9290.8310,8427.0710
2025-08-19 15:00:00,3.0000,7938.9158,7075.1558
2025-08-19 16:00:00,3.0000,6116.4101,5252.6501
2025-08-19 17:00:00,5.0000,4629.3655,3189.7655
2025-08-19 18:00:00,6.0000,1784.6400,57.1200
2025-08-19 19:00:00,7.0000,2015.4400,0.0000
2025-08-19 20:00:00,6.0000,1727.5200,0.0000
2025-08-19 21:00:00,5.0000,1439.6000,0.0000
2025-08-19 22:00:00,4.0000,1151.6800,0.0000
2025-08-19 23:00:00,3.0000,863.7600,0.0000
2025-08-20 00:00:00,2.0000,575.8400,0.0000
2025-08-20 01:00:00,2.0000,575.8400,0.0000
2025-08-20 02:00:00,2.0000,575.8400,0.0000
2025-08-20 03:00:00,2.0000,575.8400,0.0000
2025-08-20 04:00:00,2.0000,643.6700,67.8300
2025-08-20 05:00:00,2.0000,1079.2100,503.3700
2025-08-20 06:00:00,5.0000,2860.4600,1420.8600
2025-08-20 07:00:00,6.0000,3516.0900,1788.5700
2025-08-20 08:00:00,5.0000,4113.5300,2673.9300
2025-08-20 09:00:00,3.0000,3836.8829,2973.1229
2025-08-20 10:00:00,3.0000,4536.5066,3672.7466
2025-08-20 11:00:00,3.5000,4374.2300,3366.5100
2025-08-20 12:00:00,4.0000,3935.5832,2783.9032
2025-08-20 13:00:00,3.5000,3788.4948,2780.7748
2025-08-20 14:00:00,3.0000,2555.9400,1692.1800
2025-08-20 15:00:00,3.0000,1806.2400,942.4800
2025-08-20 16:00:00,3.0000,1622.3480,758.5880
2025-08-20 17:00:00,5.0000,2017.9400,578.3400
2025-08-20 18:00:00,6.0000,1759.6500,32.1300
2025-08-20 19:00:00,7.0000,2015.4400,0.0000
2025-08-20 20:00:00,6.0000,1727.5200,0.0000
2025-08-20 21:00:00,5.0000,1439.6000,0.0000
2025-08-20 22:00:00,4.0000,1151.6800,0.0000
2025-08-20 23:00:00,3.0000,863.7600,0.0000
2025-08-21 00:00:00,2.0000,575.8400,0.0000
2025-08-21 01:00:00,2.0000,575.8400,0.0000
2025-08-21 02:00:00,2.0000,575.8400,0.0000
2025-08-21 03:00:00,2.0000,575.8400,0.0000
2025-08-21 04:00:00,2.0000,575.8400,0.0000
2025-08-21 05:00:00,2.0000,782.9000,207.0600
2025-08-21 06:00:00,5.0000,2142.8900,703.2900
2025-08-21 07:00:00,6.0000,3809.5705,2082.0505
2025-08-21 08:00:00,5.0000,6605.2128,5165.6128
2025-08-21 09:00:00,3.0000,5241.9455,4378.1855
2025-08-21 10:00:00,3.0000,5487.6477,4623.8877
2025-08-21 11:00:00,3.5000,5549.7909,4542.0709
2025-08-21 12:00:00,4.0000,6217.2926,5065.6126
2025-08-21 13:00:00,3.5000,5218.9913,4211.2713
2025-08-21 14:00:00,3.0000,2841.5400,1977.7800
2025-08-21 15:00:00,3.0000,1335.0000,471.2400
2025-08-21 16:00:00,3.0000,1202.9100,339.1500
2025-08-21 17:00:00,5.0000,1478.8700,39.2700
2025-08-21 18:00:00,6.0000,1727.5200,0.0000
2025-08-21 19:00:00,7.0000,2015.4400,0.0000
2025-08-21 20:00:00,6.0000,1727.5200,0.0000
2025-08-21 21:00:00,5.0000,1439.6000,0.0000
2025-08-21 22:00:00,4.0000,1151.6800,0.0000
2025-08-21 23:00:00,3.0000,863.7600,0.0000
2025-08-22 00:00:00,2.0000,575.8400,0.0000
2025-08-22 01:00:00,2.0000,575.8400,0.0000
2025-08-22 02:00:00,2.0000,575.8400,0.0000
2025-08-22 03:00:00,2.0000,575.8400,0.0000
2025-08-22 04:00:00,2.0000,575.8400,0.0000
2025-08-22 05:00:00,2.0000,786.4700,210.6300
2025-08-22 06:00:00,5.0000,1807.3100,367.7100
2025-08-22 07:00:00,6.0000,4532.4816,2804.9616
2025-08-22 08:00:00,5.0000,3747.8466,2308.2466
2025-08-22 09:00:00,3.0000,5378.9871,4515.2271
2025-08-22 10:00:00,3.0000,6467.3193,5603.5593
2025-08-22 11:00:00,3.5000,6116.5771,5108.8571
2025-08-22 12:00:00,4.0000,7206.3963,6054.7163
2025-08-22 13:00:00,3.5000,7557.6035,6549.8835
2025-08-22 14:00:00,3.0000,6481.7862,5618.0262
2025-08-22 15:00:00,3.0000,2477.1319,1613.3719
2025-08-22 16:00:00,3.0000,3088.7187,2224.9587
2025-08-22 17:00:00,5.0000,1998.0244,558.4244
2025-08-22 18:00:00,6.0000,1759.6500,32.1300
2025-08-22 19:00:00,7.0000,2015.4400,0.0000
2025-08-22 20:00:00,6.0000,1727.5200,0.0000
2025-08-22 21:00:00,5.0000,1439.6000,0.0000
2025-08-22 22:00:00,4.0000,1151.6800,0.0000
2025-08-22 23:00:00,3.0000,863.7600,0.0000
2025-08-23 00:00:00,2.0000,575.8400,0.0000
2025-08-23 01:00:00,2.0000,575.8400,0.0000
2025-08-23 02:00:00,2.0000,575.8400,0.0000
2025-08-23 03:00:00,2.0000,575.8400,0.0000
2025-08-23 04:00:00,2.0000,579.4100,3.5700
2025-08-23 05:00:00,2.0000,1025.6600,449.8200
2025-08-23 06:00:00,5.0000,2549.8670,1110.2670
2025-08-23 07:00:00,6.0000,3753.0541,2025.5341
2025-08-23 08:00:00,5.0000,4043.3160,2603.7160
2025-08-23 09:00:00,4.0000,3828.6675,2676.9875
2025-08-23 10:00:00,4.0000,3600.7000,2449.0200
2025-08-23 11:00:00,4.5000,5363.6551,4068.0151
2025-08-23 12:00:00,5.0000,6256.5958,4816.9958
2025-08-23 13:00:00,4.5000,3548.3100,2252.6700
2025-08-23 14:00:00,4.0000,3554.2900,2402.6100
2025-08-23 15:00:00,4.0000,4597.9037,3446.2237
2025-08-23 16:00:00,4.0000,3530.1445,2378.4645
2025-08-23 17:00:00,6.0000,2070.2400,342.7200
2025-08-23 18:00:00,7.0000,2036.8600,21.4200
2025-08-23 19:00:00,7.5000,2159.4000,0.0000
2025-08-23 20:00:00,7.0000,2015.4400,0.0000
2025-08-23 21:00:00,6.0000,1727.5200,0.0000
2025-08-23 22:00:00,5.0000,1439.6000,0.0000
2025-08-23 23:00:00,4.0000,1151.6800,0.0000
2025-08-24 00:00:00,2.0000,575.8400,0.0000
2025-08-24 01:00:00,2.0000,575.8400,0.0000
2025-08-24 02:00:00,2.0000,575.8400,0.0000
2025-08-24 03:00:00,2.0000,575.8400,0.0000
2025-08-24 04:00:00,2.0000,604.4000,28.5600
2025-08-24 05:00:00,2.0000,2060.9986,1485.1586
2025-08-24 06:00:00,5.0000,5930.5080,4490.9080
2025-08-24 07:00:00,6.0000,8200.8248,6473.3048
2025-08-24 08:00:00,5.0000,9049.4075,7609.8075
2025-08-24 09:00:00,4.0000,10215.9993,9064.3193
2025-08-24 10:00:00,4.0000,9585.4607,8433.7807
2025-08-24 11:00:00,4.5000,7992.4264,6696.7864
2025-08-24 12:00:00,5.0000,8242.9305,6803.3305
2025-08-24 13:00:00,4.5000,7911.0736,6615.4336
2025-08-24 14:00:00,4.0000,8641.8928,7490.2128
2025-08-24 15:00:00,4.0000,8381.3091,7229.6291
2025-08-24 16:00:00,4.0000,5787.5021,4635.8221
2025-08-24 17:00:00,6.0000,3660.3684,1932.8484
2025-08-24 18:00:00,7.0000,2054.7100,39.2700
2025-08-24 19:00:00,7.5000,2159.4000,0.0000
2025-08-24 20:00:00,7.0000,2015.4400,0.0000
2025-08-24 21:00:00,6.0000,1727.5200,0.0000
2025-08-24 22:00:00,5.0000,1439.6000,0.0000
2025-08-24 23:00:00,4.0000,1151.6800,0.0000
2025-08-25 00:00:00,2.0000,575.8400,0.0000
2025-08-25 01:00:00,2.0000,575.8400,0.0000
2025-08-25 02:00:00,2.0000,575.8400,0.0000
2025-08-25 03:00:00,2.0000,575.8400,0.0000
2025-08-25 04:00:00,2.0000,604.4000,28.5600
2025-08-25 05:00:00,2.0000,3198.3399,2622.4999
2025-08-25 06:00:00,5.0000,6421.5846,4981.9846
2025-08-25 07:00:00,6.0000,8779.2092,7051.6892
2025-08-25 08:00:00,5.0000,9676.8166,8237.2166
2025-08-25 09:00:00,3.0000,9612.1127,8748.3527
2025-08-25 10:00:00,3.0000,9410.6138,8546.8538
2025-08-25 11:00:00,3.5000,9001.3475,7993.6275
2025-08-25 12:00:00,4.0000,10085.8030,8934.1230
2025-08-25 13:00:00,3.5000,10151.1090,9143.3890
2025-08-25 14:00:00,3.0000,9537.3387,8673.5787
2025-08-25 15:00:00,3.0000,8262.9154,7399.1554
2025-08-25 16:00:00,3.0000,6254.1146,5390.3546
2025-08-25 17:00:00,5.0000,4843.2986,3403.6986
2025-08-25 18:00:00,6.0000,1748.9400,21.4200
2025-08-25 19:00:00,7.0000,2015.4400,0.0000
2025-08-25 20:00:00,6.0000,1727.5200,0.0000
2025-08-25 21:00:00,5.0000,1439.6000,0.0000
2025-08-25 22:00:00,4.0000,1151.6800,0.0000
2025-08-25 23:00:00,3.0000,863.7600,0.0000
2025-08-26 00:00:00,2.0000,575.8400,0.0000
2025-08-26 01:00:00,2.0000,575.8400,0.0000
2025-08-26 02:00:00,2.0000,575.8400,0.0000
2025-08-26 03:00:00,2.0000,575.8400,0.0000
2025-08-26 04:00:00,2.0000,597.2600,21.4200
2025-08-26 05:00:00,2.0000,2911.5620,2335.7220
2025-08-26 06:00:00,5.0000,6434.2697,4994.6697
2025-08-26 07:00:00,6.0000,8642.7710,6915.2510
2025-08-26 08:00:00,5.0000,9744.1768,8304.5768
2025-08-26 09:00:00,3.0000,9751.0947,8887.3347
2025-08-26 10:00:00,3.0000,9420.7709,8557.0109
2025-08-26 11:00:00,3.5000,8951.9927,7944.2727
2025-08-26 12:00:00,4.0000,10087.8719,8936.1919
2025-08-26 13:00:00,3.5000,10361.8062,9354.0862
2025-08-26 14:00:00,3.0000,8400.1583,7536.3983
2025-08-26 15:00:00,3.0000,7837.3680,6973.6080
2025-08-26 16:00:00,3.0000,5274.3465,4410.5865
2025-08-26 17:00:00,5.0000,2315.9450,876.3450
2025-08-26 18:00:00,6.0000,1748.9400,21.4200
2025-08-26 19:00:00,7.0000,2015.4400,0.0000
2025-08-26 20:00:00,6.0000,1727.5200,0.0000
2025-08-26 21:00:00,5.0000,1439.6000,0.0000
2025-08-26 22:00:00,4.0000,1151.6800,0.0000
2025-08-26 23:00:00,3.0000,863.7600,0.0000
2025-08-27 00:00:00,2.0000,575.8400,0.0000
2025-08-27 01:00:00,2.0000,575.8400,0.0000
2025-08-27 02:00:00,2.0000,575.8400,0.0000
2025-08-27 03:00:00,2.0000,575.8400,0.0000
2025-08-27 04:00:00,2.0000,575.8400,0.0000
2025-08-27 05:00:00,2.0000,836.4500,260.6100
2025-08-27 06:00:00,5.0000,4911.4874,3471.8874
2025-08-27 07:00:00,6.0000,3360.0907,1632.5707
2025-08-27 08:00:00,5.0000,5855.2309,4415.6309
2025-08-27 09:00:00,3.0000,5616.5440,4752.7840
2025-08-27 10:00:00,3.0000,7322.2922,6458.5322
2025-08-27 11:00:00,3.5000,7608.0223,6600.3023
2025-08-27 12:00:00,4.0000,9053.4114,7901.7314
2025-08-27 13:00:00,3.5000,7083.0792,6075.3592
2025-08-27 14:00:00,3.0000,8246.1711,7382.4111
2025-08-27 15:00:00,3.0000,4900.9020,4037.1420
2025-08-27 16:00:00,3.0000,2046.0066,1182.2466
2025-08-27 17:00:00,5.0000,1707.3500,267.7500
2025-08-27 18:00:00,6.0000,1727.5200,0.0000
2025-08-27 19:00:00,7.0000,2015.4400,0.0000
2025-08-27 20:00:00,6.0000,1727.5200,0.0000
2025-08-27 21:00:00,5.0000,1439.6000,0.0000
2025-08-27 22:00:00,4.0000,1151.6800,0.0000
2025-08-27 23:00:00,3.0000,863.7600,0.0000
2025-08-28 00:00:00,2.0000,575.8400,0.0000
2025-08-28 01:00:00,2.0000,575.8400,0.0000
2025-08-28 02:00:00,2.0000,575.8400,0.0000
2025-08-28 03:00:00,2.0000,575.8400,0.0000
2025-08-28 04:00:00,2.0000,579.4100,3.5700
2025-08-28 05:00:00,2.0000,956.8606,381.0206
2025-08-28 06:00:00,5.0000,3974.0174,2534.4174
2025-08-28 07:00:00,6.0000,4050.7338,2323.2138
2025-08-28 08:00:00,5.0000,1921.5500,481.9500
2025-08-28 09:00:00,3.0000,1624.1700,760.4100
2025-08-28 10:00:00,3.0000,1756.2600,892.5000
2025-08-28 11:00:00,3.5000,2639.2100,1631.4900
2025-08-28 12:00:00,4.0000,4713.1769,3561.4969
2025-08-28 13:00:00,3.5000,4277.9182,3270.1982
2025-08-28 14:00:00,3.0000,2545.2300,1681.4700
2025-08-28 15:00:00,3.0000,1934.7600,1071.0000
2025-08-28 16:00:00,3.0000,1477.8000,614.0400
2025-08-28 17:00:00,5.0000,1671.6500,232.0500
2025-08-28 18:00:00,6.0000,1731.0900,3.5700
2025-08-28 19:00:00,7.0000,2015.4400,0.0000
2025-08-28 20:00:00,6.0000,1727.5200,0.0000
2025-08-28 21:00:00,5.0000,1439.6000,0.0000
2025-08-28 22:00:00,4.0000,1151.6800,0.0000
2025-08-28 23:00:00,3.0000,863.7600,0.0000
2025-08-29 00:00:00,2.0000,575.8400,0.0000
2025-08-29 01:00:00,2.0000,575.8400,0.0000
2025-08-29 02:00:00,2.0000,575.8400,0.0000
2025-08-29 03:00:00,2.0000,575.8400,0.0000
2025-08-29 04:00:00,2.0000,579.4100,3.5700
2025-08-29 05:00:00,2.0000,740.0600,164.2200
2025-08-29 06:00:00,5.0000,3942.0550,2502.4550
2025-08-29 07:00:00,6.0000,4626.4842,2898.9642
2025-08-29 08:00:00,5.0000,8470.7078,7031.1078
2025-08-29 09:00:00,3.0000,7154.1148,6290.3548
2025-08-29 10:00:00,3.0000,6140.3073,5276.5473
2025-08-29 11:00:00,3.5000,8111.1124,7103.3924
2025-08-29 12:00:00,4.0000,7369.9090,6218.2290
2025-08-29 13:00:00,3.5000,4545.9103,3538.1903
2025-08-29 14:00:00,3.0000,3381.9382,2518.1782
2025-08-29 15:00:00,3.0000,2771.8224,1908.0624
2025-08-29 16:00:00,3.0000,2480.8007,1617.0407
2025-08-29 17:00:00,5.0000,1897.3537,457.7537
2025-08-29 18:00:00,6.0000,1738.2300,10.7100
2025-08-29 19:00:00,7.0000,2015.4400,0.0000
2025-08-29 20:00:00,6.0000,1727.5200,0.0000
2025-08-29 21:00:00,5.0000,1439.6000,0.0000
2025-08-29 22:00:00,4.0000,1151.6800,0.0000
2025-08-29 23:00:00,3.0000,863.7600,0.0000
2025-08-30 00:00:00,2.0000,575.8400,0.0000
2025-08-30 01:00:00,2.0000,575.8400,0.0000
2025-08-30 02:00:00,2.0000,575.8400,0.0000
2025-08-30 03:00:00,2.0000,575.8400,0.0000
2025-08-30 04:00:00,2.0000,575.8400,0.0000
2025-08-30 05:00:00,2.0000,647.2400,71.4000
2025-08-30 06:00:00,5.0000,2253.5600,813.9600
2025-08-30 07:00:00,6.0000,3832.4855,2104.9655
2025-08-30 08:00:00,5.0000,4481.2400,3041.6400
2025-08-30 09:00:00,4.0000,4461.0700,3309.3900
2025-08-30 10:00:00,4.0000,5810.6467,4658.9667
2025-08-30 11:00:00,4.5000,5067.3765,3771.7365
2025-08-30 12:00:00,5.0000,6967.1941,5527.5941
2025-08-30 13:00:00,4.5000,7299.8713,6004.2313
2025-08-30 14:00:00,4.0000,7087.1073,5935.4273
2025-08-30 15:00:00,4.0000,7047.0654,5895.3854
2025-08-30 16:00:00,4.0000,3134.4160,1982.7360
2025-08-30 17:00:00,6.0000,5041.7972,3314.2772
2025-08-30 18:00:00,7.0000,2022.5800,7.1400
2025-08-30 19:00:00,7.5000,2159.4000,0.0000
2025-08-30 20:00:00,7.0000,2015.4400,0.0000
2025-08-30 21:00:00,6.0000,1727.5200,0.0000
2025-08-30 22:00:00,5.0000,1439.6000,0.0000
2025-08-30 23:00:00,4.0000,1151.6800,0.0000
2025-08-31 00:00:00,2.0000,575.8400,0.0000
2025-08-31 01:00:00,2.0000,575.8400,0.0000
2025-08-31 02:00:00,2.0000,575.8400,0.0000
2025-08-31 03:00:00,2.0000,575.8400,0.0000
2025-08-31 04:00:00,2.0000,586.5500,10.7100
2025-08-31 05:00:00,2.0000,3146.7037,2570.8637
2025-08-31 06:00:00,5.0000,6859.4225,5419.8225
2025-08-31 07:00:00,6.0000,9145.5333,7418.0133
2025-08-31 08:00:00,5.0000,10166.5949,8726.9949
2025-08-31 09:00:00,4.0000,10291.5355,9139.8555
2025-08-31 10:00:00,4.0000,9796.8709,8645.1909
2025-08-31 11:00:00,4.5000,9297.0938,8001.4538
2025-08-31 12:00:00,5.0000,10423.0271,8983.4271
2025-08-31 13:00:00,4.5000,10532.3984,9236.7584
2025-08-31 14:00:00,4.0000,10004.9821,8853.3021
2025-08-31 15:00:00,4.0000,8594.5610,7442.8810
2025-08-31 16:00:00,4.0000,6634.3351,5482.6551
2025-08-31 17:00:00,6.0000,2101.7750,374.2550
2025-08-31 18:00:00,7.0000,2022.5800,7.1400
2025-08-31 19:00:00,7.5000,2159.4000,0.0000
2025-08-31 20:00:00,7.0000,2015.4400,0.0000
2025-08-31 21:00:00,6.0000,1727.5200,0.0000
2025-08-31 22:00:00,5.0000,1439.6000,0.0000
2025-08-31 23:00:00,4.0000,1151.6800,0.0000
2025-09-01 00:00:00,2.0000,575.8400,0.0000
2025-09-01 01:00:00,2.0000,575.8400,0.0000
2025-09-01 02:00:00,2.0000,575.8400,0.0000
2025-09-01 03:00:00,2.0000,575.8400,0.0000
2025-09-01 04:00:00,2.0000,586.5500,10.7100
2025-09-01 05:00:00,2.0000,1392.1689,816.3289
2025-09-01 06:00:00,5.0000,5471.9938,4032.3938
2025-09-01 07:00:00,6.0000,7254.9773,5527.4573
2025-09-01 08:00:00,5.0000,6732.9903,5293.3903
2025-09-01 09:00:00,3.0000,5411.7598,4547.9998
2025-09-01 10:00:00,3.0000,6724.6011,5860.8411
2025-09-01 11:00:00,3.5000,7179.7537,6172.0337
2025-09-01 12:00:00,4.0000,6606.2144,5454.5344
2025-09-01 13:00:00,3.5000,4889.9815,3882.2615
2025-09-01 14:00:00,3.0000,3219.9600,2356.2000
2025-09-01 15:00:00,3.0000,1434.9600,571.2000
2025-09-01 16:00:00,3.0000,1052.9700,189.2100
2025-09-01 17:00:00,5.0000,1471.7300,32.1300
2025-09-01 18:00:00,6.0000,1727.5200,0.0000
2025-09-01 19:00:00,7.0000,2015.4400,0.0000
2025-09-01 20:00:00,6.0000,1727.5200,0.0000
2025-09-01 21:00:00,5.0000,1439.6000,0.0000
2025-09-01 22:00:00,4.0000,1151.6800,0.0000
2025-09-01 23:00:00,3.0000,863.7600,0.0000
2025-09-02 00:00:00,2.0000,575.8400,0.0000
2025-09-02 01:00:00,2.0000,575.8400,0.0000
2025-09-02 02:00:00,2.0000,575.8400,0.0000
2025-09-02 03:00:00,2.0000,575.8400,0.0000
2025-09-02 04:00:00,2.0000,575.8400,0.0000
2025-09-02 05:00:00,2.0000,829.3100,253.4700
2025-09-02 06:00:00,5.0000,2021.5100,581.9100
2025-09-02 07:00:00,6.0000,2198.7600,471.2400
2025-09-02 08:00:00,5.0000,2878.3100,1438.7100
2025-09-02 09:00:00,3.0000,3598.3800,2734.6200
2025-09-02 10:00:00,3.0000,5692.2087,4828.4487
2025-09-02 11:00:00,3.5000,5275.8712,4268.1512
2025-09-02 12:00:00,4.0000,5767.6900,4616.0100
2025-09-02 13:00:00,3.5000,5685.4217,4677.7017
2025-09-02 14:00:00,3.0000,4573.9489,3710.1889
2025-09-02 15:00:00,3.0000,6187.2258,5323.4658
2025-09-02 16:00:00,3.0000,6219.6680,5355.9080
2025-09-02 17:00:00,5.0000,1803.1450,363.5450
2025-09-02 18:00:00,6.0000,1727.5200,0.0000
2025-09-02 19:00:00,7.0000,2015.4400,0.0000
2025-09-02 20:00:00,6.0000,1727.5200,0.0000
2025-09-02 21:00:00,5.0000,1439.6000,0.0000
2025-09-02 22:00:00,4.0000,1151.6800,0.0000
2025-09-02 23:00:00,3.0000,863.7600,0.0000
2025-09-03 00:00:00,2.0000,575.8400,0.0000
2025-09-03 01:00:00,2.0000,575.8400,0.0000
2025-09-03 02:00:00,2.0000,575.8400,0.0000
2025-09-03 03:00:00,2.0000,575.8400,0.0000
2025-09-03 04:00:00,2.0000,582.9800,7.1400
2025-09-03 05:00:00,2.0000,2608.5368,2032.6968
2025-09-03 06:00:00,5.0000,5515.7411,4076.1411
2025-09-03 07:00:00,6.0000,7918.6431,6191.1231
2025-09-03 08:00:00,5.0000,9639.0342,8199.4342
2025-09-03 09:00:00,3.0000,9796.0640,8932.3040
2025-09-03 10:00:00,3.0000,9644.5319,8780.7719
2025-09-03 11:00:00,3.5000,8214.9866,7207.2666
2025-09-03 12:00:00,4.0000,5402.3383,4250.6583
2025-09-03 13:00:00,3.5000,4474.4901,3466.7701
2025-09-03 14:00:00,3.0000,6681.9440,5818.1840
2025-09-03 15:00:00,3.0000,6069.4279,5205.6679
2025-09-03 16:00:00,3.0000,6441.0399,5577.2799
2025-09-03 17:00:00,5.0000,1757.3300,317.7300
2025-09-03 18:00:00,6.0000,1727.5200,0.0000
2025-09-03 19:00:00,7.0000,2015.4400,0.0000
2025-09-03 20:00:00,6.0000,1727.5200,0.0000
2025-09-03 21:00:00,5.0000,1439.6000,0.0000
2025-09-03 22:00:00,4.0000,1151.6800,0.0000
2025-09-03 23:00:00,3.0000,863.7600,0.0000
2025-09-04 00:00:00,2.0000,575.8400,0.0000
2025-09-04 01:00:00,2.0000,575.8400,0.0000
2025-09-04 02:00:00,2.0000,575.8400,0.0000
2025-09-04 03:00:00,2.0000,575.8400,0.0000
2025-09-04 04:00:00,2.0000,582.9800,7.1400
2025-09-04 05:00:00,2.0000,1859.5880,1283.7480
2025-09-04 06:00:00,5.0000,3712.8163,2273.2163
2025-09-04 07:00:00,6.0000,6697.3384,4969.8184
2025-09-04 08:00:00,5.0000,9720.6015,8281.0015
2025-09-04 09:00:00,3.0000,10105.7557,9241.9957
2025-09-04 10:00:00,3.0000,9155.2175,8291.4575
2025-09-04 11:00:00,3.5000,8643.7237,7636.0037
2025-09-04 12:00:00,4.0000,7692.6652,6540.9852
2025-09-04 13:00:00,3.5000,8894.3183,7886.5983
2025-09-04 14:00:00,3.0000,7419.1626,6555.4026
2025-09-04 15:00:00,3.0000,2305.4395,1441.6795
2025-09-04 16:00:00,3.0000,878.0400,14.2800
2025-09-04 17:00:00,5.0000,1457.4500,17.8500
2025-09-04 18:00:00,6.0000,1727.5200,0.0000
2025-09-04 19:00:00,7.0000,2015.4400,0.0000
2025-09-04 20:00:00,6.0000,1727.5200,0.0000
2025-09-04 21:00:00,5.0000,1439.6000,0.0000
2025-09-04 22:00:00,4.0000,1151.6800,0.0000
2025-09-04 23:00:00,3.0000,863.7600,0.0000
2025-09-05 00:00:00,2.0000,575.8400,0.0000
2025-09-05 01:00:00,2.0000,575.8400,0.0000
2025-09-05 02:00:00,2.0000,575.8400,0.0000
2025-09-05 03:00:00,2.0000,575.8400,0.0000
2025-09-05 04:00:00,2.0000,575.8400,0.0000
2025-09-05 05:00:00,2.0000,615.1100,39.2700
2025-09-05 06:00:00,5.0000,1814.4500,374.8500
2025-09-05 07:00:00,6.0000,2566.4700,838.9500
2025-09-05 08:00:00,5.0000,2606.9900,1167.3900
2025-09-05 09:00:00,3.0000,2223.9300,1360.1700
2025-09-05 10:00:00,3.0000,2013.3000,1149.5400
2025-09-05 11:00:00,3.5000,2935.5200,1927.8000
2025-09-05 12:00:00,4.0000,2908.1200,1756.4400
2025-09-05 13:00:00,3.5000,3179.4671,2171.7471
2025-09-05 14:00:00,3.0000,7451.1877,6587.4277
2025-09-05 15:00:00,3.0000,7897.7705,7034.0105
2025-09-05 16:00:00,3.0000,6237.0969,5373.3369
2025-09-05 17:00:00,5.0000,1738.2900,298.6900
2025-09-05 18:00:00,6.0000,1727.5200,0.0000
2025-09-05 19:00:00,7.0000,2015.4400,0.0000
2025-09-05 20:00:00,6.0000,1727.5200,0.0000
2025-09-05 21:00:00,5.0000,1439.6000,0.0000
2025-09-05 22:00:00,4.0000,1151.6800,0.0000
2025-09-05 23:00:00,3.0000,863.7600,0.0000
2025-09-06 00:00:00,2.0000,575.8400,0.0000
2025-09-06 01:00:00,2.0000,575.8400,0.0000
2025-09-06 02:00:00,2.0000,575.8400,0.0000
2025-09-06 03:00:00,2.0000,575.8400,0.0000
2025-09-06 04:00:00,2.0000,579.4100,3.5700
2025-09-06 05:00:00,2.0000,2706.2871,2130.4471
2025-09-06 06:00:00,5.0000,6889.2543,5449.6543
2025-09-06 07:00:00,6.0000,9223.3232,7495.8032
2025-09-06 08:00:00,5.0000,10326.7536,8887.1536
2025-09-06 09:00:00,4.0000,10524.3290,9372.6490
2025-09-06 10:00:00,4.0000,10058.0074,8906.3274
2025-09-06 11:00:00,4.5000,9610.9683,8315.3283
2025-09-06 12:00:00,5.0000,10741.6130,9302.0130
2025-09-06 13:00:00,4.5000,10784.8003,9489.1603
2025-09-06 14:00:00,4.0000,9655.4599,8503.7799
2025-09-06 15:00:00,4.0000,8715.4470,7563.7670
2025-09-06 16:00:00,4.0000,6172.3861,5020.7061
2025-09-06 17:00:00,6.0000,1946.4800,218.9600
2025-09-06 18:00:00,7.0000,2015.4400,0.0000
2025-09-06 19:00:00,7.5000,2159.4000,0.0000
2025-09-06 20:00:00,7.0000,2015.4400,0.0000
2025-09-06 21:00:00,6.0000,1727.5200,0.0000
2025-09-06 22:00:00,5.0000,1439.6000,0.0000
2025-09-06 23:00:00,4.0000,1151.6800,0.0000
2025-09-07 00:00:00,2.0000,575.8400,0.0000
2025-09-07 01:00:00,2.0000,575.8400,0.0000
2025-09-07 02:00:00,2.0000,575.8400,0.0000
2025-09-07 03:00:00,2.0000,575.8400,0.0000
2025-09-07 04:00:00,2.0000,575.8400,0.0000
2025-09-07 05:00:00,2.0000,1151.5516,575.7116
2025-09-07 06:00:00,5.0000,4199.7396,2760.1396
2025-09-07 07:00:00,6.0000,5807.9940,4080.4740
2025-09-07 08:00:00,5.0000,6756.2002,5316.6002
2025-09-07 09:00:00,4.0000,7428.5280,6276.8480
2025-09-07 10:00:00,4.0000,9358.8057,8207.1257
2025-09-07 11:00:00,4.5000,8564.6664,7269.0264
2025-09-07 12:00:00,5.0000,9492.3225,8052.7225
2025-09-07 13:00:00,4.5000,7792.7842,6497.1442
2025-09-07 14:00:00,4.0000,6618.3872,5466.7072
2025-09-07 15:00:00,4.0000,6311.0882,5159.4082
2025-09-07 16:00:00,4.0000,4866.2829,3714.6029
2025-09-07 17:00:00,6.0000,2038.7050,311.1850
2025-09-07 18:00:00,7.0000,2015.4400,0.0000
2025-09-07 19:00:00,7.5000,2159.4000,0.0000
2025-09-07 20:00:00,7.0000,2015.4400,0.0000
2025-09-07 21:00:00,6.0000,1727.5200,0.0000
2025-09-07 22:00:00,5.0000,1439.6000,0.0000
2025-09-07 23:00:00,4.0000,1151.6800,0.0000
2025-09-08 00:00:00,2.0000,575.8400,0.0000
2025-09-08 01:00:00,2.0000,575.8400,0.0000
2025-09-08 02:00:00,2.0000,575.8400,0.0000
2025-09-08 03:00:00,2.0000,575.8400,0.0000
2025-09-08 04:00:00,2.0000,579.4100,3.5700
2025-09-08 05:00:00,2.0000,1307.8706,732.0306
2025-09-08 06:00:00,5.0000,2956.6122,1517.0122
2025-09-08 07:00:00,6.0000,4626.2914,2898.7714
2025-09-08 08:00:00,5.0000,6567.6942,5128.0942
2025-09-08 09:00:00,3.0000,7242.7606,6379.0006
2025-09-08 10:00:00,3.0000,6102.5421,5238.7821
2025-09-08 11:00:00,3.5000,6475.2290,5467.5090
2025-09-08 12:00:00,4.0000,6061.8772,4910.1972
2025-09-08 13:00:00,3.5000,4625.4906,3617.7706
2025-09-08 14:00:00,3.0000,4168.0132,3304.2532
2025-09-08 15:00:00,3.0000,2706.1918,1842.4318
2025-09-08 16:00:00,3.0000,1509.9300,646.1700
2025-09-08 17:00:00,5.0000,1546.7000,107.1000
2025-09-08 18:00:00,6.0000,1727.5200,0.0000
2025-09-08 19:00:00,7.0000,2015.4400,0.0000
2025-09-08 20:00:00,6.0000,1727.5200,0.0000
2025-09-08 21:00:00,5.0000,1439.6000,0.0000
2025-09-08 22:00:00,4.0000,1151.6800,0.0000
2025-09-08 23:00:00,3.0000,863.7600,0.0000
2025-09-09 00:00:00,2.0000,575.8400,0.0000
2025-09-09 01:00:00,2.0000,575.8400,0.0000
2025-09-09 02:00:00,2.0000,575.8400,0.0000
2025-09-09 03:00:00,2.0000,575.8400,0.0000
2025-09-09 04:00:00,2.0000,575.8400,0.0000
2025-09-09 05:00:00,2.0000,729.3500,153.5100
2025-09-09 06:00:00,5.0000,1721.6300,282.0300
2025-09-09 07:00:00,6.0000,2422.1142,694.5942
2025-09-09 08:00:00,5.0000,2303.5400,863.9400
2025-09-09 09:00:00,3.0000,1888.3500,1024.5900
2025-09-09 10:00:00,3.0000,2316.7500,1452.9900
2025-09-09 11:00:00,3.5000,3653.0900,2645.3700
2025-09-09 12:00:00,4.0000,4300.4185,3148.7385
2025-09-09 13:00:00,3.5000,4477.9402,3470.2202
2025-09-09 14:00:00,3.0000,5266.7473,4402.9873
2025-09-09 15:00:00,3.0000,8293.4503,7429.6903
2025-09-09 16:00:00,3.0000,6265.0520,5401.2920
2025-09-09 17:00:00,5.0000,1687.7150,248.1150
2025-09-09 18:00:00,6.0000,1727.5200,0.0000
2025-09-09 19:00:00,7.0000,2015.4400,0.0000
2025-09-09 20:00:00,6.0000,1727.5200,0.0000
2025-09-09 21:00:00,5.0000,1439.6000,0.0000
2025-09-09 22:00:00,4.0000,1151.6800,0.0000
2025-09-09 23:00:00,3.0000,863.7600,0.0000
2025-09-10 00:00:00,2.0000,575.8400,0.0000
2025-09-10 01:00:00,2.0000,575.8400,0.0000
2025-09-10 02:00:00,2.0000,575.8400,0.0000
2025-09-10 03:00:00,2.0000,575.8400,0.0000
2025-09-10 04:00:00,2.0000,575.8400,0.0000
2025-09-10 05:00:00,2.0000,618.6800,42.8400
2025-09-10 06:00:00,5.0000,1653.8000,214.2000
2025-09-10 07:00:00,6.0000,2234.4600,506.9400
2025-09-10 08:00:00,5.0000,2314.2500,874.6500
2025-09-10 09:00:00,3.0000,1806.2400,942.4800
2025-09-10 10:00:00,3.0000,2338.1700,1474.4100
2025-09-10 11:00:00,3.5000,2364.3200,1356.6000
2025-09-10 12:00:00,4.0000,4239.9381,3088.2581
2025-09-10 13:00:00,3.5000,5724.9175,4717.1975
2025-09-10 14:00:00,3.0000,5167.5791,4303.8191
2025-09-10 15:00:00,3.0000,4985.8167,4122.0567
2025-09-10 16:00:00,3.0000,2010.3498,1146.5898
2025-09-10 17:00:00,5.0000,1765.0650,325.4650
2025-09-10 18:00:00,6.0000,1727.5200,0.0000
2025-09-10 19:00:00,7.0000,2015.4400,0.0000
2025-09-10 20:00:00,6.0000,1727.5200,0.0000
2025-09-10 21:00:00,5.0000,1439.6000,0.0000
2025-09-10 22:00:00,4.0000,1151.6800,0.0000
2025-09-10 23:00:00,3.0000,863.7600,0.0000
2025-09-11 00:00:00,2.0000,575.8400,0.0000
2025-09-11 01:00:00,2.0000,575.8400,0.0000
2025-09-11 02:00:00,2.0000,575.8400,0.0000
2025-09-11 03:00:00,2.0000,575.8400,0.0000
2025-09-11 04:00:00,2.0000,575.8400,0.0000
2025-09-11 05:00:00,2.0000,834.0700,258.2300
2025-09-11 06:00:00,5.0000,1946.5400,506.9400
2025-09-11 07:00:00,6.0000,3766.2144,2038.6944
2025-09-11 08:00:00,5.0000,3769.2169,2329.6169
2025-09-11 09:00:00,3.0000,5016.2027,4152.4427
2025-09-11 10:00:00,3.0000,3105.5611,2241.8011
2025-09-11 11:00:00,3.5000,2727.5162,1719.7962
2025-09-11 12:00:00,4.0000,2776.1157,1624.4357
2025-09-11 13:00:00,3.5000,2121.5600,1113.8400
2025-09-11 14:00:00,3.0000,1874.0700,1010.3100
2025-09-11 15:00:00,3.0000,1494.9525,631.1925
2025-09-11 16:00:00,3.0000,1074.3900,210.6300
2025-09-11 17:00:00,5.0000,1443.1700,3.5700
2025-09-11 18:00:00,6.0000,1727.5200,0.0000
2025-09-11 19:00:00,7.0000,2015.4400,0.0000
2025-09-11 20:00:00,6.0000,1727.5200,0.0000
2025-09-11 21:00:00,5.0000,1439.6000,0.0000
2025-09-11 22:00:00,4.0000,1151.6800,0.0000
2025-09-11 23:00:00,3.0000,863.7600,0.0000
2025-09-12 00:00:00,2.0000,575.8400,0.0000
2025-09-12 01:00:00,2.0000,575.8400,0.0000
2025-09-12 02:00:00,2.0000,575.8400,0.0000
2025-09-12 03:00:00,2.0000,575.8400,0.0000
2025-09-12 04:00:00,2.0000,575.8400,0.0000
2025-09-12 05:00:00,2.0000,1080.9950,505.1550
2025-09-12 06:00:00,5.0000,2098.2450,658.6450
2025-09-12 07:00:00,6.0000,2320.1400,592.6200
2025-09-12 08:00:00,5.0000,2646.2600,1206.6600
2025-09-12 09:00:00,3.0000,2413.6093,1549.8493
2025-09-12 10:00:00,3.0000,4774.5810,3910.8210
2025-09-12 11:00:00,3.5000,4548.2925,3540.5725
2025-09-12 12:00:00,4.0000,3183.0100,2031.3300
2025-09-12 13:00:00,3.5000,2999.7800,1992.0600
2025-09-12 14:00:00,3.0000,4086.0857,3222.3257
2025-09-12 15:00:00,3.0000,2371.0853,1507.3253
2025-09-12 16:00:00,3.0000,1260.0300,396.2700
2025-09-12 17:00:00,5.0000,1468.1600,28.5600
2025-09-12 18:00:00,6.0000,1727.5200,0.0000
2025-09-12 19:00:00,7.0000,2015.4400,0.0000
2025-09-12 20:00:00,6.0000,1727.5200,0.0000
2025-09-12 21:00:00,5.0000,1439.6000,0.0000
2025-09-12 22:00:00,4.0000,1151.6800,0.0000
2025-09-12 23:00:00,3.0000,863.7600,0.0000
2025-09-13 00:00:00,2.0000,575.8400,0.0000
2025-09-13 01:00:00,2.0000,575.8400,0.0000
2025-09-13 02:00:00,2.0000,575.8400,0.0000
2025-09-13 03:00:00,2.0000,575.8400,0.0000
2025-09-13 04:00:00,2.0000,575.8400,0.0000
2025-09-13 05:00:00,2.0000,754.3400,178.5000
2025-09-13 06:00:00,5.0000,2616.2794,1176.6794
2025-09-13 07:00:00,6.0000,4237.2300,2509.7100
2025-09-13 08:00:00,5.0000,6998.8689,5559.2689
2025-09-13 09:00:00,4.0000,8238.8299,7087.1499
2025-09-13 10:00:00,4.0000,7971.2863,6819.6063
2025-09-13 11:00:00,4.5000,6145.4634,4849.8234
2025-09-13 12:00:00,5.0000,7762.7894,6323.1894
2025-09-13 13:00:00,4.5000,7778.9234,6483.2834
2025-09-13 14:00:00,4.0000,5664.1955,4512.5155
2025-09-13 15:00:00,4.0000,3379.7236,2228.0436
2025-09-13 16:00:00,4.0000,1669.3300,517.6500
2025-09-13 17:00:00,6.0000,1738.2300,10.7100
2025-09-13 18:00:00,7.0000,2015.4400,0.0000
2025-09-13 19:00:00,7.5000,2159.4000,0.0000
2025-09-13 20:00:00,7.0000,2015.4400,0.0000
2025-09-13 21:00:00,6.0000,1727.5200,0.0000
2025-09-13 22:00:00,5.0000,1439.6000,0.0000
2025-09-13 23:00:00,4.0000,1151.6800,0.0000
2025-09-14 00:00:00,2.0000,575.8400,0.0000
2025-09-14 01:00:00,2.0000,575.8400,0.0000
2025-09-14 02:00:00,2.0000,575.8400,0.0000
2025-09-14 03:00:00,2.0000,575.8400,0.0000
2025-09-14 04:00:00,2.0000,575.8400,0.0000
2025-09-14 05:00:00,2.0000,590.1200,14.2800
2025-09-14 06:00:00,5.0000,2100.5596,660.9596
2025-09-14 07:00:00,6.0000,4241.2662,2513.7462
2025-09-14 08:00:00,5.0000,3518.6573,2079.0573
2025-09-14 09:00:00,4.0000,3689.9500,2538.2700
2025-09-14 10:00:00,4.0000,3636.3469,2484.6669
2025-09-14 11:00:00,4.5000,5148.2849,3852.6449
2025-09-14 12:00:00,5.0000,10244.0554,8804.4554
2025-09-14 13:00:00,4.5000,11297.7802,10002.1402
2025-09-14 14:00:00,4.0000,9698.9907,8547.3107
2025-09-14 15:00:00,4.0000,6716.0954,5564.4154
2025-09-14 16:00:00,4.0000,4258.6598,3106.9798
2025-09-14 17:00:00,6.0000,1853.0650,125.5450
2025-09-14 18:00:00,7.0000,2015.4400,0.0000
2025-09-14 19:00:00,7.5000,2159.4000,0.0000
2025-09-14 20:00:00,7.0000,2015.4400,0.0000
2025-09-14 21:00:00,6.0000,1727.5200,0.0000
2025-09-14 22:00:00,5.0000,1439.6000,0.0000
2025-09-14 23:00:00,4.0000,1151.6800,0.0000
2025-09-15 00:00:00,2.0000,575.8400,0.0000
2025-09-15 01:00:00,2.0000,575.8400,0.0000
2025-09-15 02:00:00,2.0000,575.8400,0.0000
2025-09-15 03:00:00,2.0000,575.8400,0.0000
2025-09-15 04:00:00,2.0000,575.8400,0.0000
2025-09-15 05:00:00,2.0000,803.1300,227.2900
2025-09-15 06:00:00,5.0000,6997.3063,5557.7063
2025-09-15 07:00:00,6.0000,9474.3346,7746.8146
2025-09-15 08:00:00,5.0000,10576.0556,9136.4556
2025-09-15 09:00:00,3.0000,10108.9612,9245.2012
2025-09-15 10:00:00,3.0000,9727.4130,8863.6530
2025-09-15 11:00:00,3.5000,9893.7754,8886.0554
2025-09-15 12:00:00,4.0000,11169.8437,10018.1637
2025-09-15 13:00:00,3.5000,10751.9320,9744.2120
2025-09-15 14:00:00,3.0000,10345.8971,9482.1371
2025-09-15 15:00:00,3.0000,9231.9237,8368.1637
2025-09-15 16:00:00,3.0000,4297.5215,3433.7615
2025-09-15 17:00:00,5.0000,1569.9050,130.3050
2025-09-15 18:00:00,6.0000,1727.5200,0.0000
2025-09-15 19:00:00,7.0000,2015.4400,0.0000
2025-09-15 20:00:00,6.0000,1727.5200,0.0000
2025-09-15 21:00:00,5.0000,1439.6000,0.0000
2025-09-15 22:00:00,4.0000,1151.6800,0.0000
2025-09-15 23:00:00,3.0000,863.7600,0.0000
2025-09-16 00:00:00,2.0000,575.8400,0.0000
2025-09-16 01:00:00,2.0000,575.8400,0.0000
2025-09-16 02:00:00,2.0000,575.8400,0.0000
2025-09-16 03:00:00,2.0000,575.8400,0.0000
2025-09-16 04:00:00,2.0000,575.8400,0.0000
2025-09-16 05:00:00,2.0000,597.2600,21.4200
2025-09-16 06:00:00,5.0000,2346.2127,906.6127
2025-09-16 07:00:00,6.0000,3725.8103,1998.2903
2025-09-16 08:00:00,5.0000,4356.9998,2917.3998
2025-09-16 09:00:00,3.0000,3622.4064,2758.6464
2025-09-16 10:00:00,3.0000,3751.9107,2888.1507
2025-09-16 11:00:00,3.5000,4927.6485,3919.9285
2025-09-16 12:00:00,4.0000,9530.7389,8379.0589
2025-09-16 13:00:00,3.5000,7690.2826,6682.5626
2025-09-16 14:00:00,3.0000,4126.0058,3262.2458
2025-09-16 15:00:00,3.0000,3903.7058,3039.9458
2025-09-16 16:00:00,3.0000,1770.5400,906.7800
2025-09-16 17:00:00,5.0000,1525.2800,85.6800
2025-09-16 18:00:00,6.0000,1727.5200,0.0000
2025-09-16 19:00:00,7.0000,2015.4400,0.0000
2025-09-16 20:00:00,6.0000,1727.5200,0.0000
2025-09-16 21:00:00,5.0000,1439.6000,0.0000
2025-09-16 22:00:00,4.0000,1151.6800,0.0000
2025-09-16 23:00:00,3.0000,863.7600,0.0000
2025-09-17 00:00:00,2.0000,575.8400,0.0000
2025-09-17 01:00:00,2.0000,575.8400,0.0000
2025-09-17 02:00:00,2.0000,575.8400,0.0000
2025-09-17 03:00:00,2.0000,575.8400,0.0000
2025-09-17 04:00:00,2.0000,575.8400,0.0000
2025-09-17 05:00:00,2.0000,665.0900,89.2500
2025-09-17 06:00:00,5.0000,2157.1700,717.5700
2025-09-17 07:00:00,6.0000,3805.2600,2077.7400
2025-09-17 08:00:00,5.0000,5208.6368,3769.0368
2025-09-17 09:00:00,3.0000,6080.1157,5216.3557
2025-09-17 10:00:00,3.0000,6030.3131,5166.5531
2025-09-17 11:00:00,3.5000,6761.0091,5753.2891
2025-09-17 12:00:00,4.0000,7850.2318,6698.5518
2025-09-17 13:00:00,3.5000,4396.7248,3389.0048
2025-09-17 14:00:00,3.0000,4218.3786,3354.6186
2025-09-17 15:00:00,3.0000,2989.6118,2125.8518
2025-09-17 16:00:00,3.0000,1729.9980,866.2380
2025-09-17 17:00:00,5.0000,1560.9800,121.3800
2025-09-17 18:00:00,6.0000,1727.5200,0.0000
2025-09-17 19:00:00,7.0000,2015.4400,0.0000
2025-09-17 20:00:00,6.0000,1727.5200,0.0000
2025-09-17 21:00:00,5.0000,1439.6000,0.0000
2025-09-17 22:00:00,4.0000,1151.6800,0.0000
2025-09-17 23:00:00,3.0000,863.7600,0.0000
2025-09-18 00:00:00,2.0000,575.8400,0.0000
2025-09-18 01:00:00,2.0000,575.8400,0.0000
2025-09-18 02:00:00,2.0000,575.8400,0.0000
2025-09-18 03:00:00,2.0000,575.8400,0.0000
2025-09-18 04:00:00,2.0000,575.8400,0.0000
2025-09-18 05:00:00,2.0000,769.8100,193.9700
2025-09-18 06:00:00,5.0000,7036.4319,5596.8319
2025-09-18 07:00:00,6.0000,9313.9545,7586.4345
2025-09-18 08:00:00,5.0000,10630.3535,9190.7535
2025-09-18 09:00:00,3.0000,10413.3144,9549.5544
2025-09-18 10:00:00,3.0000,9858.4782,8994.7182
2025-09-18 11:00:00,3.5000,9525.0951,8517.3751
2025-09-18 12:00:00,4.0000,10583.0158,9431.3358
2025-09-18 13:00:00,3.5000,10726.3596,9718.6396
2025-09-18 14:00:00,3.0000,10070.4681,9206.7081
2025-09-18 15:00:00,3.0000,8597.1048,7733.3448
2025-09-18 16:00:00,3.0000,6330.6762,5466.9162
2025-09-18 17:00:00,5.0000,1528.8500,89.2500
2025-09-18 18:00:00,6.0000,1727.5200,0.0000
2025-09-18 19:00:00,7.0000,2015.4400,0.0000
2025-09-18 20:00:00,6.0000,1727.5200,0.0000
2025-09-18 21:00:00,5.0000,1439.6000,0.0000
2025-09-18 22:00:00,4.0000,1151.6800,0.0000
2025-09-18 23:00:00,3.0000,863.7600,0.0000
2025-09-19 00:00:00,2.0000,575.8400,0.0000
2025-09-19 01:00:00,2.0000,575.8400,0.0000
2025-09-19 02:00:00,2.0000,575.8400,0.0000
2025-09-19 03:00:00,2.0000,575.8400,0.0000
2025-09-19 04:00:00,2.0000,575.8400,0.0000
2025-09-19 05:00:00,2.0000,768.0250,192.1850
2025-09-19 06:00:00,5.0000,7026.0035,5586.4035
2025-09-19 07:00:00,6.0000,9685.6902,7958.1702
2025-09-19 08:00:00,5.0000,10777.5002,9337.9002
2025-09-19 09:00:00,3.0000,10537.4717,9673.7117
2025-09-19 10:00:00,3.0000,9982.4722,9118.7122
2025-09-19 11:00:00,3.5000,9628.0806,8620.3606
2025-09-19 12:00:00,4.0000,10665.3578,9513.6778
2025-09-19 13:00:00,3.5000,10775.7989,9768.0789
2025-09-19 14:00:00,3.0000,10226.9694,9363.2094
2025-09-19 15:00:00,3.0000,8701.2917,7837.5317
2025-09-19 16:00:00,3.0000,6189.3914,5325.6314
2025-09-19 17:00:00,5.0000,1511.0000,71.4000
2025-09-19 18:00:00,6.0000,1727.5200,0.0000
2025-09-19 19:00:00,7.0000,2015.4400,0.0000
2025-09-19 20:00:00,6.0000,1727.5200,0.0000
2025-09-19 21:00:00,5.0000,1439.6000,0.0000
2025-09-19 22:00:00,4.0000,1151.6800,0.0000
2025-09-19 23:00:00,3.0000,863.7600,0.0000
2025-09-20 00:00:00,2.0000,575.8400,0.0000
2025-09-20 01:00:00,2.0000,575.8400,0.0000
2025-09-20 02:00:00,2.0000,575.8400,0.0000
2025-09-20 03:00:00,2.0000,575.8400,0.0000
2025-09-20 04:00:00,2.0000,575.8400,0.0000
2025-09-20 05:00:00,2.0000,712.0950,136.2550
2025-09-20 06:00:00,5.0000,7025.3325,5585.7325
2025-09-20 07:00:00,6.0000,9719.5396,7992.0196
2025-09-20 08:00:00,5.0000,10767.6250,9328.0250
2025-09-20 09:00:00,4.0000,10784.3677,9632.6877
2025-09-20 10:00:00,4.0000,10220.3320,9068.6520
2025-09-20 11:00:00,4.5000,9922.2516,8626.6116
2025-09-20 12:00:00,5.0000,10943.6064,9504.0064
2025-09-20 13:00:00,4.5000,11049.6933,9754.0533
2025-09-20 14:00:00,4.0000,10383.3204,9231.6404
2025-09-20 15:00:00,4.0000,8819.1414,7667.4614
2025-09-20 16:00:00,4.0000,6077.3641,4925.6841
2025-09-20 17:00:00,6.0000,1788.2100,60.6900
2025-09-20 18:00:00,7.0000,2015.4400,0.0000
2025-09-20 19:00:00,7.5000,2159.4000,0.0000
2025-09-20 20:00:00,7.0000,2015.4400,0.0000
2025-09-20 21:00:00,6.0000,1727.5200,0.0000
2025-09-20 22:00:00,5.0000,1439.6000,0.0000
2025-09-20 23:00:00,4.0000,1151.6800,0.0000
2025-09-21 00:00:00,2.0000,575.8400,0.0000
2025-09-21 01:00:00,2.0000,575.8400,0.0000
2025-09-21 02:00:00,2.0000,575.8400,0.0000
2025-09-21 03:00:00,2.0000,575.8400,0.0000
2025-09-21 04:00:00,2.0000,575.8400,0.0000
2025-09-21 05:00:00,2.0000,817.4100,241.5700
2025-09-21 06:00:00,5.0000,3220.2701,1780.6701
2025-09-21 07:00:00,6.0000,8966.7914,7239.2714
2025-09-21 08:00:00,5.0000,10575.0072,9135.4072
2025-09-21 09:00:00,4.0000,10672.5085,9520.8285
2025-09-21 10:00:00,4.0000,10181.1983,9029.5183
2025-09-21 11:00:00,4.5000,10118.5372,8822.8972
2025-09-21 12:00:00,5.0000,11015.6446,9576.0446
2025-09-21 13:00:00,4.5000,11052.5299,9756.8899
2025-09-21 14:00:00,4.0000,6047.9545,4896.2745
2025-09-21 15:00:00,4.0000,3137.7249,1986.0449
2025-09-21 16:00:00,4.0000,1499.4273,347.7473
2025-09-21 17:00:00,6.0000,1727.5200,0.0000
2025-09-21 18:00:00,7.0000,2015.4400,0.0000
2025-09-21 19:00:00,7.5000,2159.4000,0.0000
2025-09-21 20:00:00,7.0000,2015.4400,0.0000
2025-09-21 21:00:00,6.0000,1727.5200,0.0000
2025-09-21 22:00:00,5.0000,1439.6000,0.0000
2025-09-21 23:00:00,4.0000,1151.6800,0.0000
2025-09-22 00:00:00,2.0000,575.8400,0.0000
2025-09-22 01:00:00,2.0000,575.8400,0.0000
2025-09-22 02:00:00,2.0000,575.8400,0.0000
2025-09-22 03:00:00,2.0000,575.8400,0.0000
2025-09-22 04:00:00,2.0000,575.8400,0.0000
2025-09-22 05:00:00,2.0000,611.5400,35.7000
2025-09-22 06:00:00,5.0000,1914.4100,474.8100
2025-09-22 07:00:00,6.0000,2512.6709,785.1509
2025-09-22 08:00:00,5.0000,1868.0000,428.4000
2025-09-22 09:00:00,3.0000,1841.9400,978.1800
2025-09-22 10:00:00,3.0000,2591.6400,1727.8800
2025-09-22 11:00:00,3.5000,2203.6700,1195.9500
2025-09-22 12:00:00,4.0000,2258.3800,1106.7000
2025-09-22 13:00:00,3.5000,2171.5400,1163.8200
2025-09-22 14:00:00,3.0000,1838.3700,974.6100
2025-09-22 15:00:00,3.0000,1359.9900,496.2300
2025-09-22 16:00:00,3.0000,1077.9600,214.2000
2025-09-22 17:00:00,5.0000,1443.1700,3.5700
2025-09-22 18:00:00,6.0000,1727.5200,0.0000
2025-09-22 19:00:00,7.0000,2015.4400,0.0000
2025-09-22 20:00:00,6.0000,1727.5200,0.0000
2025-09-22 21:00:00,5.0000,1439.6000,0.0000
2025-09-22 22:00:00,4.0000,1151.6800,0.0000
2025-09-22 23:00:00,3.0000,863.7600,0.0000
2025-09-23 00:00:00,2.0000,575.8400,0.0000
2025-09-23 01:00:00,2.0000,575.8400,0.0000
2025-09-23 02:00:00,2.0000,575.8400,0.0000
2025-09-23 03:00:00,2.0000,575.8400,0.0000
2025-09-23 04:00:00,2.0000,575.8400,0.0000
2025-09-23 05:00:00,2.0000,615.1100,39.2700
2025-09-23 06:00:00,5.0000,2178.5900,738.9900
2025-09-23 07:00:00,6.0000,3187.6500,1460.1300
2025-09-23 08:00:00,5.0000,3185.3300,1745.7300
2025-09-23 09:00:00,3.0000,2541.6600,1677.9000
2025-09-23 10:00:00,3.0000,2648.7600,1785.0000
2025-09-23 11:00:00,3.5000,2321.4800,1313.7600
2025-09-23 12:00:00,4.0000,2469.0100,1317.3300
2025-09-23 13:00:00,3.5000,2146.5500,1138.8300
2025-09-23 14:00:00,3.0000,1770.5400,906.7800
2025-09-23 15:00:00,3.0000,1110.0900,246.3300
2025-09-23 16:00:00,3.0000,999.4492,135.6892
2025-09-23 17:00:00,5.0000,1439.6000,0.0000
2025-09-23 18:00:00,6.0000,1727.5200,0.0000
2025-09-23 19:00:00,7.0000,2015.4400,0.0000
2025-09-23 20:00:00,6.0000,1727.5200,0.0000
2025-09-23 21:00:00,5.0000,1439.6000,0.0000
2025-09-23 22:00:00,4.0000,1151.6800,0.0000
2025-09-23 23:00:00,3.0000,863.7600,0.0000
2025-09-24 00:00:00,2.0000,575.8400,0.0000
2025-09-24 01:00:00,2.0000,575.8400,0.0000
2025-09-24 02:00:00,2.0000,575.8400,0.0000
2025-09-24 03:00:00,2.0000,575.8400,0.0000
2025-09-24 04:00:00,2.0000,575.8400,0.0000
2025-09-24 05:00:00,2.0000,579.4100,3.5700
2025-09-24 06:00:00,5.0000,1675.2200,235.6200
2025-09-24 07:00:00,6.0000,2509.3500,781.8300
2025-09-24 08:00:00,5.0000,2267.8400,828.2400
2025-09-24 09:00:00,3.0000,1459.9500,596.1900
2025-09-24 10:00:00,3.0000,1577.7600,714.0000
2025-09-24 11:00:00,3.5000,1843.1000,835.3800
2025-09-24 12:00:00,4.0000,2183.4100,1031.7300
2025-09-24 13:00:00,3.5000,2155.2600,1147.5400
2025-09-24 14:00:00,3.0000,1302.8700,439.1100
2025-09-24 15:00:00,3.0000,892.3200,28.5600
2025-09-24 16:00:00,3.0000,863.7600,0.0000
2025-09-24 17:00:00,5.0000,1439.6000,0.0000
2025-09-24 18:00:00,6.0000,1727.5200,0.0000
2025-09-24 19:00:00,7.0000,2015.4400,0.0000
2025-09-24 20:00:00,6.0000,1727.5200,0.0000
2025-09-24 21:00:00,5.0000,1439.6000,0.0000
2025-09-24 22:00:00,4.0000,1151.6800,0.0000
2025-09-24 23:00:00,3.0000,863.7600,0.0000
2025-09-25 00:00:00,2.0000,575.8400,0.0000
2025-09-25 01:00:00,2.0000,575.8400,0.0000
2025-09-25 02:00:00,2.0000,575.8400,0.0000
2025-09-25 03:00:00,2.0000,575.8400,0.0000
2025-09-25 04:00:00,2.0000,575.8400,0.0000
2025-09-25 05:00:00,2.0000,575.8400,0.0000
2025-09-25 06:00:00,5.0000,1503.8600,64.2600
2025-09-25 07:00:00,6.0000,2366.5500,639.0300
2025-09-25 08:00:00,5.0000,3142.4900,1702.8900
2025-09-25 09:00:00,3.0000,3120.0000,2256.2400
2025-09-25 10:00:00,3.0000,3220.7380,2356.9780
2025-09-25 11:00:00,3.5000,4667.9000,3660.1800
2025-09-25 12:00:00,4.0000,5140.2922,3988.6122
2025-09-25 13:00:00,3.5000,5127.7817,4120.0617
2025-09-25 14:00:00,3.0000,3584.1000,2720.3400
2025-09-25 15:00:00,3.0000,1634.8800,771.1200
2025-09-25 16:00:00,3.0000,974.4300,110.6700
2025-09-25 17:00:00,5.0000,1439.6000,0.0000
2025-09-25 18:00:00,6.0000,1727.5200,0.0000
2025-09-25 19:00:00,7.0000,2015.4400,0.0000
2025-09-25 20:00:00,6.0000,1727.5200,0.0000
2025-09-25 21:00:00,5.0000,1439.6000,0.0000
2025-09-25 22:00:00,4.0000,1151.6800,0.0000
2025-09-25 23:00:00,3.0000,863.7600,0.0000
2025-09-26 00:00:00,2.0000,575.8400,0.0000
2025-09-26 01:00:00,2.0000,575.8400,0.0000
2025-09-26 02:00:00,2.0000,575.8400,0.0000
2025-09-26 03:00:00,2.0000,575.8400,0.0000
2025-09-26 04:00:00,2.0000,575.8400,0.0000
2025-09-26 05:00:00,2.0000,604.4000,28.5600
2025-09-26 06:00:00,5.0000,2017.9400,578.3400
2025-09-26 07:00:00,6.0000,3109.6287,1382.1087
2025-09-26 08:00:00,5.0000,4767.1710,3327.5710
2025-09-26 09:00:00,3.0000,4508.5524,3644.7924
2025-09-26 10:00:00,3.0000,7057.6144,6193.8544
2025-09-26 11:00:00,3.5000,8349.2120,7341.4920
2025-09-26 12:00:00,4.0000,9777.9072,8626.2272
2025-09-26 13:00:00,3.5000,6571.8506,5564.1306
2025-09-26 14:00:00,3.0000,2538.0900,1674.3300
2025-09-26 15:00:00,3.0000,1306.4400,442.6800
2025-09-26 16:00:00,3.0000,928.0200,64.2600
2025-09-26 17:00:00,5.0000,1439.6000,0.0000
2025-09-26 18:00:00,6.0000,1727.5200,0.0000
2025-09-26 19:00:00,7.0000,2015.4400,0.0000
2025-09-26 20:00:00,6.0000,1727.5200,0.0000
2025-09-26 21:00:00,5.0000,1439.6000,0.0000
2025-09-26 22:00:00,4.0000,1151.6800,0.0000
2025-09-26 23:00:00,3.0000,863.7600,0.0000
2025-09-27 00:00:00,2.0000,575.8400,0.0000
2025-09-27 01:00:00,2.0000,575.8400,0.0000
2025-09-27 02:00:00,2.0000,575.8400,0.0000
2025-09-27 03:00:00,2.0000,575.8400,0.0000
2025-09-27 04:00:00,2.0000,575.8400,0.0000
2025-09-27 05:00:00,2.0000,636.5300,60.6900
2025-09-27 06:00:00,5.0000,1653.8000,214.2000
2025-09-27 07:00:00,6.0000,2255.8800,528.3600
2025-09-27 08:00:00,5.0000,2603.4200,1163.8200
2025-09-27 09:00:00,4.0000,2611.8100,1460.1300
2025-09-27 10:00:00,4.0000,2911.6900,1760.0100
2025-09-27 11:00:00,4.5000,2805.7500,1510.1100
2025-09-27 12:00:00,5.0000,2714.0900,1274.4900
2025-09-27 13:00:00,4.5000,2338.0800,1042.4400
2025-09-27 14:00:00,4.0000,2165.5600,1013.8800
2025-09-27 15:00:00,4.0000,1719.3100,567.6300
2025-09-27 16:00:00,4.0000,1383.7300,232.0500
2025-09-27 17:00:00,6.0000,1727.5200,0.0000
2025-09-27 18:00:00,7.0000,2015.4400,0.0000
2025-09-27 19:00:00,7.5000,2159.4000,0.0000
2025-09-27 20:00:00,7.0000,2015.4400,0.0000
2025-09-27 21:00:00,6.0000,1727.5200,0.0000
2025-09-27 22:00:00,5.0000,1439.6000,0.0000
2025-09-27 23:00:00,4.0000,1151.6800,0.0000
2025-09-28 00:00:00,2.0000,575.8400,0.0000
2025-09-28 01:00:00,2.0000,575.8400,0.0000
2025-09-28 02:00:00,2.0000,575.8400,0.0000
2025-09-28 03:00:00,2.0000,575.8400,0.0000
2025-09-28 04:00:00,2.0000,575.8400,0.0000
2025-09-28 05:00:00,2.0000,650.8100,74.9700
2025-09-28 06:00:00,5.0000,2558.5038,1118.9038
2025-09-28 07:00:00,6.0000,3239.2431,1511.7231
2025-09-28 08:00:00,5.0000,3715.8225,2276.2225
2025-09-28 09:00:00,4.0000,4513.9284,3362.2484
2025-09-28 10:00:00,4.0000,5437.0860,4285.4060
2025-09-28 11:00:00,4.5000,5850.9321,4555.2921
2025-09-28 12:00:00,5.0000,5547.6821,4108.0821
2025-09-28 13:00:00,4.5000,5789.8769,4494.2369
2025-09-28 14:00:00,4.0000,2433.3100,1281.6300
2025-09-28 15:00:00,4.0000,1687.1800,535.5000
2025-09-28 16:00:00,4.0000,1390.8700,239.1900
2025-09-28 17:00:00,6.0000,1734.6600,7.1400
2025-09-28 18:00:00,7.0000,2015.4400,0.0000
2025-09-28 19:00:00,7.5000,2159.4000,0.0000
2025-09-28 20:00:00,7.0000,2015.4400,0.0000
2025-09-28 21:00:00,6.0000,1727.5200,0.0000
2025-09-28 22:00:00,5.0000,1439.6000,0.0000
2025-09-28 23:00:00,4.0000,1151.6800,0.0000
2025-09-29 00:00:00,2.0000,575.8400,0.0000
2025-09-29 01:00:00,2.0000,575.8400,0.0000
2025-09-29 02:00:00,2.0000,575.8400,0.0000
2025-09-29 03:00:00,2.0000,575.8400,0.0000
2025-09-29 04:00:00,2.0000,575.8400,0.0000
2025-09-29 05:00:00,2.0000,579.4100,3.5700
2025-09-29 06:00:00,5.0000,1635.9500,196.3500
2025-09-29 07:00:00,6.0000,2663.5436,936.0236
2025-09-29 08:00:00,5.0000,4691.8221,3252.2221
2025-09-29 09:00:00,3.0000,5435.5781,4571.8181
2025-09-29 10:00:00,3.0000,8386.4469,7522.6869
2025-09-29 11:00:00,3.5000,7356.1054,6348.3854
2025-09-29 12:00:00,4.0000,7311.3852,6159.7052
2025-09-29 13:00:00,3.5000,4107.0695,3099.3495
2025-09-29 14:00:00,3.0000,3516.5226,2652.7626
2025-09-29 15:00:00,3.0000,2469.6515,1605.8915
2025-09-29 16:00:00,3.0000,1484.3450,620.5850
2025-09-29 17:00:00,5.0000,1443.1700,3.5700
2025-09-29 18:00:00,6.0000,1727.5200,0.0000
2025-09-29 19:00:00,7.0000,2015.4400,0.0000
2025-09-29 20:00:00,6.0000,1727.5200,0.0000
2025-09-29 21:00:00,5.0000,1439.6000,0.0000
2025-09-29 22:00:00,4.0000,1151.6800,0.0000
2025-09-29 23:00:00,3.0000,863.7600,0.0000
2025-09-30 00:00:00,2.0000,575.8400,0.0000
2025-09-30 01:00:00,2.0000,575.8400,0.0000
2025-09-30 02:00:00,2.0000,575.8400,0.0000
2025-09-30 03:00:00,2.0000,575.8400,0.0000
2025-09-30 04:00:00,2.0000,575.8400,0.0000
2025-09-30 05:00:00,2.0000,575.8400,0.0000
2025-09-30 06:00:00,5.0000,2003.6600,564.0600
2025-09-30 07:00:00,6.0000,3191.2200,1463.7000
2025-09-30 08:00:00,5.0000,3052.1587,1612.5587
2025-09-30 09:00:00,3.0000,2373.8700,1510.1100
2025-09-30 10:00:00,3.0000,3281.8943,2418.1343
2025-09-30 11:00:00,3.5000,3681.6500,2673.9300
2025-09-30 12:00:00,4.0000,3418.6300,2266.9500
2025-09-30 13:00:00,3.5000,2232.2300,1224.5100
2025-09-30 14:00:00,3.0000,1295.7300,431.9700
2025-09-30 15:00:00,3.0000,1242.1800,378.4200
2025-09-30 16:00:00,3.0000,881.6100,17.8500
2025-09-30 17:00:00,5.0000,1439.6000,0.0000
2025-09-30 18:00:00,6.0000,1727.5200,0.0000
2025-09-30 19:00:00,7.0000,2015.4400,0.0000
2025-09-30 20:00:00,6.0000,1727.5200,0.0000
2025-09-30 21:00:00,5.0000,1439.6000,0.0000
2025-09-30 22:00:00,4.0000,1151.6800,0.0000
2025-09-30 23:00:00,3.0000,863.7600,0.0000
2025-10-01 00:00:00,2.0000,575.8400,0.0000
2025-10-01 01:00:00,2.0000,575.8400,0.0000
2025-10-01 02:00:00,2.0000,575.8400,0.0000
2025-10-01 03:00:00,2.0000,575.8400,0.0000
2025-10-01 04:00:00,2.0000,575.8400,0.0000
2025-10-01 05:00:00,2.0000,618.6800,42.8400
2025-10-01 06:00:00,5.0000,2354.4935,914.8935
2025-10-01 07:00:00,6.0000,4514.4058,2786.8858
2025-10-01 08:00:00,5.0000,10638.2862,9198.6862
2025-10-01 09:00:00,3.0000,10609.8203,9746.0603
2025-10-01 10:00:00,3.0000,10213.1471,9349.3871
2025-10-01 11:00:00,3.5000,8709.8272,7702.1072
2025-10-01 12:00:00,4.0000,8715.6905,7564.0105
2025-10-01 13:00:00,3.5000,8271.5749,7263.8549
2025-10-01 14:00:00,3.0000,7374.4869,6510.7269
2025-10-01 15:00:00,3.0000,5954.5544,5090.7944
2025-10-01 16:00:00,3.0000,1313.5800,449.8200
2025-10-01 17:00:00,5.0000,1446.7400,7.1400
2025-10-01 18:00:00,6.0000,1727.5200,0.0000
2025-10-01 19:00:00,7.0000,2015.4400,0.0000
2025-10-01 20:00:00,6.0000,1727.5200,0.0000
2025-10-01 21:00:00,5.0000,1439.6000,0.0000
2025-10-01 22:00:00,4.0000,1151.6800,0.0000
2025-10-01 23:00:00,3.0000,863.7600,0.0000
2025-10-02 00:00:00,2.0000,575.8400,0.0000
2025-10-02 01:00:00,2.0000,575.8400,0.0000
2025-10-02 02:00:00,2.0000,575.8400,0.0000
2025-10-02 03:00:00,2.0000,575.8400,0.0000
2025-10-02 04:00:00,2.0000,575.8400,0.0000
2025-10-02 05:00:00,2.0000,650.2150,74.3750
2025-10-02 06:00:00,5.0000,6727.0056,5287.4056
2025-10-02 07:00:00,6.0000,9749.0846,8021.5646
2025-10-02 08:00:00,5.0000,10973.8183,9534.2183
2025-10-02 09:00:00,3.0000,10852.3187,9988.5587
2025-10-02 10:00:00,3.0000,10226.1888,9362.4288
2025-10-02 11:00:00,3.5000,9959.2473,8951.5273
2025-10-02 12:00:00,4.0000,10937.2286,9785.5486
2025-10-02 13:00:00,3.5000,11021.3990,10013.6790
2025-10-02 14:00:00,3.0000,10379.4297,9515.6697
2025-10-02 15:00:00,3.0000,8607.1685,7743.4085
2025-10-02 16:00:00,3.0000,1236.8250,373.0650
2025-10-02 17:00:00,5.0000,1443.1700,3.5700
2025-10-02 18:00:00,6.0000,1727.5200,0.0000
2025-10-02 19:00:00,7.0000,2015.4400,0.0000
2025-10-02 20:00:00,6.0000,1727.5200,0.0000
2025-10-02 21:00:00,5.0000,1439.6000,0.0000
2025-10-02 22:00:00,4.0000,1151.6800,0.0000
2025-10-02 23:00:00,3.0000,863.7600,0.0000
2025-10-03 00:00:00,2.0000,575.8400,0.0000
2025-10-03 01:00:00,2.0000,575.8400,0.0000
2025-10-03 02:00:00,2.0000,575.8400,0.0000
2025-10-03 03:00:00,2.0000,575.8400,0.0000
2025-10-03 04:00:00,2.0000,575.8400,0.0000
2025-10-03 05:00:00,2.0000,649.6200,73.7800
2025-10-03 06:00:00,5.0000,6760.4319,5320.8319
2025-10-03 07:00:00,6.0000,10300.9196,8573.3996
2025-10-03 08:00:00,5.0000,11264.9364,9825.3364
2025-10-03 09:00:00,3.0000,10853.5252,9989.7652
2025-10-03 10:00:00,3.0000,8833.5186,7969.7586
2025-10-03 11:00:00,3.5000,8441.4254,7433.7054
2025-10-03 12:00:00,4.0000,9148.4909,7996.8109
2025-10-03 13:00:00,3.5000,10616.6001,9608.8801
2025-10-03 14:00:00,3.0000,8024.1133,7160.3533
2025-10-03 15:00:00,3.0000,5199.4862,4335.7262
2025-10-03 16:00:00,3.0000,1135.0800,271.3200
2025-10-03 17:00:00,5.0000,1439.6000,0.0000
2025-10-03 18:00:00,6.0000,1727.5200,0.0000
2025-10-03 19:00:00,7.0000,2015.4400,0.0000
2025-10-03 20:00:00,6.0000,1727.5200,0.0000
2025-10-03 21:00:00,5.0000,1439.6000,0.0000
2025-10-03 22:00:00,4.0000,1151.6800,0.0000
2025-10-03 23:00:00,3.0000,863.7600,0.0000
2025-10-04 00:00:00,2.0000,575.8400,0.0000
2025-10-04 01:00:00,2.0000,575.8400,0.0000
2025-10-04 02:00:00,2.0000,575.8400,0.0000
2025-10-04 03:00:00,2.0000,575.8400,0.0000
2025-10-04 04:00:00,2.0000,575.8400,0.0000
2025-10-04 05:00:00,2.0000,575.8400,0.0000
2025-10-04 06:00:00,5.0000,1728.7700,289.1700
2025-10-04 07:00:00,6.0000,3179.9164,1452.3964
2025-10-04 08:00:00,5.0000,4124.9026,2685.3026
2025-10-04 09:00:00,4.0000,11079.2759,9927.5959
2025-10-04 10:00:00,4.0000,10286.0214,9134.3414
2025-10-04 11:00:00,4.5000,7285.8169,5990.1769
2025-10-04 12:00:00,5.0000,6382.5862,4942.9862
2025-10-04 13:00:00,4.5000,8959.9301,7664.2901
2025-10-04 14:00:00,4.0000,4494.8844,3343.2044
2025-10-04 15:00:00,4.0000,1826.4100,674.7300
2025-10-04 16:00:00,4.0000,1223.0800,71.4000
2025-10-04 17:00:00,6.0000,1727.5200,0.0000
2025-10-04 18:00:00,7.0000,2015.4400,0.0000
2025-10-04 19:00:00,7.5000,2159.4000,0.0000
2025-10-04 20:00:00,7.0000,2015.4400,0.0000
2025-10-04 21:00:00,6.0000,1727.5200,0.0000
2025-10-04 22:00:00,5.0000,1439.6000,0.0000
2025-10-04 23:00:00,4.0000,1151.6800,0.0000
2025-10-05 00:00:00,2.0000,575.8400,0.0000
2025-10-05 01:00:00,2.0000,575.8400,0.0000
2025-10-05 02:00:00,2.0000,575.8400,0.0000
2025-10-05 03:00:00,2.0000,575.8400,0.0000
2025-10-05 04:00:00,2.0000,575.8400,0.0000
2025-10-05 05:00:00,2.0000,600.8300,24.9900
2025-10-05 06:00:00,5.0000,1914.4100,474.8100
2025-10-05 07:00:00,6.0000,3208.8320,1481.3120
2025-10-05 08:00:00,5.0000,3670.5796,2230.9796
2025-10-05 09:00:00,4.0000,2902.7074,1751.0274
2025-10-05 10:00:00,4.0000,3726.5286,2574.8486
2025-10-05 11:00:00,4.5000,4982.5090,3686.8690
2025-10-05 12:00:00,5.0000,5443.8120,4004.2120
2025-10-05 13:00:00,4.5000,5866.6251,4570.9851
2025-10-05 14:00:00,4.0000,9449.8214,8298.1414
2025-10-05 15:00:00,4.0000,2222.9891,1071.3091
2025-10-05 16:00:00,4.0000,1383.7300,232.0500
2025-10-05 17:00:00,6.0000,1727.5200,0.0000
2025-10-05 18:00:00,7.0000,2015.4400,0.0000
2025-10-05 19:00:00,7.5000,2159.4000,0.0000
2025-10-05 20:00:00,7.0000,2015.4400,0.0000
2025-10-05 21:00:00,6.0000,1727.5200,0.0000
2025-10-05 22:00:00,5.0000,1439.6000,0.0000
2025-10-05 23:00:00,4.0000,1151.6800,0.0000
2025-10-06 00:00:00,2.0000,575.8400,0.0000
2025-10-06 01:00:00,2.0000,575.8400,0.0000
2025-10-06 02:00:00,2.0000,575.8400,0.0000
2025-10-06 03:00:00,2.0000,575.8400,0.0000
2025-10-06 04:00:00,2.0000,575.8400,0.0000
2025-10-06 05:00:00,2.0000,579.4100,3.5700
2025-10-06 06:00:00,5.0000,1743.0500,303.4500
2025-10-06 07:00:00,6.0000,2687.8500,960.3300
2025-10-06 08:00:00,5.0000,2963.9900,1524.3900
2025-10-06 09:00:00,3.0000,2730.8700,1867.1100
2025-10-06 10:00:00,3.0000,2345.3100,1481.5500
2025-10-06 11:00:00,3.5000,2710.6100,1702.8900
2025-10-06 12:00:00,4.0000,2936.6800,1785.0000
2025-10-06 13:00:00,3.5000,2474.9900,1467.2700
2025-10-06 14:00:00,3.0000,1581.3300,717.5700
2025-10-06 15:00:00,3.0000,1110.0900,246.3300
2025-10-06 16:00:00,3.0000,888.7500,24.9900
2025-10-06 17:00:00,5.0000,1439.6000,0.0000
2025-10-06 18:00:00,6.0000,1727.5200,0.0000
2025-10-06 19:00:00,7.0000,2015.4400,0.0000
2025-10-06 20:00:00,6.0000,1727.5200,0.0000
2025-10-06 21:00:00,5.0000,1439.6000,0.0000
2025-10-06 22:00:00,4.0000,1151.6800,0.0000
2025-10-06 23:00:00,3.0000,863.7600,0.0000
2025-10-07 00:00:00,2.0000,575.8400,0.0000
2025-10-07 01:00:00,2.0000,575.8400,0.0000
2025-10-07 02:00:00,2.0000,575.8400,0.0000
2025-10-07 03:00:00,2.0000,575.8400,0.0000
2025-10-07 04:00:00,2.0000,575.8400,0.0000
2025-10-07 05:00:00,2.0000,579.4100,3.5700
2025-10-07 06:00:00,5.0000,1728.2532,288.6532
2025-10-07 07:00:00,6.0000,2984.1600,1256.6400
2025-10-07 08:00:00,5.0000,6137.2540,4697.6540
2025-10-07 09:00:00,3.0000,5306.4881,4442.7281
2025-10-07 10:00:00,3.0000,6343.3104,5479.5504
2025-10-07 11:00:00,3.5000,6934.0472,5926.3272
2025-10-07 12:00:00,4.0000,5953.3852,4801.7052
2025-10-07 13:00:00,3.5000,10454.9947,9447.2747
2025-10-07 14:00:00,3.0000,5902.4258,5038.6658
2025-10-07 15:00:00,3.0000,4262.2442,3398.4842
2025-10-07 16:00:00,3.0000,1196.3650,332.6050
2025-10-07 17:00:00,5.0000,1439.6000,0.0000
2025-10-07 18:00:00,6.0000,1727.5200,0.0000
2025-10-07 19:00:00,7.0000,2015.4400,0.0000
2025-10-07 20:00:00,6.0000,1727.5200,0.0000
2025-10-07 21:00:00,5.0000,1439.6000,0.0000
2025-10-07 22:00:00,4.0000,1151.6800,0.0000
2025-10-07 23:00:00,3.0000,863.7600,0.0000
2025-10-08 00:00:00,2.0000,575.8400,0.0000
2025-10-08 01:00:00,2.0000,575.8400,0.0000
2025-10-08 02:00:00,2.0000,575.8400,0.0000
2025-10-08 03:00:00,2.0000,575.8400,0.0000
2025-10-08 04:00:00,2.0000,575.8400,0.0000
2025-10-08 05:00:00,2.0000,604.4000,28.5600
2025-10-08 06:00:00,5.0000,6881.3180,5441.7180
2025-10-08 07:00:00,6.0000,10086.8134,8359.2934
2025-10-08 08:00:00,5.0000,10803.0564,9363.4564
2025-10-08 09:00:00,3.0000,10481.9870,9618.2270
2025-10-08 10:00:00,3.0000,9264.4305,8400.6705
2025-10-08 11:00:00,3.5000,9430.3475,8422.6275
2025-10-08 12:00:00,4.0000,9512.8635,8361.1835
2025-10-08 13:00:00,3.5000,10802.4193,9794.6993
2025-10-08 14:00:00,3.0000,8524.4771,7660.7171
2025-10-08 15:00:00,3.0000,6313.1747,5449.4147
2025-10-08 16:00:00,3.0000,1070.8200,207.0600
2025-10-08 17:00:00,5.0000,1439.6000,0.0000
2025-10-08 18:00:00,6.0000,1727.5200,0.0000
2025-10-08 19:00:00,7.0000,2015.4400,0.0000
2025-10-08 20:00:00,6.0000,1727.5200,0.0000
2025-10-08 21:00:00,5.0000,1439.6000,0.0000
2025-10-08 22:00:00,4.0000,1151.6800,0.0000
2025-10-08 23:00:00,3.0000,863.7600,0.0000
2025-10-09 00:00:00,2.0000,575.8400,0.0000
2025-10-09 01:00:00,2.0000,575.8400,0.0000
2025-10-09 02:00:00,2.0000,575.8400,0.0000
2025-10-09 03:00:00,2.0000,575.8400,0.0000
2025-10-09 04:00:00,2.0000,575.8400,0.0000
2025-10-09 05:00:00,2.0000,590.1200,14.2800
2025-10-09 06:00:00,5.0000,1869.0746,429.4746
2025-10-09 07:00:00,6.0000,2437.9500,710.4300
2025-10-09 08:00:00,5.0000,2164.3100,724.7100
2025-10-09 09:00:00,3.0000,1934.7600,1071.0000
2025-10-09 10:00:00,3.0000,2398.8600,1535.1000
2025-10-09 11:00:00,3.5000,2892.6800,1884.9600
2025-10-09 12:00:00,4.0000,3068.7700,1917.0900
2025-10-09 13:00:00,3.5000,2288.1223,1280.4023
2025-10-09 14:00:00,3.0000,1210.0500,346.2900
2025-10-09 15:00:00,3.0000,1149.3600,285.6000
2025-10-09 16:00:00,3.0000,903.0300,39.2700
2025-10-09 17:00:00,5.0000,1439.6000,0.0000
2025-10-09 18:00:00,6.0000,1727.5200,0.0000
2025-10-09 19:00:00,7.0000,2015.4400,0.0000
2025-10-09 20:00:00,6.0000,1727.5200,0.0000
2025-10-09 21:00:00,5.0000,1439.6000,0.0000
2025-10-09 22:00:00,4.0000,1151.6800,0.0000
2025-10-09 23:00:00,3.0000,863.7600,0.0000
2025-10-10 00:00:00,2.0000,575.8400,0.0000
2025-10-10 01:00:00,2.0000,575.8400,0.0000
2025-10-10 02:00:00,2.0000,575.8400,0.0000
2025-10-10 03:00:00,2.0000,575.8400,0.0000
2025-10-10 04:00:00,2.0000,575.8400,0.0000
2025-10-10 05:00:00,2.0000,575.8400,0.0000
2025-10-10 06:00:00,5.0000,1657.3700,217.7700
2025-10-10 07:00:00,6.0000,2334.4200,606.9000
2025-10-10 08:00:00,5.0000,2414.2100,974.6100
2025-10-10 09:00:00,3.0000,2937.9300,2074.1700
2025-10-10 10:00:00,3.0000,3870.7736,3007.0136
2025-10-10 11:00:00,3.5000,6236.8212,5229.1012
2025-10-10 12:00:00,4.0000,8436.3431,7284.6631
2025-10-10 13:00:00,3.5000,9071.2830,8063.5630
2025-10-10 14:00:00,3.0000,7103.9002,6240.1402
2025-10-10 15:00:00,3.0000,1439.7168,575.9568
2025-10-10 16:00:00,3.0000,974.4300,110.6700
2025-10-10 17:00:00,5.0000,1439.6000,0.0000
2025-10-10 18:00:00,6.0000,1727.5200,0.0000
2025-10-10 19:00:00,7.0000,2015.4400,0.0000
2025-10-10 20:00:00,6.0000,1727.5200,0.0000
2025-10-10 21:00:00,5.0000,1439.6000,0.0000
2025-10-10 22:00:00,4.0000,1151.6800,0.0000
2025-10-10 23:00:00,3.0000,863.7600,0.0000
2025-10-11 00:00:00,2.0000,575.8400,0.0000
2025-10-11 01:00:00,2.0000,575.8400,0.0000
2025-10-11 02:00:00,2.0000,575.8400,0.0000
2025-10-11 03:00:00,2.0000,575.8400,0.0000
2025-10-11 04:00:00,2.0000,575.8400,0.0000
2025-10-11 05:00:00,2.0000,575.8400,0.0000
2025-10-11 06:00:00,5.0000,1575.2600,135.6600
2025-10-11 07:00:00,6.0000,2420.1000,692.5800
2025-10-11 08:00:00,5.0000,2789.0795,1349.4795
2025-10-11 09:00:00,4.0000,2943.8200,1792.1400
2025-10-11 10:00:00,4.0000,3614.9800,2463.3000
2025-10-11 11:00:00,4.5000,4735.1453,3439.5053
2025-10-11 12:00:00,5.0000,5070.4245,3630.8245
2025-10-11 13:00:00,4.5000,4139.4462,2843.8062
2025-10-11 14:00:00,4.0000,3611.7515,2460.0715
2025-10-11 15:00:00,4.0000,2341.8932,1190.2132
2025-10-11 16:00:00,4.0000,1323.0400,171.3600
2025-10-11 17:00:00,6.0000,1727.5200,0.0000
2025-10-11 18:00:00,7.0000,2015.4400,0.0000
2025-10-11 19:00:00,7.5000,2159.4000,0.0000
2025-10-11 20:00:00,7.0000,2015.4400,0.0000
2025-10-11 21:00:00,6.0000,1727.5200,0.0000
2025-10-11 22:00:00,5.0000,1439.6000,0.0000
2025-10-11 23:00:00,4.0000,1151.6800,0.0000
2025-10-12 00:00:00,2.0000,575.8400,0.0000
2025-10-12 01:00:00,2.0000,575.8400,0.0000
2025-10-12 02:00:00,2.0000,575.8400,0.0000
2025-10-12 03:00:00,2.0000,575.8400,0.0000
2025-10-12 04:00:00,2.0000,575.8400,0.0000
2025-10-12 05:00:00,2.0000,579.4100,3.5700
2025-10-12 06:00:00,5.0000,1764.4700,324.8700
2025-10-12 07:00:00,6.0000,3147.9164,1420.3964
2025-10-12 08:00:00,5.0000,4386.6933,2947.0933
2025-10-12 09:00:00,4.0000,5675.1362,4523.4562
2025-10-12 10:00:00,4.0000,8740.5989,7588.9189
2025-10-12 11:00:00,4.5000,9016.7546,7721.1146
2025-10-12 12:00:00,5.0000,11525.3571,10085.7571
2025-10-12 13:00:00,4.5000,11740.2175,10444.5775
2025-10-12 14:00:00,4.0000,9430.9854,8279.3054
2025-10-12 15:00:00,4.0000,8507.5003,7355.8203
2025-10-12 16:00:00,4.0000,1360.5250,208.8450
2025-10-12 17:00:00,6.0000,1727.5200,0.0000
2025-10-12 18:00:00,7.0000,2015.4400,0.0000
2025-10-12 19:00:00,7.5000,2159.4000,0.0000
2025-10-12 20:00:00,7.0000,2015.4400,0.0000
2025-10-12 21:00:00,6.0000,1727.5200,0.0000
2025-10-12 22:00:00,5.0000,1439.6000,0.0000
2025-10-12 23:00:00,4.0000,1151.6800,0.0000
2025-10-13 00:00:00,2.0000,575.8400,0.0000
2025-10-13 01:00:00,2.0000,575.8400,0.0000
2025-10-13 02:00:00,2.0000,575.8400,0.0000
2025-10-13 03:00:00,2.0000,575.8400,0.0000
2025-10-13 04:00:00,2.0000,575.8400,0.0000
2025-10-13 05:00:00,2.0000,575.8400,0.0000
2025-10-13 06:00:00,5.0000,1643.0900,203.4900
2025-10-13 07:00:00,6.0000,2366.3250,638.8050
2025-10-13 08:00:00,5.0000,2560.5800,1120.9800
2025-10-13 09:00:00,3.0000,3020.0400,2156.2800
2025-10-13 10:00:00,3.0000,2688.0300,1824.2700
2025-10-13 11:00:00,3.5000,2364.3200,1356.6000
2025-10-13 12:00:00,4.0000,2240.5300,1088.8500
2025-10-13 13:00:00,3.5000,1953.7700,946.0500
2025-10-13 14:00:00,3.0000,1413.5400,549.7800
2025-10-13 15:00:00,3.0000,1138.6500,274.8900
2025-10-13 16:00:00,3.0000,867.3300,3.5700
2025-10-13 17:00:00,5.0000,1439.6000,0.0000
2025-10-13 18:00:00,6.0000,1727.5200,0.0000
2025-10-13 19:00:00,7.0000,2015.4400,0.0000
2025-10-13 20:00:00,6.0000,1727.5200,0.0000
2025-10-13 21:00:00,5.0000,1439.6000,0.0000
2025-10-13 22:00:00,4.0000,1151.6800,0.0000
2025-10-13 23:00:00,3.0000,863.7600,0.0000
2025-10-14 00:00:00,2.0000,575.8400,0.0000
2025-10-14 01:00:00,2.0000,575.8400,0.0000
2025-10-14 02:00:00,2.0000,575.8400,0.0000
2025-10-14 03:00:00,2.0000,575.8400,0.0000
2025-10-14 04:00:00,2.0000,575.8400,0.0000
2025-10-14 05:00:00,2.0000,575.8400,0.0000
2025-10-14 06:00:00,5.0000,1628.8100,189.2100
2025-10-14 07:00:00,6.0000,2487.9300,760.4100
2025-10-14 08:00:00,5.0000,2635.9262,1196.3262
2025-10-14 09:00:00,3.0000,2358.4213,1494.6613
2025-10-14 10:00:00,3.0000,3027.1800,2163.4200
2025-10-14 11:00:00,3.5000,7658.1832,6650.4632
2025-10-14 12:00:00,4.0000,11436.1562,10284.4762
2025-10-14 13:00:00,3.5000,9250.2588,8242.5388
2025-10-14 14:00:00,3.0000,2923.7028,2059.9428
2025-10-14 15:00:00,3.0000,1506.3600,642.6000
2025-10-14 16:00:00,3.0000,899.4600,35.7000
2025-10-14 17:00:00,5.0000,1439.6000,0.0000
2025-10-14 18:00:00,6.0000,1727.5200,0.0000
2025-10-14 19:00:00,7.0000,2015.4400,0.0000
2025-10-14 20:00:00,6.0000,1727.5200,0.0000
2025-10-14 21:00:00,5.0000,1439.6000,0.0000
2025-10-14 22:00:00,4.0000,1151.6800,0.0000
2025-10-14 23:00:00,3.0000,863.7600,0.0000
2025-10-15 00:00:00,2.0000,575.8400,0.0000
2025-10-15 01:00:00,2.0000,575.8400,0.0000
2025-10-15 02:00:00,2.0000,575.8400,0.0000
2025-10-15 03:00:00,2.0000,575.8400,0.0000
2025-10-15 04:00:00,2.0000,575.8400,0.0000
2025-10-15 05:00:00,2.0000,579.4100,3.5700
2025-10-15 06:00:00,5.0000,1868.0000,428.4000
2025-10-15 07:00:00,6.0000,3084.4014,1356.8814
2025-10-15 08:00:00,5.0000,3464.2914,2024.6914
2025-10-15 09:00:00,3.0000,7853.4109,6989.6509
2025-10-15 10:00:00,3.0000,10443.8782,9580.1182
2025-10-15 11:00:00,3.5000,8529.1840,7521.4640
2025-10-15 12:00:00,4.0000,7757.4686,6605.7886
2025-10-15 13:00:00,3.5000,4848.5282,3840.8082
2025-10-15 14:00:00,3.0000,3326.3838,2462.6238
2025-10-15 15:00:00,3.0000,1517.0700,653.3100
2025-10-15 16:00:00,3.0000,953.6050,89.8450
2025-10-15 17:00:00,5.0000,1439.6000,0.0000
2025-10-15 18:00:00,6.0000,1727.5200,0.0000
2025-10-15 19:00:00,7.0000,2015.4400,0.0000
2025-10-15 20:00:00,6.0000,1727.5200,0.0000
2025-10-15 21:00:00,5.0000,1439.6000,0.0000
2025-10-15 22:00:00,4.0000,1151.6800,0.0000
2025-10-15 23:00:00,3.0000,863.7600,0.0000
2025-10-16 00:00:00,2.0000,575.8400,0.0000
2025-10-16 01:00:00,2.0000,575.8400,0.0000
2025-10-16 02:00:00,2.0000,575.8400,0.0000
2025-10-16 03:00:00,2.0000,575.8400,0.0000
2025-10-16 04:00:00,2.0000,575.8400,0.0000
2025-10-16 05:00:00,2.0000,575.8400,0.0000
2025-10-16 06:00:00,5.0000,1843.6050,404.0050
2025-10-16 07:00:00,6.0000,4040.6821,2313.1621
2025-10-16 08:00:00,5.0000,5331.0910,3891.4910
2025-10-16 09:00:00,3.0000,8263.4201,7399.6601
2025-10-16 10:00:00,3.0000,9660.4095,8796.6495
2025-10-16 11:00:00,3.5000,5829.4231,4821.7031
2025-10-16 12:00:00,4.0000,6349.9305,5198.2505
2025-10-16 13:00:00,3.5000,9777.7871,8770.0671
2025-10-16 14:00:00,3.0000,2054.7807,1191.0207
2025-10-16 15:00:00,3.0000,1533.4246,669.6646
2025-10-16 16:00:00,3.0000,970.8600,107.1000
2025-10-16 17:00:00,5.0000,1439.6000,0.0000
2025-10-16 18:00:00,6.0000,1727.5200,0.0000
2025-10-16 19:00:00,7.0000,2015.4400,0.0000
2025-10-16 20:00:00,6.0000,1727.5200,0.0000
2025-10-16 21:00:00,5.0000,1439.6000,0.0000
2025-10-16 22:00:00,4.0000,1151.6800,0.0000
2025-10-16 23:00:00,3.0000,863.7600,0.0000
2025-10-17 00:00:00,2.0000,575.8400,0.0000
2025-10-17 01:00:00,2.0000,575.8400,0.0000
2025-10-17 02:00:00,2.0000,575.8400,0.0000
2025-10-17 03:00:00,2.0000,575.8400,0.0000
2025-10-17 04:00:00,2.0000,575.8400,0.0000
2025-10-17 05:00:00,2.0000,575.8400,0.0000
2025-10-17 06:00:00,5.0000,1625.2400,185.6400
2025-10-17 07:00:00,6.0000,2373.6900,646.1700
2025-10-17 08:00:00,5.0000,2728.3700,1288.7700
2025-10-17 09:00:00,3.0000,3496.5906,2632.8306
2025-10-17 10:00:00,3.0000,5126.3387,4262.5787
2025-10-17 11:00:00,3.5000,4325.7579,3318.0379
2025-10-17 12:00:00,4.0000,3743.5000,2591.8200
2025-10-17 13:00:00,3.5000,3588.4364,2580.7164
2025-10-17 14:00:00,3.0000,2719.7720,1856.0120
2025-10-17 15:00:00,3.0000,1850.7783,987.0183
2025-10-17 16:00:00,3.0000,913.7400,49.9800
2025-10-17 17:00:00,5.0000,1439.6000,0.0000
2025-10-17 18:00:00,6.0000,1727.5200,0.0000
2025-10-17 19:00:00,7.0000,2015.4400,0.0000
2025-10-17 20:00:00,6.0000,1727.5200,0.0000
2025-10-17 21:00:00,5.0000,1439.6000,0.0000
2025-10-17 22:00:00,4.0000,1151.6800,0.0000
2025-10-17 23:00:00,3.0000,863.7600,0.0000
2025-10-18 00:00:00,2.0000,575.8400,0.0000
2025-10-18 01:00:00,2.0000,575.8400,0.0000
2025-10-18 02:00:00,2.0000,575.8400,0.0000
2025-10-18 03:00:00,2.0000,575.8400,0.0000
2025-10-18 04:00:00,2.0000,575.8400,0.0000
2025-10-18 05:00:00,2.0000,579.4100,3.5700
2025-10-18 06:00:00,5.0000,1877.5200,437.9200
2025-10-18 07:00:00,6.0000,9450.8866,7723.3666
2025-10-18 08:00:00,5.0000,10945.4438,9505.8438
2025-10-18 09:00:00,4.0000,11235.4087,10083.7287
2025-10-18 10:00:00,4.0000,10663.9773,9512.2973
2025-10-18 11:00:00,4.5000,10599.2040,9303.5640
2025-10-18 12:00:00,5.0000,11467.2803,10027.6803
2025-10-18 13:00:00,4.5000,11481.9417,10186.3017
2025-10-18 14:00:00,4.0000,10471.3223,9319.6423
2025-10-18 15:00:00,4.0000,9636.1620,8484.4820
2025-10-18 16:00:00,4.0000,1256.4000,104.7200
2025-10-18 17:00:00,6.0000,1727.5200,0.0000
2025-10-18 18:00:00,7.0000,2015.4400,0.0000
2025-10-18 19:00:00,7.5000,2159.4000,0.0000
2025-10-18 20:00:00,7.0000,2015.4400,0.0000
2025-10-18 21:00:00,6.0000,1727.5200,0.0000
2025-10-18 22:00:00,5.0000,1439.6000,0.0000
2025-10-18 23:00:00,4.0000,1151.6800,0.0000
2025-10-19 00:00:00,2.0000,575.8400,0.0000
2025-10-19 01:00:00,2.0000,575.8400,0.0000
2025-10-19 02:00:00,2.0000,575.8400,0.0000
2025-10-19 03:00:00,2.0000,575.8400,0.0000
2025-10-19 04:00:00,2.0000,575.8400,0.0000
2025-10-19 05:00:00,2.0000,575.8400,0.0000
2025-10-19 06:00:00,5.0000,1803.7400,364.1400
2025-10-19 07:00:00,6.0000,3166.2368,1438.7168
2025-10-19 08:00:00,5.0000,4413.4109,2973.8109
2025-10-19 09:00:00,4.0000,7367.0259,6215.3459
2025-10-19 10:00:00,4.0000,8395.2044,7243.5244
2025-10-19 11:00:00,4.5000,9105.2868,7809.6468
2025-10-19 12:00:00,5.0000,7001.0917,5561.4917
2025-10-19 13:00:00,4.5000,8088.3996,6792.7596
2025-10-19 14:00:00,4.0000,4250.8895,3099.2095
2025-10-19 15:00:00,4.0000,2215.7791,1064.0991
2025-10-19 16:00:00,4.0000,1201.6600,49.9800
2025-10-19 17:00:00,6.0000,1727.5200,0.0000
2025-10-19 18:00:00,7.0000,2015.4400,0.0000
2025-10-19 19:00:00,7.5000,2159.4000,0.0000
2025-10-19 20:00:00,7.0000,2015.4400,0.0000
2025-10-19 21:00:00,6.0000,1727.5200,0.0000
2025-10-19 22:00:00,5.0000,1439.6000,0.0000
2025-10-19 23:00:00,4.0000,1151.6800,0.0000
2025-10-20 00:00:00,2.0000,575.8400,0.0000
2025-10-20 01:00:00,2.0000,575.8400,0.0000
2025-10-20 02:00:00,2.0000,575.8400,0.0000
2025-10-20 03:00:00,2.0000,575.8400,0.0000
2025-10-20 04:00:00,2.0000,575.8400,0.0000
2025-10-20 05:00:00,2.0000,575.8400,0.0000
2025-10-20 06:00:00,5.0000,1727.5800,287.9800
2025-10-20 07:00:00,6.0000,3117.3444,1389.8244
2025-10-20 08:00:00,5.0000,4892.0771,3452.4771
2025-10-20 09:00:00,3.0000,4397.2660,3533.5060
2025-10-20 10:00:00,3.0000,7395.5212,6531.7612
2025-10-20 11:00:00,3.5000,5806.8808,4799.1608
2025-10-20 12:00:00,4.0000,5563.4192,4411.7392
2025-10-20 13:00:00,3.5000,2694.2870,1686.5670
2025-10-20 14:00:00,3.0000,1610.5340,746.7740
2025-10-20 15:00:00,3.0000,1070.8200,207.0600
2025-10-20 16:00:00,3.0000,867.3300,3.5700
2025-10-20 17:00:00,5.0000,1439.6000,0.0000
2025-10-20 18:00:00,6.0000,1727.5200,0.0000
2025-10-20 19:00:00,7.0000,2015.4400,0.0000
2025-10-20 20:00:00,6.0000,1727.5200,0.0000
2025-10-20 21:00:00,5.0000,1439.6000,0.0000
2025-10-20 22:00:00,4.0000,1151.6800,0.0000
2025-10-20 23:00:00,3.0000,863.7600,0.0000
2025-10-21 00:00:00,2.0000,575.8400,0.0000
2025-10-21 01:00:00,2.0000,575.8400,0.0000
2025-10-21 02:00:00,2.0000,575.8400,0.0000
2025-10-21 03:00:00,2.0000,575.8400,0.0000
2025-10-21 04:00:00,2.0000,575.8400,0.0000
2025-10-21 05:00:00,2.0000,575.8400,0.0000
2025-10-21 06:00:00,5.0000,1994.7350,555.1350
2025-10-21 07:00:00,6.0000,5319.5428,3592.0228
2025-10-21 08:00:00,5.0000,5722.0043,4282.4043
2025-10-21 09:00:00,3.0000,4733.4548,3869.6948
2025-10-21 10:00:00,3.0000,3481.5612,2617.8012
2025-10-21 11:00:00,3.5000,4178.8706,3171.1506
2025-10-21 12:00:00,4.0000,4558.1490,3406.4690
2025-10-21 13:00:00,3.5000,6886.3630,5878.6430
2025-10-21 14:00:00,3.0000,8088.6918,7224.9318
2025-10-21 15:00:00,3.0000,1627.7400,763.9800
2025-10-21 16:00:00,3.0000,928.6150,64.8550
2025-10-21 17:00:00,5.0000,1439.6000,0.0000
2025-10-21 18:00:00,6.0000,1727.5200,0.0000
2025-10-21 19:00:00,7.0000,2015.4400,0.0000
2025-10-21 20:00:00,6.0000,1727.5200,0.0000
2025-10-21 21:00:00,5.0000,1439.6000,0.0000
2025-10-21 22:00:00,4.0000,1151.6800,0.0000
2025-10-21 23:00:00,3.0000,863.7600,0.0000
2025-10-22 00:00:00,2.0000,575.8400,0.0000
2025-10-22 01:00:00,2.0000,575.8400,0.0000
2025-10-22 02:00:00,2.0000,575.8400,0.0000
2025-10-22 03:00:00,2.0000,575.8400,0.0000
2025-10-22 04:00:00,2.0000,575.8400,0.0000
2025-10-22 05:00:00,2.0000,575.8400,0.0000
2025-10-22 06:00:00,5.0000,1578.8300,139.2300
2025-10-22 07:00:00,6.0000,2048.8200,321.3000
2025-10-22 08:00:00,5.0000,1992.9500,553.3500
2025-10-22 09:00:00,3.0000,1938.3300,1074.5700
2025-10-22 10:00:00,3.0000,2873.6700,2009.9100
2025-10-22 11:00:00,3.5000,3074.7500,2067.0300
2025-10-22 12:00:00,4.0000,5013.1718,3861.4918
2025-10-22 13:00:00,3.5000,4073.0202,3065.3002
2025-10-22 14:00:00,3.0000,4008.8857,3145.1257
2025-10-22 15:00:00,3.0000,1552.1750,688.4150
2025-10-22 16:00:00,3.0000,870.9000,7.1400
2025-10-22 17:00:00,5.0000,1439.6000,0.0000
2025-10-22 18:00:00,6.0000,1727.5200,0.0000
2025-10-22 19:00:00,7.0000,2015.4400,0.0000
2025-10-22 20:00:00,6.0000,1727.5200,0.0000
2025-10-22 21:00:00,5.0000,1439.6000,0.0000
2025-10-22 22:00:00,4.0000,1151.6800,0.0000
2025-10-22 23:00:00,3.0000,863.7600,0.0000
2025-10-23 00:00:00,2.0000,575.8400,0.0000
2025-10-23 01:00:00,2.0000,575.8400,0.0000
2025-10-23 02:00:00,2.0000,575.8400,0.0000
2025-10-23 03:00:00,2.0000,575.8400,0.0000
2025-10-23 04:00:00,2.0000,575.8400,0.0000
2025-10-23 05:00:00,2.0000,575.8400,0.0000
2025-10-23 06:00:00,5.0000,1528.8500,89.2500
2025-10-23 07:00:00,6.0000,2320.1400,592.6200
2025-10-23 08:00:00,5.0000,2317.8200,878.2200
2025-10-23 09:00:00,3.0000,2009.7300,1145.9700
2025-10-23 10:00:00,3.0000,1738.4100,874.6500
2025-10-23 11:00:00,3.5000,1379.0000,371.2800
2025-10-23 12:00:00,4.0000,1355.1700,203.4900
2025-10-23 13:00:00,3.5000,1336.1600,328.4400
2025-10-23 14:00:00,3.0000,1774.1100,910.3500
2025-10-23 15:00:00,3.0000,1270.7400,406.9800
2025-10-23 16:00:00,3.0000,928.0200,64.2600
2025-10-23 17:00:00,5.0000,1439.6000,0.0000
2025-10-23 18:00:00,6.0000,1727.5200,0.0000
2025-10-23 19:00:00,7.0000,2015.4400,0.0000
2025-10-23 20:00:00,6.0000,1727.5200,0.0000
2025-10-23 21:00:00,5.0000,1439.6000,0.0000
2025-10-23 22:00:00,4.0000,1151.6800,0.0000
2025-10-23 23:00:00,3.0000,863.7600,0.0000
2025-10-24 00:00:00,2.0000,575.8400,0.0000
2025-10-24 01:00:00,2.0000,575.8400,0.0000
2025-10-24 02:00:00,2.0000,575.8400,0.0000
2025-10-24 03:00:00,2.0000,575.8400,0.0000
2025-10-24 04:00:00,2.0000,575.8400,0.0000
2025-10-24 05:00:00,2.0000,575.8400,0.0000
2025-10-24 06:00:00,5.0000,1607.3900,167.7900
2025-10-24 07:00:00,6.0000,2255.4920,527.9720
2025-10-24 08:00:00,5.0000,2476.7037,1037.1037
2025-10-24 09:00:00,3.0000,2241.5222,1377.7622
2025-10-24 10:00:00,3.0000,5045.3636,4181.6036
2025-10-24 11:00:00,3.5000,4064.3535,3056.6335
2025-10-24 12:00:00,4.0000,10675.4165,9523.7365
2025-10-24 13:00:00,3.5000,11277.6005,10269.8805
2025-10-24 14:00:00,3.0000,10566.5695,9702.8095
2025-10-24 15:00:00,3.0000,1430.7950,567.0350
2025-10-24 16:00:00,3.0000,892.3200,28.5600
2025-10-24 17:00:00,5.0000,1439.6000,0.0000
2025-10-24 18:00:00,6.0000,1727.5200,0.0000
2025-10-24 19:00:00,7.0000,2015.4400,0.0000
2025-10-24 20:00:00,6.0000,1727.5200,0.0000
2025-10-24 21:00:00,5.0000,1439.6000,0.0000
2025-10-24 22:00:00,4.0000,1151.6800,0.0000
2025-10-24 23:00:00,3.0000,863.7600,0.0000
2025-10-25 00:00:00,2.0000,575.8400,0.0000
2025-10-25 01:00:00,2.0000,575.8400,0.0000
2025-10-25 02:00:00,2.0000,575.8400,0.0000
2025-10-25 03:00:00,2.0000,575.8400,0.0000
2025-10-25 04:00:00,2.0000,575.8400,0.0000
2025-10-25 05:00:00,2.0000,575.8400,0.0000
2025-10-25 06:00:00,5.0000,1553.8400,114.2400
2025-10-25 07:00:00,6.0000,2338.0048,610.4848
2025-10-25 08:00:00,5.0000,3807.2657,2367.6657
2025-10-25 09:00:00,4.0000,3858.6356,2706.9556
2025-10-25 10:00:00,4.0000,3021.7752,1870.0952
2025-10-25 11:00:00,4.5000,2530.8600,1235.2200
2025-10-25 12:00:00,5.0000,2781.9200,1342.3200
2025-10-25 13:00:00,4.5000,2123.8800,828.2400
2025-10-25 14:00:00,4.0000,1644.3400,492.6600
2025-10-25 15:00:00,4.0000,1412.2900,260.6100
2025-10-25 16:00:00,4.0000,1155.2500,3.5700
2025-10-25 17:00:00,6.0000,1727.5200,0.0000
2025-10-25 18:00:00,7.0000,2015.4400,0.0000
2025-10-25 19:00:00,7.5000,2159.4000,0.0000
2025-10-25 20:00:00,7.0000,2015.4400,0.0000
2025-10-25 21:00:00,6.0000,1727.5200,0.0000
2025-10-25 22:00:00,5.0000,1439.6000,0.0000
2025-10-25 23:00:00,4.0000,1151.6800,0.0000
2025-10-26 00:00:00,2.0000,575.8400,0.0000
2025-10-26 01:00:00,2.0000,575.8400,0.0000
2025-10-26 02:00:00,2.0000,575.8400,0.0000
2025-10-26 03:00:00,2.0000,575.8400,0.0000
2025-10-26 04:00:00,2.0000,575.8400,0.0000
2025-10-26 05:00:00,2.0000,575.8400,0.0000
2025-10-26 06:00:00,5.0000,1457.4500,17.8500
2025-10-26 07:00:00,6.0000,1888.1700,160.6500
2025-10-26 08:00:00,5.0000,2310.6800,871.0800
2025-10-26 09:00:00,4.0000,2408.2676,1256.5876
2025-10-26 10:00:00,4.0000,6692.3205,5540.6405
2025-10-26 11:00:00,4.5000,9406.6117,8110.9717
2025-10-26 12:00:00,5.0000,8258.8878,6819.2878
2025-10-26 13:00:00,4.5000,9927.6905,8632.0505
2025-10-26 14:00:00,4.0000,3758.0150,2606.3350
2025-10-26 15:00:00,4.0000,1501.5400,349.8600
2025-10-26 16:00:00,4.0000,1151.6800,0.0000
2025-10-26 17:00:00,6.0000,1727.5200,0.0000
2025-10-26 18:00:00,7.0000,2015.4400,0.0000
2025-10-26 19:00:00,7.5000,2159.4000,0.0000
2025-10-26 20:00:00,7.0000,2015.4400,0.0000
2025-10-26 21:00:00,6.0000,1727.5200,0.0000
2025-10-26 22:00:00,5.0000,1439.6000,0.0000
2025-10-26 23:00:00,4.0000,1151.6800,0.0000
2025-10-27 00:00:00,2.0000,575.8400,0.0000
2025-10-27 01:00:00,2.0000,575.8400,0.0000
2025-10-27 02:00:00,2.0000,575.8400,0.0000
2025-10-27 03:00:00,2.0000,575.8400,0.0000
2025-10-27 04:00:00,2.0000,575.8400,0.0000
2025-10-27 05:00:00,2.0000,575.8400,0.0000
2025-10-27 06:00:00,5.0000,1514.5700,74.9700
2025-10-27 07:00:00,6.0000,1977.4200,249.9000
2025-10-27 08:00:00,5.0000,1832.3000,392.7000
2025-10-27 09:00:00,3.0000,1381.4100,517.6500
2025-10-27 10:00:00,3.0000,1552.7700,689.0100
2025-10-27 11:00:00,3.5000,2300.0600,1292.3400
2025-10-27 12:00:00,4.0000,2319.0700,1167.3900
2025-10-27 13:00:00,3.5000,2446.4300,1438.7100
2025-10-27 14:00:00,3.0000,1720.5600,856.8000
2025-10-27 15:00:00,3.0000,1102.9500,239.1900
2025-10-27 16:00:00,3.0000,863.7600,0.0000
2025-10-27 17:00:00,5.0000,1439.6000,0.0000
2025-10-27 18:00:00,6.0000,1727.5200,0.0000
2025-10-27 19:00:00,7.0000,2015.4400,0.0000
2025-10-27 20:00:00,6.0000,1727.5200,0.0000
2025-10-27 21:00:00,5.0000,1439.6000,0.0000
2025-10-27 22:00:00,4.0000,1151.6800,0.0000
2025-10-27 23:00:00,3.0000,863.7600,0.0000
2025-10-28 00:00:00,2.0000,575.8400,0.0000
2025-10-28 01:00:00,2.0000,575.8400,0.0000
2025-10-28 02:00:00,2.0000,575.8400,0.0000
2025-10-28 03:00:00,2.0000,575.8400,0.0000
2025-10-28 04:00:00,2.0000,575.8400,0.0000
2025-10-28 05:00:00,2.0000,575.8400,0.0000
2025-10-28 06:00:00,5.0000,1514.5700,74.9700
2025-10-28 07:00:00,6.0000,2198.7600,471.2400
2025-10-28 08:00:00,5.0000,4582.5014,3142.9014
2025-10-28 09:00:00,3.0000,9747.8471,8884.0871
2025-10-28 10:00:00,3.0000,10704.2926,9840.5326
2025-10-28 11:00:00,3.5000,9218.5033,8210.7833
2025-10-28 12:00:00,4.0000,9145.9430,7994.2630
2025-10-28 13:00:00,3.5000,6217.5815,5209.8615
2025-10-28 14:00:00,3.0000,6864.2361,6000.4761
2025-10-28 15:00:00,3.0000,1546.8200,683.0600
2025-10-28 16:00:00,3.0000,895.8900,32.1300
2025-10-28 17:00:00,5.0000,1439.6000,0.0000
2025-10-28 18:00:00,6.0000,1727.5200,0.0000
2025-10-28 19:00:00,7.0000,2015.4400,0.0000
2025-10-28 20:00:00,6.0000,1727.5200,0.0000
2025-10-28 21:00:00,5.0000,1439.6000,0.0000
2025-10-28 22:00:00,4.0000,1151.6800,0.0000
2025-10-28 23:00:00,3.0000,863.7600,0.0000
2025-10-29 00:00:00,2.0000,575.8400,0.0000
2025-10-29 01:00:00,2.0000,575.8400,0.0000
2025-10-29 02:00:00,2.0000,575.8400,0.0000
2025-10-29 03:00:00,2.0000,575.8400,0.0000
2025-10-29 04:00:00,2.0000,575.8400,0.0000
2025-10-29 05:00:00,2.0000,575.8400,0.0000
2025-10-29 06:00:00,5.0000,1693.6650,254.0650
2025-10-29 07:00:00,6.0000,10635.4160,8907.8960
2025-10-29 08:00:00,5.0000,11441.8352,10002.2352
2025-10-29 09:00:00,3.0000,10819.9195,9956.1595
2025-10-29 10:00:00,3.0000,10270.3611,9406.6011
2025-10-29 11:00:00,3.5000,10470.1646,9462.4446
2025-10-29 12:00:00,4.0000,8508.8883,7357.2083
2025-10-29 13:00:00,3.5000,8132.8965,7125.1765
2025-10-29 14:00:00,3.0000,5888.1609,5024.4009
2025-10-29 15:00:00,3.0000,1520.0450,656.2850
2025-10-29 16:00:00,3.0000,881.6100,17.8500
2025-10-29 17:00:00,5.0000,1439.6000,0.0000
2025-10-29 18:00:00,6.0000,1727.5200,0.0000
2025-10-29 19:00:00,7.0000,2015.4400,0.0000
2025-10-29 20:00:00,6.0000,1727.5200,0.0000
2025-10-29 21:00:00,5.0000,1439.6000,0.0000
2025-10-29 22:00:00,4.0000,1151.6800,0.0000
2025-10-29 23:00:00,3.0000,863.7600,0.0000
2025-10-30 00:00:00,2.0000,575.8400,0.0000
2025-10-30 01:00:00,2.0000,575.8400,0.0000
2025-10-30 02:00:00,2.0000,575.8400,0.0000
2025-10-30 03:00:00,2.0000,575.8400,0.0000
2025-10-30 04:00:00,2.0000,575.8400,0.0000
2025-10-30 05:00:00,2.0000,575.8400,0.0000
2025-10-30 06:00:00,5.0000,1453.8800,14.2800
2025-10-30 07:00:00,6.0000,1934.5800,207.0600
2025-10-30 08:00:00,5.0000,2432.0600,992.4600
2025-10-30 09:00:00,3.0000,2388.9165,1525.1565
2025-10-30 10:00:00,3.0000,3353.6618,2489.9018
2025-10-30 11:00:00,3.5000,3459.1682,2451.4482
2025-10-30 12:00:00,4.0000,2561.8300,1410.1500
2025-10-30 13:00:00,3.5000,8255.3275,7247.6075
2025-10-30 14:00:00,3.0000,7115.7907,6252.0307
2025-10-30 15:00:00,3.0000,1356.4200,492.6600
2025-10-30 16:00:00,3.0000,878.6350,14.8750
2025-10-30 17:00:00,5.0000,1439.6000,0.0000
2025-10-30 18:00:00,6.0000,1727.5200,0.0000
2025-10-30 19:00:00,7.0000,2015.4400,0.0000
2025-10-30 20:00:00,6.0000,1727.5200,0.0000
2025-10-30 21:00:00,5.0000,1439.6000,0.0000
2025-10-30 22:00:00,4.0000,1151.6800,0.0000
2025-10-30 23:00:00,3.0000,863.7600,0.0000
2025-10-31 00:00:00,2.0000,575.8400,0.0000
2025-10-31 01:00:00,2.0000,575.8400,0.0000
2025-10-31 02:00:00,2.0000,575.8400,0.0000
2025-10-31 03:00:00,2.0000,575.8400,0.0000
2025-10-31 04:00:00,2.0000,575.8400,0.0000
2025-10-31 05:00:00,2.0000,575.8400,0.0000
2025-10-31 06:00:00,5.0000,1844.2000,404.6000
2025-10-31 07:00:00,6.0000,7637.4303,5909.9103
2025-10-31 08:00:00,5.0000,10488.1859,9048.5859
2025-10-31 09:00:00,3.0000,10165.5344,9301.7744
2025-10-31 10:00:00,3.0000,10217.8553,9354.0953
2025-10-31 11:00:00,3.5000,9797.4655,8789.7455
2025-10-31 12:00:00,4.0000,7592.3499,6440.6699
2025-10-31 13:00:00,3.5000,7305.5562,6297.8362
2025-10-31 14:00:00,3.0000,3948.2295,3084.4695
2025-10-31 15:00:00,3.0000,1399.8550,536.0950
2025-10-31 16:00:00,3.0000,867.3300,3.5700
2025-10-31 17:00:00,5.0000,1439.6000,0.0000
2025-10-31 18:00:00,6.0000,1727.5200,0.0000
2025-10-31 19:00:00,7.0000,2015.4400,0.0000
2025-10-31 20:00:00,6.0000,1727.5200,0.0000
2025-10-31 21:00:00,5.0000,1439.6000,0.0000
2025-10-31 22:00:00,4.0000,1151.6800,0.0000
2025-10-31 23:00:00,3.0000,863.7600,0.0000
2025-11-01 00:00:00,2.0000,575.8400,0.0000
2025-11-01 01:00:00,2.0000,575.8400,0.0000
2025-11-01 02:00:00,2.0000,575.8400,0.0000
2025-11-01 03:00:00,2.0000,575.8400,0.0000
2025-11-01 04:00:00,2.0000,575.8400,0.0000
2025-11-01 05:00:00,2.0000,575.8400,0.0000
2025-11-01 06:00:00,5.0000,1633.5700,193.9700
2025-11-01 07:00:00,6.0000,6672.9095,4945.3895
2025-11-01 08:00:00,5.0000,9552.3775,8112.7775
2025-11-01 09:00:00,4.0000,7945.8488,6794.1688
2025-11-01 10:00:00,4.0000,6695.5303,5543.8503
2025-11-01 11:00:00,4.5000,5793.8041,4498.1641
2025-11-01 12:00:00,5.0000,4677.3426,3237.7426
2025-11-01 13:00:00,4.5000,2716.5000,1420.8600
2025-11-01 14:00:00,4.0000,1967.2069,815.5269
2025-11-01 15:00:00,4.0000,1290.9100,139.2300
2025-11-01 16:00:00,4.0000,1151.6800,0.0000
2025-11-01 17:00:00,6.0000,1727.5200,0.0000
2025-11-01 18:00:00,7.0000,2015.4400,0.0000
2025-11-01 19:00:00,7.5000,2159.4000,0.0000
2025-11-01 20:00:00,7.0000,2015.4400,0.0000
2025-11-01 21:00:00,6.0000,1727.5200,0.0000
2025-11-01 22:00:00,5.0000,1439.6000,0.0000
2025-11-01 23:00:00,4.0000,1151.6800,0.0000
2025-11-02 00:00:00,2.0000,575.8400,0.0000
2025-11-02 01:00:00,2.0000,575.8400,0.0000
2025-11-02 02:00:00,2.0000,575.8400,0.0000
2025-11-02 03:00:00,2.0000,575.8400,0.0000
2025-11-02 04:00:00,2.0000,575.8400,0.0000
2025-11-02 05:00:00,2.0000,575.8400,0.0000
2025-11-02 06:00:00,5.0000,1457.4500,17.8500
2025-11-02 07:00:00,6.0000,1877.4600,149.9400
2025-11-02 08:00:00,5.0000,2110.7600,671.1600
2025-11-02 09:00:00,4.0000,2304.7900,1153.1100
2025-11-02 10:00:00,4.0000,2383.3300,1231.6500
2025-11-02 11:00:00,4.5000,2498.7300,1203.0900
2025-11-02 12:00:00,5.0000,2382.0800,942.4800
2025-11-02 13:00:00,4.5000,2070.3300,774.6900
2025-11-02 14:00:00,4.0000,1644.3400,492.6600
2025-11-02 15:00:00,4.0000,1233.7900,82.1100
2025-11-02 16:00:00,4.0000,1151.6800,0.0000
2025-11-02 17:00:00,6.0000,1727.5200,0.0000
2025-11-02 18:00:00,7.0000,2015.4400,0.0000
2025-11-02 19:00:00,7.5000,2159.4000,0.0000
2025-11-02 20:00:00,7.0000,2015.4400,0.0000
2025-11-02 21:00:00,6.0000,1727.5200,0.0000
2025-11-02 22:00:00,5.0000,1439.6000,0.0000
2025-11-02 23:00:00,4.0000,1151.6800,0.0000
2025-11-03 00:00:00,2.0000,575.8400,0.0000
2025-11-03 01:00:00,2.0000,575.8400,0.0000
2025-11-03 02:00:00,2.0000,575.8400,0.0000
2025-11-03 03:00:00,2.0000,575.8400,0.0000
2025-11-03 04:00:00,2.0000,575.8400,0.0000
2025-11-03 05:00:00,2.0000,575.8400,0.0000
2025-11-03 06:00:00,5.0000,1630.0000,190.4000
2025-11-03 07:00:00,6.0000,7852.2747,6124.7547
2025-11-03 08:00:00,5.0000,11443.6057,10004.0057
2025-11-03 09:00:00,3.0000,10951.0986,10087.3386
2025-11-03 10:00:00,3.0000,10227.4915,9363.7315
2025-11-03 11:00:00,3.5000,10343.5447,9335.8247
2025-11-03 12:00:00,4.0000,10071.6963,8920.0163
2025-11-03 13:00:00,3.5000,11310.4094,10302.6894
2025-11-03 14:00:00,3.0000,9027.4903,8163.7303
2025-11-03 15:00:00,3.0000,1310.6050,446.8450
2025-11-03 16:00:00,3.0000,870.9000,7.1400
2025-11-03 17:00:00,5.0000,1439.6000,0.0000
2025-11-03 18:00:00,6.0000,1727.5200,0.0000
2025-11-03 19:00:00,7.0000,2015.4400,0.0000
2025-11-03 20:00:00,6.0000,1727.5200,0.0000
2025-11-03 21:00:00,5.0000,1439.6000,0.0000
2025-11-03 22:00:00,4.0000,1151.6800,0.0000
2025-11-03 23:00:00,3.0000,863.7600,0.0000
2025-11-04 00:00:00,2.0000,575.8400,0.0000
2025-11-04 01:00:00,2.0000,575.8400,0.0000
2025-11-04 02:00:00,2.0000,575.8400,0.0000
2025-11-04 03:00:00,2.0000,575.8400,0.0000
2025-11-04 04:00:00,2.0000,575.8400,0.0000
2025-11-04 05:00:00,2.0000,575.8400,0.0000
2025-11-04 06:00:00,5.0000,1573.4750,133.8750
2025-11-04 07:00:00,6.0000,11005.1378,9277.6178
2025-11-04 08:00:00,5.0000,11340.3566,9900.7566
2025-11-04 09:00:00,3.0000,10766.6226,9902.8626
2025-11-04 10:00:00,3.0000,10179.0635,9315.3035
2025-11-04 11:00:00,3.5000,10228.0993,9220.3793
2025-11-04 12:00:00,4.0000,11110.6373,9958.9573
2025-11-04 13:00:00,3.5000,11057.6851,10049.9651
2025-11-04 14:00:00,3.0000,10423.9119,9560.1519
2025-11-04 15:00:00,3.0000,1267.1700,403.4100
2025-11-04 16:00:00,3.0000,867.3300,3.5700
2025-11-04 17:00:00,5.0000,1439.6000,0.0000
2025-11-04 18:00:00,6.0000,1727.5200,0.0000
2025-11-04 19:00:00,7.0000,2015.4400,0.0000
2025-11-04 20:00:00,6.0000,1727.5200,0.0000
2025-11-04 21:00:00,5.0000,1439.6000,0.0000
2025-11-04 22:00:00,4.0000,1151.6800,0.0000
2025-11-04 23:00:00,3.0000,863.7600,0.0000
2025-11-05 00:00:00,2.0000,575.8400,0.0000
2025-11-05 01:00:00,2.0000,575.8400,0.0000
2025-11-05 02:00:00,2.0000,575.8400,0.0000
2025-11-05 03:00:00,2.0000,575.8400,0.0000
2025-11-05 04:00:00,2.0000,575.8400,0.0000
2025-11-05 05:00:00,2.0000,575.8400,0.0000
2025-11-05 06:00:00,5.0000,1574.6650,135.0650
2025-11-05 07:00:00,6.0000,11022.0269,9294.5069
2025-11-05 08:00:00,5.0000,11365.2229,9925.6229
2025-11-05 09:00:00,3.0000,10762.7361,9898.9761
2025-11-05 10:00:00,3.0000,10140.5662,9276.8062
2025-11-05 11:00:00,3.5000,10167.9257,9160.2057
2025-11-05 12:00:00,4.0000,11216.2763,10064.5963
2025-11-05 13:00:00,3.5000,11298.3668,10290.6468
2025-11-05 14:00:00,3.0000,8382.6316,7518.8716
2025-11-05 15:00:00,3.0000,1478.9900,615.2300
2025-11-05 16:00:00,3.0000,870.9000,7.1400
2025-11-05 17:00:00,5.0000,1439.6000,0.0000
2025-11-05 18:00:00,6.0000,1727.5200,0.0000
2025-11-05 19:00:00,7.0000,2015.4400,0.0000
2025-11-05 20:00:00,6.0000,1727.5200,0.0000
2025-11-05 21:00:00,5.0000,1439.6000,0.0000
2025-11-05 22:00:00,4.0000,1151.6800,0.0000
2025-11-05 23:00:00,3.0000,863.7600,0.0000
2025-11-06 00:00:00,2.0000,575.8400,0.0000
2025-11-06 01:00:00,2.0000,575.8400,0.0000
2025-11-06 02:00:00,2.0000,575.8400,0.0000
2025-11-06 03:00:00,2.0000,575.8400,0.0000
2025-11-06 04:00:00,2.0000,575.8400,0.0000
2025-11-06 05:00:00,2.0000,575.8400,0.0000
2025-11-06 06:00:00,5.0000,1579.4250,139.8250
2025-11-06 07:00:00,6.0000,9989.1004,8261.5804
2025-11-06 08:00:00,5.0000,11483.1070,10043.5070
2025-11-06 09:00:00,3.0000,10906.7203,10042.9603
2025-11-06 10:00:00,3.0000,10269.0839,9405.3239
2025-11-06 11:00:00,3.5000,10236.8103,9229.0903
2025-11-06 12:00:00,4.0000,11099.4315,9947.7515
2025-11-06 13:00:00,3.5000,11063.8020,10056.0820
2025-11-06 14:00:00,3.0000,10363.2064,9499.4464
2025-11-06 15:00:00,3.0000,1168.9950,305.2350
2025-11-06 16:00:00,3.0000,863.7600,0.0000
2025-11-06 17:00:00,5.0000,1439.6000,0.0000
2025-11-06 18:00:00,6.0000,1727.5200,0.0000
2025-11-06 19:00:00,7.0000,2015.4400,0.0000
2025-11-06 20:00:00,6.0000,1727.5200,0.0000
2025-11-06 21:00:00,5.0000,1439.6000,0.0000
2025-11-06 22:00:00,4.0000,1151.6800,0.0000
2025-11-06 23:00:00,3.0000,863.7600,0.0000
2025-11-07 00:00:00,2.0000,575.8400,0.0000
2025-11-07 01:00:00,2.0000,575.8400,0.0000
2025-11-07 02:00:00,2.0000,575.8400,0.0000
2025-11-07 03:00:00,2.0000,575.8400,0.0000
2025-11-07 04:00:00,2.0000,575.8400,0.0000
2025-11-07 05:00:00,2.0000,575.8400,0.0000
2025-11-07 06:00:00,5.0000,1558.6000,119.0000
2025-11-07 07:00:00,6.0000,11131.0347,9403.5147
2025-11-07 08:00:00,5.0000,11612.5011,10172.9011
2025-11-07 09:00:00,3.0000,10974.2661,10110.5061
2025-11-07 10:00:00,3.0000,10190.3656,9326.6056
2025-11-07 11:00:00,3.5000,10172.3650,9164.6450
2025-11-07 12:00:00,4.0000,11067.7256,9916.0456
2025-11-07 13:00:00,3.5000,11083.4683,10075.7483
2025-11-07 14:00:00,3.0000,10442.7492,9578.9892
2025-11-07 15:00:00,3.0000,1183.8700,320.1100
2025-11-07 16:00:00,3.0000,863.7600,0.0000
2025-11-07 17:00:00,5.0000,1439.6000,0.0000
2025-11-07 18:00:00,6.0000,1727.5200,0.0000
2025-11-07 19:00:00,7.0000,2015.4400,0.0000
2025-11-07 20:00:00,6.0000,1727.5200,0.0000
2025-11-07 21:00:00,5.0000,1439.6000,0.0000
2025-11-07 22:00:00,4.0000,1151.6800,0.0000
2025-11-07 23:00:00,3.0000,863.7600,0.0000
2025-11-08 00:00:00,2.0000,575.8400,0.0000
2025-11-08 01:00:00,2.0000,575.8400,0.0000
2025-11-08 02:00:00,2.0000,575.8400,0.0000
2025-11-08 03:00:00,2.0000,575.8400,0.0000
2025-11-08 04:00:00,2.0000,575.8400,0.0000
2025-11-08 05:00:00,2.0000,575.8400,0.0000
2025-11-08 06:00:00,5.0000,1539.5600,99.9600
2025-11-08 07:00:00,6.0000,10423.8693,8696.3493
2025-11-08 08:00:00,5.0000,11373.8027,9934.2027
2025-11-08 09:00:00,4.0000,11078.9648,9927.2848
2025-11-08 10:00:00,4.0000,10460.6802,9309.0002
2025-11-08 11:00:00,4.5000,10464.2220,9168.5820
2025-11-08 12:00:00,5.0000,11391.2363,9951.6363
2025-11-08 13:00:00,4.5000,11395.9884,10100.3484
2025-11-08 14:00:00,4.0000,10762.3029,9610.6229
2025-11-08 15:00:00,4.0000,1489.6400,337.9600
2025-11-08 16:00:00,4.0000,1151.6800,0.0000
2025-11-08 17:00:00,6.0000,1727.5200,0.0000
2025-11-08 18:00:00,7.0000,2015.4400,0.0000
2025-11-08 19:00:00,7.5000,2159.4000,0.0000
2025-11-08 20:00:00,7.0000,2015.4400,0.0000
2025-11-08 21:00:00,6.0000,1727.5200,0.0000
2025-11-08 22:00:00,5.0000,1439.6000,0.0000
2025-11-08 23:00:00,4.0000,1151.6800,0.0000
2025-11-09 00:00:00,2.0000,575.8400,0.0000
2025-11-09 01:00:00,2.0000,575.8400,0.0000
2025-11-09 02:00:00,2.0000,575.8400,0.0000
2025-11-09 03:00:00,2.0000,575.8400,0.0000
2025-11-09 04:00:00,2.0000,575.8400,0.0000
2025-11-09 05:00:00,2.0000,575.8400,0.0000
2025-11-09 06:00:00,5.0000,1453.8800,14.2800
2025-11-09 07:00:00,6.0000,1877.4600,149.9400
2025-11-09 08:00:00,5.0000,2057.2100,617.6100
2025-11-09 09:00:00,4.0000,2315.5000,1163.8200
2025-11-09 10:00:00,4.0000,2615.3800,1463.7000
2025-11-09 11:00:00,4.5000,2177.4300,881.7900
2025-11-09 12:00:00,5.0000,2221.4300,781.8300
2025-11-09 13:00:00,4.5000,1802.5800,506.9400
2025-11-09 14:00:00,4.0000,1555.0900,403.4100
2025-11-09 15:00:00,4.0000,1226.6500,74.9700
2025-11-09 16:00:00,4.0000,1151.6800,0.0000
2025-11-09 17:00:00,6.0000,1727.5200,0.0000
2025-11-09 18:00:00,7.0000,2015.4400,0.0000
2025-11-09 19:00:00,7.5000,2159.4000,0.0000
2025-11-09 20:00:00,7.0000,2015.4400,0.0000
2025-11-09 21:00:00,6.0000,1727.5200,0.0000
2025-11-09 22:00:00,5.0000,1439.6000,0.0000
2025-11-09 23:00:00,4.0000,1151.6800,0.0000
2025-11-10 00:00:00,2.0000,575.8400,0.0000
2025-11-10 01:00:00,2.0000,575.8400,0.0000
2025-11-10 02:00:00,2.0000,575.8400,0.0000
2025-11-10 03:00:00,2.0000,575.8400,0.0000
2025-11-10 04:00:00,2.0000,575.8400,0.0000
2025-11-10 05:00:00,2.0000,575.8400,0.0000
2025-11-10 06:00:00,5.0000,1489.5800,49.9800
2025-11-10 07:00:00,6.0000,2516.4903,788.9703
2025-11-10 08:00:00,5.0000,10580.2535,9140.6535
2025-11-10 09:00:00,3.0000,10765.3392,9901.5792
2025-11-10 10:00:00,3.0000,10144.7831,9281.0231
2025-11-10 11:00:00,3.5000,10123.9831,9116.2631
2025-11-10 12:00:00,4.0000,11036.6753,9884.9953
2025-11-10 13:00:00,3.5000,11054.2910,10046.5710
2025-11-10 14:00:00,3.0000,10436.1939,9572.4339
2025-11-10 15:00:00,3.0000,1149.3600,285.6000
2025-11-10 16:00:00,3.0000,863.7600,0.0000
2025-11-10 17:00:00,5.0000,1439.6000,0.0000
2025-11-10 18:00:00,6.0000,1727.5200,0.0000
2025-11-10 19:00:00,7.0000,2015.4400,0.0000
2025-11-10 20:00:00,6.0000,1727.5200,0.0000
2025-11-10 21:00:00,5.0000,1439.6000,0.0000
2025-11-10 22:00:00,4.0000,1151.6800,0.0000
2025-11-10 23:00:00,3.0000,863.7600,0.0000
2025-11-11 00:00:00,2.0000,575.8400,0.0000
2025-11-11 01:00:00,2.0000,575.8400,0.0000
2025-11-11 02:00:00,2.0000,575.8400,0.0000
2025-11-11 03:00:00,2.0000,575.8400,0.0000
2025-11-11 04:00:00,2.0000,575.8400,0.0000
2025-11-11 05:00:00,2.0000,575.8400,0.0000
2025-11-11 06:00:00,5.0000,1552.0550,112.4550
2025-11-11 07:00:00,6.0000,4398.8229,2671.3029
2025-11-11 08:00:00,5.0000,7276.6232,5837.0232
2025-11-11 09:00:00,3.0000,8193.6878,7329.9278
2025-11-11 10:00:00,3.0000,8365.1964,7501.4364
2025-11-11 11:00:00,3.5000,8746.0210,7738.3010
2025-11-11 12:00:00,4.0000,10276.2398,9124.5598
2025-11-11 13:00:00,3.5000,7979.1226,6971.4026
2025-11-11 14:00:00,3.0000,5311.1983,4447.4383
2025-11-11 15:00:00,3.0000,1255.2700,391.5100
2025-11-11 16:00:00,3.0000,863.7600,0.0000
2025-11-11 17:00:00,5.0000,1439.6000,0.0000
2025-11-11 18:00:00,6.0000,1727.5200,0.0000
2025-11-11 19:00:00,7.0000,2015.4400,0.0000
2025-11-11 20:00:00,6.0000,1727.5200,0.0000
2025-11-11 21:00:00,5.0000,1439.6000,0.0000
2025-11-11 22:00:00,4.0000,1151.6800,0.0000
2025-11-11 23:00:00,3.0000,863.7600,0.0000
2025-11-12 00:00:00,2.0000,575.8400,0.0000
2025-11-12 01:00:00,2.0000,575.8400,0.0000
2025-11-12 02:00:00,2.0000,575.8400,0.0000
2025-11-12 03:00:00,2.0000,575.8400,0.0000
2025-11-12 04:00:00,2.0000,575.8400,0.0000
2025-11-12 05:00:00,2.0000,575.8400,0.0000
2025-11-12 06:00:00,5.0000,1508.0250,68.4250
2025-11-12 07:00:00,6.0000,10413.1078,8685.5878
2025-11-12 08:00:00,5.0000,11179.7494,9740.1494
2025-11-12 09:00:00,3.0000,10530.1981,9666.4381
2025-11-12 10:00:00,3.0000,9243.5237,8379.7637
2025-11-12 11:00:00,3.5000,9412.6601,8404.9401
2025-11-12 12:00:00,4.0000,10334.7979,9183.1179
2025-11-12 13:00:00,3.5000,8029.0042,7021.2842
2025-11-12 14:00:00,3.0000,3583.9201,2720.1601
2025-11-12 15:00:00,3.0000,1181.4900,317.7300
2025-11-12 16:00:00,3.0000,863.7600,0.0000
2025-11-12 17:00:00,5.0000,1439.6000,0.0000
2025-11-12 18:00:00,6.0000,1727.5200,0.0000
2025-11-12 19:00:00,7.0000,2015.4400,0.0000
2025-11-12 20:00:00,6.0000,1727.5200,0.0000
2025-11-12 21:00:00,5.0000,1439.6000,0.0000
2025-11-12 22:00:00,4.0000,1151.6800,0.0000
2025-11-12 23:00:00,3.0000,863.7600,0.0000
2025-11-13 00:00:00,2.0000,575.8400,0.0000
2025-11-13 01:00:00,2.0000,575.8400,0.0000
2025-11-13 02:00:00,2.0000,575.8400,0.0000
2025-11-13 03:00:00,2.0000,575.8400,0.0000
2025-11-13 04:00:00,2.0000,575.8400,0.0000
2025-11-13 05:00:00,2.0000,575.8400,0.0000
2025-11-13 06:00:00,5.0000,1478.8700,39.2700
2025-11-13 07:00:00,6.0000,2598.6000,871.0800
2025-11-13 08:00:00,5.0000,6260.5373,4820.9373
2025-11-13 09:00:00,3.0000,5345.3657,4481.6057
2025-11-13 10:00:00,3.0000,6683.7052,5819.9452
2025-11-13 11:00:00,3.5000,5763.8814,4756.1614
2025-11-13 12:00:00,4.0000,8733.6100,7581.9300
2025-11-13 13:00:00,3.5000,9409.6758,8401.9558
2025-11-13 14:00:00,3.0000,4273.3244,3409.5644
2025-11-13 15:00:00,3.0000,1198.7450,334.9850
2025-11-13 16:00:00,3.0000,863.7600,0.0000
2025-11-13 17:00:00,5.0000,1439.6000,0.0000
2025-11-13 18:00:00,6.0000,1727.5200,0.0000
2025-11-13 19:00:00,7.0000,2015.4400,0.0000
2025-11-13 20:00:00,6.0000,1727.5200,0.0000
2025-11-13 21:00:00,5.0000,1439.6000,0.0000
2025-11-13 22:00:00,4.0000,1151.6800,0.0000
2025-11-13 23:00:00,3.0000,863.7600,0.0000
2025-11-14 00:00:00,2.0000,575.8400,0.0000
2025-11-14 01:00:00,2.0000,575.8400,0.0000
2025-11-14 02:00:00,2.0000,575.8400,0.0000
2025-11-14 03:00:00,2.0000,575.8400,0.0000
2025-11-14 04:00:00,2.0000,575.8400,0.0000
2025-11-14 05:00:00,2.0000,575.8400,0.0000
2025-11-14 06:00:00,5.0000,1561.5750,121.9750
2025-11-14 07:00:00,6.0000,2869.9200,1142.4000
2025-11-14 08:00:00,5.0000,4290.3225,2850.7225
2025-11-14 09:00:00,3.0000,3734.4090,2870.6490
2025-11-14 10:00:00,3.0000,4010.5496,3146.7896
2025-11-14 11:00:00,3.5000,4833.3282,3825.6082
2025-11-14 12:00:00,4.0000,5426.3998,4274.7198
2025-11-14 13:00:00,3.5000,3584.7061,2576.9861
2025-11-14 14:00:00,3.0000,2338.4081,1474.6481
2025-11-14 15:00:00,3.0000,1205.2900,341.5300
2025-11-14 16:00:00,3.0000,863.7600,0.0000
2025-11-14 17:00:00,5.0000,1439.6000,0.0000
2025-11-14 18:00:00,6.0000,1727.5200,0.0000
2025-11-14 19:00:00,7.0000,2015.4400,0.0000
2025-11-14 20:00:00,6.0000,1727.5200,0.0000
2025-11-14 21:00:00,5.0000,1439.6000,0.0000
2025-11-14 22:00:00,4.0000,1151.6800,0.0000
2025-11-14 23:00:00,3.0000,863.7600,0.0000
2025-11-15 00:00:00,2.0000,575.8400,0.0000
2025-11-15 01:00:00,2.0000,575.8400,0.0000
2025-11-15 02:00:00,2.0000,575.8400,0.0000
2025-11-15 03:00:00,2.0000,575.8400,0.0000
2025-11-15 04:00:00,2.0000,575.8400,0.0000
2025-11-15 05:00:00,2.0000,575.8400,0.0000
2025-11-15 06:00:00,5.0000,1446.7400,7.1400
2025-11-15 07:00:00,6.0000,2290.9850,563.4650
2025-11-15 08:00:00,5.0000,5157.7502,3718.1502
2025-11-15 09:00:00,4.0000,8049.1037,6897.4237
2025-11-15 10:00:00,4.0000,7729.3741,6577.6941
2025-11-15 11:00:00,4.5000,9756.7788,8461.1388
2025-11-15 12:00:00,5.0000,11452.3963,10012.7963
2025-11-15 13:00:00,4.5000,10545.2971,9249.6571
2025-11-15 14:00:00,4.0000,8095.8873,6944.2073
2025-11-15 15:00:00,4.0000,1385.5150,233.8350
2025-11-15 16:00:00,4.0000,1151.6800,0.0000
2025-11-15 17:00:00,6.0000,1727.5200,0.0000
2025-11-15 18:00:00,7.0000,2015.4400,0.0000
2025-11-15 19:00:00,7.5000,2159.4000,0.0000
2025-11-15 20:00:00,7.0000,2015.4400,0.0000
2025-11-15 21:00:00,6.0000,1727.5200,0.0000
2025-11-15 22:00:00,5.0000,1439.6000,0.0000
2025-11-15 23:00:00,4.0000,1151.6800,0.0000
2025-11-16 00:00:00,2.0000,575.8400,0.0000
2025-11-16 01:00:00,2.0000,575.8400,0.0000
2025-11-16 02:00:00,2.0000,575.8400,0.0000
2025-11-16 03:00:00,2.0000,575.8400,0.0000
2025-11-16 04:00:00,2.0000,575.8400,0.0000
2025-11-16 05:00:00,2.0000,575.8400,0.0000
2025-11-16 06:00:00,5.0000,1472.3250,32.7250
2025-11-16 07:00:00,6.0000,2408.2000,680.6800
2025-11-16 08:00:00,5.0000,2863.3323,1423.7323
2025-11-16 09:00:00,4.0000,3119.1549,1967.4749
2025-11-16 10:00:00,4.0000,3269.3106,2117.6306
2025-11-16 11:00:00,4.5000,2645.1000,1349.4600
2025-11-16 12:00:00,5.0000,2189.3000,749.7000
2025-11-16 13:00:00,4.5000,2170.2900,874.6500
2025-11-16 14:00:00,4.0000,1519.3900,367.7100
2025-11-16 15:00:00,4.0000,1237.9550,86.2750
2025-11-16 16:00:00,4.0000,1151.6800,0.0000
2025-11-16 17:00:00,6.0000,1727.5200,0.0000
2025-11-16 18:00:00,7.0000,2015.4400,0.0000
2025-11-16 19:00:00,7.5000,2159.4000,0.0000
2025-11-16 20:00:00,7.0000,2015.4400,0.0000
2025-11-16 21:00:00,6.0000,1727.5200,0.0000
2025-11-16 22:00:00,5.0000,1439.6000,0.0000
2025-11-16 23:00:00,4.0000,1151.6800,0.0000
2025-11-17 00:00:00,2.0000,575.8400,0.0000
2025-11-17 01:00:00,2.0000,575.8400,0.0000
2025-11-17 02:00:00,2.0000,575.8400,0.0000
2025-11-17 03:00:00,2.0000,575.8400,0.0000
2025-11-17 04:00:00,2.0000,575.8400,0.0000
2025-11-17 05:00:00,2.0000,575.8400,0.0000
2025-11-17 06:00:00,5.0000,1439.6000,0.0000
2025-11-17 07:00:00,6.0000,1784.6400,57.1200
2025-11-17 08:00:00,5.0000,1728.7700,289.1700
2025-11-17 09:00:00,3.0000,1220.7600,357.0000
2025-11-17 10:00:00,3.0000,1124.3700,260.6100
2025-11-17 11:00:00,3.5000,1471.8200,464.1000
2025-11-17 12:00:00,4.0000,1508.6800,357.0000
2025-11-17 13:00:00,3.5000,1493.2400,485.5200
2025-11-17 14:00:00,3.0000,1756.2600,892.5000
2025-11-17 15:00:00,3.0000,1067.8450,204.0850
2025-11-17 16:00:00,3.0000,863.7600,0.0000
2025-11-17 17:00:00,5.0000,1439.6000,0.0000
2025-11-17 18:00:00,6.0000,1727.5200,0.0000
2025-11-17 19:00:00,7.0000,2015.4400,0.0000
2025-11-17 20:00:00,6.0000,1727.5200,0.0000
2025-11-17 21:00:00,5.0000,1439.6000,0.0000
2025-11-17 22:00:00,4.0000,1151.6800,0.0000
2025-11-17 23:00:00,3.0000,863.7600,0.0000
2025-11-18 00:00:00,2.0000,575.8400,0.0000
2025-11-18 01:00:00,2.0000,575.8400,0.0000
2025-11-18 02:00:00,2.0000,575.8400,0.0000
2025-11-18 03:00:00,2.0000,575.8400,0.0000
2025-11-18 04:00:00,2.0000,575.8400,0.0000
2025-11-18 05:00:00,2.0000,575.8400,0.0000
2025-11-18 06:00:00,5.0000,1464.5900,24.9900
2025-11-18 07:00:00,6.0000,2033.9450,306.4250
2025-11-18 08:00:00,5.0000,11009.7498,9570.1498
2025-11-18 09:00:00,3.0000,10934.8076,10071.0476
2025-11-18 10:00:00,3.0000,10465.5648,9601.8048
2025-11-18 11:00:00,3.5000,11261.7032,10253.9832
2025-11-18 12:00:00,4.0000,12079.6945,10928.0145
2025-11-18 13:00:00,3.5000,8478.8508,7471.1308
2025-11-18 14:00:00,3.0000,10434.7897,9571.0297
2025-11-18 15:00:00,3.0000,1040.4750,176.7150
2025-11-18 16:00:00,3.0000,863.7600,0.0000
2025-11-18 17:00:00,5.0000,1439.6000,0.0000
2025-11-18 18:00:00,6.0000,1727.5200,0.0000
2025-11-18 19:00:00,7.0000,2015.4400,0.0000
2025-11-18 20:00:00,6.0000,1727.5200,0.0000
2025-11-18 21:00:00,5.0000,1439.6000,0.0000
2025-11-18 22:00:00,4.0000,1151.6800,0.0000
2025-11-18 23:00:00,3.0000,863.7600,0.0000
2025-11-19 00:00:00,2.0000,575.8400,0.0000
2025-11-19 01:00:00,2.0000,575.8400,0.0000
2025-11-19 02:00:00,2.0000,575.8400,0.0000
2025-11-19 03:00:00,2.0000,575.8400,0.0000
2025-11-19 04:00:00,2.0000,575.8400,0.0000
2025-11-19 05:00:00,2.0000,575.8400,0.0000
2025-11-19 06:00:00,5.0000,1468.1600,28.5600
2025-11-19 07:00:00,6.0000,2167.8200,440.3000
2025-11-19 08:00:00,5.0000,2530.9647,1091.3647
2025-11-19 09:00:00,3.0000,2904.7309,2040.9709
2025-11-19 10:00:00,3.0000,4551.2226,3687.4626
2025-11-19 11:00:00,3.5000,7494.1593,6486.4393
2025-11-19 12:00:00,4.0000,6018.2186,4866.5386
2025-11-19 13:00:00,3.5000,4474.9717,3467.2517
2025-11-19 14:00:00,3.0000,2360.4668,1496.7068
2025-11-19 15:00:00,3.0000,992.2800,128.5200
2025-11-19 16:00:00,3.0000,863.7600,0.0000
2025-11-19 17:00:00,5.0000,1439.6000,0.0000
2025-11-19 18:00:00,6.0000,1727.5200,0.0000
2025-11-19 19:00:00,7.0000,2015.4400,0.0000
2025-11-19 20:00:00,6.0000,1727.5200,0.0000
2025-11-19 21:00:00,5.0000,1439.6000,0.0000
2025-11-19 22:00:00,4.0000,1151.6800,0.0000
2025-11-19 23:00:00,3.0000,863.7600,0.0000
2025-11-20 00:00:00,2.0000,575.8400,0.0000
2025-11-20 01:00:00,2.0000,575.8400,0.0000
2025-11-20 02:00:00,2.0000,575.8400,0.0000
2025-11-20 03:00:00,2.0000,575.8400,0.0000
2025-11-20 04:00:00,2.0000,575.8400,0.0000
2025-11-20 05:00:00,2.0000,575.8400,0.0000
2025-11-20 06:00:00,5.0000,1443.1700,3.5700
2025-11-20 07:00:00,6.0000,2088.6850,361.1650
2025-11-20 08:00:00,5.0000,2639.1200,1199.5200
2025-11-20 09:00:00,3.0000,2241.4158,1377.6558
2025-11-20 10:00:00,3.0000,2683.5469,1819.7869
2025-11-20 11:00:00,3.5000,4746.4551,3738.7351
2025-11-20 12:00:00,4.0000,12110.3823,10958.7023
2025-11-20 13:00:00,3.5000,2314.9500,1307.2300
2025-11-20 14:00:00,3.0000,2060.3050,1196.5450
2025-11-20 15:00:00,3.0000,1035.1200,171.3600
2025-11-20 16:00:00,3.0000,863.7600,0.0000
2025-11-20 17:00:00,5.0000,1439.6000,0.0000
2025-11-20 18:00:00,6.0000,1727.5200,0.0000
2025-11-20 19:00:00,7.0000,2015.4400,0.0000
2025-11-20 20:00:00,6.0000,1727.5200,0.0000
2025-11-20 21:00:00,5.0000,1439.6000,0.0000
2025-11-20 22:00:00,4.0000,1151.6800,0.0000
2025-11-20 23:00:00,3.0000,863.7600,0.0000
2025-11-21 00:00:00,2.0000,575.8400,0.0000
2025-11-21 01:00:00,2.0000,575.8400,0.0000
2025-11-21 02:00:00,2.0000,575.8400,0.0000
2025-11-21 03:00:00,2.0000,575.8400,0.0000
2025-11-21 04:00:00,2.0000,575.8400,0.0000
2025-11-21 05:00:00,2.0000,575.8400,0.0000
2025-11-21 06:00:00,5.0000,1439.6000,0.0000
2025-11-21 07:00:00,6.0000,1898.8800,171.3600
2025-11-21 08:00:00,5.0000,2239.2800,799.6800
2025-11-21 09:00:00,3.0000,2348.6680,1484.9080
2025-11-21 10:00:00,3.0000,2327.4600,1463.7000
2025-11-21 11:00:00,3.5000,3399.6200,2391.9000
2025-11-21 12:00:00,4.0000,3022.3600,1870.6800
2025-11-21 13:00:00,3.5000,2146.5500,1138.8300
2025-11-21 14:00:00,3.0000,1456.3800,592.6200
2025-11-21 15:00:00,3.0000,928.0200,64.2600
2025-11-21 16:00:00,3.0000,863.7600,0.0000
2025-11-21 17:00:00,5.0000,1439.6000,0.0000
2025-11-21 18:00:00,6.0000,1727.5200,0.0000
2025-11-21 19:00:00,7.0000,2015.4400,0.0000
2025-11-21 20:00:00,6.0000,1727.5200,0.0000
2025-11-21 21:00:00,5.0000,1439.6000,0.0000
2025-11-21 22:00:00,4.0000,1151.6800,0.0000
2025-11-21 23:00:00,3.0000,863.7600,0.0000
2025-11-22 00:00:00,2.0000,575.8400,0.0000
2025-11-22 01:00:00,2.0000,575.8400,0.0000
2025-11-22 02:00:00,2.0000,575.8400,0.0000
2025-11-22 03:00:00,2.0000,575.8400,0.0000
2025-11-22 04:00:00,2.0000,575.8400,0.0000
2025-11-22 05:00:00,2.0000,575.8400,0.0000
2025-11-22 06:00:00,5.0000,1443.1700,3.5700
2025-11-22 07:00:00,6.0000,2192.2150,464.6950
2025-11-22 08:00:00,5.0000,4849.8339,3410.2339
2025-11-22 09:00:00,4.0000,7089.5138,5937.8338
2025-11-22 10:00:00,4.0000,10587.0284,9435.3484
2025-11-22 11:00:00,4.5000,10737.2632,9441.6232
2025-11-22 12:00:00,5.0000,11328.8807,9889.2807
2025-11-22 13:00:00,4.5000,8467.1420,7171.5020
2025-11-22 14:00:00,4.0000,2004.3150,852.6350
2025-11-22 15:00:00,4.0000,1293.2900,141.6100
2025-11-22 16:00:00,4.0000,1151.6800,0.0000
2025-11-22 17:00:00,6.0000,1727.5200,0.0000
2025-11-22 18:00:00,7.0000,2015.4400,0.0000
2025-11-22 19:00:00,7.5000,2159.4000,0.0000
2025-11-22 20:00:00,7.0000,2015.4400,0.0000
2025-11-22 21:00:00,6.0000,1727.5200,0.0000
2025-11-22 22:00:00,5.0000,1439.6000,0.0000
2025-11-22 23:00:00,4.0000,1151.6800,0.0000
2025-11-23 00:00:00,2.0000,575.8400,0.0000
2025-11-23 01:00:00,2.0000,575.8400,0.0000
2025-11-23 02:00:00,2.0000,575.8400,0.0000
2025-11-23 03:00:00,2.0000,575.8400,0.0000
2025-11-23 04:00:00,2.0000,575.8400,0.0000
2025-11-23 05:00:00,2.0000,575.8400,0.0000
2025-11-23 06:00:00,5.0000,1450.3100,10.7100
2025-11-23 07:00:00,6.0000,2132.1200,404.6000
2025-11-23 08:00:00,5.0000,11337.3332,9897.7332
2025-11-23 09:00:00,4.0000,11148.8749,9997.1949
2025-11-23 10:00:00,4.0000,10546.9970,9395.3170
2025-11-23 11:00:00,4.5000,10427.4550,9131.8150
2025-11-23 12:00:00,5.0000,5227.6628,3788.0628
2025-11-23 13:00:00,4.5000,3130.2559,1834.6159
2025-11-23 14:00:00,4.0000,1837.1200,685.4400
2025-11-23 15:00:00,4.0000,1230.2200,78.5400
2025-11-23 16:00:00,4.0000,1151.6800,0.0000
2025-11-23 17:00:00,6.0000,1727.5200,0.0000
2025-11-23 18:00:00,7.0000,2015.4400,0.0000
2025-11-23 19:00:00,7.5000,2159.4000,0.0000
2025-11-23 20:00:00,7.0000,2015.4400,0.0000
2025-11-23 21:00:00,6.0000,1727.5200,0.0000
2025-11-23 22:00:00,5.0000,1439.6000,0.0000
2025-11-23 23:00:00,4.0000,1151.6800,0.0000
2025-11-24 00:00:00,2.0000,575.8400,0.0000
2025-11-24 01:00:00,2.0000,575.8400,0.0000
2025-11-24 02:00:00,2.0000,575.8400,0.0000
2025-11-24 03:00:00,2.0000,575.8400,0.0000
2025-11-24 04:00:00,2.0000,575.8400,0.0000
2025-11-24 05:00:00,2.0000,575.8400,0.0000
2025-11-24 06:00:00,5.0000,1439.6000,0.0000
2025-11-24 07:00:00,6.0000,1902.4500,174.9300
2025-11-24 08:00:00,5.0000,2053.6400,614.0400
2025-11-24 09:00:00,3.0000,1770.5400,906.7800
2025-11-24 10:00:00,3.0000,1870.5000,1006.7400
2025-11-24 11:00:00,3.5000,1994.0328,986.3128
2025-11-24 12:00:00,4.0000,2329.7800,1178.1000
2025-11-24 13:00:00,3.5000,1943.0600,935.3400
2025-11-24 14:00:00,3.0000,1238.6100,374.8500
2025-11-24 15:00:00,3.0000,870.9000,7.1400
2025-11-24 16:00:00,3.0000,863.7600,0.0000
2025-11-24 17:00:00,5.0000,1439.6000,0.0000
2025-11-24 18:00:00,6.0000,1727.5200,0.0000
2025-11-24 19:00:00,7.0000,2015.4400,0.0000
2025-11-24 20:00:00,6.0000,1727.5200,0.0000
2025-11-24 21:00:00,5.0000,1439.6000,0.0000
2025-11-24 22:00:00,4.0000,1151.6800,0.0000
2025-11-24 23:00:00,3.0000,863.7600,0.0000
2025-11-25 00:00:00,2.0000,575.8400,0.0000
2025-11-25 01:00:00,2.0000,575.8400,0.0000
2025-11-25 02:00:00,2.0000,575.8400,0.0000
2025-11-25 03:00:00,2.0000,575.8400,0.0000
2025-11-25 04:00:00,2.0000,575.8400,0.0000
2025-11-25 05:00:00,2.0000,575.8400,0.0000
2025-11-25 06:00:00,5.0000,1439.6000,0.0000
2025-11-25 07:00:00,6.0000,1984.5600,257.0400
2025-11-25 08:00:00,5.0000,1975.1000,535.5000
2025-11-25 09:00:00,3.0000,1774.1100,910.3500
2025-11-25 10:00:00,3.0000,2252.4900,1388.7300
2025-11-25 11:00:00,3.5000,2271.5000,1263.7800
2025-11-25 12:00:00,4.0000,2494.0000,1342.3200
2025-11-25 13:00:00,3.5000,1921.6400,913.9200
2025-11-25 14:00:00,3.0000,1156.5000,292.7400
2025-11-25 15:00:00,3.0000,899.4600,35.7000
2025-11-25 16:00:00,3.0000,863.7600,0.0000
2025-11-25 17:00:00,5.0000,1439.6000,0.0000
2025-11-25 18:00:00,6.0000,1727.5200,0.0000
2025-11-25 19:00:00,7.0000,2015.4400,0.0000
2025-11-25 20:00:00,6.0000,1727.5200,0.0000
2025-11-25 21:00:00,5.0000,1439.6000,0.0000
2025-11-25 22:00:00,4.0000,1151.6800,0.0000
2025-11-25 23:00:00,3.0000,863.7600,0.0000
2025-11-26 00:00:00,2.0000,575.8400,0.0000
2025-11-26 01:00:00,2.0000,575.8400,0.0000
2025-11-26 02:00:00,2.0000,575.8400,0.0000
2025-11-26 03:00:00,2.0000,575.8400,0.0000
2025-11-26 04:00:00,2.0000,575.8400,0.0000
2025-11-26 05:00:00,2.0000,575.8400,0.0000
2025-11-26 06:00:00,5.0000,1439.6000,0.0000
2025-11-26 07:00:00,6.0000,1845.3300,117.8100
2025-11-26 08:00:00,5.0000,2050.0700,610.4700
2025-11-26 09:00:00,3.0000,2049.0000,1185.2400
2025-11-26 10:00:00,3.0000,2059.7100,1195.9500
2025-11-26 11:00:00,3.5000,2804.5768,1796.8568
2025-11-26 12:00:00,4.0000,3543.5499,2391.8699
2025-11-26 13:00:00,3.5000,2637.5498,1629.8298
2025-11-26 14:00:00,3.0000,1295.7300,431.9700
2025-11-26 15:00:00,3.0000,885.1800,21.4200
2025-11-26 16:00:00,3.0000,863.7600,0.0000
2025-11-26 17:00:00,5.0000,1439.6000,0.0000
2025-11-26 18:00:00,6.0000,1727.5200,0.0000
2025-11-26 19:00:00,7.0000,2015.4400,0.0000
2025-11-26 20:00:00,6.0000,1727.5200,0.0000
2025-11-26 21:00:00,5.0000,1439.6000,0.0000
2025-11-26 22:00:00,4.0000,1151.6800,0.0000
2025-11-26 23:00:00,3.0000,863.7600,0.0000
2025-11-27 00:00:00,2.0000,575.8400,0.0000
2025-11-27 01:00:00,2.0000,575.8400,0.0000
2025-11-27 02:00:00,2.0000,575.8400,0.0000
2025-11-27 03:00:00,2.0000,575.8400,0.0000
2025-11-27 04:00:00,2.0000,575.8400,0.0000
2025-11-27 05:00:00,2.0000,575.8400,0.0000
2025-11-27 06:00:00,5.0000,1439.6000,0.0000
2025-11-27 07:00:00,6.0000,1991.7000,264.1800
2025-11-27 08:00:00,5.0000,2592.6978,1153.0978
2025-11-27 09:00:00,3.0000,3474.1195,2610.3595
2025-11-27 10:00:00,3.0000,8293.9115,7430.1515
2025-11-27 11:00:00,3.5000,10395.3184,9387.5984
2025-11-27 12:00:00,4.0000,8890.4493,7738.7693
2025-11-27 13:00:00,3.5000,11062.8521,10055.1321
2025-11-27 14:00:00,3.0000,1718.7750,855.0150
2025-11-27 15:00:00,3.0000,1009.5350,145.7750
2025-11-27 16:00:00,3.0000,863.7600,0.0000
2025-11-27 17:00:00,5.0000,1439.6000,0.0000
2025-11-27 18:00:00,6.0000,1727.5200,0.0000
2025-11-27 19:00:00,7.0000,2015.4400,0.0000
2025-11-27 20:00:00,6.0000,1727.5200,0.0000
2025-11-27 21:00:00,5.0000,1439.6000,0.0000
2025-11-27 22:00:00,4.0000,1151.6800,0.0000
2025-11-27 23:00:00,3.0000,863.7600,0.0000
2025-11-28 00:00:00,2.0000,575.8400,0.0000
2025-11-28 01:00:00,2.0000,575.8400,0.0000
2025-11-28 02:00:00,2.0000,575.8400,0.0000
2025-11-28 03:00:00,2.0000,575.8400,0.0000
2025-11-28 04:00:00,2.0000,575.8400,0.0000
2025-11-28 05:00:00,2.0000,575.8400,0.0000
2025-11-28 06:00:00,5.0000,1443.1700,3.5700
2025-11-28 07:00:00,6.0000,2034.5400,307.0200
2025-11-28 08:00:00,5.0000,11259.8611,9820.2611
2025-11-28 09:00:00,3.0000,10763.8775,9900.1175
2025-11-28 10:00:00,3.0000,10226.3372,9362.5772
2025-11-28 11:00:00,3.5000,10067.0487,9059.3287
2025-11-28 12:00:00,4.0000,10985.1463,9833.4663
2025-11-28 13:00:00,3.5000,11014.9062,10007.1862
2025-11-28 14:00:00,3.0000,1542.0600,678.3000
2025-11-28 15:00:00,3.0000,975.6200,111.8600
2025-11-28 16:00:00,3.0000,863.7600,0.0000
2025-11-28 17:00:00,5.0000,1439.6000,0.0000
2025-11-28 18:00:00,6.0000,1727.5200,0.0000
2025-11-28 19:00:00,7.0000,2015.4400,0.0000
2025-11-28 20:00:00,6.0000,1727.5200,0.0000
2025-11-28 21:00:00,5.0000,1439.6000,0.0000
2025-11-28 22:00:00,4.0000,1151.6800,0.0000
2025-11-28 23:00:00,3.0000,863.7600,0.0000
2025-11-29 00:00:00,2.0000,575.8400,0.0000
2025-11-29 01:00:00,2.0000,575.8400,0.0000
2025-11-29 02:00:00,2.0000,575.8400,0.0000
2025-11-29 03:00:00,2.0000,575.8400,0.0000
2025-11-29 04:00:00,2.0000,575.8400,0.0000
2025-11-29 05:00:00,2.0000,575.8400,0.0000
2025-11-29 06:00:00,5.0000,1439.6000,0.0000
2025-11-29 07:00:00,6.0000,1980.9900,253.4700
2025-11-29 08:00:00,5.0000,2200.0100,760.4100
2025-11-29 09:00:00,4.0000,2548.5651,1396.8851
2025-11-29 10:00:00,4.0000,2847.4300,1695.7500
2025-11-29 11:00:00,4.5000,3951.0152,2655.3752
2025-11-29 12:00:00,5.0000,3587.9389,2148.3389
2025-11-29 13:00:00,4.5000,3799.4026,2503.7626
2025-11-29 14:00:00,4.0000,1937.0800,785.4000
2025-11-29 15:00:00,4.0000,1280.7950,129.1150
2025-11-29 16:00:00,4.0000,1151.6800,0.0000
2025-11-29 17:00:00,6.0000,1727.5200,0.0000
2025-11-29 18:00:00,7.0000,2015.4400,0.0000
2025-11-29 19:00:00,7.5000,2159.4000,0.0000
2025-11-29 20:00:00,7.0000,2015.4400,0.0000
2025-11-29 21:00:00,6.0000,1727.5200,0.0000
2025-11-29 22:00:00,5.0000,1439.6000,0.0000
2025-11-29 23:00:00,4.0000,1151.6800,0.0000
2025-11-30 00:00:00,2.0000,575.8400,0.0000
2025-11-30 01:00:00,2.0000,575.8400,0.0000
2025-11-30 02:00:00,2.0000,575.8400,0.0000
2025-11-30 03:00:00,2.0000,575.8400,0.0000
2025-11-30 04:00:00,2.0000,575.8400,0.0000
2025-11-30 05:00:00,2.0000,575.8400,0.0000
2025-11-30 06:00:00,5.0000,1439.6000,0.0000
2025-11-30 07:00:00,6.0000,1974.4450,246.9250
2025-11-30 08:00:00,5.0000,4342.8583,2903.2583
2025-11-30 09:00:00,4.0000,3015.0768,1863.3968
2025-11-30 10:00:00,4.0000,4062.7684,2911.0884
2025-11-30 11:00:00,4.5000,3746.9161,2451.2761
2025-11-30 12:00:00,5.0000,2739.0800,1299.4800
2025-11-30 13:00:00,4.5000,2023.9200,728.2800
2025-11-30 14:00:00,4.0000,1640.7700,489.0900
2025-11-30 15:00:00,4.0000,1173.1000,21.4200
2025-11-30 16:00:00,4.0000,1151.6800,0.0000
2025-11-30 17:00:00,6.0000,1727.5200,0.0000
2025-11-30 18:00:00,7.0000,2015.4400,0.0000
2025-11-30 19:00:00,7.5000,2159.4000,0.0000
2025-11-30 20:00:00,7.0000,2015.4400,0.0000
2025-11-30 21:00:00,6.0000,1727.5200,0.0000
2025-11-30 22:00:00,5.0000,1439.6000,0.0000
2025-11-30 23:00:00,4.0000,1151.6800,0.0000
2025-12-01 00:00:00,2.0000,575.8400,0.0000
2025-12-01 01:00:00,2.0000,575.8400,0.0000
2025-12-01 02:00:00,2.0000,575.8400,0.0000
2025-12-01 03:00:00,2.0000,575.8400,0.0000
2025-12-01 04:00:00,2.0000,575.8400,0.0000
2025-12-01 05:00:00,2.0000,575.8400,0.0000
2025-12-01 06:00:00,5.0000,1439.6000,0.0000
2025-12-01 07:00:00,6.0000,1994.0800,266.5600
2025-12-01 08:00:00,5.0000,7363.6120,5924.0120
2025-12-01 09:00:00,3.0000,2990.3568,2126.5968
2025-12-01 10:00:00,3.0000,4212.4712,3348.7112
2025-12-01 11:00:00,3.5000,4398.3732,3390.6532
2025-12-01 12:00:00,4.0000,2472.5800,1320.9000
2025-12-01 13:00:00,3.5000,1650.3200,642.6000
2025-12-01 14:00:00,3.0000,1010.1300,146.3700
2025-12-01 15:00:00,3.0000,867.3300,3.5700
2025-12-01 16:00:00,3.0000,863.7600,0.0000
2025-12-01 17:00:00,5.0000,1439.6000,0.0000
2025-12-01 18:00:00,6.0000,1727.5200,0.0000
2025-12-01 19:00:00,7.0000,2015.4400,0.0000
2025-12-01 20:00:00,6.0000,1727.5200,0.0000
2025-12-01 21:00:00,5.0000,1439.6000,0.0000
2025-12-01 22:00:00,4.0000,1151.6800,0.0000
2025-12-01 23:00:00,3.0000,863.7600,0.0000
2025-12-02 00:00:00,2.0000,575.8400,0.0000
2025-12-02 01:00:00,2.0000,575.8400,0.0000
2025-12-02 02:00:00,2.0000,575.8400,0.0000
2025-12-02 03:00:00,2.0000,575.8400,0.0000
2025-12-02 04:00:00,2.0000,575.8400,0.0000
2025-12-02 05:00:00,2.0000,575.8400,0.0000
2025-12-02 06:00:00,5.0000,1439.6000,0.0000
2025-12-02 07:00:00,6.0000,1995.8650,268.3450
2025-12-02 08:00:00,5.0000,9995.3338,8555.7338
2025-12-02 09:00:00,3.0000,10696.1482,9832.3882
2025-12-02 10:00:00,3.0000,10151.3442,9287.5842
2025-12-02 11:00:00,3.5000,9958.6720,8950.9520
2025-12-02 12:00:00,4.0000,10882.8869,9731.2069
2025-12-02 13:00:00,3.5000,10934.7994,9927.0794
2025-12-02 14:00:00,3.0000,1493.8650,630.1050
2025-12-02 15:00:00,3.0000,949.4400,85.6800
2025-12-02 16:00:00,3.0000,863.7600,0.0000
2025-12-02 17:00:00,5.0000,1439.6000,0.0000
2025-12-02 18:00:00,6.0000,1727.5200,0.0000
2025-12-02 19:00:00,7.0000,2015.4400,0.0000
2025-12-02 20:00:00,6.0000,1727.5200,0.0000
2025-12-02 21:00:00,5.0000,1439.6000,0.0000
2025-12-02 22:00:00,4.0000,1151.6800,0.0000
2025-12-02 23:00:00,3.0000,863.7600,0.0000
2025-12-03 00:00:00,2.0000,575.8400,0.0000
2025-12-03 01:00:00,2.0000,575.8400,0.0000
2025-12-03 02:00:00,2.0000,575.8400,0.0000
2025-12-03 03:00:00,2.0000,575.8400,0.0000
2025-12-03 04:00:00,2.0000,575.8400,0.0000
2025-12-03 05:00:00,2.0000,575.8400,0.0000
2025-12-03 06:00:00,5.0000,1439.6000,0.0000
2025-12-03 07:00:00,6.0000,2057.1500,329.6300
2025-12-03 08:00:00,5.0000,8824.8789,7385.2789
2025-12-03 09:00:00,3.0000,9234.1990,8370.4390
2025-12-03 10:00:00,3.0000,9855.7110,8991.9510
2025-12-03 11:00:00,3.5000,8705.1122,7697.3922
2025-12-03 12:00:00,4.0000,10626.0140,9474.3340
2025-12-03 13:00:00,3.5000,7690.4445,6682.7245
2025-12-03 14:00:00,3.0000,1299.3000,435.5400
2025-12-03 15:00:00,3.0000,888.7500,24.9900
2025-12-03 16:00:00,3.0000,863.7600,0.0000
2025-12-03 17:00:00,5.0000,1439.6000,0.0000
2025-12-03 18:00:00,6.0000,1727.5200,0.0000
2025-12-03 19:00:00,7.0000,2015.4400,0.0000
2025-12-03 20:00:00,6.0000,1727.5200,0.0000
2025-12-03 21:00:00,5.0000,1439.6000,0.0000
2025-12-03 22:00:00,4.0000,1151.6800,0.0000
2025-12-03 23:00:00,3.0000,863.7600,0.0000
2025-12-04 00:00:00,2.0000,575.8400,0.0000
2025-12-04 01:00:00,2.0000,575.8400,0.0000
2025-12-04 02:00:00,2.0000,575.8400,0.0000
2025-12-04 03:00:00,2.0000,575.8400,0.0000
2025-12-04 04:00:00,2.0000,575.8400,0.0000
2025-12-04 05:00:00,2.0000,575.8400,0.0000
2025-12-04 06:00:00,5.0000,1439.6000,0.0000
2025-12-04 07:00:00,6.0000,1938.1500,210.6300
2025-12-04 08:00:00,5.0000,2798.3037,1358.7037
2025-12-04 09:00:00,3.0000,3712.0830,2848.3230
2025-12-04 10:00:00,3.0000,5116.1302,4252.3702
2025-12-04 11:00:00,3.5000,4745.3981,3737.6781
2025-12-04 12:00:00,4.0000,2929.5400,1777.8600
2025-12-04 13:00:00,3.5000,1903.7900,896.0700
2025-12-04 14:00:00,3.0000,1113.6600,249.9000
2025-12-04 15:00:00,3.0000,885.1800,21.4200
2025-12-04 16:00:00,3.0000,863.7600,0.0000
2025-12-04 17:00:00,5.0000,1439.6000,0.0000
2025-12-04 18:00:00,6.0000,1727.5200,0.0000
2025-12-04 19:00:00,7.0000,2015.4400,0.0000
2025-12-04 20:00:00,6.0000,1727.5200,0.0000
2025-12-04 21:00:00,5.0000,1439.6000,0.0000
2025-12-04 22:00:00,4.0000,1151.6800,0.0000
2025-12-04 23:00:00,3.0000,863.7600,0.0000
2025-12-05 00:00:00,2.0000,575.8400,0.0000
2025-12-05 01:00:00,2.0000,575.8400,0.0000
2025-12-05 02:00:00,2.0000,575.8400,0.0000
2025-12-05 03:00:00,2.0000,575.8400,0.0000
2025-12-05 04:00:00,2.0000,575.8400,0.0000
2025-12-05 05:00:00,2.0000,575.8400,0.0000
2025-12-05 06:00:00,5.0000,1439.6000,0.0000
2025-12-05 07:00:00,6.0000,1838.1900,110.6700
2025-12-05 08:00:00,5.0000,2719.5179,1279.9179
2025-12-05 09:00:00,3.0000,2360.2361,1496.4761
2025-12-05 10:00:00,3.0000,2259.6300,1395.8700
2025-12-05 11:00:00,3.5000,2321.4800,1313.7600
2025-12-05 12:00:00,4.0000,2619.3071,1467.6271
2025-12-05 13:00:00,3.5000,2077.2311,1069.5111
2025-12-05 14:00:00,3.0000,1178.5150,314.7550
2025-12-05 15:00:00,3.0000,935.1600,71.4000
2025-12-05 16:00:00,3.0000,863.7600,0.0000
2025-12-05 17:00:00,5.0000,1439.6000,0.0000
2025-12-05 18:00:00,6.0000,1727.5200,0.0000
2025-12-05 19:00:00,7.0000,2015.4400,0.0000
2025-12-05 20:00:00,6.0000,1727.5200,0.0000
2025-12-05 21:00:00,5.0000,1439.6000,0.0000
2025-12-05 22:00:00,4.0000,1151.6800,0.0000
2025-12-05 23:00:00,3.0000,863.7600,0.0000
2025-12-06 00:00:00,2.0000,575.8400,0.0000
2025-12-06 01:00:00,2.0000,575.8400,0.0000
2025-12-06 02:00:00,2.0000,575.8400,0.0000
2025-12-06 03:00:00,2.0000,575.8400,0.0000
2025-12-06 04:00:00,2.0000,575.8400,0.0000
2025-12-06 05:00:00,2.0000,575.8400,0.0000
2025-12-06 06:00:00,5.0000,1439.6000,0.0000
2025-12-06 07:00:00,6.0000,1864.9650,137.4450
2025-12-06 08:00:00,5.0000,2535.2150,1095.6150
2025-12-06 09:00:00,4.0000,4493.8886,3342.2086
2025-12-06 10:00:00,4.0000,2962.1731,1810.4931
2025-12-06 11:00:00,4.5000,2903.9181,1608.2781
2025-12-06 12:00:00,5.0000,2353.5200,913.9200
2025-12-06 13:00:00,4.5000,2172.2853,876.6453
2025-12-06 14:00:00,4.0000,1576.5100,424.8300
2025-12-06 15:00:00,4.0000,1183.8100,32.1300
2025-12-06 16:00:00,4.0000,1151.6800,0.0000
2025-12-06 17:00:00,6.0000,1727.5200,0.0000
2025-12-06 18:00:00,7.0000,2015.4400,0.0000
2025-12-06 19:00:00,7.5000,2159.4000,0.0000
2025-12-06 20:00:00,7.0000,2015.4400,0.0000
2025-12-06 21:00:00,6.0000,1727.5200,0.0000
2025-12-06 22:00:00,5.0000,1439.6000,0.0000
2025-12-06 23:00:00,4.0000,1151.6800,0.0000
2025-12-07 00:00:00,2.0000,575.8400,0.0000
2025-12-07 01:00:00,2.0000,575.8400,0.0000
2025-12-07 02:00:00,2.0000,575.8400,0.0000
2025-12-07 03:00:00,2.0000,575.8400,0.0000
2025-12-07 04:00:00,2.0000,575.8400,0.0000
2025-12-07 05:00:00,2.0000,575.8400,0.0000
2025-12-07 06:00:00,5.0000,1439.6000,0.0000
2025-12-07 07:00:00,6.0000,1763.2200,35.7000
2025-12-07 08:00:00,5.0000,1796.6000,357.0000
2025-12-07 09:00:00,4.0000,1882.1236,730.4436
2025-12-07 10:00:00,4.0000,1814.7581,663.0781
2025-12-07 11:00:00,4.5000,2395.2000,1099.5600
2025-12-07 12:00:00,5.0000,2357.0900,917.4900
2025-12-07 13:00:00,4.5000,2222.3666,926.7266
2025-12-07 14:00:00,4.0000,1426.5700,274.8900
2025-12-07 15:00:00,4.0000,1169.5300,17.8500
2025-12-07 16:00:00,4.0000,1151.6800,0.0000
2025-12-07 17:00:00,6.0000,1727.5200,0.0000
2025-12-07 18:00:00,7.0000,2015.4400,0.0000
2025-12-07 19:00:00,7.5000,2159.4000,0.0000
2025-12-07 20:00:00,7.0000,2015.4400,0.0000
2025-12-07 21:00:00,6.0000,1727.5200,0.0000
2025-12-07 22:00:00,5.0000,1439.6000,0.0000
2025-12-07 23:00:00,4.0000,1151.6800,0.0000
2025-12-08 00:00:00,2.0000,575.8400,0.0000
2025-12-08 01:00:00,2.0000,575.8400,0.0000
2025-12-08 02:00:00,2.0000,575.8400,0.0000
2025-12-08 03:00:00,2.0000,575.8400,0.0000
2025-12-08 04:00:00,2.0000,575.8400,0.0000
2025-12-08 05:00:00,2.0000,575.8400,0.0000
2025-12-08 06:00:00,5.0000,1439.6000,0.0000
2025-12-08 07:00:00,6.0000,1741.8000,14.2800
2025-12-08 08:00:00,5.0000,1653.8000,214.2000
2025-12-08 09:00:00,3.0000,1442.1000,578.3400
2025-12-08 10:00:00,3.0000,2479.1065,1615.3465
2025-12-08 11:00:00,3.5000,6642.0785,5634.3585
2025-12-08 12:00:00,4.0000,6829.2523,5677.5723
2025-12-08 13:00:00,3.5000,5410.7798,4403.0598
2025-12-08 14:00:00,3.0000,1573.0000,709.2400
2025-12-08 15:00:00,3.0000,949.4400,85.6800
2025-12-08 16:00:00,3.0000,863.7600,0.0000
2025-12-08 17:00:00,5.0000,1439.6000,0.0000
2025-12-08 18:00:00,6.0000,1727.5200,0.0000
2025-12-08 19:00:00,7.0000,2015.4400,0.0000
2025-12-08 20:00:00,6.0000,1727.5200,0.0000
2025-12-08 21:00:00,5.0000,1439.6000,0.0000
2025-12-08 22:00:00,4.0000,1151.6800,0.0000
2025-12-08 23:00:00,3.0000,863.7600,0.0000
2025-12-09 00:00:00,2.0000,575.8400,0.0000
2025-12-09 01:00:00,2.0000,575.8400,0.0000
2025-12-09 02:00:00,2.0000,575.8400,0.0000
2025-12-09 03:00:00,2.0000,575.8400,0.0000
2025-12-09 04:00:00,2.0000,575.8400,0.0000
2025-12-09 05:00:00,2.0000,575.8400,0.0000
2025-12-09 06:00:00,5.0000,1439.6000,0.0000
2025-12-09 07:00:00,6.0000,1937.5550,210.0350
2025-12-09 08:00:00,5.0000,9490.4392,8050.8392
2025-12-09 09:00:00,3.0000,10056.4722,9192.7122
2025-12-09 10:00:00,3.0000,10276.3148,9412.5548
2025-12-09 11:00:00,3.5000,9896.0112,8888.2912
2025-12-09 12:00:00,4.0000,10874.4552,9722.7752
2025-12-09 13:00:00,3.5000,10994.7649,9987.0449
2025-12-09 14:00:00,3.0000,1567.6450,703.8850
2025-12-09 15:00:00,3.0000,995.8500,132.0900
2025-12-09 16:00:00,3.0000,863.7600,0.0000
2025-12-09 17:00:00,5.0000,1439.6000,0.0000
2025-12-09 18:00:00,6.0000,1727.5200,0.0000
2025-12-09 19:00:00,7.0000,2015.4400,0.0000
2025-12-09 20:00:00,6.0000,1727.5200,0.0000
2025-12-09 21:00:00,5.0000,1439.6000,0.0000
2025-12-09 22:00:00,4.0000,1151.6800,0.0000
2025-12-09 23:00:00,3.0000,863.7600,0.0000
2025-12-10 00:00:00,2.0000,575.8400,0.0000
2025-12-10 01:00:00,2.0000,575.8400,0.0000
2025-12-10 02:00:00,2.0000,575.8400,0.0000
2025-12-10 03:00:00,2.0000,575.8400,0.0000
2025-12-10 04:00:00,2.0000,575.8400,0.0000
2025-12-10 05:00:00,2.0000,575.8400,0.0000
2025-12-10 06:00:00,5.0000,1439.6000,0.0000
2025-12-10 07:00:00,6.0000,1883.4100,155.8900
2025-12-10 08:00:00,5.0000,11132.2766,9692.6766
2025-12-10 09:00:00,3.0000,10663.5408,9799.7808
2025-12-10 10:00:00,3.0000,10161.3283,9297.5683
2025-12-10 11:00:00,3.5000,9865.3154,8857.5954
2025-12-10 12:00:00,4.0000,10826.1567,9674.4767
2025-12-10 13:00:00,3.5000,10913.4004,9905.6804
2025-12-10 14:00:00,3.0000,1443.8850,580.1250
2025-12-10 15:00:00,3.0000,948.8450,85.0850
2025-12-10 16:00:00,3.0000,863.7600,0.0000
2025-12-10 17:00:00,5.0000,1439.6000,0.0000
2025-12-10 18:00:00,6.0000,1727.5200,0.0000
2025-12-10 19:00:00,7.0000,2015.4400,0.0000
2025-12-10 20:00:00,6.0000,1727.5200,0.0000
2025-12-10 21:00:00,5.0000,1439.6000,0.0000
2025-12-10 22:00:00,4.0000,1151.6800,0.0000
2025-12-10 23:00:00,3.0000,863.7600,0.0000
2025-12-11 00:00:00,2.0000,575.8400,0.0000
2025-12-11 01:00:00,2.0000,575.8400,0.0000
2025-12-11 02:00:00,2.0000,575.8400,0.0000
2025-12-11 03:00:00,2.0000,575.8400,0.0000
2025-12-11 04:00:00,2.0000,575.8400,0.0000
2025-12-11 05:00:00,2.0000,575.8400,0.0000
2025-12-11 06:00:00,5.0000,1439.6000,0.0000
2025-12-11 07:00:00,6.0000,1806.0600,78.5400
2025-12-11 08:00:00,5.0000,2089.3400,649.7400
2025-12-11 09:00:00,3.0000,2063.2800,1199.5200
2025-12-11 10:00:00,3.0000,2313.1800,1449.4200
2025-12-11 11:00:00,3.5000,4558.7937,3551.0737
2025-12-11 12:00:00,4.0000,4535.0677,3383.3877
2025-12-11 13:00:00,3.5000,2032.3769,1024.6569
2025-12-11 14:00:00,3.0000,1153.5250,289.7650
2025-12-11 15:00:00,3.0000,906.6000,42.8400
2025-12-11 16:00:00,3.0000,863.7600,0.0000
2025-12-11 17:00:00,5.0000,1439.6000,0.0000
2025-12-11 18:00:00,6.0000,1727.5200,0.0000
2025-12-11 19:00:00,7.0000,2015.4400,0.0000
2025-12-11 20:00:00,6.0000,1727.5200,0.0000
2025-12-11 21:00:00,5.0000,1439.6000,0.0000
2025-12-11 22:00:00,4.0000,1151.6800,0.0000
2025-12-11 23:00:00,3.0000,863.7600,0.0000
2025-12-12 00:00:00,2.0000,575.8400,0.0000
2025-12-12 01:00:00,2.0000,575.8400,0.0000
2025-12-12 02:00:00,2.0000,575.8400,0.0000
2025-12-12 03:00:00,2.0000,575.8400,0.0000
2025-12-12 04:00:00,2.0000,575.8400,0.0000
2025-12-12 05:00:00,2.0000,575.8400,0.0000
2025-12-12 06:00:00,5.0000,1439.6000,0.0000
2025-12-12 07:00:00,6.0000,1816.7700,89.2500
2025-12-12 08:00:00,5.0000,1896.5600,456.9600
2025-12-12 09:00:00,3.0000,3308.9762,2445.2162
2025-12-12 10:00:00,3.0000,9854.5958,8990.8358
2025-12-12 11:00:00,3.5000,10219.4085,9211.6885
2025-12-12 12:00:00,4.0000,10050.6658,8898.9858
2025-12-12 13:00:00,3.5000,10620.0833,9612.3633
2025-12-12 14:00:00,3.0000,1644.4000,780.6400
2025-12-12 15:00:00,3.0000,969.0750,105.3150
2025-12-12 16:00:00,3.0000,863.7600,0.0000
2025-12-12 17:00:00,5.0000,1439.6000,0.0000
2025-12-12 18:00:00,6.0000,1727.5200,0.0000
2025-12-12 19:00:00,7.0000,2015.4400,0.0000
2025-12-12 20:00:00,6.0000,1727.5200,0.0000
2025-12-12 21:00:00,5.0000,1439.6000,0.0000
2025-12-12 22:00:00,4.0000,1151.6800,0.0000
2025-12-12 23:00:00,3.0000,863.7600,0.0000
2025-12-13 00:00:00,2.0000,575.8400,0.0000
2025-12-13 01:00:00,2.0000,575.8400,0.0000
2025-12-13 02:00:00,2.0000,575.8400,0.0000
2025-12-13 03:00:00,2.0000,575.8400,0.0000
2025-12-13 04:00:00,2.0000,575.8400,0.0000
2025-12-13 05:00:00,2.0000,575.8400,0.0000
2025-12-13 06:00:00,5.0000,1439.6000,0.0000
2025-12-13 07:00:00,6.0000,1938.1500,210.6300
2025-12-13 08:00:00,5.0000,5461.5756,4021.9756
2025-12-13 09:00:00,4.0000,11059.0540,9907.3740
2025-12-13 10:00:00,4.0000,10609.7053,9458.0253
2025-12-13 11:00:00,4.5000,3520.0383,2224.3983
2025-12-13 12:00:00,5.0000,3142.4900,1702.8900
2025-12-13 13:00:00,4.5000,2494.0579,1198.4179
2025-12-13 14:00:00,4.0000,1655.0500,503.3700
2025-12-13 15:00:00,4.0000,1194.5200,42.8400
2025-12-13 16:00:00,4.0000,1151.6800,0.0000
2025-12-13 17:00:00,6.0000,1727.5200,0.0000
2025-12-13 18:00:00,7.0000,2015.4400,0.0000
2025-12-13 19:00:00,7.5000,2159.4000,0.0000
2025-12-13 20:00:00,7.0000,2015.4400,0.0000
2025-12-13 21:00:00,6.0000,1727.5200,0.0000
2025-12-13 22:00:00,5.0000,1439.6000,0.0000
2025-12-13 23:00:00,4.0000,1151.6800,0.0000
2025-12-14 00:00:00,2.0000,575.8400,0.0000
2025-12-14 01:00:00,2.0000,575.8400,0.0000
2025-12-14 02:00:00,2.0000,575.8400,0.0000
2025-12-14 03:00:00,2.0000,575.8400,0.0000
2025-12-14 04:00:00,2.0000,575.8400,0.0000
2025-12-14 05:00:00,2.0000,575.8400,0.0000
2025-12-14 06:00:00,5.0000,1439.6000,0.0000
2025-12-14 07:00:00,6.0000,1831.0500,103.5300
2025-12-14 08:00:00,5.0000,2196.4400,756.8400
2025-12-14 09:00:00,4.0000,2665.3600,1513.6800
2025-12-14 10:00:00,4.0000,3140.1700,1988.4900
2025-12-14 11:00:00,4.5000,3436.1156,2140.4756
2025-12-14 12:00:00,5.0000,4202.5027,2762.9027
2025-12-14 13:00:00,4.5000,10025.5107,8729.8707
2025-12-14 14:00:00,4.0000,1865.0850,713.4050
2025-12-14 15:00:00,4.0000,1233.7900,82.1100
2025-12-14 16:00:00,4.0000,1151.6800,0.0000
2025-12-14 17:00:00,6.0000,1727.5200,0.0000
2025-12-14 18:00:00,7.0000,2015.4400,0.0000
2025-12-14 19:00:00,7.5000,2159.4000,0.0000
2025-12-14 20:00:00,7.0000,2015.4400,0.0000
2025-12-14 21:00:00,6.0000,1727.5200,0.0000
2025-12-14 22:00:00,5.0000,1439.6000,0.0000
2025-12-14 23:00:00,4.0000,1151.6800,0.0000
2025-12-15 00:00:00,2.0000,575.8400,0.0000
2025-12-15 01:00:00,2.0000,575.8400,0.0000
2025-12-15 02:00:00,2.0000,575.8400,0.0000
2025-12-15 03:00:00,2.0000,575.8400,0.0000
2025-12-15 04:00:00,2.0000,575.8400,0.0000
2025-12-15 05:00:00,2.0000,575.8400,0.0000
2025-12-15 06:00:00,5.0000,1439.6000,0.0000
2025-12-15 07:00:00,6.0000,1851.8750,124.3550
2025-12-15 08:00:00,5.0000,11116.6981,9677.0981
2025-12-15 09:00:00,3.0000,10673.8889,9810.1289
2025-12-15 10:00:00,3.0000,10207.0053,9343.2453
2025-12-15 11:00:00,3.5000,9896.2655,8888.5455
2025-12-15 12:00:00,4.0000,8523.6975,7372.0175
2025-12-15 13:00:00,3.5000,3869.1216,2861.4016
2025-12-15 14:00:00,3.0000,1488.5100,624.7500
2025-12-15 15:00:00,3.0000,910.1700,46.4100
2025-12-15 16:00:00,3.0000,863.7600,0.0000
2025-12-15 17:00:00,5.0000,1439.6000,0.0000
2025-12-15 18:00:00,6.0000,1727.5200,0.0000
2025-12-15 19:00:00,7.0000,2015.4400,0.0000
2025-12-15 20:00:00,6.0000,1727.5200,0.0000
2025-12-15 21:00:00,5.0000,1439.6000,0.0000
2025-12-15 22:00:00,4.0000,1151.6800,0.0000
2025-12-15 23:00:00,3.0000,863.7600,0.0000
2025-12-16 00:00:00,2.0000,575.8400,0.0000
2025-12-16 01:00:00,2.0000,575.8400,0.0000
2025-12-16 02:00:00,2.0000,575.8400,0.0000
2025-12-16 03:00:00,2.0000,575.8400,0.0000
2025-12-16 04:00:00,2.0000,575.8400,0.0000
2025-12-16 05:00:00,2.0000,575.8400,0.0000
2025-12-16 06:00:00,5.0000,1439.6000,0.0000
2025-12-16 07:00:00,6.0000,1859.6100,132.0900
2025-12-16 08:00:00,5.0000,2192.8700,753.2700
2025-12-16 09:00:00,3.0000,2429.2928,1565.5328
2025-12-16 10:00:00,3.0000,2540.8702,1677.1102
2025-12-16 11:00:00,3.5000,2723.3916,1715.6716
2025-12-16 12:00:00,4.0000,2704.2935,1552.6135
2025-12-16 13:00:00,3.5000,1007.7200,0.0000
2025-12-16 14:00:00,3.0000,1227.9000,364.1400
2025-12-16 15:00:00,3.0000,906.6000,42.8400
2025-12-16 16:00:00,3.0000,863.7600,0.0000
2025-12-16 17:00:00,5.0000,1439.6000,0.0000
2025-12-16 18:00:00,6.0000,1727.5200,0.0000
2025-12-16 19:00:00,7.0000,2015.4400,0.0000
2025-12-16 20:00:00,6.0000,1727.5200,0.0000
2025-12-16 21:00:00,5.0000,1439.6000,0.0000
2025-12-16 22:00:00,4.0000,1151.6800,0.0000
2025-12-16 23:00:00,3.0000,863.7600,0.0000
2025-12-17 00:00:00,2.0000,575.8400,0.0000
2025-12-17 01:00:00,2.0000,575.8400,0.0000
2025-12-17 02:00:00,2.0000,575.8400,0.0000
2025-12-17 03:00:00,2.0000,575.8400,0.0000
2025-12-17 04:00:00,2.0000,575.8400,0.0000
2025-12-17 05:00:00,2.0000,575.8400,0.0000
2025-12-17 06:00:00,5.0000,1439.6000,0.0000
2025-12-17 07:00:00,6.0000,1820.3400,92.8200
2025-12-17 08:00:00,5.0000,2197.0978,757.4978
2025-12-17 09:00:00,3.0000,3758.8081,2895.0481
2025-12-17 10:00:00,3.0000,4489.7554,3625.9954
2025-12-17 11:00:00,3.5000,3658.1595,2650.4395
2025-12-17 12:00:00,4.0000,2872.8131,1721.1331
2025-12-17 13:00:00,3.5000,2119.3693,1111.6493
2025-12-17 14:00:00,3.0000,1431.9850,568.2250
2025-12-17 15:00:00,3.0000,992.2800,128.5200
2025-12-17 16:00:00,3.0000,863.7600,0.0000
2025-12-17 17:00:00,5.0000,1439.6000,0.0000
2025-12-17 18:00:00,6.0000,1727.5200,0.0000
2025-12-17 19:00:00,7.0000,2015.4400,0.0000
2025-12-17 20:00:00,6.0000,1727.5200,0.0000
2025-12-17 21:00:00,5.0000,1439.6000,0.0000
2025-12-17 22:00:00,4.0000,1151.6800,0.0000
2025-12-17 23:00:00,3.0000,863.7600,0.0000
2025-12-18 00:00:00,2.0000,575.8400,0.0000
2025-12-18 01:00:00,2.0000,575.8400,0.0000
2025-12-18 02:00:00,2.0000,575.8400,0.0000
2025-12-18 03:00:00,2.0000,575.8400,0.0000
2025-12-18 04:00:00,2.0000,575.8400,0.0000
2025-12-18 05:00:00,2.0000,575.8400,0.0000
2025-12-18 06:00:00,5.0000,1439.6000,0.0000
2025-12-18 07:00:00,6.0000,1833.4300,105.9100
2025-12-18 08:00:00,5.0000,11087.8911,9648.2911
2025-12-18 09:00:00,3.0000,10665.4567,9801.6967
2025-12-18 10:00:00,3.0000,10197.7642,9334.0042
2025-12-18 11:00:00,3.5000,9783.5042,8775.7842
2025-12-18 12:00:00,4.0000,10785.0990,9633.4190
2025-12-18 13:00:00,3.5000,10909.5163,9901.7963
2025-12-18 14:00:00,3.0000,1446.2650,582.5050
2025-12-18 15:00:00,3.0000,956.5800,92.8200
2025-12-18 16:00:00,3.0000,863.7600,0.0000
2025-12-18 17:00:00,5.0000,1439.6000,0.0000
2025-12-18 18:00:00,6.0000,1727.5200,0.0000
2025-12-18 19:00:00,7.0000,2015.4400,0.0000
2025-12-18 20:00:00,6.0000,1727.5200,0.0000
2025-12-18 21:00:00,5.0000,1439.6000,0.0000
2025-12-18 22:00:00,4.0000,1151.6800,0.0000
2025-12-18 23:00:00,3.0000,863.7600,0.0000
2025-12-19 00:00:00,2.0000,575.8400,0.0000
2025-12-19 01:00:00,2.0000,575.8400,0.0000
2025-12-19 02:00:00,2.0000,575.8400,0.0000
2025-12-19 03:00:00,2.0000,575.8400,0.0000
2025-12-19 04:00:00,2.0000,575.8400,0.0000
2025-12-19 05:00:00,2.0000,575.8400,0.0000
2025-12-19 06:00:00,5.0000,1439.6000,0.0000
2025-12-19 07:00:00,6.0000,1847.7100,120.1900
2025-12-19 08:00:00,5.0000,11540.8012,10101.2012
2025-12-19 09:00:00,3.0000,5707.0954,4843.3354
2025-12-19 10:00:00,3.0000,5363.2910,4499.5310
2025-12-19 11:00:00,3.5000,3532.7248,2525.0048
2025-12-19 12:00:00,4.0000,2797.4500,1645.7700
2025-12-19 13:00:00,3.5000,1939.4900,931.7700
2025-12-19 14:00:00,3.0000,1174.3500,310.5900
2025-12-19 15:00:00,3.0000,878.0400,14.2800
2025-12-19 16:00:00,3.0000,863.7600,0.0000
2025-12-19 17:00:00,5.0000,1439.6000,0.0000
2025-12-19 18:00:00,6.0000,1727.5200,0.0000
2025-12-19 19:00:00,7.0000,2015.4400,0.0000
2025-12-19 20:00:00,6.0000,1727.5200,0.0000
2025-12-19 21:00:00,5.0000,1439.6000,0.0000
2025-12-19 22:00:00,4.0000,1151.6800,0.0000
2025-12-19 23:00:00,3.0000,863.7600,0.0000
2025-12-20 00:00:00,2.0000,575.8400,0.0000
2025-12-20 01:00:00,2.0000,575.8400,0.0000
2025-12-20 02:00:00,2.0000,575.8400,0.0000
2025-12-20 03:00:00,2.0000,575.8400,0.0000
2025-12-20 04:00:00,2.0000,575.8400,0.0000
2025-12-20 05:00:00,2.0000,575.8400,0.0000
2025-12-20 06:00:00,5.0000,1439.6000,0.0000
2025-12-20 07:00:00,6.0000,1945.2900,217.7700
2025-12-20 08:00:00,5.0000,7605.1924,6165.5924
2025-12-20 09:00:00,4.0000,7769.5356,6617.8556
2025-12-20 10:00:00,4.0000,8151.5992,6999.9192
2025-12-20 11:00:00,4.5000,8884.6461,7589.0061
2025-12-20 12:00:00,5.0000,9104.2996,7664.6996
2025-12-20 13:00:00,4.5000,6350.8936,5055.2536
2025-12-20 14:00:00,4.0000,2114.9850,963.3050
2025-12-20 15:00:00,4.0000,1245.6900,94.0100
2025-12-20 16:00:00,4.0000,1151.6800,0.0000
2025-12-20 17:00:00,6.0000,1727.5200,0.0000
2025-12-20 18:00:00,7.0000,2015.4400,0.0000
2025-12-20 19:00:00,7.5000,2159.4000,0.0000
2025-12-20 20:00:00,7.0000,2015.4400,0.0000
2025-12-20 21:00:00,6.0000,1727.5200,0.0000
2025-12-20 22:00:00,5.0000,1439.6000,0.0000
2025-12-20 23:00:00,4.0000,1151.6800,0.0000
2025-12-21 00:00:00,2.0000,575.8400,0.0000
2025-12-21 01:00:00,2.0000,575.8400,0.0000
2025-12-21 02:00:00,2.0000,575.8400,0.0000
2025-12-21 03:00:00,2.0000,575.8400,0.0000
2025-12-21 04:00:00,2.0000,575.8400,0.0000
2025-12-21 05:00:00,2.0000,575.8400,0.0000
2025-12-21 06:00:00,5.0000,1439.6000,0.0000
2025-12-21 07:00:00,6.0000,1838.7850,111.2650
2025-12-21 08:00:00,5.0000,10228.8042,8789.2042
2025-12-21 09:00:00,4.0000,10398.5467,9246.8667
2025-12-21 10:00:00,4.0000,10210.4201,9058.7401
2025-12-21 11:00:00,4.5000,10155.0069,8859.3669
2025-12-21 12:00:00,5.0000,11123.5559,9683.9559
2025-12-21 13:00:00,4.5000,11241.1458,9945.5058
2025-12-21 14:00:00,4.0000,1809.7500,658.0700
2025-12-21 15:00:00,4.0000,1265.9200,114.2400
2025-12-21 16:00:00,4.0000,1151.6800,0.0000
2025-12-21 17:00:00,6.0000,1727.5200,0.0000
2025-12-21 18:00:00,7.0000,2015.4400,0.0000
2025-12-21 19:00:00,7.5000,2159.4000,0.0000
2025-12-21 20:00:00,7.0000,2015.4400,0.0000
2025-12-21 21:00:00,6.0000,1727.5200,0.0000
2025-12-21 22:00:00,5.0000,1439.6000,0.0000
2025-12-21 23:00:00,4.0000,1151.6800,0.0000
2025-12-22 00:00:00,2.0000,575.8400,0.0000
2025-12-22 01:00:00,2.0000,575.8400,0.0000
2025-12-22 02:00:00,2.0000,575.8400,0.0000
2025-12-22 03:00:00,2.0000,575.8400,0.0000
2025-12-22 04:00:00,2.0000,575.8400,0.0000
2025-12-22 05:00:00,2.0000,575.8400,0.0000
2025-12-22 06:00:00,5.0000,1439.6000,0.0000
2025-12-22 07:00:00,6.0000,1813.2000,85.6800
2025-12-22 08:00:00,5.0000,2057.2100,617.6100
2025-12-22 09:00:00,3.0000,2045.4300,1181.6700
2025-12-22 10:00:00,3.0000,2366.7300,1502.9700
2025-12-22 11:00:00,3.5000,2883.0109,1875.2909
2025-12-22 12:00:00,4.0000,3946.7063,2795.0263
2025-12-22 13:00:00,3.5000,3751.2529,2743.5329
2025-12-22 14:00:00,3.0000,1762.2100,898.4500
2025-12-22 15:00:00,3.0000,1003.5850,139.8250
2025-12-22 16:00:00,3.0000,863.7600,0.0000
2025-12-22 17:00:00,5.0000,1439.6000,0.0000
2025-12-22 18:00:00,6.0000,1727.5200,0.0000
2025-12-22 19:00:00,7.0000,2015.4400,0.0000
2025-12-22 20:00:00,6.0000,1727.5200,0.0000
2025-12-22 21:00:00,5.0000,1439.6000,0.0000
2025-12-22 22:00:00,4.0000,1151.6800,0.0000
2025-12-22 23:00:00,3.0000,863.7600,0.0000
2025-12-23 00:00:00,2.0000,575.8400,0.0000
2025-12-23 01:00:00,2.0000,575.8400,0.0000
2025-12-23 02:00:00,2.0000,575.8400,0.0000
2025-12-23 03:00:00,2.0000,575.8400,0.0000
2025-12-23 04:00:00,2.0000,575.8400,0.0000
2025-12-23 05:00:00,2.0000,575.8400,0.0000
2025-12-23 06:00:00,5.0000,1439.6000,0.0000
2025-12-23 07:00:00,6.0000,1763.2200,35.7000
2025-12-23 08:00:00,5.0000,1764.4700,324.8700
2025-12-23 09:00:00,3.0000,1488.5100,624.7500
2025-12-23 10:00:00,3.0000,1831.2300,967.4700
2025-12-23 11:00:00,3.5000,1996.6100,988.8900
2025-12-23 12:00:00,4.0000,1819.2700,667.5900
2025-12-23 13:00:00,3.5000,1371.8600,364.1400
2025-12-23 14:00:00,3.0000,995.8500,132.0900
2025-12-23 15:00:00,3.0000,863.7600,0.0000
2025-12-23 16:00:00,3.0000,863.7600,0.0000
2025-12-23 17:00:00,5.0000,1439.6000,0.0000
2025-12-23 18:00:00,6.0000,1727.5200,0.0000
2025-12-23 19:00:00,7.0000,2015.4400,0.0000
2025-12-23 20:00:00,6.0000,1727.5200,0.0000
2025-12-23 21:00:00,5.0000,1439.6000,0.0000
2025-12-23 22:00:00,4.0000,1151.6800,0.0000
2025-12-23 23:00:00,3.0000,863.7600,0.0000
2025-12-24 00:00:00,2.0000,575.8400,0.0000
2025-12-24 01:00:00,2.0000,575.8400,0.0000
2025-12-24 02:00:00,2.0000,575.8400,0.0000
2025-12-24 03:00:00,2.0000,575.8400,0.0000
2025-12-24 04:00:00,2.0000,575.8400,0.0000
2025-12-24 05:00:00,2.0000,575.8400,0.0000
2025-12-24 06:00:00,5.0000,1439.6000,0.0000
2025-12-24 07:00:00,6.0000,1748.9400,21.4200
2025-12-24 08:00:00,5.0000,1628.8100,189.2100
2025-12-24 09:00:00,3.0000,1299.3000,435.5400
2025-12-24 10:00:00,3.0000,1381.4100,517.6500
2025-12-24 11:00:00,3.5000,1382.5700,374.8500
2025-12-24 12:00:00,4.0000,1547.9500,396.2700
2025-12-24 13:00:00,3.5000,1279.0400,271.3200
2025-12-24 14:00:00,3.0000,913.7400,49.9800
2025-12-24 15:00:00,3.0000,863.7600,0.0000
2025-12-24 16:00:00,3.0000,863.7600,0.0000
2025-12-24 17:00:00,5.0000,1439.6000,0.0000
2025-12-24 18:00:00,6.0000,1727.5200,0.0000
2025-12-24 19:00:00,7.0000,2015.4400,0.0000
2025-12-24 20:00:00,6.0000,1727.5200,0.0000
2025-12-24 21:00:00,5.0000,1439.6000,0.0000
2025-12-24 22:00:00,4.0000,1151.6800,0.0000
2025-12-24 23:00:00,3.0000,863.7600,0.0000
2025-12-25 00:00:00,2.0000,575.8400,0.0000
2025-12-25 01:00:00,2.0000,575.8400,0.0000
2025-12-25 02:00:00,2.0000,575.8400,0.0000
2025-12-25 03:00:00,2.0000,575.8400,0.0000
2025-12-25 04:00:00,2.0000,575.8400,0.0000
2025-12-25 05:00:00,2.0000,575.8400,0.0000
2025-12-25 06:00:00,5.0000,1439.6000,0.0000
2025-12-25 07:00:00,6.0000,1798.9200,71.4000
2025-12-25 08:00:00,5.0000,1982.2400,542.6400
2025-12-25 09:00:00,3.0000,2063.2800,1199.5200
2025-12-25 10:00:00,3.0000,2573.7900,1710.0300
2025-12-25 11:00:00,3.5000,2603.5100,1595.7900
2025-12-25 12:00:00,4.0000,2347.6300,1195.9500
2025-12-25 13:00:00,3.5000,1745.0646,737.3446
2025-12-25 14:00:00,3.0000,1185.0600,321.3000
2025-12-25 15:00:00,3.0000,885.1800,21.4200
2025-12-25 16:00:00,3.0000,863.7600,0.0000
2025-12-25 17:00:00,5.0000,1439.6000,0.0000
2025-12-25 18:00:00,6.0000,1727.5200,0.0000
2025-12-25 19:00:00,7.0000,2015.4400,0.0000
2025-12-25 20:00:00,6.0000,1727.5200,0.0000
2025-12-25 21:00:00,5.0000,1439.6000,0.0000
2025-12-25 22:00:00,4.0000,1151.6800,0.0000
2025-12-25 23:00:00,3.0000,863.7600,0.0000
2025-12-26 00:00:00,2.0000,575.8400,0.0000
2025-12-26 01:00:00,2.0000,575.8400,0.0000
2025-12-26 02:00:00,2.0000,575.8400,0.0000
2025-12-26 03:00:00,2.0000,575.8400,0.0000
2025-12-26 04:00:00,2.0000,575.8400,0.0000
2025-12-26 05:00:00,2.0000,575.8400,0.0000
2025-12-26 06:00:00,5.0000,1439.6000,0.0000
2025-12-26 07:00:00,6.0000,1859.6100,132.0900
2025-12-26 08:00:00,5.0000,9331.1145,7891.5145
2025-12-26 09:00:00,3.0000,10550.8785,9687.1185
2025-12-26 10:00:00,3.0000,10470.4544,9606.6944
2025-12-26 11:00:00,3.5000,9702.3000,8694.5800
2025-12-26 12:00:00,4.0000,4643.0335,3491.3535
2025-12-26 13:00:00,3.5000,4628.6581,3620.9381
2025-12-26 14:00:00,3.0000,1783.6300,919.8700
2025-12-26 15:00:00,3.0000,994.0650,130.3050
2025-12-26 16:00:00,3.0000,863.7600,0.0000
2025-12-26 17:00:00,5.0000,1439.6000,0.0000
2025-12-26 18:00:00,6.0000,1727.5200,0.0000
2025-12-26 19:00:00,7.0000,2015.4400,0.0000
2025-12-26 20:00:00,6.0000,1727.5200,0.0000
2025-12-26 21:00:00,5.0000,1439.6000,0.0000
2025-12-26 22:00:00,4.0000,1151.6800,0.0000
2025-12-26 23:00:00,3.0000,863.7600,0.0000
2025-12-27 00:00:00,2.0000,575.8400,0.0000
2025-12-27 01:00:00,2.0000,575.8400,0.0000
2025-12-27 02:00:00,2.0000,575.8400,0.0000
2025-12-27 03:00:00,2.0000,575.8400,0.0000
2025-12-27 04:00:00,2.0000,575.8400,0.0000
2025-12-27 05:00:00,2.0000,575.8400,0.0000
2025-12-27 06:00:00,5.0000,1439.6000,0.0000
2025-12-27 07:00:00,6.0000,1848.9000,121.3800
2025-12-27 08:00:00,5.0000,2650.3159,1210.7159
2025-12-27 09:00:00,4.0000,9526.6099,8374.9299
2025-12-27 10:00:00,4.0000,10711.0171,9559.3371
2025-12-27 11:00:00,4.5000,10120.0210,8824.3810
2025-12-27 12:00:00,5.0000,11176.6107,9737.0107
2025-12-27 13:00:00,4.5000,11002.4808,9706.8408
2025-12-27 14:00:00,4.0000,1732.4000,580.7200
2025-12-27 15:00:00,4.0000,1296.2650,144.5850
2025-12-27 16:00:00,4.0000,1151.6800,0.0000
2025-12-27 17:00:00,6.0000,1727.5200,0.0000
2025-12-27 18:00:00,7.0000,2015.4400,0.0000
2025-12-27 19:00:00,7.5000,2159.4000,0.0000
2025-12-27 20:00:00,7.0000,2015.4400,0.0000
2025-12-27 21:00:00,6.0000,1727.5200,0.0000
2025-12-27 22:00:00,5.0000,1439.6000,0.0000
2025-12-27 23:00:00,4.0000,1151.6800,0.0000
2025-12-28 00:00:00,2.0000,575.8400,0.0000
2025-12-28 01:00:00,2.0000,575.8400,0.0000
2025-12-28 02:00:00,2.0000,575.8400,0.0000
2025-12-28 03:00:00,2.0000,575.8400,0.0000
2025-12-28 04:00:00,2.0000,575.8400,0.0000
2025-12-28 05:00:00,2.0000,575.8400,0.0000
2025-12-28 06:00:00,5.0000,1439.6000,0.0000
2025-12-28 07:00:00,6.0000,1820.9350,93.4150
2025-12-28 08:00:00,5.0000,11093.6670,9654.0670
2025-12-28 09:00:00,4.0000,11027.4499,9875.7699
2025-12-28 10:00:00,4.0000,10614.0382,9462.3582
2025-12-28 11:00:00,4.5000,10058.3986,8762.7586
2025-12-28 12:00:00,5.0000,11135.8366,9696.2366
2025-12-28 13:00:00,4.5000,11323.9541,10028.3141
2025-12-28 14:00:00,4.0000,2015.0250,863.3450
2025-12-28 15:00:00,4.0000,1283.7700,132.0900
2025-12-28 16:00:00,4.0000,1151.6800,0.0000
2025-12-28 17:00:00,6.0000,1727.5200,0.0000
2025-12-28 18:00:00,7.0000,2015.4400,0.0000
2025-12-28 19:00:00,7.5000,2159.4000,0.0000
2025-12-28 20:00:00,7.0000,2015.4400,0.0000
2025-12-28 21:00:00,6.0000,1727.5200,0.0000
2025-12-28 22:00:00,5.0000,1439.6000,0.0000
2025-12-28 23:00:00,4.0000,1151.6800,0.0000
2025-12-29 00:00:00,2.0000,575.8400,0.0000
2025-12-29 01:00:00,2.0000,575.8400,0.0000
2025-12-29 02:00:00,2.0000,575.8400,0.0000
2025-12-29 03:00:00,2.0000,575.8400,0.0000
2025-12-29 04:00:00,2.0000,575.8400,0.0000
2025-12-29 05:00:00,2.0000,575.8400,0.0000
2025-12-29 06:00:00,5.0000,1439.6000,0.0000
2025-12-29 07:00:00,6.0000,1791.7800,64.2600
2025-12-29 08:00:00,5.0000,2053.6400,614.0400
2025-12-29 09:00:00,3.0000,2423.7972,1560.0372
2025-12-29 10:00:00,3.0000,3829.3688,2965.6088
2025-12-29 11:00:00,3.5000,10191.7964,9184.0764
2025-12-29 12:00:00,4.0000,10924.1863,9772.5063
2025-12-29 13:00:00,3.5000,11053.0643,10045.3443
2025-12-29 14:00:00,3.0000,1655.1100,791.3500
2025-12-29 15:00:00,3.0000,982.1650,118.4050
2025-12-29 16:00:00,3.0000,863.7600,0.0000
2025-12-29 17:00:00,5.0000,1439.6000,0.0000
2025-12-29 18:00:00,6.0000,1727.5200,0.0000
2025-12-29 19:00:00,7.0000,2015.4400,0.0000
2025-12-29 20:00:00,6.0000,1727.5200,0.0000
2025-12-29 21:00:00,5.0000,1439.6000,0.0000
2025-12-29 22:00:00,4.0000,1151.6800,0.0000
2025-12-29 23:00:00,3.0000,863.7600,0.0000
2025-12-30 00:00:00,2.0000,575.8400,0.0000
2025-12-30 01:00:00,2.0000,575.8400,0.0000
2025-12-30 02:00:00,2.0000,575.8400,0.0000
2025-12-30 03:00:00,2.0000,575.8400,0.0000
2025-12-30 04:00:00,2.0000,575.8400,0.0000
2025-12-30 05:00:00,2.0000,575.8400,0.0000
2025-12-30 06:00:00,5.0000,1439.6000,0.0000
2025-12-30 07:00:00,6.0000,1748.9400,21.4200
2025-12-30 08:00:00,5.0000,1689.5000,249.9000
2025-12-30 09:00:00,3.0000,1606.2348,742.4748
2025-12-30 10:00:00,3.0000,2066.5529,1202.7929
2025-12-30 11:00:00,3.5000,2774.8700,1767.1500
2025-12-30 12:00:00,4.0000,2772.4600,1620.7800
2025-12-30 13:00:00,3.5000,2089.4300,1081.7100
2025-12-30 14:00:00,3.0000,1399.2600,535.5000
2025-12-30 15:00:00,3.0000,949.4400,85.6800
2025-12-30 16:00:00,3.0000,863.7600,0.0000
2025-12-30 17:00:00,5.0000,1439.6000,0.0000
2025-12-30 18:00:00,6.0000,1727.5200,0.0000
2025-12-30 19:00:00,7.0000,2015.4400,0.0000
2025-12-30 20:00:00,6.0000,1727.5200,0.0000
2025-12-30 21:00:00,5.0000,1439.6000,0.0000
2025-12-30 22:00:00,4.0000,1151.6800,0.0000
2025-12-30 23:00:00,3.0000,863.7600,0.0000
2025-12-31 00:00:00,2.0000,575.8400,0.0000
2025-12-31 01:00:00,2.0000,575.8400,0.0000
2025-12-31 02:00:00,2.0000,575.8400,0.0000
2025-12-31 03:00:00,2.0000,575.8400,0.0000
2025-12-31 04:00:00,2.0000,575.8400,0.0000
2025-12-31 05:00:00,2.0000,575.8400,0.0000
2025-12-31 06:00:00,5.0000,1439.6000,0.0000
2025-12-31 07:00:00,6.0000,1831.0500,103.5300
2025-12-31 08:00:00,5.0000,11039.4726,9599.8726
2025-12-31 09:00:00,3.0000,10774.7028,9910.9428
2025-12-31 10:00:00,3.0000,10362.1330,9498.3730
2025-12-31 11:00:00,3.5000,9750.4397,8742.7197
2025-12-31 12:00:00,4.0000,10803.7117,9652.0317
2025-12-31 13:00:00,3.5000,10977.7392,9970.0192
2025-12-31 14:00:00,3.0000,1556.9350,693.1750
2025-12-31 15:00:00,3.0000,1017.8650,154.1050
2025-12-31 16:00:00,3.0000,863.7600,0.0000
2025-12-31 17:00:00,5.0000,1439.6000,0.0000
2025-12-31 18:00:00,6.0000,1727.5200,0.0000
2025-12-31 19:00:00,7.0000,2015.4400,0.0000
2025-12-31 20:00:00,6.0000,1727.5200,0.0000
2025-12-31 21:00:00,5.0000,1439.6000,0.0000
2025-12-31 22:00:00,4.0000,1151.6800,0.0000
2025-12-31 23:00:00,3.0000,863.7600,0.0000
2026-01-01 00:00:00,2.0000,575.8400,0.0000
2026-01-01 01:00:00,2.0000,575.8400,0.0000
2026-01-01 02:00:00,2.0000,575.8400,0.0000
2026-01-01 03:00:00,2.0000,575.8400,0.0000
2026-01-01 04:00:00,2.0000,575.8400,0.0000
2026-01-01 05:00:00,2.0000,575.8400,0.0000
2026-01-01 06:00:00,5.0000,1439.6000,0.0000
2026-01-01 07:00:00,6.0000,1813.7950,86.2750
2026-01-01 08:00:00,5.0000,11083.2896,9643.6896
2026-01-01 09:00:00,3.0000,10877.0488,10013.2888
2026-01-01 10:00:00,3.0000,9655.7758,8792.0158
2026-01-01 11:00:00,3.5000,8408.3064,7400.5864
2026-01-01 12:00:00,4.0000,10116.3220,8964.6420
2026-01-01 13:00:00,3.5000,7887.5100,6879.7900
2026-01-01 14:00:00,3.0000,2068.0400,1204.2800
2026-01-01 15:00:00,3.0000,1114.2550,250.4950
2026-01-01 16:00:00,3.0000,863.7600,0.0000
2026-01-01 17:00:00,5.0000,1439.6000,0.0000
2026-01-01 18:00:00,6.0000,1727.5200,0.0000
2026-01-01 19:00:00,7.0000,2015.4400,0.0000
2026-01-01 20:00:00,6.0000,1727.5200,0.0000
2026-01-01 21:00:00,5.0000,1439.6000,0.0000
2026-01-01 22:00:00,4.0000,1151.6800,0.0000
2026-01-01 23:00:00,3.0000,863.7600,0.0000
2026-01-02 00:00:00,2.0000,575.8400,0.0000
2026-01-02 01:00:00,2.0000,575.8400,0.0000
2026-01-02 02:00:00,2.0000,575.8400,0.0000
2026-01-02 03:00:00,2.0000,575.8400,0.0000
2026-01-02 04:00:00,2.0000,575.8400,0.0000
2026-01-02 05:00:00,2.0000,575.8400,0.0000
2026-01-02 06:00:00,5.0000,1439.6000,0.0000
2026-01-02 07:00:00,6.0000,1773.9300,46.4100
2026-01-02 08:00:00,5.0000,1764.4700,324.8700
2026-01-02 09:00:00,3.0000,1445.6700,581.9100
2026-01-02 10:00:00,3.0000,1431.3900,567.6300
2026-01-02 11:00:00,3.5000,2064.4400,1056.7200
2026-01-02 12:00:00,4.0000,2533.2700,1381.5900
2026-01-02 13:00:00,3.5000,2546.3900,1538.6700
2026-01-02 14:00:00,3.0000,1927.6200,1063.8600
2026-01-02 15:00:00,3.0000,1099.3800,235.6200
2026-01-02 16:00:00,3.0000,863.7600,0.0000
2026-01-02 17:00:00,5.0000,1439.6000,0.0000
2026-01-02 18:00:00,6.0000,1727.5200,0.0000
2026-01-02 19:00:00,7.0000,2015.4400,0.0000
2026-01-02 20:00:00,6.0000,1727.5200,0.0000
2026-01-02 21:00:00,5.0000,1439.6000,0.0000
2026-01-02 22:00:00,4.0000,1151.6800,0.0000
2026-01-02 23:00:00,3.0000,863.7600,0.0000
2026-01-03 00:00:00,2.0000,575.8400,0.0000
2026-01-03 01:00:00,2.0000,575.8400,0.0000
2026-01-03 02:00:00,2.0000,575.8400,0.0000
2026-01-03 03:00:00,2.0000,575.8400,0.0000
2026-01-03 04:00:00,2.0000,575.8400,0.0000
2026-01-03 05:00:00,2.0000,575.8400,0.0000
2026-01-03 06:00:00,5.0000,1439.6000,0.0000
2026-01-03 07:00:00,6.0000,1813.2000,85.6800
2026-01-03 08:00:00,5.0000,4858.8577,3419.2577
2026-01-03 09:00:00,4.0000,8216.1139,7064.4339
2026-01-03 10:00:00,4.0000,5121.2188,3969.5388
2026-01-03 11:00:00,4.5000,3055.6500,1760.0100
2026-01-03 12:00:00,5.0000,3353.1200,1913.5200
2026-01-03 13:00:00,4.5000,5763.2183,4467.5783
2026-01-03 14:00:00,4.0000,2185.7900,1034.1100
2026-01-03 15:00:00,4.0000,1330.7750,179.0950
2026-01-03 16:00:00,4.0000,1151.6800,0.0000
2026-01-03 17:00:00,6.0000,1727.5200,0.0000
2026-01-03 18:00:00,7.0000,2015.4400,0.0000
2026-01-03 19:00:00,7.5000,2159.4000,0.0000
2026-01-03 20:00:00,7.0000,2015.4400,0.0000
2026-01-03 21:00:00,6.0000,1727.5200,0.0000
2026-01-03 22:00:00,5.0000,1439.6000,0.0000
2026-01-03 23:00:00,4.0000,1151.6800,0.0000
2026-01-04 00:00:00,2.0000,575.8400,0.0000
2026-01-04 01:00:00,2.0000,575.8400,0.0000
2026-01-04 02:00:00,2.0000,575.8400,0.0000
2026-01-04 03:00:00,2.0000,575.8400,0.0000
2026-01-04 04:00:00,2.0000,575.8400,0.0000
2026-01-04 05:00:00,2.0000,575.8400,0.0000
2026-01-04 06:00:00,5.0000,1439.6000,0.0000
2026-01-04 07:00:00,6.0000,1834.6200,107.1000
2026-01-04 08:00:00,5.0000,9857.7528,8418.1528
2026-01-04 09:00:00,4.0000,4051.6905,2900.0105
2026-01-04 10:00:00,4.0000,10852.5946,9700.9146
2026-01-04 11:00:00,4.5000,10139.3923,8843.7523
2026-01-04 12:00:00,5.0000,11289.6180,9850.0180
2026-01-04 13:00:00,4.5000,7586.8602,6291.2202
2026-01-04 14:00:00,4.0000,1867.4650,715.7850
2026-01-04 15:00:00,4.0000,1316.4950,164.8150
2026-01-04 16:00:00,4.0000,1151.6800,0.0000
2026-01-04 17:00:00,6.0000,1727.5200,0.0000
2026-01-04 18:00:00,7.0000,2015.4400,0.0000
2026-01-04 19:00:00,7.5000,2159.4000,0.0000
2026-01-04 20:00:00,7.0000,2015.4400,0.0000
2026-01-04 21:00:00,6.0000,1727.5200,0.0000
2026-01-04 22:00:00,5.0000,1439.6000,0.0000
2026-01-04 23:00:00,4.0000,1151.6800,0.0000
2026-01-05 00:00:00,2.0000,575.8400,0.0000
2026-01-05 01:00:00,2.0000,575.8400,0.0000
2026-01-05 02:00:00,2.0000,575.8400,0.0000
2026-01-05 03:00:00,2.0000,575.8400,0.0000
2026-01-05 04:00:00,2.0000,575.8400,0.0000
2026-01-05 05:00:00,2.0000,575.8400,0.0000
2026-01-05 06:00:00,5.0000,1439.6000,0.0000
2026-01-05 07:00:00,6.0000,1791.7800,64.2600
2026-01-05 08:00:00,5.0000,1928.6900,489.0900
2026-01-05 09:00:00,3.0000,1859.7900,996.0300
2026-01-05 10:00:00,3.0000,2423.8500,1560.0900
2026-01-05 11:00:00,3.5000,3021.2000,2013.4800
2026-01-05 12:00:00,4.0000,2986.6600,1834.9800
2026-01-05 13:00:00,3.5000,2832.9765,1825.2565
2026-01-05 14:00:00,3.0000,2120.9950,1257.2350
2026-01-05 15:00:00,3.0000,1177.9200,314.1600
2026-01-05 16:00:00,3.0000,863.7600,0.0000
2026-01-05 17:00:00,5.0000,1439.6000,0.0000
2026-01-05 18:00:00,6.0000,1727.5200,0.0000
2026-01-05 19:00:00,7.0000,2015.4400,0.0000
2026-01-05 20:00:00,6.0000,1727.5200,0.0000
2026-01-05 21:00:00,5.0000,1439.6000,0.0000
2026-01-05 22:00:00,4.0000,1151.6800,0.0000
2026-01-05 23:00:00,3.0000,863.7600,0.0000
2026-01-06 00:00:00,2.0000,575.8400,0.0000
2026-01-06 01:00:00,2.0000,575.8400,0.0000
2026-01-06 02:00:00,2.0000,575.8400,0.0000
2026-01-06 03:00:00,2.0000,575.8400,0.0000
2026-01-06 04:00:00,2.0000,575.8400,0.0000
2026-01-06 05:00:00,2.0000,575.8400,0.0000
2026-01-06 06:00:00,5.0000,1439.6000,0.0000
2026-01-06 07:00:00,6.0000,1785.2350,57.7150
2026-01-06 08:00:00,5.0000,9190.4140,7750.8140
2026-01-06 09:00:00,3.0000,10825.1885,9961.4285
2026-01-06 10:00:00,3.0000,10008.8182,9145.0582
2026-01-06 11:00:00,3.5000,5464.7538,4457.0338
2026-01-06 12:00:00,4.0000,3963.4042,2811.7242
2026-01-06 13:00:00,3.5000,2792.7200,1785.0000
2026-01-06 14:00:00,3.0000,1888.9450,1025.1850
2026-01-06 15:00:00,3.0000,1056.5400,192.7800
2026-01-06 16:00:00,3.0000,863.7600,0.0000
2026-01-06 17:00:00,5.0000,1439.6000,0.0000
2026-01-06 18:00:00,6.0000,1727.5200,0.0000
2026-01-06 19:00:00,7.0000,2015.4400,0.0000
2026-01-06 20:00:00,6.0000,1727.5200,0.0000
2026-01-06 21:00:00,5.0000,1439.6000,0.0000
2026-01-06 22:00:00,4.0000,1151.6800,0.0000
2026-01-06 23:00:00,3.0000,863.7600,0.0000
2026-01-07 00:00:00,2.0000,575.8400,0.0000
2026-01-07 01:00:00,2.0000,575.8400,0.0000
2026-01-07 02:00:00,2.0000,575.8400,0.0000
2026-01-07 03:00:00,2.0000,575.8400,0.0000
2026-01-07 04:00:00,2.0000,575.8400,0.0000
2026-01-07 05:00:00,2.0000,575.8400,0.0000
2026-01-07 06:00:00,5.0000,1439.6000,0.0000
2026-01-07 07:00:00,6.0000,1791.7800,64.2600
2026-01-07 08:00:00,5.0000,2164.6802,725.0802
2026-01-07 09:00:00,3.0000,2706.8909,1843.1309
2026-01-07 10:00:00,3.0000,3706.2816,2842.5216
2026-01-07 11:00:00,3.5000,8186.3442,7178.6242
2026-01-07 12:00:00,4.0000,11023.7172,9872.0372
2026-01-07 13:00:00,3.5000,11123.7269,10116.0069
2026-01-07 14:00:00,3.0000,10636.5138,9772.7538
2026-01-07 15:00:00,3.0000,1095.2150,231.4550
2026-01-07 16:00:00,3.0000,863.7600,0.0000
2026-01-07 17:00:00,5.0000,1439.6000,0.0000
2026-01-07 18:00:00,6.0000,1727.5200,0.0000
2026-01-07 19:00:00,7.0000,2015.4400,0.0000
2026-01-07 20:00:00,6.0000,1727.5200,0.0000
2026-01-07 21:00:00,5.0000,1439.6000,0.0000
2026-01-07 22:00:00,4.0000,1151.6800,0.0000
2026-01-07 23:00:00,3.0000,863.7600,0.0000
2026-01-08 00:00:00,2.0000,575.8400,0.0000
2026-01-08 01:00:00,2.0000,575.8400,0.0000
2026-01-08 02:00:00,2.0000,575.8400,0.0000
2026-01-08 03:00:00,2.0000,575.8400,0.0000
2026-01-08 04:00:00,2.0000,575.8400,0.0000
2026-01-08 05:00:00,2.0000,575.8400,0.0000
2026-01-08 06:00:00,5.0000,1439.6000,0.0000
2026-01-08 07:00:00,6.0000,1831.6450,104.1250
2026-01-08 08:00:00,5.0000,2132.1800,692.5800
2026-01-08 09:00:00,3.0000,1951.8677,1088.1077
2026-01-08 10:00:00,3.0000,2241.0402,1377.2802
2026-01-08 11:00:00,3.5000,2485.7000,1477.9800
2026-01-08 12:00:00,4.0000,2208.4000,1056.7200
2026-01-08 13:00:00,3.5000,1896.6500,888.9300
2026-01-08 14:00:00,3.0000,1295.7300,431.9700
2026-01-08 15:00:00,3.0000,928.0200,64.2600
2026-01-08 16:00:00,3.0000,863.7600,0.0000
2026-01-08 17:00:00,5.0000,1439.6000,0.0000
2026-01-08 18:00:00,6.0000,1727.5200,0.0000
2026-01-08 19:00:00,7.0000,2015.4400,0.0000
2026-01-08 20:00:00,6.0000,1727.5200,0.0000
2026-01-08 21:00:00,5.0000,1439.6000,0.0000
2026-01-08 22:00:00,4.0000,1151.6800,0.0000
2026-01-08 23:00:00,3.0000,863.7600,0.0000
2026-01-09 00:00:00,2.0000,575.8400,0.0000
2026-01-09 01:00:00,2.0000,575.8400,0.0000
2026-01-09 02:00:00,2.0000,575.8400,0.0000
2026-01-09 03:00:00,2.0000,575.8400,0.0000
2026-01-09 04:00:00,2.0000,575.8400,0.0000
2026-01-09 05:00:00,2.0000,575.8400,0.0000
2026-01-09 06:00:00,5.0000,1439.6000,0.0000
2026-01-09 07:00:00,6.0000,1806.0600,78.5400
2026-01-09 08:00:00,5.0000,2739.1221,1299.5221
2026-01-09 09:00:00,3.0000,10819.4949,9955.7349
2026-01-09 10:00:00,3.0000,10534.1422,9670.3822
2026-01-09 11:00:00,3.5000,3346.1812,2338.4612
2026-01-09 12:00:00,4.0000,3689.4380,2537.7580
2026-01-09 13:00:00,3.5000,6958.1136,5950.3936
2026-01-09 14:00:00,3.0000,1957.8050,1094.0450
2026-01-09 15:00:00,3.0000,1048.8050,185.0450
2026-01-09 16:00:00,3.0000,863.7600,0.0000
2026-01-09 17:00:00,5.0000,1439.6000,0.0000
2026-01-09 18:00:00,6.0000,1727.5200,0.0000
2026-01-09 19:00:00,7.0000,2015.4400,0.0000
2026-01-09 20:00:00,6.0000,1727.5200,0.0000
2026-01-09 21:00:00,5.0000,1439.6000,0.0000
2026-01-09 22:00:00,4.0000,1151.6800,0.0000
2026-01-09 23:00:00,3.0000,863.7600,0.0000
2026-01-10 00:00:00,2.0000,575.8400,0.0000
2026-01-10 01:00:00,2.0000,575.8400,0.0000
2026-01-10 02:00:00,2.0000,575.8400,0.0000
2026-01-10 03:00:00,2.0000,575.8400,0.0000
2026-01-10 04:00:00,2.0000,575.8400,0.0000
2026-01-10 05:00:00,2.0000,575.8400,0.0000
2026-01-10 06:00:00,5.0000,1439.6000,0.0000
2026-01-10 07:00:00,6.0000,1802.4900,74.9700
2026-01-10 08:00:00,5.0000,2303.5400,863.9400
2026-01-10 09:00:00,4.0000,2558.2600,1406.5800
2026-01-10 10:00:00,4.0000,2369.0500,1217.3700
2026-01-10 11:00:00,4.5000,2502.3000,1206.6600
2026-01-10 12:00:00,5.0000,2956.8500,1517.2500
2026-01-10 13:00:00,4.5000,2195.2800,899.6400
2026-01-10 14:00:00,4.0000,1940.6500,788.9700
2026-01-10 15:00:00,4.0000,1301.6200,149.9400
2026-01-10 16:00:00,4.0000,1151.6800,0.0000
2026-01-10 17:00:00,6.0000,1727.5200,0.0000
2026-01-10 18:00:00,7.0000,2015.4400,0.0000
2026-01-10 19:00:00,7.5000,2159.4000,0.0000
2026-01-10 20:00:00,7.0000,2015.4400,0.0000
2026-01-10 21:00:00,6.0000,1727.5200,0.0000
2026-01-10 22:00:00,5.0000,1439.6000,0.0000
2026-01-10 23:00:00,4.0000,1151.6800,0.0000
2026-01-11 00:00:00,2.0000,575.8400,0.0000
2026-01-11 01:00:00,2.0000,575.8400,0.0000
2026-01-11 02:00:00,2.0000,575.8400,0.0000
2026-01-11 03:00:00,2.0000,575.8400,0.0000
2026-01-11 04:00:00,2.0000,575.8400,0.0000
2026-01-11 05:00:00,2.0000,575.8400,0.0000
2026-01-11 06:00:00,5.0000,1439.6000,0.0000
2026-01-11 07:00:00,6.0000,1748.9400,21.4200
2026-01-11 08:00:00,5.0000,1793.0300,353.4300
2026-01-11 09:00:00,4.0000,2623.9166,1472.2366
2026-01-11 10:00:00,4.0000,3073.0344,1921.3544
2026-01-11 11:00:00,4.5000,6915.4300,5619.7900
2026-01-11 12:00:00,5.0000,6743.9118,5304.3118
2026-01-11 13:00:00,4.5000,10103.3445,8807.7045
2026-01-11 14:00:00,4.0000,11173.4617,10021.7817
2026-01-11 15:00:00,4.0000,1439.6600,287.9800
2026-01-11 16:00:00,4.0000,1151.6800,0.0000
2026-01-11 17:00:00,6.0000,1727.5200,0.0000
2026-01-11 18:00:00,7.0000,2015.4400,0.0000
2026-01-11 19:00:00,7.5000,2159.4000,0.0000
2026-01-11 20:00:00,7.0000,2015.4400,0.0000
2026-01-11 21:00:00,6.0000,1727.5200,0.0000
2026-01-11 22:00:00,5.0000,1439.6000,0.0000
2026-01-11 23:00:00,4.0000,1151.6800,0.0000
2026-01-12 00:00:00,2.0000,575.8400,0.0000
2026-01-12 01:00:00,2.0000,575.8400,0.0000
2026-01-12 02:00:00,2.0000,575.8400,0.0000
2026-01-12 03:00:00,2.0000,575.8400,0.0000
2026-01-12 04:00:00,2.0000,575.8400,0.0000
2026-01-12 05:00:00,2.0000,575.8400,0.0000
2026-01-12 06:00:00,5.0000,1439.6000,0.0000
2026-01-12 07:00:00,6.0000,1752.5100,24.9900
2026-01-12 08:00:00,5.0000,1892.9900,453.3900
2026-01-12 09:00:00,3.0000,2156.1000,1292.3400
2026-01-12 10:00:00,3.0000,2801.2322,1937.4722
2026-01-12 11:00:00,3.5000,2511.5762,1503.8562
2026-01-12 12:00:00,4.0000,2776.0300,1624.3500
2026-01-12 13:00:00,3.5000,2459.6178,1451.8978
2026-01-12 14:00:00,3.0000,2389.3220,1525.5620
2026-01-12 15:00:00,3.0000,1131.5100,267.7500
2026-01-12 16:00:00,3.0000,863.7600,0.0000
2026-01-12 17:00:00,5.0000,1439.6000,0.0000
2026-01-12 18:00:00,6.0000,1727.5200,0.0000
2026-01-12 19:00:00,7.0000,2015.4400,0.0000
2026-01-12 20:00:00,6.0000,1727.5200,0.0000
2026-01-12 21:00:00,5.0000,1439.6000,0.0000
2026-01-12 22:00:00,4.0000,1151.6800,0.0000
2026-01-12 23:00:00,3.0000,863.7600,0.0000
2026-01-13 00:00:00,2.0000,575.8400,0.0000
2026-01-13 01:00:00,2.0000,575.8400,0.0000
2026-01-13 02:00:00,2.0000,575.8400,0.0000
2026-01-13 03:00:00,2.0000,575.8400,0.0000
2026-01-13 04:00:00,2.0000,575.8400,0.0000
2026-01-13 05:00:00,2.0000,575.8400,0.0000
2026-01-13 06:00:00,5.0000,1439.6000,0.0000
2026-01-13 07:00:00,6.0000,1909.5900,182.0700
2026-01-13 08:00:00,5.0000,2410.6400,971.0400
2026-01-13 09:00:00,3.0000,4720.0365,3856.2765
2026-01-13 10:00:00,3.0000,3030.5453,2166.7853
2026-01-13 11:00:00,3.5000,5647.1308,4639.4108
2026-01-13 12:00:00,4.0000,8373.7202,7222.0402
2026-01-13 13:00:00,3.5000,6134.9653,5127.2453
2026-01-13 14:00:00,3.0000,5876.0010,5012.2410
2026-01-13 15:00:00,3.0000,1279.0700,415.3100
2026-01-13 16:00:00,3.0000,863.7600,0.0000
2026-01-13 17:00:00,5.0000,1439.6000,0.0000
2026-01-13 18:00:00,6.0000,1727.5200,0.0000
2026-01-13 19:00:00,7.0000,2015.4400,0.0000
2026-01-13 20:00:00,6.0000,1727.5200,0.0000
2026-01-13 21:00:00,5.0000,1439.6000,0.0000
2026-01-13 22:00:00,4.0000,1151.6800,0.0000
2026-01-13 23:00:00,3.0000,863.7600,0.0000
2026-01-14 00:00:00,2.0000,575.8400,0.0000
2026-01-14 01:00:00,2.0000,575.8400,0.0000
2026-01-14 02:00:00,2.0000,575.8400,0.0000
2026-01-14 03:00:00,2.0000,575.8400,0.0000
2026-01-14 04:00:00,2.0000,575.8400,0.0000
2026-01-14 05:00:00,2.0000,575.8400,0.0000
2026-01-14 06:00:00,5.0000,1439.6000,0.0000
2026-01-14 07:00:00,6.0000,1939.3400,211.8200
2026-01-14 08:00:00,5.0000,3868.9881,2429.3881
2026-01-14 09:00:00,3.0000,3589.7023,2725.9423
2026-01-14 10:00:00,3.0000,6584.1291,5720.3691
2026-01-14 11:00:00,3.5000,7143.1930,6135.4730
2026-01-14 12:00:00,4.0000,8835.3758,7683.6958
2026-01-14 13:00:00,3.5000,8651.5919,7643.8719
2026-01-14 14:00:00,3.0000,3671.6988,2807.9388
2026-01-14 15:00:00,3.0000,1236.8250,373.0650
2026-01-14 16:00:00,3.0000,863.7600,0.0000
2026-01-14 17:00:00,5.0000,1439.6000,0.0000
2026-01-14 18:00:00,6.0000,1727.5200,0.0000
2026-01-14 19:00:00,7.0000,2015.4400,0.0000
2026-01-14 20:00:00,6.0000,1727.5200,0.0000
2026-01-14 21:00:00,5.0000,1439.6000,0.0000
2026-01-14 22:00:00,4.0000,1151.6800,0.0000
2026-01-14 23:00:00,3.0000,863.7600,0.0000
2026-01-15 00:00:00,2.0000,575.8400,0.0000
2026-01-15 01:00:00,2.0000,575.8400,0.0000
2026-01-15 02:00:00,2.0000,575.8400,0.0000
2026-01-15 03:00:00,2.0000,575.8400,0.0000
2026-01-15 04:00:00,2.0000,575.8400,0.0000
2026-01-15 05:00:00,2.0000,575.8400,0.0000
2026-01-15 06:00:00,5.0000,1439.6000,0.0000
2026-01-15 07:00:00,6.0000,1816.7700,89.2500
2026-01-15 08:00:00,5.0000,3028.1266,1588.5266
2026-01-15 09:00:00,3.0000,7108.3749,6244.6149
2026-01-15 10:00:00,3.0000,9990.1571,9126.3971
2026-01-15 11:00:00,3.5000,9747.7580,8740.0380
2026-01-15 12:00:00,4.0000,10778.8399,9627.1599
2026-01-15 13:00:00,3.5000,11038.4727,10030.7527
2026-01-15 14:00:00,3.0000,9720.0224,8856.2624
2026-01-15 15:00:00,3.0000,1207.0750,343.3150
2026-01-15 16:00:00,3.0000,863.7600,0.0000
2026-01-15 17:00:00,5.0000,1439.6000,0.0000
2026-01-15 18:00:00,6.0000,1727.5200,0.0000
2026-01-15 19:00:00,7.0000,2015.4400,0.0000
2026-01-15 20:00:00,6.0000,1727.5200,0.0000
2026-01-15 21:00:00,5.0000,1439.6000,0.0000
2026-01-15 22:00:00,4.0000,1151.6800,0.0000
2026-01-15 23:00:00,3.0000,863.7600,0.0000
2026-01-16 00:00:00,2.0000,575.8400,0.0000
2026-01-16 01:00:00,2.0000,575.8400,0.0000
2026-01-16 02:00:00,2.0000,575.8400,0.0000
2026-01-16 03:00:00,2.0000,575.8400,0.0000
2026-01-16 04:00:00,2.0000,575.8400,0.0000
2026-01-16 05:00:00,2.0000,575.8400,0.0000
2026-01-16 06:00:00,5.0000,1439.6000,0.0000
2026-01-16 07:00:00,6.0000,1870.3200,142.8000
2026-01-16 08:00:00,5.0000,11088.9062,9649.3062
2026-01-16 09:00:00,3.0000,10798.5921,9934.8321
2026-01-16 10:00:00,3.0000,10490.6976,9626.9376
2026-01-16 11:00:00,3.5000,9895.9262,8888.2062
2026-01-16 12:00:00,4.0000,10123.6625,8971.9825
2026-01-16 13:00:00,3.5000,5452.4212,4444.7012
2026-01-16 14:00:00,3.0000,5512.9274,4649.1674
2026-01-16 15:00:00,3.0000,1509.9300,646.1700
2026-01-16 16:00:00,3.0000,870.9000,7.1400
2026-01-16 17:00:00,5.0000,1439.6000,0.0000
2026-01-16 18:00:00,6.0000,1727.5200,0.0000
2026-01-16 19:00:00,7.0000,2015.4400,0.0000
2026-01-16 20:00:00,6.0000,1727.5200,0.0000
2026-01-16 21:00:00,5.0000,1439.6000,0.0000
2026-01-16 22:00:00,4.0000,1151.6800,0.0000
2026-01-16 23:00:00,3.0000,863.7600,0.0000
2026-01-17 00:00:00,2.0000,575.8400,0.0000
2026-01-17 01:00:00,2.0000,575.8400,0.0000
2026-01-17 02:00:00,2.0000,575.8400,0.0000
2026-01-17 03:00:00,2.0000,575.8400,0.0000
2026-01-17 04:00:00,2.0000,575.8400,0.0000
2026-01-17 05:00:00,2.0000,575.8400,0.0000
2026-01-17 06:00:00,5.0000,1439.6000,0.0000
2026-01-17 07:00:00,6.0000,1908.4000,180.8800
2026-01-17 08:00:00,5.0000,4229.1591,2789.5591
2026-01-17 09:00:00,4.0000,7312.8436,6161.1636
2026-01-17 10:00:00,4.0000,10221.5410,9069.8610
2026-01-17 11:00:00,4.5000,9765.2264,8469.5864
2026-01-17 12:00:00,5.0000,10393.0275,8953.4275
2026-01-17 13:00:00,4.5000,10856.4437,9560.8037
2026-01-17 14:00:00,4.0000,7903.5350,6751.8550
2026-01-17 15:00:00,4.0000,1512.2500,360.5700
2026-01-17 16:00:00,4.0000,1151.6800,0.0000
2026-01-17 17:00:00,6.0000,1727.5200,0.0000
2026-01-17 18:00:00,7.0000,2015.4400,0.0000
2026-01-17 19:00:00,7.5000,2159.4000,0.0000
2026-01-17 20:00:00,7.0000,2015.4400,0.0000
2026-01-17 21:00:00,6.0000,1727.5200,0.0000
2026-01-17 22:00:00,5.0000,1439.6000,0.0000
2026-01-17 23:00:00,4.0000,1151.6800,0.0000
2026-01-18 00:00:00,2.0000,575.8400,0.0000
2026-01-18 01:00:00,2.0000,575.8400,0.0000
2026-01-18 02:00:00,2.0000,575.8400,0.0000
2026-01-18 03:00:00,2.0000,575.8400,0.0000
2026-01-18 04:00:00,2.0000,575.8400,0.0000
2026-01-18 05:00:00,2.0000,575.8400,0.0000
2026-01-18 06:00:00,5.0000,1439.6000,0.0000
2026-01-18 07:00:00,6.0000,1938.1500,210.6300
2026-01-18 08:00:00,5.0000,8549.9211,7110.3211
2026-01-18 09:00:00,4.0000,10173.1585,9021.4785
2026-01-18 10:00:00,4.0000,10635.8094,9484.1294
2026-01-18 11:00:00,4.5000,10092.1971,8796.5571
2026-01-18 12:00:00,5.0000,11222.2812,9782.6812
2026-01-18 13:00:00,4.5000,11305.4079,10009.7679
2026-01-18 14:00:00,4.0000,10208.6933,9057.0133
2026-01-18 15:00:00,4.0000,1486.6650,334.9850
2026-01-18 16:00:00,4.0000,1155.2500,3.5700
2026-01-18 17:00:00,6.0000,1727.5200,0.0000
2026-01-18 18:00:00,7.0000,2015.4400,0.0000
2026-01-18 19:00:00,7.5000,2159.4000,0.0000
2026-01-18 20:00:00,7.0000,2015.4400,0.0000
2026-01-18 21:00:00,6.0000,1727.5200,0.0000
2026-01-18 22:00:00,5.0000,1439.6000,0.0000
2026-01-18 23:00:00,4.0000,1151.6800,0.0000
2026-01-19 00:00:00,2.0000,575.8400,0.0000
2026-01-19 01:00:00,2.0000,575.8400,0.0000
2026-01-19 02:00:00,2.0000,575.8400,0.0000
2026-01-19 03:00:00,2.0000,575.8400,0.0000
2026-01-19 04:00:00,2.0000,575.8400,0.0000
2026-01-19 05:00:00,2.0000,575.8400,0.0000
2026-01-19 06:00:00,5.0000,1439.6000,0.0000
2026-01-19 07:00:00,6.0000,2013.7150,286.1950
2026-01-19 08:00:00,5.0000,4812.1116,3372.5116
2026-01-19 09:00:00,3.0000,10112.7411,9248.9811
2026-01-19 10:00:00,3.0000,10407.4491,9543.6891
2026-01-19 11:00:00,3.5000,9733.7769,8726.0569
2026-01-19 12:00:00,4.0000,10813.7147,9662.0347
2026-01-19 13:00:00,3.5000,10674.9050,9667.1850
2026-01-19 14:00:00,3.0000,9929.8007,9066.0407
2026-01-19 15:00:00,3.0000,1319.5300,455.7700
2026-01-19 16:00:00,3.0000,870.9000,7.1400
2026-01-19 17:00:00,5.0000,1439.6000,0.0000
2026-01-19 18:00:00,6.0000,1727.5200,0.0000
2026-01-19 19:00:00,7.0000,2015.4400,0.0000
2026-01-19 20:00:00,6.0000,1727.5200,0.0000
2026-01-19 21:00:00,5.0000,1439.6000,0.0000
2026-01-19 22:00:00,4.0000,1151.6800,0.0000
2026-01-19 23:00:00,3.0000,863.7600,0.0000
2026-01-20 00:00:00,2.0000,575.8400,0.0000
2026-01-20 01:00:00,2.0000,575.8400,0.0000
2026-01-20 02:00:00,2.0000,575.8400,0.0000
2026-01-20 03:00:00,2.0000,575.8400,0.0000
2026-01-20 04:00:00,2.0000,575.8400,0.0000
2026-01-20 05:00:00,2.0000,575.8400,0.0000
2026-01-20 06:00:00,5.0000,1439.6000,0.0000
2026-01-20 07:00:00,6.0000,1916.1350,188.6150
2026-01-20 08:00:00,5.0000,10910.8081,9471.2081
2026-01-20 09:00:00,3.0000,10853.6678,9989.9078
2026-01-20 10:00:00,3.0000,10542.9697,9679.2097
2026-01-20 11:00:00,3.5000,9787.8736,8780.1536
2026-01-20 12:00:00,4.0000,10859.1935,9707.5135
2026-01-20 13:00:00,3.5000,11125.1279,10117.4079
2026-01-20 14:00:00,3.0000,10739.1331,9875.3731
2026-01-20 15:00:00,3.0000,1268.9550,405.1950
2026-01-20 16:00:00,3.0000,867.3300,3.5700
2026-01-20 17:00:00,5.0000,1439.6000,0.0000
2026-01-20 18:00:00,6.0000,1727.5200,0.0000
2026-01-20 19:00:00,7.0000,2015.4400,0.0000
2026-01-20 20:00:00,6.0000,1727.5200,0.0000
2026-01-20 21:00:00,5.0000,1439.6000,0.0000
2026-01-20 22:00:00,4.0000,1151.6800,0.0000
2026-01-20 23:00:00,3.0000,863.7600,0.0000
2026-01-21 00:00:00,2.0000,575.8400,0.0000
2026-01-21 01:00:00,2.0000,575.8400,0.0000
2026-01-21 02:00:00,2.0000,575.8400,0.0000
2026-01-21 03:00:00,2.0000,575.8400,0.0000
2026-01-21 04:00:00,2.0000,575.8400,0.0000
2026-01-21 05:00:00,2.0000,575.8400,0.0000
2026-01-21 06:00:00,5.0000,1439.6000,0.0000
2026-01-21 07:00:00,6.0000,1933.9850,206.4650
2026-01-21 08:00:00,5.0000,10421.2789,8981.6789
2026-01-21 09:00:00,3.0000,10911.8106,10048.0506
2026-01-21 10:00:00,3.0000,10602.1128,9738.3528
2026-01-21 11:00:00,3.5000,9832.2802,8824.5602
2026-01-21 12:00:00,4.0000,10884.7600,9733.0800
2026-01-21 13:00:00,3.5000,11137.7292,10130.0092
2026-01-21 14:00:00,3.0000,10744.7858,9881.0258
2026-01-21 15:00:00,3.0000,1274.9050,411.1450
2026-01-21 16:00:00,3.0000,870.9000,7.1400
2026-01-21 17:00:00,5.0000,1439.6000,0.0000
2026-01-21 18:00:00,6.0000,1727.5200,0.0000
2026-01-21 19:00:00,7.0000,2015.4400,0.0000
2026-01-21 20:00:00,6.0000,1727.5200,0.0000
2026-01-21 21:00:00,5.0000,1439.6000,0.0000
2026-01-21 22:00:00,4.0000,1151.6800,0.0000
2026-01-21 23:00:00,3.0000,863.7600,0.0000
2026-01-22 00:00:00,2.0000,575.8400,0.0000
2026-01-22 01:00:00,2.0000,575.8400,0.0000
2026-01-22 02:00:00,2.0000,575.8400,0.0000
2026-01-22 03:00:00,2.0000,575.8400,0.0000
2026-01-22 04:00:00,2.0000,575.8400,0.0000
2026-01-22 05:00:00,2.0000,575.8400,0.0000
2026-01-22 06:00:00,5.0000,1439.6000,0.0000
2026-01-22 07:00:00,6.0000,2025.0200,297.5000
2026-01-22 08:00:00,5.0000,8582.9335,7143.3335
2026-01-22 09:00:00,3.0000,7228.1083,6364.3483
2026-01-22 10:00:00,3.0000,9098.9748,8235.2148
2026-01-22 11:00:00,3.5000,9762.6545,8754.9345
2026-01-22 12:00:00,4.0000,10403.4093,9251.7293
2026-01-22 13:00:00,3.5000,6672.0005,5664.2805
2026-01-22 14:00:00,3.0000,4631.0653,3767.3053
2026-01-22 15:00:00,3.0000,1483.1550,619.3950
2026-01-22 16:00:00,3.0000,885.1800,21.4200
2026-01-22 17:00:00,5.0000,1439.6000,0.0000
2026-01-22 18:00:00,6.0000,1727.5200,0.0000
2026-01-22 19:00:00,7.0000,2015.4400,0.0000
2026-01-22 20:00:00,6.0000,1727.5200,0.0000
2026-01-22 21:00:00,5.0000,1439.6000,0.0000
2026-01-22 22:00:00,4.0000,1151.6800,0.0000
2026-01-22 23:00:00,3.0000,863.7600,0.0000
2026-01-23 00:00:00,2.0000,575.8400,0.0000
2026-01-23 01:00:00,2.0000,575.8400,0.0000
2026-01-23 02:00:00,2.0000,575.8400,0.0000
2026-01-23 03:00:00,2.0000,575.8400,0.0000
2026-01-23 04:00:00,2.0000,575.8400,0.0000
2026-01-23 05:00:00,2.0000,575.8400,0.0000
2026-01-23 06:00:00,5.0000,1439.6000,0.0000
2026-01-23 07:00:00,6.0000,1877.4600,149.9400
2026-01-23 08:00:00,5.0000,4910.3859,3470.7859
2026-01-23 09:00:00,3.0000,10891.9591,10028.1991
2026-01-23 10:00:00,3.0000,10592.3837,9728.6237
2026-01-23 11:00:00,3.5000,9884.9310,8877.2110
2026-01-23 12:00:00,4.0000,10852.0747,9700.3947
2026-01-23 13:00:00,3.5000,9939.6037,8931.8837
2026-01-23 14:00:00,3.0000,2620.0618,1756.3018
2026-01-23 15:00:00,3.0000,1496.8400,633.0800
2026-01-23 16:00:00,3.0000,888.7500,24.9900
2026-01-23 17:00:00,5.0000,1439.6000,0.0000
2026-01-23 18:00:00,6.0000,1727.5200,0.0000
2026-01-23 19:00:00,7.0000,2015.4400,0.0000
2026-01-23 20:00:00,6.0000,1727.5200,0.0000
2026-01-23 21:00:00,5.0000,1439.6000,0.0000
2026-01-23 22:00:00,4.0000,1151.6800,0.0000
2026-01-23 23:00:00,3.0000,863.7600,0.0000
2026-01-24 00:00:00,2.0000,575.8400,0.0000
2026-01-24 01:00:00,2.0000,575.8400,0.0000
2026-01-24 02:00:00,2.0000,575.8400,0.0000
2026-01-24 03:00:00,2.0000,575.8400,0.0000
2026-01-24 04:00:00,2.0000,575.8400,0.0000
2026-01-24 05:00:00,2.0000,575.8400,0.0000
2026-01-24 06:00:00,5.0000,1439.6000,0.0000
2026-01-24 07:00:00,6.0000,1920.3000,192.7800
2026-01-24 08:00:00,5.0000,2271.4100,831.8100
2026-01-24 09:00:00,4.0000,4038.6598,2886.9798
2026-01-24 10:00:00,4.0000,7390.0828,6238.4028
2026-01-24 11:00:00,4.5000,5687.5135,4391.8735
2026-01-24 12:00:00,5.0000,7203.8913,5764.2913
2026-01-24 13:00:00,4.5000,8293.9975,6998.3575
2026-01-24 14:00:00,4.0000,10413.2522,9261.5722
2026-01-24 15:00:00,4.0000,1675.2800,523.6000
2026-01-24 16:00:00,4.0000,1165.9600,14.2800
2026-01-24 17:00:00,6.0000,1727.5200,0.0000
2026-01-24 18:00:00,7.0000,2015.4400,0.0000
2026-01-24 19:00:00,7.5000,2159.4000,0.0000
2026-01-24 20:00:00,7.0000,2015.4400,0.0000
2026-01-24 21:00:00,6.0000,1727.5200,0.0000
2026-01-24 22:00:00,5.0000,1439.6000,0.0000
2026-01-24 23:00:00,4.0000,1151.6800,0.0000
2026-01-25 00:00:00,2.0000,575.8400,0.0000
2026-01-25 01:00:00,2.0000,575.8400,0.0000
2026-01-25 02:00:00,2.0000,575.8400,0.0000
2026-01-25 03:00:00,2.0000,575.8400,0.0000
2026-01-25 04:00:00,2.0000,575.8400,0.0000
2026-01-25 05:00:00,2.0000,575.8400,0.0000
2026-01-25 06:00:00,5.0000,1439.6000,0.0000
2026-01-25 07:00:00,6.0000,1838.1900,110.6700
2026-01-25 08:00:00,5.0000,2042.9300,603.3300
2026-01-25 09:00:00,4.0000,1976.3500,824.6700
2026-01-25 10:00:00,4.0000,2390.4700,1238.7900
2026-01-25 11:00:00,4.5000,2887.8600,1592.2200
2026-01-25 12:00:00,5.0000,2849.7500,1410.1500
2026-01-25 13:00:00,4.5000,2045.3400,749.7000
2026-01-25 14:00:00,4.0000,1469.4100,317.7300
2026-01-25 15:00:00,4.0000,1251.6400,99.9600
2026-01-25 16:00:00,4.0000,1151.6800,0.0000
2026-01-25 17:00:00,6.0000,1727.5200,0.0000
2026-01-25 18:00:00,7.0000,2015.4400,0.0000
2026-01-25 19:00:00,7.5000,2159.4000,0.0000
2026-01-25 20:00:00,7.0000,2015.4400,0.0000
2026-01-25 21:00:00,6.0000,1727.5200,0.0000
2026-01-25 22:00:00,5.0000,1439.6000,0.0000
2026-01-25 23:00:00,4.0000,1151.6800,0.0000
2026-01-26 00:00:00,2.0000,575.8400,0.0000
2026-01-26 01:00:00,2.0000,575.8400,0.0000
2026-01-26 02:00:00,2.0000,575.8400,0.0000
2026-01-26 03:00:00,2.0000,575.8400,0.0000
2026-01-26 04:00:00,2.0000,575.8400,0.0000
2026-01-26 05:00:00,2.0000,575.8400,0.0000
2026-01-26 06:00:00,5.0000,1439.6000,0.0000
2026-01-26 07:00:00,6.0000,1873.8900,146.3700
2026-01-26 08:00:00,5.0000,2100.0500,660.4500
2026-01-26 09:00:00,3.0000,2066.8500,1203.0900
2026-01-26 10:00:00,3.0000,3521.2839,2657.5239
2026-01-26 11:00:00,3.5000,4442.8538,3435.1338
2026-01-26 12:00:00,4.0000,2961.6700,1809.9900
2026-01-26 13:00:00,3.5000,2032.3100,1024.5900
2026-01-26 14:00:00,3.0000,1997.6579,1133.8979
2026-01-26 15:00:00,3.0000,1381.4100,517.6500
2026-01-26 16:00:00,3.0000,863.7600,0.0000
2026-01-26 17:00:00,5.0000,1439.6000,0.0000
2026-01-26 18:00:00,6.0000,1727.5200,0.0000
2026-01-26 19:00:00,7.0000,2015.4400,0.0000
2026-01-26 20:00:00,6.0000,1727.5200,0.0000
2026-01-26 21:00:00,5.0000,1439.6000,0.0000
2026-01-26 22:00:00,4.0000,1151.6800,0.0000
2026-01-26 23:00:00,3.0000,863.7600,0.0000
2026-01-27 00:00:00,2.0000,575.8400,0.0000
2026-01-27 01:00:00,2.0000,575.8400,0.0000
2026-01-27 02:00:00,2.0000,575.8400,0.0000
2026-01-27 03:00:00,2.0000,575.8400,0.0000
2026-01-27 04:00:00,2.0000,575.8400,0.0000
2026-01-27 05:00:00,2.0000,575.8400,0.0000
2026-01-27 06:00:00,5.0000,1439.6000,0.0000
2026-01-27 07:00:00,6.0000,1997.6500,270.1300
2026-01-27 08:00:00,5.0000,11102.5828,9662.9828
2026-01-27 09:00:00,3.0000,10906.6421,10042.8821
2026-01-27 10:00:00,3.0000,10596.3856,9732.6256
2026-01-27 11:00:00,3.5000,9751.0584,8743.3384
2026-01-27 12:00:00,4.0000,8286.7263,7135.0463
2026-01-27 13:00:00,3.5000,6687.4788,5679.7588
2026-01-27 14:00:00,3.0000,2129.3294,1265.5694
2026-01-27 15:00:00,3.0000,1202.9100,339.1500
2026-01-27 16:00:00,3.0000,870.9000,7.1400
2026-01-27 17:00:00,5.0000,1439.6000,0.0000
2026-01-27 18:00:00,6.0000,1727.5200,0.0000
2026-01-27 19:00:00,7.0000,2015.4400,0.0000
2026-01-27 20:00:00,6.0000,1727.5200,0.0000
2026-01-27 21:00:00,5.0000,1439.6000,0.0000
2026-01-27 22:00:00,4.0000,1151.6800,0.0000
2026-01-27 23:00:00,3.0000,863.7600,0.0000
2026-01-28 00:00:00,2.0000,575.8400,0.0000
2026-01-28 01:00:00,2.0000,575.8400,0.0000
2026-01-28 02:00:00,2.0000,575.8400,0.0000
2026-01-28 03:00:00,2.0000,575.8400,0.0000
2026-01-28 04:00:00,2.0000,575.8400,0.0000
2026-01-28 05:00:00,2.0000,575.8400,0.0000
2026-01-28 06:00:00,5.0000,1439.6000,0.0000
2026-01-28 07:00:00,6.0000,1899.4750,171.9550
2026-01-28 08:00:00,5.0000,5803.4586,4363.8586
2026-01-28 09:00:00,3.0000,2504.1413,1640.3813
2026-01-28 10:00:00,3.0000,2370.3000,1506.5400
2026-01-28 11:00:00,3.5000,1943.0600,935.3400
2026-01-28 12:00:00,4.0000,1626.4900,474.8100
2026-01-28 13:00:00,3.5000,1553.9300,546.2100
2026-01-28 14:00:00,3.0000,1770.5400,906.7800
2026-01-28 15:00:00,3.0000,1192.2000,328.4400
2026-01-28 16:00:00,3.0000,878.0400,14.2800
2026-01-28 17:00:00,5.0000,1439.6000,0.0000
2026-01-28 18:00:00,6.0000,1727.5200,0.0000
2026-01-28 19:00:00,7.0000,2015.4400,0.0000
2026-01-28 20:00:00,6.0000,1727.5200,0.0000
2026-01-28 21:00:00,5.0000,1439.6000,0.0000
2026-01-28 22:00:00,4.0000,1151.6800,0.0000
2026-01-28 23:00:00,3.0000,863.7600,0.0000
2026-01-29 00:00:00,2.0000,575.8400,0.0000
2026-01-29 01:00:00,2.0000,575.8400,0.0000
2026-01-29 02:00:00,2.0000,575.8400,0.0000
2026-01-29 03:00:00,2.0000,575.8400,0.0000
2026-01-29 04:00:00,2.0000,575.8400,0.0000
2026-01-29 05:00:00,2.0000,575.8400,0.0000
2026-01-29 06:00:00,5.0000,1439.6000,0.0000
2026-01-29 07:00:00,6.0000,1938.1500,210.6300
2026-01-29 08:00:00,5.0000,2731.9400,1292.3400
2026-01-29 09:00:00,3.0000,3479.6585,2615.8985
2026-01-29 10:00:00,3.0000,4886.1131,4022.3531
2026-01-29 11:00:00,3.5000,3615.8940,2608.1740
2026-01-29 12:00:00,4.0000,3330.0474,2178.3674
2026-01-29 13:00:00,3.5000,2375.0300,1367.3100
2026-01-29 14:00:00,3.0000,1888.3500,1024.5900
2026-01-29 15:00:00,3.0000,1325.4800,461.7200
2026-01-29 16:00:00,3.0000,910.1700,46.4100
2026-01-29 17:00:00,5.0000,1439.6000,0.0000
2026-01-29 18:00:00,6.0000,1727.5200,0.0000
2026-01-29 19:00:00,7.0000,2015.4400,0.0000
2026-01-29 20:00:00,6.0000,1727.5200,0.0000
2026-01-29 21:00:00,5.0000,1439.6000,0.0000
2026-01-29 22:00:00,4.0000,1151.6800,0.0000
2026-01-29 23:00:00,3.0000,863.7600,0.0000
2026-01-30 00:00:00,2.0000,575.8400,0.0000
2026-01-30 01:00:00,2.0000,575.8400,0.0000
2026-01-30 02:00:00,2.0000,575.8400,0.0000
2026-01-30 03:00:00,2.0000,575.8400,0.0000
2026-01-30 04:00:00,2.0000,575.8400,0.0000
2026-01-30 05:00:00,2.0000,575.8400,0.0000
2026-01-30 06:00:00,5.0000,1439.6000,0.0000
2026-01-30 07:00:00,6.0000,2056.5550,329.0350
2026-01-30 08:00:00,5.0000,11128.5455,9688.9455
2026-01-30 09:00:00,3.0000,10866.5839,10002.8239
2026-01-30 10:00:00,3.0000,10557.8851,9694.1251
2026-01-30 11:00:00,3.5000,9821.7946,8814.0746
2026-01-30 12:00:00,4.0000,8030.9092,6879.2292
2026-01-30 13:00:00,3.5000,5453.3547,4445.6347
2026-01-30 14:00:00,3.0000,2593.4646,1729.7046
2026-01-30 15:00:00,3.0000,1220.7600,357.0000
2026-01-30 16:00:00,3.0000,870.9000,7.1400
2026-01-30 17:00:00,5.0000,1439.6000,0.0000
2026-01-30 18:00:00,6.0000,1727.5200,0.0000
2026-01-30 19:00:00,7.0000,2015.4400,0.0000
2026-01-30 20:00:00,6.0000,1727.5200,0.0000
2026-01-30 21:00:00,5.0000,1439.6000,0.0000
2026-01-30 22:00:00,4.0000,1151.6800,0.0000
2026-01-30 23:00:00,3.0000,863.7600,0.0000
2026-01-31 00:00:00,2.0000,575.8400,0.0000
2026-01-31 01:00:00,2.0000,575.8400,0.0000
2026-01-31 02:00:00,2.0000,575.8400,0.0000
2026-01-31 03:00:00,2.0000,575.8400,0.0000
2026-01-31 04:00:00,2.0000,575.8400,0.0000
2026-01-31 05:00:00,2.0000,575.8400,0.0000
2026-01-31 06:00:00,5.0000,1443.1700,3.5700
2026-01-31 07:00:00,6.0000,2127.9550,400.4350
2026-01-31 08:00:00,5.0000,8533.8727,7094.2727
2026-01-31 09:00:00,4.0000,10659.6045,9507.9245
2026-01-31 10:00:00,4.0000,10976.1910,9824.5110
2026-01-31 11:00:00,4.5000,9404.9919,8109.3519
2026-01-31 12:00:00,5.0000,9976.7481,8537.1481
2026-01-31 13:00:00,4.5000,11979.0359,10683.3959
2026-01-31 14:00:00,4.0000,8960.3456,7808.6656
2026-01-31 15:00:00,4.0000,1683.6100,531.9300
2026-01-31 16:00:00,4.0000,1165.9600,14.2800
2026-01-31 17:00:00,6.0000,1727.5200,0.0000
2026-01-31 18:00:00,7.0000,2015.4400,0.0000
2026-01-31 19:00:00,7.5000,2159.4000,0.0000
2026-01-31 20:00:00,7.0000,2015.4400,0.0000
2026-01-31 21:00:00,6.0000,1727.5200,0.0000
2026-01-31 22:00:00,5.0000,1439.6000,0.0000
2026-01-31 23:00:00,4.0000,1151.6800,0.0000
2026-02-01 00:00:00,2.0000,575.8400,0.0000
2026-02-01 01:00:00,2.0000,575.8400,0.0000
2026-02-01 02:00:00,2.0000,575.8400,0.0000
2026-02-01 03:00:00,2.0000,575.8400,0.0000
2026-02-01 04:00:00,2.0000,575.8400,0.0000
2026-02-01 05:00:00,2.0000,575.8400,0.0000
2026-02-01 06:00:00,5.0000,1439.6000,0.0000
2026-02-01 07:00:00,6.0000,1963.7350,236.2150
2026-02-01 08:00:00,5.0000,2242.8500,803.2500
2026-02-01 09:00:00,4.0000,2818.8700,1667.1900
2026-02-01 10:00:00,4.0000,3637.5858,2485.9058
2026-02-01 11:00:00,4.5000,4800.0972,3504.4572
2026-02-01 12:00:00,5.0000,5615.5906,4175.9906
2026-02-01 13:00:00,4.5000,5358.6979,4063.0579
2026-02-01 14:00:00,4.0000,3018.0173,1866.3373
2026-02-01 15:00:00,4.0000,1984.6800,833.0000
2026-02-01 16:00:00,4.0000,1244.5000,92.8200
2026-02-01 17:00:00,6.0000,1727.5200,0.0000
2026-02-01 18:00:00,7.0000,2015.4400,0.0000
2026-02-01 19:00:00,7.5000,2159.4000,0.0000
2026-02-01 20:00:00,7.0000,2015.4400,0.0000
2026-02-01 21:00:00,6.0000,1727.5200,0.0000
2026-02-01 22:00:00,5.0000,1439.6000,0.0000
2026-02-01 23:00:00,4.0000,1151.6800,0.0000
2026-02-02 00:00:00,2.0000,575.8400,0.0000
2026-02-02 01:00:00,2.0000,575.8400,0.0000
2026-02-02 02:00:00,2.0000,575.8400,0.0000
2026-02-02 03:00:00,2.0000,575.8400,0.0000
2026-02-02 04:00:00,2.0000,575.8400,0.0000
2026-02-02 05:00:00,2.0000,575.8400,0.0000
2026-02-02 06:00:00,5.0000,1443.1700,3.5700
2026-02-02 07:00:00,6.0000,2063.1000,335.5800
2026-02-02 08:00:00,5.0000,11125.3940,9685.7940
2026-02-02 09:00:00,3.0000,10880.3828,10016.6228
2026-02-02 10:00:00,3.0000,10565.4213,9701.6613
2026-02-02 11:00:00,3.5000,9800.3497,8792.6297
2026-02-02 12:00:00,4.0000,10777.4430,9625.7630
2026-02-02 13:00:00,3.5000,11081.7878,10074.0678
2026-02-02 14:00:00,3.0000,10754.2467,9890.4867
2026-02-02 15:00:00,3.0000,1452.8100,589.0500
2026-02-02 16:00:00,3.0000,921.4750,57.7150
2026-02-02 17:00:00,5.0000,1439.6000,0.0000
2026-02-02 18:00:00,6.0000,1727.5200,0.0000
2026-02-02 19:00:00,7.0000,2015.4400,0.0000
2026-02-02 20:00:00,6.0000,1727.5200,0.0000
2026-02-02 21:00:00,5.0000,1439.6000,0.0000
2026-02-02 22:00:00,4.0000,1151.6800,0.0000
2026-02-02 23:00:00,3.0000,863.7600,0.0000
2026-02-03 00:00:00,2.0000,575.8400,0.0000
2026-02-03 01:00:00,2.0000,575.8400,0.0000
2026-02-03 02:00:00,2.0000,575.8400,0.0000
2026-02-03 03:00:00,2.0000,575.8400,0.0000
2026-02-03 04:00:00,2.0000,575.8400,0.0000
2026-02-03 05:00:00,2.0000,575.8400,0.0000
2026-02-03 06:00:00,5.0000,1443.1700,3.5700
2026-02-03 07:00:00,6.0000,2070.8350,343.3150
2026-02-03 08:00:00,5.0000,4171.2723,2731.6723
2026-02-03 09:00:00,3.0000,6738.9973,5875.2373
2026-02-03 10:00:00,3.0000,2918.5974,2054.8374
2026-02-03 11:00:00,3.5000,6474.4583,5466.7383
2026-02-03 12:00:00,4.0000,7906.4912,6754.8112
2026-02-03 13:00:00,3.5000,10651.1480,9643.4280
2026-02-03 14:00:00,3.0000,2439.6323,1575.8723
2026-02-03 15:00:00,3.0000,1145.7900,282.0300
2026-02-03 16:00:00,3.0000,992.2800,128.5200
2026-02-03 17:00:00,5.0000,1439.6000,0.0000
2026-02-03 18:00:00,6.0000,1727.5200,0.0000
2026-02-03 19:00:00,7.0000,2015.4400,0.0000
2026-02-03 20:00:00,6.0000,1727.5200,0.0000
2026-02-03 21:00:00,5.0000,1439.6000,0.0000
2026-02-03 22:00:00,4.0000,1151.6800,0.0000
2026-02-03 23:00:00,3.0000,863.7600,0.0000
2026-02-04 00:00:00,2.0000,575.8400,0.0000
2026-02-04 01:00:00,2.0000,575.8400,0.0000
2026-02-04 02:00:00,2.0000,575.8400,0.0000
2026-02-04 03:00:00,2.0000,575.8400,0.0000
2026-02-04 04:00:00,2.0000,575.8400,0.0000
2026-02-04 05:00:00,2.0000,575.8400,0.0000
2026-02-04 06:00:00,5.0000,1439.6000,0.0000
2026-02-04 07:00:00,6.0000,2225.5350,498.0150
2026-02-04 08:00:00,5.0000,3030.7688,1591.1688
2026-02-04 09:00:00,3.0000,2855.9224,1992.1624
2026-02-04 10:00:00,3.0000,2509.5300,1645.7700
2026-02-04 11:00:00,3.5000,2984.5480,1976.8280
2026-02-04 12:00:00,4.0000,2958.1000,1806.4200
2026-02-04 13:00:00,3.5000,2178.6800,1170.9600
2026-02-04 14:00:00,3.0000,1799.1000,935.3400
2026-02-04 15:00:00,3.0000,1413.5400,549.7800
2026-02-04 16:00:00,3.0000,917.3100,53.5500
2026-02-04 17:00:00,5.0000,1439.6000,0.0000
2026-02-04 18:00:00,6.0000,1727.5200,0.0000
2026-02-04 19:00:00,7.0000,2015.4400,0.0000
2026-02-04 20:00:00,6.0000,1727.5200,0.0000
2026-02-04 21:00:00,5.0000,1439.6000,0.0000
2026-02-04 22:00:00,4.0000,1151.6800,0.0000
2026-02-04 23:00:00,3.0000,863.7600,0.0000
2026-02-05 00:00:00,2.0000,575.8400,0.0000
2026-02-05 01:00:00,2.0000,575.8400,0.0000
2026-02-05 02:00:00,2.0000,575.8400,0.0000
2026-02-05 03:00:00,2.0000,575.8400,0.0000
2026-02-05 04:00:00,2.0000,575.8400,0.0000
2026-02-05 05:00:00,2.0000,575.8400,0.0000
2026-02-05 06:00:00,5.0000,1439.6000,0.0000
2026-02-05 07:00:00,6.0000,2070.2400,342.7200
2026-02-05 08:00:00,5.0000,2843.1319,1403.5319
2026-02-05 09:00:00,3.0000,9764.1650,8900.4050
2026-02-05 10:00:00,3.0000,10614.0603,9750.3003
2026-02-05 11:00:00,3.5000,9999.1413,8991.4213
2026-02-05 12:00:00,4.0000,10833.5320,9681.8520
2026-02-05 13:00:00,3.5000,11109.7106,10101.9906
2026-02-05 14:00:00,3.0000,10754.9088,9891.1488
2026-02-05 15:00:00,3.0000,1508.7400,644.9800
2026-02-05 16:00:00,3.0000,960.1500,96.3900
2026-02-05 17:00:00,5.0000,1439.6000,0.0000
2026-02-05 18:00:00,6.0000,1727.5200,0.0000
2026-02-05 19:00:00,7.0000,2015.4400,0.0000
2026-02-05 20:00:00,6.0000,1727.5200,0.0000
2026-02-05 21:00:00,5.0000,1439.6000,0.0000
2026-02-05 22:00:00,4.0000,1151.6800,0.0000
2026-02-05 23:00:00,3.0000,863.7600,0.0000
2026-02-06 00:00:00,2.0000,575.8400,0.0000
2026-02-06 01:00:00,2.0000,575.8400,0.0000
2026-02-06 02:00:00,2.0000,575.8400,0.0000
2026-02-06 03:00:00,2.0000,575.8400,0.0000
2026-02-06 04:00:00,2.0000,575.8400,0.0000
2026-02-06 05:00:00,2.0000,575.8400,0.0000
2026-02-06 06:00:00,5.0000,1439.6000,0.0000
2026-02-06 07:00:00,6.0000,2152.3500,424.8300
2026-02-06 08:00:00,5.0000,2435.6300,996.0300
2026-02-06 09:00:00,3.0000,2498.8200,1635.0600
2026-02-06 10:00:00,3.0000,2677.4068,1813.6468
2026-02-06 11:00:00,3.5000,2496.4100,1488.6900
2026-02-06 12:00:00,4.0000,3133.0300,1981.3500
2026-02-06 13:00:00,3.5000,2246.5100,1238.7900
2026-02-06 14:00:00,3.0000,1677.7200,813.9600
2026-02-06 15:00:00,3.0000,1181.4900,317.7300
2026-02-06 16:00:00,3.0000,878.0400,14.2800
2026-02-06 17:00:00,5.0000,1439.6000,0.0000
2026-02-06 18:00:00,6.0000,1727.5200,0.0000
2026-02-06 19:00:00,7.0000,2015.4400,0.0000
2026-02-06 20:00:00,6.0000,1727.5200,0.0000
2026-02-06 21:00:00,5.0000,1439.6000,0.0000
2026-02-06 22:00:00,4.0000,1151.6800,0.0000
2026-02-06 23:00:00,3.0000,863.7600,0.0000
2026-02-07 00:00:00,2.0000,575.8400,0.0000
2026-02-07 01:00:00,2.0000,575.8400,0.0000
2026-02-07 02:00:00,2.0000,575.8400,0.0000
2026-02-07 03:00:00,2.0000,575.8400,0.0000
2026-02-07 04:00:00,2.0000,575.8400,0.0000
2026-02-07 05:00:00,2.0000,575.8400,0.0000
2026-02-07 06:00:00,5.0000,1443.1700,3.5700
2026-02-07 07:00:00,6.0000,1916.7300,189.2100
2026-02-07 08:00:00,5.0000,6882.1229,5442.5229
2026-02-07 09:00:00,4.0000,10130.9202,8979.2402
2026-02-07 10:00:00,4.0000,8235.2772,7083.5972
2026-02-07 11:00:00,4.5000,9402.8869,8107.2469
2026-02-07 12:00:00,5.0000,9637.7225,8198.1225
2026-02-07 13:00:00,4.5000,6178.7039,4883.0639
2026-02-07 14:00:00,4.0000,11948.2661,10796.5861
2026-02-07 15:00:00,4.0000,2167.9400,1016.2600
2026-02-07 16:00:00,4.0000,1342.6750,190.9950
2026-02-07 17:00:00,6.0000,1727.5200,0.0000
2026-02-07 18:00:00,7.0000,2015.4400,0.0000
2026-02-07 19:00:00,7.5000,2159.4000,0.0000
2026-02-07 20:00:00,7.0000,2015.4400,0.0000
2026-02-07 21:00:00,6.0000,1727.5200,0.0000
2026-02-07 22:00:00,5.0000,1439.6000,0.0000
2026-02-07 23:00:00,4.0000,1151.6800,0.0000
2026-02-08 00:00:00,2.0000,575.8400,0.0000
2026-02-08 01:00:00,2.0000,575.8400,0.0000
2026-02-08 02:00:00,2.0000,575.8400,0.0000
2026-02-08 03:00:00,2.0000,575.8400,0.0000
2026-02-08 04:00:00,2.0000,575.8400,0.0000
2026-02-08 05:00:00,2.0000,575.8400,0.0000
2026-02-08 06:00:00,5.0000,1453.8800,14.2800
2026-02-08 07:00:00,6.0000,2198.1650,470.6450
2026-02-08 08:00:00,5.0000,10799.5728,9359.9728
2026-02-08 09:00:00,4.0000,11303.6651,10151.9851
2026-02-08 10:00:00,4.0000,11062.0278,9910.3478
2026-02-08 11:00:00,4.5000,10193.0217,8897.3817
2026-02-08 12:00:00,5.0000,11193.9393,9754.3393
2026-02-08 13:00:00,4.5000,11537.8831,10242.2431
2026-02-08 14:00:00,4.0000,6785.9347,5634.2547
2026-02-08 15:00:00,4.0000,3037.4968,1885.8168
2026-02-08 16:00:00,4.0000,1212.3700,60.6900
2026-02-08 17:00:00,6.0000,1727.5200,0.0000
2026-02-08 18:00:00,7.0000,2015.4400,0.0000
2026-02-08 19:00:00,7.5000,2159.4000,0.0000
2026-02-08 20:00:00,7.0000,2015.4400,0.0000
2026-02-08 21:00:00,6.0000,1727.5200,0.0000
2026-02-08 22:00:00,5.0000,1439.6000,0.0000
2026-02-08 23:00:00,4.0000,1151.6800,0.0000
2026-02-09 00:00:00,2.0000,575.8400,0.0000
2026-02-09 01:00:00,2.0000,575.8400,0.0000
2026-02-09 02:00:00,2.0000,575.8400,0.0000
2026-02-09 03:00:00,2.0000,575.8400,0.0000
2026-02-09 04:00:00,2.0000,575.8400,0.0000
2026-02-09 05:00:00,2.0000,575.8400,0.0000
2026-02-09 06:00:00,5.0000,1439.6000,0.0000
2026-02-09 07:00:00,6.0000,1906.0200,178.5000
2026-02-09 08:00:00,5.0000,2078.6300,639.0300
2026-02-09 09:00:00,3.0000,2263.2000,1399.4400
2026-02-09 10:00:00,3.0000,3925.1521,3061.3921
2026-02-09 11:00:00,3.5000,5645.7283,4638.0083
2026-02-09 12:00:00,4.0000,10938.7365,9787.0565
2026-02-09 13:00:00,3.5000,9757.3527,8749.6327
2026-02-09 14:00:00,3.0000,8546.5910,7682.8310
2026-02-09 15:00:00,3.0000,4269.0240,3405.2640
2026-02-09 16:00:00,3.0000,1061.3000,197.5400
2026-02-09 17:00:00,5.0000,1439.6000,0.0000
2026-02-09 18:00:00,6.0000,1727.5200,0.0000
2026-02-09 19:00:00,7.0000,2015.4400,0.0000
2026-02-09 20:00:00,6.0000,1727.5200,0.0000
2026-02-09 21:00:00,5.0000,1439.6000,0.0000
2026-02-09 22:00:00,4.0000,1151.6800,0.0000
2026-02-09 23:00:00,3.0000,863.7600,0.0000
2026-02-10 00:00:00,2.0000,575.8400,0.0000
2026-02-10 01:00:00,2.0000,575.8400,0.0000
2026-02-10 02:00:00,2.0000,575.8400,0.0000
2026-02-10 03:00:00,2.0000,575.8400,0.0000
2026-02-10 04:00:00,2.0000,575.8400,0.0000
2026-02-10 05:00:00,2.0000,575.8400,0.0000
2026-02-10 06:00:00,5.0000,1471.7300,32.1300
2026-02-10 07:00:00,6.0000,2508.1600,780.6400
2026-02-10 08:00:00,5.0000,4475.5670,3035.9670
2026-02-10 09:00:00,3.0000,6371.7698,5508.0098
2026-02-10 10:00:00,3.0000,3784.2631,2920.5031
2026-02-10 11:00:00,3.5000,3474.5900,2466.8700
2026-02-10 12:00:00,4.0000,2689.8013,1538.1213
2026-02-10 13:00:00,3.5000,2760.5900,1752.8700
2026-02-10 14:00:00,3.0000,2553.9342,1690.1742
2026-02-10 15:00:00,3.0000,3242.2474,2378.4874
2026-02-10 16:00:00,3.0000,985.1400,121.3800
2026-02-10 17:00:00,5.0000,1439.6000,0.0000
2026-02-10 18:00:00,6.0000,1727.5200,0.0000
2026-02-10 19:00:00,7.0000,2015.4400,0.0000
2026-02-10 20:00:00,6.0000,1727.5200,0.0000
2026-02-10 21:00:00,5.0000,1439.6000,0.0000
2026-02-10 22:00:00,4.0000,1151.6800,0.0000
2026-02-10 23:00:00,3.0000,863.7600,0.0000
2026-02-11 00:00:00,2.0000,575.8400,0.0000
2026-02-11 01:00:00,2.0000,575.8400,0.0000
2026-02-11 02:00:00,2.0000,575.8400,0.0000
2026-02-11 03:00:00,2.0000,575.8400,0.0000
2026-02-11 04:00:00,2.0000,575.8400,0.0000
2026-02-11 05:00:00,2.0000,575.8400,0.0000
2026-02-11 06:00:00,5.0000,1443.1700,3.5700
2026-02-11 07:00:00,6.0000,2207.0900,479.5700
2026-02-11 08:00:00,5.0000,2479.5217,1039.9217
2026-02-11 09:00:00,3.0000,2245.3500,1381.5900
2026-02-11 10:00:00,3.0000,2877.2400,2013.4800
2026-02-11 11:00:00,3.5000,4281.0245,3273.3045
2026-02-11 12:00:00,4.0000,4149.5644,2997.8844
2026-02-11 13:00:00,3.5000,2121.5600,1113.8400
2026-02-11 14:00:00,3.0000,1527.7800,664.0200
2026-02-11 15:00:00,3.0000,1388.5500,524.7900
2026-02-11 16:00:00,3.0000,1074.3900,210.6300
2026-02-11 17:00:00,5.0000,1439.6000,0.0000
2026-02-11 18:00:00,6.0000,1727.5200,0.0000
2026-02-11 19:00:00,7.0000,2015.4400,0.0000
2026-02-11 20:00:00,6.0000,1727.5200,0.0000
2026-02-11 21:00:00,5.0000,1439.6000,0.0000
2026-02-11 22:00:00,4.0000,1151.6800,0.0000
2026-02-11 23:00:00,3.0000,863.7600,0.0000
2026-02-12 00:00:00,2.0000,575.8400,0.0000
2026-02-12 01:00:00,2.0000,575.8400,0.0000
2026-02-12 02:00:00,2.0000,575.8400,0.0000
2026-02-12 03:00:00,2.0000,575.8400,0.0000
2026-02-12 04:00:00,2.0000,575.8400,0.0000
2026-02-12 05:00:00,2.0000,575.8400,0.0000
2026-02-12 06:00:00,5.0000,1464.5900,24.9900
2026-02-12 07:00:00,6.0000,2469.4850,741.9650
2026-02-12 08:00:00,5.0000,3712.3785,2272.7785
2026-02-12 09:00:00,3.0000,5670.6874,4806.9274
2026-02-12 10:00:00,3.0000,3137.3545,2273.5945
2026-02-12 11:00:00,3.5000,2635.6400,1627.9200
2026-02-12 12:00:00,4.0000,1944.2200,792.5400
2026-02-12 13:00:00,3.5000,1494.0596,486.3396
2026-02-12 14:00:00,3.0000,1527.7800,664.0200
2026-02-12 15:00:00,3.0000,1638.4500,774.6900
2026-02-12 16:00:00,3.0000,928.0200,64.2600
2026-02-12 17:00:00,5.0000,1439.6000,0.0000
2026-02-12 18:00:00,6.0000,1727.5200,0.0000
2026-02-12 19:00:00,7.0000,2015.4400,0.0000
2026-02-12 20:00:00,6.0000,1727.5200,0.0000
2026-02-12 21:00:00,5.0000,1439.6000,0.0000
2026-02-12 22:00:00,4.0000,1151.6800,0.0000
2026-02-12 23:00:00,3.0000,863.7600,0.0000
2026-02-13 00:00:00,2.0000,575.8400,0.0000
2026-02-13 01:00:00,2.0000,575.8400,0.0000
2026-02-13 02:00:00,2.0000,575.8400,0.0000
2026-02-13 03:00:00,2.0000,575.8400,0.0000
2026-02-13 04:00:00,2.0000,575.8400,0.0000
2026-02-13 05:00:00,2.0000,575.8400,0.0000
2026-02-13 06:00:00,5.0000,1443.1700,3.5700
2026-02-13 07:00:00,6.0000,2120.2200,392.7000
2026-02-13 08:00:00,5.0000,2832.8823,1393.2823
2026-02-13 09:00:00,3.0000,7225.5456,6361.7856
2026-02-13 10:00:00,3.0000,6614.0379,5750.2779
2026-02-13 11:00:00,3.5000,8303.7225,7296.0025
2026-02-13 12:00:00,4.0000,11201.8202,10050.1402
2026-02-13 13:00:00,3.5000,4612.8514,3605.1314
2026-02-13 14:00:00,3.0000,3238.5039,2374.7439
2026-02-13 15:00:00,3.0000,1923.1155,1059.3555
2026-02-13 16:00:00,3.0000,985.1400,121.3800
2026-02-13 17:00:00,5.0000,1439.6000,0.0000
2026-02-13 18:00:00,6.0000,1727.5200,0.0000
2026-02-13 19:00:00,7.0000,2015.4400,0.0000
2026-02-13 20:00:00,6.0000,1727.5200,0.0000
2026-02-13 21:00:00,5.0000,1439.6000,0.0000
2026-02-13 22:00:00,4.0000,1151.6800,0.0000
2026-02-13 23:00:00,3.0000,863.7600,0.0000
2026-02-14 00:00:00,2.0000,575.8400,0.0000
2026-02-14 01:00:00,2.0000,575.8400,0.0000
2026-02-14 02:00:00,2.0000,575.8400,0.0000
2026-02-14 03:00:00,2.0000,575.8400,0.0000
2026-02-14 04:00:00,2.0000,575.8400,0.0000
2026-02-14 05:00:00,2.0000,575.8400,0.0000
2026-02-14 06:00:00,5.0000,1443.1700,3.5700
2026-02-14 07:00:00,6.0000,2013.1200,285.6000
2026-02-14 08:00:00,5.0000,2035.7900,596.1900
2026-02-14 09:00:00,4.0000,2297.6500,1145.9700
2026-02-14 10:00:00,4.0000,2843.8600,1692.1800
2026-02-14 11:00:00,4.5000,2962.8300,1667.1900
2026-02-14 12:00:00,5.0000,2449.9100,1010.3100
2026-02-14 13:00:00,4.5000,2152.4400,856.8000
2026-02-14 14:00:00,4.0000,1626.4900,474.8100
2026-02-14 15:00:00,4.0000,1319.4700,167.7900
2026-02-14 16:00:00,4.0000,1162.3900,10.7100
2026-02-14 17:00:00,6.0000,1727.5200,0.0000
2026-02-14 18:00:00,7.0000,2015.4400,0.0000
2026-02-14 19:00:00,7.5000,2159.4000,0.0000
2026-02-14 20:00:00,7.0000,2015.4400,0.0000
2026-02-14 21:00:00,6.0000,1727.5200,0.0000
2026-02-14 22:00:00,5.0000,1439.6000,0.0000
2026-02-14 23:00:00,4.0000,1151.6800,0.0000
2026-02-15 00:00:00,2.0000,575.8400,0.0000
2026-02-15 01:00:00,2.0000,575.8400,0.0000
2026-02-15 02:00:00,2.0000,575.8400,0.0000
2026-02-15 03:00:00,2.0000,575.8400,0.0000
2026-02-15 04:00:00,2.0000,575.8400,0.0000
2026-02-15 05:00:00,2.0000,575.8400,0.0000
2026-02-15 06:00:00,5.0000,1443.1700,3.5700
2026-02-15 07:00:00,6.0000,2280.8700,553.3500
2026-02-15 08:00:00,5.0000,2414.2100,974.6100
2026-02-15 09:00:00,4.0000,3351.6189,2199.9389
2026-02-15 10:00:00,4.0000,3986.2600,2834.5800
2026-02-15 11:00:00,4.5000,5259.7320,3964.0920
2026-02-15 12:00:00,5.0000,8640.8926,7201.2926
2026-02-15 13:00:00,4.5000,11696.1676,10400.5276
2026-02-15 14:00:00,4.0000,11314.6165,10162.9365
2026-02-15 15:00:00,4.0000,7037.8312,5886.1512
2026-02-15 16:00:00,4.0000,1302.2150,150.5350
2026-02-15 17:00:00,6.0000,1727.5200,0.0000
2026-02-15 18:00:00,7.0000,2015.4400,0.0000
2026-02-15 19:00:00,7.5000,2159.4000,0.0000
2026-02-15 20:00:00,7.0000,2015.4400,0.0000
2026-02-15 21:00:00,6.0000,1727.5200,0.0000
2026-02-15 22:00:00,5.0000,1439.6000,0.0000
2026-02-15 23:00:00,4.0000,1151.6800,0.0000
2026-02-16 00:00:00,2.0000,575.8400,0.0000
2026-02-16 01:00:00,2.0000,575.8400,0.0000
2026-02-16 02:00:00,2.0000,575.8400,0.0000
2026-02-16 03:00:00,2.0000,575.8400,0.0000
2026-02-16 04:00:00,2.0000,575.8400,0.0000
2026-02-16 05:00:00,2.0000,575.8400,0.0000
2026-02-16 06:00:00,5.0000,1439.6000,0.0000
2026-02-16 07:00:00,6.0000,1998.8400,271.3200
2026-02-16 08:00:00,5.0000,3687.4702,2247.8702
2026-02-16 09:00:00,3.0000,3024.2094,2160.4494
2026-02-16 10:00:00,3.0000,4009.6591,3145.8991
2026-02-16 11:00:00,3.5000,5863.9188,4856.1988
2026-02-16 12:00:00,4.0000,6808.8191,5657.1391
2026-02-16 13:00:00,3.5000,3211.1502,2203.4302
2026-02-16 14:00:00,3.0000,1302.8700,439.1100
2026-02-16 15:00:00,3.0000,1227.9000,364.1400
2026-02-16 16:00:00,3.0000,863.7600,0.0000
2026-02-16 17:00:00,5.0000,1439.6000,0.0000
2026-02-16 18:00:00,6.0000,1727.5200,0.0000
2026-02-16 19:00:00,7.0000,2015.4400,0.0000
2026-02-16 20:00:00,6.0000,1727.5200,0.0000
2026-02-16 21:00:00,5.0000,1439.6000,0.0000
2026-02-16 22:00:00,4.0000,1151.6800,0.0000
2026-02-16 23:00:00,3.0000,863.7600,0.0000
2026-02-17 00:00:00,2.0000,575.8400,0.0000
2026-02-17 01:00:00,2.0000,575.8400,0.0000
2026-02-17 02:00:00,2.0000,575.8400,0.0000
2026-02-17 03:00:00,2.0000,575.8400,0.0000
2026-02-17 04:00:00,2.0000,575.8400,0.0000
2026-02-17 05:00:00,2.0000,575.8400,0.0000
2026-02-17 06:00:00,5.0000,1439.6000,0.0000
2026-02-17 07:00:00,6.0000,2016.6900,289.1700
2026-02-17 08:00:00,5.0000,2092.9100,653.3100
2026-02-17 09:00:00,3.0000,2783.0884,1919.3284
2026-02-17 10:00:00,3.0000,3435.3366,2571.5766
2026-02-17 11:00:00,3.5000,3977.8366,2970.1166
2026-02-17 12:00:00,4.0000,6009.6664,4857.9864
2026-02-17 13:00:00,3.5000,4704.4581,3696.7381
2026-02-17 14:00:00,3.0000,1634.8800,771.1200
2026-02-17 15:00:00,3.0000,1113.6600,249.9000
2026-02-17 16:00:00,3.0000,982.1650,118.4050
2026-02-17 17:00:00,5.0000,1439.6000,0.0000
2026-02-17 18:00:00,6.0000,1727.5200,0.0000
2026-02-17 19:00:00,7.0000,2015.4400,0.0000
2026-02-17 20:00:00,6.0000,1727.5200,0.0000
2026-02-17 21:00:00,5.0000,1439.6000,0.0000
2026-02-17 22:00:00,4.0000,1151.6800,0.0000
2026-02-17 23:00:00,3.0000,863.7600,0.0000
2026-02-18 00:00:00,2.0000,575.8400,0.0000
2026-02-18 01:00:00,2.0000,575.8400,0.0000
2026-02-18 02:00:00,2.0000,575.8400,0.0000
2026-02-18 03:00:00,2.0000,575.8400,0.0000
2026-02-18 04:00:00,2.0000,575.8400,0.0000
2026-02-18 05:00:00,2.0000,575.8400,0.0000
2026-02-18 06:00:00,5.0000,1547.2950,107.6950
2026-02-18 07:00:00,6.0000,3236.8467,1509.3267
2026-02-18 08:00:00,5.0000,5879.9237,4440.3237
2026-02-18 09:00:00,3.0000,5833.4691,4969.7091
2026-02-18 10:00:00,3.0000,3775.8398,2912.0798
2026-02-18 11:00:00,3.5000,3492.4400,2484.7200
2026-02-18 12:00:00,4.0000,3249.5962,2097.9162
2026-02-18 13:00:00,3.5000,3056.9000,2049.1800
2026-02-18 14:00:00,3.0000,1770.5400,906.7800
2026-02-18 15:00:00,3.0000,1213.6200,349.8600
2026-02-18 16:00:00,3.0000,913.7400,49.9800
2026-02-18 17:00:00,5.0000,1439.6000,0.0000
2026-02-18 18:00:00,6.0000,1727.5200,0.0000
2026-02-18 19:00:00,7.0000,2015.4400,0.0000
2026-02-18 20:00:00,6.0000,1727.5200,0.0000
2026-02-18 21:00:00,5.0000,1439.6000,0.0000
2026-02-18 22:00:00,4.0000,1151.6800,0.0000
2026-02-18 23:00:00,3.0000,863.7600,0.0000
2026-02-19 00:00:00,2.0000,575.8400,0.0000
2026-02-19 01:00:00,2.0000,575.8400,0.0000
2026-02-19 02:00:00,2.0000,575.8400,0.0000
2026-02-19 03:00:00,2.0000,575.8400,0.0000
2026-02-19 04:00:00,2.0000,575.8400,0.0000
2026-02-19 05:00:00,2.0000,575.8400,0.0000
2026-02-19 06:00:00,5.0000,1478.8700,39.2700
2026-02-19 07:00:00,6.0000,2170.2000,442.6800
2026-02-19 08:00:00,5.0000,2557.0100,1117.4100
2026-02-19 09:00:00,3.0000,2173.9500,1310.1900
2026-02-19 10:00:00,3.0000,2002.5900,1138.8300
2026-02-19 11:00:00,3.5000,2082.2900,1074.5700
2026-02-19 12:00:00,4.0000,2554.6900,1403.0100
2026-02-19 13:00:00,3.5000,2585.6600,1577.9400
2026-02-19 14:00:00,3.0000,1934.7600,1071.0000
2026-02-19 15:00:00,3.0000,1413.5400,549.7800
2026-02-19 16:00:00,3.0000,964.3150,100.5550
2026-02-19 17:00:00,5.0000,1439.6000,0.0000
2026-02-19 18:00:00,6.0000,1727.5200,0.0000
2026-02-19 19:00:00,7.0000,2015.4400,0.0000
2026-02-19 20:00:00,6.0000,1727.5200,0.0000
2026-02-19 21:00:00,5.0000,1439.6000,0.0000
2026-02-19 22:00:00,4.0000,1151.6800,0.0000
2026-02-19 23:00:00,3.0000,863.7600,0.0000
2026-02-20 00:00:00,2.0000,575.8400,0.0000
2026-02-20 01:00:00,2.0000,575.8400,0.0000
2026-02-20 02:00:00,2.0000,575.8400,0.0000
2026-02-20 03:00:00,2.0000,575.8400,0.0000
2026-02-20 04:00:00,2.0000,575.8400,0.0000
2026-02-20 05:00:00,2.0000,575.8400,0.0000
2026-02-20 06:00:00,5.0000,1475.3000,35.7000
2026-02-20 07:00:00,6.0000,2327.2800,599.7600
2026-02-20 08:00:00,5.0000,3028.2500,1588.6500
2026-02-20 09:00:00,3.0000,3262.8000,2399.0400
2026-02-20 10:00:00,3.0000,3537.6900,2673.9300
2026-02-20 11:00:00,3.5000,4029.3476,3021.6276
2026-02-20 12:00:00,4.0000,4118.3500,2966.6700
2026-02-20 13:00:00,3.5000,3174.5944,2166.8744
2026-02-20 14:00:00,3.0000,2873.6700,2009.9100
2026-02-20 15:00:00,3.0000,3078.5694,2214.8094
2026-02-20 16:00:00,3.0000,1042.2600,178.5000
2026-02-20 17:00:00,5.0000,1439.6000,0.0000
2026-02-20 18:00:00,6.0000,1727.5200,0.0000
2026-02-20 19:00:00,7.0000,2015.4400,0.0000
2026-02-20 20:00:00,6.0000,1727.5200,0.0000
2026-02-20 21:00:00,5.0000,1439.6000,0.0000
2026-02-20 22:00:00,4.0000,1151.6800,0.0000
2026-02-20 23:00:00,3.0000,863.7600,0.0000
2026-02-21 00:00:00,2.0000,575.8400,0.0000
2026-02-21 01:00:00,2.0000,575.8400,0.0000
2026-02-21 02:00:00,2.0000,575.8400,0.0000
2026-02-21 03:00:00,2.0000,575.8400,0.0000
2026-02-21 04:00:00,2.0000,575.8400,0.0000
2026-02-21 05:00:00,2.0000,575.8400,0.0000
2026-02-21 06:00:00,5.0000,1453.8800,14.2800
2026-02-21 07:00:00,6.0000,2180.9100,453.3900
2026-02-21 08:00:00,5.0000,2453.4800,1013.8800
2026-02-21 09:00:00,4.0000,2593.9600,1442.2800
2026-02-21 10:00:00,4.0000,2768.8900,1617.2100
2026-02-21 11:00:00,4.5000,2767.8189,1472.1789
2026-02-21 12:00:00,5.0000,2673.3399,1233.7399
2026-02-21 13:00:00,4.5000,2830.7400,1535.1000
2026-02-21 14:00:00,4.0000,2176.2700,1024.5900
2026-02-21 15:00:00,4.0000,1563.0678,411.3878
2026-02-21 16:00:00,4.0000,1280.2000,128.5200
2026-02-21 17:00:00,6.0000,1727.5200,0.0000
2026-02-21 18:00:00,7.0000,2015.4400,0.0000
2026-02-21 19:00:00,7.5000,2159.4000,0.0000
2026-02-21 20:00:00,7.0000,2015.4400,0.0000
2026-02-21 21:00:00,6.0000,1727.5200,0.0000
2026-02-21 22:00:00,5.0000,1439.6000,0.0000
2026-02-21 23:00:00,4.0000,1151.6800,0.0000
2026-02-22 00:00:00,2.0000,575.8400,0.0000
2026-02-22 01:00:00,2.0000,575.8400,0.0000
2026-02-22 02:00:00,2.0000,575.8400,0.0000
2026-02-22 03:00:00,2.0000,575.8400,0.0000
2026-02-22 04:00:00,2.0000,575.8400,0.0000
2026-02-22 05:00:00,2.0000,575.8400,0.0000
2026-02-22 06:00:00,5.0000,1453.8800,14.2800
2026-02-22 07:00:00,6.0000,1938.1500,210.6300
2026-02-22 08:00:00,5.0000,2367.8000,928.2000
2026-02-22 09:00:00,4.0000,3718.3636,2566.6836
2026-02-22 10:00:00,4.0000,6840.9199,5689.2399
2026-02-22 11:00:00,4.5000,5491.2045,4195.5645
2026-02-22 12:00:00,5.0000,5353.8840,3914.2840
2026-02-22 13:00:00,4.5000,6621.6904,5326.0504
2026-02-22 14:00:00,4.0000,6598.2384,5446.5584
2026-02-22 15:00:00,4.0000,2152.3441,1000.6641
2026-02-22 16:00:00,4.0000,1387.3000,235.6200
2026-02-22 17:00:00,6.0000,1727.5200,0.0000
2026-02-22 18:00:00,7.0000,2015.4400,0.0000
2026-02-22 19:00:00,7.5000,2159.4000,0.0000
2026-02-22 20:00:00,7.0000,2015.4400,0.0000
2026-02-22 21:00:00,6.0000,1727.5200,0.0000
2026-02-22 22:00:00,5.0000,1439.6000,0.0000
2026-02-22 23:00:00,4.0000,1151.6800,0.0000
2026-02-23 00:00:00,2.0000,575.8400,0.0000
2026-02-23 01:00:00,2.0000,575.8400,0.0000
2026-02-23 02:00:00,2.0000,575.8400,0.0000
2026-02-23 03:00:00,2.0000,575.8400,0.0000
2026-02-23 04:00:00,2.0000,575.8400,0.0000
2026-02-23 05:00:00,2.0000,575.8400,0.0000
2026-02-23 06:00:00,5.0000,1553.8400,114.2400
2026-02-23 07:00:00,6.0000,2654.4062,926.8862
2026-02-23 08:00:00,5.0000,3000.5196,1560.9196
2026-02-23 09:00:00,3.0000,2893.9443,2030.1843
2026-02-23 10:00:00,3.0000,4277.1462,3413.3862
2026-02-23 11:00:00,3.5000,4331.8213,3324.1013
2026-02-23 12:00:00,4.0000,4939.3367,3787.6567
2026-02-23 13:00:00,3.5000,3322.8444,2315.1244
2026-02-23 14:00:00,3.0000,2877.7161,2013.9561
2026-02-23 15:00:00,3.0000,2173.0341,1309.2741
2026-02-23 16:00:00,3.0000,1242.1800,378.4200
2026-02-23 17:00:00,5.0000,1439.6000,0.0000
2026-02-23 18:00:00,6.0000,1727.5200,0.0000
2026-02-23 19:00:00,7.0000,2015.4400,0.0000
2026-02-23 20:00:00,6.0000,1727.5200,0.0000
2026-02-23 21:00:00,5.0000,1439.6000,0.0000
2026-02-23 22:00:00,4.0000,1151.6800,0.0000
2026-02-23 23:00:00,3.0000,863.7600,0.0000
2026-02-24 00:00:00,2.0000,575.8400,0.0000
2026-02-24 01:00:00,2.0000,575.8400,0.0000
2026-02-24 02:00:00,2.0000,575.8400,0.0000
2026-02-24 03:00:00,2.0000,575.8400,0.0000
2026-02-24 04:00:00,2.0000,575.8400,0.0000
2026-02-24 05:00:00,2.0000,575.8400,0.0000
2026-02-24 06:00:00,5.0000,1439.6000,0.0000
2026-02-24 07:00:00,6.0000,1784.6400,57.1200
2026-02-24 08:00:00,5.0000,1753.7600,314.1600
2026-02-24 09:00:00,3.0000,1470.6600,606.9000
2026-02-24 10:00:00,3.0000,1677.7200,813.9600
2026-02-24 11:00:00,3.5000,2860.5500,1852.8300
2026-02-24 12:00:00,4.0000,2711.7700,1560.0900
2026-02-24 13:00:00,3.5000,2585.6600,1577.9400
2026-02-24 14:00:00,3.0000,1909.7700,1046.0100
2026-02-24 15:00:00,3.0000,1495.6500,631.8900
2026-02-24 16:00:00,3.0000,992.2800,128.5200
2026-02-24 17:00:00,5.0000,1439.6000,0.0000
2026-02-24 18:00:00,6.0000,1727.5200,0.0000
2026-02-24 19:00:00,7.0000,2015.4400,0.0000
2026-02-24 20:00:00,6.0000,1727.5200,0.0000
2026-02-24 21:00:00,5.0000,1439.6000,0.0000
2026-02-24 22:00:00,4.0000,1151.6800,0.0000
2026-02-24 23:00:00,3.0000,863.7600,0.0000
2026-02-25 00:00:00,2.0000,575.8400,0.0000
2026-02-25 01:00:00,2.0000,575.8400,0.0000
2026-02-25 02:00:00,2.0000,575.8400,0.0000
2026-02-25 03:00:00,2.0000,575.8400,0.0000
2026-02-25 04:00:00,2.0000,575.8400,0.0000
2026-02-25 05:00:00,2.0000,575.8400,0.0000
2026-02-25 06:00:00,5.0000,1588.3500,148.7500
2026-02-25 07:00:00,6.0000,8805.4024,7077.8824
2026-02-25 08:00:00,5.0000,11121.5996,9681.9996
2026-02-25 09:00:00,3.0000,10845.3899,9981.6299
2026-02-25 10:00:00,3.0000,10510.0150,9646.2550
2026-02-25 11:00:00,3.5000,9729.4446,8721.7246
2026-02-25 12:00:00,4.0000,10727.5227,9575.8427
2026-02-25 13:00:00,3.5000,11028.7535,10021.0335
2026-02-25 14:00:00,3.0000,10707.1116,9843.3516
2026-02-25 15:00:00,3.0000,9889.8454,9026.0854
2026-02-25 16:00:00,3.0000,1241.5850,377.8250
2026-02-25 17:00:00,5.0000,1443.1700,3.5700
2026-02-25 18:00:00,6.0000,1727.5200,0.0000
2026-02-25 19:00:00,7.0000,2015.4400,0.0000
2026-02-25 20:00:00,6.0000,1727.5200,0.0000
2026-02-25 21:00:00,5.0000,1439.6000,0.0000
2026-02-25 22:00:00,4.0000,1151.6800,0.0000
2026-02-25 23:00:00,3.0000,863.7600,0.0000
2026-02-26 00:00:00,2.0000,575.8400,0.0000
2026-02-26 01:00:00,2.0000,575.8400,0.0000
2026-02-26 02:00:00,2.0000,575.8400,0.0000
2026-02-26 03:00:00,2.0000,575.8400,0.0000
2026-02-26 04:00:00,2.0000,575.8400,0.0000
2026-02-26 05:00:00,2.0000,575.8400,0.0000
2026-02-26 06:00:00,5.0000,1612.1500,172.5500
2026-02-26 07:00:00,6.0000,9503.6548,7776.1348
2026-02-26 08:00:00,5.0000,11224.9217,9785.3217
2026-02-26 09:00:00,3.0000,10801.5721,9937.8121
2026-02-26 10:00:00,3.0000,10766.6879,9902.9279
2026-02-26 11:00:00,3.5000,9832.1302,8824.4102
2026-02-26 12:00:00,4.0000,10022.7333,8871.0533
2026-02-26 13:00:00,3.5000,10835.6549,9827.9349
2026-02-26 14:00:00,3.0000,8143.4785,7279.7185
2026-02-26 15:00:00,3.0000,5806.3771,4942.6171
2026-02-26 16:00:00,3.0000,1387.3600,523.6000
2026-02-26 17:00:00,5.0000,1446.7400,7.1400
2026-02-26 18:00:00,6.0000,1727.5200,0.0000
2026-02-26 19:00:00,7.0000,2015.4400,0.0000
2026-02-26 20:00:00,6.0000,1727.5200,0.0000
2026-02-26 21:00:00,5.0000,1439.6000,0.0000
2026-02-26 22:00:00,4.0000,1151.6800,0.0000
2026-02-26 23:00:00,3.0000,863.7600,0.0000
2026-02-27 00:00:00,2.0000,575.8400,0.0000
2026-02-27 01:00:00,2.0000,575.8400,0.0000
2026-02-27 02:00:00,2.0000,575.8400,0.0000
2026-02-27 03:00:00,2.0000,575.8400,0.0000
2026-02-27 04:00:00,2.0000,575.8400,0.0000
2026-02-27 05:00:00,2.0000,575.8400,0.0000
2026-02-27 06:00:00,5.0000,1634.7600,195.1600
2026-02-27 07:00:00,6.0000,9173.8442,7446.3242
2026-02-27 08:00:00,5.0000,10906.7765,9467.1765
2026-02-27 09:00:00,3.0000,10893.6580,10029.8980
2026-02-27 10:00:00,3.0000,10559.2152,9695.4552
2026-02-27 11:00:00,3.5000,9763.3650,8755.6450
2026-02-27 12:00:00,4.0000,10781.6965,9630.0165
2026-02-27 13:00:00,3.5000,11082.9257,10075.2057
2026-02-27 14:00:00,3.0000,10746.3543,9882.5943
2026-02-27 15:00:00,3.0000,9919.6268,9055.8668
2026-02-27 16:00:00,3.0000,1303.4650,439.7050
2026-02-27 17:00:00,5.0000,1446.7400,7.1400
2026-02-27 18:00:00,6.0000,1727.5200,0.0000
2026-02-27 19:00:00,7.0000,2015.4400,0.0000
2026-02-27 20:00:00,6.0000,1727.5200,0.0000
2026-02-27 21:00:00,5.0000,1439.6000,0.0000
2026-02-27 22:00:00,4.0000,1151.6800,0.0000
2026-02-27 23:00:00,3.0000,863.7600,0.0000
2026-02-28 00:00:00,2.0000,575.8400,0.0000
2026-02-28 01:00:00,2.0000,575.8400,0.0000
2026-02-28 02:00:00,2.0000,575.8400,0.0000
2026-02-28 03:00:00,2.0000,575.8400,0.0000
2026-02-28 04:00:00,2.0000,575.8400,0.0000
2026-02-28 05:00:00,2.0000,575.8400,0.0000
2026-02-28 06:00:00,5.0000,1691.8800,252.2800
2026-02-28 07:00:00,6.0000,7771.8626,6044.3426
2026-02-28 08:00:00,5.0000,9815.2167,8375.6167
2026-02-28 09:00:00,4.0000,10243.0337,9091.3537
2026-02-28 10:00:00,4.0000,6807.0723,5655.3923
2026-02-28 11:00:00,4.5000,7831.8778,6536.2378
2026-02-28 12:00:00,5.0000,10370.6448,8931.0448
2026-02-28 13:00:00,4.5000,8265.3109,6969.6709
2026-02-28 14:00:00,4.0000,4243.9976,3092.3176
2026-02-28 15:00:00,4.0000,2179.8400,1028.1600
2026-02-28 16:00:00,4.0000,1298.0500,146.3700
2026-02-28 17:00:00,6.0000,1727.5200,0.0000
2026-02-28 18:00:00,7.0000,2015.4400,0.0000
2026-02-28 19:00:00,7.5000,2159.4000,0.0000
2026-02-28 20:00:00,7.0000,2015.4400,0.0000
2026-02-28 21:00:00,6.0000,1727.5200,0.0000
2026-02-28 22:00:00,5.0000,1439.6000,0.0000
2026-02-28 23:00:00,4.0000,1151.6800,0.0000
2026-03-01 00:00:00,2.0000,575.8400,0.0000
2026-03-01 01:00:00,2.0000,575.8400,0.0000
2026-03-01 02:00:00,2.0000,575.8400,0.0000
2026-03-01 03:00:00,2.0000,575.8400,0.0000
2026-03-01 04:00:00,2.0000,575.8400,0.0000
2026-03-01 05:00:00,2.0000,575.8400,0.0000
2026-03-01 06:00:00,5.0000,1443.1700,3.5700
2026-03-01 07:00:00,6.0000,1945.2900,217.7700
2026-03-01 08:00:00,5.0000,1810.8800,371.2800
2026-03-01 09:00:00,4.0000,2051.3200,899.6400
2026-03-01 10:00:00,4.0000,2311.9300,1160.2500
2026-03-01 11:00:00,4.5000,3073.5000,1777.8600
2026-03-01 12:00:00,5.0000,3698.8828,2259.2828
2026-03-01 13:00:00,4.5000,4049.3212,2753.6812
2026-03-01 14:00:00,4.0000,4909.0582,3757.3782
2026-03-01 15:00:00,4.0000,3327.9108,2176.2308
2026-03-01 16:00:00,4.0000,1437.8750,286.1950
2026-03-01 17:00:00,6.0000,1727.5200,0.0000
2026-03-01 18:00:00,7.0000,2015.4400,0.0000
2026-03-01 19:00:00,7.5000,2159.4000,0.0000
2026-03-01 20:00:00,7.0000,2015.4400,0.0000
2026-03-01 21:00:00,6.0000,1727.5200,0.0000
2026-03-01 22:00:00,5.0000,1439.6000,0.0000
2026-03-01 23:00:00,4.0000,1151.6800,0.0000
2026-03-02 00:00:00,2.0000,575.8400,0.0000
2026-03-02 01:00:00,2.0000,575.8400,0.0000
2026-03-02 02:00:00,2.0000,575.8400,0.0000
2026-03-02 03:00:00,2.0000,575.8400,0.0000
2026-03-02 04:00:00,2.0000,575.8400,0.0000
2026-03-02 05:00:00,2.0000,575.8400,0.0000
2026-03-02 06:00:00,5.0000,1808.5000,368.9000
2026-03-02 07:00:00,6.0000,7531.9237,5804.4037
2026-03-02 08:00:00,5.0000,9575.8455,8136.2455
2026-03-02 09:00:00,3.0000,10354.3772,9490.6172
2026-03-02 10:00:00,3.0000,10171.4878,9307.7278
2026-03-02 11:00:00,3.5000,10059.2210,9051.5010
2026-03-02 12:00:00,4.0000,10923.8501,9772.1701
2026-03-02 13:00:00,3.5000,11063.2735,10055.5535
2026-03-02 14:00:00,3.0000,10382.0713,9518.3113
2026-03-02 15:00:00,3.0000,8570.3985,7706.6385
2026-03-02 16:00:00,3.0000,1419.4900,555.7300
2026-03-02 17:00:00,5.0000,1457.4500,17.8500
2026-03-02 18:00:00,6.0000,1727.5200,0.0000
2026-03-02 19:00:00,7.0000,2015.4400,0.0000
2026-03-02 20:00:00,6.0000,1727.5200,0.0000
2026-03-02 21:00:00,5.0000,1439.6000,0.0000
2026-03-02 22:00:00,4.0000,1151.6800,0.0000
2026-03-02 23:00:00,3.0000,863.7600,0.0000
2026-03-03 00:00:00,2.0000,575.8400,0.0000
2026-03-03 01:00:00,2.0000,575.8400,0.0000
2026-03-03 02:00:00,2.0000,575.8400,0.0000
2026-03-03 03:00:00,2.0000,575.8400,0.0000
2026-03-03 04:00:00,2.0000,575.8400,0.0000
2026-03-03 05:00:00,2.0000,575.8400,0.0000
2026-03-03 06:00:00,5.0000,1619.8850,180.2850
2026-03-03 07:00:00,6.0000,2794.5589,1067.0389
2026-03-03 08:00:00,5.0000,8279.0656,6839.4656
2026-03-03 09:00:00,3.0000,9638.6831,8774.9231
2026-03-03 10:00:00,3.0000,9249.6461,8385.8861
2026-03-03 11:00:00,3.5000,5931.0105,4923.2905
2026-03-03 12:00:00,4.0000,10508.2678,9356.5878
2026-03-03 13:00:00,3.5000,10475.2049,9467.4849
2026-03-03 14:00:00,3.0000,7624.5356,6760.7756
2026-03-03 15:00:00,3.0000,2931.1747,2067.4147
2026-03-03 16:00:00,3.0000,1580.7350,716.9750
2026-03-03 17:00:00,5.0000,1453.8800,14.2800
2026-03-03 18:00:00,6.0000,1727.5200,0.0000
2026-03-03 19:00:00,7.0000,2015.4400,0.0000
2026-03-03 20:00:00,6.0000,1727.5200,0.0000
2026-03-03 21:00:00,5.0000,1439.6000,0.0000
2026-03-03 22:00:00,4.0000,1151.6800,0.0000
2026-03-03 23:00:00,3.0000,863.7600,0.0000
2026-03-04 00:00:00,2.0000,575.8400,0.0000
2026-03-04 01:00:00,2.0000,575.8400,0.0000
2026-03-04 02:00:00,2.0000,575.8400,0.0000
2026-03-04 03:00:00,2.0000,575.8400,0.0000
2026-03-04 04:00:00,2.0000,575.8400,0.0000
2026-03-04 05:00:00,2.0000,575.8400,0.0000
2026-03-04 06:00:00,5.0000,1775.1800,335.5800
2026-03-04 07:00:00,6.0000,8123.0096,6395.4896
2026-03-04 08:00:00,5.0000,9977.6758,8538.0758
2026-03-04 09:00:00,3.0000,10415.4798,9551.7198
2026-03-04 10:00:00,3.0000,10667.1265,9803.3665
2026-03-04 11:00:00,3.5000,9658.7470,8651.0270
2026-03-04 12:00:00,4.0000,10813.5777,9661.8977
2026-03-04 13:00:00,3.5000,11055.3059,10047.5859
2026-03-04 14:00:00,3.0000,10291.4721,9427.7121
2026-03-04 15:00:00,3.0000,8903.4914,8039.7314
2026-03-04 16:00:00,3.0000,1467.0900,603.3300
2026-03-04 17:00:00,5.0000,1464.5900,24.9900
2026-03-04 18:00:00,6.0000,1727.5200,0.0000
2026-03-04 19:00:00,7.0000,2015.4400,0.0000
2026-03-04 20:00:00,6.0000,1727.5200,0.0000
2026-03-04 21:00:00,5.0000,1439.6000,0.0000
2026-03-04 22:00:00,4.0000,1151.6800,0.0000
2026-03-04 23:00:00,3.0000,863.7600,0.0000
2026-03-05 00:00:00,2.0000,575.8400,0.0000
2026-03-05 01:00:00,2.0000,575.8400,0.0000
2026-03-05 02:00:00,2.0000,575.8400,0.0000
2026-03-05 03:00:00,2.0000,575.8400,0.0000
2026-03-05 04:00:00,2.0000,575.8400,0.0000
2026-03-05 05:00:00,2.0000,579.4100,3.5700
2026-03-05 06:00:00,5.0000,1776.9650,337.3650
2026-03-05 07:00:00,6.0000,9158.6919,7431.1719
2026-03-05 08:00:00,5.0000,10448.3795,9008.7795
2026-03-05 09:00:00,3.0000,9984.0465,9120.2865
2026-03-05 10:00:00,3.0000,10002.3088,9138.5488
2026-03-05 11:00:00,3.5000,9558.8398,8551.1198
2026-03-05 12:00:00,4.0000,10534.5174,9382.8374
2026-03-05 13:00:00,3.5000,10165.1820,9157.4620
2026-03-05 14:00:00,3.0000,9130.2420,8266.4820
2026-03-05 15:00:00,3.0000,7081.2083,6217.4483
2026-03-05 16:00:00,3.0000,1591.4450,727.6850
2026-03-05 17:00:00,5.0000,1457.4500,17.8500
2026-03-05 18:00:00,6.0000,1727.5200,0.0000
2026-03-05 19:00:00,7.0000,2015.4400,0.0000
2026-03-05 20:00:00,6.0000,1727.5200,0.0000
2026-03-05 21:00:00,5.0000,1439.6000,0.0000
2026-03-05 22:00:00,4.0000,1151.6800,0.0000
2026-03-05 23:00:00,3.0000,863.7600,0.0000
2026-03-06 00:00:00,2.0000,575.8400,0.0000
2026-03-06 01:00:00,2.0000,575.8400,0.0000
2026-03-06 02:00:00,2.0000,575.8400,0.0000
2026-03-06 03:00:00,2.0000,575.8400,0.0000
2026-03-06 04:00:00,2.0000,575.8400,0.0000
2026-03-06 05:00:00,2.0000,575.8400,0.0000
2026-03-06 06:00:00,5.0000,2028.6500,589.0500
2026-03-06 07:00:00,6.0000,5871.6968,4144.1768
2026-03-06 08:00:00,5.0000,7918.0801,6478.4801
2026-03-06 09:00:00,3.0000,8653.3294,7789.5694
2026-03-06 10:00:00,3.0000,8702.4902,7838.7302
2026-03-06 11:00:00,3.5000,8565.4480,7557.7280
2026-03-06 12:00:00,4.0000,8143.3419,6991.6619
2026-03-06 13:00:00,3.5000,7547.2981,6539.5781
2026-03-06 14:00:00,3.0000,6642.1249,5778.3649
2026-03-06 15:00:00,3.0000,4686.0765,3822.3165
2026-03-06 16:00:00,3.0000,1557.5300,693.7700
2026-03-06 17:00:00,5.0000,1464.5900,24.9900
2026-03-06 18:00:00,6.0000,1727.5200,0.0000
2026-03-06 19:00:00,7.0000,2015.4400,0.0000
2026-03-06 20:00:00,6.0000,1727.5200,0.0000
2026-03-06 21:00:00,5.0000,1439.6000,0.0000
2026-03-06 22:00:00,4.0000,1151.6800,0.0000
2026-03-06 23:00:00,3.0000,863.7600,0.0000
2026-03-07 00:00:00,2.0000,575.8400,0.0000
2026-03-07 01:00:00,2.0000,575.8400,0.0000
2026-03-07 02:00:00,2.0000,575.8400,0.0000
2026-03-07 03:00:00,2.0000,575.8400,0.0000
2026-03-07 04:00:00,2.0000,575.8400,0.0000
2026-03-07 05:00:00,2.0000,575.8400,0.0000
2026-03-07 06:00:00,5.0000,1920.9550,481.3550
2026-03-07 07:00:00,6.0000,6704.3584,4976.8384
2026-03-07 08:00:00,5.0000,8930.3305,7490.7305
2026-03-07 09:00:00,4.0000,9879.7081,8728.0281
2026-03-07 10:00:00,4.0000,10100.5812,8948.9012
2026-03-07 11:00:00,4.5000,9604.4807,8308.8407
2026-03-07 12:00:00,5.0000,10424.0740,8984.4740
2026-03-07 13:00:00,4.5000,10368.1966,9072.5566
2026-03-07 14:00:00,4.0000,9285.7070,8134.0270
2026-03-07 15:00:00,4.0000,7004.1588,5852.4788
2026-03-07 16:00:00,4.0000,2001.3400,849.6600
2026-03-07 17:00:00,6.0000,1777.5000,49.9800
2026-03-07 18:00:00,7.0000,2015.4400,0.0000
2026-03-07 19:00:00,7.5000,2159.4000,0.0000
2026-03-07 20:00:00,7.0000,2015.4400,0.0000
2026-03-07 21:00:00,6.0000,1727.5200,0.0000
2026-03-07 22:00:00,5.0000,1439.6000,0.0000
2026-03-07 23:00:00,4.0000,1151.6800,0.0000
2026-03-08 00:00:00,2.0000,575.8400,0.0000
2026-03-08 01:00:00,2.0000,575.8400,0.0000
2026-03-08 02:00:00,2.0000,575.8400,0.0000
2026-03-08 03:00:00,2.0000,575.8400,0.0000
2026-03-08 04:00:00,2.0000,575.8400,0.0000
2026-03-08 05:00:00,2.0000,575.8400,0.0000
2026-03-08 06:00:00,5.0000,1936.4250,496.8250
2026-03-08 07:00:00,6.0000,5916.9352,4189.4152
2026-03-08 08:00:00,5.0000,8036.4542,6596.8542
2026-03-08 09:00:00,4.0000,9246.2309,8094.5509
2026-03-08 10:00:00,4.0000,9623.4297,8471.7497
2026-03-08 11:00:00,4.5000,9110.6765,7815.0365
2026-03-08 12:00:00,5.0000,9578.1681,8138.5681
2026-03-08 13:00:00,4.5000,7805.6053,6509.9653
2026-03-08 14:00:00,4.0000,6977.5911,5825.9111
2026-03-08 15:00:00,4.0000,3771.2341,2619.5541
2026-03-08 16:00:00,4.0000,1978.7300,827.0500
2026-03-08 17:00:00,6.0000,1763.2200,35.7000
2026-03-08 18:00:00,7.0000,2015.4400,0.0000
2026-03-08 19:00:00,7.5000,2159.4000,0.0000
2026-03-08 20:00:00,7.0000,2015.4400,0.0000
2026-03-08 21:00:00,6.0000,1727.5200,0.0000
2026-03-08 22:00:00,5.0000,1439.6000,0.0000
2026-03-08 23:00:00,4.0000,1151.6800,0.0000
2026-03-09 00:00:00,2.0000,575.8400,0.0000
2026-03-09 01:00:00,2.0000,575.8400,0.0000
2026-03-09 02:00:00,2.0000,575.8400,0.0000
2026-03-09 03:00:00,2.0000,575.8400,0.0000
2026-03-09 04:00:00,2.0000,575.8400,0.0000
2026-03-09 05:00:00,2.0000,575.8400,0.0000
2026-03-09 06:00:00,5.0000,2083.3900,643.7900
2026-03-09 07:00:00,6.0000,5362.6591,3635.1391
2026-03-09 08:00:00,5.0000,6851.1490,5411.5490
2026-03-09 09:00:00,3.0000,7129.8843,6266.1243
2026-03-09 10:00:00,3.0000,8907.5632,8043.8032
2026-03-09 11:00:00,3.5000,7021.4140,6013.6940
2026-03-09 12:00:00,4.0000,7251.6423,6099.9623
2026-03-09 13:00:00,3.5000,7542.6681,6534.9481
2026-03-09 14:00:00,3.0000,6029.9940,5166.2340
2026-03-09 15:00:00,3.0000,4674.0826,3810.3226
2026-03-09 16:00:00,3.0000,2393.4063,1529.6463
2026-03-09 17:00:00,5.0000,1489.5800,49.9800
2026-03-09 18:00:00,6.0000,1727.5200,0.0000
2026-03-09 19:00:00,7.0000,2015.4400,0.0000
2026-03-09 20:00:00,6.0000,1727.5200,0.0000
2026-03-09 21:00:00,5.0000,1439.6000,0.0000
2026-03-09 22:00:00,4.0000,1151.6800,0.0000
2026-03-09 23:00:00,3.0000,863.7600,0.0000
2026-03-10 00:00:00,2.0000,575.8400,0.0000
2026-03-10 01:00:00,2.0000,575.8400,0.0000
2026-03-10 02:00:00,2.0000,575.8400,0.0000
2026-03-10 03:00:00,2.0000,575.8400,0.0000
2026-03-10 04:00:00,2.0000,575.8400,0.0000
2026-03-10 05:00:00,2.0000,579.4100,3.5700
2026-03-10 06:00:00,5.0000,1966.7700,527.1700
2026-03-10 07:00:00,6.0000,7929.4819,6201.9619
2026-03-10 08:00:00,5.0000,8071.6178,6632.0178
2026-03-10 09:00:00,3.0000,8937.8618,8074.1018
2026-03-10 10:00:00,3.0000,9860.2297,8996.4697
2026-03-10 11:00:00,3.5000,9394.3245,8386.6045
2026-03-10 12:00:00,4.0000,10550.3165,9398.6365
2026-03-10 13:00:00,3.5000,10591.2464,9583.5264
2026-03-10 14:00:00,3.0000,9030.2253,8166.4653
2026-03-10 15:00:00,3.0000,4596.9782,3733.2182
2026-03-10 16:00:00,3.0000,3631.8316,2768.0716
2026-03-10 17:00:00,5.0000,1478.8700,39.2700
2026-03-10 18:00:00,6.0000,1727.5200,0.0000
2026-03-10 19:00:00,7.0000,2015.4400,0.0000
2026-03-10 20:00:00,6.0000,1727.5200,0.0000
2026-03-10 21:00:00,5.0000,1439.6000,0.0000
2026-03-10 22:00:00,4.0000,1151.6800,0.0000
2026-03-10 23:00:00,3.0000,863.7600,0.0000
2026-03-11 00:00:00,2.0000,575.8400,0.0000
2026-03-11 01:00:00,2.0000,575.8400,0.0000
2026-03-11 02:00:00,2.0000,575.8400,0.0000
2026-03-11 03:00:00,2.0000,575.8400,0.0000
2026-03-11 04:00:00,2.0000,575.8400,0.0000
2026-03-11 05:00:00,2.0000,575.8400,0.0000
2026-03-11 06:00:00,5.0000,1856.8254,417.2254
2026-03-11 07:00:00,6.0000,2761.6327,1034.1127
2026-03-11 08:00:00,5.0000,5079.9387,3640.3387
2026-03-11 09:00:00,3.0000,5583.5188,4719.7588
2026-03-11 10:00:00,3.0000,863.7600,0.0000
2026-03-11 11:00:00,3.5000,1007.7200,0.0000
2026-03-11 12:00:00,4.0000,1151.6800,0.0000
2026-03-11 13:00:00,3.5000,8884.0190,7876.2990
2026-03-11 14:00:00,3.0000,6774.7154,5910.9554
2026-03-11 15:00:00,3.0000,2709.7432,1845.9832
2026-03-11 16:00:00,3.0000,2047.0656,1183.3056
2026-03-11 17:00:00,5.0000,1464.5900,24.9900
2026-03-11 18:00:00,6.0000,1727.5200,0.0000
2026-03-11 19:00:00,7.0000,2015.4400,0.0000
2026-03-11 20:00:00,6.0000,1727.5200,0.0000
2026-03-11 21:00:00,5.0000,1439.6000,0.0000
2026-03-11 22:00:00,4.0000,1151.6800,0.0000
2026-03-11 23:00:00,3.0000,863.7600,0.0000
2026-03-12 00:00:00,2.0000,575.8400,0.0000
2026-03-12 01:00:00,2.0000,575.8400,0.0000
2026-03-12 02:00:00,2.0000,575.8400,0.0000
2026-03-12 03:00:00,2.0000,575.8400,0.0000
2026-03-12 04:00:00,2.0000,575.8400,0.0000
2026-03-12 05:00:00,2.0000,575.8400,0.0000
2026-03-12 06:00:00,5.0000,1461.0200,21.4200
2026-03-12 07:00:00,6.0000,2095.2300,367.7100
2026-03-12 08:00:00,5.0000,2217.8600,778.2600
2026-03-12 09:00:00,3.0000,2141.8200,1278.0600
2026-03-12 10:00:00,3.0000,4083.9000,3220.1400
2026-03-12 11:00:00,3.5000,4604.8048,3597.0848
2026-03-12 12:00:00,4.0000,8146.2751,6994.5951
2026-03-12 13:00:00,3.5000,8586.5505,7578.8305
2026-03-12 14:00:00,3.0000,4704.2195,3840.4595
2026-03-12 15:00:00,3.0000,4127.7509,3263.9909
2026-03-12 16:00:00,3.0000,1682.2625,818.5025
2026-03-12 17:00:00,5.0000,1514.5700,74.9700
2026-03-12 18:00:00,6.0000,1727.5200,0.0000
2026-03-12 19:00:00,7.0000,2015.4400,0.0000
2026-03-12 20:00:00,6.0000,1727.5200,0.0000
2026-03-12 21:00:00,5.0000,1439.6000,0.0000
2026-03-12 22:00:00,4.0000,1151.6800,0.0000
2026-03-12 23:00:00,3.0000,863.7600,0.0000
2026-03-13 00:00:00,2.0000,575.8400,0.0000
2026-03-13 01:00:00,2.0000,575.8400,0.0000
2026-03-13 02:00:00,2.0000,575.8400,0.0000
2026-03-13 03:00:00,2.0000,575.8400,0.0000
2026-03-13 04:00:00,2.0000,575.8400,0.0000
2026-03-13 05:00:00,2.0000,594.2850,18.4450
2026-03-13 06:00:00,5.0000,5909.2682,4469.6682
2026-03-13 07:00:00,6.0000,9340.4720,7612.9520
2026-03-13 08:00:00,5.0000,10982.2318,9542.6318
2026-03-13 09:00:00,3.0000,10789.2161,9925.4561
2026-03-13 10:00:00,3.0000,10409.1847,9545.4247
2026-03-13 11:00:00,3.5000,9576.4079,8568.6879
2026-03-13 12:00:00,4.0000,10723.8333,9572.1533
2026-03-13 13:00:00,3.5000,10983.3968,9975.6768
2026-03-13 14:00:00,3.0000,8021.5302,7157.7702
2026-03-13 15:00:00,3.0000,6715.5736,5851.8136
2026-03-13 16:00:00,3.0000,3463.9408,2600.1808
2026-03-13 17:00:00,5.0000,1521.7100,82.1100
2026-03-13 18:00:00,6.0000,1727.5200,0.0000
2026-03-13 19:00:00,7.0000,2015.4400,0.0000
2026-03-13 20:00:00,6.0000,1727.5200,0.0000
2026-03-13 21:00:00,5.0000,1439.6000,0.0000
2026-03-13 22:00:00,4.0000,1151.6800,0.0000
2026-03-13 23:00:00,3.0000,863.7600,0.0000
2026-03-14 00:00:00,2.0000,575.8400,0.0000
2026-03-14 01:00:00,2.0000,575.8400,0.0000
2026-03-14 02:00:00,2.0000,575.8400,0.0000
2026-03-14 03:00:00,2.0000,575.8400,0.0000
2026-03-14 04:00:00,2.0000,575.8400,0.0000
2026-03-14 05:00:00,2.0000,579.4100,3.5700
2026-03-14 06:00:00,5.0000,1949.5688,509.9688
2026-03-14 07:00:00,6.0000,3305.4725,1577.9525
2026-03-14 08:00:00,5.0000,3382.3476,1942.7476
2026-03-14 09:00:00,4.0000,2326.2100,1174.5300
2026-03-14 10:00:00,4.0000,1476.5500,324.8700
2026-03-14 11:00:00,4.5000,1888.2600,592.6200
2026-03-14 12:00:00,5.0000,2453.4800,1013.8800
2026-03-14 13:00:00,4.5000,3084.2100,1788.5700
2026-03-14 14:00:00,4.0000,2526.1300,1374.4500
2026-03-14 15:00:00,4.0000,2131.3922,979.7122
2026-03-14 16:00:00,4.0000,1337.3200,185.6400
2026-03-14 17:00:00,6.0000,1734.6600,7.1400
2026-03-14 18:00:00,7.0000,2015.4400,0.0000
2026-03-14 19:00:00,7.5000,2159.4000,0.0000
2026-03-14 20:00:00,7.0000,2015.4400,0.0000
2026-03-14 21:00:00,6.0000,1727.5200,0.0000
2026-03-14 22:00:00,5.0000,1439.6000,0.0000
2026-03-14 23:00:00,4.0000,1151.6800,0.0000
2026-03-15 00:00:00,2.0000,575.8400,0.0000
2026-03-15 01:00:00,2.0000,575.8400,0.0000
2026-03-15 02:00:00,2.0000,575.8400,0.0000
2026-03-15 03:00:00,2.0000,575.8400,0.0000
2026-03-15 04:00:00,2.0000,575.8400,0.0000
2026-03-15 05:00:00,2.0000,575.8400,0.0000
2026-03-15 06:00:00,5.0000,1889.4200,449.8200
2026-03-15 07:00:00,6.0000,2662.8600,935.3400
2026-03-15 08:00:00,5.0000,4267.2552,2827.6552
2026-03-15 09:00:00,4.0000,5705.8411,4554.1611
2026-03-15 10:00:00,4.0000,5544.1957,4392.5157
2026-03-15 11:00:00,4.5000,4987.8070,3692.1670
2026-03-15 12:00:00,5.0000,4537.6508,3098.0508
2026-03-15 13:00:00,4.5000,3588.5815,2292.9415
2026-03-15 14:00:00,4.0000,3379.3600,2227.6800
2026-03-15 15:00:00,4.0000,2029.9000,878.2200
2026-03-15 16:00:00,4.0000,1412.2900,260.6100
2026-03-15 17:00:00,6.0000,1734.6600,7.1400
2026-03-15 18:00:00,7.0000,2015.4400,0.0000
2026-03-15 19:00:00,7.5000,2159.4000,0.0000
2026-03-15 20:00:00,7.0000,2015.4400,0.0000
2026-03-15 21:00:00,6.0000,1727.5200,0.0000
2026-03-15 22:00:00,5.0000,1439.6000,0.0000
2026-03-15 23:00:00,4.0000,1151.6800,0.0000
2026-03-16 00:00:00,2.0000,575.8400,0.0000
2026-03-16 01:00:00,2.0000,575.8400,0.0000
2026-03-16 02:00:00,2.0000,575.8400,0.0000
2026-03-16 03:00:00,2.0000,575.8400,0.0000
2026-03-16 04:00:00,2.0000,575.8400,0.0000
2026-03-16 05:00:00,2.0000,586.5500,10.7100
2026-03-16 06:00:00,5.0000,4944.9774,3505.3774
2026-03-16 07:00:00,6.0000,9286.4523,7558.9323
2026-03-16 08:00:00,5.0000,8485.5693,7045.9693
2026-03-16 09:00:00,3.0000,4750.8959,3887.1359
2026-03-16 10:00:00,3.0000,3506.2349,2642.4749
2026-03-16 11:00:00,3.5000,4113.6200,3105.9000
2026-03-16 12:00:00,4.0000,6547.5737,5395.8937
2026-03-16 13:00:00,3.5000,5373.9332,4366.2132
2026-03-16 14:00:00,3.0000,3682.8510,2819.0910
2026-03-16 15:00:00,3.0000,2789.1591,1925.3991
2026-03-16 16:00:00,3.0000,1420.6800,556.9200
2026-03-16 17:00:00,5.0000,1471.7300,32.1300
2026-03-16 18:00:00,6.0000,1727.5200,0.0000
2026-03-16 19:00:00,7.0000,2015.4400,0.0000
2026-03-16 20:00:00,6.0000,1727.5200,0.0000
2026-03-16 21:00:00,5.0000,1439.6000,0.0000
2026-03-16 22:00:00,4.0000,1151.6800,0.0000
2026-03-16 23:00:00,3.0000,863.7600,0.0000
2026-03-17 00:00:00,2.0000,575.8400,0.0000
2026-03-17 01:00:00,2.0000,575.8400,0.0000
2026-03-17 02:00:00,2.0000,575.8400,0.0000
2026-03-17 03:00:00,2.0000,575.8400,0.0000
2026-03-17 04:00:00,2.0000,575.8400,0.0000
2026-03-17 05:00:00,2.0000,579.4100,3.5700
2026-03-17 06:00:00,5.0000,1900.1300,460.5300
2026-03-17 07:00:00,6.0000,2880.6300,1153.1100
2026-03-17 08:00:00,5.0000,4251.0532,2811.4532
2026-03-17 09:00:00,3.0000,4076.7600,3213.0000
2026-03-17 10:00:00,3.0000,4499.2584,3635.4984
2026-03-17 11:00:00,3.5000,5894.8423,4887.1223
2026-03-17 12:00:00,4.0000,3787.5736,2635.8936
2026-03-17 13:00:00,3.5000,2981.9300,1974.2100
2026-03-17 14:00:00,3.0000,1877.6400,1013.8800
2026-03-17 15:00:00,3.0000,2449.8372,1586.0772
2026-03-17 16:00:00,3.0000,1517.0700,653.3100
2026-03-17 17:00:00,5.0000,1507.4300,67.8300
2026-03-17 18:00:00,6.0000,1727.5200,0.0000
2026-03-17 19:00:00,7.0000,2015.4400,0.0000
2026-03-17 20:00:00,6.0000,1727.5200,0.0000
2026-03-17 21:00:00,5.0000,1439.6000,0.0000
2026-03-17 22:00:00,4.0000,1151.6800,0.0000
2026-03-17 23:00:00,3.0000,863.7600,0.0000
2026-03-18 00:00:00,2.0000,575.8400,0.0000
2026-03-18 01:00:00,2.0000,575.8400,0.0000
2026-03-18 02:00:00,2.0000,575.8400,0.0000
2026-03-18 03:00:00,2.0000,575.8400,0.0000
2026-03-18 04:00:00,2.0000,575.8400,0.0000
2026-03-18 05:00:00,2.0000,611.5400,35.7000
2026-03-18 06:00:00,5.0000,5037.6741,3598.0741
2026-03-18 07:00:00,6.0000,8504.6083,6777.0883
2026-03-18 08:00:00,5.0000,10028.3680,8588.7680
2026-03-18 09:00:00,3.0000,10181.9064,9318.1464
2026-03-18 10:00:00,3.0000,8819.7608,7956.0008
2026-03-18 11:00:00,3.5000,8874.9372,7867.2172
2026-03-18 12:00:00,4.0000,10001.8112,8850.1312
2026-03-18 13:00:00,3.5000,10685.7647,9678.0447
2026-03-18 14:00:00,3.0000,9236.8086,8373.0486
2026-03-18 15:00:00,3.0000,6521.0009,5657.2409
2026-03-18 16:00:00,3.0000,3462.5468,2598.7868
2026-03-18 17:00:00,5.0000,1590.7300,151.1300
2026-03-18 18:00:00,6.0000,1727.5200,0.0000
2026-03-18 19:00:00,7.0000,2015.4400,0.0000
2026-03-18 20:00:00,6.0000,1727.5200,0.0000
2026-03-18 21:00:00,5.0000,1439.6000,0.0000
2026-03-18 22:00:00,4.0000,1151.6800,0.0000
2026-03-18 23:00:00,3.0000,863.7600,0.0000
2026-03-19 00:00:00,2.0000,575.8400,0.0000
2026-03-19 01:00:00,2.0000,575.8400,0.0000
2026-03-19 02:00:00,2.0000,575.8400,0.0000
2026-03-19 03:00:00,2.0000,575.8400,0.0000
2026-03-19 04:00:00,2.0000,575.8400,0.0000
2026-03-19 05:00:00,2.0000,640.1000,64.2600
2026-03-19 06:00:00,5.0000,5142.7043,3703.1043
2026-03-19 07:00:00,6.0000,8664.7858,6937.2658
2026-03-19 08:00:00,5.0000,7483.1975,6043.5975
2026-03-19 09:00:00,3.0000,7343.8138,6480.0538
2026-03-19 10:00:00,3.0000,6157.1953,5293.4353
2026-03-19 11:00:00,3.5000,6408.2689,5400.5489
2026-03-19 12:00:00,4.0000,7160.1904,6008.5104
2026-03-19 13:00:00,3.5000,9274.0749,8266.3549
2026-03-19 14:00:00,3.0000,9599.3922,8735.6322
2026-03-19 15:00:00,3.0000,8092.4554,7228.6954
2026-03-19 16:00:00,3.0000,5242.9811,4379.2211
2026-03-19 17:00:00,5.0000,1591.9200,152.3200
2026-03-19 18:00:00,6.0000,1727.5200,0.0000
2026-03-19 19:00:00,7.0000,2015.4400,0.0000
2026-03-19 20:00:00,6.0000,1727.5200,0.0000
2026-03-19 21:00:00,5.0000,1439.6000,0.0000
2026-03-19 22:00:00,4.0000,1151.6800,0.0000
2026-03-19 23:00:00,3.0000,863.7600,0.0000
2026-03-20 00:00:00,2.0000,575.8400,0.0000
2026-03-20 01:00:00,2.0000,575.8400,0.0000
2026-03-20 02:00:00,2.0000,575.8400,0.0000
2026-03-20 03:00:00,2.0000,575.8400,0.0000
2026-03-20 04:00:00,2.0000,575.8400,0.0000
2026-03-20 05:00:00,2.0000,636.5300,60.6900
2026-03-20 06:00:00,5.0000,5767.7926,4328.1926
2026-03-20 07:00:00,6.0000,8957.0133,7229.4933
2026-03-20 08:00:00,5.0000,10453.0097,9013.4097
2026-03-20 09:00:00,3.0000,10740.6056,9876.8456
2026-03-20 10:00:00,3.0000,10428.1030,9564.3430
2026-03-20 11:00:00,3.5000,9569.1900,8561.4700
2026-03-20 12:00:00,4.0000,10722.7220,9571.0420
2026-03-20 13:00:00,3.5000,10996.5060,9988.7860
2026-03-20 14:00:00,3.0000,10402.7186,9538.9586
2026-03-20 15:00:00,3.0000,8678.8975,7815.1375
2026-03-20 16:00:00,3.0000,5897.6688,5033.9088
2026-03-20 17:00:00,5.0000,1602.6300,163.0300
2026-03-20 18:00:00,6.0000,1727.5200,0.0000
2026-03-20 19:00:00,7.0000,2015.4400,0.0000
2026-03-20 20:00:00,6.0000,1727.5200,0.0000
2026-03-20 21:00:00,5.0000,1439.6000,0.0000
2026-03-20 22:00:00,4.0000,1151.6800,0.0000
2026-03-20 23:00:00,3.0000,863.7600,0.0000
2026-03-21 00:00:00,2.0000,575.8400,0.0000
2026-03-21 01:00:00,2.0000,575.8400,0.0000
2026-03-21 02:00:00,2.0000,575.8400,0.0000
2026-03-21 03:00:00,2.0000,575.8400,0.0000
2026-03-21 04:00:00,2.0000,575.8400,0.0000
2026-03-21 05:00:00,2.0000,632.9600,57.1200
2026-03-21 06:00:00,5.0000,3206.6983,1767.0983
2026-03-21 07:00:00,6.0000,7857.8084,6130.2884
2026-03-21 08:00:00,5.0000,9270.6183,7831.0183
2026-03-21 09:00:00,4.0000,8429.7075,7278.0275
2026-03-21 10:00:00,4.0000,7433.2818,6281.6018
2026-03-21 11:00:00,4.5000,7639.4712,6343.8312
2026-03-21 12:00:00,5.0000,5322.1625,3882.5625
2026-03-21 13:00:00,4.5000,5189.2555,3893.6155
2026-03-21 14:00:00,4.0000,4078.6375,2926.9575
2026-03-21 15:00:00,4.0000,3545.3287,2393.6487
2026-03-21 16:00:00,4.0000,3314.9828,2163.3028
2026-03-21 17:00:00,6.0000,1959.5700,232.0500
2026-03-21 18:00:00,7.0000,2015.4400,0.0000
2026-03-21 19:00:00,7.5000,2159.4000,0.0000
2026-03-21 20:00:00,7.0000,2015.4400,0.0000
2026-03-21 21:00:00,6.0000,1727.5200,0.0000
2026-03-21 22:00:00,5.0000,1439.6000,0.0000
2026-03-21 23:00:00,4.0000,1151.6800,0.0000
2026-03-22 00:00:00,2.0000,575.8400,0.0000
2026-03-22 01:00:00,2.0000,575.8400,0.0000
2026-03-22 02:00:00,2.0000,575.8400,0.0000
2026-03-22 03:00:00,2.0000,575.8400,0.0000
2026-03-22 04:00:00,2.0000,575.8400,0.0000
2026-03-22 05:00:00,2.0000,593.6900,17.8500
2026-03-22 06:00:00,5.0000,1904.6779,465.0779
2026-03-22 07:00:00,6.0000,4083.5350,2356.0150
2026-03-22 08:00:00,5.0000,8802.8695,7363.2695
2026-03-22 09:00:00,4.0000,10600.7356,9449.0556
2026-03-22 10:00:00,4.0000,10575.2855,9423.6055
2026-03-22 11:00:00,4.5000,9991.6361,8695.9961
2026-03-22 12:00:00,5.0000,11015.9854,9576.3854
2026-03-22 13:00:00,4.5000,11067.8733,9772.2333
2026-03-22 14:00:00,4.0000,10119.4754,8967.7954
2026-03-22 15:00:00,4.0000,4730.6363,3578.9563
2026-03-22 16:00:00,4.0000,4184.2678,3032.5878
2026-03-22 17:00:00,6.0000,1923.2750,195.7550
2026-03-22 18:00:00,7.0000,2015.4400,0.0000
2026-03-22 19:00:00,7.5000,2159.4000,0.0000
2026-03-22 20:00:00,7.0000,2015.4400,0.0000
2026-03-22 21:00:00,6.0000,1727.5200,0.0000
2026-03-22 22:00:00,5.0000,1439.6000,0.0000
2026-03-22 23:00:00,4.0000,1151.6800,0.0000
2026-03-23 00:00:00,2.0000,575.8400,0.0000
2026-03-23 01:00:00,2.0000,575.8400,0.0000
2026-03-23 02:00:00,2.0000,575.8400,0.0000
2026-03-23 03:00:00,2.0000,575.8400,0.0000
2026-03-23 04:00:00,2.0000,575.8400,0.0000
2026-03-23 05:00:00,2.0000,625.8200,49.9800
2026-03-23 06:00:00,5.0000,2050.0700,610.4700
2026-03-23 07:00:00,6.0000,3733.1845,2005.6645
2026-03-23 08:00:00,5.0000,5838.6083,4399.0083
2026-03-23 09:00:00,3.0000,5147.2143,4283.4543
2026-03-23 10:00:00,3.0000,4033.7240,3169.9640
2026-03-23 11:00:00,3.5000,4353.8939,3346.1739
2026-03-23 12:00:00,4.0000,4065.1431,2913.4631
2026-03-23 13:00:00,3.5000,2396.4500,1388.7300
2026-03-23 14:00:00,3.0000,2534.5200,1670.7600
2026-03-23 15:00:00,3.0000,2256.0600,1392.3000
2026-03-23 16:00:00,3.0000,1877.0464,1013.2864
2026-03-23 17:00:00,5.0000,1614.5300,174.9300
2026-03-23 18:00:00,6.0000,1727.5200,0.0000
2026-03-23 19:00:00,7.0000,2015.4400,0.0000
2026-03-23 20:00:00,6.0000,1727.5200,0.0000
2026-03-23 21:00:00,5.0000,1439.6000,0.0000
2026-03-23 22:00:00,4.0000,1151.6800,0.0000
2026-03-23 23:00:00,3.0000,863.7600,0.0000
2026-03-24 00:00:00,2.0000,575.8400,0.0000
2026-03-24 01:00:00,2.0000,575.8400,0.0000
2026-03-24 02:00:00,2.0000,575.8400,0.0000
2026-03-24 03:00:00,2.0000,575.8400,0.0000
2026-03-24 04:00:00,2.0000,575.8400,0.0000
2026-03-24 05:00:00,2.0000,697.2200,121.3800
2026-03-24 06:00:00,5.0000,3367.4289,1927.8289
2026-03-24 07:00:00,6.0000,6118.8445,4391.3245
2026-03-24 08:00:00,5.0000,8515.5381,7075.9381
2026-03-24 09:00:00,3.0000,8975.1481,8111.3881
2026-03-24 10:00:00,3.0000,9734.0932,8870.3332
2026-03-24 11:00:00,3.5000,8901.3853,7893.6653
2026-03-24 12:00:00,4.0000,10269.8710,9118.1910
2026-03-24 13:00:00,3.5000,10050.5724,9042.8524
2026-03-24 14:00:00,3.0000,8965.0460,8101.2860
2026-03-24 15:00:00,3.0000,8132.4085,7268.6485
2026-03-24 16:00:00,3.0000,4058.7279,3194.9679
2026-03-24 17:00:00,5.0000,1689.5000,249.9000
2026-03-24 18:00:00,6.0000,1727.5200,0.0000
2026-03-24 19:00:00,7.0000,2015.4400,0.0000
2026-03-24 20:00:00,6.0000,1727.5200,0.0000
2026-03-24 21:00:00,5.0000,1439.6000,0.0000
2026-03-24 22:00:00,4.0000,1151.6800,0.0000
2026-03-24 23:00:00,3.0000,863.7600,0.0000
2026-03-25 00:00:00,2.0000,575.8400,0.0000
2026-03-25 01:00:00,2.0000,575.8400,0.0000
2026-03-25 02:00:00,2.0000,575.8400,0.0000
2026-03-25 03:00:00,2.0000,575.8400,0.0000
2026-03-25 04:00:00,2.0000,575.8400,0.0000
2026-03-25 05:00:00,2.0000,669.2550,93.4150
2026-03-25 06:00:00,5.0000,5890.7285,4451.1285
2026-03-25 07:00:00,6.0000,8543.4790,6815.9590
2026-03-25 08:00:00,5.0000,5171.2583,3731.6583
2026-03-25 09:00:00,3.0000,7146.1007,6282.3407
2026-03-25 10:00:00,3.0000,6713.7675,5850.0075
2026-03-25 11:00:00,3.5000,3834.8228,2827.1028
2026-03-25 12:00:00,4.0000,6206.1320,5054.4520
2026-03-25 13:00:00,3.5000,3585.7768,2578.0568
2026-03-25 14:00:00,3.0000,1941.9000,1078.1400
2026-03-25 15:00:00,3.0000,1167.2100,303.4500
2026-03-25 16:00:00,3.0000,1174.3500,310.5900
2026-03-25 17:00:00,5.0000,1475.3000,35.7000
2026-03-25 18:00:00,6.0000,1727.5200,0.0000
2026-03-25 19:00:00,7.0000,2015.4400,0.0000
2026-03-25 20:00:00,6.0000,1727.5200,0.0000
2026-03-25 21:00:00,5.0000,1439.6000,0.0000
2026-03-25 22:00:00,4.0000,1151.6800,0.0000
2026-03-25 23:00:00,3.0000,863.7600,0.0000
2026-03-26 00:00:00,2.0000,575.8400,0.0000
2026-03-26 01:00:00,2.0000,575.8400,0.0000
2026-03-26 02:00:00,2.0000,575.8400,0.0000
2026-03-26 03:00:00,2.0000,575.8400,0.0000
2026-03-26 04:00:00,2.0000,575.8400,0.0000
2026-03-26 05:00:00,2.0000,593.6900,17.8500
2026-03-26 06:00:00,5.0000,1650.2300,210.6300
2026-03-26 07:00:00,6.0000,2277.3000,549.7800
2026-03-26 08:00:00,5.0000,3975.9781,2536.3781
2026-03-26 09:00:00,3.0000,3477.0000,2613.2400
2026-03-26 10:00:00,3.0000,2366.7300,1502.9700
2026-03-26 11:00:00,3.5000,3256.8200,2249.1000
2026-03-26 12:00:00,4.0000,4764.5200,3612.8400
2026-03-26 13:00:00,3.5000,5812.3170,4804.5970
2026-03-26 14:00:00,3.0000,5358.0954,4494.3354
2026-03-26 15:00:00,3.0000,4629.7982,3766.0382
2026-03-26 16:00:00,3.0000,1698.9457,835.1857
2026-03-26 17:00:00,5.0000,1728.1750,288.5750
2026-03-26 18:00:00,6.0000,1727.5200,0.0000
2026-03-26 19:00:00,7.0000,2015.4400,0.0000
2026-03-26 20:00:00,6.0000,1727.5200,0.0000
2026-03-26 21:00:00,5.0000,1439.6000,0.0000
2026-03-26 22:00:00,4.0000,1151.6800,0.0000
2026-03-26 23:00:00,3.0000,863.7600,0.0000
2026-03-27 00:00:00,2.0000,575.8400,0.0000
2026-03-27 01:00:00,2.0000,575.8400,0.0000
2026-03-27 02:00:00,2.0000,575.8400,0.0000
2026-03-27 03:00:00,2.0000,575.8400,0.0000
2026-03-27 04:00:00,2.0000,575.8400,0.0000
2026-03-27 05:00:00,2.0000,650.8100,74.9700
2026-03-27 06:00:00,5.0000,2296.4000,856.8000
2026-03-27 07:00:00,6.0000,3612.4800,1884.9600
2026-03-27 08:00:00,5.0000,4639.0815,3199.4815
2026-03-27 09:00:00,3.0000,6027.5862,5163.8262
2026-03-27 10:00:00,3.0000,5361.0481,4497.2881
2026-03-27 11:00:00,3.5000,5554.8523,4547.1323
2026-03-27 12:00:00,4.0000,6143.2195,4991.5395
2026-03-27 13:00:00,3.5000,9963.0922,8955.3722
2026-03-27 14:00:00,3.0000,9189.6221,8325.8621
2026-03-27 15:00:00,3.0000,4472.0959,3608.3359
2026-03-27 16:00:00,3.0000,3805.3951,2941.6351
2026-03-27 17:00:00,5.0000,1585.9700,146.3700
2026-03-27 18:00:00,6.0000,1727.5200,0.0000
2026-03-27 19:00:00,7.0000,2015.4400,0.0000
2026-03-27 20:00:00,6.0000,1727.5200,0.0000
2026-03-27 21:00:00,5.0000,1439.6000,0.0000
2026-03-27 22:00:00,4.0000,1151.6800,0.0000
2026-03-27 23:00:00,3.0000,863.7600,0.0000
2026-03-28 00:00:00,2.0000,575.8400,0.0000
2026-03-28 01:00:00,2.0000,575.8400,0.0000
2026-03-28 02:00:00,2.0000,575.8400,0.0000
2026-03-28 03:00:00,2.0000,575.8400,0.0000
2026-03-28 04:00:00,2.0000,575.8400,0.0000
2026-03-28 05:00:00,2.0000,765.6450,189.8050
2026-03-28 06:00:00,5.0000,6170.6161,4731.0161
2026-03-28 07:00:00,6.0000,8919.3750,7191.8550
2026-03-28 08:00:00,5.0000,9903.2747,8463.6747
2026-03-28 09:00:00,4.0000,10157.0563,9005.3763
2026-03-28 10:00:00,4.0000,10400.2829,9248.6029
2026-03-28 11:00:00,4.5000,9010.8597,7715.2197
2026-03-28 12:00:00,5.0000,10240.6440,8801.0440
2026-03-28 13:00:00,4.5000,10215.1142,8919.4742
2026-03-28 14:00:00,4.0000,7337.9680,6186.2880
2026-03-28 15:00:00,4.0000,5863.3945,4711.7145
2026-03-28 16:00:00,4.0000,2188.7078,1037.0278
2026-03-28 17:00:00,6.0000,1906.0200,178.5000
2026-03-28 18:00:00,7.0000,2015.4400,0.0000
2026-03-28 19:00:00,7.5000,2159.4000,0.0000
2026-03-28 20:00:00,7.0000,2015.4400,0.0000
2026-03-28 21:00:00,6.0000,1727.5200,0.0000
2026-03-28 22:00:00,5.0000,1439.6000,0.0000
2026-03-28 23:00:00,4.0000,1151.6800,0.0000
2026-03-29 00:00:00,2.0000,575.8400,0.0000
2026-03-29 01:00:00,2.0000,575.8400,0.0000
2026-03-29 02:00:00,2.0000,575.8400,0.0000
2026-03-29 03:00:00,2.0000,575.8400,0.0000
2026-03-29 04:00:00,2.0000,575.8400,0.0000
2026-03-29 05:00:00,2.0000,597.2600,21.4200
2026-03-29 06:00:00,5.0000,2135.7500,696.1500
2026-03-29 07:00:00,6.0000,3166.2300,1438.7100
2026-03-29 08:00:00,5.0000,4609.7600,3170.1600
2026-03-29 09:00:00,4.0000,5675.8462,4524.1662
2026-03-29 10:00:00,4.0000,6067.6246,4915.9446
2026-03-29 11:00:00,4.5000,5176.2300,3880.5900
2026-03-29 12:00:00,5.0000,4349.1500,2909.5500
2026-03-29 13:00:00,4.5000,3716.8338,2421.1938
2026-03-29 14:00:00,4.0000,3800.1719,2648.4919
2026-03-29 15:00:00,4.0000,2786.0683,1634.3883
2026-03-29 16:00:00,4.0000,2026.3300,874.6500
2026-03-29 17:00:00,6.0000,1816.7700,89.2500
2026-03-29 18:00:00,7.0000,2015.4400,0.0000
2026-03-29 19:00:00,7.5000,2159.4000,0.0000
2026-03-29 20:00:00,7.0000,2015.4400,0.0000
2026-03-29 21:00:00,6.0000,1727.5200,0.0000
2026-03-29 22:00:00,5.0000,1439.6000,0.0000
2026-03-29 23:00:00,4.0000,1151.6800,0.0000
2026-03-30 00:00:00,2.0000,575.8400,0.0000
2026-03-30 01:00:00,2.0000,575.8400,0.0000
2026-03-30 02:00:00,2.0000,575.8400,0.0000
2026-03-30 03:00:00,2.0000,575.8400,0.0000
2026-03-30 04:00:00,2.0000,575.8400,0.0000
2026-03-30 05:00:00,2.0000,611.5400,35.7000
2026-03-30 06:00:00,5.0000,1757.3300,317.7300
2026-03-30 07:00:00,6.0000,2684.2800,956.7600
2026-03-30 08:00:00,5.0000,3424.5200,1984.9200
2026-03-30 09:00:00,3.0000,4332.6210,3468.8610
2026-03-30 10:00:00,3.0000,3294.9300,2431.1700
2026-03-30 11:00:00,3.5000,2167.4668,1159.7468
2026-03-30 12:00:00,4.0000,2422.6000,1270.9200
2026-03-30 13:00:00,3.5000,2239.3700,1231.6500
2026-03-30 14:00:00,3.0000,3077.1600,2213.4000
2026-03-30 15:00:00,3.0000,2520.2400,1656.4800
2026-03-30 16:00:00,3.0000,4873.7149,4009.9549
2026-03-30 17:00:00,5.0000,2007.8250,568.2250
2026-03-30 18:00:00,6.0000,1727.5200,0.0000
2026-03-30 19:00:00,7.0000,2015.4400,0.0000
2026-03-30 20:00:00,6.0000,1727.5200,0.0000
2026-03-30 21:00:00,5.0000,1439.6000,0.0000
2026-03-30 22:00:00,4.0000,1151.6800,0.0000
2026-03-30 23:00:00,3.0000,863.7600,0.0000
2026-03-31 00:00:00,2.0000,575.8400,0.0000
2026-03-31 01:00:00,2.0000,575.8400,0.0000
2026-03-31 02:00:00,2.0000,575.8400,0.0000
2026-03-31 03:00:00,2.0000,575.8400,0.0000
2026-03-31 04:00:00,2.0000,575.8400,0.0000
2026-03-31 05:00:00,2.0000,704.3600,128.5200
2026-03-31 06:00:00,5.0000,2225.0000,785.4000
2026-03-31 07:00:00,6.0000,3580.3500,1852.8300
2026-03-31 08:00:00,5.0000,3772.1059,2332.5059
2026-03-31 09:00:00,3.0000,5463.0055,4599.2455
2026-03-31 10:00:00,3.0000,5572.4141,4708.6541
2026-03-31 11:00:00,3.5000,4527.7400,3520.0200
2026-03-31 12:00:00,4.0000,5864.1486,4712.4686
2026-03-31 13:00:00,3.5000,9072.4369,8064.7169
2026-03-31 14:00:00,3.0000,5549.6729,4685.9129
2026-03-31 15:00:00,3.0000,2734.4400,1870.6800
2026-03-31 16:00:00,3.0000,1577.7600,714.0000
2026-03-31 17:00:00,5.0000,1671.6500,232.0500
2026-03-31 18:00:00,6.0000,1727.5200,0.0000
2026-03-31 19:00:00,7.0000,2015.4400,0.0000
2026-03-31 20:00:00,6.0000,1727.5200,0.0000
2026-03-31 21:00:00,5.0000,1439.6000,0.0000
2026-03-31 22:00:00,4.0000,1151.6800,0.0000
2026-03-31 23:00:00,3.0000,863.7600,0.0000
2026-04-01 00:00:00,2.0000,575.8400,0.0000
2026-04-01 01:00:00,2.0000,575.8400,0.0000
2026-04-01 02:00:00,2.0000,575.8400,0.0000
2026-04-01 03:00:00,2.0000,575.8400,0.0000
2026-04-01 04:00:00,2.0000,575.8400,0.0000
2026-04-01 05:00:00,2.0000,675.8000,99.9600
2026-04-01 06:00:00,5.0000,1843.0100,403.4100
2026-04-01 07:00:00,6.0000,2884.2000,1156.6800
2026-04-01 08:00:00,5.0000,3788.6600,2349.0600
2026-04-01 09:00:00,3.0000,5672.2857,4808.5257
2026-04-01 10:00:00,3.0000,8672.3997,7808.6397
2026-04-01 11:00:00,3.5000,8314.4422,7306.7222
2026-04-01 12:00:00,4.0000,6882.9641,5731.2841
2026-04-01 13:00:00,3.5000,3692.9513,2685.2313
2026-04-01 14:00:00,3.0000,2883.4413,2019.6813
2026-04-01 15:00:00,3.0000,2773.9884,1910.2284
2026-04-01 16:00:00,3.0000,1542.0600,678.3000
2026-04-01 17:00:00,5.0000,1685.9300,246.3300
2026-04-01 18:00:00,6.0000,1727.5200,0.0000
2026-04-01 19:00:00,7.0000,2015.4400,0.0000
2026-04-01 20:00:00,6.0000,1727.5200,0.0000
2026-04-01 21:00:00,5.0000,1439.6000,0.0000
2026-04-01 22:00:00,4.0000,1151.6800,0.0000
2026-04-01 23:00:00,3.0000,863.7600,0.0000
2026-04-02 00:00:00,2.0000,575.8400,0.0000
2026-04-02 01:00:00,2.0000,575.8400,0.0000
2026-04-02 02:00:00,2.0000,575.8400,0.0000
2026-04-02 03:00:00,2.0000,575.8400,0.0000
2026-04-02 04:00:00,2.0000,575.8400,0.0000
2026-04-02 05:00:00,2.0000,883.4550,307.6150
2026-04-02 06:00:00,5.0000,4079.8554,2640.2554
2026-04-02 07:00:00,6.0000,7263.1323,5535.6123
2026-04-02 08:00:00,5.0000,9034.1363,7594.5363
2026-04-02 09:00:00,3.0000,7195.8080,6332.0480
2026-04-02 10:00:00,3.0000,6982.5557,6118.7957
2026-04-02 11:00:00,3.5000,6755.9800,5748.2600
2026-04-02 12:00:00,4.0000,4850.1499,3698.4699
2026-04-02 13:00:00,3.5000,5503.6909,4495.9709
2026-04-02 14:00:00,3.0000,3485.4389,2621.6789
2026-04-02 15:00:00,3.0000,2370.3000,1506.5400
2026-04-02 16:00:00,3.0000,2124.2761,1260.5161
2026-04-02 17:00:00,5.0000,1790.0550,350.4550
2026-04-02 18:00:00,6.0000,1727.5200,0.0000
2026-04-02 19:00:00,7.0000,2015.4400,0.0000
2026-04-02 20:00:00,6.0000,1727.5200,0.0000
2026-04-02 21:00:00,5.0000,1439.6000,0.0000
2026-04-02 22:00:00,4.0000,1151.6800,0.0000
2026-04-02 23:00:00,3.0000,863.7600,0.0000
2026-04-03 00:00:00,2.0000,575.8400,0.0000
2026-04-03 01:00:00,2.0000,575.8400,0.0000
2026-04-03 02:00:00,2.0000,575.8400,0.0000
2026-04-03 03:00:00,2.0000,575.8400,0.0000
2026-04-03 04:00:00,2.0000,575.8400,0.0000
2026-04-03 05:00:00,2.0000,878.1000,302.2600
2026-04-03 06:00:00,5.0000,6225.5797,4785.9797
2026-04-03 07:00:00,6.0000,8962.3362,7234.8162
2026-04-03 08:00:00,5.0000,8828.3342,7388.7342
2026-04-03 09:00:00,3.0000,6796.8980,5933.1380
2026-04-03 10:00:00,3.0000,7259.4436,6395.6836
2026-04-03 11:00:00,3.5000,11123.7835,10116.0635
2026-04-03 12:00:00,4.0000,9626.2469,8474.5669
2026-04-03 13:00:00,3.5000,10810.4817,9802.7617
2026-04-03 14:00:00,3.0000,9947.5691,9083.8091
2026-04-03 15:00:00,3.0000,7198.6884,6334.9284
2026-04-03 16:00:00,3.0000,2640.9757,1777.2157
2026-04-03 17:00:00,5.0000,1800.1700,360.5700
2026-04-03 18:00:00,6.0000,1727.5200,0.0000
2026-04-03 19:00:00,7.0000,2015.4400,0.0000
2026-04-03 20:00:00,6.0000,1727.5200,0.0000
2026-04-03 21:00:00,5.0000,1439.6000,0.0000
2026-04-03 22:00:00,4.0000,1151.6800,0.0000
2026-04-03 23:00:00,3.0000,863.7600,0.0000
2026-04-04 00:00:00,2.0000,575.8400,0.0000
2026-04-04 01:00:00,2.0000,575.8400,0.0000
2026-04-04 02:00:00,2.0000,575.8400,0.0000
2026-04-04 03:00:00,2.0000,575.8400,0.0000
2026-04-04 04:00:00,2.0000,575.8400,0.0000
2026-04-04 05:00:00,2.0000,611.5400,35.7000
2026-04-04 06:00:00,5.0000,2178.5900,738.9900
2026-04-04 07:00:00,6.0000,3443.1374,1715.6174
2026-04-04 08:00:00,5.0000,3891.6956,2452.0956
2026-04-04 09:00:00,4.0000,4983.1797,3831.4997
2026-04-04 10:00:00,4.0000,4385.8795,3234.1995
2026-04-04 11:00:00,4.5000,5239.8353,3944.1953
2026-04-04 12:00:00,5.0000,7399.0349,5959.4349
2026-04-04 13:00:00,4.5000,6890.9916,5595.3516
2026-04-04 14:00:00,4.0000,5750.3670,4598.6870
2026-04-04 15:00:00,4.0000,3585.4267,2433.7467
2026-04-04 16:00:00,4.0000,2554.8336,1403.1536
2026-04-04 17:00:00,6.0000,2163.6550,436.1350
2026-04-04 18:00:00,7.0000,2015.4400,0.0000
2026-04-04 19:00:00,7.5000,2159.4000,0.0000
2026-04-04 20:00:00,7.0000,2015.4400,0.0000
2026-04-04 21:00:00,6.0000,1727.5200,0.0000
2026-04-04 22:00:00,5.0000,1439.6000,0.0000
2026-04-04 23:00:00,4.0000,1151.6800,0.0000
2026-04-05 00:00:00,2.0000,575.8400,0.0000
2026-04-05 01:00:00,2.0000,575.8400,0.0000
2026-04-05 02:00:00,2.0000,575.8400,0.0000
2026-04-05 03:00:00,2.0000,575.8400,0.0000
2026-04-05 04:00:00,2.0000,575.8400,0.0000
2026-04-05 05:00:00,2.0000,2663.5057,2087.6657
2026-04-05 06:00:00,5.0000,6793.9531,5354.3531
2026-04-05 07:00:00,6.0000,8700.3187,6972.7987
2026-04-05 08:00:00,5.0000,9332.7534,7893.1534
2026-04-05 09:00:00,4.0000,10769.5848,9617.9048
2026-04-05 10:00:00,4.0000,10056.8636,8905.1836
2026-04-05 11:00:00,4.5000,8497.3071,7201.6671
2026-04-05 12:00:00,5.0000,9450.2733,8010.6733
2026-04-05 13:00:00,4.5000,10240.6069,8944.9669
2026-04-05 14:00:00,4.0000,6342.6134,5190.9334
2026-04-05 15:00:00,4.0000,5790.9014,4639.2214
2026-04-05 16:00:00,4.0000,4528.4520,3376.7720
2026-04-05 17:00:00,6.0000,2156.5150,428.9950
2026-04-05 18:00:00,7.0000,2015.4400,0.0000
2026-04-05 19:00:00,7.5000,2159.4000,0.0000
2026-04-05 20:00:00,7.0000,2015.4400,0.0000
2026-04-05 21:00:00,6.0000,1727.5200,0.0000
2026-04-05 22:00:00,5.0000,1439.6000,0.0000
2026-04-05 23:00:00,4.0000,1151.6800,0.0000
2026-04-06 00:00:00,2.0000,575.8400,0.0000
2026-04-06 01:00:00,2.0000,575.8400,0.0000
2026-04-06 02:00:00,2.0000,575.8400,0.0000
2026-04-06 03:00:00,2.0000,575.8400,0.0000
2026-04-06 04:00:00,2.0000,575.8400,0.0000
2026-04-06 05:00:00,2.0000,836.4500,260.6100
2026-04-06 06:00:00,5.0000,2539.1600,1099.5600
2026-04-06 07:00:00,6.0000,7182.1371,5454.6171
2026-04-06 08:00:00,5.0000,7649.1884,6209.5884
2026-04-06 09:00:00,3.0000,10108.5893,9244.8293
2026-04-06 10:00:00,3.0000,8198.3554,7334.5954
2026-04-06 11:00:00,3.5000,6875.6647,5867.9447
2026-04-06 12:00:00,4.0000,8900.2904,7748.6104
2026-04-06 13:00:00,3.5000,7284.6111,6276.8911
2026-04-06 14:00:00,3.0000,8351.8562,7488.0962
2026-04-06 15:00:00,3.0000,7086.6535,6222.8935
2026-04-06 16:00:00,3.0000,5879.4235,5015.6635
2026-04-06 17:00:00,5.0000,1876.9250,437.3250
2026-04-06 18:00:00,6.0000,1727.5200,0.0000
2026-04-06 19:00:00,7.0000,2015.4400,0.0000
2026-04-06 20:00:00,6.0000,1727.5200,0.0000
2026-04-06 21:00:00,5.0000,1439.6000,0.0000
2026-04-06 22:00:00,4.0000,1151.6800,0.0000
2026-04-06 23:00:00,3.0000,863.7600,0.0000
2026-04-07 00:00:00,2.0000,575.8400,0.0000
2026-04-07 01:00:00,2.0000,575.8400,0.0000
2026-04-07 02:00:00,2.0000,575.8400,0.0000
2026-04-07 03:00:00,2.0000,575.8400,0.0000
2026-04-07 04:00:00,2.0000,575.8400,0.0000
2026-04-07 05:00:00,2.0000,2370.9815,1795.1415
2026-04-07 06:00:00,5.0000,6194.9720,4755.3720
2026-04-07 07:00:00,6.0000,8880.9426,7153.4226
2026-04-07 08:00:00,5.0000,10202.8774,8763.2774
2026-04-07 09:00:00,3.0000,10225.7973,9362.0373
2026-04-07 10:00:00,3.0000,9809.5984,8945.8384
2026-04-07 11:00:00,3.5000,9228.9440,8221.2240
2026-04-07 12:00:00,4.0000,10347.3496,9195.6696
2026-04-07 13:00:00,3.5000,10470.1493,9462.4293
2026-04-07 14:00:00,3.0000,9933.2702,9069.5102
2026-04-07 15:00:00,3.0000,8459.6990,7595.9390
2026-04-07 16:00:00,3.0000,6264.8217,5401.0617
2026-04-07 17:00:00,5.0000,1834.0850,394.4850
2026-04-07 18:00:00,6.0000,1731.0900,3.5700
2026-04-07 19:00:00,7.0000,2015.4400,0.0000
2026-04-07 20:00:00,6.0000,1727.5200,0.0000
2026-04-07 21:00:00,5.0000,1439.6000,0.0000
2026-04-07 22:00:00,4.0000,1151.6800,0.0000
2026-04-07 23:00:00,3.0000,863.7600,0.0000
2026-04-08 00:00:00,2.0000,575.8400,0.0000
2026-04-08 01:00:00,2.0000,575.8400,0.0000
2026-04-08 02:00:00,2.0000,575.8400,0.0000
2026-04-08 03:00:00,2.0000,575.8400,0.0000
2026-04-08 04:00:00,2.0000,579.4100,3.5700
2026-04-08 05:00:00,2.0000,2677.0198,2101.1798
2026-04-08 06:00:00,5.0000,6561.2160,5121.6160
2026-04-08 07:00:00,6.0000,9142.3853,7414.8653
2026-04-08 08:00:00,5.0000,10288.4860,8848.8860
2026-04-08 09:00:00,3.0000,10345.1695,9481.4095
2026-04-08 10:00:00,3.0000,9849.0002,8985.2402
2026-04-08 11:00:00,3.5000,9227.4804,8219.7604
2026-04-08 12:00:00,4.0000,10320.1981,9168.5181
2026-04-08 13:00:00,3.5000,10495.7524,9488.0324
2026-04-08 14:00:00,3.0000,10051.8318,9188.0718
2026-04-08 15:00:00,3.0000,8583.6337,7719.8737
2026-04-08 16:00:00,3.0000,6501.7862,5638.0262
2026-04-08 17:00:00,5.0000,1863.8350,424.2350
2026-04-08 18:00:00,6.0000,1734.6600,7.1400
2026-04-08 19:00:00,7.0000,2015.4400,0.0000
2026-04-08 20:00:00,6.0000,1727.5200,0.0000
2026-04-08 21:00:00,5.0000,1439.6000,0.0000
2026-04-08 22:00:00,4.0000,1151.6800,0.0000
2026-04-08 23:00:00,3.0000,863.7600,0.0000
2026-04-09 00:00:00,2.0000,575.8400,0.0000
2026-04-09 01:00:00,2.0000,575.8400,0.0000
2026-04-09 02:00:00,2.0000,575.8400,0.0000
2026-04-09 03:00:00,2.0000,575.8400,0.0000
2026-04-09 04:00:00,2.0000,579.4100,3.5700
2026-04-09 05:00:00,2.0000,1373.1724,797.3324
2026-04-09 06:00:00,5.0000,4756.1110,3316.5110
2026-04-09 07:00:00,6.0000,8426.4586,6698.9386
2026-04-09 08:00:00,5.0000,9485.2125,8045.6125
2026-04-09 09:00:00,3.0000,9622.6651,8758.9051
2026-04-09 10:00:00,3.0000,9030.0931,8166.3331
2026-04-09 11:00:00,3.5000,9541.4379,8533.7179
2026-04-09 12:00:00,4.0000,9243.4307,8091.7507
2026-04-09 13:00:00,3.5000,10789.5590,9781.8390
2026-04-09 14:00:00,3.0000,4773.8424,3910.0824
2026-04-09 15:00:00,3.0000,2989.8056,2126.0456
2026-04-09 16:00:00,3.0000,2170.6194,1306.8594
2026-04-09 17:00:00,5.0000,1725.2000,285.6000
2026-04-09 18:00:00,6.0000,1727.5200,0.0000
2026-04-09 19:00:00,7.0000,2015.4400,0.0000
2026-04-09 20:00:00,6.0000,1727.5200,0.0000
2026-04-09 21:00:00,5.0000,1439.6000,0.0000
2026-04-09 22:00:00,4.0000,1151.6800,0.0000
2026-04-09 23:00:00,3.0000,863.7600,0.0000
2026-04-10 00:00:00,2.0000,575.8400,0.0000
2026-04-10 01:00:00,2.0000,575.8400,0.0000
2026-04-10 02:00:00,2.0000,575.8400,0.0000
2026-04-10 03:00:00,2.0000,575.8400,0.0000
2026-04-10 04:00:00,2.0000,579.4100,3.5700
2026-04-10 05:00:00,2.0000,807.8900,232.0500
2026-04-10 06:00:00,5.0000,1857.2900,417.6900
2026-04-10 07:00:00,6.0000,2777.1000,1049.5800
2026-04-10 08:00:00,5.0000,2979.6092,1540.0092
2026-04-10 09:00:00,3.0000,1795.5300,931.7700
2026-04-10 10:00:00,3.0000,2559.0700,1695.3100
2026-04-10 11:00:00,3.5000,1760.9900,753.2700
2026-04-10 12:00:00,4.0000,1483.6900,332.0100
2026-04-10 13:00:00,3.5000,1978.7600,971.0400
2026-04-10 14:00:00,3.0000,1970.4600,1106.7000
2026-04-10 15:00:00,3.0000,1813.3800,949.6200
2026-04-10 16:00:00,3.0000,1859.7900,996.0300
2026-04-10 17:00:00,5.0000,1710.9200,271.3200
2026-04-10 18:00:00,6.0000,1727.5200,0.0000
2026-04-10 19:00:00,7.0000,2015.4400,0.0000
2026-04-10 20:00:00,6.0000,1727.5200,0.0000
2026-04-10 21:00:00,5.0000,1439.6000,0.0000
2026-04-10 22:00:00,4.0000,1151.6800,0.0000
2026-04-10 23:00:00,3.0000,863.7600,0.0000
2026-04-11 00:00:00,2.0000,575.8400,0.0000
2026-04-11 01:00:00,2.0000,575.8400,0.0000
2026-04-11 02:00:00,2.0000,575.8400,0.0000
2026-04-11 03:00:00,2.0000,575.8400,0.0000
2026-04-11 04:00:00,2.0000,579.4100,3.5700
2026-04-11 05:00:00,2.0000,822.1700,246.3300
2026-04-11 06:00:00,5.0000,2441.9489,1002.3489
2026-04-11 07:00:00,6.0000,4914.4311,3186.9111
2026-04-11 08:00:00,5.0000,8434.1709,6994.5709
2026-04-11 09:00:00,4.0000,10268.9405,9117.2605
2026-04-11 10:00:00,4.0000,9831.2840,8679.6040
2026-04-11 11:00:00,4.5000,9527.3968,8231.7568
2026-04-11 12:00:00,5.0000,9850.1248,8410.5248
2026-04-11 13:00:00,4.5000,10650.9882,9355.3482
2026-04-11 14:00:00,4.0000,10096.3114,8944.6314
2026-04-11 15:00:00,4.0000,8401.4251,7249.7451
2026-04-11 16:00:00,4.0000,5215.8825,4064.2025
2026-04-11 17:00:00,6.0000,2126.7650,399.2450
2026-04-11 18:00:00,7.0000,2019.0100,3.5700
2026-04-11 19:00:00,7.5000,2159.4000,0.0000
2026-04-11 20:00:00,7.0000,2015.4400,0.0000
2026-04-11 21:00:00,6.0000,1727.5200,0.0000
2026-04-11 22:00:00,5.0000,1439.6000,0.0000
2026-04-11 23:00:00,4.0000,1151.6800,0.0000
2026-04-12 00:00:00,2.0000,575.8400,0.0000
2026-04-12 01:00:00,2.0000,575.8400,0.0000
2026-04-12 02:00:00,2.0000,575.8400,0.0000
2026-04-12 03:00:00,2.0000,575.8400,0.0000
2026-04-12 04:00:00,2.0000,575.8400,0.0000
2026-04-12 05:00:00,2.0000,657.9500,82.1100
2026-04-12 06:00:00,5.0000,1635.9500,196.3500
2026-04-12 07:00:00,6.0000,2245.1700,517.6500
2026-04-12 08:00:00,5.0000,2710.5200,1270.9200
2026-04-12 09:00:00,4.0000,2651.0800,1499.4000
2026-04-12 10:00:00,4.0000,3343.6600,2191.9800
2026-04-12 11:00:00,4.5000,2977.1100,1681.4700
2026-04-12 12:00:00,5.0000,3021.1100,1581.5100
2026-04-12 13:00:00,4.5000,2652.2400,1356.6000
2026-04-12 14:00:00,4.0000,2383.3300,1231.6500
2026-04-12 15:00:00,4.0000,2399.1913,1247.5113
2026-04-12 16:00:00,4.0000,1765.7200,614.0400
2026-04-12 17:00:00,6.0000,1888.1700,160.6500
2026-04-12 18:00:00,7.0000,2015.4400,0.0000
2026-04-12 19:00:00,7.5000,2159.4000,0.0000
2026-04-12 20:00:00,7.0000,2015.4400,0.0000
2026-04-12 21:00:00,6.0000,1727.5200,0.0000
2026-04-12 22:00:00,5.0000,1439.6000,0.0000
2026-04-12 23:00:00,4.0000,1151.6800,0.0000
2026-04-13 00:00:00,2.0000,575.8400,0.0000
2026-04-13 01:00:00,2.0000,575.8400,0.0000
2026-04-13 02:00:00,2.0000,575.8400,0.0000
2026-04-13 03:00:00,2.0000,575.8400,0.0000
2026-04-13 04:00:00,2.0000,575.8400,0.0000
2026-04-13 05:00:00,2.0000,657.9500,82.1100
2026-04-13 06:00:00,5.0000,1803.7400,364.1400
2026-04-13 07:00:00,6.0000,2380.8300,653.3100
2026-04-13 08:00:00,5.0000,2357.0900,917.4900
2026-04-13 09:00:00,3.0000,2091.8400,1228.0800
2026-04-13 10:00:00,3.0000,2995.0500,2131.2900
2026-04-13 11:00:00,3.5000,3034.5848,2026.8648
2026-04-13 12:00:00,4.0000,2772.4600,1620.7800
2026-04-13 13:00:00,3.5000,1868.0900,860.3700
2026-04-13 14:00:00,3.0000,1463.5200,599.7600
2026-04-13 15:00:00,3.0000,1281.4500,417.6900
2026-04-13 16:00:00,3.0000,1042.2600,178.5000
2026-04-13 17:00:00,5.0000,1461.0200,21.4200
2026-04-13 18:00:00,6.0000,1727.5200,0.0000
2026-04-13 19:00:00,7.0000,2015.4400,0.0000
2026-04-13 20:00:00,6.0000,1727.5200,0.0000
2026-04-13 21:00:00,5.0000,1439.6000,0.0000
2026-04-13 22:00:00,4.0000,1151.6800,0.0000
2026-04-13 23:00:00,3.0000,863.7600,0.0000
2026-04-14 00:00:00,2.0000,575.8400,0.0000
2026-04-14 01:00:00,2.0000,575.8400,0.0000
2026-04-14 02:00:00,2.0000,575.8400,0.0000
2026-04-14 03:00:00,2.0000,575.8400,0.0000
2026-04-14 04:00:00,2.0000,575.8400,0.0000
2026-04-14 05:00:00,2.0000,682.9400,107.1000
2026-04-14 06:00:00,5.0000,2167.8800,728.2800
2026-04-14 07:00:00,6.0000,2930.6100,1203.0900
2026-04-14 08:00:00,5.0000,3317.4200,1877.8200
2026-04-14 09:00:00,3.0000,3384.0959,2520.3359
2026-04-14 10:00:00,3.0000,3187.8300,2324.0700
2026-04-14 11:00:00,3.5000,5106.0800,4098.3600
2026-04-14 12:00:00,4.0000,3732.7900,2581.1100
2026-04-14 13:00:00,3.5000,3096.1700,2088.4500
2026-04-14 14:00:00,3.0000,1716.9900,853.2300
2026-04-14 15:00:00,3.0000,1217.1900,353.4300
2026-04-14 16:00:00,3.0000,1152.9300,289.1700
2026-04-14 17:00:00,5.0000,1461.0200,21.4200
2026-04-14 18:00:00,6.0000,1727.5200,0.0000
2026-04-14 19:00:00,7.0000,2015.4400,0.0000
2026-04-14 20:00:00,6.0000,1727.5200,0.0000
2026-04-14 21:00:00,5.0000,1439.6000,0.0000
2026-04-14 22:00:00,4.0000,1151.6800,0.0000
2026-04-14 23:00:00,3.0000,863.7600,0.0000
2026-04-15 00:00:00,2.0000,575.8400,0.0000
2026-04-15 01:00:00,2.0000,575.8400,0.0000
2026-04-15 02:00:00,2.0000,575.8400,0.0000
2026-04-15 03:00:00,2.0000,575.8400,0.0000
2026-04-15 04:00:00,2.0000,579.4100,3.5700
2026-04-15 05:00:00,2.0000,1000.6700,424.8300
2026-04-15 06:00:00,5.0000,3219.6759,1780.0759
2026-04-15 07:00:00,6.0000,3901.3842,2173.8642
2026-04-15 08:00:00,5.0000,3653.0000,2213.4000
2026-04-15 09:00:00,3.0000,3398.3384,2534.5784
2026-04-15 10:00:00,3.0000,3319.9200,2456.1600
2026-04-15 11:00:00,3.5000,5159.6300,4151.9100
2026-04-15 12:00:00,4.0000,4874.2599,3722.5799
2026-04-15 13:00:00,3.5000,4345.6952,3337.9752
2026-04-15 14:00:00,3.0000,3280.6500,2416.8900
2026-04-15 15:00:00,3.0000,2595.2100,1731.4500
2026-04-15 16:00:00,3.0000,1716.9900,853.2300
2026-04-15 17:00:00,5.0000,1625.2400,185.6400
2026-04-15 18:00:00,6.0000,1727.5200,0.0000
2026-04-15 19:00:00,7.0000,2015.4400,0.0000
2026-04-15 20:00:00,6.0000,1727.5200,0.0000
2026-04-15 21:00:00,5.0000,1439.6000,0.0000
2026-04-15 22:00:00,4.0000,1151.6800,0.0000
2026-04-15 23:00:00,3.0000,863.7600,0.0000
2026-04-16 00:00:00,2.0000,575.8400,0.0000
2026-04-16 01:00:00,2.0000,575.8400,0.0000
2026-04-16 02:00:00,2.0000,575.8400,0.0000
2026-04-16 03:00:00,2.0000,575.8400,0.0000
2026-04-16 04:00:00,2.0000,579.4100,3.5700
2026-04-16 05:00:00,2.0000,885.5126,309.6726
2026-04-16 06:00:00,5.0000,2899.6793,1460.0793
2026-04-16 07:00:00,6.0000,4795.2679,3067.7479
2026-04-16 08:00:00,5.0000,7733.5433,6293.9433
2026-04-16 09:00:00,3.0000,4539.4857,3675.7257
2026-04-16 10:00:00,3.0000,5057.7056,4193.9456
2026-04-16 11:00:00,3.5000,7142.1869,6134.4669
2026-04-16 12:00:00,4.0000,5297.5815,4145.9015
2026-04-16 13:00:00,3.5000,8301.2003,7293.4803
2026-04-16 14:00:00,3.0000,7237.2199,6373.4599
2026-04-16 15:00:00,3.0000,7906.0607,7042.3007
2026-04-16 16:00:00,3.0000,5805.1906,4941.4306
2026-04-16 17:00:00,5.0000,4214.6763,2775.0763
2026-04-16 18:00:00,6.0000,1777.5000,49.9800
2026-04-16 19:00:00,7.0000,2015.4400,0.0000
2026-04-16 20:00:00,6.0000,1727.5200,0.0000
2026-04-16 21:00:00,5.0000,1439.6000,0.0000
2026-04-16 22:00:00,4.0000,1151.6800,0.0000
2026-04-16 23:00:00,3.0000,863.7600,0.0000
2026-04-17 00:00:00,2.0000,575.8400,0.0000
2026-04-17 01:00:00,2.0000,575.8400,0.0000
2026-04-17 02:00:00,2.0000,575.8400,0.0000
2026-04-17 03:00:00,2.0000,575.8400,0.0000
2026-04-17 04:00:00,2.0000,611.5400,35.7000
2026-04-17 05:00:00,2.0000,3131.8966,2556.0566
2026-04-17 06:00:00,5.0000,6577.1484,5137.5484
2026-04-17 07:00:00,6.0000,8964.3677,7236.8477
2026-04-17 08:00:00,5.0000,10049.5146,8609.9146
2026-04-17 09:00:00,3.0000,9926.4601,9062.7001
2026-04-17 10:00:00,3.0000,9613.5273,8749.7673
2026-04-17 11:00:00,3.5000,9151.6490,8143.9290
2026-04-17 12:00:00,4.0000,10222.2138,9070.5338
2026-04-17 13:00:00,3.5000,9545.8900,8538.1700
2026-04-17 14:00:00,3.0000,9173.4196,8309.6596
2026-04-17 15:00:00,3.0000,7327.3147,6463.5547
2026-04-17 16:00:00,3.0000,5841.1703,4977.4103
2026-04-17 17:00:00,5.0000,4485.2099,3045.6099
2026-04-17 18:00:00,6.0000,1759.6500,32.1300
2026-04-17 19:00:00,7.0000,2015.4400,0.0000
2026-04-17 20:00:00,6.0000,1727.5200,0.0000
2026-04-17 21:00:00,5.0000,1439.6000,0.0000
2026-04-17 22:00:00,4.0000,1151.6800,0.0000
2026-04-17 23:00:00,3.0000,863.7600,0.0000
2026-04-18 00:00:00,2.0000,575.8400,0.0000
2026-04-18 01:00:00,2.0000,575.8400,0.0000
2026-04-18 02:00:00,2.0000,575.8400,0.0000
2026-04-18 03:00:00,2.0000,575.8400,0.0000
2026-04-18 04:00:00,2.0000,597.2600,21.4200
2026-04-18 05:00:00,2.0000,1788.4556,1212.6156
2026-04-18 06:00:00,5.0000,4404.3061,2964.7061
2026-04-18 07:00:00,6.0000,8433.0925,6705.5725
2026-04-18 08:00:00,5.0000,9454.2800,8014.6800
2026-04-18 09:00:00,4.0000,9542.7165,8391.0365
2026-04-18 10:00:00,4.0000,7886.6364,6734.9564
2026-04-18 11:00:00,4.5000,8449.2320,7153.5920
2026-04-18 12:00:00,5.0000,10067.7985,8628.1985
2026-04-18 13:00:00,4.5000,10749.2756,9453.6356
2026-04-18 14:00:00,4.0000,9900.0097,8748.3297
2026-04-18 15:00:00,4.0000,8419.7946,7268.1146
2026-04-18 16:00:00,4.0000,4685.3535,3533.6735
2026-04-18 17:00:00,6.0000,2772.4972,1044.9772
2026-04-18 18:00:00,7.0000,2040.4300,24.9900
2026-04-18 19:00:00,7.5000,2159.4000,0.0000
2026-04-18 20:00:00,7.0000,2015.4400,0.0000
2026-04-18 21:00:00,6.0000,1727.5200,0.0000
2026-04-18 22:00:00,5.0000,1439.6000,0.0000
2026-04-18 23:00:00,4.0000,1151.6800,0.0000
2026-04-19 00:00:00,2.0000,575.8400,0.0000
2026-04-19 01:00:00,2.0000,575.8400,0.0000
2026-04-19 02:00:00,2.0000,575.8400,0.0000
2026-04-19 03:00:00,2.0000,575.8400,0.0000
2026-04-19 04:00:00,2.0000,579.4100,3.5700
2026-04-19 05:00:00,2.0000,954.2600,378.4200
2026-04-19 06:00:00,5.0000,2835.4396,1395.8396
2026-04-19 07:00:00,6.0000,4967.2147,3239.6947
2026-04-19 08:00:00,5.0000,6850.9913,5411.3913
2026-04-19 09:00:00,4.0000,5356.2979,4204.6179
2026-04-19 10:00:00,4.0000,8744.4401,7592.7601
2026-04-19 11:00:00,4.5000,7290.6927,5995.0527
2026-04-19 12:00:00,5.0000,2267.8400,828.2400
2026-04-19 13:00:00,4.5000,2951.1258,1655.4858
2026-04-19 14:00:00,4.0000,3059.7004,1908.0204
2026-04-19 15:00:00,4.0000,4245.7614,3094.0814
2026-04-19 16:00:00,4.0000,2780.8225,1629.1425
2026-04-19 17:00:00,6.0000,2644.4936,916.9736
2026-04-19 18:00:00,7.0000,2047.5700,32.1300
2026-04-19 19:00:00,7.5000,2159.4000,0.0000
2026-04-19 20:00:00,7.0000,2015.4400,0.0000
2026-04-19 21:00:00,6.0000,1727.5200,0.0000
2026-04-19 22:00:00,5.0000,1439.6000,0.0000
2026-04-19 23:00:00,4.0000,1151.6800,0.0000
2026-04-20 00:00:00,2.0000,575.8400,0.0000
2026-04-20 01:00:00,2.0000,575.8400,0.0000
2026-04-20 02:00:00,2.0000,575.8400,0.0000
2026-04-20 03:00:00,2.0000,575.8400,0.0000
2026-04-20 04:00:00,2.0000,647.2400,71.4000
2026-04-20 05:00:00,2.0000,1255.7026,679.8626
2026-04-20 06:00:00,5.0000,3298.6471,1859.0471
2026-04-20 07:00:00,6.0000,5987.7787,4260.2587
2026-04-20 08:00:00,5.0000,7290.4848,5850.8848
2026-04-20 09:00:00,3.0000,7502.1632,6638.4032
2026-04-20 10:00:00,3.0000,8931.0288,8067.2688
2026-04-20 11:00:00,3.5000,6806.4180,5798.6980
2026-04-20 12:00:00,4.0000,7512.4479,6360.7679
2026-04-20 13:00:00,3.5000,6375.1601,5367.4401
2026-04-20 14:00:00,3.0000,10822.2950,9958.5350
2026-04-20 15:00:00,3.0000,5885.0364,5021.2764
2026-04-20 16:00:00,3.0000,5475.8736,4612.1136
2026-04-20 17:00:00,5.0000,3631.1666,2191.5666
2026-04-20 18:00:00,6.0000,1784.6400,57.1200
2026-04-20 19:00:00,7.0000,2015.4400,0.0000
2026-04-20 20:00:00,6.0000,1727.5200,0.0000
2026-04-20 21:00:00,5.0000,1439.6000,0.0000
2026-04-20 22:00:00,4.0000,1151.6800,0.0000
2026-04-20 23:00:00,3.0000,863.7600,0.0000
2026-04-21 00:00:00,2.0000,575.8400,0.0000
2026-04-21 01:00:00,2.0000,575.8400,0.0000
2026-04-21 02:00:00,2.0000,575.8400,0.0000
2026-04-21 03:00:00,2.0000,575.8400,0.0000
2026-04-21 04:00:00,2.0000,632.9600,57.1200
2026-04-21 05:00:00,2.0000,2344.1552,1768.3152
2026-04-21 06:00:00,5.0000,4494.0408,3054.4408
2026-04-21 07:00:00,6.0000,8810.4345,7082.9145
2026-04-21 08:00:00,5.0000,10007.7833,8568.1833
2026-04-21 09:00:00,3.0000,8780.1255,7916.3655
2026-04-21 10:00:00,3.0000,7445.1420,6581.3820
2026-04-21 11:00:00,3.5000,9202.9091,8195.1891
2026-04-21 12:00:00,4.0000,9588.6126,8436.9326
2026-04-21 13:00:00,3.5000,6476.0490,5468.3290
2026-04-21 14:00:00,3.0000,5754.7600,4891.0000
2026-04-21 15:00:00,3.0000,3590.3916,2726.6316
2026-04-21 16:00:00,3.0000,2541.3128,1677.5528
2026-04-21 17:00:00,5.0000,1955.2524,515.6524
2026-04-21 18:00:00,6.0000,1763.2200,35.7000
2026-04-21 19:00:00,7.0000,2015.4400,0.0000
2026-04-21 20:00:00,6.0000,1727.5200,0.0000
2026-04-21 21:00:00,5.0000,1439.6000,0.0000
2026-04-21 22:00:00,4.0000,1151.6800,0.0000
2026-04-21 23:00:00,3.0000,863.7600,0.0000
2026-04-22 00:00:00,2.0000,575.8400,0.0000
2026-04-22 01:00:00,2.0000,575.8400,0.0000
2026-04-22 02:00:00,2.0000,575.8400,0.0000
2026-04-22 03:00:00,2.0000,575.8400,0.0000
2026-04-22 04:00:00,2.0000,643.6700,67.8300
2026-04-22 05:00:00,2.0000,1379.6577,803.8177
2026-04-22 06:00:00,5.0000,6059.0371,4619.4371
2026-04-22 07:00:00,6.0000,9068.3475,7340.8275
2026-04-22 08:00:00,5.0000,10055.3809,8615.7809
2026-04-22 09:00:00,3.0000,9867.0120,9003.2520
2026-04-22 10:00:00,3.0000,9512.4527,8648.6927
2026-04-22 11:00:00,3.5000,8989.1606,7981.4406
2026-04-22 12:00:00,4.0000,10025.8389,8874.1589
2026-04-22 13:00:00,3.5000,10165.9964,9158.2764
2026-04-22 14:00:00,3.0000,9619.6611,8755.9011
2026-04-22 15:00:00,3.0000,8212.4442,7348.6842
2026-04-22 16:00:00,3.0000,6130.7628,5267.0028
2026-04-22 17:00:00,5.0000,4972.6368,3533.0368
2026-04-22 18:00:00,6.0000,1781.0700,53.5500
2026-04-22 19:00:00,7.0000,2015.4400,0.0000
2026-04-22 20:00:00,6.0000,1727.5200,0.0000
2026-04-22 21:00:00,5.0000,1439.6000,0.0000
2026-04-22 22:00:00,4.0000,1151.6800,0.0000
2026-04-22 23:00:00,3.0000,863.7600,0.0000
2026-04-23 00:00:00,2.0000,575.8400,0.0000
2026-04-23 01:00:00,2.0000,575.8400,0.0000
2026-04-23 02:00:00,2.0000,575.8400,0.0000
2026-04-23 03:00:00,2.0000,575.8400,0.0000
2026-04-23 04:00:00,2.0000,650.8100,74.9700
2026-04-23 05:00:00,2.0000,3918.8498,3343.0098
2026-04-23 06:00:00,5.0000,6977.9523,5538.3523
2026-04-23 07:00:00,6.0000,9151.4847,7423.9647
2026-04-23 08:00:00,5.0000,10124.5971,8684.9971
2026-04-23 09:00:00,3.0000,9866.8691,9003.1091
2026-04-23 10:00:00,3.0000,9337.0728,8473.3128
2026-04-23 11:00:00,3.5000,8870.1784,7862.4584
2026-04-23 12:00:00,4.0000,9910.5723,8758.8923
2026-04-23 13:00:00,3.5000,10097.7322,9090.0122
2026-04-23 14:00:00,3.0000,9618.4791,8754.7191
2026-04-23 15:00:00,3.0000,8379.2980,7515.5380
2026-04-23 16:00:00,3.0000,6401.9632,5538.2032
2026-04-23 17:00:00,5.0000,5489.7431,4050.1431
2026-04-23 18:00:00,6.0000,1784.6400,57.1200
2026-04-23 19:00:00,7.0000,2015.4400,0.0000
2026-04-23 20:00:00,6.0000,1727.5200,0.0000
2026-04-23 21:00:00,5.0000,1439.6000,0.0000
2026-04-23 22:00:00,4.0000,1151.6800,0.0000
2026-04-23 23:00:00,3.0000,863.7600,0.0000
2026-04-24 00:00:00,2.0000,575.8400,0.0000
2026-04-24 01:00:00,2.0000,575.8400,0.0000
2026-04-24 02:00:00,2.0000,575.8400,0.0000
2026-04-24 03:00:00,2.0000,575.8400,0.0000
2026-04-24 04:00:00,2.0000,650.8100,74.9700
2026-04-24 05:00:00,2.0000,3959.3762,3383.5362
2026-04-24 06:00:00,5.0000,6937.5499,5497.9499
2026-04-24 07:00:00,6.0000,9128.3034,7400.7834
2026-04-24 08:00:00,5.0000,10162.4560,8722.8560
2026-04-24 09:00:00,3.0000,9825.7579,8961.9979
2026-04-24 10:00:00,3.0000,9335.1402,8471.3802
2026-04-24 11:00:00,3.5000,8948.7386,7941.0186
2026-04-24 12:00:00,4.0000,10085.7119,8934.0319
2026-04-24 13:00:00,3.5000,10346.4260,9338.7060
2026-04-24 14:00:00,3.0000,9154.7991,8291.0391
2026-04-24 15:00:00,3.0000,8000.7985,7137.0385
2026-04-24 16:00:00,3.0000,5783.5726,4919.8126
2026-04-24 17:00:00,5.0000,5336.0439,3896.4439
2026-04-24 18:00:00,6.0000,1796.5400,69.0200
2026-04-24 19:00:00,7.0000,2015.4400,0.0000
2026-04-24 20:00:00,6.0000,1727.5200,0.0000
2026-04-24 21:00:00,5.0000,1439.6000,0.0000
2026-04-24 22:00:00,4.0000,1151.6800,0.0000
2026-04-24 23:00:00,3.0000,863.7600,0.0000
2026-04-25 00:00:00,2.0000,575.8400,0.0000
2026-04-25 01:00:00,2.0000,575.8400,0.0000
2026-04-25 02:00:00,2.0000,575.8400,0.0000
2026-04-25 03:00:00,2.0000,575.8400,0.0000
2026-04-25 04:00:00,2.0000,661.5200,85.6800
2026-04-25 05:00:00,2.0000,3952.1548,3376.3148
2026-04-25 06:00:00,5.0000,6923.1437,5483.5437
2026-04-25 07:00:00,6.0000,9075.2206,7347.7006
2026-04-25 08:00:00,5.0000,10003.1386,8563.5386
2026-04-25 09:00:00,4.0000,10110.8828,8959.2028
2026-04-25 10:00:00,4.0000,9634.5418,8482.8618
2026-04-25 11:00:00,4.5000,9154.5860,7858.9460
2026-04-25 12:00:00,5.0000,10209.6853,8770.0853
2026-04-25 13:00:00,4.5000,10370.2550,9074.6150
2026-04-25 14:00:00,4.0000,9835.5330,8683.8530
2026-04-25 15:00:00,4.0000,8482.5018,7330.8218
2026-04-25 16:00:00,4.0000,6468.8495,5317.1695
2026-04-25 17:00:00,6.0000,5338.0627,3610.5427
2026-04-25 18:00:00,7.0000,2087.4350,71.9950
2026-04-25 19:00:00,7.5000,2159.4000,0.0000
2026-04-25 20:00:00,7.0000,2015.4400,0.0000
2026-04-25 21:00:00,6.0000,1727.5200,0.0000
2026-04-25 22:00:00,5.0000,1439.6000,0.0000
2026-04-25 23:00:00,4.0000,1151.6800,0.0000
2026-04-26 00:00:00,2.0000,575.8400,0.0000
2026-04-26 01:00:00,2.0000,575.8400,0.0000
2026-04-26 02:00:00,2.0000,575.8400,0.0000
2026-04-26 03:00:00,2.0000,575.8400,0.0000
2026-04-26 04:00:00,2.0000,686.5100,110.6700
2026-04-26 05:00:00,2.0000,3891.4838,3315.6438
2026-04-26 06:00:00,5.0000,6805.4168,5365.8168
2026-04-26 07:00:00,6.0000,8977.0216,7249.5016
2026-04-26 08:00:00,5.0000,9969.0496,8529.4496
2026-04-26 09:00:00,4.0000,10102.6481,8950.9681
2026-04-26 10:00:00,4.0000,9725.4795,8573.7995
2026-04-26 11:00:00,4.5000,9328.5639,8032.9239
2026-04-26 12:00:00,5.0000,9724.3728,8284.7728
2026-04-26 13:00:00,4.5000,8129.5201,6833.8801
2026-04-26 14:00:00,4.0000,5963.3550,4811.6750
2026-04-26 15:00:00,4.0000,6085.9074,4934.2274
2026-04-26 16:00:00,4.0000,5829.7347,4678.0547
2026-04-26 17:00:00,6.0000,4934.1827,3206.6627
2026-04-26 18:00:00,7.0000,2115.4000,99.9600
2026-04-26 19:00:00,7.5000,2159.4000,0.0000
2026-04-26 20:00:00,7.0000,2015.4400,0.0000
2026-04-26 21:00:00,6.0000,1727.5200,0.0000
2026-04-26 22:00:00,5.0000,1439.6000,0.0000
2026-04-26 23:00:00,4.0000,1151.6800,0.0000
2026-04-27 00:00:00,2.0000,575.8400,0.0000
2026-04-27 01:00:00,2.0000,575.8400,0.0000
2026-04-27 02:00:00,2.0000,575.8400,0.0000
2026-04-27 03:00:00,2.0000,575.8400,0.0000
2026-04-27 04:00:00,2.0000,682.9400,107.1000
2026-04-27 05:00:00,2.0000,3933.0947,3357.2547
2026-04-27 06:00:00,5.0000,6813.5646,5373.9646
2026-04-27 07:00:00,6.0000,8928.3915,7200.8715
2026-04-27 08:00:00,5.0000,9868.6005,8429.0005
2026-04-27 09:00:00,3.0000,9559.2295,8695.4695
2026-04-27 10:00:00,3.0000,9462.7754,8599.0154
2026-04-27 11:00:00,3.5000,9091.1101,8083.3901
2026-04-27 12:00:00,4.0000,10032.7237,8881.0437
2026-04-27 13:00:00,3.5000,9859.5288,8851.8088
2026-04-27 14:00:00,3.0000,8056.8778,7193.1178
2026-04-27 15:00:00,3.0000,7323.8045,6460.0445
2026-04-27 16:00:00,3.0000,4138.4968,3274.7368
2026-04-27 17:00:00,5.0000,2675.6152,1236.0152
2026-04-27 18:00:00,6.0000,1831.0500,103.5300
2026-04-27 19:00:00,7.0000,2015.4400,0.0000
2026-04-27 20:00:00,6.0000,1727.5200,0.0000
2026-04-27 21:00:00,5.0000,1439.6000,0.0000
2026-04-27 22:00:00,4.0000,1151.6800,0.0000
2026-04-27 23:00:00,3.0000,863.7600,0.0000
2026-04-28 00:00:00,2.0000,575.8400,0.0000
2026-04-28 01:00:00,2.0000,575.8400,0.0000
2026-04-28 02:00:00,2.0000,575.8400,0.0000
2026-04-28 03:00:00,2.0000,575.8400,0.0000
2026-04-28 04:00:00,2.0000,736.4900,160.6500
2026-04-28 05:00:00,2.0000,2109.3246,1533.4846
2026-04-28 06:00:00,5.0000,4507.3499,3067.7499
2026-04-28 07:00:00,6.0000,5696.3682,3968.8482
2026-04-28 08:00:00,5.0000,7671.6453,6232.0453
2026-04-28 09:00:00,3.0000,7463.8715,6600.1115
2026-04-28 10:00:00,3.0000,8375.5833,7511.8233
2026-04-28 11:00:00,3.5000,8648.4529,7640.7329
2026-04-28 12:00:00,4.0000,9121.5892,7969.9092
2026-04-28 13:00:00,3.5000,9435.1086,8427.3886
2026-04-28 14:00:00,3.0000,8152.6740,7288.9140
2026-04-28 15:00:00,3.0000,5304.2201,4440.4601
2026-04-28 16:00:00,3.0000,2815.6186,1951.8586
2026-04-28 17:00:00,5.0000,2042.9300,603.3300
2026-04-28 18:00:00,6.0000,1752.5100,24.9900
2026-04-28 19:00:00,7.0000,2015.4400,0.0000
2026-04-28 20:00:00,6.0000,1727.5200,0.0000
2026-04-28 21:00:00,5.0000,1439.6000,0.0000
2026-04-28 22:00:00,4.0000,1151.6800,0.0000
2026-04-28 23:00:00,3.0000,863.7600,0.0000
2026-04-29 00:00:00,2.0000,575.8400,0.0000
2026-04-29 01:00:00,2.0000,575.8400,0.0000
2026-04-29 02:00:00,2.0000,575.8400,0.0000
2026-04-29 03:00:00,2.0000,575.8400,0.0000
2026-04-29 04:00:00,2.0000,686.5100,110.6700
2026-04-29 05:00:00,2.0000,1129.1900,553.3500
2026-04-29 06:00:00,5.0000,2703.3800,1263.7800
2026-04-29 07:00:00,6.0000,3990.9000,2263.3800
2026-04-29 08:00:00,5.0000,4853.8609,3414.2609
2026-04-29 09:00:00,3.0000,7665.3330,6801.5730
2026-04-29 10:00:00,3.0000,9108.5980,8244.8380
2026-04-29 11:00:00,3.5000,8879.7744,7872.0544
2026-04-29 12:00:00,4.0000,9975.6603,8823.9803
2026-04-29 13:00:00,3.5000,9889.8221,8882.1021
2026-04-29 14:00:00,3.0000,9079.1455,8215.3855
2026-04-29 15:00:00,3.0000,7663.9897,6800.2297
2026-04-29 16:00:00,3.0000,5774.6251,4910.8651
2026-04-29 17:00:00,5.0000,4960.2050,3520.6050
2026-04-29 18:00:00,6.0000,1827.4800,99.9600
2026-04-29 19:00:00,7.0000,2015.4400,0.0000
2026-04-29 20:00:00,6.0000,1727.5200,0.0000
2026-04-29 21:00:00,5.0000,1439.6000,0.0000
2026-04-29 22:00:00,4.0000,1151.6800,0.0000
2026-04-29 23:00:00,3.0000,863.7600,0.0000
2026-04-30 00:00:00,2.0000,575.8400,0.0000
2026-04-30 01:00:00,2.0000,575.8400,0.0000
2026-04-30 02:00:00,2.0000,575.8400,0.0000
2026-04-30 03:00:00,2.0000,575.8400,0.0000
2026-04-30 04:00:00,2.0000,697.8150,121.9750
2026-04-30 05:00:00,2.0000,4209.2379,3633.3979
2026-04-30 06:00:00,5.0000,6983.1362,5543.5362
2026-04-30 07:00:00,6.0000,9068.1336,7340.6136
2026-04-30 08:00:00,5.0000,9883.1153,8443.5153
2026-04-30 09:00:00,3.0000,9635.9618,8772.2018
2026-04-30 10:00:00,3.0000,9124.0364,8260.2764
2026-04-30 11:00:00,3.5000,8704.6076,7696.8876
2026-04-30 12:00:00,4.0000,9749.1889,8597.5089
2026-04-30 13:00:00,3.5000,9901.9057,8894.1857
2026-04-30 14:00:00,3.0000,9413.6580,8549.8980
2026-04-30 15:00:00,3.0000,8024.6526,7160.8926
2026-04-30 16:00:00,3.0000,6094.5259,5230.7659
2026-04-30 17:00:00,5.0000,5427.7246,3988.1246
2026-04-30 18:00:00,6.0000,1825.1000,97.5800
2026-04-30 19:00:00,7.0000,2015.4400,0.0000
2026-04-30 20:00:00,6.0000,1727.5200,0.0000
2026-04-30 21:00:00,5.0000,1439.6000,0.0000
2026-04-30 22:00:00,4.0000,1151.6800,0.0000
2026-04-30 23:00:00,3.0000,863.7600,0.0000
2026-05-01 00:00:00,2.0000,575.8400,0.0000
2026-05-01 01:00:00,2.0000,575.8400,0.0000
2026-05-01 02:00:00,2.0000,575.8400,0.0000
2026-05-01 03:00:00,2.0000,575.8400,0.0000
2026-05-01 04:00:00,2.0000,699.6000,123.7600
2026-05-01 05:00:00,2.0000,4227.2168,3651.3768
2026-05-01 06:00:00,5.0000,6901.4751,5461.8751
2026-05-01 07:00:00,6.0000,9025.6819,7298.1619
2026-05-01 08:00:00,5.0000,9892.5762,8452.9762
2026-05-01 09:00:00,3.0000,9538.0421,8674.2821
2026-05-01 10:00:00,3.0000,9040.9198,8177.1598
2026-05-01 11:00:00,3.5000,8608.0823,7600.3623
2026-05-01 12:00:00,4.0000,9646.0964,8494.4164
2026-05-01 13:00:00,3.5000,9811.2680,8803.5480
2026-05-01 14:00:00,3.0000,9318.9214,8455.1614
2026-05-01 15:00:00,3.0000,8031.5252,7167.7652
2026-05-01 16:00:00,3.0000,6137.4348,5273.6748
2026-05-01 17:00:00,5.0000,5520.2834,4080.6834
2026-05-01 18:00:00,6.0000,1821.5300,94.0100
2026-05-01 19:00:00,7.0000,2015.4400,0.0000
2026-05-01 20:00:00,6.0000,1727.5200,0.0000
2026-05-01 21:00:00,5.0000,1439.6000,0.0000
2026-05-01 22:00:00,4.0000,1151.6800,0.0000
2026-05-01 23:00:00,3.0000,863.7600,0.0000
2026-05-02 00:00:00,2.0000,575.8400,0.0000
2026-05-02 01:00:00,2.0000,575.8400,0.0000
2026-05-02 02:00:00,2.0000,575.8400,0.0000
2026-05-02 03:00:00,2.0000,575.8400,0.0000
2026-05-02 04:00:00,2.0000,719.2350,143.3950
2026-05-02 05:00:00,2.0000,4055.9156,3480.0756
2026-05-02 06:00:00,5.0000,6717.9474,5278.3474
2026-05-02 07:00:00,6.0000,8724.4817,6996.9617
2026-05-02 08:00:00,5.0000,9613.3581,8173.7581
2026-05-02 09:00:00,4.0000,9721.2028,8569.5228
2026-05-02 10:00:00,4.0000,9234.7638,8083.0838
2026-05-02 11:00:00,4.5000,9031.7489,7736.1089
2026-05-02 12:00:00,5.0000,9741.7858,8302.1858
2026-05-02 13:00:00,4.5000,9378.2806,8082.6406
2026-05-02 14:00:00,4.0000,8999.7865,7848.1065
2026-05-02 15:00:00,4.0000,6654.5946,5502.9146
2026-05-02 16:00:00,4.0000,4722.2906,3570.6106
2026-05-02 17:00:00,6.0000,4210.8050,2483.2850
2026-05-02 18:00:00,7.0000,2248.6800,233.2400
2026-05-02 19:00:00,7.5000,2159.4000,0.0000
2026-05-02 20:00:00,7.0000,2015.4400,0.0000
2026-05-02 21:00:00,6.0000,1727.5200,0.0000
2026-05-02 22:00:00,5.0000,1439.6000,0.0000
2026-05-02 23:00:00,4.0000,1151.6800,0.0000
2026-05-03 00:00:00,2.0000,575.8400,0.0000
2026-05-03 01:00:00,2.0000,575.8400,0.0000
2026-05-03 02:00:00,2.0000,575.8400,0.0000
2026-05-03 03:00:00,2.0000,575.8400,0.0000
2026-05-03 04:00:00,2.0000,885.9804,310.1404
2026-05-03 05:00:00,2.0000,3420.7965,2844.9565
2026-05-03 06:00:00,5.0000,6459.1030,5019.5030
2026-05-03 07:00:00,6.0000,7825.2264,6097.7064
2026-05-03 08:00:00,5.0000,9561.5100,8121.9100
2026-05-03 09:00:00,4.0000,8501.1946,7349.5146
2026-05-03 10:00:00,4.0000,1151.6800,0.0000
2026-05-03 11:00:00,4.5000,1295.6400,0.0000
2026-05-03 12:00:00,5.0000,1439.6000,0.0000
2026-05-03 13:00:00,4.5000,1295.6400,0.0000
2026-05-03 14:00:00,4.0000,1151.6800,0.0000
2026-05-03 15:00:00,4.0000,1151.6800,0.0000
2026-05-03 16:00:00,4.0000,1151.6800,0.0000
2026-05-03 17:00:00,6.0000,1727.5200,0.0000
2026-05-03 18:00:00,7.0000,2015.4400,0.0000
2026-05-03 19:00:00,7.5000,2159.4000,0.0000
2026-05-03 20:00:00,7.0000,2015.4400,0.0000
2026-05-03 21:00:00,6.0000,1727.5200,0.0000
2026-05-03 22:00:00,5.0000,1439.6000,0.0000
2026-05-03 23:00:00,4.0000,1151.6800,0.0000
2026-05-04 00:00:00,2.0000,575.8400,0.0000
2026-05-04 01:00:00,2.0000,575.8400,0.0000
2026-05-04 02:00:00,2.0000,575.8400,0.0000
2026-05-04 03:00:00,2.0000,575.8400,0.0000
2026-05-04 04:00:00,2.0000,934.1496,358.3096
2026-05-04 05:00:00,2.0000,3808.8210,3232.9810
2026-05-04 06:00:00,5.0000,6034.1312,4594.5312
2026-05-04 07:00:00,6.0000,8521.8326,6794.3126
2026-05-04 08:00:00,5.0000,9669.2232,8229.6232
2026-05-04 09:00:00,3.0000,8664.2207,7800.4607
2026-05-04 10:00:00,3.0000,863.7600,0.0000
2026-05-04 11:00:00,3.5000,1007.7200,0.0000
2026-05-04 12:00:00,4.0000,1151.6800,0.0000
2026-05-04 13:00:00,3.5000,1007.7200,0.0000
2026-05-04 14:00:00,3.0000,863.7600,0.0000
2026-05-04 15:00:00,3.0000,863.7600,0.0000
2026-05-04 16:00:00,3.0000,863.7600,0.0000
2026-05-04 17:00:00,5.0000,1439.6000,0.0000
2026-05-04 18:00:00,6.0000,1727.5200,0.0000
2026-05-04 19:00:00,7.0000,2015.4400,0.0000
2026-05-04 20:00:00,6.0000,1727.5200,0.0000
2026-05-04 21:00:00,5.0000,1439.6000,0.0000
2026-05-04 22:00:00,4.0000,1151.6800,0.0000
2026-05-04 23:00:00,3.0000,863.7600,0.0000
2026-05-05 00:00:00,2.0000,575.8400,0.0000
2026-05-05 01:00:00,2.0000,575.8400,0.0000
2026-05-05 02:00:00,2.0000,575.8400,0.0000
2026-05-05 03:00:00,2.0000,575.8400,0.0000
2026-05-05 04:00:00,2.0000,575.8400,0.0000
2026-05-05 05:00:00,2.0000,575.8400,0.0000
2026-05-05 06:00:00,5.0000,1439.6000,0.0000
2026-05-05 07:00:00,6.0000,1727.5200,0.0000
2026-05-05 08:00:00,5.0000,1439.6000,0.0000
2026-05-05 09:00:00,3.0000,863.7600,0.0000
2026-05-05 10:00:00,3.0000,863.7600,0.0000
2026-05-05 11:00:00,3.5000,1007.7200,0.0000
2026-05-05 12:00:00,4.0000,1151.6800,0.0000
2026-05-05 13:00:00,3.5000,1007.7200,0.0000
2026-05-05 14:00:00,3.0000,863.7600,0.0000
2026-05-05 15:00:00,3.0000,863.7600,0.0000
2026-05-05 16:00:00,3.0000,863.7600,0.0000
2026-05-05 17:00:00,5.0000,1439.6000,0.0000
2026-05-05 18:00:00,6.0000,1727.5200,0.0000
2026-05-05 19:00:00,7.0000,2015.4400,0.0000
2026-05-05 20:00:00,6.0000,1727.5200,0.0000
2026-05-05 21:00:00,5.0000,1439.6000,0.0000
2026-05-05 22:00:00,4.0000,1151.6800,0.0000
2026-05-05 23:00:00,3.0000,863.7600,0.0000
2026-05-06 00:00:00,2.0000,575.8400,0.0000
2026-05-06 01:00:00,2.0000,575.8400,0.0000
2026-05-06 02:00:00,2.0000,575.8400,0.0000
2026-05-06 03:00:00,2.0000,575.8400,0.0000
2026-05-06 04:00:00,2.0000,575.8400,0.0000
2026-05-06 05:00:00,2.0000,575.8400,0.0000
2026-05-06 06:00:00,5.0000,1439.6000,0.0000
2026-05-06 07:00:00,6.0000,1727.5200,0.0000
2026-05-06 08:00:00,5.0000,1439.6000,0.0000
2026-05-06 09:00:00,3.0000,863.7600,0.0000
2026-05-06 10:00:00,3.0000,863.7600,0.0000
2026-05-06 11:00:00,3.5000,1007.7200,0.0000
2026-05-06 12:00:00,4.0000,1151.6800,0.0000
2026-05-06 13:00:00,3.5000,1007.7200,0.0000
2026-05-06 14:00:00,3.0000,863.7600,0.0000
2026-05-06 15:00:00,3.0000,863.7600,0.0000
2026-05-06 16:00:00,3.0000,863.7600,0.0000
2026-05-06 17:00:00,5.0000,1439.6000,0.0000
2026-05-06 18:00:00,6.0000,1727.5200,0.0000
2026-05-06 19:00:00,7.0000,2015.4400,0.0000
2026-05-06 20:00:00,6.0000,1727.5200,0.0000
2026-05-06 21:00:00,5.0000,1439.6000,0.0000
2026-05-06 22:00:00,4.0000,1151.6800,0.0000
2026-05-06 23:00:00,3.0000,863.7600,0.0000
2026-05-07 00:00:00,2.0000,575.8400,0.0000
2026-05-07 01:00:00,2.0000,575.8400,0.0000
2026-05-07 02:00:00,2.0000,575.8400,0.0000
2026-05-07 03:00:00,2.0000,575.8400,0.0000
2026-05-07 04:00:00,2.0000,575.8400,0.0000
2026-05-07 05:00:00,2.0000,575.8400,0.0000
2026-05-07 06:00:00,5.0000,1439.6000,0.0000
2026-05-07 07:00:00,6.0000,1727.5200,0.0000
2026-05-07 08:00:00,5.0000,1439.6000,0.0000
2026-05-07 09:00:00,3.0000,863.7600,0.0000
2026-05-07 10:00:00,3.0000,863.7600,0.0000
2026-05-07 11:00:00,3.5000,1007.7200,0.0000
2026-05-07 12:00:00,4.0000,1151.6800,0.0000
2026-05-07 13:00:00,3.5000,1007.7200,0.0000
2026-05-07 14:00:00,3.0000,863.7600,0.0000
2026-05-07 15:00:00,3.0000,863.7600,0.0000
2026-05-07 16:00:00,3.0000,863.7600,0.0000
2026-05-07 17:00:00,5.0000,1439.6000,0.0000
2026-05-07 18:00:00,6.0000,1727.5200,0.0000
2026-05-07 19:00:00,7.0000,2015.4400,0.0000
2026-05-07 20:00:00,6.0000,1727.5200,0.0000
2026-05-07 21:00:00,5.0000,1439.6000,0.0000
2026-05-07 22:00:00,4.0000,1151.6800,0.0000
2026-05-07 23:00:00,3.0000,863.7600,0.0000
2026-05-08 00:00:00,2.0000,575.8400,0.0000
2026-05-08 01:00:00,2.0000,575.8400,0.0000
2026-05-08 02:00:00,2.0000,575.8400,0.0000
2026-05-08 03:00:00,2.0000,575.8400,0.0000
2026-05-08 04:00:00,2.0000,575.8400,0.0000
2026-05-08 05:00:00,2.0000,575.8400,0.0000
2026-05-08 06:00:00,5.0000,1439.6000,0.0000
2026-05-08 07:00:00,6.0000,1727.5200,0.0000
2026-05-08 08:00:00,5.0000,1439.6000,0.0000
2026-05-08 09:00:00,3.0000,863.7600,0.0000
2026-05-08 10:00:00,3.0000,863.7600,0.0000
2026-05-08 11:00:00,3.5000,1007.7200,0.0000
2026-05-08 12:00:00,4.0000,1151.6800,0.0000
2026-05-08 13:00:00,3.5000,1007.7200,0.0000
2026-05-08 14:00:00,3.0000,863.7600,0.0000
2026-05-08 15:00:00,3.0000,863.7600,0.0000
2026-05-08 16:00:00,3.0000,863.7600,0.0000
2026-05-08 17:00:00,5.0000,1439.6000,0.0000
2026-05-08 18:00:00,6.0000,1727.5200,0.0000
2026-05-08 19:00:00,7.0000,2015.4400,0.0000
2026-05-08 20:00:00,6.0000,1727.5200,0.0000
2026-05-08 21:00:00,5.0000,1439.6000,0.0000
2026-05-08 22:00:00,4.0000,1151.6800,0.0000
2026-05-08 23:00:00,3.0000,863.7600,0.0000
2026-05-09 00:00:00,2.0000,575.8400,0.0000
2026-05-09 01:00:00,2.0000,575.8400,0.0000
2026-05-09 02:00:00,2.0000,575.8400,0.0000
2026-05-09 03:00:00,2.0000,575.8400,0.0000
2026-05-09 04:00:00,2.0000,575.8400,0.0000
2026-05-09 05:00:00,2.0000,575.8400,0.0000
2026-05-09 06:00:00,5.0000,1439.6000,0.0000
2026-05-09 07:00:00,6.0000,1727.5200,0.0000
2026-05-09 08:00:00,5.0000,1439.6000,0.0000
2026-05-09 09:00:00,4.0000,1151.6800,0.0000
2026-05-09 10:00:00,4.0000,1151.6800,0.0000
2026-05-09 11:00:00,4.5000,1295.6400,0.0000
2026-05-09 12:00:00,5.0000,1439.6000,0.0000
2026-05-09 13:00:00,4.5000,1295.6400,0.0000
2026-05-09 14:00:00,4.0000,1151.6800,0.0000
2026-05-09 15:00:00,4.0000,1151.6800,0.0000
2026-05-09 16:00:00,4.0000,1151.6800,0.0000
2026-05-09 17:00:00,6.0000,1727.5200,0.0000
2026-05-09 18:00:00,7.0000,2015.4400,0.0000
2026-05-09 19:00:00,7.5000,2159.4000,0.0000
2026-05-09 20:00:00,7.0000,2015.4400,0.0000
2026-05-09 21:00:00,6.0000,1727.5200,0.0000
2026-05-09 22:00:00,5.0000,1439.6000,0.0000
2026-05-09 23:00:00,4.0000,1151.6800,0.0000
2026-05-10 00:00:00,2.0000,575.8400,0.0000
2026-05-10 01:00:00,2.0000,575.8400,0.0000
2026-05-10 02:00:00,2.0000,575.8400,0.0000
2026-05-10 03:00:00,2.0000,575.8400,0.0000
2026-05-10 04:00:00,2.0000,575.8400,0.0000
2026-05-10 05:00:00,2.0000,575.8400,0.0000
2026-05-10 06:00:00,5.0000,1439.6000,0.0000
2026-05-10 07:00:00,6.0000,1727.5200,0.0000
2026-05-10 08:00:00,5.0000,1439.6000,0.0000
2026-05-10 09:00:00,4.0000,1151.6800,0.0000
2026-05-10 10:00:00,4.0000,1151.6800,0.0000
2026-05-10 11:00:00,4.5000,1295.6400,0.0000
2026-05-10 12:00:00,5.0000,1439.6000,0.0000
2026-05-10 13:00:00,4.5000,1295.6400,0.0000
2026-05-10 14:00:00,4.0000,1151.6800,0.0000
2026-05-10 15:00:00,4.0000,1151.6800,0.0000
2026-05-10 16:00:00,4.0000,1151.6800,0.0000
2026-05-10 17:00:00,6.0000,1727.5200,0.0000
2026-05-10 18:00:00,7.0000,2015.4400,0.0000
2026-05-10 19:00:00,7.5000,2159.4000,0.0000
2026-05-10 20:00:00,7.0000,2015.4400,0.0000
2026-05-10 21:00:00,6.0000,1727.5200,0.0000
2026-05-10 22:00:00,5.0000,1439.6000,0.0000
2026-05-10 23:00:00,4.0000,1151.6800,0.0000
2026-05-11 00:00:00,2.0000,575.8400,0.0000
2026-05-11 01:00:00,2.0000,575.8400,0.0000
2026-05-11 02:00:00,2.0000,575.8400,0.0000
2026-05-11 03:00:00,2.0000,575.8400,0.0000
2026-05-11 04:00:00,2.0000,575.8400,0.0000
2026-05-11 05:00:00,2.0000,575.8400,0.0000
2026-05-11 06:00:00,5.0000,1439.6000,0.0000
2026-05-11 07:00:00,6.0000,1727.5200,0.0000
2026-05-11 08:00:00,5.0000,1439.6000,0.0000
2026-05-11 09:00:00,3.0000,863.7600,0.0000
2026-05-11 10:00:00,3.0000,863.7600,0.0000
2026-05-11 11:00:00,3.5000,1007.7200,0.0000
2026-05-11 12:00:00,4.0000,1151.6800,0.0000
2026-05-11 13:00:00,3.5000,1007.7200,0.0000
2026-05-11 14:00:00,3.0000,863.7600,0.0000
2026-05-11 15:00:00,3.0000,863.7600,0.0000
2026-05-11 16:00:00,3.0000,863.7600,0.0000
2026-05-11 17:00:00,5.0000,1439.6000,0.0000
2026-05-11 18:00:00,6.0000,1727.5200,0.0000
2026-05-11 19:00:00,7.0000,2015.4400,0.0000
2026-05-11 20:00:00,6.0000,1727.5200,0.0000
2026-05-11 21:00:00,5.0000,1439.6000,0.0000
2026-05-11 22:00:00,4.0000,1151.6800,0.0000
2026-05-11 23:00:00,3.0000,863.7600,0.0000
2026-05-12 00:00:00,2.0000,575.8400,0.0000
2026-05-12 01:00:00,2.0000,575.8400,0.0000
2026-05-12 02:00:00,2.0000,575.8400,0.0000
2026-05-12 03:00:00,2.0000,575.8400,0.0000
2026-05-12 04:00:00,2.0000,575.8400,0.0000
2026-05-12 05:00:00,2.0000,575.8400,0.0000
2026-05-12 06:00:00,5.0000,1439.6000,0.0000
2026-05-12 07:00:00,6.0000,1727.5200,0.0000
2026-05-12 08:00:00,5.0000,1439.6000,0.0000
2026-05-12 09:00:00,3.0000,863.7600,0.0000
2026-05-12 10:00:00,3.0000,863.7600,0.0000
2026-05-12 11:00:00,3.5000,1007.7200,0.0000
2026-05-12 12:00:00,4.0000,1151.6800,0.0000
2026-05-12 13:00:00,3.5000,1007.7200,0.0000
2026-05-12 14:00:00,3.0000,863.7600,0.0000
2026-05-12 15:00:00,3.0000,863.7600,0.0000
2026-05-12 16:00:00,3.0000,863.7600,0.0000
2026-05-12 17:00:00,5.0000,1439.6000,0.0000
2026-05-12 18:00:00,6.0000,1727.5200,0.0000
2026-05-12 19:00:00,7.0000,2015.4400,0.0000
2026-05-12 20:00:00,6.0000,1727.5200,0.0000
2026-05-12 21:00:00,5.0000,1439.6000,0.0000
2026-05-12 22:00:00,4.0000,1151.6800,0.0000
2026-05-12 23:00:00,3.0000,863.7600,0.0000
2026-05-13 00:00:00,2.0000,575.8400,0.0000
2026-05-13 01:00:00,2.0000,575.8400,0.0000
2026-05-13 02:00:00,2.0000,575.8400,0.0000
2026-05-13 03:00:00,2.0000,575.8400,0.0000
2026-05-13 04:00:00,2.0000,575.8400,0.0000
2026-05-13 05:00:00,2.0000,575.8400,0.0000
2026-05-13 06:00:00,5.0000,1439.6000,0.0000
2026-05-13 07:00:00,6.0000,1727.5200,0.0000
2026-05-13 08:00:00,5.0000,1439.6000,0.0000
2026-05-13 09:00:00,3.0000,863.7600,0.0000
2026-05-13 10:00:00,3.0000,863.7600,0.0000
2026-05-13 11:00:00,3.5000,1007.7200,0.0000
2026-05-13 12:00:00,4.0000,1151.6800,0.0000
2026-05-13 13:00:00,3.5000,1007.7200,0.0000
2026-05-13 14:00:00,3.0000,863.7600,0.0000
2026-05-13 15:00:00,3.0000,863.7600,0.0000
2026-05-13 16:00:00,3.0000,863.7600,0.0000
2026-05-13 17:00:00,5.0000,1439.6000,0.0000
2026-05-13 18:00:00,6.0000,1727.5200,0.0000
2026-05-13 19:00:00,7.0000,2015.4400,0.0000
2026-05-13 20:00:00,6.0000,1727.5200,0.0000
2026-05-13 21:00:00,5.0000,1439.6000,0.0000
2026-05-13 22:00:00,4.0000,1151.6800,0.0000
2026-05-13 23:00:00,3.0000,863.7600,0.0000
2026-05-14 00:00:00,2.0000,575.8400,0.0000
2026-05-14 01:00:00,2.0000,575.8400,0.0000
2026-05-14 02:00:00,2.0000,575.8400,0.0000
2026-05-14 03:00:00,2.0000,575.8400,0.0000
2026-05-14 04:00:00,2.0000,575.8400,0.0000
2026-05-14 05:00:00,2.0000,575.8400,0.0000
2026-05-14 06:00:00,5.0000,1439.6000,0.0000
2026-05-14 07:00:00,6.0000,1727.5200,0.0000
2026-05-14 08:00:00,5.0000,1439.6000,0.0000
2026-05-14 09:00:00,3.0000,863.7600,0.0000
2026-05-14 10:00:00,3.0000,863.7600,0.0000
2026-05-14 11:00:00,3.5000,1007.7200,0.0000
2026-05-14 12:00:00,4.0000,1151.6800,0.0000
2026-05-14 13:00:00,3.5000,1007.7200,0.0000
2026-05-14 14:00:00,3.0000,863.7600,0.0000
2026-05-14 15:00:00,3.0000,863.7600,0.0000
2026-05-14 16:00:00,3.0000,863.7600,0.0000
2026-05-14 17:00:00,5.0000,1439.6000,0.0000
2026-05-14 18:00:00,6.0000,1727.5200,0.0000
2026-05-14 19:00:00,7.0000,2015.4400,0.0000
2026-05-14 20:00:00,6.0000,1727.5200,0.0000
2026-05-14 21:00:00,5.0000,1439.6000,0.0000
2026-05-14 22:00:00,4.0000,1151.6800,0.0000
2026-05-14 23:00:00,3.0000,863.7600,0.0000
2026-05-15 00:00:00,2.0000,575.8400,0.0000
2026-05-15 01:00:00,2.0000,575.8400,0.0000
2026-05-15 02:00:00,2.0000,575.8400,0.0000
2026-05-15 03:00:00,2.0000,575.8400,0.0000
2026-05-15 04:00:00,2.0000,575.8400,0.0000
2026-05-15 05:00:00,2.0000,575.8400,0.0000
2026-05-15 06:00:00,5.0000,1439.6000,0.0000
2026-05-15 07:00:00,6.0000,1727.5200,0.0000
2026-05-15 08:00:00,5.0000,1439.6000,0.0000
2026-05-15 09:00:00,3.0000,863.7600,0.0000
2026-05-15 10:00:00,3.0000,863.7600,0.0000
2026-05-15 11:00:00,3.5000,1007.7200,0.0000
2026-05-15 12:00:00,4.0000,1151.6800,0.0000
2026-05-15 13:00:00,3.5000,1007.7200,0.0000
2026-05-15 14:00:00,3.0000,863.7600,0.0000
2026-05-15 15:00:00,3.0000,863.7600,0.0000
2026-05-15 16:00:00,3.0000,863.7600,0.0000
2026-05-15 17:00:00,5.0000,1439.6000,0.0000
2026-05-15 18:00:00,6.0000,1727.5200,0.0000
2026-05-15 19:00:00,7.0000,2015.4400,0.0000
2026-05-15 20:00:00,6.0000,1727.5200,0.0000
2026-05-15 21:00:00,5.0000,1439.6000,0.0000
2026-05-15 22:00:00,4.0000,1151.6800,0.0000
2026-05-15 23:00:00,3.0000,863.7600,0.0000
2026-05-16 00:00:00,2.0000,575.8400,0.0000
2026-05-16 01:00:00,2.0000,575.8400,0.0000
2026-05-16 02:00:00,2.0000,575.8400,0.0000
2026-05-16 03:00:00,2.0000,575.8400,0.0000
2026-05-16 04:00:00,2.0000,575.8400,0.0000
2026-05-16 05:00:00,2.0000,575.8400,0.0000
2026-05-16 06:00:00,5.0000,1439.6000,0.0000
2026-05-16 07:00:00,6.0000,1727.5200,0.0000
2026-05-16 08:00:00,5.0000,1439.6000,0.0000
2026-05-16 09:00:00,4.0000,1151.6800,0.0000
2026-05-16 10:00:00,4.0000,1151.6800,0.0000
2026-05-16 11:00:00,4.5000,1295.6400,0.0000
2026-05-16 12:00:00,5.0000,1439.6000,0.0000
2026-05-16 13:00:00,4.5000,1295.6400,0.0000
2026-05-16 14:00:00,4.0000,1151.6800,0.0000
2026-05-16 15:00:00,4.0000,1151.6800,0.0000
2026-05-16 16:00:00,4.0000,1151.6800,0.0000
2026-05-16 17:00:00,6.0000,1727.5200,0.0000
2026-05-16 18:00:00,7.0000,2015.4400,0.0000
2026-05-16 19:00:00,7.5000,2159.4000,0.0000
2026-05-16 20:00:00,7.0000,2015.4400,0.0000
2026-05-16 21:00:00,6.0000,1727.5200,0.0000
2026-05-16 22:00:00,5.0000,1439.6000,0.0000
2026-05-16 23:00:00,4.0000,1151.6800,0.0000
2026-05-17 00:00:00,2.0000,575.8400,0.0000
2026-05-17 01:00:00,2.0000,575.8400,0.0000
2026-05-17 02:00:00,2.0000,575.8400,0.0000
2026-05-17 03:00:00,2.0000,575.8400,0.0000
2026-05-17 04:00:00,2.0000,575.8400,0.0000
2026-05-17 05:00:00,2.0000,575.8400,0.0000
2026-05-17 06:00:00,5.0000,1439.6000,0.0000
2026-05-17 07:00:00,6.0000,1727.5200,0.0000
2026-05-17 08:00:00,5.0000,1439.6000,0.0000
2026-05-17 09:00:00,4.0000,1151.6800,0.0000
2026-05-17 10:00:00,4.0000,1151.6800,0.0000
2026-05-17 11:00:00,4.5000,1295.6400,0.0000
2026-05-17 12:00:00,5.0000,1439.6000,0.0000
2026-05-17 13:00:00,4.5000,1295.6400,0.0000
2026-05-17 14:00:00,4.0000,1151.6800,0.0000
2026-05-17 15:00:00,4.0000,1151.6800,0.0000
2026-05-17 16:00:00,4.0000,1151.6800,0.0000
2026-05-17 17:00:00,6.0000,1727.5200,0.0000
2026-05-17 18:00:00,7.0000,2015.4400,0.0000
2026-05-17 19:00:00,7.5000,2159.4000,0.0000
2026-05-17 20:00:00,7.0000,2015.4400,0.0000
2026-05-17 21:00:00,6.0000,1727.5200,0.0000
2026-05-17 22:00:00,5.0000,1439.6000,0.0000
2026-05-17 23:00:00,4.0000,1151.6800,0.0000
2026-05-18 00:00:00,2.0000,575.8400,0.0000
2026-05-18 01:00:00,2.0000,575.8400,0.0000
2026-05-18 02:00:00,2.0000,575.8400,0.0000
2026-05-18 03:00:00,2.0000,575.8400,0.0000
2026-05-18 04:00:00,2.0000,575.8400,0.0000
2026-05-18 05:00:00,2.0000,575.8400,0.0000
2026-05-18 06:00:00,5.0000,1439.6000,0.0000
2026-05-18 07:00:00,6.0000,1727.5200,0.0000
2026-05-18 08:00:00,5.0000,1439.6000,0.0000
2026-05-18 09:00:00,3.0000,863.7600,0.0000
2026-05-18 10:00:00,3.0000,863.7600,0.0000
2026-05-18 11:00:00,3.5000,1007.7200,0.0000
2026-05-18 12:00:00,4.0000,1151.6800,0.0000
2026-05-18 13:00:00,3.5000,1007.7200,0.0000
2026-05-18 14:00:00,3.0000,863.7600,0.0000
2026-05-18 15:00:00,3.0000,863.7600,0.0000
2026-05-18 16:00:00,3.0000,863.7600,0.0000
2026-05-18 17:00:00,5.0000,1439.6000,0.0000
2026-05-18 18:00:00,6.0000,1727.5200,0.0000
2026-05-18 19:00:00,7.0000,2015.4400,0.0000
2026-05-18 20:00:00,6.0000,1727.5200,0.0000
2026-05-18 21:00:00,5.0000,1439.6000,0.0000
2026-05-18 22:00:00,4.0000,1151.6800,0.0000
2026-05-18 23:00:00,3.0000,863.7600,0.0000
2026-05-19 00:00:00,2.0000,575.8400,0.0000
2026-05-19 01:00:00,2.0000,575.8400,0.0000
2026-05-19 02:00:00,2.0000,575.8400,0.0000
2026-05-19 03:00:00,2.0000,575.8400,0.0000
2026-05-19 04:00:00,2.0000,575.8400,0.0000
2026-05-19 05:00:00,2.0000,575.8400,0.0000
2026-05-19 06:00:00,5.0000,1439.6000,0.0000
2026-05-19 07:00:00,6.0000,1727.5200,0.0000
2026-05-19 08:00:00,5.0000,1439.6000,0.0000
2026-05-19 09:00:00,3.0000,863.7600,0.0000
2026-05-19 10:00:00,3.0000,863.7600,0.0000
2026-05-19 11:00:00,3.5000,1007.7200,0.0000
2026-05-19 12:00:00,4.0000,1151.6800,0.0000
2026-05-19 13:00:00,3.5000,1007.7200,0.0000
2026-05-19 14:00:00,3.0000,863.7600,0.0000
2026-05-19 15:00:00,3.0000,863.7600,0.0000
2026-05-19 16:00:00,3.0000,863.7600,0.0000
2026-05-19 17:00:00,5.0000,1439.6000,0.0000
2026-05-19 18:00:00,6.0000,1727.5200,0.0000
2026-05-19 19:00:00,7.0000,2015.4400,0.0000
2026-05-19 20:00:00,6.0000,1727.5200,0.0000
2026-05-19 21:00:00,5.0000,1439.6000,0.0000
2026-05-19 22:00:00,4.0000,1151.6800,0.0000
2026-05-19 23:00:00,3.0000,863.7600,0.0000
2026-05-20 00:00:00,2.0000,575.8400,0.0000
2026-05-20 01:00:00,2.0000,575.8400,0.0000
2026-05-20 02:00:00,2.0000,575.8400,0.0000
2026-05-20 03:00:00,2.0000,575.8400,0.0000
2026-05-20 04:00:00,2.0000,575.8400,0.0000
2026-05-20 05:00:00,2.0000,575.8400,0.0000
2026-05-20 06:00:00,5.0000,1439.6000,0.0000
2026-05-20 07:00:00,6.0000,1727.5200,0.0000
2026-05-20 08:00:00,5.0000,1439.6000,0.0000
2026-05-20 09:00:00,3.0000,863.7600,0.0000
2026-05-20 10:00:00,3.0000,863.7600,0.0000
2026-05-20 11:00:00,3.5000,1007.7200,0.0000
2026-05-20 12:00:00,4.0000,1151.6800,0.0000
2026-05-20 13:00:00,3.5000,1007.7200,0.0000
2026-05-20 14:00:00,3.0000,863.7600,0.0000
2026-05-20 15:00:00,3.0000,863.7600,0.0000
2026-05-20 16:00:00,3.0000,863.7600,0.0000
2026-05-20 17:00:00,5.0000,1439.6000,0.0000
2026-05-20 18:00:00,6.0000,1727.5200,0.0000
2026-05-20 19:00:00,7.0000,2015.4400,0.0000
2026-05-20 20:00:00,6.0000,1727.5200,0.0000
2026-05-20 21:00:00,5.0000,1439.6000,0.0000
2026-05-20 22:00:00,4.0000,1151.6800,0.0000
2026-05-20 23:00:00,3.0000,863.7600,0.0000
2026-05-21 00:00:00,2.0000,575.8400,0.0000
2026-05-21 01:00:00,2.0000,575.8400,0.0000
2026-05-21 02:00:00,2.0000,575.8400,0.0000
2026-05-21 03:00:00,2.0000,575.8400,0.0000
2026-05-21 04:00:00,2.0000,575.8400,0.0000
2026-05-21 05:00:00,2.0000,575.8400,0.0000
2026-05-21 06:00:00,5.0000,1439.6000,0.0000
2026-05-21 07:00:00,6.0000,1727.5200,0.0000
2026-05-21 08:00:00,5.0000,1439.6000,0.0000
2026-05-21 09:00:00,3.0000,863.7600,0.0000
2026-05-21 10:00:00,3.0000,863.7600,0.0000
2026-05-21 11:00:00,3.5000,1007.7200,0.0000
2026-05-21 12:00:00,4.0000,1151.6800,0.0000
2026-05-21 13:00:00,3.5000,1007.7200,0.0000
2026-05-21 14:00:00,3.0000,863.7600,0.0000
2026-05-21 15:00:00,3.0000,863.7600,0.0000
2026-05-21 16:00:00,3.0000,863.7600,0.0000
2026-05-21 17:00:00,5.0000,1439.6000,0.0000
2026-05-21 18:00:00,6.0000,1727.5200,0.0000
2026-05-21 19:00:00,7.0000,2015.4400,0.0000
2026-05-21 20:00:00,6.0000,1727.5200,0.0000
2026-05-21 21:00:00,5.0000,1439.6000,0.0000
2026-05-21 22:00:00,4.0000,1151.6800,0.0000
2026-05-21 23:00:00,3.0000,863.7600,0.0000
2026-05-22 00:00:00,2.0000,575.8400,0.0000
2026-05-22 01:00:00,2.0000,575.8400,0.0000
2026-05-22 02:00:00,2.0000,575.8400,0.0000
2026-05-22 03:00:00,2.0000,575.8400,0.0000
2026-05-22 04:00:00,2.0000,575.8400,0.0000
2026-05-22 05:00:00,2.0000,575.8400,0.0000
2026-05-22 06:00:00,5.0000,1439.6000,0.0000
2026-05-22 07:00:00,6.0000,1727.5200,0.0000
2026-05-22 08:00:00,5.0000,1439.6000,0.0000
2026-05-22 09:00:00,3.0000,863.7600,0.0000
2026-05-22 10:00:00,3.0000,863.7600,0.0000
2026-05-22 11:00:00,3.5000,1007.7200,0.0000
2026-05-22 12:00:00,4.0000,1151.6800,0.0000
2026-05-22 13:00:00,3.5000,1007.7200,0.0000
2026-05-22 14:00:00,3.0000,863.7600,0.0000
2026-05-22 15:00:00,3.0000,863.7600,0.0000
2026-05-22 16:00:00,3.0000,863.7600,0.0000
2026-05-22 17:00:00,5.0000,1439.6000,0.0000
2026-05-22 18:00:00,6.0000,1727.5200,0.0000
2026-05-22 19:00:00,7.0000,2015.4400,0.0000
2026-05-22 20:00:00,6.0000,1727.5200,0.0000
2026-05-22 21:00:00,5.0000,1439.6000,0.0000
2026-05-22 22:00:00,4.0000,1151.6800,0.0000
2026-05-22 23:00:00,3.0000,863.7600,0.0000
2026-05-23 00:00:00,2.0000,575.8400,0.0000
2026-05-23 01:00:00,2.0000,575.8400,0.0000
2026-05-23 02:00:00,2.0000,575.8400,0.0000
2026-05-23 03:00:00,2.0000,575.8400,0.0000
2026-05-23 04:00:00,2.0000,575.8400,0.0000
2026-05-23 05:00:00,2.0000,575.8400,0.0000
2026-05-23 06:00:00,5.0000,1439.6000,0.0000
2026-05-23 07:00:00,6.0000,1727.5200,0.0000
2026-05-23 08:00:00,5.0000,1439.6000,0.0000
2026-05-23 09:00:00,4.0000,1151.6800,0.0000
2026-05-23 10:00:00,4.0000,1151.6800,0.0000
2026-05-23 11:00:00,4.5000,1295.6400,0.0000
2026-05-23 12:00:00,5.0000,1439.6000,0.0000
2026-05-23 13:00:00,4.5000,1295.6400,0.0000
2026-05-23 14:00:00,4.0000,1151.6800,0.0000
2026-05-23 15:00:00,4.0000,1151.6800,0.0000
2026-05-23 16:00:00,4.0000,1151.6800,0.0000
2026-05-23 17:00:00,6.0000,1727.5200,0.0000
2026-05-23 18:00:00,7.0000,2015.4400,0.0000
2026-05-23 19:00:00,7.5000,2159.4000,0.0000
2026-05-23 20:00:00,7.0000,2015.4400,0.0000
2026-05-23 21:00:00,6.0000,1727.5200,0.0000
2026-05-23 22:00:00,5.0000,1439.6000,0.0000
2026-05-23 23:00:00,4.0000,1151.6800,0.0000
2026-05-24 00:00:00,2.0000,575.8400,0.0000
2026-05-24 01:00:00,2.0000,575.8400,0.0000
2026-05-24 02:00:00,2.0000,575.8400,0.0000
2026-05-24 03:00:00,2.0000,575.8400,0.0000
2026-05-24 04:00:00,2.0000,575.8400,0.0000
2026-05-24 05:00:00,2.0000,575.8400,0.0000
2026-05-24 06:00:00,5.0000,1439.6000,0.0000
2026-05-24 07:00:00,6.0000,1727.5200,0.0000
2026-05-24 08:00:00,5.0000,1439.6000,0.0000
2026-05-24 09:00:00,4.0000,1151.6800,0.0000
2026-05-24 10:00:00,4.0000,1151.6800,0.0000
2026-05-24 11:00:00,4.5000,1295.6400,0.0000
2026-05-24 12:00:00,5.0000,1439.6000,0.0000
2026-05-24 13:00:00,4.5000,1295.6400,0.0000
2026-05-24 14:00:00,4.0000,1151.6800,0.0000
2026-05-24 15:00:00,4.0000,1151.6800,0.0000
2026-05-24 16:00:00,4.0000,1151.6800,0.0000
2026-05-24 17:00:00,6.0000,1727.5200,0.0000
2026-05-24 18:00:00,7.0000,2015.4400,0.0000
2026-05-24 19:00:00,7.5000,2159.4000,0.0000
2026-05-24 20:00:00,7.0000,2015.4400,0.0000
2026-05-24 21:00:00,6.0000,1727.5200,0.0000
2026-05-24 22:00:00,5.0000,1439.6000,0.0000
2026-05-24 23:00:00,4.0000,1151.6800,0.0000
2026-05-25 00:00:00,2.0000,575.8400,0.0000
2026-05-25 01:00:00,2.0000,575.8400,0.0000
2026-05-25 02:00:00,2.0000,575.8400,0.0000
2026-05-25 03:00:00,2.0000,575.8400,0.0000
2026-05-25 04:00:00,2.0000,575.8400,0.0000
2026-05-25 05:00:00,2.0000,575.8400,0.0000
2026-05-25 06:00:00,5.0000,1439.6000,0.0000
2026-05-25 07:00:00,6.0000,1727.5200,0.0000
2026-05-25 08:00:00,5.0000,1439.6000,0.0000
2026-05-25 09:00:00,3.0000,863.7600,0.0000
2026-05-25 10:00:00,3.0000,863.7600,0.0000
2026-05-25 11:00:00,3.5000,1007.7200,0.0000
2026-05-25 12:00:00,4.0000,1151.6800,0.0000
2026-05-25 13:00:00,3.5000,1007.7200,0.0000
2026-05-25 14:00:00,3.0000,863.7600,0.0000
2026-05-25 15:00:00,3.0000,863.7600,0.0000
2026-05-25 16:00:00,3.0000,863.7600,0.0000
2026-05-25 17:00:00,5.0000,1439.6000,0.0000
2026-05-25 18:00:00,6.0000,1727.5200,0.0000
2026-05-25 19:00:00,7.0000,2015.4400,0.0000
2026-05-25 20:00:00,6.0000,1727.5200,0.0000
2026-05-25 21:00:00,5.0000,1439.6000,0.0000
2026-05-25 22:00:00,4.0000,1151.6800,0.0000
2026-05-25 23:00:00,3.0000,863.7600,0.0000
2026-05-26 00:00:00,2.0000,575.8400,0.0000
2026-05-26 01:00:00,2.0000,575.8400,0.0000
2026-05-26 02:00:00,2.0000,575.8400,0.0000
2026-05-26 03:00:00,2.0000,575.8400,0.0000
2026-05-26 04:00:00,2.0000,575.8400,0.0000
2026-05-26 05:00:00,2.0000,575.8400,0.0000
2026-05-26 06:00:00,5.0000,1439.6000,0.0000
2026-05-26 07:00:00,6.0000,1727.5200,0.0000
2026-05-26 08:00:00,5.0000,1439.6000,0.0000
2026-05-26 09:00:00,3.0000,863.7600,0.0000
2026-05-26 10:00:00,3.0000,863.7600,0.0000
2026-05-26 11:00:00,3.5000,1007.7200,0.0000
2026-05-26 12:00:00,4.0000,1151.6800,0.0000
2026-05-26 13:00:00,3.5000,1007.7200,0.0000
2026-05-26 14:00:00,3.0000,863.7600,0.0000
2026-05-26 15:00:00,3.0000,863.7600,0.0000
2026-05-26 16:00:00,3.0000,863.7600,0.0000
2026-05-26 17:00:00,5.0000,1439.6000,0.0000
2026-05-26 18:00:00,6.0000,1727.5200,0.0000
2026-05-26 19:00:00,7.0000,2015.4400,0.0000
2026-05-26 20:00:00,6.0000,1727.5200,0.0000
2026-05-26 21:00:00,5.0000,1439.6000,0.0000
2026-05-26 22:00:00,4.0000,1151.6800,0.0000
2026-05-26 23:00:00,3.0000,863.7600,0.0000
2026-05-27 00:00:00,2.0000,575.8400,0.0000
2026-05-27 01:00:00,2.0000,575.8400,0.0000
2026-05-27 02:00:00,2.0000,575.8400,0.0000
2026-05-27 03:00:00,2.0000,575.8400,0.0000
2026-05-27 04:00:00,2.0000,575.8400,0.0000
2026-05-27 05:00:00,2.0000,575.8400,0.0000
2026-05-27 06:00:00,5.0000,1439.6000,0.0000
2026-05-27 07:00:00,6.0000,1727.5200,0.0000
2026-05-27 08:00:00,5.0000,1439.6000,0.0000
2026-05-27 09:00:00,3.0000,863.7600,0.0000
2026-05-27 10:00:00,3.0000,863.7600,0.0000
2026-05-27 11:00:00,3.5000,1007.7200,0.0000
2026-05-27 12:00:00,4.0000,1151.6800,0.0000
2026-05-27 13:00:00,3.5000,1007.7200,0.0000
2026-05-27 14:00:00,3.0000,863.7600,0.0000
2026-05-27 15:00:00,3.0000,863.7600,0.0000
2026-05-27 16:00:00,3.0000,863.7600,0.0000
2026-05-27 17:00:00,5.0000,1439.6000,0.0000
2026-05-27 18:00:00,6.0000,1727.5200,0.0000
2026-05-27 19:00:00,7.0000,2015.4400,0.0000
2026-05-27 20:00:00,6.0000,1727.5200,0.0000
2026-05-27 21:00:00,5.0000,1439.6000,0.0000
2026-05-27 22:00:00,4.0000,1151.6800,0.0000
2026-05-27 23:00:00,3.0000,863.7600,0.0000
2026-05-28 00:00:00,2.0000,575.8400,0.0000
2026-05-28 01:00:00,2.0000,575.8400,0.0000
2026-05-28 02:00:00,2.0000,575.8400,0.0000
2026-05-28 03:00:00,2.0000,575.8400,0.0000
2026-05-28 04:00:00,2.0000,575.8400,0.0000
2026-05-28 05:00:00,2.0000,575.8400,0.0000
2026-05-28 06:00:00,5.0000,1439.6000,0.0000
2026-05-28 07:00:00,6.0000,1727.5200,0.0000
2026-05-28 08:00:00,5.0000,1439.6000,0.0000
2026-05-28 09:00:00,3.0000,863.7600,0.0000
2026-05-28 10:00:00,3.0000,863.7600,0.0000
2026-05-28 11:00:00,3.5000,1007.7200,0.0000
2026-05-28 12:00:00,4.0000,1151.6800,0.0000
2026-05-28 13:00:00,3.5000,1007.7200,0.0000
2026-05-28 14:00:00,3.0000,863.7600,0.0000
2026-05-28 15:00:00,3.0000,863.7600,0.0000
2026-05-28 16:00:00,3.0000,863.7600,0.0000
2026-05-28 17:00:00,5.0000,1439.6000,0.0000
2026-05-28 18:00:00,6.0000,1727.5200,0.0000
2026-05-28 19:00:00,7.0000,2015.4400,0.0000
2026-05-28 20:00:00,6.0000,1727.5200,0.0000
2026-05-28 21:00:00,5.0000,1439.6000,0.0000
2026-05-28 22:00:00,4.0000,1151.6800,0.0000
2026-05-28 23:00:00,3.0000,863.7600,0.0000
2026-05-29 00:00:00,2.0000,575.8400,0.0000
2026-05-29 01:00:00,2.0000,575.8400,0.0000
2026-05-29 02:00:00,2.0000,575.8400,0.0000
2026-05-29 03:00:00,2.0000,575.8400,0.0000
2026-05-29 04:00:00,2.0000,575.8400,0.0000
2026-05-29 05:00:00,2.0000,575.8400,0.0000
2026-05-29 06:00:00,5.0000,1439.6000,0.0000
2026-05-29 07:00:00,6.0000,1727.5200,0.0000
2026-05-29 08:00:00,5.0000,1439.6000,0.0000
2026-05-29 09:00:00,3.0000,863.7600,0.0000
2026-05-29 10:00:00,3.0000,863.7600,0.0000
2026-05-29 11:00:00,3.5000,1007.7200,0.0000
2026-05-29 12:00:00,4.0000,1151.6800,0.0000
2026-05-29 13:00:00,3.5000,1007.7200,0.0000
2026-05-29 14:00:00,3.0000,863.7600,0.0000
2026-05-29 15:00:00,3.0000,863.7600,0.0000
2026-05-29 16:00:00,3.0000,863.7600,0.0000
2026-05-29 17:00:00,5.0000,1439.6000,0.0000
2026-05-29 18:00:00,6.0000,1727.5200,0.0000
2026-05-29 19:00:00,7.0000,2015.4400,0.0000
2026-05-29 20:00:00,6.0000,1727.5200,0.0000
2026-05-29 21:00:00,5.0000,1439.6000,0.0000
2026-05-29 22:00:00,4.0000,1151.6800,0.0000
2026-05-29 23:00:00,3.0000,863.7600,0.0000
2026-05-30 00:00:00,2.0000,575.8400,0.0000
2026-05-30 01:00:00,2.0000,575.8400,0.0000
2026-05-30 02:00:00,2.0000,575.8400,0.0000
2026-05-30 03:00:00,2.0000,575.8400,0.0000
2026-05-30 04:00:00,2.0000,575.8400,0.0000
2026-05-30 05:00:00,2.0000,575.8400,0.0000
2026-05-30 06:00:00,5.0000,1439.6000,0.0000
2026-05-30 07:00:00,6.0000,1727.5200,0.0000
2026-05-30 08:00:00,5.0000,1439.6000,0.0000
2026-05-30 09:00:00,4.0000,1151.6800,0.0000
2026-05-30 10:00:00,4.0000,1151.6800,0.0000
2026-05-30 11:00:00,4.5000,1295.6400,0.0000
2026-05-30 12:00:00,5.0000,1439.6000,0.0000
2026-05-30 13:00:00,4.5000,1295.6400,0.0000
2026-05-30 14:00:00,4.0000,1151.6800,0.0000
2026-05-30 15:00:00,4.0000,1151.6800,0.0000
2026-05-30 16:00:00,4.0000,1151.6800,0.0000
2026-05-30 17:00:00,6.0000,1727.5200,0.0000
2026-05-30 18:00:00,7.0000,2015.4400,0.0000
2026-05-30 19:00:00,7.5000,2159.4000,0.0000
2026-05-30 20:00:00,7.0000,2015.4400,0.0000
2026-05-30 21:00:00,6.0000,1727.5200,0.0000
2026-05-30 22:00:00,5.0000,1439.6000,0.0000
2026-05-30 23:00:00,4.0000,1151.6800,0.0000
