timestamp,T_amb,price_eur_kwh
2021-10-01 00:00:00,10.7,0.2627
2021-10-01 01:00:00,10.4,0.2405541
2021-10-01 02:00:00,10.2,0.2269762
2021-10-01 03:00:00,10.2,0.2126486
2021-10-01 04:00:00,10.1,0.2204788
2021-10-01 05:00:00,10.1,0.2337711
2021-10-01 06:00:00,9.7,0.2991259
2021-10-01 07:00:00,9.9,0.3341
2021-10-01 08:00:00,10.8,0.3246395
2021-10-01 09:00:00,11.3,0.2840605
2021-10-01 10:00:00,12.4,0.2538583
2021-10-01 11:00:00,14.1,0.2404827
2021-10-01 12:00:00,16.3,0.2269286
2021-10-01 13:00:00,17.1,0.2175038
2021-10-01 14:00:00,18.2,0.2141361
2021-10-01 15:00:00,17.5,0.2309032
2021-10-01 16:00:00,18.0,0.2627238
2021-10-01 17:00:00,17.2,0.3445839
2021-10-01 18:00:00,16.8,0.3736913
2021-10-01 19:00:00,16.0,0.3865671
2021-10-01 20:00:00,15.8,0.3448219
2021-10-01 21:00:00,15.3,0.3026959
2021-10-01 22:00:00,15.0,0.2964127
2021-10-01 23:00:00,14.8,0.2653656
2021-10-02 00:00:00,14.6,0.2924738
2021-10-02 01:00:00,14.6,0.2809308
2021-10-02 02:00:00,14.2,0.2822636
2021-10-02 03:00:00,14.0,0.2773013
2021-10-02 04:00:00,12.3,0.2802049
2021-10-02 05:00:00,11.8,0.2889038
2021-10-02 06:00:00,12.0,0.3222
2021-10-02 07:00:00,12.2,0.3414542
2021-10-02 08:00:00,12.9,0.3518429
2021-10-02 09:00:00,13.5,0.3518548
2021-10-02 10:00:00,13.9,0.3169402
2021-10-02 11:00:00,14.2,0.3031838
2021-10-02 12:00:00,14.5,0.2808118
2021-10-02 13:00:00,16.5,0.2581899
2021-10-02 14:00:00,16.4,0.2465636
2021-10-02 15:00:00,16.8,0.2425771
2021-10-02 16:00:00,17.1,0.2470991
2021-10-02 17:00:00,16.7,0.2822874
2021-10-02 18:00:00,16.2,0.2984
2021-10-02 19:00:00,15.5,0.2931164
2021-10-02 20:00:00,16.5,0.2657345
2021-10-02 21:00:00,16.5,0.227357
2021-10-02 22:00:00,16.4,0.2021885
2021-10-02 23:00:00,16.3,0.1723552
2021-10-03 00:00:00,17.4,0.1556119
2021-10-03 01:00:00,18.2,0.1555643
2021-10-03 02:00:00,18.8,0.1543862
2021-10-03 03:00:00,19.4,0.1533271
2021-10-03 04:00:00,19.6,0.1531962
2021-10-03 05:00:00,20.6,0.1543743
2021-10-03 06:00:00,20.3,0.1555286
2021-10-03 07:00:00,20.2,0.1554929
2021-10-03 08:00:00,19.5,0.155719
2021-10-03 09:00:00,19.6,0.1590986
2021-10-03 10:00:00,19.3,0.1583727
2021-10-03 11:00:00,19.2,0.1710343
2021-10-03 12:00:00,19.9,0.1651676
2021-10-03 13:00:00,20.4,0.1611573
2021-10-03 14:00:00,21.0,0.1675238
2021-10-03 15:00:00,21.6,0.2032357
2021-10-03 16:00:00,22.5,0.2212523
2021-10-03 17:00:00,22.2,0.2847745
2021-10-03 18:00:00,21.4,0.3074321
2021-10-03 19:00:00,20.6,0.3386696
2021-10-03 20:00:00,19.7,0.3179398
2021-10-03 21:00:00,15.6,0.2984952
2021-10-03 22:00:00,13.9,0.298043
2021-10-03 23:00:00,13.1,0.2589039
2021-10-04 00:00:00,13.0,0.243898
2021-10-04 01:00:00,12.5,0.2402447
2021-10-04 02:00:00,12.3,0.2394355
2021-10-04 03:00:00,12.4,0.2357346
2021-10-04 04:00:00,12.2,0.235687
2021-10-04 05:00:00,12.0,0.262938
2021-10-04 06:00:00,12.2,0.3703712
2021-10-04 07:00:00,12.3,0.413949
2021-10-04 08:00:00,12.8,0.4197681
2021-10-04 09:00:00,13.5,0.409784
2021-10-04 10:00:00,13.9,0.3926123
2021-10-04 11:00:00,14.3,0.3860435
2021-10-04 12:00:00,14.8,0.3572098
2021-10-04 13:00:00,15.4,0.3506767
2021-10-04 14:00:00,15.7,0.3345165
2021-10-04 15:00:00,16.2,0.3400262
2021-10-04 16:00:00,16.5,0.3698
2021-10-04 17:00:00,16.1,0.3901014
2021-10-04 18:00:00,14.5,0.4085702
2021-10-04 19:00:00,13.8,0.4293
2021-10-04 20:00:00,12.8,0.402168
2021-10-04 21:00:00,12.2,0.358614
2021-10-04 22:00:00,11.8,0.3448933
2021-10-04 23:00:00,10.1,0.313989
2021-10-05 00:00:00,11.0,0.3003635
2021-10-05 01:00:00,11.0,0.289356
2021-10-05 02:00:00,11.0,0.2750522
2021-10-05 03:00:00,10.9,0.2681502
2021-10-05 04:00:00,10.6,0.2685429
2021-10-05 05:00:00,10.7,0.2876423999999999
2021-10-05 06:00:00,11.1,0.3556628
2021-10-05 07:00:00,11.0,0.4145559
2021-10-05 08:00:00,10.9,0.4281695
2021-10-05 09:00:00,12.0,0.4144726
2021-10-05 10:00:00,12.0,0.3984076
2021-10-05 11:00:00,11.9,0.3875548
2021-10-05 12:00:00,12.5,0.3706449
2021-10-05 13:00:00,13.7,0.3485942000000001
2021-10-05 14:00:00,14.1,0.34005
2021-10-05 15:00:00,14.6,0.3404189
2021-10-05 16:00:00,15.2,0.3454645
2021-10-05 17:00:00,14.6,0.373251
2021-10-05 18:00:00,14.1,0.4019062
2021-10-05 19:00:00,13.5,0.4144726
2021-10-05 20:00:00,13.7,0.3768448
2021-10-05 21:00:00,13.6,0.3234257
2021-10-05 22:00:00,13.7,0.2986142
2021-10-05 23:00:00,13.5,0.2746357
2021-10-06 00:00:00,13.1,0.2519781
2021-10-06 01:00:00,12.7,0.2448262
2021-10-06 02:00:00,12.3,0.2396854
2021-10-06 03:00:00,12.2,0.2274879
2021-10-06 04:00:00,11.6,0.2275712
2021-10-06 05:00:00,11.5,0.2474561
2021-10-06 06:00:00,11.5,0.332791
2021-10-06 07:00:00,11.2,0.4174
2021-10-06 08:00:00,11.9,0.4507557
2021-10-06 09:00:00,12.5,0.4413428
2021-10-06 10:00:00,13.4,0.4079038
2021-10-06 11:00:00,14.2,0.400145
2021-10-06 12:00:00,13.7,0.3936
2021-10-06 13:00:00,12.9,0.3857817
2021-10-06 14:00:00,14.0,0.386698
2021-10-06 15:00:00,14.1,0.3883997
2021-10-06 16:00:00,14.1,0.4101529
2021-10-06 17:00:00,13.6,0.4507914
2021-10-06 18:00:00,12.7,0.4562178
2021-10-06 19:00:00,12.8,0.5018543
2021-10-06 20:00:00,12.5,0.465
2021-10-06 21:00:00,12.4,0.4471262
2021-10-06 22:00:00,11.4,0.4176261
2021-10-06 23:00:00,11.1,0.400383
2021-10-07 00:00:00,11.4,0.46619
2021-10-07 01:00:00,11.1,0.4565034
2021-10-07 02:00:00,9.6,0.4531
2021-10-07 03:00:00,8.9,0.4374634
2021-10-07 04:00:00,9.3,0.4434372
2021-10-07 05:00:00,9.8,0.4701289
2021-10-07 06:00:00,9.9,0.5245595000000001
2021-10-07 07:00:00,9.6,0.5793470999999999
2021-10-07 08:00:00,10.2,0.623389
2021-10-07 09:00:00,12.1,0.5751345000000001
2021-10-07 10:00:00,13.8,0.5126
2021-10-07 11:00:00,14.5,0.5125048000000001
2021-10-07 12:00:00,14.7,0.5083279
2021-10-07 13:00:00,15.1,0.49713
2021-10-07 14:00:00,15.4,0.4888238
2021-10-07 15:00:00,16.4,0.4888
2021-10-07 16:00:00,15.8,0.5113386
2021-10-07 17:00:00,14.4,0.5335202
2021-10-07 18:00:00,12.9,0.5727188000000001
2021-10-07 19:00:00,11.5,0.6826509999999999
2021-10-07 20:00:00,9.3,0.5352456999999999
2021-10-07 21:00:00,9.3,0.5126
2021-10-07 22:00:00,9.1,0.5113029
2021-10-07 23:00:00,9.1,0.477733
2021-10-08 00:00:00,8.4,0.3657659
2021-10-08 01:00:00,7.3,0.3547584
2021-10-08 02:00:00,5.9,0.3511765
2021-10-08 03:00:00,5.5,0.3460952
2021-10-08 04:00:00,5.6,0.3492606
2021-10-08 05:00:00,5.0,0.3628028
2021-10-08 06:00:00,5.0,0.4334174
2021-10-08 07:00:00,4.5,0.476186
2021-10-08 08:00:00,5.7,0.5023898
2021-10-08 09:00:00,8.7,0.465
2021-10-08 10:00:00,11.1,0.4295856
2021-10-08 11:00:00,12.8,0.4070708
2021-10-08 12:00:00,14.5,0.3847939999999999
2021-10-08 13:00:00,15.1,0.357424
2021-10-08 14:00:00,16.0,0.346595
2021-10-08 15:00:00,15.8,0.3516168
2021-10-08 16:00:00,15.9,0.384437
2021-10-08 17:00:00,14.4,0.4281338
2021-10-08 18:00:00,13.2,0.4564438999999999
2021-10-08 19:00:00,12.0,0.476543
2021-10-08 20:00:00,10.3,0.4360473
2021-10-08 21:00:00,9.8,0.3867099
2021-10-08 22:00:00,9.1,0.371228
2021-10-08 23:00:00,9.0,0.3341
2021-10-09 00:00:00,7.6,0.3200342
2021-10-09 01:00:00,7.6,0.2987332
2021-10-09 02:00:00,6.1,0.3009228
2021-10-09 03:00:00,5.9,0.3163809
2021-10-09 04:00:00,5.2,0.3222
2021-10-09 05:00:00,4.0,0.3190227
2021-10-09 06:00:00,4.2,0.3188085
2021-10-09 07:00:00,3.6,0.3554129
2021-10-09 08:00:00,5.5,0.3736913
2021-10-09 09:00:00,6.9,0.3465236
2021-10-09 10:00:00,8.4,0.30316
2021-10-09 11:00:00,10.3,0.2755639
2021-10-09 12:00:00,12.2,0.249253
2021-10-09 13:00:00,13.6,0.2394236
2021-10-09 14:00:00,14.3,0.239495
2021-10-09 15:00:00,14.6,0.2672458
2021-10-09 16:00:00,14.6,0.3192488
2021-10-09 17:00:00,13.4,0.3936
2021-10-09 18:00:00,10.1,0.428348
2021-10-09 19:00:00,8.2,0.4402718
2021-10-09 20:00:00,7.9,0.3736318
2021-10-09 21:00:00,8.1,0.3208434
2021-10-09 22:00:00,6.7,0.3099549
2021-10-09 23:00:00,5.7,0.2865119
2021-10-10 00:00:00,5.5,0.3166665
2021-10-10 01:00:00,4.8,0.312918
2021-10-10 02:00:00,4.1,0.3009109
2021-10-10 03:00:00,3.1,0.2976979
2021-10-10 04:00:00,2.6,0.2970672
2021-10-10 05:00:00,2.0,0.2994472
2021-10-10 06:00:00,0.9,0.322795
2021-10-10 07:00:00,1.3,0.3507481
2021-10-10 08:00:00,4.2,0.3568409
2021-10-10 09:00:00,6.2,0.3360992
2021-10-10 10:00:00,9.2,0.3075511
2021-10-10 11:00:00,11.7,0.2978288
2021-10-10 12:00:00,12.6,0.2699233
2021-10-10 13:00:00,14.1,0.258297
2021-10-10 14:00:00,14.3,0.2379718
2021-10-10 15:00:00,15.2,0.2624858
2021-10-10 16:00:00,15.1,0.3029815
2021-10-10 17:00:00,14.1,0.3522950999999999
2021-10-10 18:00:00,11.3,0.4127114
2021-10-10 19:00:00,8.0,0.4418783
2021-10-10 20:00:00,7.2,0.419423
2021-10-10 21:00:00,6.4,0.38765
2021-10-10 22:00:00,4.8,0.3694668
2021-10-10 23:00:00,5.2,0.3450004
2021-10-11 00:00:00,5.3,0.3330766
2021-10-11 01:00:00,4.7,0.3239969
2021-10-11 02:00:00,4.9,0.3026245
2021-10-11 03:00:00,7.4,0.2908792
2021-10-11 04:00:00,9.2,0.296734
2021-10-11 05:00:00,9.1,0.3295304
2021-10-11 06:00:00,9.6,0.3936
2021-10-11 07:00:00,9.6,0.4560274
2021-10-11 08:00:00,10.0,0.4650238
2021-10-11 09:00:00,10.9,0.4376538
2021-10-11 10:00:00,11.6,0.4101886
2021-10-11 11:00:00,12.6,0.3701332
2021-10-11 12:00:00,13.9,0.3140961
2021-10-11 13:00:00,13.6,0.2856908
2021-10-11 14:00:00,12.3,0.276266
2021-10-11 15:00:00,14.2,0.2996614
2021-10-11 16:00:00,14.2,0.3282333
2021-10-11 17:00:00,11.2,0.3842347
2021-10-11 18:00:00,10.4,0.4270509
2021-10-11 19:00:00,10.4,0.4418783
2021-10-11 20:00:00,9.5,0.4283956
2021-10-11 21:00:00,8.9,0.3644093
2021-10-11 22:00:00,8.7,0.2980192
2021-10-11 23:00:00,8.4,0.2705302
2021-10-12 00:00:00,8.2,0.2750403
2021-10-12 01:00:00,8.7,0.2684715
2021-10-12 02:00:00,8.1,0.257821
2021-10-12 03:00:00,8.1,0.2627
2021-10-12 04:00:00,8.6,0.2666984
2021-10-12 05:00:00,9.0,0.286857
2021-10-12 06:00:00,9.1,0.32577
2021-10-12 07:00:00,8.9,0.4119498
2021-10-12 08:00:00,8.5,0.4366899
2021-10-12 09:00:00,8.8,0.4378442
2021-10-12 10:00:00,10.3,0.4174
2021-10-12 11:00:00,11.1,0.4042386
2021-10-12 12:00:00,11.4,0.3633621
2021-10-12 13:00:00,11.8,0.3355756
2021-10-12 14:00:00,12.2,0.3221405
2021-10-12 15:00:00,12.0,0.3215336
2021-10-12 16:00:00,11.6,0.3333384
2021-10-12 17:00:00,10.2,0.3936
2021-10-12 18:00:00,8.7,0.4357736
2021-10-12 19:00:00,8.0,0.4508152
2021-10-12 20:00:00,7.1,0.4254206
2021-10-12 21:00:00,7.3,0.3855079999999999
2021-10-12 22:00:00,6.0,0.3753692
2021-10-12 23:00:00,5.1,0.3223309
2021-10-13 00:00:00,5.1,0.3363967
2021-10-13 01:00:00,3.9,0.3364918999999999
2021-10-13 02:00:00,4.3,0.3222833
2021-10-13 03:00:00,4.9,0.3131917000000001
2021-10-13 04:00:00,5.2,0.31625
2021-10-13 05:00:00,5.2,0.3358255
2021-10-13 06:00:00,5.3,0.3890423
2021-10-13 07:00:00,5.7,0.428467
2021-10-13 08:00:00,6.5,0.4538021
2021-10-13 09:00:00,7.3,0.4399743
2021-10-13 10:00:00,8.7,0.4070589
2021-10-13 11:00:00,10.2,0.3883164
2021-10-13 12:00:00,11.2,0.3814025
2021-10-13 13:00:00,11.8,0.3564006
2021-10-13 14:00:00,12.1,0.3524498
2021-10-13 15:00:00,11.2,0.355044
2021-10-13 16:00:00,10.8,0.381581
2021-10-13 17:00:00,10.1,0.4102124
2021-10-13 18:00:00,9.6,0.4495181
2021-10-13 19:00:00,9.5,0.4974989
2021-10-13 20:00:00,9.5,0.4352499999999999
2021-10-13 21:00:00,9.8,0.3924933
2021-10-13 22:00:00,9.7,0.3378842
2021-10-13 23:00:00,10.0,0.2937828
2021-10-14 00:00:00,9.2,0.3301611
2021-10-14 01:00:00,9.3,0.3124777
2021-10-14 02:00:00,9.5,0.3132274
2021-10-14 03:00:00,9.7,0.2865
2021-10-14 04:00:00,9.9,0.2943659
2021-10-14 05:00:00,10.1,0.3233781
2021-10-14 06:00:00,10.1,0.40431
2021-10-14 07:00:00,10.5,0.4353095
2021-10-14 08:00:00,10.6,0.465
2021-10-14 09:00:00,11.0,0.44715
2021-10-14 10:00:00,11.3,0.4204345
2021-10-14 11:00:00,11.6,0.391577
2021-10-14 12:00:00,12.7,0.3816167
2021-10-14 13:00:00,12.7,0.35076
2021-10-14 14:00:00,12.7,0.3276145
2021-10-14 15:00:00,13.0,0.3272813
2021-10-14 16:00:00,13.0,0.3363848
2021-10-14 17:00:00,12.8,0.3925647
2021-10-14 18:00:00,12.4,0.4194587
2021-10-14 19:00:00,12.3,0.4170786999999999
2021-10-14 20:00:00,12.4,0.333862
2021-10-14 21:00:00,12.6,0.2943897
2021-10-14 22:00:00,13.0,0.2834417
2021-10-14 23:00:00,13.0,0.2386858
2021-10-15 00:00:00,12.9,0.2355918
2021-10-15 01:00:00,12.9,0.2228945
2021-10-15 02:00:00,12.9,0.2144098
2021-10-15 03:00:00,12.7,0.2138267
2021-10-15 04:00:00,12.4,0.2228469
2021-10-15 05:00:00,12.4,0.2355799
2021-10-15 06:00:00,12.2,0.272458
2021-10-15 07:00:00,12.0,0.3519619
2021-10-15 08:00:00,12.0,0.3412638
2021-10-15 09:00:00,12.3,0.2806809
2021-10-15 10:00:00,11.0,0.2556314
2021-10-15 11:00:00,10.5,0.2415061
2021-10-15 12:00:00,10.0,0.2364843
2021-10-15 13:00:00,11.6,0.2228231
2021-10-15 14:00:00,11.6,0.2301297
2021-10-15 15:00:00,10.9,0.2526683
2021-10-15 16:00:00,11.6,0.302684
2021-10-15 17:00:00,10.5,0.3884354
2021-10-15 18:00:00,8.4,0.4411167
2021-10-15 19:00:00,7.4,0.4521718
2021-10-15 20:00:00,7.1,0.4038816
2021-10-15 21:00:00,6.7,0.3918388
2021-10-15 22:00:00,6.0,0.3596017
2021-10-15 23:00:00,4.9,0.2954845
2021-10-16 00:00:00,4.9,0.3067776
2021-10-16 01:00:00,4.9,0.3058018
2021-10-16 02:00:00,5.5,0.3200104
2021-10-16 03:00:00,5.6,0.3171425
2021-10-16 04:00:00,5.5,0.3210338
2021-10-16 05:00:00,5.0,0.322557
2021-10-16 06:00:00,6.3,0.3158573
2021-10-16 07:00:00,6.4,0.3726917
2021-10-16 08:00:00,6.8,0.3815929
2021-10-16 09:00:00,7.7,0.3747742
2021-10-16 10:00:00,8.3,0.3875905
2021-10-16 11:00:00,9.5,0.2984119
2021-10-16 12:00:00,11.3,0.2779677
2021-10-16 13:00:00,10.7,0.2610697
2021-10-16 14:00:00,10.7,0.2554648
2021-10-16 15:00:00,10.6,0.2708396
2021-10-16 16:00:00,10.4,0.3171901
2021-10-16 17:00:00,10.0,0.3965988
2021-10-16 18:00:00,9.5,0.4353571
2021-10-16 19:00:00,9.2,0.4567414
2021-10-16 20:00:00,9.2,0.4316086
2021-10-16 21:00:00,8.9,0.3940046
2021-10-16 22:00:00,7.6,0.3792486
2021-10-16 23:00:00,6.8,0.311609
2021-10-17 00:00:00,6.3,0.2827991
2021-10-17 01:00:00,5.5,0.2837273
2021-10-17 02:00:00,7.0,0.2790387
2021-10-17 03:00:00,7.5,0.2842271
2021-10-17 04:00:00,8.1,0.2869998
2021-10-17 05:00:00,8.7,0.2944492
2021-10-17 06:00:00,8.7,0.2890347
2021-10-17 07:00:00,8.6,0.2961152
2021-10-17 08:00:00,8.7,0.3589353
2021-10-17 09:00:00,9.4,0.367539
2021-10-17 10:00:00,9.6,0.3540444
2021-10-17 11:00:00,10.6,0.3161548
2021-10-17 12:00:00,11.6,0.3021723
2021-10-17 13:00:00,12.0,0.2824183
2021-10-17 14:00:00,11.7,0.2762541
2021-10-17 15:00:00,11.9,0.289832
2021-10-17 16:00:00,11.6,0.3029815
2021-10-17 17:00:00,11.2,0.372775
2021-10-17 18:00:00,10.7,0.41264
2021-10-17 19:00:00,10.4,0.4391651
2021-10-17 20:00:00,10.2,0.4008471
2021-10-17 21:00:00,10.0,0.3440484
2021-10-17 22:00:00,9.7,0.364445
2021-10-17 23:00:00,9.4,0.3137272
2021-10-18 00:00:00,9.4,0.2916765
2021-10-18 01:00:00,9.0,0.2960676
2021-10-18 02:00:00,9.6,0.2850601
2021-10-18 03:00:00,9.6,0.2863096
2021-10-18 04:00:00,9.6,0.29602
2021-10-18 05:00:00,9.8,0.3422158
2021-10-18 06:00:00,9.6,0.413354
2021-10-18 07:00:00,8.0,0.4627747
2021-10-18 08:00:00,8.7,0.4749008
2021-10-18 09:00:00,10.3,0.453695
2021-10-18 10:00:00,12.2,0.41264
2021-10-18 11:00:00,13.8,0.3927313
2021-10-18 12:00:00,14.8,0.3698
2021-10-18 13:00:00,14.7,0.3540801
2021-10-18 14:00:00,14.6,0.3623506
2021-10-18 15:00:00,14.3,0.3828662
2021-10-18 16:00:00,14.0,0.403953
2021-10-18 17:00:00,13.1,0.4292643
2021-10-18 18:00:00,12.5,0.4566343
2021-10-18 19:00:00,11.9,0.4675228
2021-10-18 20:00:00,11.5,0.41026
2021-10-18 21:00:00,10.3,0.40074
2021-10-18 22:00:00,10.6,0.3714898
2021-10-18 23:00:00,10.6,0.3364443
2021-10-19 00:00:00,10.5,0.2906293
2021-10-19 01:00:00,10.4,0.2820732
2021-10-19 02:00:00,10.3,0.2770395
2021-10-19 03:00:00,10.5,0.2652228
2021-10-19 04:00:00,10.6,0.2712323
2021-10-19 05:00:00,11.0,0.2924143
2021-10-19 06:00:00,11.2,0.352069
2021-10-19 07:00:00,11.2,0.412521
2021-10-19 08:00:00,11.2,0.4360592
2021-10-19 09:00:00,12.3,0.422993
2021-10-19 10:00:00,13.1,0.4109145
2021-10-19 11:00:00,13.8,0.3929098
2021-10-19 12:00:00,14.0,0.3931716
2021-10-19 13:00:00,14.3,0.3801411
2021-10-19 14:00:00,14.1,0.37218
2021-10-19 15:00:00,14.5,0.359804
2021-10-19 16:00:00,15.3,0.3603871
2021-10-19 17:00:00,15.0,0.3736913
2021-10-19 18:00:00,15.1,0.375512
2021-10-19 19:00:00,14.7,0.3532947
2021-10-19 20:00:00,15.0,0.3197248
2021-10-19 21:00:00,16.2,0.2686262
2021-10-19 22:00:00,16.7,0.2381503
2021-10-19 23:00:00,14.5,0.2163138
2021-10-20 00:00:00,14.2,0.1727241
2021-10-20 01:00:00,15.1,0.1623235
2021-10-20 02:00:00,15.2,0.1605028
2021-10-20 03:00:00,15.3,0.1557071
2021-10-20 04:00:00,14.9,0.1557785
2021-10-20 05:00:00,15.0,0.1723433
2021-10-20 06:00:00,14.5,0.2305105
2021-10-20 07:00:00,15.0,0.3128823
2021-10-20 08:00:00,15.5,0.3109307
2021-10-20 09:00:00,15.1,0.2727317
2021-10-20 10:00:00,15.4,0.2285708
2021-10-20 11:00:00,15.7,0.2223352
2021-10-20 12:00:00,17.1,0.2128271
2021-10-20 13:00:00,17.3,0.2080314
2021-10-20 14:00:00,17.6,0.2177299
2021-10-20 15:00:00,17.6,0.2231444
2021-10-20 16:00:00,17.1,0.2285708
2021-10-20 17:00:00,17.2,0.2626881
2021-10-20 18:00:00,17.1,0.2906769
2021-10-20 19:00:00,17.2,0.2965436
2021-10-20 20:00:00,17.0,0.2601891
2021-10-20 21:00:00,16.9,0.2435053
2021-10-20 22:00:00,16.7,0.2320813
2021-10-20 23:00:00,17.0,0.2178251
2021-10-21 00:00:00,15.3,0.1913476
2021-10-21 01:00:00,15.0,0.1915023
2021-10-21 02:00:00,15.3,0.1781743
2021-10-21 03:00:00,15.7,0.177972
2021-10-21 04:00:00,13.9,0.1902766
2021-10-21 05:00:00,13.9,0.2124106
2021-10-21 06:00:00,13.7,0.2473489999999999
2021-10-21 07:00:00,12.7,0.2802406
2021-10-21 08:00:00,12.3,0.2842152
2021-10-21 09:00:00,11.8,0.2786698
2021-10-21 10:00:00,9.6,0.2622954
2021-10-21 11:00:00,9.8,0.2472895
2021-10-21 12:00:00,11.4,0.2178132
2021-10-21 13:00:00,12.0,0.1913
2021-10-21 14:00:00,11.6,0.178091
2021-10-21 15:00:00,8.1,0.1913238
2021-10-21 16:00:00,8.4,0.2139576
2021-10-21 17:00:00,8.3,0.2328429
2021-10-21 18:00:00,7.9,0.2750403
2021-10-21 19:00:00,7.3,0.2962699
2021-10-21 20:00:00,7.5,0.2604152
2021-10-21 21:00:00,7.0,0.2389952
2021-10-21 22:00:00,6.7,0.2331523
2021-10-21 23:00:00,6.4,0.2199909
2021-10-22 00:00:00,6.4,0.2310698
2021-10-22 01:00:00,5.9,0.2275355
2021-10-22 02:00:00,5.8,0.2211809
2021-10-22 03:00:00,6.1,0.2182416
2021-10-22 04:00:00,6.3,0.2288802
2021-10-22 05:00:00,6.7,0.2425295
2021-10-22 06:00:00,6.9,0.2650562
2021-10-22 07:00:00,7.1,0.2975432
2021-10-22 08:00:00,7.6,0.2996614
2021-10-22 09:00:00,7.9,0.2645802
2021-10-22 10:00:00,9.0,0.2371864
2021-10-22 11:00:00,9.2,0.2213356
2021-10-22 12:00:00,9.2,0.2080314
2021-10-22 13:00:00,8.8,0.1847074
2021-10-22 14:00:00,8.6,0.1832318
2021-10-22 15:00:00,8.8,0.1913952
2021-10-22 16:00:00,8.8,0.2213832
2021-10-22 17:00:00,8.4,0.2539654
2021-10-22 18:00:00,7.8,0.2865
2021-10-22 19:00:00,7.4,0.2982929
2021-10-22 20:00:00,7.2,0.2733267
2021-10-22 21:00:00,6.9,0.2492173
2021-10-22 22:00:00,6.4,0.251633
2021-10-22 23:00:00,6.0,0.2306414
2021-10-23 00:00:00,5.7,0.24247
2021-10-23 01:00:00,5.7,0.2379123
2021-10-23 02:00:00,5.3,0.2361154
2021-10-23 03:00:00,5.0,0.2432197
2021-10-23 04:00:00,5.0,0.2373054
2021-10-23 05:00:00,4.9,0.2418512
2021-10-23 06:00:00,5.3,0.2341876
2021-10-23 07:00:00,5.7,0.280669
2021-10-23 08:00:00,6.0,0.3190227
2021-10-23 09:00:00,7.1,0.32339
2021-10-23 10:00:00,8.3,0.3340881
2021-10-23 11:00:00,9.1,0.3200104
2021-10-23 12:00:00,10.5,0.2969244
2021-10-23 13:00:00,10.8,0.2811688
2021-10-23 14:00:00,10.9,0.304469
2021-10-23 15:00:00,10.9,0.3460833
2021-10-23 16:00:00,10.5,0.3702165
2021-10-23 17:00:00,9.8,0.4066781
2021-10-23 18:00:00,8.5,0.4390818
2021-10-23 19:00:00,7.6,0.4607993000000001
2021-10-23 20:00:00,8.1,0.4210414
2021-10-23 21:00:00,7.3,0.4054999999999999
2021-10-23 22:00:00,5.7,0.3841514
2021-10-23 23:00:00,5.4,0.3486537
2021-10-24 00:00:00,5.4,0.3191774
2021-10-24 01:00:00,4.9,0.2858217
2021-10-24 02:00:00,4.9,0.28055
2021-10-24 03:00:00,4.2,0.2919621
2021-10-24 04:00:00,3.8,0.2666032
2021-10-24 05:00:00,3.7,0.28055
2021-10-24 06:00:00,3.3,0.2553934
2021-10-24 07:00:00,2.6,0.2671625
2021-10-24 08:00:00,3.6,0.2975789
2021-10-24 09:00:00,5.8,0.2549055
2021-10-24 10:00:00,7.5,0.254251
2021-10-24 11:00:00,9.1,0.2601296
2021-10-24 12:00:00,10.6,0.2426723
2021-10-24 13:00:00,11.3,0.2291658
2021-10-24 14:00:00,12.2,0.2270119
2021-10-24 15:00:00,12.7,0.2472895
2021-10-24 16:00:00,12.3,0.2748499
2021-10-24 17:00:00,11.1,0.3198914
2021-10-24 18:00:00,8.3,0.3831161
2021-10-24 19:00:00,8.0,0.3172377
2021-10-24 20:00:00,8.0,0.2737551
2021-10-24 21:00:00,8.3,0.2449214
2021-10-24 22:00:00,8.3,0.2499432
2021-10-24 23:00:00,7.5,0.2496457
2021-10-25 00:00:00,5.0,0.2560003
2021-10-25 01:00:00,8.1,0.2526445
2021-10-25 02:00:00,7.4,0.2582018
2021-10-25 03:00:00,6.7,0.2560241
2021-10-25 04:00:00,6.9,0.261153
2021-10-25 05:00:00,5.7,0.2886658
2021-10-25 06:00:00,5.5,0.3995976
2021-10-25 07:00:00,5.4,0.4123663
2021-10-25 08:00:00,5.5,0.4440679
2021-10-25 09:00:00,7.0,0.4164956
2021-10-25 10:00:00,8.3,0.3651352
2021-10-25 11:00:00,10.0,0.3364205
2021-10-25 12:00:00,11.9,0.3377295
2021-10-25 13:00:00,13.1,0.3574121
2021-10-25 14:00:00,13.0,0.3626838
2021-10-25 15:00:00,13.3,0.3946829
2021-10-25 16:00:00,12.2,0.4137943
2021-10-25 17:00:00,12.2,0.4352499999999999
2021-10-25 18:00:00,11.3,0.459169
2021-10-25 19:00:00,11.1,0.46738
2021-10-25 20:00:00,11.1,0.4114024
2021-10-25 21:00:00,11.1,0.39122
2021-10-25 22:00:00,10.8,0.3722514
2021-10-25 23:00:00,10.7,0.3440841
2021-10-26 00:00:00,11.1,0.2932354
2021-10-26 01:00:00,11.3,0.3169283
2021-10-26 02:00:00,11.3,0.3035884
2021-10-26 03:00:00,11.3,0.2923548
2021-10-26 04:00:00,11.0,0.3008514
2021-10-26 05:00:00,11.0,0.340169
2021-10-26 06:00:00,11.3,0.410855
2021-10-26 07:00:00,11.2,0.4360949
2021-10-26 08:00:00,11.4,0.4482329
2021-10-26 09:00:00,11.5,0.4353214
2021-10-26 10:00:00,12.2,0.417281
2021-10-26 11:00:00,12.7,0.4081418
2021-10-26 12:00:00,13.8,0.3900657
2021-10-26 13:00:00,14.2,0.3762736
2021-10-26 14:00:00,14.2,0.3519619
2021-10-26 15:00:00,13.7,0.3667536
2021-10-26 16:00:00,13.6,0.381938
2021-10-26 17:00:00,13.2,0.4215293
2021-10-26 18:00:00,12.7,0.44477
2021-10-26 19:00:00,12.8,0.4215293
2021-10-26 20:00:00,13.2,0.3900657
2021-10-26 21:00:00,12.7,0.3201532
2021-10-26 22:00:00,12.7,0.2945325
2021-10-26 23:00:00,12.7,0.2558813
2021-10-27 00:00:00,12.6,0.2642827
2021-10-27 01:00:00,12.6,0.257226
2021-10-27 02:00:00,12.4,0.2388048
2021-10-27 03:00:00,12.3,0.235092
2021-10-27 04:00:00,12.2,0.2571784
2021-10-27 05:00:00,12.3,0.2665556
2021-10-27 06:00:00,12.7,0.3040882
2021-10-27 07:00:00,12.7,0.3900419
2021-10-27 08:00:00,12.7,0.4174
2021-10-27 09:00:00,13.1,0.3936
2021-10-27 10:00:00,14.0,0.3698
2021-10-27 11:00:00,14.4,0.3234019
2021-10-27 12:00:00,14.6,0.2975789
2021-10-27 13:00:00,15.1,0.2746
2021-10-27 14:00:00,15.9,0.2746357
2021-10-27 15:00:00,15.8,0.3055519
2021-10-27 16:00:00,15.4,0.3328981
2021-10-27 17:00:00,15.1,0.4025964
2021-10-27 18:00:00,14.6,0.4355713
2021-10-27 19:00:00,14.3,0.4275745
2021-10-27 20:00:00,12.8,0.3923505
2021-10-27 21:00:00,12.1,0.34838
2021-10-27 22:00:00,11.3,0.3326839
2021-10-27 23:00:00,10.6,0.3004825
2021-10-28 00:00:00,10.2,0.3138938
2021-10-28 01:00:00,9.4,0.3049807
2021-10-28 02:00:00,8.9,0.2971624
2021-10-28 03:00:00,8.4,0.3008038
2021-10-28 04:00:00,9.0,0.312323
2021-10-28 05:00:00,9.2,0.3234138
2021-10-28 06:00:00,8.6,0.3698
2021-10-28 07:00:00,9.0,0.4233738
2021-10-28 08:00:00,9.1,0.4535046
2021-10-28 09:00:00,10.6,0.3983362
2021-10-28 10:00:00,12.0,0.359566
2021-10-28 11:00:00,13.2,0.3254963
2021-10-28 12:00:00,14.9,0.3079319
2021-10-28 13:00:00,15.9,0.28888
2021-10-28 14:00:00,16.6,0.2900819
2021-10-28 15:00:00,16.5,0.3222
2021-10-28 16:00:00,16.4,0.3615295
2021-10-28 17:00:00,14.9,0.3923267
2021-10-28 18:00:00,12.9,0.4182211
2021-10-28 19:00:00,12.6,0.3920173
2021-10-28 20:00:00,11.2,0.3363134
2021-10-28 21:00:00,11.5,0.2748261
2021-10-28 22:00:00,10.0,0.2789911
2021-10-28 23:00:00,8.8,0.2735171
2021-10-29 00:00:00,8.0,0.2686262
2021-10-29 01:00:00,7.6,0.2555481
2021-10-29 02:00:00,7.5,0.2488365
2021-10-29 03:00:00,7.0,0.2381979
2021-10-29 04:00:00,6.7,0.2451951
2021-10-29 05:00:00,7.4,0.2622359
2021-10-29 06:00:00,7.8,0.3134535
2021-10-29 07:00:00,7.8,0.363136
2021-10-29 08:00:00,8.0,0.3928384
2021-10-29 09:00:00,9.4,0.3322198
2021-10-29 10:00:00,11.2,0.2819304
2021-10-29 11:00:00,13.3,0.271149
2021-10-29 12:00:00,15.2,0.2642351
2021-10-29 13:00:00,15.1,0.2573569
2021-10-29 14:00:00,15.4,0.2631046
2021-10-29 15:00:00,14.6,0.2758495
2021-10-29 16:00:00,14.5,0.319701
2021-10-29 17:00:00,13.2,0.3792724
2021-10-29 18:00:00,13.0,0.3579833
2021-10-29 19:00:00,13.1,0.3368727
2021-10-29 20:00:00,12.3,0.2819542
2021-10-29 21:00:00,12.2,0.2613791
2021-10-29 22:00:00,12.0,0.2562859
2021-10-29 23:00:00,12.2,0.2335569
2021-10-30 00:00:00,11.8,0.2449095
2021-10-30 01:00:00,11.2,0.2415418
2021-10-30 02:00:00,10.9,0.2454093
2021-10-30 03:00:00,9.8,0.2389
2021-10-30 04:00:00,9.7,0.2353657
2021-10-30 05:00:00,9.7,0.2382217
2021-10-30 06:00:00,9.8,0.252347
2021-10-30 07:00:00,9.8,0.2654489
2021-10-30 08:00:00,9.5,0.2956035
2021-10-30 09:00:00,10.8,0.2946991
2021-10-30 10:00:00,12.1,0.2853457
2021-10-30 11:00:00,12.2,0.2761589
2021-10-30 12:00:00,13.0,0.2520733
2021-10-30 13:00:00,13.5,0.2490864
2021-10-30 14:00:00,13.6,0.2407802
2021-10-30 15:00:00,12.9,0.2407921
2021-10-30 16:00:00,11.8,0.2508
2021-10-30 17:00:00,11.7,0.2591062
2021-10-30 18:00:00,12.0,0.2920573
2021-10-30 19:00:00,12.6,0.2839177
2021-10-30 20:00:00,12.8,0.2606056
2021-10-30 21:00:00,12.0,0.2357584
2021-10-30 22:00:00,12.1,0.2352467
2021-10-30 23:00:00,11.8,0.2236442
2021-10-31 00:00:00,12.3,0.2224066
2021-10-31 01:00:00,12.5,0.2280353
2021-10-31 02:00:00,12.6,0.2377457
2021-10-31 03:00:00,11.4,0.2235609
2021-10-31 04:00:00,10.9,0.2253935
2021-10-31 05:00:00,10.7,0.22224
2021-10-31 06:00:00,10.6,0.2207287
2021-10-31 07:00:00,10.8,0.2272856
2021-10-31 08:00:00,11.5,0.2282971
2021-10-31 09:00:00,13.0,0.2409349
2021-10-31 10:00:00,13.6,0.2329381
2021-10-31 11:00:00,14.9,0.2328429
2021-10-31 12:00:00,15.4,0.2289754
2021-10-31 13:00:00,16.0,0.2223828
2021-10-31 14:00:00,16.2,0.2224185
2021-10-31 15:00:00,16.9,0.230689
2021-10-31 16:00:00,16.1,0.2388048
2021-10-31 17:00:00,15.7,0.2497647
2021-10-31 18:00:00,14.1,0.2443026
2021-10-31 19:00:00,15.6,0.2270714
2021-10-31 20:00:00,15.8,0.217718
2021-10-31 21:00:00,16.8,0.2180631
2021-10-31 22:00:00,16.7,0.225215
2021-10-31 23:00:00,16.6,0.2178727
2021-11-01 00:00:00,15.1,0.2260718
2021-11-01 01:00:00,14.0,0.2211214
2021-11-01 02:00:00,12.7,0.2078648
2021-11-01 03:00:00,12.2,0.1818395
2021-11-01 04:00:00,11.8,0.1798284
2021-11-01 05:00:00,11.5,0.2053658
2021-11-01 06:00:00,11.5,0.2249651
2021-11-01 07:00:00,11.4,0.2478726
2021-11-01 08:00:00,11.8,0.2612839
2021-11-01 09:00:00,12.0,0.2602843
2021-11-01 10:00:00,12.6,0.254608
2021-11-01 11:00:00,12.6,0.2487889
2021-11-01 12:00:00,12.6,0.2495862
2021-11-01 13:00:00,12.8,0.2514545
2021-11-01 14:00:00,12.9,0.2526088
2021-11-01 15:00:00,12.6,0.2732077
2021-11-01 16:00:00,12.3,0.2880232
2021-11-01 17:00:00,11.3,0.350998
2021-11-01 18:00:00,10.5,0.37337
2021-11-01 19:00:00,9.7,0.369681
2021-11-01 20:00:00,9.7,0.3496652
2021-11-01 21:00:00,9.3,0.3358969
2021-11-01 22:00:00,8.9,0.3309703
2021-11-01 23:00:00,7.9,0.316131
2021-11-02 00:00:00,8.5,0.32815
2021-11-02 01:00:00,8.2,0.3126204999999999
2021-11-02 02:00:00,7.5,0.3090148
2021-11-02 03:00:00,6.9,0.287928
2021-11-02 04:00:00,5.8,0.3025769
2021-11-02 05:00:00,6.0,0.3257819
2021-11-02 06:00:00,5.9,0.3723585
2021-11-02 07:00:00,6.0,0.4136277
2021-11-02 08:00:00,7.3,0.4352262
2021-11-02 09:00:00,8.9,0.4269676
2021-11-02 10:00:00,9.3,0.4194706
2021-11-02 11:00:00,10.1,0.4212199
2021-11-02 12:00:00,10.4,0.4125804999999999
2021-11-02 13:00:00,10.5,0.4142465
2021-11-02 14:00:00,10.6,0.4232429
2021-11-02 15:00:00,10.9,0.429657
2021-11-02 16:00:00,8.3,0.4518267
2021-11-02 17:00:00,7.1,0.5113743
2021-11-02 18:00:00,6.4,0.5276773
2021-11-02 19:00:00,6.2,0.4888
2021-11-02 20:00:00,6.2,0.43049
2021-11-02 21:00:00,7.6,0.39479
2021-11-02 22:00:00,8.1,0.3697881
2021-11-02 23:00:00,7.8,0.35433
2021-11-03 00:00:00,7.7,0.3301492
2021-11-03 01:00:00,7.0,0.3258652
2021-11-03 02:00:00,6.2,0.3224975
2021-11-03 03:00:00,5.6,0.3112996
2021-11-03 04:00:00,5.0,0.3103357
2021-11-03 05:00:00,3.9,0.320653
2021-11-03 06:00:00,3.8,0.3578405
2021-11-03 07:00:00,3.1,0.3988003
2021-11-03 08:00:00,3.2,0.4294071
2021-11-03 09:00:00,6.2,0.4163171
2021-11-03 10:00:00,7.2,0.4026678
2021-11-03 11:00:00,8.2,0.4093794
2021-11-03 12:00:00,8.3,0.400978
2021-11-03 13:00:00,8.7,0.4068209
2021-11-03 14:00:00,8.7,0.412521
2021-11-03 15:00:00,8.5,0.4260632
2021-11-03 16:00:00,8.0,0.4352143
2021-11-03 17:00:00,7.7,0.4626081
2021-11-03 18:00:00,7.5,0.4820526999999999
2021-11-03 19:00:00,7.5,0.43644
2021-11-03 20:00:00,7.5,0.3971105
2021-11-03 21:00:00,7.4,0.3741197
2021-11-03 22:00:00,7.3,0.3530448
2021-11-03 23:00:00,7.2,0.3282333
2021-11-04 00:00:00,7.1,0.3524141
2021-11-04 01:00:00,7.0,0.3370868999999999
2021-11-04 02:00:00,6.9,0.3291853
2021-11-04 03:00:00,7.0,0.3258414
2021-11-04 04:00:00,7.0,0.3286022
2021-11-04 05:00:00,7.0,0.3455359
2021-11-04 06:00:00,7.0,0.3742863
2021-11-04 07:00:00,7.0,0.406452
2021-11-04 08:00:00,7.2,0.4099863
2021-11-04 09:00:00,7.3,0.3975627
2021-11-04 10:00:00,7.5,0.3947543
2021-11-04 11:00:00,7.4,0.3924338
2021-11-04 12:00:00,7.2,0.3861268
2021-11-04 13:00:00,7.4,0.369443
2021-11-04 14:00:00,7.4,0.3526283
2021-11-04 15:00:00,7.1,0.3506886
2021-11-04 16:00:00,7.0,0.3674319
2021-11-04 17:00:00,7.2,0.3947067
2021-11-04 18:00:00,7.3,0.3948019
2021-11-04 19:00:00,7.2,0.3858293
2021-11-04 20:00:00,7.4,0.3523308
2021-11-04 21:00:00,7.3,0.3163571
2021-11-04 22:00:00,7.2,0.3050164
2021-11-04 23:00:00,7.4,0.2803834
2021-11-05 00:00:00,7.3,0.2857979
2021-11-05 01:00:00,7.2,0.2877971
2021-11-05 02:00:00,7.2,0.2864405
2021-11-05 03:00:00,7.0,0.2976741
2021-11-05 04:00:00,6.7,0.3052068
2021-11-05 05:00:00,6.4,0.315893
2021-11-05 06:00:00,6.7,0.3711209
2021-11-05 07:00:00,6.9,0.3935048
2021-11-05 08:00:00,7.2,0.3971462
2021-11-05 09:00:00,7.8,0.3936
2021-11-05 10:00:00,8.5,0.394671
2021-11-05 11:00:00,8.7,0.3757024
2021-11-05 12:00:00,9.3,0.385627
2021-11-05 13:00:00,9.7,0.3757262
2021-11-05 14:00:00,9.9,0.3817952
2021-11-05 15:00:00,9.6,0.3889233
2021-11-05 16:00:00,9.2,0.3935524
2021-11-05 17:00:00,9.3,0.3936
2021-11-05 18:00:00,8.7,0.3688242
2021-11-05 19:00:00,8.6,0.341478
2021-11-05 20:00:00,7.9,0.3301254
2021-11-05 21:00:00,7.3,0.3018034
2021-11-05 22:00:00,7.4,0.2807285
2021-11-05 23:00:00,7.5,0.2597845
2021-11-06 00:00:00,7.1,0.2520971
2021-11-06 01:00:00,7.0,0.2484319
2021-11-06 02:00:00,7.2,0.2484319
2021-11-06 03:00:00,6.8,0.2404946
2021-11-06 04:00:00,7.3,0.2484319
2021-11-06 05:00:00,7.5,0.2570713
2021-11-06 06:00:00,7.5,0.2520019
2021-11-06 07:00:00,7.7,0.2563811
2021-11-06 08:00:00,7.9,0.2570832
2021-11-06 09:00:00,8.2,0.260558
2021-11-06 10:00:00,8.2,0.252585
2021-11-06 11:00:00,8.2,0.2508119
2021-11-06 12:00:00,8.7,0.2452308
2021-11-06 13:00:00,9.3,0.2460876
2021-11-06 14:00:00,9.5,0.2465755
2021-11-06 15:00:00,9.7,0.2508119
2021-11-06 16:00:00,9.8,0.2601891
2021-11-06 17:00:00,10.2,0.28055
2021-11-06 18:00:00,10.2,0.2599511
2021-11-06 19:00:00,10.0,0.2596893
2021-11-06 20:00:00,10.2,0.2297013
2021-11-06 21:00:00,10.1,0.2191103
2021-11-06 22:00:00,10.2,0.2151595
2021-11-06 23:00:00,10.5,0.1891342
2021-11-07 00:00:00,9.9,0.1636087
2021-11-07 01:00:00,9.8,0.1611692
2021-11-07 02:00:00,9.3,0.1596936
2021-11-07 03:00:00,9.4,0.1575516
2021-11-07 04:00:00,9.5,0.1573493
2021-11-07 05:00:00,9.1,0.1588963
2021-11-07 06:00:00,9.5,0.1595032
2021-11-07 07:00:00,9.7,0.1666432
2021-11-07 08:00:00,9.8,0.1685234
2021-11-07 09:00:00,10.1,0.1727717
2021-11-07 10:00:00,10.2,0.1706416
2021-11-07 11:00:00,10.5,0.1720696
2021-11-07 12:00:00,10.8,0.1724266
2021-11-07 13:00:00,10.9,0.174283
2021-11-07 14:00:00,9.8,0.1912405
2021-11-07 15:00:00,8.7,0.227
2021-11-07 16:00:00,8.3,0.2480868
2021-11-07 17:00:00,8.7,0.2668888
2021-11-07 18:00:00,8.0,0.2520495
2021-11-07 19:00:00,7.9,0.2537512
2021-11-07 20:00:00,7.5,0.2514783
2021-11-07 21:00:00,7.5,0.2468135
2021-11-07 22:00:00,7.6,0.2464327
2021-11-07 23:00:00,7.7,0.2467659
2021-11-08 00:00:00,7.8,0.2215141
2021-11-08 01:00:00,7.4,0.2245486
2021-11-08 02:00:00,7.2,0.2305105
2021-11-08 03:00:00,7.3,0.227
2021-11-08 04:00:00,7.1,0.2280948
2021-11-08 05:00:00,7.1,0.2448143
2021-11-08 06:00:00,6.7,0.362541
2021-11-08 07:00:00,6.4,0.4187685
2021-11-08 08:00:00,7.0,0.4103552
2021-11-08 09:00:00,7.8,0.3935405
2021-11-08 10:00:00,8.6,0.3819023
2021-11-08 11:00:00,9.3,0.3800221
2021-11-08 12:00:00,10.1,0.3963727
2021-11-08 13:00:00,10.4,0.4109502
2021-11-08 14:00:00,10.1,0.4090224
2021-11-08 15:00:00,9.1,0.4175071
2021-11-08 16:00:00,8.8,0.428824
2021-11-08 17:00:00,8.4,0.5011284
2021-11-08 18:00:00,8.4,0.512481
2021-11-08 19:00:00,8.4,0.4769
2021-11-08 20:00:00,8.2,0.420018
2021-11-08 21:00:00,8.0,0.39955
2021-11-08 22:00:00,7.9,0.36147
2021-11-08 23:00:00,8.0,0.3434891
2021-11-09 00:00:00,8.1,0.3376819
2021-11-09 01:00:00,8.0,0.3374915
2021-11-09 02:00:00,7.6,0.3353019
2021-11-09 03:00:00,7.6,0.3285784
2021-11-09 04:00:00,7.7,0.328745
2021-11-09 05:00:00,7.9,0.3375153
2021-11-09 06:00:00,8.2,0.3817
2021-11-09 07:00:00,8.3,0.4220172
2021-11-09 08:00:00,8.9,0.4121402
2021-11-09 09:00:00,9.5,0.3818071
2021-11-09 10:00:00,10.8,0.3363253
2021-11-09 11:00:00,11.6,0.3162857
2021-11-09 12:00:00,11.8,0.2984952
2021-11-09 13:00:00,12.2,0.3072774
2021-11-09 14:00:00,12.4,0.3305419
2021-11-09 15:00:00,11.5,0.3579
2021-11-09 16:00:00,10.3,0.398241
2021-11-09 17:00:00,9.5,0.4217673
2021-11-09 18:00:00,8.7,0.3817
2021-11-09 19:00:00,7.7,0.3752264
2021-11-09 20:00:00,7.0,0.3241278
2021-11-09 21:00:00,6.3,0.3242468
2021-11-09 22:00:00,5.5,0.3199866
2021-11-09 23:00:00,5.7,0.2984714
2021-11-10 00:00:00,5.6,0.2671506
2021-11-10 01:00:00,5.0,0.2685905
2021-11-10 02:00:00,2.9,0.2684834
2021-11-10 03:00:00,2.3,0.2697805
2021-11-10 04:00:00,2.1,0.293045
2021-11-10 05:00:00,1.8,0.3222595
2021-11-10 06:00:00,1.6,0.36385
2021-11-10 07:00:00,0.0,0.3995262
2021-11-10 08:00:00,1.8,0.393719
2021-11-10 09:00:00,5.4,0.3413114
2021-11-10 10:00:00,8.6,0.3318866
2021-11-10 11:00:00,9.1,0.334338
2021-11-10 12:00:00,9.0,0.3391099
2021-11-10 13:00:00,9.0,0.3565077
2021-11-10 14:00:00,8.8,0.4077967
2021-11-10 15:00:00,8.3,0.4371778
2021-11-10 16:00:00,5.9,0.4531714
2021-11-10 17:00:00,4.8,0.50665
2021-11-10 18:00:00,3.4,0.4829095
2021-11-10 19:00:00,4.1,0.4293
2021-11-10 20:00:00,3.9,0.4173167
2021-11-10 21:00:00,1.7,0.3860673
2021-11-10 22:00:00,1.2,0.357781
2021-11-10 23:00:00,2.7,0.340645
2021-11-11 00:00:00,3.6,0.3555557
2021-11-11 01:00:00,4.4,0.3476184
2021-11-11 02:00:00,4.9,0.346
2021-11-11 03:00:00,5.1,0.337075
2021-11-11 04:00:00,5.6,0.34005
2021-11-11 05:00:00,5.8,0.3461071
2021-11-11 06:00:00,5.8,0.3744053
2021-11-11 07:00:00,6.1,0.41026
2021-11-11 08:00:00,6.6,0.4173286
2021-11-11 09:00:00,7.6,0.4125804999999999
2021-11-11 10:00:00,8.5,0.392648
2021-11-11 11:00:00,9.5,0.356472
2021-11-11 12:00:00,10.2,0.3455002
2021-11-11 13:00:00,9.9,0.3543776
2021-11-11 14:00:00,9.6,0.3752026
2021-11-11 15:00:00,9.2,0.3952303
2021-11-11 16:00:00,9.0,0.4169121
2021-11-11 17:00:00,8.5,0.4412238
2021-11-11 18:00:00,8.0,0.4556228
2021-11-11 19:00:00,8.1,0.4317871
2021-11-11 20:00:00,8.1,0.41502
2021-11-11 21:00:00,7.9,0.39479
2021-11-11 22:00:00,7.8,0.3698119
2021-11-11 23:00:00,7.7,0.3414066
2021-11-12 00:00:00,7.7,0.3551868
2021-11-12 01:00:00,7.4,0.3510575
2021-11-12 02:00:00,7.5,0.3485704
2021-11-12 03:00:00,7.5,0.33767
2021-11-12 04:00:00,7.5,0.3400738
2021-11-12 05:00:00,7.5,0.3412281
2021-11-12 06:00:00,7.5,0.3705021
2021-11-12 07:00:00,6.8,0.4089034
2021-11-12 08:00:00,7.1,0.4111763
2021-11-12 09:00:00,7.7,0.4027273
2021-11-12 10:00:00,8.2,0.3836159
2021-11-12 11:00:00,8.8,0.3697285999999999
2021-11-12 12:00:00,8.9,0.3515811
2021-11-12 13:00:00,9.3,0.3422039
2021-11-12 14:00:00,9.4,0.3418945
2021-11-12 15:00:00,8.2,0.3697881
2021-11-12 16:00:00,7.3,0.3758571
2021-11-12 17:00:00,6.5,0.406928
2021-11-12 18:00:00,5.7,0.3855437
2021-11-12 19:00:00,5.1,0.3283761
2021-11-12 20:00:00,4.6,0.3425609
2021-11-12 21:00:00,4.4,0.2854409
2021-11-12 22:00:00,4.6,0.2859526
2021-11-12 23:00:00,5.1,0.2643898
2021-11-13 00:00:00,4.7,0.27341
2021-11-13 01:00:00,4.9,0.2658535
2021-11-13 02:00:00,5.2,0.27103
2021-11-13 03:00:00,6.0,0.2829538
2021-11-13 04:00:00,5.5,0.288404
2021-11-13 05:00:00,5.2,0.2738384
2021-11-13 06:00:00,5.3,0.3027316
2021-11-13 07:00:00,4.9,0.3404189
2021-11-13 08:00:00,4.8,0.335528
2021-11-13 09:00:00,5.3,0.3480825
2021-11-13 10:00:00,6.1,0.3625291
2021-11-13 11:00:00,6.8,0.3667893
2021-11-13 12:00:00,7.0,0.366825
2021-11-13 13:00:00,7.4,0.3656588
2021-11-13 14:00:00,7.4,0.3656588
2021-11-13 15:00:00,7.6,0.3656588
2021-11-13 16:00:00,7.6,0.370514
2021-11-13 17:00:00,7.5,0.4054999999999999
2021-11-13 18:00:00,7.4,0.4174
2021-11-13 19:00:00,7.5,0.4101291
2021-11-13 20:00:00,7.6,0.37456
2021-11-13 21:00:00,7.2,0.3561031
2021-11-13 22:00:00,7.1,0.3564958
2021-11-13 23:00:00,7.1,0.3493201
2021-11-14 00:00:00,7.1,0.3754287
2021-11-14 01:00:00,6.9,0.3579357
2021-11-14 02:00:00,6.8,0.3546156
2021-11-14 03:00:00,6.8,0.3406569
2021-11-14 04:00:00,6.9,0.3272218
2021-11-14 05:00:00,6.9,0.3238065
2021-11-14 06:00:00,6.9,0.295068
2021-11-14 07:00:00,7.0,0.3459048
2021-11-14 08:00:00,7.2,0.3448576
2021-11-14 09:00:00,7.6,0.3579833
2021-11-14 10:00:00,7.7,0.366468
2021-11-14 11:00:00,8.2,0.3685267
2021-11-14 12:00:00,8.1,0.3752502
2021-11-14 13:00:00,8.2,0.3579238
2021-11-14 14:00:00,7.8,0.3413828
2021-11-14 15:00:00,7.6,0.346
2021-11-14 16:00:00,7.5,0.3539492
2021-11-14 17:00:00,7.5,0.3911486
2021-11-14 18:00:00,7.2,0.3989193
2021-11-14 19:00:00,6.8,0.4009899
2021-11-14 20:00:00,6.5,0.3824259
2021-11-14 21:00:00,6.2,0.3563292
2021-11-14 22:00:00,5.7,0.3616842
2021-11-14 23:00:00,5.6,0.3450004
2021-11-15 00:00:00,5.5,0.3529615
2021-11-15 01:00:00,5.4,0.344691
2021-11-15 02:00:00,5.4,0.3410139
2021-11-15 03:00:00,5.6,0.3357065
2021-11-15 04:00:00,5.5,0.3336716
2021-11-15 05:00:00,5.1,0.3506648
2021-11-15 06:00:00,5.0,0.3830328
2021-11-15 07:00:00,5.0,0.4475665
2021-11-15 08:00:00,5.3,0.4675942
2021-11-15 09:00:00,5.2,0.47095
2021-11-15 10:00:00,5.5,0.4689627
2021-11-15 11:00:00,5.9,0.475591
2021-11-15 12:00:00,6.1,0.4650714
2021-11-15 13:00:00,5.9,0.462739
2021-11-15 14:00:00,5.7,0.4747223
2021-11-15 15:00:00,5.7,0.4721281
2021-11-15 16:00:00,5.6,0.4827786
2021-11-15 17:00:00,5.4,0.5126119
2021-11-15 18:00:00,5.3,0.5126
2021-11-15 19:00:00,5.4,0.4799583
2021-11-15 20:00:00,5.3,0.4397244
2021-11-15 21:00:00,5.2,0.4147701
2021-11-15 22:00:00,5.2,0.3873049
2021-11-15 23:00:00,5.0,0.3680626
2021-11-16 00:00:00,4.9,0.3727274
2021-11-16 01:00:00,4.8,0.3547703
2021-11-16 02:00:00,4.7,0.3490583
2021-11-16 03:00:00,4.6,0.3460119
2021-11-16 04:00:00,4.5,0.3434177
2021-11-16 05:00:00,4.4,0.3675866
2021-11-16 06:00:00,4.4,0.4178165
2021-11-16 07:00:00,4.3,0.4868246
2021-11-16 08:00:00,4.3,0.4888714
2021-11-16 09:00:00,4.4,0.4888356999999999
2021-11-16 10:00:00,4.4,0.48166
2021-11-16 11:00:00,4.4,0.4864795
2021-11-16 12:00:00,4.5,0.4888
2021-11-16 13:00:00,4.8,0.4894306999999999
2021-11-16 14:00:00,4.7,0.4877170999999999
2021-11-16 15:00:00,4.6,0.489157
2021-11-16 16:00:00,4.3,0.4888356999999999
2021-11-16 17:00:00,4.0,0.51379
2021-11-16 18:00:00,3.9,0.5090062
2021-11-16 19:00:00,3.8,0.487729
2021-11-16 20:00:00,3.6,0.4531
2021-11-16 21:00:00,3.7,0.4040006
2021-11-16 22:00:00,4.0,0.369562
2021-11-16 23:00:00,4.0,0.3512122
2021-11-17 00:00:00,4.0,0.3864719
2021-11-17 01:00:00,4.1,0.3692526
2021-11-17 02:00:00,4.2,0.3588401
2021-11-17 03:00:00,4.3,0.3461071
2021-11-17 04:00:00,4.4,0.3498318
2021-11-17 05:00:00,4.1,0.3419183
2021-11-17 06:00:00,4.1,0.37099
2021-11-17 07:00:00,4.2,0.4248375
2021-11-17 08:00:00,4.5,0.4317395
2021-11-17 09:00:00,5.9,0.439772
2021-11-17 10:00:00,6.0,0.4329176
2021-11-17 11:00:00,6.7,0.4221481
2021-11-17 12:00:00,6.7,0.4139609
2021-11-17 13:00:00,7.0,0.39955
2021-11-17 14:00:00,7.2,0.3736913
2021-11-17 15:00:00,7.5,0.394314
2021-11-17 16:00:00,7.4,0.3673486
2021-11-17 17:00:00,7.3,0.3961228
2021-11-17 18:00:00,7.2,0.3806171
2021-11-17 19:00:00,6.6,0.3581499
2021-11-17 20:00:00,6.3,0.3138819
2021-11-17 21:00:00,6.6,0.2745762
2021-11-17 22:00:00,6.8,0.2870712
2021-11-17 23:00:00,6.5,0.2582018
2021-11-18 00:00:00,6.4,0.274719
2021-11-18 01:00:00,6.5,0.2592133
2021-11-18 02:00:00,6.8,0.2592014
2021-11-18 03:00:00,6.7,0.2693164
2021-11-18 04:00:00,7.2,0.2865119
2021-11-18 05:00:00,7.0,0.2885111
2021-11-18 06:00:00,7.1,0.3425966
2021-11-18 07:00:00,7.2,0.4133659
2021-11-18 08:00:00,7.5,0.444889
2021-11-18 09:00:00,8.2,0.4055238
2021-11-18 10:00:00,8.8,0.3872573
2021-11-18 11:00:00,9.5,0.3614581
2021-11-18 12:00:00,9.9,0.345405
2021-11-18 13:00:00,10.2,0.34005
2021-11-18 14:00:00,10.1,0.3324935
2021-11-18 15:00:00,10.0,0.342787
2021-11-18 16:00:00,10.0,0.3439175
2021-11-18 17:00:00,9.9,0.3439413
2021-11-18 18:00:00,9.7,0.3341
2021-11-18 19:00:00,9.6,0.3150362
2021-11-18 20:00:00,9.6,0.2708991
2021-11-18 21:00:00,9.7,0.2551435
2021-11-18 22:00:00,9.1,0.2645921
2021-11-18 23:00:00,9.2,0.2491221
2021-11-19 00:00:00,9.4,0.2410539
2021-11-19 01:00:00,9.6,0.2324145
2021-11-19 02:00:00,9.7,0.2324502
2021-11-19 03:00:00,9.8,0.2351396
2021-11-19 04:00:00,10.0,0.2460995
2021-11-19 05:00:00,10.1,0.2510856
2021-11-19 06:00:00,10.3,0.2866071
2021-11-19 07:00:00,10.5,0.3219025
2021-11-19 08:00:00,10.7,0.3502959
2021-11-19 09:00:00,10.9,0.35909
2021-11-19 10:00:00,11.3,0.3578286
2021-11-19 11:00:00,11.4,0.3594589
2021-11-19 12:00:00,11.8,0.3523546
2021-11-19 13:00:00,11.9,0.3391337
2021-11-19 14:00:00,11.8,0.3491178
2021-11-19 15:00:00,11.7,0.3579952
2021-11-19 16:00:00,11.6,0.3547346
2021-11-19 17:00:00,11.4,0.3840443
2021-11-19 18:00:00,11.1,0.386103
2021-11-19 19:00:00,10.6,0.3571265
2021-11-19 20:00:00,11.1,0.3017558
2021-11-19 21:00:00,11.1,0.2889276
2021-11-19 22:00:00,10.9,0.2804905
2021-11-19 23:00:00,11.0,0.26865
2021-11-20 00:00:00,10.9,0.2829419
2021-11-20 01:00:00,10.9,0.2634616
2021-11-20 02:00:00,10.8,0.2590348
2021-11-20 03:00:00,10.9,0.260915
2021-11-20 04:00:00,10.8,0.2652347
2021-11-20 05:00:00,10.8,0.2716845
2021-11-20 06:00:00,10.6,0.2611292
2021-11-20 07:00:00,10.6,0.282216
2021-11-20 08:00:00,10.6,0.2915575
2021-11-20 09:00:00,10.7,0.3279001
2021-11-20 10:00:00,10.9,0.3078129
2021-11-20 11:00:00,11.0,0.2963056
2021-11-20 12:00:00,10.9,0.2865595
2021-11-20 13:00:00,10.8,0.2610816
2021-11-20 14:00:00,10.2,0.3012441
2021-11-20 15:00:00,9.6,0.2898914999999999
2021-11-20 16:00:00,9.5,0.3069204
2021-11-20 17:00:00,9.5,0.3935643
2021-11-20 18:00:00,9.5,0.3536636
2021-11-20 19:00:00,9.3,0.2899153
2021-11-20 20:00:00,8.7,0.2610459
2021-11-20 21:00:00,8.7,0.254608
2021-11-20 22:00:00,8.6,0.2567619
2021-11-20 23:00:00,8.4,0.2567619
2021-11-21 00:00:00,8.3,0.2420059
2021-11-21 01:00:00,8.2,0.2495981
2021-11-21 02:00:00,8.0,0.2477536
2021-11-21 03:00:00,7.8,0.247706
2021-11-21 04:00:00,7.6,0.2496814
2021-11-21 05:00:00,7.7,0.2535965
2021-11-21 06:00:00,7.7,0.2477893
2021-11-21 07:00:00,7.5,0.2511689
2021-11-21 08:00:00,7.8,0.2724342
2021-11-21 09:00:00,7.9,0.3043381
2021-11-21 10:00:00,8.5,0.3524022
2021-11-21 11:00:00,9.1,0.391934
2021-11-21 12:00:00,9.1,0.3821522
2021-11-21 13:00:00,9.1,0.3621126
2021-11-21 14:00:00,9.1,0.3708353
2021-11-21 15:00:00,6.4,0.39122
2021-11-21 16:00:00,6.3,0.4098197
2021-11-21 17:00:00,5.3,0.4412
2021-11-21 18:00:00,3.6,0.4504344
2021-11-21 19:00:00,4.1,0.42335
2021-11-21 20:00:00,2.3,0.37575
2021-11-21 21:00:00,3.0,0.3286141
2021-11-21 22:00:00,3.3,0.3303872
2021-11-21 23:00:00,4.8,0.2946158
2021-11-22 00:00:00,3.8,0.3648734
2021-11-22 01:00:00,3.9,0.3437152
2021-11-22 02:00:00,4.4,0.3280429
2021-11-22 03:00:00,3.6,0.3194272999999999
2021-11-22 04:00:00,2.5,0.3393954999999999
2021-11-22 05:00:00,1.8,0.35671
2021-11-22 06:00:00,1.0,0.4409382
2021-11-22 07:00:00,-0.6,0.5001764
2021-11-22 08:00:00,0.2,0.5126595
2021-11-22 09:00:00,2.0,0.5104818
2021-11-22 10:00:00,3.7,0.5002478
2021-11-22 11:00:00,5.2,0.4708905
2021-11-22 12:00:00,6.4,0.4508033
2021-11-22 13:00:00,6.2,0.4522432
2021-11-22 14:00:00,5.8,0.4608707
2021-11-22 15:00:00,4.2,0.4881693000000001
2021-11-22 16:00:00,2.7,0.4989269
2021-11-22 17:00:00,2.7,0.5350553
2021-11-22 18:00:00,2.3,0.51498
2021-11-22 19:00:00,1.9,0.4583241
2021-11-22 20:00:00,0.5,0.4327748
2021-11-22 21:00:00,2.3,0.3961109
2021-11-22 22:00:00,3.2,0.3962894
2021-11-22 23:00:00,3.9,0.3215217
2021-11-23 00:00:00,3.8,0.355996
2021-11-23 01:00:00,3.7,0.3435962
2021-11-23 02:00:00,4.3,0.3261865
2021-11-23 03:00:00,4.6,0.3250203
2021-11-23 04:00:00,4.4,0.346
2021-11-23 05:00:00,4.7,0.3606846
2021-11-23 06:00:00,4.8,0.3854604
2021-11-23 07:00:00,4.9,0.4580742
2021-11-23 08:00:00,5.1,0.5006999999999999
2021-11-23 09:00:00,5.4,0.4875981
2021-11-23 10:00:00,5.8,0.4652618
2021-11-23 11:00:00,6.4,0.4620845
2021-11-23 12:00:00,6.9,0.4507438
2021-11-23 13:00:00,7.2,0.4627033
2021-11-23 14:00:00,7.0,0.4872411
2021-11-23 15:00:00,6.6,0.5126
2021-11-23 16:00:00,6.5,0.5332345999999999
2021-11-23 17:00:00,6.5,0.5699699
2021-11-23 18:00:00,6.4,0.5627347
2021-11-23 19:00:00,6.3,0.5126
2021-11-23 20:00:00,6.4,0.4883716
2021-11-23 21:00:00,6.5,0.4356784
2021-11-23 22:00:00,6.6,0.4160315
2021-11-23 23:00:00,6.7,0.3936476
2021-11-24 00:00:00,6.6,0.3817714
2021-11-24 01:00:00,6.6,0.3755239
2021-11-24 02:00:00,6.5,0.3676104
2021-11-24 03:00:00,6.4,0.3598278
2021-11-24 04:00:00,6.3,0.3830685
2021-11-24 05:00:00,6.2,0.3996214
2021-11-24 06:00:00,5.8,0.4234452
2021-11-24 07:00:00,5.9,0.5195972
2021-11-24 08:00:00,6.3,0.5661262
2021-11-24 09:00:00,6.5,0.5483237999999999
2021-11-24 10:00:00,6.8,0.5380065
2021-11-24 11:00:00,7.1,0.5281295
2021-11-24 12:00:00,7.2,0.5125881000000001
2021-11-24 13:00:00,7.2,0.5126
2021-11-24 14:00:00,7.1,0.54592
2021-11-24 15:00:00,6.7,0.5627941999999999
2021-11-24 16:00:00,6.6,0.5731948
2021-11-24 17:00:00,6.4,0.61375
2021-11-24 18:00:00,6.3,0.5661499999999999
2021-11-24 19:00:00,6.2,0.5353171
2021-11-24 20:00:00,6.0,0.4928698
2021-11-24 21:00:00,5.7,0.4540282
2021-11-24 22:00:00,5.5,0.4134373
2021-11-24 23:00:00,5.0,0.3828543
2021-11-25 00:00:00,4.9,0.3936357
2021-11-25 01:00:00,5.4,0.3989193
2021-11-25 02:00:00,4.6,0.3858888
2021-11-25 03:00:00,4.4,0.3866147
2021-11-25 04:00:00,4.5,0.4020371
2021-11-25 05:00:00,4.5,0.4083322
2021-11-25 06:00:00,4.5,0.4900970999999999
2021-11-25 07:00:00,4.4,0.5483
2021-11-25 08:00:00,4.2,0.5746109
2021-11-25 09:00:00,5.2,0.5245
2021-11-25 10:00:00,5.3,0.5065667
2021-11-25 11:00:00,5.3,0.5011284
2021-11-25 12:00:00,5.4,0.5006999999999999
2021-11-25 13:00:00,5.5,0.5038416000000001
2021-11-25 14:00:00,4.6,0.5006999999999999
2021-11-25 15:00:00,4.1,0.4989031
2021-11-25 16:00:00,4.1,0.4922629
2021-11-25 17:00:00,4.2,0.4983438
2021-11-25 18:00:00,4.4,0.4658211
2021-11-25 19:00:00,4.3,0.3794033
2021-11-25 20:00:00,3.7,0.3370036
2021-11-25 21:00:00,3.6,0.3366109
2021-11-25 22:00:00,3.4,0.3403832
2021-11-25 23:00:00,3.2,0.3097645
2021-11-26 00:00:00,2.9,0.3405855
2021-11-26 01:00:00,2.5,0.3456906
2021-11-26 02:00:00,2.0,0.3326839
2021-11-26 03:00:00,3.0,0.332672
2021-11-26 04:00:00,3.3,0.338503
2021-11-26 05:00:00,3.9,0.351593
2021-11-26 06:00:00,4.1,0.409427
2021-11-26 07:00:00,4.2,0.4758052
2021-11-26 08:00:00,4.1,0.4994981
2021-11-26 09:00:00,4.1,0.4918463999999999
2021-11-26 10:00:00,4.0,0.4799107
2021-11-26 11:00:00,3.8,0.4126043
2021-11-26 12:00:00,3.8,0.434536
2021-11-26 13:00:00,4.1,0.3795461
2021-11-26 14:00:00,4.2,0.3731558
2021-11-26 15:00:00,3.9,0.3703355
2021-11-26 16:00:00,3.8,0.3833422
2021-11-26 17:00:00,3.4,0.4243972
2021-11-26 18:00:00,3.6,0.3722514
2021-11-26 19:00:00,3.8,0.3521285
2021-11-26 20:00:00,3.4,0.334219
2021-11-26 21:00:00,3.5,0.2974242
2021-11-26 22:00:00,3.5,0.2968054
2021-11-26 23:00:00,3.5,0.2854409
2021-11-27 00:00:00,3.6,0.3103952
2021-11-27 01:00:00,3.5,0.3380627
2021-11-27 02:00:00,3.3,0.335766
2021-11-27 03:00:00,3.3,0.3425609
2021-11-27 04:00:00,3.5,0.3465831
2021-11-27 05:00:00,3.8,0.3544252
2021-11-27 06:00:00,3.8,0.3569004
2021-11-27 07:00:00,3.1,0.380629
2021-11-27 08:00:00,3.2,0.4047741
2021-11-27 09:00:00,3.5,0.4163171
2021-11-27 10:00:00,4.0,0.4199347
2021-11-27 11:00:00,4.3,0.4239926
2021-11-27 12:00:00,4.3,0.4163171
2021-11-27 13:00:00,4.3,0.4126638
2021-11-27 14:00:00,4.1,0.416091
2021-11-27 15:00:00,4.0,0.42335
2021-11-27 16:00:00,4.0,0.4307994
2021-11-27 17:00:00,4.1,0.477852
2021-11-27 18:00:00,3.8,0.4720923999999999
2021-11-27 19:00:00,3.4,0.4412
2021-11-27 20:00:00,3.2,0.4094151
2021-11-27 21:00:00,2.4,0.408356
2021-11-27 22:00:00,1.7,0.3984552
2021-11-27 23:00:00,1.3,0.3922077
2021-11-28 00:00:00,-0.1,0.3864005
2021-11-28 01:00:00,-0.5,0.3803672
2021-11-28 02:00:00,-0.5,0.3794628
2021-11-28 03:00:00,-1.2,0.371228
2021-11-28 04:00:00,-0.3,0.36504
2021-11-28 05:00:00,-0.8,0.363255
2021-11-28 06:00:00,0.5,0.371466
2021-11-28 07:00:00,1.0,0.3754763
2021-11-28 08:00:00,1.2,0.3769281
2021-11-28 09:00:00,1.5,0.3935881
2021-11-28 10:00:00,1.9,0.3971819
2021-11-28 11:00:00,2.2,0.4052144
2021-11-28 12:00:00,2.5,0.4055833
2021-11-28 13:00:00,2.7,0.3915532
2021-11-28 14:00:00,2.7,0.3916246
2021-11-28 15:00:00,2.8,0.3996809
2021-11-28 16:00:00,2.8,0.4138657
2021-11-28 17:00:00,2.6,0.4473047
2021-11-28 18:00:00,2.5,0.4506486
2021-11-28 19:00:00,2.6,0.4389985
2021-11-28 20:00:00,2.6,0.4133897
2021-11-28 21:00:00,2.7,0.3991811
2021-11-28 22:00:00,2.6,0.395742
2021-11-28 23:00:00,2.6,0.3665156
2021-11-29 00:00:00,2.4,0.3405141
2021-11-29 01:00:00,2.3,0.3356589
2021-11-29 02:00:00,2.2,0.3235447
2021-11-29 03:00:00,2.2,0.3182135
2021-11-29 04:00:00,2.0,0.3262340999999999
2021-11-29 05:00:00,1.9,0.3466069
2021-11-29 06:00:00,2.0,0.4186733
2021-11-29 07:00:00,2.0,0.5000336
2021-11-29 08:00:00,2.1,0.5496566
2021-11-29 09:00:00,2.3,0.5365071
2021-11-29 10:00:00,2.7,0.5076377
2021-11-29 11:00:00,2.9,0.5108626000000001
2021-11-29 12:00:00,3.1,0.5114456999999999
2021-11-29 13:00:00,3.5,0.547348
2021-11-29 14:00:00,3.4,0.5634963
2021-11-29 15:00:00,3.1,0.5746109
2021-11-29 16:00:00,3.0,0.5840000000000001
2021-11-29 17:00:00,2.9,0.6576253000000001
2021-11-29 18:00:00,2.7,0.6436547
2021-11-29 19:00:00,1.8,0.5781214
2021-11-29 20:00:00,1.4,0.5246904000000001
2021-11-29 21:00:00,1.7,0.4348692
2021-11-29 22:00:00,1.9,0.3859007
2021-11-29 23:00:00,1.9,0.3103595
2021-11-30 00:00:00,1.8,0.291141
2021-11-30 01:00:00,3.2,0.2752069
2021-11-30 02:00:00,3.8,0.2649967
2021-11-30 03:00:00,3.7,0.2425414
2021-11-30 04:00:00,2.7,0.2327358
2021-11-30 05:00:00,2.4,0.2386025
2021-11-30 06:00:00,3.0,0.2407564
2021-11-30 07:00:00,3.3,0.2674243
2021-11-30 08:00:00,3.9,0.2655441
2021-11-30 09:00:00,5.1,0.2682335
2021-11-30 10:00:00,6.5,0.2706492
2021-11-30 11:00:00,7.5,0.2846436
2021-11-30 12:00:00,7.6,0.2891061
2021-11-30 13:00:00,7.3,0.2865595
2021-11-30 14:00:00,6.8,0.2900105
2021-11-30 15:00:00,5.9,0.3042429
2021-11-30 16:00:00,6.0,0.312442
2021-11-30 17:00:00,5.2,0.3784632
2021-11-30 18:00:00,5.2,0.4280148
2021-11-30 19:00:00,5.8,0.432394
2021-11-30 20:00:00,5.5,0.4115214
2021-11-30 21:00:00,5.5,0.3601491
2021-11-30 22:00:00,5.7,0.3292091
2021-11-30 23:00:00,5.6,0.3066586
2021-12-01 00:00:00,6.0,0.3070275
2021-12-01 01:00:00,5.8,0.28293
2021-12-01 02:00:00,5.9,0.2714941
2021-12-01 03:00:00,6.4,0.2674243
2021-12-01 04:00:00,7.7,0.2589634
2021-12-01 05:00:00,9.1,0.2677813
2021-12-01 06:00:00,9.0,0.2934258
2021-12-01 07:00:00,8.2,0.2865119
2021-12-01 08:00:00,8.4,0.2792767
2021-12-01 09:00:00,8.4,0.267817
2021-12-01 10:00:00,8.4,0.2589872
2021-12-01 11:00:00,8.9,0.2589991
2021-12-01 12:00:00,9.1,0.256393
2021-12-01 13:00:00,8.2,0.2578329
2021-12-01 14:00:00,8.8,0.2578567
2021-12-01 15:00:00,8.5,0.2563573
2021-12-01 16:00:00,8.3,0.2600106
2021-12-01 17:00:00,7.6,0.2707444
2021-12-01 18:00:00,7.2,0.2633307
2021-12-01 19:00:00,6.5,0.2472181
2021-12-01 20:00:00,6.2,0.240328
2021-12-01 21:00:00,5.1,0.2394117
2021-12-01 22:00:00,4.4,0.243065
2021-12-01 23:00:00,4.6,0.2402923
2021-12-02 00:00:00,4.1,0.1996062
2021-12-02 01:00:00,3.5,0.1897768
2021-12-02 02:00:00,3.4,0.1997252
2021-12-02 03:00:00,3.6,0.2314744
2021-12-02 04:00:00,2.9,0.2462185
2021-12-02 05:00:00,2.1,0.2658297
2021-12-02 06:00:00,1.8,0.3455835
2021-12-02 07:00:00,1.8,0.4022275
2021-12-02 08:00:00,1.9,0.435131
2021-12-02 09:00:00,2.0,0.4337625
2021-12-02 10:00:00,2.9,0.4031676
2021-12-02 11:00:00,3.7,0.4272651
2021-12-02 12:00:00,4.1,0.4318347
2021-12-02 13:00:00,2.9,0.4338934
2021-12-02 14:00:00,2.9,0.4627271
2021-12-02 15:00:00,1.9,0.5185024
2021-12-02 16:00:00,1.0,0.5457058
2021-12-02 17:00:00,-0.7,0.5780262
2021-12-02 18:00:00,-1.6,0.5483
2021-12-02 19:00:00,-1.6,0.4935362
2021-12-02 20:00:00,-1.8,0.4279315
2021-12-02 21:00:00,-1.5,0.3972652
2021-12-02 22:00:00,-1.2,0.3740126
2021-12-02 23:00:00,-1.5,0.3132631
2021-12-03 00:00:00,-1.1,0.3387767
2021-12-03 01:00:00,-0.9,0.3043381
2021-12-03 02:00:00,-0.3,0.2961271
2021-12-03 03:00:00,-0.6,0.2881541
2021-12-03 04:00:00,-0.5,0.2924738
2021-12-03 05:00:00,-0.3,0.3111686999999999
2021-12-03 06:00:00,-0.2,0.3578405
2021-12-03 07:00:00,0.3,0.4436752
2021-12-03 08:00:00,1.1,0.4607279
2021-12-03 09:00:00,1.5,0.4144488
2021-12-03 10:00:00,2.2,0.3697524
2021-12-03 11:00:00,2.8,0.3459048
2021-12-03 12:00:00,3.0,0.3222119
2021-12-03 13:00:00,3.3,0.323152
2021-12-03 14:00:00,3.4,0.3200937
2021-12-03 15:00:00,3.3,0.3266268
2021-12-03 16:00:00,3.4,0.3459762
2021-12-03 17:00:00,3.3,0.3579357
2021-12-03 18:00:00,3.4,0.3201175
2021-12-03 19:00:00,3.3,0.310657
2021-12-03 20:00:00,3.1,0.2927118
2021-12-03 21:00:00,3.5,0.2944849
2021-12-03 22:00:00,3.6,0.2979121
2021-12-03 23:00:00,3.7,0.2823112
2021-12-04 00:00:00,3.4,0.3044214
2021-12-04 01:00:00,3.2,0.3046832
2021-12-04 02:00:00,3.2,0.3596374
2021-12-04 03:00:00,3.2,0.37575
2021-12-04 04:00:00,2.9,0.3757619
2021-12-04 05:00:00,3.2,0.3743101
2021-12-04 06:00:00,3.1,0.378844
2021-12-04 07:00:00,3.2,0.39955
2021-12-04 08:00:00,3.3,0.4207201
2021-12-04 09:00:00,3.2,0.4352619
2021-12-04 10:00:00,3.7,0.4406645
2021-12-04 11:00:00,4.2,0.4352619
2021-12-04 12:00:00,4.4,0.4387248
2021-12-04 13:00:00,5.1,0.41978
2021-12-04 14:00:00,4.3,0.4158887
2021-12-04 15:00:00,4.4,0.4054999999999999
2021-12-04 16:00:00,4.3,0.41978
2021-12-04 17:00:00,4.2,0.4448295
2021-12-04 18:00:00,3.0,0.4299783
2021-12-04 19:00:00,2.2,0.3897563
2021-12-04 20:00:00,1.5,0.3939213
2021-12-04 21:00:00,1.0,0.3432749
2021-12-04 22:00:00,1.3,0.3351591
2021-12-04 23:00:00,1.7,0.2982334
2021-12-05 00:00:00,2.0,0.2597012
2021-12-05 01:00:00,2.9,0.2602248
2021-12-05 02:00:00,4.2,0.2563097
2021-12-05 03:00:00,4.3,0.2519781
2021-12-05 04:00:00,4.3,0.2518948
2021-12-05 05:00:00,4.2,0.2564763
2021-12-05 06:00:00,3.4,0.2519543
2021-12-05 07:00:00,3.6,0.264961
2021-12-05 08:00:00,4.3,0.2746595
2021-12-05 09:00:00,4.3,0.3001017
2021-12-05 10:00:00,5.1,0.3133464
2021-12-05 11:00:00,5.4,0.4054999999999999
2021-12-05 12:00:00,5.5,0.3936714
2021-12-05 13:00:00,5.5,0.3906964
2021-12-05 14:00:00,5.6,0.3948138
2021-12-05 15:00:00,4.7,0.4052382
2021-12-05 16:00:00,3.4,0.4281933
2021-12-05 17:00:00,3.5,0.4613229
2021-12-05 18:00:00,3.4,0.465
2021-12-05 19:00:00,3.6,0.4185662
2021-12-05 20:00:00,3.2,0.4038816
2021-12-05 21:00:00,2.9,0.3881022
2021-12-05 22:00:00,2.3,0.3889947
2021-12-05 23:00:00,2.1,0.3530448
2021-12-06 00:00:00,1.9,0.3906607
2021-12-06 01:00:00,1.6,0.3728583
2021-12-06 02:00:00,1.6,0.3747979999999999
2021-12-06 03:00:00,1.6,0.3628028
2021-12-06 04:00:00,1.5,0.3628266
2021-12-06 05:00:00,1.6,0.3721205
2021-12-06 06:00:00,1.5,0.4690341
2021-12-06 07:00:00,1.2,0.569839
2021-12-06 08:00:00,1.3,0.5977326000000001
2021-12-06 09:00:00,1.3,0.5883673
2021-12-06 10:00:00,1.5,0.5840000000000001
2021-12-06 11:00:00,1.7,0.5756819
2021-12-06 12:00:00,1.9,0.5503349
2021-12-06 13:00:00,1.9,0.5306047
2021-12-06 14:00:00,2.1,0.5303667000000001
2021-12-06 15:00:00,1.9,0.5329133
2021-12-06 16:00:00,1.7,0.529141
2021-12-06 17:00:00,1.6,0.5288316
2021-12-06 18:00:00,1.3,0.484516
2021-12-06 19:00:00,0.8,0.4531238
2021-12-06 20:00:00,0.8,0.424302
2021-12-06 21:00:00,1.1,0.39241
2021-12-06 22:00:00,0.9,0.388245
2021-12-06 23:00:00,1.1,0.348499
2021-12-07 00:00:00,2.2,0.3120254999999999
2021-12-07 01:00:00,1.4,0.2983405
2021-12-07 02:00:00,1.2,0.292331
2021-12-07 03:00:00,0.7,0.2919859
2021-12-07 04:00:00,0.7,0.3115019
2021-12-07 05:00:00,0.5,0.3286855
2021-12-07 06:00:00,0.9,0.4055714
2021-12-07 07:00:00,1.4,0.4888119
2021-12-07 08:00:00,1.8,0.5115885
2021-12-07 09:00:00,2.1,0.5066381
2021-12-07 10:00:00,2.6,0.4954164
2021-12-07 11:00:00,3.2,0.5027825
2021-12-07 12:00:00,3.5,0.4934886
2021-12-07 13:00:00,3.6,0.4890023
2021-12-07 14:00:00,3.6,0.497368
2021-12-07 15:00:00,3.6,0.5038178
2021-12-07 16:00:00,3.4,0.5065786
2021-12-07 17:00:00,2.7,0.4887524
2021-12-07 18:00:00,2.4,0.4532071
2021-12-07 19:00:00,1.9,0.4066543
2021-12-07 20:00:00,1.7,0.3916365
2021-12-07 21:00:00,2.0,0.3667417
2021-12-07 22:00:00,1.8,0.3014107
2021-12-07 23:00:00,2.3,0.2643184
2021-12-08 00:00:00,2.0,0.2572974
2021-12-08 01:00:00,2.6,0.2479916
2021-12-08 02:00:00,2.6,0.2388524
2021-12-08 03:00:00,2.5,0.2342352
2021-12-08 04:00:00,2.7,0.2507405
2021-12-08 05:00:00,3.0,0.2651038
2021-12-08 06:00:00,2.9,0.2953774
2021-12-08 07:00:00,3.1,0.3629932
2021-12-08 08:00:00,3.2,0.4268724
2021-12-08 09:00:00,3.5,0.4208748
2021-12-08 10:00:00,3.9,0.3959324
2021-12-08 11:00:00,4.4,0.3995262
2021-12-08 12:00:00,5.0,0.4110454
2021-12-08 13:00:00,5.2,0.4174119
2021-12-08 14:00:00,4.8,0.4412833
2021-12-08 15:00:00,4.4,0.4497561
2021-12-08 16:00:00,2.8,0.4668326
2021-12-08 17:00:00,3.0,0.50308
2021-12-08 18:00:00,1.8,0.4727112
2021-12-08 19:00:00,2.4,0.45548
2021-12-08 20:00:00,2.6,0.406333
2021-12-08 21:00:00,1.8,0.389673
2021-12-08 22:00:00,1.0,0.4188399
2021-12-08 23:00:00,1.5,0.3629099
2021-12-09 00:00:00,1.9,0.3813192
2021-12-09 01:00:00,1.4,0.3873406
2021-12-09 02:00:00,1.4,0.3585069
2021-12-09 03:00:00,1.4,0.3710733
2021-12-09 04:00:00,1.2,0.3876024
2021-12-09 05:00:00,1.1,0.3898277
2021-12-09 06:00:00,0.9,0.4503392
2021-12-09 07:00:00,0.7,0.522358
2021-12-09 08:00:00,0.9,0.5581651000000001
2021-12-09 09:00:00,1.2,0.567578
2021-12-09 10:00:00,1.8,0.5589980999999999
2021-12-09 11:00:00,2.7,0.5602
2021-12-09 12:00:00,3.2,0.5550116
2021-12-09 13:00:00,4.4,0.5536669
2021-12-09 14:00:00,4.4,0.5628061
2021-12-09 15:00:00,4.6,0.5637700000000001
2021-12-09 16:00:00,4.4,0.5711599
2021-12-09 17:00:00,4.4,0.5788711
2021-12-09 18:00:00,4.0,0.5661499999999999
2021-12-09 19:00:00,4.2,0.531997
2021-12-09 20:00:00,3.9,0.465714
2021-12-09 21:00:00,3.8,0.4174
2021-12-09 22:00:00,3.8,0.4232905
2021-12-09 23:00:00,3.5,0.3876143
2021-12-10 00:00:00,3.3,0.3911843
2021-12-10 01:00:00,3.1,0.3642427
2021-12-10 02:00:00,3.3,0.3372892
2021-12-10 03:00:00,3.1,0.3302682
2021-12-10 04:00:00,3.1,0.3400619
2021-12-10 05:00:00,3.3,0.3936238
2021-12-10 06:00:00,3.1,0.4387962
2021-12-10 07:00:00,2.7,0.4921677
2021-12-10 08:00:00,3.1,0.512005
2021-12-10 09:00:00,3.3,0.5016639
2021-12-10 10:00:00,4.0,0.4921082
2021-12-10 11:00:00,4.2,0.4727231
2021-12-10 12:00:00,4.6,0.4540401
2021-12-10 13:00:00,4.4,0.4472689999999999
2021-12-10 14:00:00,4.3,0.4445915
2021-12-10 15:00:00,2.9,0.4585859
2021-12-10 16:00:00,1.0,0.4825644
2021-12-10 17:00:00,-0.9,0.5126476
2021-12-10 18:00:00,-0.7,0.5094465
2021-12-10 19:00:00,-1.0,0.4714379000000001
2021-12-10 20:00:00,-0.6,0.4585383
2021-12-10 21:00:00,-0.3,0.4343932
2021-12-10 22:00:00,-0.2,0.4333222
2021-12-10 23:00:00,0.0,0.4095579
2021-12-11 00:00:00,-0.1,0.4187209
2021-12-11 01:00:00,-0.5,0.4097007
2021-12-11 02:00:00,-0.4,0.4031557
2021-12-11 03:00:00,-0.5,0.401454
2021-12-11 04:00:00,-0.4,0.395504
2021-12-11 05:00:00,-0.9,0.401573
2021-12-11 06:00:00,-1.0,0.4174833
2021-12-11 07:00:00,-1.0,0.445841
2021-12-11 08:00:00,-1.2,0.4806723
2021-12-11 09:00:00,-0.9,0.5066262
2021-12-11 10:00:00,1.0,0.5019495
2021-12-11 11:00:00,2.2,0.5056266
2021-12-11 12:00:00,3.8,0.5036631
2021-12-11 13:00:00,4.0,0.4572769
2021-12-11 14:00:00,3.7,0.4424971
2021-12-11 15:00:00,2.5,0.4496133
2021-12-11 16:00:00,1.5,0.4694387
2021-12-11 17:00:00,1.4,0.4906920999999999
2021-12-11 18:00:00,0.7,0.4899067
2021-12-11 19:00:00,-0.3,0.4344765
2021-12-11 20:00:00,-0.1,0.421446
2021-12-11 21:00:00,0.0,0.3916603
2021-12-11 22:00:00,-0.3,0.3637786
2021-12-11 23:00:00,0.5,0.3103119
2021-12-12 00:00:00,1.6,0.3177018
2021-12-12 01:00:00,2.2,0.298995
2021-12-12 02:00:00,2.6,0.2914623
2021-12-12 03:00:00,3.0,0.2864048
2021-12-12 04:00:00,3.0,0.2829062
2021-12-12 05:00:00,3.7,0.281621
2021-12-12 06:00:00,3.7,0.2816686
2021-12-12 07:00:00,3.6,0.2844413
2021-12-12 08:00:00,3.3,0.2933187
2021-12-12 09:00:00,3.3,0.3176661
2021-12-12 10:00:00,4.1,0.3638619
2021-12-12 11:00:00,4.6,0.39955
2021-12-12 12:00:00,5.4,0.39955
2021-12-12 13:00:00,5.4,0.3886377
2021-12-12 14:00:00,6.2,0.3990383
2021-12-12 15:00:00,6.3,0.4305852
2021-12-12 16:00:00,6.5,0.4570627
2021-12-12 17:00:00,6.9,0.49118
2021-12-12 18:00:00,7.3,0.5010570000000001
2021-12-12 19:00:00,7.7,0.4752816
2021-12-12 20:00:00,8.1,0.4718901
2021-12-12 21:00:00,8.3,0.4336197
2021-12-12 22:00:00,8.4,0.4370707
2021-12-12 23:00:00,8.7,0.3797722
2021-12-13 00:00:00,8.9,0.3742982
2021-12-13 01:00:00,9.0,0.3419778
2021-12-13 02:00:00,9.1,0.3267458
2021-12-13 03:00:00,9.2,0.3195939
2021-12-13 04:00:00,9.3,0.3283047
2021-12-13 05:00:00,9.6,0.3425609
2021-12-13 06:00:00,9.6,0.475948
2021-12-13 07:00:00,9.6,0.5287959
2021-12-13 08:00:00,9.6,0.5423500000000001
2021-12-13 09:00:00,9.6,0.5520961
2021-12-13 10:00:00,9.7,0.5445396
2021-12-13 11:00:00,10.0,0.5422667
2021-12-13 12:00:00,9.8,0.5371735
2021-12-13 13:00:00,9.6,0.5371140000000001
2021-12-13 14:00:00,9.5,0.5375186000000001
2021-12-13 15:00:00,9.3,0.5390775
2021-12-13 16:00:00,8.8,0.550561
2021-12-13 17:00:00,8.7,0.5765387000000001
2021-12-13 18:00:00,8.7,0.5394583
2021-12-13 19:00:00,8.8,0.5313901000000001
2021-12-13 20:00:00,8.7,0.4710214
2021-12-13 21:00:00,8.7,0.4325725
2021-12-13 22:00:00,8.4,0.4371302
2021-12-13 23:00:00,8.5,0.3841276
2021-12-14 00:00:00,8.1,0.3762855
2021-12-14 01:00:00,8.1,0.3461666
2021-12-14 02:00:00,7.9,0.3274597999999999
2021-12-14 03:00:00,8.0,0.3280667
2021-12-14 04:00:00,7.7,0.3470234
2021-12-14 05:00:00,7.6,0.3904227
2021-12-14 06:00:00,7.6,0.4139728
2021-12-14 07:00:00,7.7,0.5364952000000001
2021-12-14 08:00:00,7.6,0.5723975
2021-12-14 09:00:00,7.7,0.5889028000000001
2021-12-14 10:00:00,8.0,0.587094
2021-12-14 11:00:00,8.4,0.5959118999999999
2021-12-14 12:00:00,8.6,0.597923
2021-12-14 13:00:00,8.4,0.5964593
2021-12-14 14:00:00,8.1,0.6004339000000001
2021-12-14 15:00:00,8.1,0.5990773
2021-12-14 16:00:00,7.9,0.6078
2021-12-14 17:00:00,7.7,0.6316
2021-12-14 18:00:00,7.9,0.6238650000000001
2021-12-14 19:00:00,7.9,0.5839048
2021-12-14 20:00:00,7.9,0.5576890999999999
2021-12-14 21:00:00,7.8,0.4992362999999999
2021-12-14 22:00:00,7.8,0.458693
2021-12-14 23:00:00,7.9,0.4160791
2021-12-15 00:00:00,8.1,0.429538
2021-12-15 01:00:00,8.3,0.411212
2021-12-15 02:00:00,8.5,0.3935762
2021-12-15 03:00:00,8.6,0.3757619
2021-12-15 04:00:00,8.8,0.400383
2021-12-15 05:00:00,8.9,0.437868
2021-12-15 06:00:00,8.9,0.477971
2021-12-15 07:00:00,8.7,0.5582008
2021-12-15 08:00:00,8.6,0.5483714000000001
2021-12-15 09:00:00,8.9,0.5484070999999999
2021-12-15 10:00:00,9.0,0.5500136
2021-12-15 11:00:00,9.1,0.5492281999999999
2021-12-15 12:00:00,9.4,0.5483714000000001
2021-12-15 13:00:00,9.5,0.5482286000000001
2021-12-15 14:00:00,9.5,0.5669592
2021-12-15 15:00:00,9.4,0.5720048
2021-12-15 16:00:00,9.4,0.5723023
2021-12-15 17:00:00,9.1,0.63398
2021-12-15 18:00:00,9.0,0.5697081
2021-12-15 19:00:00,8.8,0.5510846
2021-12-15 20:00:00,8.7,0.5396606
2021-12-15 21:00:00,8.1,0.4611682
2021-12-15 22:00:00,7.1,0.4659044
2021-12-15 23:00:00,6.6,0.4554205
2021-12-16 00:00:00,7.4,0.4426161
2021-12-16 01:00:00,7.2,0.4305495
2021-12-16 02:00:00,7.3,0.4032985
2021-12-16 03:00:00,7.4,0.4300378
2021-12-16 04:00:00,8.0,0.4552182
2021-12-16 05:00:00,8.0,0.4727231
2021-12-16 06:00:00,8.0,0.5291767
2021-12-16 07:00:00,8.0,0.6358364000000001
2021-12-16 08:00:00,8.1,0.6448328
2021-12-16 09:00:00,8.3,0.651592
2021-12-16 10:00:00,8.3,0.642072
2021-12-16 11:00:00,8.6,0.6365860999999999
2021-12-16 12:00:00,8.8,0.6318142
2021-12-16 13:00:00,8.9,0.6204497
2021-12-16 14:00:00,9.0,0.6259356
2021-12-16 15:00:00,8.8,0.6312668000000001
2021-12-16 16:00:00,8.6,0.6509137
2021-12-16 17:00:00,8.5,0.6613499999999999
2021-12-16 18:00:00,8.3,0.6521275
2021-12-16 19:00:00,8.0,0.6370383
2021-12-16 20:00:00,7.8,0.5908544
2021-12-16 21:00:00,8.0,0.5346864
2021-12-16 22:00:00,7.9,0.4952855
2021-12-16 23:00:00,6.7,0.46143
2021-12-17 00:00:00,6.3,0.4998194
2021-12-17 01:00:00,5.8,0.4685938
2021-12-17 02:00:00,7.1,0.4531833
2021-12-17 03:00:00,7.4,0.4420687
2021-12-17 04:00:00,7.2,0.4531
2021-12-17 05:00:00,7.1,0.4770071
2021-12-17 06:00:00,7.1,0.5171339
2021-12-17 07:00:00,7.0,0.62089
2021-12-17 08:00:00,6.8,0.6362648
2021-12-17 09:00:00,6.6,0.6362648
2021-12-17 10:00:00,6.6,0.6303505
2021-12-17 11:00:00,6.8,0.6226274
2021-12-17 12:00:00,7.2,0.6031947
2021-12-17 13:00:00,7.2,0.5741349
2021-12-17 14:00:00,7.4,0.5857969000000001
2021-12-17 15:00:00,7.4,0.622199
2021-12-17 16:00:00,6.9,0.6105608
2021-12-17 17:00:00,6.8,0.628387
2021-12-17 18:00:00,6.6,0.6249598000000001
2021-12-17 19:00:00,6.6,0.619819
2021-12-17 20:00:00,6.9,0.5625562
2021-12-17 21:00:00,7.0,0.5206682
2021-12-17 22:00:00,7.1,0.5059122
2021-12-17 23:00:00,6.9,0.476186
2021-12-18 00:00:00,6.8,0.5246428000000001
2021-12-18 01:00:00,6.8,0.4866698999999999
2021-12-18 02:00:00,6.7,0.4629056
2021-12-18 03:00:00,6.5,0.4767691
2021-12-18 04:00:00,6.1,0.459526
2021-12-18 05:00:00,5.9,0.4386415
2021-12-18 06:00:00,6.0,0.486658
2021-12-18 07:00:00,6.0,0.512124
2021-12-18 08:00:00,6.3,0.5281652
2021-12-18 09:00:00,6.4,0.5545831999999999
2021-12-18 10:00:00,6.3,0.5412790000000001
2021-12-18 11:00:00,6.4,0.5277011
2021-12-18 12:00:00,6.4,0.4966302
2021-12-18 13:00:00,6.7,0.4973204
2021-12-18 14:00:00,7.0,0.496892
2021-12-18 15:00:00,7.1,0.482493
2021-12-18 16:00:00,7.2,0.5257019
2021-12-18 17:00:00,7.3,0.5513106999999999
2021-12-18 18:00:00,7.4,0.5018067
2021-12-18 19:00:00,7.4,0.393481
2021-12-18 20:00:00,7.4,0.3675033
2021-12-18 21:00:00,7.3,0.3075749
2021-12-18 22:00:00,7.2,0.2743382
2021-12-18 23:00:00,7.0,0.2513831
2021-12-19 00:00:00,6.8,0.25437
2021-12-19 01:00:00,6.7,0.2411848
2021-12-19 02:00:00,6.7,0.238781
2021-12-19 03:00:00,6.8,0.2151833
2021-12-19 04:00:00,7.1,0.2063892
2021-12-19 05:00:00,6.9,0.1923115
2021-12-19 06:00:00,7.0,0.1815777
2021-12-19 07:00:00,6.8,0.2269524
2021-12-19 08:00:00,6.9,0.2400543
2021-12-19 09:00:00,6.7,0.2579757
2021-12-19 10:00:00,6.6,0.258892
2021-12-19 11:00:00,6.5,0.2836559
2021-12-19 12:00:00,6.7,0.2746357
2021-12-19 13:00:00,6.9,0.2576782
2021-12-19 14:00:00,6.9,0.259963
2021-12-19 15:00:00,7.0,0.2745881
2021-12-19 16:00:00,7.1,0.3147982
2021-12-19 17:00:00,7.4,0.3719539
2021-12-19 18:00:00,6.8,0.3909344
2021-12-19 19:00:00,6.0,0.3984671
2021-12-19 20:00:00,4.4,0.4234928
2021-12-19 21:00:00,2.8,0.4400219
2021-12-19 22:00:00,3.0,0.54592
2021-12-19 23:00:00,1.9,0.4024893
2021-12-20 00:00:00,1.4,0.3451075
2021-12-20 01:00:00,0.3,0.3365395
2021-12-20 02:00:00,-0.9,0.3328029
2021-12-20 03:00:00,-1.4,0.3287569
2021-12-20 04:00:00,-1.9,0.318511
2021-12-20 05:00:00,-1.7,0.3201413
2021-12-20 06:00:00,-2.9,0.5186928
2021-12-20 07:00:00,-2.7,0.6279705
2021-12-20 08:00:00,-3.1,0.6749398
2021-12-20 09:00:00,-2.1,0.6435356999999999
2021-12-20 10:00:00,-0.4,0.6003981999999999
2021-12-20 11:00:00,0.8,0.5897715
2021-12-20 12:00:00,2.3,0.5519771
2021-12-20 13:00:00,3.0,0.5939365000000001
2021-12-20 14:00:00,3.0,0.6374548
2021-12-20 15:00:00,1.9,0.6658957999999999
2021-12-20 16:00:00,-0.1,0.6791643
2021-12-20 17:00:00,-0.8,0.7030951999999999
2021-12-20 18:00:00,-1.4,0.7101162000000001
2021-12-20 19:00:00,-2.4,0.6824487000000001
2021-12-20 20:00:00,-3.1,0.6601600000000001
2021-12-20 21:00:00,-2.9,0.5996842
2021-12-20 22:00:00,-2.6,0.5613781
2021-12-20 23:00:00,-4.2,0.5158606000000001
2021-12-21 00:00:00,-3.1,0.493441
2021-12-21 01:00:00,-4.2,0.5103271
2021-12-21 02:00:00,-4.4,0.504508
2021-12-21 03:00:00,-4.1,0.5056266
2021-12-21 04:00:00,-4.6,0.5020328000000001
2021-12-21 05:00:00,-4.3,0.5393512
2021-12-21 06:00:00,-3.9,0.6315762
2021-12-21 07:00:00,-4.0,0.7161138
2021-12-21 08:00:00,-4.1,0.7625238000000001
2021-12-21 09:00:00,-3.7,0.7667602
2021-12-21 10:00:00,-3.7,0.7546341000000001
2021-12-21 11:00:00,-3.2,0.7267999999999999
2021-12-21 12:00:00,-2.7,0.6997393999999999
2021-12-21 13:00:00,-2.8,0.7030000000000001
2021-12-21 14:00:00,-2.6,0.7222899
2021-12-21 15:00:00,-2.8,0.7567047
2021-12-21 16:00:00,-2.8,0.7980929000000001
2021-12-21 17:00:00,-2.7,0.8934
2021-12-21 18:00:00,-2.8,0.8697190000000001
2021-12-21 19:00:00,-2.4,0.7744
2021-12-21 20:00:00,-2.4,0.7156020999999999
2021-12-21 21:00:00,-3.0,0.6414175
2021-12-21 22:00:00,-3.5,0.5733614
2021-12-21 23:00:00,-3.4,0.5101843
2021-12-22 00:00:00,-3.6,0.5823935
2021-12-22 01:00:00,-3.5,0.5699461
2021-12-22 02:00:00,-3.8,0.5549997
2021-12-22 03:00:00,-3.7,0.5334845
2021-12-22 04:00:00,-4.0,0.53878
2021-12-22 05:00:00,-4.1,0.5760031999999999
2021-12-22 06:00:00,-3.9,0.6547574
2021-12-22 07:00:00,-3.7,0.7569546
2021-12-22 08:00:00,-3.9,0.7751021
2021-12-22 09:00:00,-3.4,0.7588467000000001
2021-12-22 10:00:00,-2.3,0.7333569
2021-12-22 11:00:00,-2.0,0.6664075
2021-12-22 12:00:00,-1.2,0.6264711000000001
2021-12-22 13:00:00,-1.0,0.6322426000000001
2021-12-22 14:00:00,-1.1,0.7162447000000001
2021-12-22 15:00:00,-1.5,0.7499217
2021-12-22 16:00:00,-1.9,0.757145
2021-12-22 17:00:00,-2.8,0.7853479999999999
2021-12-22 18:00:00,-2.7,0.7550148999999999
2021-12-22 19:00:00,-2.8,0.6914331999999999
2021-12-22 20:00:00,-2.5,0.6071455000000001
2021-12-22 21:00:00,-2.3,0.5695772000000001
2021-12-22 22:00:00,-2.1,0.5556185
2021-12-22 23:00:00,-2.2,0.4888
2021-12-23 00:00:00,-2.0,0.527713
2021-12-23 01:00:00,-1.7,0.5132069
2021-12-23 02:00:00,-1.4,0.4682963
2021-12-23 03:00:00,-1.4,0.4596569
2021-12-23 04:00:00,-0.9,0.4641432
2021-12-23 05:00:00,-0.8,0.5453964
2021-12-23 06:00:00,-0.6,0.6179269000000001
2021-12-23 07:00:00,-0.4,0.6518419
2021-12-23 08:00:00,0.0,0.6911714
2021-12-23 09:00:00,0.3,0.6558759999999999
2021-12-23 10:00:00,0.6,0.5892598
2021-12-23 11:00:00,0.8,0.6078
2021-12-23 12:00:00,1.1,0.5684348
2021-12-23 13:00:00,1.1,0.5129094000000001
2021-12-23 14:00:00,0.7,0.5117789
2021-12-23 15:00:00,0.8,0.5207039
2021-12-23 16:00:00,0.9,0.5721
2021-12-23 17:00:00,0.6,0.5780976
2021-12-23 18:00:00,1.3,0.5066262
2021-12-23 19:00:00,1.9,0.4304067
2021-12-23 20:00:00,4.0,0.4016801
2021-12-23 21:00:00,4.5,0.334695
2021-12-23 22:00:00,4.7,0.320177
2021-12-23 23:00:00,5.0,0.2732315
2021-12-24 00:00:00,5.2,0.2865714
2021-12-24 01:00:00,5.2,0.2728269
2021-12-24 02:00:00,5.5,0.2650086
2021-12-24 03:00:00,6.0,0.2748023
2021-12-24 04:00:00,6.4,0.2866071
2021-12-24 05:00:00,6.9,0.2865
2021-12-24 06:00:00,7.5,0.2613672
2021-12-24 07:00:00,8.4,0.34362
2021-12-24 08:00:00,8.6,0.4027987
2021-12-24 09:00:00,8.7,0.3957539
2021-12-24 10:00:00,8.9,0.397289
2021-12-24 11:00:00,8.9,0.434298
2021-12-24 12:00:00,5.1,0.4467335
2021-12-24 13:00:00,3.8,0.4185186
2021-12-24 14:00:00,2.2,0.4237546
2021-12-24 15:00:00,1.0,0.4276935
2021-12-24 16:00:00,0.1,0.4700456
2021-12-24 17:00:00,0.2,0.4870983
2021-12-24 18:00:00,0.3,0.4448771
2021-12-24 19:00:00,0.4,0.4517077
2021-12-24 20:00:00,0.1,0.4531
2021-12-24 21:00:00,-0.7,0.4733657
2021-12-24 22:00:00,-1.1,0.4820526999999999
2021-12-24 23:00:00,-1.9,0.4517315
2021-12-25 00:00:00,-2.7,0.3700975
2021-12-25 01:00:00,-3.2,0.3426085
2021-12-25 02:00:00,-4.1,0.3746433
2021-12-25 03:00:00,-4.6,0.3486418
2021-12-25 04:00:00,-5.1,0.31625
2021-12-25 05:00:00,-5.7,0.3047189
2021-12-25 06:00:00,-6.5,0.3079557
2021-12-25 07:00:00,-6.4,0.3251274
2021-12-25 08:00:00,-7.2,0.3632193
2021-12-25 09:00:00,-6.7,0.4013945
2021-12-25 10:00:00,-5.5,0.4150914
2021-12-25 11:00:00,-3.9,0.4259442
2021-12-25 12:00:00,-3.2,0.4293833
2021-12-25 13:00:00,-3.1,0.4196372
2021-12-25 14:00:00,-3.3,0.421089
2021-12-25 15:00:00,-4.4,0.42454
2021-12-25 16:00:00,-6.1,0.4311088
2021-12-25 17:00:00,-6.3,0.4469239
2021-12-25 18:00:00,-6.6,0.4472689999999999
2021-12-25 19:00:00,-7.8,0.4319418
2021-12-25 20:00:00,-8.1,0.4296808
2021-12-25 21:00:00,-8.5,0.4228383
2021-12-25 22:00:00,-8.6,0.4287764
2021-12-25 23:00:00,-9.0,0.3687528
2021-12-26 00:00:00,-9.5,0.3678603
2021-12-26 01:00:00,-10.4,0.3422634
2021-12-26 02:00:00,-9.9,0.3386577
2021-12-26 03:00:00,-9.5,0.3141794
2021-12-26 04:00:00,-10.4,0.3063253999999999
2021-12-26 05:00:00,-11.0,0.3105856
2021-12-26 06:00:00,-9.6,0.3129656
2021-12-26 07:00:00,-10.2,0.348975
2021-12-26 08:00:00,-10.2,0.3631241
2021-12-26 09:00:00,-8.5,0.3768686
2021-12-26 10:00:00,-7.2,0.3928265
2021-12-26 11:00:00,-5.6,0.3969439
2021-12-26 12:00:00,-4.1,0.392886
2021-12-26 13:00:00,-3.1,0.3861387
2021-12-26 14:00:00,-3.0,0.385627
2021-12-26 15:00:00,-3.7,0.3857340999999999
2021-12-26 16:00:00,-4.8,0.3884235
2021-12-26 17:00:00,-4.9,0.4144845
2021-12-26 18:00:00,-5.0,0.4061902
2021-12-26 19:00:00,-5.1,0.4028225
2021-12-26 20:00:00,-4.9,0.3825211
2021-12-26 21:00:00,-5.2,0.3406331
2021-12-26 22:00:00,-5.0,0.328031
2021-12-26 23:00:00,-4.5,0.2746952
2021-12-27 00:00:00,-4.1,0.2695901
2021-12-27 01:00:00,-3.7,0.2582137
2021-12-27 02:00:00,-3.3,0.2524184
2021-12-27 03:00:00,-2.9,0.2495624
2021-12-27 04:00:00,-2.7,0.2460876
2021-12-27 05:00:00,-2.5,0.2716607
2021-12-27 06:00:00,-2.3,0.2865595
2021-12-27 07:00:00,-2.2,0.3151909
2021-12-27 08:00:00,-1.9,0.3513788
2021-12-27 09:00:00,-1.4,0.3914223
2021-12-27 10:00:00,-0.8,0.3987884
2021-12-27 11:00:00,-0.3,0.3924576
2021-12-27 12:00:00,0.2,0.4055476
2021-12-27 13:00:00,0.6,0.3938142
2021-12-27 14:00:00,0.8,0.3798317
2021-12-27 15:00:00,0.9,0.3770114
2021-12-27 16:00:00,1.2,0.3702998
2021-12-27 17:00:00,1.5,0.39955
2021-12-27 18:00:00,1.3,0.402049
2021-12-27 19:00:00,1.7,0.3888995
2021-12-27 20:00:00,2.0,0.3475827
2021-12-27 21:00:00,2.4,0.2877495
2021-12-27 22:00:00,2.3,0.2901295
2021-12-27 23:00:00,2.2,0.25913
2021-12-28 00:00:00,2.2,0.244136
2021-12-28 01:00:00,2.3,0.2269881
2021-12-28 02:00:00,2.7,0.2114348
2021-12-28 03:00:00,3.0,0.1987018
2021-12-28 04:00:00,2.9,0.2006534
2021-12-28 05:00:00,3.0,0.213434
2021-12-28 06:00:00,3.0,0.2455521
2021-12-28 07:00:00,2.1,0.2769324
2021-12-28 08:00:00,3.6,0.3010537
2021-12-28 09:00:00,5.3,0.3257224
2021-12-28 10:00:00,5.9,0.3247704
2021-12-28 11:00:00,6.7,0.3164404
2021-12-28 12:00:00,6.9,0.3062421
2021-12-28 13:00:00,7.6,0.2928784
2021-12-28 14:00:00,7.3,0.2764445
2021-12-28 15:00:00,6.9,0.2638305
2021-12-28 16:00:00,6.3,0.276861
2021-12-28 17:00:00,6.1,0.32101
2021-12-28 18:00:00,6.2,0.3341714
2021-12-28 19:00:00,6.0,0.3339691
2021-12-28 20:00:00,6.2,0.3211171
2021-12-28 21:00:00,6.3,0.3046118
2021-12-28 22:00:00,6.5,0.3075392
2021-12-28 23:00:00,6.4,0.2865952
2021-12-29 00:00:00,5.7,0.2889514
2021-12-29 01:00:00,5.8,0.2665913
2021-12-29 02:00:00,5.5,0.2679003
2021-12-29 03:00:00,5.1,0.2636758
2021-12-29 04:00:00,5.4,0.2674719
2021-12-29 05:00:00,6.2,0.2955797
2021-12-29 06:00:00,6.1,0.3221762
2021-12-29 07:00:00,6.2,0.37932
2021-12-29 08:00:00,6.3,0.3936
2021-12-29 09:00:00,6.5,0.3977055
2021-12-29 10:00:00,7.2,0.398598
2021-12-29 11:00:00,7.3,0.3988122
2021-12-29 12:00:00,7.6,0.4002759
2021-12-29 13:00:00,7.6,0.4002878
2021-12-29 14:00:00,7.6,0.400383
2021-12-29 15:00:00,7.7,0.3936
2021-12-29 16:00:00,7.5,0.3888281
2021-12-29 17:00:00,7.2,0.3976936
2021-12-29 18:00:00,7.0,0.3744767
2021-12-29 19:00:00,7.2,0.3503197
2021-12-29 20:00:00,7.3,0.3103714
2021-12-29 21:00:00,7.2,0.2848816
2021-12-29 22:00:00,7.2,0.2821446
2021-12-29 23:00:00,7.8,0.2547865
2021-12-30 00:00:00,9.7,0.2425652
2021-12-30 01:00:00,10.2,0.2125534
2021-12-30 02:00:00,10.6,0.1950128
2021-12-30 03:00:00,9.6,0.1860164
2021-12-30 04:00:00,10.1,0.1810184
2021-12-30 05:00:00,10.0,0.206889
2021-12-30 06:00:00,9.7,0.2270119
2021-12-30 07:00:00,10.7,0.2713394
2021-12-30 08:00:00,11.3,0.2786103
2021-12-30 09:00:00,11.9,0.266984
2021-12-30 10:00:00,12.3,0.2722914
2021-12-30 11:00:00,12.8,0.2693045
2021-12-30 12:00:00,13.0,0.2713037
2021-12-30 13:00:00,13.1,0.2612125
2021-12-30 14:00:00,13.0,0.252823
2021-12-30 15:00:00,12.8,0.2453736
2021-12-30 16:00:00,12.6,0.2530848
2021-12-30 17:00:00,12.7,0.2650562
2021-12-30 18:00:00,12.5,0.2626762
2021-12-30 19:00:00,12.6,0.2531443
2021-12-30 20:00:00,12.7,0.2454212
2021-12-30 21:00:00,13.0,0.2399829
2021-12-30 22:00:00,13.1,0.2452665
2021-12-30 23:00:00,13.4,0.2218235
2021-12-31 00:00:00,13.5,0.1623949
2021-12-31 01:00:00,13.6,0.1557071
2021-12-31 02:00:00,13.2,0.1555643
2021-12-31 03:00:00,12.8,0.1555405
2021-12-31 04:00:00,12.9,0.1555643
2021-12-31 05:00:00,13.2,0.1556476
2021-12-31 06:00:00,13.2,0.1555405
2021-12-31 07:00:00,13.7,0.1555286
2021-12-31 08:00:00,13.9,0.1558023
2021-12-31 09:00:00,13.9,0.1566829
2021-12-31 10:00:00,13.7,0.1567067
2021-12-31 11:00:00,13.9,0.1675595
2021-12-31 12:00:00,14.0,0.1675119
2021-12-31 13:00:00,13.8,0.1675238
2021-12-31 14:00:00,13.9,0.1859331
2021-12-31 15:00:00,13.5,0.1799831
2021-12-31 16:00:00,12.8,0.2296537
2021-12-31 17:00:00,12.7,0.2281543
2021-12-31 18:00:00,12.9,0.2032119
2021-12-31 19:00:00,12.1,0.1942631
2021-12-31 20:00:00,12.4,0.1558142
2021-12-31 21:00:00,12.3,0.1556952
2021-12-31 22:00:00,12.3,0.161669
2021-12-31 23:00:00,12.4,0.1631208
2022-01-01 00:00:00,12.3,0.2151595
2022-01-01 01:00:00,12.4,0.2047827
2022-01-01 02:00:00,12.5,0.2070318
2022-01-01 03:00:00,12.3,0.2096974
2022-01-01 04:00:00,12.4,0.2004273
2022-01-01 05:00:00,12.2,0.202843
2022-01-01 06:00:00,12.2,0.2039021
2022-01-01 07:00:00,12.3,0.2070794
2022-01-01 08:00:00,12.2,0.2146954
2022-01-01 09:00:00,12.4,0.2389595
2022-01-01 10:00:00,12.6,0.2469801
2022-01-01 11:00:00,13.1,0.255679
2022-01-01 12:00:00,13.6,0.2683406
2022-01-01 13:00:00,13.8,0.270792
2022-01-01 14:00:00,13.1,0.2712323
2022-01-01 15:00:00,13.2,0.27579
2022-01-01 16:00:00,13.1,0.306254
2022-01-01 17:00:00,13.2,0.3340643
2022-01-01 18:00:00,13.2,0.3297327
2022-01-01 19:00:00,12.2,0.3225331999999999
2022-01-01 20:00:00,11.9,0.3006372
2022-01-01 21:00:00,11.0,0.2777059
2022-01-01 22:00:00,11.2,0.2715774
2022-01-01 23:00:00,10.3,0.2569404
2022-01-02 00:00:00,10.1,0.2235252
2022-01-02 01:00:00,9.8,0.2181821
2022-01-02 02:00:00,10.2,0.2138743
2022-01-02 03:00:00,11.1,0.1971786
2022-01-02 04:00:00,11.2,0.1907764
2022-01-02 05:00:00,11.4,0.1960243
2022-01-02 06:00:00,11.8,0.1966788
2022-01-02 07:00:00,12.1,0.205342
2022-01-02 08:00:00,12.8,0.2138505
2022-01-02 09:00:00,12.5,0.2270119
2022-01-02 10:00:00,12.0,0.2390071
2022-01-02 11:00:00,11.9,0.2344494
2022-01-02 12:00:00,13.3,0.2324026
2022-01-02 13:00:00,12.7,0.2114824
2022-01-02 14:00:00,12.9,0.2032119
2022-01-02 15:00:00,12.6,0.1902409
2022-01-02 16:00:00,12.3,0.1945844
2022-01-02 17:00:00,12.0,0.2067343
2022-01-02 18:00:00,11.5,0.2281424
2022-01-02 19:00:00,11.0,0.2281186
2022-01-02 20:00:00,11.0,0.2200028
2022-01-02 21:00:00,10.9,0.2105304
2022-01-02 22:00:00,11.5,0.2106851
2022-01-02 23:00:00,10.3,0.1947867
2022-01-03 00:00:00,9.6,0.1559689
2022-01-03 01:00:00,10.7,0.1555881
2022-01-03 02:00:00,9.1,0.1555167
2022-01-03 03:00:00,9.1,0.1543505
2022-01-03 04:00:00,9.6,0.15441
2022-01-03 05:00:00,9.7,0.1559808
2022-01-03 06:00:00,9.2,0.2002845
2022-01-03 07:00:00,9.3,0.2612244
2022-01-03 08:00:00,9.5,0.3018867
2022-01-03 09:00:00,9.6,0.2867023
2022-01-03 10:00:00,10.0,0.2667222
2022-01-03 11:00:00,10.5,0.2635687
2022-01-03 12:00:00,9.6,0.2536203
2022-01-03 13:00:00,10.7,0.251871
2022-01-03 14:00:00,10.5,0.2519781
2022-01-03 15:00:00,9.7,0.2722795
2022-01-03 16:00:00,9.2,0.3025769
2022-01-03 17:00:00,7.6,0.3323031
2022-01-03 18:00:00,7.1,0.31982
2022-01-03 19:00:00,6.8,0.2955916
2022-01-03 20:00:00,7.3,0.2956749
2022-01-03 21:00:00,7.1,0.2697805
2022-01-03 22:00:00,7.6,0.2813592
2022-01-03 23:00:00,7.9,0.2689594
2022-01-04 00:00:00,7.9,0.279003
2022-01-04 01:00:00,7.2,0.2844413
2022-01-04 02:00:00,7.1,0.2816448
2022-01-04 03:00:00,7.3,0.2786579
2022-01-04 04:00:00,7.2,0.2778249
2022-01-04 05:00:00,7.6,0.2915337
2022-01-04 06:00:00,7.6,0.3423229
2022-01-04 07:00:00,7.4,0.3729416
2022-01-04 08:00:00,7.4,0.3685028999999999
2022-01-04 09:00:00,7.5,0.3817
2022-01-04 10:00:00,7.7,0.3815572
2022-01-04 11:00:00,7.7,0.3726798
2022-01-04 12:00:00,7.9,0.3727274
2022-01-04 13:00:00,7.7,0.3693121
2022-01-04 14:00:00,7.9,0.36861
2022-01-04 15:00:00,5.6,0.3709067
2022-01-04 16:00:00,5.6,0.3539611
2022-01-04 17:00:00,5.6,0.3815572
2022-01-04 18:00:00,4.5,0.3756786
2022-01-04 19:00:00,3.5,0.3685981
2022-01-04 20:00:00,3.5,0.3413828
2022-01-04 21:00:00,3.7,0.3232948
2022-01-04 22:00:00,3.9,0.3197248
2022-01-04 23:00:00,3.8,0.2716964
2022-01-05 00:00:00,3.7,0.2809189
2022-01-05 01:00:00,3.6,0.2713751
2022-01-05 02:00:00,3.2,0.256155
2022-01-05 03:00:00,3.2,0.2453022
2022-01-05 04:00:00,2.6,0.2497409
2022-01-05 05:00:00,2.4,0.2684001
2022-01-05 06:00:00,2.2,0.2736004
2022-01-05 07:00:00,2.3,0.2759685
2022-01-05 08:00:00,2.3,0.3097764
2022-01-05 09:00:00,2.9,0.2905103
2022-01-05 10:00:00,3.3,0.2679717
2022-01-05 11:00:00,2.7,0.272339
2022-01-05 12:00:00,1.9,0.2694592
2022-01-05 13:00:00,2.9,0.270792
2022-01-05 14:00:00,3.8,0.2833108
2022-01-05 15:00:00,4.1,0.2977812
2022-01-05 16:00:00,4.5,0.3189632
2022-01-05 17:00:00,4.9,0.3318271
2022-01-05 18:00:00,5.2,0.3220572
2022-01-05 19:00:00,4.9,0.3171425
2022-01-05 20:00:00,4.6,0.2983167
2022-01-05 21:00:00,3.7,0.2723271
2022-01-05 22:00:00,4.2,0.2968649
2022-01-05 23:00:00,3.9,0.2742192
2022-01-06 00:00:00,3.6,0.2744215
2022-01-06 01:00:00,2.7,0.2761708
2022-01-06 02:00:00,1.1,0.2865119
2022-01-06 03:00:00,0.2,0.2883445
2022-01-06 04:00:00,-0.3,0.3024103
2022-01-06 05:00:00,-2.3,0.3340286
2022-01-06 06:00:00,-1.2,0.3768448
2022-01-06 07:00:00,-0.5,0.4272175
2022-01-06 08:00:00,-0.2,0.4280148
2022-01-06 09:00:00,0.7,0.408951
2022-01-06 10:00:00,1.4,0.412045
2022-01-06 11:00:00,2.6,0.431561
2022-01-06 12:00:00,3.4,0.42454
2022-01-06 13:00:00,4.1,0.404548
2022-01-06 14:00:00,4.6,0.4127114
2022-01-06 15:00:00,4.1,0.4302163
2022-01-06 16:00:00,3.0,0.4482805
2022-01-06 17:00:00,2.0,0.4817909
2022-01-06 18:00:00,1.3,0.4809936
2022-01-06 19:00:00,1.1,0.4477212
2022-01-06 20:00:00,1.0,0.4247066
2022-01-06 21:00:00,1.3,0.4034889
2022-01-06 22:00:00,1.5,0.3683125
2022-01-06 23:00:00,1.6,0.303993
2022-01-07 00:00:00,1.2,0.3090148
2022-01-07 01:00:00,1.1,0.296496
2022-01-07 02:00:00,1.8,0.2781819
2022-01-07 03:00:00,2.3,0.2768729
2022-01-07 04:00:00,2.7,0.2769562
2022-01-07 05:00:00,2.5,0.2924381
2022-01-07 06:00:00,2.3,0.3224261
2022-01-07 07:00:00,2.1,0.3372416
2022-01-07 08:00:00,1.7,0.3471543
2022-01-07 09:00:00,2.2,0.3482015
2022-01-07 10:00:00,2.5,0.3476303
2022-01-07 11:00:00,2.8,0.3532114
2022-01-07 12:00:00,3.3,0.3537826
2022-01-07 13:00:00,3.6,0.3531876
2022-01-07 14:00:00,3.5,0.3572217
2022-01-07 15:00:00,3.5,0.381343
2022-01-07 16:00:00,3.9,0.3959443
2022-01-07 17:00:00,3.3,0.4449009
2022-01-07 18:00:00,2.7,0.4576339
2022-01-07 19:00:00,2.8,0.4376895
2022-01-07 20:00:00,3.2,0.4225527
2022-01-07 21:00:00,2.3,0.4100339
2022-01-07 22:00:00,1.6,0.3768686
2022-01-07 23:00:00,1.3,0.3321008
2022-01-08 00:00:00,1.5,0.3509623
2022-01-08 01:00:00,1.7,0.3374677
2022-01-08 02:00:00,1.5,0.35314
2022-01-08 03:00:00,1.8,0.3470234
2022-01-08 04:00:00,1.7,0.346
2022-01-08 05:00:00,1.4,0.339217
2022-01-08 06:00:00,1.1,0.35314
2022-01-08 07:00:00,0.9,0.3732629
2022-01-08 08:00:00,0.5,0.4125091
2022-01-08 09:00:00,0.9,0.43049
2022-01-08 10:00:00,2.3,0.4280505
2022-01-08 11:00:00,3.3,0.4119141
2022-01-08 12:00:00,2.9,0.4015492
2022-01-08 13:00:00,3.2,0.37575
2022-01-08 14:00:00,3.1,0.3573288
2022-01-08 15:00:00,3.0,0.349332
2022-01-08 16:00:00,3.0,0.3475946
2022-01-08 17:00:00,2.5,0.381581
2022-01-08 18:00:00,2.6,0.3587449
2022-01-08 19:00:00,2.4,0.3224737
2022-01-08 20:00:00,2.8,0.2776226
2022-01-08 21:00:00,3.0,0.2771942
2022-01-08 22:00:00,3.2,0.2773251
2022-01-08 23:00:00,3.2,0.2627595
2022-01-09 00:00:00,3.4,0.2567857
2022-01-09 01:00:00,3.5,0.256036
2022-01-09 02:00:00,3.4,0.2510856
2022-01-09 03:00:00,3.1,0.2215974
2022-01-09 04:00:00,2.9,0.2142551
2022-01-09 05:00:00,3.1,0.2158616
2022-01-09 06:00:00,2.8,0.2440051
2022-01-09 07:00:00,2.8,0.2560836
2022-01-09 08:00:00,2.3,0.2713394
2022-01-09 09:00:00,2.0,0.2983643
2022-01-09 10:00:00,2.8,0.3162024
2022-01-09 11:00:00,4.5,0.333386
2022-01-09 12:00:00,5.1,0.3521047
2022-01-09 13:00:00,5.2,0.3520214
2022-01-09 14:00:00,5.0,0.3580071
2022-01-09 15:00:00,5.1,0.3805576
2022-01-09 16:00:00,5.0,0.3828424
2022-01-09 17:00:00,4.8,0.421327
2022-01-09 18:00:00,4.9,0.4458886
2022-01-09 19:00:00,4.5,0.4412
2022-01-09 20:00:00,4.4,0.4302758
2022-01-09 21:00:00,4.1,0.4102838
2022-01-09 22:00:00,3.8,0.4124972
2022-01-09 23:00:00,3.7,0.398122
2022-01-10 00:00:00,3.1,0.3891137
2022-01-10 01:00:00,3.0,0.3839015
2022-01-10 02:00:00,2.9,0.3887329
2022-01-10 03:00:00,3.0,0.3777254
2022-01-10 04:00:00,3.0,0.3674676
2022-01-10 05:00:00,2.5,0.3836635
2022-01-10 06:00:00,2.4,0.4381536
2022-01-10 07:00:00,2.9,0.5125405000000001
2022-01-10 08:00:00,3.3,0.5291648
2022-01-10 09:00:00,3.3,0.5304500000000001
2022-01-10 10:00:00,3.6,0.5249879000000001
2022-01-10 11:00:00,4.0,0.5245952
2022-01-10 12:00:00,4.4,0.5126
2022-01-10 13:00:00,4.7,0.5090418999999999
2022-01-10 14:00:00,5.4,0.5125524
2022-01-10 15:00:00,4.9,0.5202755
2022-01-10 16:00:00,4.1,0.5158487
2022-01-10 17:00:00,3.9,0.5310093
2022-01-10 18:00:00,3.6,0.5254757999999999
2022-01-10 19:00:00,3.4,0.5066262
2022-01-10 20:00:00,3.2,0.4738655
2022-01-10 21:00:00,3.1,0.4439251
2022-01-10 22:00:00,2.5,0.4138657
2022-01-10 23:00:00,1.1,0.3886377
2022-01-11 00:00:00,0.3,0.4059046
2022-01-11 01:00:00,-0.5,0.3964798
2022-01-11 02:00:00,-1.3,0.390744
2022-01-11 03:00:00,-1.4,0.38527
2022-01-11 04:00:00,-1.8,0.387531
2022-01-11 05:00:00,-1.3,0.3988955
2022-01-11 06:00:00,0.6,0.4377847
2022-01-11 07:00:00,1.4,0.5110292000000001
2022-01-11 08:00:00,1.6,0.5150037999999999
2022-01-11 09:00:00,1.6,0.5092204
2022-01-11 10:00:00,2.0,0.4852538
2022-01-11 11:00:00,2.4,0.4726517
2022-01-11 12:00:00,2.7,0.4589548
2022-01-11 13:00:00,3.1,0.4517791
2022-01-11 14:00:00,3.6,0.4590619
2022-01-11 15:00:00,3.1,0.486301
2022-01-11 16:00:00,2.1,0.5006286
2022-01-11 17:00:00,1.5,0.532116
2022-01-11 18:00:00,1.1,0.5315209999999999
2022-01-11 19:00:00,0.2,0.5235479999999999
2022-01-11 20:00:00,0.0,0.4951427
2022-01-11 21:00:00,1.0,0.4476736
2022-01-11 22:00:00,1.4,0.4379513
2022-01-11 23:00:00,0.9,0.4084631
2022-01-12 00:00:00,0.9,0.3896135
2022-01-12 01:00:00,1.6,0.378249
2022-01-12 02:00:00,1.0,0.3748813
2022-01-12 03:00:00,2.3,0.3693002
2022-01-12 04:00:00,2.9,0.3678127
2022-01-12 05:00:00,2.9,0.385865
2022-01-12 06:00:00,2.6,0.4418664
2022-01-12 07:00:00,2.4,0.4806842
2022-01-12 08:00:00,2.3,0.512719
2022-01-12 09:00:00,2.3,0.5039606000000001
2022-01-12 10:00:00,2.8,0.483445
2022-01-12 11:00:00,3.5,0.4633935
2022-01-12 12:00:00,3.7,0.4472809
2022-01-12 13:00:00,4.2,0.4317752
2022-01-12 14:00:00,4.5,0.4349763
2022-01-12 15:00:00,4.1,0.4412119
2022-01-12 16:00:00,2.7,0.45905
2022-01-12 17:00:00,1.2,0.4945358
2022-01-12 18:00:00,2.1,0.4959043
2022-01-12 19:00:00,2.5,0.4757457
2022-01-12 20:00:00,2.5,0.4355475
2022-01-12 21:00:00,2.0,0.383485
2022-01-12 22:00:00,2.2,0.3860911
2022-01-12 23:00:00,2.8,0.3604942
2022-01-13 00:00:00,2.3,0.3616366
2022-01-13 01:00:00,2.4,0.3480111
2022-01-13 02:00:00,2.1,0.3383602
2022-01-13 03:00:00,2.0,0.3306133
2022-01-13 04:00:00,2.2,0.3370393
2022-01-13 05:00:00,2.4,0.3593994
2022-01-13 06:00:00,2.5,0.3841157
2022-01-13 07:00:00,2.5,0.4117356
2022-01-13 08:00:00,2.6,0.436321
2022-01-13 09:00:00,2.8,0.4173881
2022-01-13 10:00:00,3.2,0.3698952
2022-01-13 11:00:00,3.4,0.3580904
2022-01-13 12:00:00,3.6,0.3371107
2022-01-13 13:00:00,3.7,0.3152147
2022-01-13 14:00:00,3.7,0.3591019
2022-01-13 15:00:00,3.5,0.3954921
2022-01-13 16:00:00,3.3,0.4000022
2022-01-13 17:00:00,3.1,0.417757
2022-01-13 18:00:00,3.1,0.4087844
2022-01-13 19:00:00,3.1,0.4054999999999999
2022-01-13 20:00:00,3.0,0.3849011
2022-01-13 21:00:00,3.2,0.3513074
2022-01-13 22:00:00,3.6,0.350998
2022-01-13 23:00:00,3.4,0.3008871
2022-01-14 00:00:00,3.1,0.2984476
2022-01-14 01:00:00,3.0,0.2865357
2022-01-14 02:00:00,3.0,0.2844056
2022-01-14 03:00:00,3.2,0.2834774
2022-01-14 04:00:00,3.3,0.2862858
2022-01-14 05:00:00,3.6,0.3228188
2022-01-14 06:00:00,3.5,0.3650876
2022-01-14 07:00:00,3.7,0.3828543
2022-01-14 08:00:00,3.9,0.4138181
2022-01-14 09:00:00,4.0,0.3899229
2022-01-14 10:00:00,4.4,0.3494748
2022-01-14 11:00:00,4.9,0.3460476
2022-01-14 12:00:00,5.2,0.3388719
2022-01-14 13:00:00,5.1,0.3368251
2022-01-14 14:00:00,4.9,0.3780586
2022-01-14 15:00:00,4.8,0.4140442
2022-01-14 16:00:00,4.8,0.4232429
2022-01-14 17:00:00,5.0,0.46738
2022-01-14 18:00:00,5.1,0.4650476
2022-01-14 19:00:00,5.2,0.4344408
2022-01-14 20:00:00,5.3,0.4114975999999999
2022-01-14 21:00:00,5.2,0.3988241
2022-01-14 22:00:00,5.3,0.3868051
2022-01-14 23:00:00,5.2,0.375631
2022-01-15 00:00:00,5.1,0.4197919
2022-01-15 01:00:00,5.0,0.3996452
2022-01-15 02:00:00,5.0,0.3871978
2022-01-15 03:00:00,4.9,0.3729416
2022-01-15 04:00:00,4.8,0.3791177
2022-01-15 05:00:00,4.7,0.3823902
2022-01-15 06:00:00,4.6,0.3820213
2022-01-15 07:00:00,4.5,0.3989074
2022-01-15 08:00:00,4.4,0.4088796
2022-01-15 09:00:00,4.5,0.4293
2022-01-15 10:00:00,4.9,0.4202440999999999
2022-01-15 11:00:00,5.1,0.4113548
2022-01-15 12:00:00,5.5,0.4036317
2022-01-15 13:00:00,5.7,0.3936
2022-01-15 14:00:00,5.9,0.3972771
2022-01-15 15:00:00,5.5,0.4102362
2022-01-15 16:00:00,5.2,0.4249208
2022-01-15 17:00:00,4.6,0.465
2022-01-15 18:00:00,4.6,0.4733657
2022-01-15 19:00:00,4.1,0.4666779
2022-01-15 20:00:00,3.7,0.4455078
2022-01-15 21:00:00,3.5,0.417519
2022-01-15 22:00:00,3.3,0.4088915
2022-01-15 23:00:00,2.5,0.4047979
2022-01-16 00:00:00,1.8,0.4244448
2022-01-16 01:00:00,1.5,0.41264
2022-01-16 02:00:00,1.4,0.3810931000000001
2022-01-16 03:00:00,1.0,0.3721562
2022-01-16 04:00:00,-0.3,0.3638262
2022-01-16 05:00:00,1.4,0.3530329
2022-01-16 06:00:00,1.3,0.2968649
2022-01-16 07:00:00,1.7,0.2977455
2022-01-16 08:00:00,1.9,0.3053734
2022-01-16 09:00:00,2.2,0.3096574
2022-01-16 10:00:00,2.7,0.3055280999999999
2022-01-16 11:00:00,2.9,0.3124777
2022-01-16 12:00:00,3.3,0.3019819
2022-01-16 13:00:00,4.0,0.3013631
2022-01-16 14:00:00,4.7,0.2777773
2022-01-16 15:00:00,4.9,0.3007205
2022-01-16 16:00:00,5.2,0.29245
2022-01-16 17:00:00,5.2,0.3048498
2022-01-16 18:00:00,5.3,0.289356
2022-01-16 19:00:00,5.1,0.2716131
2022-01-16 20:00:00,5.5,0.2628666
2022-01-16 21:00:00,5.6,0.2711371
2022-01-16 22:00:00,5.6,0.2672815
2022-01-16 23:00:00,5.7,0.259368
2022-01-17 00:00:00,6.1,0.2485152
2022-01-17 01:00:00,5.8,0.19606
2022-01-17 02:00:00,5.4,0.1702727
2022-01-17 03:00:00,5.5,0.1676071
2022-01-17 04:00:00,5.3,0.1708677
2022-01-17 05:00:00,5.4,0.1986304
2022-01-17 06:00:00,5.4,0.2651157
2022-01-17 07:00:00,5.3,0.277932
2022-01-17 08:00:00,5.3,0.30554
2022-01-17 09:00:00,5.2,0.275671
2022-01-17 10:00:00,5.8,0.2889157
2022-01-17 11:00:00,6.6,0.2879875
2022-01-17 12:00:00,6.6,0.2752902
2022-01-17 13:00:00,7.0,0.2884635
2022-01-17 14:00:00,7.1,0.3071822
2022-01-17 15:00:00,6.3,0.3565315
2022-01-17 16:00:00,5.1,0.3934215
2022-01-17 17:00:00,5.0,0.4530881
2022-01-17 18:00:00,4.9,0.4583003
2022-01-17 19:00:00,4.8,0.4379632
2022-01-17 20:00:00,3.2,0.4174
2022-01-17 21:00:00,2.3,0.4125686
2022-01-17 22:00:00,4.5,0.4045004
2022-01-17 23:00:00,4.9,0.3698
2022-01-18 00:00:00,5.0,0.3804386
2022-01-18 01:00:00,4.8,0.3848892
2022-01-18 02:00:00,4.8,0.3699071
2022-01-18 03:00:00,4.9,0.3794271
2022-01-18 04:00:00,5.0,0.3864481
2022-01-18 05:00:00,4.9,0.3996333
2022-01-18 06:00:00,5.2,0.428229
2022-01-18 07:00:00,5.2,0.4813148999999999
2022-01-18 08:00:00,5.5,0.5059359999999999
2022-01-18 09:00:00,5.8,0.5014616000000001
2022-01-18 10:00:00,6.9,0.483326
2022-01-18 11:00:00,6.7,0.471069
2022-01-18 12:00:00,6.8,0.4531
2022-01-18 13:00:00,7.0,0.4462813
2022-01-18 14:00:00,6.8,0.4447938
2022-01-18 15:00:00,6.4,0.4521718
2022-01-18 16:00:00,6.4,0.465
2022-01-18 17:00:00,5.7,0.48642
2022-01-18 18:00:00,5.5,0.4845041
2022-01-18 19:00:00,5.2,0.4590857
2022-01-18 20:00:00,5.1,0.4379632
2022-01-18 21:00:00,5.3,0.4223861
2022-01-18 22:00:00,5.5,0.3826282
2022-01-18 23:00:00,5.2,0.3644331
2022-01-19 00:00:00,4.9,0.3567219
2022-01-19 01:00:00,5.2,0.3501412
2022-01-19 02:00:00,3.7,0.3494867
2022-01-19 03:00:00,2.9,0.3460119
2022-01-19 04:00:00,1.5,0.3497604
2022-01-19 05:00:00,1.3,0.3526521
2022-01-19 06:00:00,1.2,0.3916841
2022-01-19 07:00:00,1.4,0.4262298
2022-01-19 08:00:00,-0.6,0.4669635
2022-01-19 09:00:00,2.2,0.4562773
2022-01-19 10:00:00,2.8,0.4194825
2022-01-19 11:00:00,3.2,0.3860078
2022-01-19 12:00:00,3.4,0.3580666
2022-01-19 13:00:00,3.6,0.3465593
2022-01-19 14:00:00,3.7,0.3509147
2022-01-19 15:00:00,3.3,0.370395
2022-01-19 16:00:00,3.6,0.3689194
2022-01-19 17:00:00,3.5,0.3626481
2022-01-19 18:00:00,3.5,0.3547346
2022-01-19 19:00:00,3.7,0.3169759
2022-01-19 20:00:00,4.1,0.3044095
2022-01-19 21:00:00,4.6,0.299471
2022-01-19 22:00:00,4.3,0.2961152
2022-01-19 23:00:00,3.8,0.2712204
2022-01-20 00:00:00,3.4,0.2627595
2022-01-20 01:00:00,3.2,0.2495386
2022-01-20 02:00:00,3.1,0.2449095
2022-01-20 03:00:00,3.4,0.2414347
2022-01-20 04:00:00,2.9,0.2400781
2022-01-20 05:00:00,2.4,0.259963
2022-01-20 06:00:00,2.0,0.2701494
2022-01-20 07:00:00,1.0,0.2971505
2022-01-20 08:00:00,0.8,0.3228069
2022-01-20 09:00:00,1.5,0.3106213
2022-01-20 10:00:00,1.3,0.3084793
2022-01-20 11:00:00,2.0,0.2888205
2022-01-20 12:00:00,1.7,0.2676385
2022-01-20 13:00:00,3.1,0.2573926
2022-01-20 14:00:00,1.9,0.2809903
2022-01-20 15:00:00,0.2,0.2880708
2022-01-20 16:00:00,0.8,0.3160834
2022-01-20 17:00:00,0.6,0.3650995
2022-01-20 18:00:00,0.8,0.3849606
2022-01-20 19:00:00,0.1,0.3698
2022-01-20 20:00:00,0.0,0.3368727
2022-01-20 21:00:00,-0.8,0.3197129
2022-01-20 22:00:00,-1.5,0.3123944
2022-01-20 23:00:00,-1.6,0.3000541
2022-01-21 00:00:00,-1.9,0.2974361
2022-01-21 01:00:00,-1.6,0.2958653
2022-01-21 02:00:00,-1.6,0.2875948
2022-01-21 03:00:00,-1.5,0.2902366
2022-01-21 04:00:00,-0.5,0.2973885
2022-01-21 05:00:00,-0.9,0.2992687
2022-01-21 06:00:00,0.2,0.3326244
2022-01-21 07:00:00,0.6,0.4026321
2022-01-21 08:00:00,0.6,0.4211485
2022-01-21 09:00:00,1.1,0.4123901
2022-01-21 10:00:00,1.6,0.4013469
2022-01-21 11:00:00,2.7,0.4012517
2022-01-21 12:00:00,3.0,0.3817
2022-01-21 13:00:00,3.2,0.3579952
2022-01-21 14:00:00,3.5,0.3570551
2022-01-21 15:00:00,3.7,0.3817
2022-01-21 16:00:00,4.1,0.3667536
2022-01-21 17:00:00,3.9,0.3697881
2022-01-21 18:00:00,3.8,0.3520095
2022-01-21 19:00:00,4.6,0.3291139
2022-01-21 20:00:00,5.2,0.3218787
2022-01-21 21:00:00,5.4,0.3129775
2022-01-21 22:00:00,5.6,0.3145721
2022-01-21 23:00:00,5.5,0.2984119
2022-01-22 00:00:00,5.5,0.3026602
2022-01-22 01:00:00,5.5,0.298757
2022-01-22 02:00:00,5.6,0.2983881
2022-01-22 03:00:00,5.7,0.300542
2022-01-22 04:00:00,5.8,0.3026483
2022-01-22 05:00:00,6.1,0.3027792
2022-01-22 06:00:00,6.2,0.2984
2022-01-22 07:00:00,6.1,0.3321365
2022-01-22 08:00:00,5.9,0.37694
2022-01-22 09:00:00,6.0,0.4024774
2022-01-22 10:00:00,6.3,0.4069875
2022-01-22 11:00:00,6.4,0.4051310999999999
2022-01-22 12:00:00,6.4,0.3945877
2022-01-22 13:00:00,6.4,0.3799626
2022-01-22 14:00:00,6.4,0.3767972
2022-01-22 15:00:00,6.2,0.389435
2022-01-22 16:00:00,5.8,0.3903275
2022-01-22 17:00:00,5.6,0.4201489
2022-01-22 18:00:00,5.3,0.4302758
2022-01-22 19:00:00,5.1,0.4106408
2022-01-22 20:00:00,4.8,0.4020966
2022-01-22 21:00:00,4.9,0.3820927
2022-01-22 22:00:00,4.9,0.3858888
2022-01-22 23:00:00,4.8,0.3639333
2022-01-23 00:00:00,4.6,0.3599111
2022-01-23 01:00:00,4.5,0.3733819
2022-01-23 02:00:00,4.5,0.3760118
2022-01-23 03:00:00,4.5,0.3694787
2022-01-23 04:00:00,4.3,0.3686576
2022-01-23 05:00:00,4.4,0.3691931
2022-01-23 06:00:00,4.4,0.3557937
2022-01-23 07:00:00,4.4,0.3608155
2022-01-23 08:00:00,4.5,0.3756667
2022-01-23 09:00:00,4.8,0.3880189
2022-01-23 10:00:00,5.3,0.3880546
2022-01-23 11:00:00,5.6,0.3886853
2022-01-23 12:00:00,5.9,0.3881379
2022-01-23 13:00:00,6.3,0.3772851
2022-01-23 14:00:00,6.2,0.3751431
2022-01-23 15:00:00,6.3,0.3817
2022-01-23 16:00:00,6.1,0.38646
2022-01-23 17:00:00,5.9,0.4113905
2022-01-23 18:00:00,5.8,0.4405931
2022-01-23 19:00:00,5.6,0.4447343
2022-01-23 20:00:00,5.3,0.4233024
2022-01-23 21:00:00,5.1,0.3993596
2022-01-23 22:00:00,5.1,0.39479
2022-01-23 23:00:00,5.0,0.3697643
2022-01-24 00:00:00,4.8,0.3737627
2022-01-24 01:00:00,4.8,0.3693359
2022-01-24 02:00:00,4.7,0.367777
2022-01-24 03:00:00,4.7,0.3667774
2022-01-24 04:00:00,4.5,0.3669559
2022-01-24 05:00:00,4.6,0.3787011999999999
2022-01-24 06:00:00,4.6,0.4235761
2022-01-24 07:00:00,4.5,0.47095
2022-01-24 08:00:00,4.7,0.5126238000000001
2022-01-24 09:00:00,4.9,0.5118741
2022-01-24 10:00:00,5.3,0.4838972
2022-01-24 11:00:00,5.7,0.4769
2022-01-24 12:00:00,5.6,0.4481496
2022-01-24 13:00:00,5.5,0.4412952
2022-01-24 14:00:00,5.4,0.44596
2022-01-24 15:00:00,5.3,0.4608231
2022-01-24 16:00:00,5.2,0.4811483
2022-01-24 17:00:00,4.9,0.5213822
2022-01-24 18:00:00,4.5,0.5624015
2022-01-24 19:00:00,4.1,0.5308189
2022-01-24 20:00:00,4.0,0.4828262
2022-01-24 21:00:00,3.8,0.4531
2022-01-24 22:00:00,4.1,0.4255039
2022-01-24 23:00:00,3.9,0.4018348
2022-01-25 00:00:00,3.9,0.4126162
2022-01-25 01:00:00,3.9,0.408951
2022-01-25 02:00:00,3.6,0.3980625
2022-01-25 03:00:00,3.4,0.3891256
2022-01-25 04:00:00,3.2,0.3923981
2022-01-25 05:00:00,3.0,0.4162457
2022-01-25 06:00:00,3.1,0.4887524
2022-01-25 07:00:00,3.1,0.5795256
2022-01-25 08:00:00,3.1,0.6314215000000001
2022-01-25 09:00:00,3.3,0.6304219
2022-01-25 10:00:00,3.4,0.5840000000000001
2022-01-25 11:00:00,3.3,0.569006
2022-01-25 12:00:00,3.6,0.5470148
2022-01-25 13:00:00,4.1,0.5185500000000001
2022-01-25 14:00:00,4.2,0.5245
2022-01-25 15:00:00,3.7,0.52807
2022-01-25 16:00:00,3.0,0.5348173
2022-01-25 17:00:00,3.0,0.5916517000000001
2022-01-25 18:00:00,3.1,0.6304814000000001
2022-01-25 19:00:00,3.1,0.6003625000000001
2022-01-25 20:00:00,3.0,0.5241192
2022-01-25 21:00:00,3.2,0.47095
2022-01-25 22:00:00,3.0,0.4422591
2022-01-25 23:00:00,2.9,0.4116523
2022-01-26 00:00:00,2.7,0.4049883
2022-01-26 01:00:00,2.8,0.4083084
2022-01-26 02:00:00,2.7,0.4119379
2022-01-26 03:00:00,2.5,0.4053691
2022-01-26 04:00:00,2.3,0.4044766
2022-01-26 05:00:00,2.2,0.4115571
2022-01-26 06:00:00,1.9,0.4413904
2022-01-26 07:00:00,1.7,0.5065071999999999
2022-01-26 08:00:00,1.3,0.5272608000000001
2022-01-26 09:00:00,1.4,0.5277011
2022-01-26 10:00:00,1.1,0.5126238000000001
2022-01-26 11:00:00,1.6,0.4919535
2022-01-26 12:00:00,1.8,0.4646192
2022-01-26 13:00:00,2.1,0.4430326
2022-01-26 14:00:00,2.0,0.4391056
2022-01-26 15:00:00,1.9,0.4373444
2022-01-26 16:00:00,2.0,0.4413309
2022-01-26 17:00:00,2.3,0.4746152
2022-01-26 18:00:00,2.4,0.4679274
2022-01-26 19:00:00,2.7,0.4226955
2022-01-26 20:00:00,3.0,0.4143417
2022-01-26 21:00:00,3.2,0.3594946
2022-01-26 22:00:00,3.2,0.3256986
2022-01-26 23:00:00,3.3,0.3011846
2022-01-27 00:00:00,3.6,0.3121921
2022-01-27 01:00:00,3.7,0.2924738
2022-01-27 02:00:00,3.7,0.2848935
2022-01-27 03:00:00,3.7,0.2757186
2022-01-27 04:00:00,3.5,0.2782414
2022-01-27 05:00:00,3.5,0.2865357
2022-01-27 06:00:00,3.5,0.2793957
2022-01-27 07:00:00,3.5,0.3207601
2022-01-27 08:00:00,3.7,0.3200937
2022-01-27 09:00:00,3.7,0.3088600999999999
2022-01-27 10:00:00,4.3,0.3088006
2022-01-27 11:00:00,4.9,0.307682
2022-01-27 12:00:00,5.4,0.3058256
2022-01-27 13:00:00,6.2,0.3171782
2022-01-27 14:00:00,6.7,0.3217954
2022-01-27 15:00:00,6.7,0.3206411
2022-01-27 16:00:00,6.1,0.3193202
2022-01-27 17:00:00,6.2,0.3235923
2022-01-27 18:00:00,4.1,0.3054924
2022-01-27 19:00:00,4.7,0.2921287
2022-01-27 20:00:00,4.8,0.2794076
2022-01-27 21:00:00,3.9,0.286619
2022-01-27 22:00:00,4.2,0.2760161
2022-01-27 23:00:00,4.1,0.2583089
2022-01-28 00:00:00,4.2,0.2532157
2022-01-28 01:00:00,4.1,0.2555957
2022-01-28 02:00:00,4.2,0.2526921
2022-01-28 03:00:00,3.9,0.2475394
2022-01-28 04:00:00,3.8,0.275433
2022-01-28 05:00:00,3.7,0.2754211
2022-01-28 06:00:00,2.8,0.3004111
2022-01-28 07:00:00,3.3,0.3641951
2022-01-28 08:00:00,3.3,0.3771423
2022-01-28 09:00:00,4.2,0.3912795
2022-01-28 10:00:00,4.7,0.3827948
2022-01-28 11:00:00,5.9,0.4174833
2022-01-28 12:00:00,5.9,0.4111406
2022-01-28 13:00:00,6.2,0.431204
2022-01-28 14:00:00,5.9,0.4336673
2022-01-28 15:00:00,5.9,0.4377252
2022-01-28 16:00:00,4.9,0.4387248
2022-01-28 17:00:00,3.5,0.465
2022-01-28 18:00:00,3.8,0.459764
2022-01-28 19:00:00,3.9,0.4202203
2022-01-28 20:00:00,3.6,0.4206606
2022-01-28 21:00:00,3.7,0.367182
2022-01-28 22:00:00,4.2,0.3328862
2022-01-28 23:00:00,4.9,0.3023984
2022-01-29 00:00:00,5.1,0.3105975
2022-01-29 01:00:00,5.4,0.2924619
2022-01-29 02:00:00,5.8,0.2813116
2022-01-29 03:00:00,5.4,0.2479083
2022-01-29 04:00:00,5.3,0.2079005
2022-01-29 05:00:00,5.5,0.2496933
2022-01-29 06:00:00,5.9,0.1947986
2022-01-29 07:00:00,6.3,0.2575116
2022-01-29 08:00:00,6.5,0.2569642
2022-01-29 09:00:00,6.8,0.2759447
2022-01-29 10:00:00,7.1,0.2609269
2022-01-29 11:00:00,7.6,0.2964008
2022-01-29 12:00:00,8.2,0.2758138
2022-01-29 13:00:00,8.4,0.2575116
2022-01-29 14:00:00,9.2,0.2812521
2022-01-29 15:00:00,9.3,0.2746119
2022-01-29 16:00:00,9.4,0.2842866
2022-01-29 17:00:00,9.9,0.2969125
2022-01-29 18:00:00,9.3,0.3019938
2022-01-29 19:00:00,8.3,0.2760161
2022-01-29 20:00:00,8.0,0.2561193
2022-01-29 21:00:00,7.2,0.2170278
2022-01-29 22:00:00,7.1,0.2612839
2022-01-29 23:00:00,6.6,0.2503597
2022-01-30 00:00:00,6.2,0.158337
2022-01-30 01:00:00,5.7,0.1609431
2022-01-30 02:00:00,5.6,0.1675952
2022-01-30 03:00:00,5.5,0.1675119
2022-01-30 04:00:00,5.2,0.1676785
2022-01-30 05:00:00,4.8,0.1691303
2022-01-30 06:00:00,4.5,0.1600387
2022-01-30 07:00:00,4.0,0.1674405
2022-01-30 08:00:00,4.6,0.1687971
2022-01-30 09:00:00,5.4,0.1698562
2022-01-30 10:00:00,5.6,0.1687971
2022-01-30 11:00:00,6.0,0.1696182
2022-01-30 12:00:00,6.1,0.1675
2022-01-30 13:00:00,6.2,0.1675
2022-01-30 14:00:00,6.0,0.1695111
2022-01-30 15:00:00,5.8,0.1723076
2022-01-30 16:00:00,5.6,0.2270714
2022-01-30 17:00:00,4.9,0.3599706
2022-01-30 18:00:00,4.7,0.3437033
2022-01-30 19:00:00,4.3,0.3500103
2022-01-30 20:00:00,3.4,0.3435486
2022-01-30 21:00:00,3.1,0.3437747
2022-01-30 22:00:00,3.0,0.3459286
2022-01-30 23:00:00,3.2,0.3272099
2022-01-31 00:00:00,3.1,0.3009703999999999
2022-01-31 01:00:00,3.1,0.2867023
2022-01-31 02:00:00,3.1,0.280907
2022-01-31 03:00:00,3.1,0.2746
2022-01-31 04:00:00,3.2,0.2747547
2022-01-31 05:00:00,1.8,0.316726
2022-01-31 06:00:00,1.3,0.3759166
2022-01-31 07:00:00,0.3,0.4412
2022-01-31 08:00:00,1.5,0.4518148
2022-01-31 09:00:00,2.8,0.4553848
2022-01-31 10:00:00,4.0,0.4508152
2022-01-31 11:00:00,4.8,0.4452698
2022-01-31 12:00:00,5.1,0.4389509
2022-01-31 13:00:00,5.2,0.4192088
2022-01-31 14:00:00,3.7,0.4010732
2022-01-31 15:00:00,3.0,0.3837825
2022-01-31 16:00:00,2.4,0.3859126
2022-01-31 17:00:00,2.4,0.4419973
2022-01-31 18:00:00,2.3,0.4577767
2022-01-31 19:00:00,2.1,0.441676
2022-01-31 20:00:00,2.1,0.4311921
2022-01-31 21:00:00,2.1,0.4090224
2022-01-31 22:00:00,2.1,0.3959324
2022-01-31 23:00:00,2.1,0.3477968999999999
2022-02-01 00:00:00,2.2,0.3461785
2022-02-01 01:00:00,2.1,0.3395026
2022-02-01 02:00:00,2.6,0.3415256
2022-02-01 03:00:00,2.0,0.3402522999999999
2022-02-01 04:00:00,2.2,0.3521047
2022-02-01 05:00:00,2.1,0.3495819
2022-02-01 06:00:00,1.9,0.4009185
2022-02-01 07:00:00,2.3,0.4402123
2022-02-01 08:00:00,3.0,0.4456268
2022-02-01 09:00:00,3.5,0.40907
2022-02-01 10:00:00,4.1,0.4054286
2022-02-01 11:00:00,3.8,0.3612439
2022-02-01 12:00:00,4.1,0.326603
2022-02-01 13:00:00,4.8,0.3194511
2022-02-01 14:00:00,5.1,0.311371
2022-02-01 15:00:00,5.9,0.3060398
2022-02-01 16:00:00,6.8,0.303398
2022-02-01 17:00:00,7.2,0.3071703
2022-02-01 18:00:00,7.2,0.3102405
2022-02-01 19:00:00,5.5,0.3003397
2022-02-01 20:00:00,6.2,0.2758257
2022-02-01 21:00:00,6.8,0.2563454
2022-02-01 22:00:00,5.8,0.2562859
2022-02-01 23:00:00,6.1,0.2207406
2022-02-02 00:00:00,6.2,0.1978926
2022-02-02 01:00:00,6.0,0.1696896
2022-02-02 02:00:00,4.6,0.1675595
2022-02-02 03:00:00,4.8,0.1679284
2022-02-02 04:00:00,4.5,0.1794357
2022-02-02 05:00:00,4.3,0.2356989
2022-02-02 06:00:00,4.8,0.2805857
2022-02-02 07:00:00,4.8,0.3185348
2022-02-02 08:00:00,5.0,0.3342785
2022-02-02 09:00:00,5.3,0.3176065999999999
2022-02-02 10:00:00,5.6,0.315774
2022-02-02 11:00:00,6.0,0.3170949
2022-02-02 12:00:00,6.5,0.313989
2022-02-02 13:00:00,6.3,0.3209148
2022-02-02 14:00:00,6.0,0.3402047
2022-02-02 15:00:00,6.3,0.3853771
2022-02-02 16:00:00,3.6,0.3954207
2022-02-02 17:00:00,3.4,0.4388319
2022-02-02 18:00:00,3.1,0.473211
2022-02-02 19:00:00,2.2,0.47095
2022-02-02 20:00:00,1.2,0.43763
2022-02-02 21:00:00,2.3,0.3977293
2022-02-02 22:00:00,1.9,0.3878999
2022-02-02 23:00:00,2.7,0.3748694
2022-02-03 00:00:00,2.8,0.3424062
2022-02-03 01:00:00,3.3,0.3448814
2022-02-03 02:00:00,3.2,0.3452027
2022-02-03 03:00:00,3.6,0.3430964
2022-02-03 04:00:00,4.2,0.3445839
2022-02-03 05:00:00,4.9,0.3494748
2022-02-03 06:00:00,5.6,0.3842822999999999
2022-02-03 07:00:00,6.7,0.4053929
2022-02-03 08:00:00,7.1,0.4256943
2022-02-03 09:00:00,7.4,0.4213627
2022-02-03 10:00:00,7.8,0.4093794
2022-02-03 11:00:00,7.6,0.40431
2022-02-03 12:00:00,7.4,0.3874715
2022-02-03 13:00:00,7.3,0.3834374
2022-02-03 14:00:00,7.5,0.3899943
2022-02-03 15:00:00,7.3,0.4051073
2022-02-03 16:00:00,7.2,0.4026559
2022-02-03 17:00:00,6.9,0.4223385
2022-02-03 18:00:00,6.6,0.4385582
2022-02-03 19:00:00,6.3,0.4233024
2022-02-03 20:00:00,6.1,0.4049407
2022-02-03 21:00:00,6.1,0.3779158
2022-02-03 22:00:00,6.0,0.3784156000000001
2022-02-03 23:00:00,6.0,0.3282095
2022-02-04 00:00:00,6.0,0.3206649
2022-02-04 01:00:00,6.1,0.30792
2022-02-04 02:00:00,6.2,0.3057423
2022-02-04 03:00:00,6.3,0.3075511
2022-02-04 04:00:00,6.3,0.3034813
2022-02-04 05:00:00,6.3,0.2988403
2022-02-04 06:00:00,6.6,0.3358255
2022-02-04 07:00:00,6.6,0.3845917
2022-02-04 08:00:00,6.9,0.4163528
2022-02-04 09:00:00,7.3,0.3574954
2022-02-04 10:00:00,7.6,0.3139295
2022-02-04 11:00:00,8.4,0.31387
2022-02-04 12:00:00,8.9,0.3115375999999999
2022-02-04 13:00:00,8.5,0.2990783
2022-02-04 14:00:00,8.2,0.2953655
2022-02-04 15:00:00,8.7,0.2957939
2022-02-04 16:00:00,8.1,0.2972576
2022-02-04 17:00:00,7.7,0.3084436
2022-02-04 18:00:00,6.9,0.3356232
2022-02-04 19:00:00,3.0,0.2975313
2022-02-04 20:00:00,2.2,0.2827634
2022-02-04 21:00:00,2.9,0.2843699
2022-02-04 22:00:00,3.4,0.2812283
2022-02-04 23:00:00,3.4,0.2595822
2022-02-05 00:00:00,3.6,0.2733624
2022-02-05 01:00:00,3.8,0.2612839
2022-02-05 02:00:00,3.5,0.2336164
2022-02-05 03:00:00,4.0,0.2150762
2022-02-05 04:00:00,4.0,0.2241321
2022-02-05 05:00:00,3.9,0.2307009
2022-02-05 06:00:00,3.7,0.2566905
2022-02-05 07:00:00,3.6,0.2919383
2022-02-05 08:00:00,3.5,0.2934972
2022-02-05 09:00:00,3.2,0.3164166
2022-02-05 10:00:00,4.6,0.2775869
2022-02-05 11:00:00,4.9,0.2916646
2022-02-05 12:00:00,5.3,0.2612363
2022-02-05 13:00:00,5.8,0.2440408
2022-02-05 14:00:00,5.6,0.2377457
2022-02-05 15:00:00,5.6,0.2601058
2022-02-05 16:00:00,5.5,0.2985428
2022-02-05 17:00:00,5.5,0.334814
2022-02-05 18:00:00,5.5,0.330054
2022-02-05 19:00:00,5.7,0.2934734
2022-02-05 20:00:00,6.0,0.2818828
2022-02-05 21:00:00,6.4,0.2030453
2022-02-05 22:00:00,6.5,0.1936562
2022-02-05 23:00:00,6.3,0.1686662
2022-02-06 00:00:00,6.0,0.1679284
2022-02-06 01:00:00,5.6,0.1665837
2022-02-06 02:00:00,5.9,0.162502
2022-02-06 03:00:00,5.7,0.1558023
2022-02-06 04:00:00,6.3,0.1572422
2022-02-06 05:00:00,6.4,0.1644655
2022-02-06 06:00:00,6.6,0.1557428
2022-02-06 07:00:00,6.7,0.160598
2022-02-06 08:00:00,7.0,0.1684996
2022-02-06 09:00:00,7.5,0.1703084
2022-02-06 10:00:00,7.8,0.1719625
2022-02-06 11:00:00,7.6,0.1802092
2022-02-06 12:00:00,7.3,0.256988
2022-02-06 13:00:00,6.5,0.2629737
2022-02-06 14:00:00,5.5,0.2389595
2022-02-06 15:00:00,4.2,0.2389238
2022-02-06 16:00:00,5.3,0.2685667
2022-02-06 17:00:00,5.4,0.2942588
2022-02-06 18:00:00,5.6,0.30435
2022-02-06 19:00:00,4.5,0.296853
2022-02-06 20:00:00,3.6,0.2770395
2022-02-06 21:00:00,3.4,0.2631165
2022-02-06 22:00:00,3.3,0.2894393
2022-02-06 23:00:00,2.4,0.2686024
2022-02-07 00:00:00,2.3,0.1794476
2022-02-07 01:00:00,2.1,0.1745329
2022-02-07 02:00:00,1.4,0.1725813
2022-02-07 03:00:00,2.1,0.1675952
2022-02-07 04:00:00,2.2,0.172022
2022-02-07 05:00:00,2.9,0.18059
2022-02-07 06:00:00,3.0,0.228071
2022-02-07 07:00:00,3.4,0.3080033
2022-02-07 08:00:00,3.6,0.3105023
2022-02-07 09:00:00,2.6,0.3070394
2022-02-07 10:00:00,4.6,0.26865
2022-02-07 11:00:00,5.5,0.2686024
2022-02-07 12:00:00,6.2,0.2394117
2022-02-07 13:00:00,4.5,0.1922877
2022-02-07 14:00:00,5.2,0.1818395
2022-02-07 15:00:00,4.4,0.2508476
2022-02-07 16:00:00,4.1,0.2842152
2022-02-07 17:00:00,4.2,0.3326006
2022-02-07 18:00:00,3.5,0.3578286
2022-02-07 19:00:00,3.2,0.346119
2022-02-07 20:00:00,3.6,0.3400619
2022-02-07 21:00:00,3.9,0.3098716
2022-02-07 22:00:00,4.3,0.3021604
2022-02-07 23:00:00,4.3,0.2778606
2022-02-08 00:00:00,4.4,0.3007324
2022-02-08 01:00:00,4.8,0.2889752
2022-02-08 02:00:00,5.0,0.2839534
2022-02-08 03:00:00,5.1,0.2805143
2022-02-08 04:00:00,5.1,0.2795028
2022-02-08 05:00:00,5.2,0.2856908
2022-02-08 06:00:00,5.8,0.3151195
2022-02-08 07:00:00,6.3,0.3085626
2022-02-08 08:00:00,6.8,0.3295304
2022-02-08 09:00:00,7.6,0.3116447
2022-02-08 10:00:00,8.5,0.2984714
2022-02-08 11:00:00,8.8,0.3047665
2022-02-08 12:00:00,9.3,0.3009466
2022-02-08 13:00:00,9.6,0.2976979
2022-02-08 14:00:00,9.0,0.3031005
2022-02-08 15:00:00,8.8,0.33291
2022-02-08 16:00:00,9.0,0.3483086
2022-02-08 17:00:00,8.9,0.3900061999999999
2022-02-08 18:00:00,8.8,0.4049764
2022-02-08 19:00:00,8.6,0.3935405
2022-02-08 20:00:00,8.8,0.3732986
2022-02-08 21:00:00,8.9,0.3219858
2022-02-08 22:00:00,8.4,0.3135249
2022-02-08 23:00:00,8.4,0.3024341
2022-02-09 00:00:00,8.8,0.2925452
2022-02-09 01:00:00,9.2,0.2922953
2022-02-09 02:00:00,9.1,0.2969601
2022-02-09 03:00:00,9.0,0.2860002
2022-02-09 04:00:00,9.0,0.2947705
2022-02-09 05:00:00,8.8,0.2976146
2022-02-09 06:00:00,8.8,0.3214622
2022-02-09 07:00:00,8.6,0.3664204
2022-02-09 08:00:00,8.8,0.3705616
2022-02-09 09:00:00,7.9,0.369205
2022-02-09 10:00:00,8.4,0.3068014
2022-02-09 11:00:00,8.6,0.3007919
2022-02-09 12:00:00,9.0,0.3023865
2022-02-09 13:00:00,9.1,0.3185229
2022-02-09 14:00:00,9.6,0.3334098
2022-02-09 15:00:00,9.4,0.3697048
2022-02-09 16:00:00,9.2,0.3816405
2022-02-09 17:00:00,9.1,0.41621
2022-02-09 18:00:00,9.0,0.4520528
2022-02-09 19:00:00,9.0,0.4617632
2022-02-09 20:00:00,8.8,0.4314301
2022-02-09 21:00:00,8.6,0.4124139
2022-02-09 22:00:00,8.7,0.4076301
2022-02-09 23:00:00,8.4,0.389673
2022-02-10 00:00:00,8.3,0.3941474
2022-02-10 01:00:00,8.3,0.3848059
2022-02-10 02:00:00,8.2,0.375869
2022-02-10 03:00:00,8.2,0.3605537
2022-02-10 04:00:00,8.2,0.3613629
2022-02-10 05:00:00,8.0,0.3637072
2022-02-10 06:00:00,7.9,0.3979673
2022-02-10 07:00:00,7.9,0.4334174
2022-02-10 08:00:00,7.8,0.4415808
2022-02-10 09:00:00,8.1,0.4240164
2022-02-10 10:00:00,7.3,0.3935881
2022-02-10 11:00:00,6.6,0.3860673
2022-02-10 12:00:00,6.5,0.3578643
2022-02-10 13:00:00,7.2,0.355401
2022-02-10 14:00:00,6.7,0.3654565
2022-02-10 15:00:00,6.8,0.3752145
2022-02-10 16:00:00,6.5,0.3888162
2022-02-10 17:00:00,6.3,0.4123663
2022-02-10 18:00:00,6.3,0.4288002
2022-02-10 19:00:00,5.9,0.4084631
2022-02-10 20:00:00,5.6,0.3784632
2022-02-10 21:00:00,5.2,0.3690503
2022-02-10 22:00:00,4.5,0.3661229
2022-02-10 23:00:00,4.2,0.3182254
2022-02-11 00:00:00,4.2,0.3698119
2022-02-11 01:00:00,3.9,0.3659087
2022-02-11 02:00:00,3.9,0.3565553
2022-02-11 03:00:00,4.0,0.3508671
2022-02-11 04:00:00,2.7,0.35195
2022-02-11 05:00:00,2.8,0.359447
2022-02-11 06:00:00,3.3,0.3899705
2022-02-11 07:00:00,3.5,0.4191374
2022-02-11 08:00:00,3.8,0.4195182
2022-02-11 09:00:00,4.0,0.3692407
2022-02-11 10:00:00,4.2,0.3357184000000001
2022-02-11 11:00:00,4.7,0.3162738
2022-02-11 12:00:00,5.0,0.3083365
2022-02-11 13:00:00,4.1,0.3146792
2022-02-11 14:00:00,4.1,0.3229259
2022-02-11 15:00:00,4.0,0.3556985
2022-02-11 16:00:00,3.9,0.3839848
2022-02-11 17:00:00,2.5,0.4180783
2022-02-11 18:00:00,1.8,0.4451865
2022-02-11 19:00:00,-0.8,0.4426042
2022-02-11 20:00:00,-0.4,0.4189589
2022-02-11 21:00:00,-0.1,0.4092247
2022-02-11 22:00:00,-0.1,0.4001212
2022-02-11 23:00:00,-1.0,0.381819
2022-02-12 00:00:00,-1.3,0.3887329
2022-02-12 01:00:00,-1.5,0.378368
2022-02-12 02:00:00,-2.2,0.3756191
2022-02-12 03:00:00,-2.3,0.3581856
2022-02-12 04:00:00,-1.8,0.35314
2022-02-12 05:00:00,-1.7,0.3489155
2022-02-12 06:00:00,-2.0,0.3467616
2022-02-12 07:00:00,-1.7,0.3490464
2022-02-12 08:00:00,0.1,0.3427156
2022-02-12 09:00:00,1.8,0.300542
2022-02-12 10:00:00,3.2,0.2933544
2022-02-12 11:00:00,3.7,0.2999113
2022-02-12 12:00:00,4.1,0.2715893
2022-02-12 13:00:00,4.9,0.2592728
2022-02-12 14:00:00,5.6,0.2624977
2022-02-12 15:00:00,5.6,0.2946515
2022-02-12 16:00:00,4.8,0.3597564
2022-02-12 17:00:00,3.5,0.3875191
2022-02-12 18:00:00,2.9,0.383842
2022-02-12 19:00:00,2.8,0.3232472
2022-02-12 20:00:00,2.5,0.2997328
2022-02-12 21:00:00,2.6,0.2802406
2022-02-12 22:00:00,2.9,0.2856551
2022-02-12 23:00:00,2.8,0.276623
2022-02-13 00:00:00,2.6,0.2604033
2022-02-13 01:00:00,2.5,0.2729935
2022-02-13 02:00:00,1.9,0.2743382
2022-02-13 03:00:00,1.7,0.2735766
2022-02-13 04:00:00,0.8,0.2796218
2022-02-13 05:00:00,1.5,0.2744929
2022-02-13 06:00:00,0.2,0.2674481
2022-02-13 07:00:00,0.1,0.2609745
2022-02-13 08:00:00,1.8,0.2603914
2022-02-13 09:00:00,3.2,0.227
2022-02-13 10:00:00,4.7,0.2425057
2022-02-13 11:00:00,5.7,0.2356037
2022-02-13 12:00:00,6.3,0.1913952
2022-02-13 13:00:00,7.7,0.2070675
2022-02-13 14:00:00,8.3,0.2152428
2022-02-13 15:00:00,8.3,0.2529182
2022-02-13 16:00:00,7.7,0.2656393
2022-02-13 17:00:00,7.1,0.2932949
2022-02-13 18:00:00,6.9,0.2973409
2022-02-13 19:00:00,6.9,0.2654727
2022-02-13 20:00:00,8.1,0.2593442
2022-02-13 21:00:00,8.3,0.2524541
2022-02-13 22:00:00,8.5,0.2610221
2022-02-13 23:00:00,8.6,0.2308437
2022-02-14 00:00:00,9.0,0.2109945
2022-02-14 01:00:00,9.3,0.1714627
2022-02-14 02:00:00,9.0,0.1709986
2022-02-14 03:00:00,8.9,0.1719982
2022-02-14 04:00:00,8.4,0.1975475
2022-02-14 05:00:00,8.2,0.2602129
2022-02-14 06:00:00,7.9,0.2796575
2022-02-14 07:00:00,8.0,0.2950561
2022-02-14 08:00:00,8.9,0.2949609
2022-02-14 09:00:00,9.4,0.2729102
2022-02-14 10:00:00,11.0,0.2685429
2022-02-14 11:00:00,11.4,0.2697091
2022-02-14 12:00:00,12.5,0.2728388
2022-02-14 13:00:00,12.3,0.2795742
2022-02-14 14:00:00,12.4,0.2829419
2022-02-14 15:00:00,11.2,0.2918669
2022-02-14 16:00:00,10.1,0.3275788
2022-02-14 17:00:00,9.1,0.3752502
2022-02-14 18:00:00,8.6,0.3901847
2022-02-14 19:00:00,8.4,0.354687
2022-02-14 20:00:00,8.0,0.3322436
2022-02-14 21:00:00,7.8,0.2930331
2022-02-14 22:00:00,7.3,0.3020295
2022-02-14 23:00:00,7.4,0.2876186
2022-02-15 00:00:00,7.0,0.2896892
2022-02-15 01:00:00,7.0,0.2922358
2022-02-15 02:00:00,6.3,0.289237
2022-02-15 03:00:00,6.1,0.2963532
2022-02-15 04:00:00,6.4,0.3065634
2022-02-15 05:00:00,6.5,0.3373368
2022-02-15 06:00:00,6.6,0.398598
2022-02-15 07:00:00,6.6,0.4341314
2022-02-15 08:00:00,6.7,0.4531714
2022-02-15 09:00:00,6.9,0.4412
2022-02-15 10:00:00,7.7,0.4179117
2022-02-15 11:00:00,7.6,0.3924457
2022-02-15 12:00:00,7.6,0.3728464
2022-02-15 13:00:00,8.4,0.3351115
2022-02-15 14:00:00,8.8,0.3332432
2022-02-15 15:00:00,8.6,0.3427513
2022-02-15 16:00:00,7.5,0.3284594
2022-02-15 17:00:00,6.7,0.3617437
2022-02-15 18:00:00,6.4,0.3630051
2022-02-15 19:00:00,6.7,0.2927832
2022-02-15 20:00:00,7.4,0.2809189
2022-02-15 21:00:00,6.8,0.2644969
2022-02-15 22:00:00,6.4,0.2768729
2022-02-15 23:00:00,6.4,0.2602129
2022-02-16 00:00:00,6.5,0.2682692
2022-02-16 01:00:00,6.9,0.2674243
2022-02-16 02:00:00,7.2,0.2739455
2022-02-16 03:00:00,7.3,0.2825373
2022-02-16 04:00:00,6.9,0.278884
2022-02-16 05:00:00,6.4,0.286976
2022-02-16 06:00:00,6.3,0.3150838
2022-02-16 07:00:00,6.7,0.375393
2022-02-16 08:00:00,6.7,0.3874477
2022-02-16 09:00:00,7.4,0.3632788
2022-02-16 10:00:00,7.9,0.3196296
2022-02-16 11:00:00,9.3,0.3174876
2022-02-16 12:00:00,10.4,0.2962818
2022-02-16 13:00:00,10.6,0.288166
2022-02-16 14:00:00,10.6,0.2813235
2022-02-16 15:00:00,10.8,0.2717083
2022-02-16 16:00:00,11.4,0.2735409
2022-02-16 17:00:00,11.9,0.2874044
2022-02-16 18:00:00,11.9,0.2967459
2022-02-16 19:00:00,11.8,0.2960081
2022-02-16 20:00:00,11.4,0.278051
2022-02-16 21:00:00,12.1,0.2686619
2022-02-16 22:00:00,12.6,0.2686619
2022-02-16 23:00:00,13.2,0.2438028
2022-02-17 00:00:00,12.2,0.1769248
2022-02-17 01:00:00,10.4,0.1734976
2022-02-17 02:00:00,11.2,0.1734738
2022-02-17 03:00:00,10.5,0.1722243
2022-02-17 04:00:00,9.1,0.1734976
2022-02-17 05:00:00,9.3,0.1948938
2022-02-17 06:00:00,8.8,0.2638067
2022-02-17 07:00:00,8.7,0.3022318
2022-02-17 08:00:00,8.4,0.2832037
2022-02-17 09:00:00,8.6,0.2776345
2022-02-17 10:00:00,6.5,0.2687214
2022-02-17 11:00:00,8.8,0.2477893
2022-02-17 12:00:00,8.2,0.2330214
2022-02-17 13:00:00,9.3,0.1984162
2022-02-17 14:00:00,8.5,0.2063892
2022-02-17 15:00:00,8.0,0.235687
2022-02-17 16:00:00,6.7,0.2580352
2022-02-17 17:00:00,6.3,0.2851077
2022-02-17 18:00:00,5.7,0.2872497
2022-02-17 19:00:00,6.1,0.2764326
2022-02-17 20:00:00,6.7,0.259011
2022-02-17 21:00:00,6.2,0.2585112
2022-02-17 22:00:00,5.8,0.258297
2022-02-17 23:00:00,5.4,0.2306176
2022-02-18 00:00:00,5.7,0.2406255
2022-02-18 01:00:00,4.7,0.2300583
2022-02-18 02:00:00,5.0,0.2445644
2022-02-18 03:00:00,4.8,0.2566548
2022-02-18 04:00:00,4.8,0.2688761
2022-02-18 05:00:00,5.2,0.2973171
2022-02-18 06:00:00,5.3,0.3233781
2022-02-18 07:00:00,5.7,0.3758095
2022-02-18 08:00:00,5.8,0.3808432
2022-02-18 09:00:00,6.4,0.3617556
2022-02-18 10:00:00,6.9,0.3341
2022-02-18 11:00:00,6.4,0.3114781
2022-02-18 12:00:00,8.1,0.3021723
2022-02-18 13:00:00,8.9,0.2827039
2022-02-18 14:00:00,10.3,0.2744691
2022-02-18 15:00:00,11.0,0.2737194
2022-02-18 16:00:00,11.3,0.2715298
2022-02-18 17:00:00,9.9,0.2910696
2022-02-18 18:00:00,10.2,0.311371
2022-02-18 19:00:00,9.6,0.3227831
2022-02-18 20:00:00,7.4,0.2934853
2022-02-18 21:00:00,6.5,0.2862025
2022-02-18 22:00:00,6.4,0.2932354
2022-02-18 23:00:00,7.1,0.2656274
2022-02-19 00:00:00,7.3,0.2433387
2022-02-19 01:00:00,6.9,0.2202408
2022-02-19 02:00:00,6.2,0.1753897
2022-02-19 03:00:00,5.2,0.1727122
2022-02-19 04:00:00,4.6,0.1686424
2022-02-19 05:00:00,3.8,0.1663814
2022-02-19 06:00:00,3.8,0.155719
2022-02-19 07:00:00,4.3,0.1599078
2022-02-19 08:00:00,4.8,0.1668098
2022-02-19 09:00:00,5.3,0.1579086
2022-02-19 10:00:00,5.4,0.1556
2022-02-19 11:00:00,5.4,0.1555048
2022-02-19 12:00:00,6.4,0.1551835
2022-02-19 13:00:00,6.3,0.1549812
2022-02-19 14:00:00,6.6,0.1555048
2022-02-19 15:00:00,6.8,0.1556952
2022-02-19 16:00:00,6.3,0.1742711
2022-02-19 17:00:00,6.0,0.2745405
2022-02-19 18:00:00,6.0,0.3007443
2022-02-19 19:00:00,6.3,0.2896297
2022-02-19 20:00:00,5.3,0.2775988
2022-02-19 21:00:00,4.8,0.2768491
2022-02-19 22:00:00,3.9,0.2769681
2022-02-19 23:00:00,3.4,0.2757067
2022-02-20 00:00:00,3.5,0.2798122
2022-02-20 01:00:00,3.7,0.274481
2022-02-20 02:00:00,4.7,0.2730649
2022-02-20 03:00:00,5.0,0.2650919
2022-02-20 04:00:00,4.9,0.2609507
2022-02-20 05:00:00,3.9,0.2593323
2022-02-20 06:00:00,3.5,0.2508
2022-02-20 07:00:00,3.6,0.2508952
2022-02-20 08:00:00,4.4,0.2606532
2022-02-20 09:00:00,4.1,0.2687214
2022-02-20 10:00:00,4.5,0.2724818
2022-02-20 11:00:00,6.4,0.2687571
2022-02-20 12:00:00,7.8,0.2604985
2022-02-20 13:00:00,9.1,0.217242
2022-02-20 14:00:00,9.3,0.2069009
2022-02-20 15:00:00,9.7,0.1808756
2022-02-20 16:00:00,9.8,0.1812564
2022-02-20 17:00:00,9.4,0.2307604
2022-02-20 18:00:00,9.3,0.2471467
2022-02-20 19:00:00,9.3,0.2166232
2022-02-20 20:00:00,9.5,0.1794238
2022-02-20 21:00:00,9.7,0.1739141
2022-02-20 22:00:00,10.1,0.2032714
2022-02-20 23:00:00,10.5,0.1729978
2022-02-21 00:00:00,10.3,0.1683687
2022-02-21 01:00:00,6.9,0.1645012
2022-02-21 02:00:00,6.4,0.1623949
2022-02-21 03:00:00,5.6,0.1573017
2022-02-21 04:00:00,4.5,0.164644
2022-02-21 05:00:00,4.6,0.1727003
2022-02-21 06:00:00,3.3,0.1791025
2022-02-21 07:00:00,2.8,0.2825611
2022-02-21 08:00:00,3.9,0.2865714
2022-02-21 09:00:00,4.7,0.2606532
2022-02-21 10:00:00,5.2,0.2335569
2022-02-21 11:00:00,5.3,0.2486818
2022-02-21 12:00:00,4.6,0.2651038
2022-02-21 13:00:00,3.6,0.274481
2022-02-21 14:00:00,4.2,0.2804548
2022-02-21 15:00:00,4.8,0.2850363
2022-02-21 16:00:00,4.3,0.2787174
2022-02-21 17:00:00,5.0,0.2957582
2022-02-21 18:00:00,4.7,0.3169521
2022-02-21 19:00:00,4.5,0.3027197
2022-02-21 20:00:00,4.9,0.2873449
2022-02-21 21:00:00,5.3,0.27698
2022-02-21 22:00:00,5.5,0.2779677
2022-02-21 23:00:00,5.5,0.2657345
2022-02-22 00:00:00,4.7,0.2626881
2022-02-22 01:00:00,4.5,0.2533466
2022-02-22 02:00:00,4.5,0.2512046
2022-02-22 03:00:00,4.4,0.250681
2022-02-22 04:00:00,3.5,0.2605104
2022-02-22 05:00:00,3.3,0.2690784
2022-02-22 06:00:00,2.9,0.2958534
2022-02-22 07:00:00,3.0,0.3766782
2022-02-22 08:00:00,4.0,0.4073921
2022-02-22 09:00:00,5.0,0.3701213
2022-02-22 10:00:00,5.6,0.3270552
2022-02-22 11:00:00,6.6,0.3162976
2022-02-22 12:00:00,6.8,0.2998875
2022-02-22 13:00:00,7.2,0.2956154
2022-02-22 14:00:00,7.6,0.2970553
2022-02-22 15:00:00,6.1,0.3046951
2022-02-22 16:00:00,6.5,0.318273
2022-02-22 17:00:00,7.3,0.3402999
2022-02-22 18:00:00,7.7,0.3491178
2022-02-22 19:00:00,8.2,0.3168331
2022-02-22 20:00:00,8.0,0.2848578
2022-02-22 21:00:00,6.4,0.2752426
2022-02-22 22:00:00,6.2,0.2745881
2022-02-22 23:00:00,5.8,0.2568452
2022-02-23 00:00:00,5.3,0.2529301
2022-02-23 01:00:00,5.0,0.2495624
2022-02-23 02:00:00,5.2,0.2535132
2022-02-23 03:00:00,4.8,0.2607246
2022-02-23 04:00:00,4.7,0.2714108
2022-02-23 05:00:00,4.3,0.276623
2022-02-23 06:00:00,4.1,0.2964484
2022-02-23 07:00:00,4.2,0.3311726
2022-02-23 08:00:00,4.9,0.3400857
2022-02-23 09:00:00,6.2,0.3060636
2022-02-23 10:00:00,7.3,0.2858217
2022-02-23 11:00:00,8.4,0.2787769
2022-02-23 12:00:00,9.0,0.262581
2022-02-23 13:00:00,9.2,0.262581
2022-02-23 14:00:00,9.3,0.275671
2022-02-23 15:00:00,9.8,0.2858931
2022-02-23 16:00:00,9.4,0.349332
2022-02-23 17:00:00,8.1,0.4004068
2022-02-23 18:00:00,6.9,0.4293
2022-02-23 19:00:00,6.5,0.4374634
2022-02-23 20:00:00,6.3,0.3781776
2022-02-23 21:00:00,6.7,0.351474
2022-02-23 22:00:00,6.8,0.3300778
2022-02-23 23:00:00,6.7,0.283644
2022-02-24 00:00:00,6.2,0.2925333
2022-02-24 01:00:00,7.1,0.2901176
2022-02-24 02:00:00,7.2,0.2868927
2022-02-24 03:00:00,7.1,0.2856551
2022-02-24 04:00:00,7.3,0.2893084
2022-02-24 05:00:00,7.3,0.2945563
2022-02-24 06:00:00,7.4,0.356115
2022-02-24 07:00:00,7.3,0.3754763
2022-02-24 08:00:00,7.5,0.346
2022-02-24 09:00:00,7.9,0.3190346
2022-02-24 10:00:00,8.4,0.2953893
2022-02-24 11:00:00,10.4,0.2898082
2022-02-24 12:00:00,11.0,0.2836202
2022-02-24 13:00:00,10.4,0.2805738
2022-02-24 14:00:00,10.0,0.280669
2022-02-24 15:00:00,9.9,0.289356
2022-02-24 16:00:00,9.8,0.2909387
2022-02-24 17:00:00,9.8,0.3300183
2022-02-24 18:00:00,3.9,0.3405022
2022-02-24 19:00:00,3.8,0.3159406
2022-02-24 20:00:00,3.7,0.2865833
2022-02-24 21:00:00,3.6,0.2799907
2022-02-24 22:00:00,2.9,0.2864405
2022-02-24 23:00:00,3.4,0.2728269
2022-02-25 00:00:00,3.0,0.2683882
2022-02-25 01:00:00,2.7,0.275076
2022-02-25 02:00:00,2.8,0.2730173
2022-02-25 03:00:00,2.4,0.2741359
2022-02-25 04:00:00,2.8,0.2748975
2022-02-25 05:00:00,3.3,0.2698162
2022-02-25 06:00:00,3.0,0.2948181
2022-02-25 07:00:00,2.8,0.3145007
2022-02-25 08:00:00,3.6,0.3043738
2022-02-25 09:00:00,4.0,0.2831204
2022-02-25 10:00:00,4.1,0.2726722
2022-02-25 11:00:00,4.2,0.2748975
2022-02-25 12:00:00,5.1,0.2626167
2022-02-25 13:00:00,5.7,0.2711133
2022-02-25 14:00:00,3.7,0.2670673
2022-02-25 15:00:00,4.5,0.2728388
2022-02-25 16:00:00,4.3,0.2978526
2022-02-25 17:00:00,3.6,0.3303753
2022-02-25 18:00:00,2.4,0.3817595
2022-02-25 19:00:00,2.3,0.3913033
2022-02-25 20:00:00,2.6,0.3468092
2022-02-25 21:00:00,2.6,0.3287926
2022-02-25 22:00:00,2.5,0.3164047
2022-02-25 23:00:00,2.7,0.3137391
2022-02-26 00:00:00,2.7,0.3342071
2022-02-26 01:00:00,3.2,0.337194
2022-02-26 02:00:00,3.2,0.3627195
2022-02-26 03:00:00,2.9,0.3792248
2022-02-26 04:00:00,1.7,0.3825211
2022-02-26 05:00:00,1.4,0.4378323
2022-02-26 06:00:00,0.8,0.4530762
2022-02-26 07:00:00,0.7,0.4691173999999999
2022-02-26 08:00:00,1.6,0.4835282999999999
2022-02-26 09:00:00,3.8,0.4737703
2022-02-26 10:00:00,5.0,0.4480425
2022-02-26 11:00:00,6.4,0.4090938
2022-02-26 12:00:00,7.2,0.3896016
2022-02-26 13:00:00,8.1,0.3685743
2022-02-26 14:00:00,8.3,0.3662776
2022-02-26 15:00:00,8.2,0.3905893
2022-02-26 16:00:00,8.0,0.4234452
2022-02-26 17:00:00,5.4,0.464881
2022-02-26 18:00:00,3.7,0.5114099999999999
2022-02-26 19:00:00,2.6,0.513433
2022-02-26 20:00:00,1.8,0.4863129
2022-02-26 21:00:00,1.1,0.436202
2022-02-26 22:00:00,-0.2,0.4437585
2022-02-26 23:00:00,-0.1,0.4079871
2022-02-27 00:00:00,-1.0,0.3884235
2022-02-27 01:00:00,-0.7,0.370633
2022-02-27 02:00:00,-2.0,0.3631836
2022-02-27 03:00:00,-2.0,0.3606489
2022-02-27 04:00:00,-2.2,0.363255
2022-02-27 05:00:00,-2.9,0.366349
2022-02-27 06:00:00,-2.7,0.3769995
2022-02-27 07:00:00,-1.9,0.3835326
2022-02-27 08:00:00,-0.2,0.3809503
2022-02-27 09:00:00,2.5,0.3623625
2022-02-27 10:00:00,5.0,0.3389433
2022-02-27 11:00:00,6.2,0.3278644
2022-02-27 12:00:00,7.7,0.2942707
2022-02-27 13:00:00,7.7,0.29126
2022-02-27 14:00:00,7.1,0.2884992
2022-02-27 15:00:00,7.5,0.3359326
2022-02-27 16:00:00,7.0,0.3652185
2022-02-27 17:00:00,5.9,0.429181
2022-02-27 18:00:00,5.0,0.4837544
2022-02-27 19:00:00,4.5,0.482255
2022-02-27 20:00:00,3.7,0.418233
2022-02-27 21:00:00,3.3,0.390982
2022-02-27 22:00:00,2.4,0.3909582
2022-02-27 23:00:00,0.8,0.3902918
2022-02-28 00:00:00,-0.3,0.3666941
2022-02-28 01:00:00,0.5,0.3627314
2022-02-28 02:00:00,0.5,0.3764283
2022-02-28 03:00:00,0.2,0.3677294
2022-02-28 04:00:00,-1.5,0.39003
2022-02-28 05:00:00,-1.8,0.41383
2022-02-28 06:00:00,-2.1,0.4947143
2022-02-28 07:00:00,-2.1,0.539851
2022-02-28 08:00:00,0.3,0.523191
2022-02-28 09:00:00,0.7,0.4736870000000001
2022-02-28 10:00:00,2.2,0.3505458
2022-02-28 11:00:00,1.9,0.3288045
2022-02-28 12:00:00,3.5,0.3187371
2022-02-28 13:00:00,5.0,0.316726
2022-02-28 14:00:00,6.0,0.3235923
2022-02-28 15:00:00,5.9,0.3915056
2022-02-28 16:00:00,4.8,0.4576101
2022-02-28 17:00:00,3.2,0.4894663999999999
2022-02-28 18:00:00,2.3,0.5126
2022-02-28 19:00:00,1.4,0.4914061
2022-02-28 20:00:00,1.5,0.4023108
2022-02-28 21:00:00,1.8,0.3189156
2022-02-28 22:00:00,1.4,0.349927
2022-02-28 23:00:00,1.2,0.3223071
2022-03-01 00:00:00,0.6,0.3259723
2022-03-01 01:00:00,0.3,0.3259485
2022-03-01 02:00:00,-0.4,0.3337906
2022-03-01 03:00:00,-0.6,0.350165
2022-03-01 04:00:00,-0.8,0.3616485
2022-03-01 05:00:00,-1.4,0.3864957
2022-03-01 06:00:00,-0.5,0.4745676
2022-03-01 07:00:00,0.5,0.4968087
2022-03-01 08:00:00,2.0,0.4946429
2022-03-01 09:00:00,4.2,0.4145202
2022-03-01 10:00:00,4.9,0.3690027
2022-03-01 11:00:00,5.7,0.4201727
2022-03-01 12:00:00,7.1,0.4174
2022-03-01 13:00:00,7.9,0.419185
2022-03-01 14:00:00,9.0,0.4352738
2022-03-01 15:00:00,8.6,0.4664756
2022-03-01 16:00:00,8.1,0.492608
2022-03-01 17:00:00,6.9,0.5314852999999999
2022-03-01 18:00:00,5.8,0.5872725000000001
2022-03-01 19:00:00,5.4,0.5769909
2022-03-01 20:00:00,4.5,0.5314852999999999
2022-03-01 21:00:00,3.4,0.49594
2022-03-01 22:00:00,2.6,0.4732586
2022-03-01 23:00:00,2.5,0.4477093
2022-03-02 00:00:00,2.2,0.4543376
2022-03-02 01:00:00,1.7,0.4512317
2022-03-02 02:00:00,1.7,0.4436514
2022-03-02 03:00:00,1.2,0.4330366
2022-03-02 04:00:00,0.5,0.4336078
2022-03-02 05:00:00,0.2,0.4531
2022-03-02 06:00:00,0.4,0.5025445000000001
2022-03-02 07:00:00,-0.3,0.5471933
2022-03-02 08:00:00,0.7,0.5567371000000001
2022-03-02 09:00:00,2.8,0.5103390000000001
2022-03-02 10:00:00,4.3,0.4743415
2022-03-02 11:00:00,7.0,0.4625605
2022-03-02 12:00:00,7.7,0.4481257999999999
2022-03-02 13:00:00,8.1,0.4352381
2022-03-02 14:00:00,8.5,0.4367851
2022-03-02 15:00:00,8.4,0.4526954
2022-03-02 16:00:00,7.9,0.4799702
2022-03-02 17:00:00,5.8,0.5323064
2022-03-02 18:00:00,4.6,0.6135477
2022-03-02 19:00:00,3.3,0.61375
2022-03-02 20:00:00,1.1,0.5376970999999999
2022-03-02 21:00:00,0.3,0.4988793
2022-03-02 22:00:00,0.6,0.4718781999999999
2022-03-02 23:00:00,0.1,0.4526954
2022-03-03 00:00:00,-0.8,0.5496804
2022-03-03 01:00:00,-1.1,0.5394106999999999
2022-03-03 02:00:00,-1.9,0.53164
2022-03-03 03:00:00,-2.0,0.5209419
2022-03-03 04:00:00,-2.8,0.5212870000000001
2022-03-03 05:00:00,-3.2,0.5510013
2022-03-03 06:00:00,-3.6,0.5975779000000001
2022-03-03 07:00:00,-3.0,0.6375500000000001
2022-03-03 08:00:00,-0.6,0.6316
2022-03-03 09:00:00,1.2,0.5839524
2022-03-03 10:00:00,3.9,0.5063644
2022-03-03 11:00:00,5.7,0.4851586
2022-03-03 12:00:00,6.9,0.4721876
2022-03-03 13:00:00,7.9,0.4768048
2022-03-03 14:00:00,8.5,0.5042938
2022-03-03 15:00:00,8.0,0.5359001999999999
2022-03-03 16:00:00,5.2,0.5560707
2022-03-03 17:00:00,2.7,0.6298507
2022-03-03 18:00:00,0.8,0.6435
2022-03-03 19:00:00,1.0,0.6376095
2022-03-03 20:00:00,0.4,0.6197
2022-03-03 21:00:00,0.1,0.5721
2022-03-03 22:00:00,0.1,0.5529172
2022-03-03 23:00:00,-0.2,0.536281
2022-03-04 00:00:00,0.0,0.5733733000000001
2022-03-04 01:00:00,0.0,0.5680540000000001
2022-03-04 02:00:00,0.2,0.5475859999999999
2022-03-04 03:00:00,0.8,0.5174194999999999
2022-03-04 04:00:00,1.0,0.5304500000000001
2022-03-04 05:00:00,0.6,0.5709933
2022-03-04 06:00:00,0.3,0.629934
2022-03-04 07:00:00,0.3,0.6435
2022-03-04 08:00:00,0.9,0.6435595000000001
2022-03-04 09:00:00,1.3,0.6139403999999999
2022-03-04 10:00:00,1.8,0.5875105
2022-03-04 11:00:00,2.8,0.5718382
2022-03-04 12:00:00,2.9,0.5253211
2022-03-04 13:00:00,1.3,0.5032704000000001
2022-03-04 14:00:00,3.2,0.5214417
2022-03-04 15:00:00,3.1,0.5482404999999999
2022-03-04 16:00:00,3.3,0.5789663
2022-03-04 17:00:00,3.2,0.6089186
2022-03-04 18:00:00,3.2,0.6435
2022-03-04 19:00:00,2.9,0.6435
2022-03-04 20:00:00,2.9,0.6316952
2022-03-04 21:00:00,2.2,0.6099777
2022-03-04 22:00:00,2.1,0.5828933000000001
2022-03-04 23:00:00,0.5,0.5852018999999999
2022-03-05 00:00:00,-0.3,0.5886053
2022-03-05 01:00:00,-1.5,0.5840000000000001
2022-03-05 02:00:00,-1.7,0.5721
2022-03-05 03:00:00,-2.8,0.5483
2022-03-05 04:00:00,-2.6,0.5588315000000001
2022-03-05 05:00:00,-2.5,0.5685776
2022-03-05 06:00:00,-2.8,0.5947100000000001
2022-03-05 07:00:00,-1.9,0.605539
2022-03-05 08:00:00,0.2,0.5965307
2022-03-05 09:00:00,2.3,0.5391846
2022-03-05 10:00:00,3.8,0.5052339
2022-03-05 11:00:00,4.2,0.5013783
2022-03-05 12:00:00,4.8,0.487967
2022-03-05 13:00:00,5.1,0.4654165
2022-03-05 14:00:00,5.4,0.4656664
2022-03-05 15:00:00,5.3,0.5142184000000001
2022-03-05 16:00:00,5.0,0.5601881
2022-03-05 17:00:00,4.6,0.6144997
2022-03-05 18:00:00,3.8,0.6384782
2022-03-05 19:00:00,3.7,0.6426670000000001
2022-03-05 20:00:00,1.0,0.6316
2022-03-05 21:00:00,1.6,0.6045275
2022-03-05 22:00:00,1.2,0.5954597
2022-03-05 23:00:00,0.7,0.586856
2022-03-06 00:00:00,-0.7,0.6204259000000001
2022-03-06 01:00:00,0.2,0.57567
2022-03-06 02:00:00,0.5,0.5663404000000001
2022-03-06 03:00:00,0.7,0.5533099
2022-03-06 04:00:00,0.4,0.5595336
2022-03-06 05:00:00,0.2,0.5626871
2022-03-06 06:00:00,0.0,0.5721714
2022-03-06 07:00:00,0.0,0.5607236
2022-03-06 08:00:00,0.6,0.5560588
2022-03-06 09:00:00,1.4,0.4055119
2022-03-06 10:00:00,1.9,0.4638337999999999
2022-03-06 11:00:00,2.8,0.4745795
2022-03-06 12:00:00,2.5,0.48761
2022-03-06 13:00:00,3.2,0.4521242
2022-03-06 14:00:00,3.8,0.4486851
2022-03-06 15:00:00,3.3,0.4904779000000001
2022-03-06 16:00:00,2.9,0.5222390000000001
2022-03-06 17:00:00,2.2,0.6139403999999999
2022-03-06 18:00:00,0.3,0.6733452
2022-03-06 19:00:00,-1.1,0.6961932
2022-03-06 20:00:00,-1.0,0.6748565
2022-03-06 21:00:00,-0.8,0.6459038
2022-03-06 22:00:00,-0.9,0.6459038
2022-03-06 23:00:00,-0.5,0.6454635
2022-03-07 00:00:00,-0.6,0.6048964
2022-03-07 01:00:00,-0.5,0.5956977
2022-03-07 02:00:00,-0.5,0.5946386
2022-03-07 03:00:00,-0.5,0.5830599000000001
2022-03-07 04:00:00,-1.8,0.5860349
2022-03-07 05:00:00,-2.5,0.6283037
2022-03-07 06:00:00,-2.8,0.7098663000000001
2022-03-07 07:00:00,-2.6,0.7653084000000001
2022-03-07 08:00:00,-1.4,0.7684618999999999
2022-03-07 09:00:00,-0.5,0.73037
2022-03-07 10:00:00,0.0,0.6204259000000001
2022-03-07 11:00:00,1.1,0.5623895999999999
2022-03-07 12:00:00,2.5,0.5604618000000001
2022-03-07 13:00:00,4.6,0.537352
2022-03-07 14:00:00,5.6,0.5278558
2022-03-07 15:00:00,6.9,0.5739326
2022-03-07 16:00:00,6.7,0.6316
2022-03-07 17:00:00,6.5,0.6915641000000001
2022-03-07 18:00:00,3.1,0.7595726
2022-03-07 19:00:00,1.0,0.7778628999999999
2022-03-07 20:00:00,-0.6,0.72085
2022-03-07 21:00:00,-1.0,0.6732142999999999
2022-03-07 22:00:00,-1.9,0.6499498
2022-03-07 23:00:00,-2.5,0.5931868
2022-03-08 00:00:00,-2.1,0.6982995000000001
2022-03-08 01:00:00,-2.8,0.6905049999999999
2022-03-08 02:00:00,-3.5,0.6905049999999999
2022-03-08 03:00:00,-3.4,0.6612072
2022-03-08 04:00:00,-3.2,0.6762368999999999
2022-03-08 05:00:00,-2.6,0.7001082999999999
2022-03-08 06:00:00,-3.0,0.896137
2022-03-08 07:00:00,-2.5,0.9767
2022-03-08 08:00:00,0.5,0.9291
2022-03-08 09:00:00,3.6,0.7999969
2022-03-08 10:00:00,5.8,0.5760389
2022-03-08 11:00:00,7.7,0.5528576999999999
2022-03-08 12:00:00,8.7,0.5322587999999999
2022-03-08 13:00:00,9.3,0.5063763
2022-03-08 14:00:00,9.8,0.5252140000000001
2022-03-08 15:00:00,10.0,0.5923181
2022-03-08 16:00:00,9.2,0.7676288999999998
2022-03-08 17:00:00,8.3,0.8732652000000001
2022-03-08 18:00:00,6.9,0.9587667
2022-03-08 19:00:00,5.9,0.9886
2022-03-08 20:00:00,4.7,0.8933047999999999
2022-03-08 21:00:00,4.1,0.8016509999999999
2022-03-08 22:00:00,3.1,0.7411395000000001
2022-03-08 23:00:00,-0.3,0.6312787
2022-03-09 00:00:00,0.3,0.6673833
2022-03-09 01:00:00,-0.3,0.6422029
2022-03-09 02:00:00,-0.5,0.6534722
2022-03-09 03:00:00,-1.6,0.6554357
2022-03-09 04:00:00,-2.1,0.6554357
2022-03-09 05:00:00,-2.6,0.6792
2022-03-09 06:00:00,-0.7,0.7788744000000001
2022-03-09 07:00:00,0.8,0.8451455000000001
2022-03-09 08:00:00,3.6,0.8157644
2022-03-09 09:00:00,6.7,0.6910881
2022-03-09 10:00:00,9.3,0.6185100000000001
2022-03-09 11:00:00,10.3,0.5730877
2022-03-09 12:00:00,11.3,0.5186809
2022-03-09 13:00:00,12.1,0.5325325
2022-03-09 14:00:00,12.2,0.5624134000000001
2022-03-09 15:00:00,12.1,0.6107036
2022-03-09 16:00:00,11.8,0.6614571
2022-03-09 17:00:00,10.9,0.7856216999999999
2022-03-09 18:00:00,7.0,0.8397667
2022-03-09 19:00:00,6.4,0.87555
2022-03-09 20:00:00,5.3,0.7839556999999999
2022-03-09 21:00:00,4.5,0.6896125
2022-03-09 22:00:00,3.9,0.6899814
2022-03-09 23:00:00,3.0,0.6535555
2022-03-10 00:00:00,2.4,0.5721
2022-03-10 01:00:00,1.5,0.5364
2022-03-10 02:00:00,0.6,0.5382921
2022-03-10 03:00:00,0.7,0.5246071
2022-03-10 04:00:00,0.3,0.5245833
2022-03-10 05:00:00,-0.6,0.5542619
2022-03-10 06:00:00,-0.9,0.6490454000000001
2022-03-10 07:00:00,0.5,0.6745114000000001
2022-03-10 08:00:00,4.2,0.6567923
2022-03-10 09:00:00,6.9,0.5268681
2022-03-10 10:00:00,9.4,0.4415927
2022-03-10 11:00:00,11.0,0.3933858
2022-03-10 12:00:00,12.0,0.359923
2022-03-10 13:00:00,13.0,0.3341119
2022-03-10 14:00:00,12.6,0.3491654
2022-03-10 15:00:00,12.4,0.3934215
2022-03-10 16:00:00,11.9,0.4847302
2022-03-10 17:00:00,10.7,0.6077405
2022-03-10 18:00:00,9.6,0.6463559999999999
2022-03-10 19:00:00,8.5,0.5440041
2022-03-10 20:00:00,7.3,0.3686219
2022-03-10 21:00:00,6.1,0.362184
2022-03-10 22:00:00,5.3,0.3611606
2022-03-10 23:00:00,4.2,0.3030767
2022-03-11 00:00:00,3.3,0.2614624
2022-03-11 01:00:00,2.4,0.2639138
2022-03-11 02:00:00,1.6,0.2614267
2022-03-11 03:00:00,1.3,0.2710657
2022-03-11 04:00:00,0.8,0.2640685
2022-03-11 05:00:00,0.1,0.2864048
2022-03-11 06:00:00,-0.2,0.3609583
2022-03-11 07:00:00,0.4,0.3758214
2022-03-11 08:00:00,1.4,0.2892965
2022-03-11 09:00:00,2.8,0.235687
2022-03-11 10:00:00,4.5,0.1830533
2022-03-11 11:00:00,5.8,0.1740688
2022-03-11 12:00:00,7.6,0.167619
2022-03-11 13:00:00,8.0,0.155719
2022-03-11 14:00:00,8.8,0.1556952
2022-03-11 15:00:00,9.0,0.1675476
2022-03-11 16:00:00,9.2,0.1840053
2022-03-11 17:00:00,8.0,0.2970434
2022-03-11 18:00:00,7.0,0.3579714
2022-03-11 19:00:00,6.4,0.3364562
2022-03-11 20:00:00,5.6,0.2561312
2022-03-11 21:00:00,4.8,0.2386263
2022-03-11 22:00:00,4.0,0.2520495
2022-03-11 23:00:00,3.2,0.2356513
2022-03-12 00:00:00,2.7,0.2376267
2022-03-12 01:00:00,2.0,0.2377933
2022-03-12 02:00:00,1.6,0.2424343
2022-03-12 03:00:00,0.9,0.2424581
2022-03-12 04:00:00,0.6,0.2423867
2022-03-12 05:00:00,0.5,0.2426009
2022-03-12 06:00:00,0.3,0.2615695
2022-03-12 07:00:00,1.9,0.2597488
2022-03-12 08:00:00,2.7,0.2496933
2022-03-12 09:00:00,5.3,0.249491
2022-03-12 10:00:00,8.1,0.2424105
2022-03-12 11:00:00,8.9,0.2363296
2022-03-12 12:00:00,11.0,0.2423629
2022-03-12 13:00:00,11.7,0.2376505
2022-03-12 14:00:00,12.6,0.2508833
2022-03-12 15:00:00,12.9,0.2971505
2022-03-12 16:00:00,12.3,0.380867
2022-03-12 17:00:00,10.3,0.497487
2022-03-12 18:00:00,6.7,0.540327
2022-03-12 19:00:00,8.0,0.4352499999999999
2022-03-12 20:00:00,6.6,0.36147
2022-03-12 21:00:00,6.2,0.365635
2022-03-12 22:00:00,4.7,0.3727869
2022-03-12 23:00:00,2.8,0.3565672
2022-03-13 00:00:00,0.6,0.346119
2022-03-13 01:00:00,0.7,0.3341119
2022-03-13 02:00:00,-0.1,0.3034813
2022-03-13 03:00:00,-0.7,0.2776226
2022-03-13 04:00:00,-1.9,0.3105975
2022-03-13 05:00:00,-1.7,0.299233
2022-03-13 06:00:00,-2.4,0.2746595
2022-03-13 07:00:00,0.2,0.2637948
2022-03-13 08:00:00,2.6,0.2478131
2022-03-13 09:00:00,5.5,0.2422558
2022-03-13 10:00:00,7.0,0.2224185
2022-03-13 11:00:00,9.2,0.1913833
2022-03-13 12:00:00,11.2,0.1850644
2022-03-13 13:00:00,12.5,0.1657745
2022-03-13 14:00:00,13.0,0.1675595
2022-03-13 15:00:00,13.3,0.1913833
2022-03-13 16:00:00,13.0,0.2793957
2022-03-13 17:00:00,11.5,0.4080228
2022-03-13 18:00:00,9.7,0.4343099
2022-03-13 19:00:00,9.2,0.393481
2022-03-13 20:00:00,8.6,0.3579952
2022-03-13 21:00:00,7.7,0.3497128
2022-03-13 22:00:00,6.0,0.3824973
2022-03-13 23:00:00,4.0,0.3929098
2022-03-14 00:00:00,3.8,0.400621
2022-03-14 01:00:00,1.7,0.3988836
2022-03-14 02:00:00,1.9,0.4074516
2022-03-14 03:00:00,1.7,0.4019657
2022-03-14 04:00:00,1.3,0.4172929
2022-03-14 05:00:00,0.8,0.4293714
2022-03-14 06:00:00,1.5,0.5148848
2022-03-14 07:00:00,2.5,0.5552972
2022-03-14 08:00:00,6.3,0.5652456
2022-03-14 09:00:00,8.3,0.5135877
2022-03-14 10:00:00,8.7,0.4720329
2022-03-14 11:00:00,7.8,0.4630245999999999
2022-03-14 12:00:00,8.9,0.4418783
2022-03-14 13:00:00,8.7,0.4224575
2022-03-14 14:00:00,8.7,0.4154246
2022-03-14 15:00:00,8.5,0.476662
2022-03-14 16:00:00,8.6,0.5042938
2022-03-14 17:00:00,8.2,0.5679350000000001
2022-03-14 18:00:00,8.2,0.6197119
2022-03-14 19:00:00,7.6,0.6737498
2022-03-14 20:00:00,7.2,0.5902594
2022-03-14 21:00:00,7.4,0.539613
2022-03-14 22:00:00,5.9,0.5134687
2022-03-14 23:00:00,5.0,0.4672134
2022-03-15 00:00:00,4.4,0.4518148
2022-03-15 01:00:00,3.7,0.4471857
2022-03-15 02:00:00,3.6,0.4433301
2022-03-15 03:00:00,2.8,0.4412833
2022-03-15 04:00:00,2.3,0.4444011
2022-03-15 05:00:00,1.5,0.467856
2022-03-15 06:00:00,3.1,0.5351267
2022-03-15 07:00:00,3.8,0.5605451000000001
2022-03-15 08:00:00,6.0,0.5720762
2022-03-15 09:00:00,7.9,0.5476455
2022-03-15 10:00:00,9.4,0.5345674
2022-03-15 11:00:00,9.9,0.5080423000000001
2022-03-15 12:00:00,10.8,0.4881931
2022-03-15 13:00:00,11.7,0.4926556
2022-03-15 14:00:00,11.4,0.4982724
2022-03-15 15:00:00,11.2,0.5092323000000001
2022-03-15 16:00:00,11.0,0.5334607
2022-03-15 17:00:00,10.0,0.5511083999999999
2022-03-15 18:00:00,7.5,0.60185
2022-03-15 19:00:00,7.1,0.6375738
2022-03-15 20:00:00,6.3,0.5545356
2022-03-15 21:00:00,6.0,0.5269870999999999
2022-03-15 22:00:00,4.6,0.4994981
2022-03-15 23:00:00,3.6,0.4705097
2022-03-16 00:00:00,4.3,0.4571579
2022-03-16 01:00:00,2.2,0.454766
2022-03-16 02:00:00,3.2,0.450125
2022-03-16 03:00:00,2.8,0.4412119
2022-03-16 04:00:00,1.9,0.439415
2022-03-16 05:00:00,2.1,0.4527668
2022-03-16 06:00:00,1.8,0.5089824000000001
2022-03-16 07:00:00,1.8,0.533663
2022-03-16 08:00:00,2.9,0.5292600000000001
2022-03-16 09:00:00,5.7,0.5077685999999999
2022-03-16 10:00:00,7.7,0.484754
2022-03-16 11:00:00,10.3,0.4651666
2022-03-16 12:00:00,11.7,0.4024535999999999
2022-03-16 13:00:00,12.4,0.3983719
2022-03-16 14:00:00,12.5,0.3936357
2022-03-16 15:00:00,13.0,0.3914818
2022-03-16 16:00:00,12.8,0.4518743
2022-03-16 17:00:00,11.6,0.5065548
2022-03-16 18:00:00,10.5,0.5353646999999999
2022-03-16 19:00:00,9.9,0.5084231000000001
2022-03-16 20:00:00,9.3,0.4121402
2022-03-16 21:00:00,8.8,0.3530924
2022-03-16 22:00:00,8.7,0.3522118
2022-03-16 23:00:00,9.0,0.3094313000000001
2022-03-17 00:00:00,8.4,0.3427513
2022-03-17 01:00:00,8.0,0.3079081
2022-03-17 02:00:00,7.4,0.2980549
2022-03-17 03:00:00,7.1,0.3062302
2022-03-17 04:00:00,6.9,0.3316843
2022-03-17 05:00:00,6.9,0.3698
2022-03-17 06:00:00,7.4,0.401335
2022-03-17 07:00:00,7.8,0.4684391
2022-03-17 08:00:00,9.7,0.4769
2022-03-17 09:00:00,9.5,0.4589786
2022-03-17 10:00:00,8.5,0.407404
2022-03-17 11:00:00,7.6,0.4174238
2022-03-17 12:00:00,7.8,0.4009899
2022-03-17 13:00:00,8.1,0.4103671
2022-03-17 14:00:00,7.7,0.4292643
2022-03-17 15:00:00,7.8,0.448578
2022-03-17 16:00:00,7.7,0.4618584
2022-03-17 17:00:00,6.6,0.4843018
2022-03-17 18:00:00,5.5,0.5245356999999999
2022-03-17 19:00:00,3.4,0.5687799
2022-03-17 20:00:00,3.9,0.5077448
2022-03-17 21:00:00,2.9,0.4641551
2022-03-17 22:00:00,1.5,0.4467454
2022-03-17 23:00:00,0.2,0.437868
2022-03-18 00:00:00,0.5,0.3972057
2022-03-18 01:00:00,-1.4,0.4018943
2022-03-18 02:00:00,-1.7,0.3952422
2022-03-18 03:00:00,-2.4,0.401335
2022-03-18 04:00:00,-1.8,0.405381
2022-03-18 05:00:00,-2.2,0.4139014
2022-03-18 06:00:00,-2.4,0.4685343
2022-03-18 07:00:00,-1.0,0.5024969
2022-03-18 08:00:00,3.2,0.4980939
2022-03-18 09:00:00,7.2,0.452981
2022-03-18 10:00:00,8.3,0.4276102
2022-03-18 11:00:00,10.2,0.3993953
2022-03-18 12:00:00,10.9,0.3995619
2022-03-18 13:00:00,12.0,0.3949566
2022-03-18 14:00:00,12.6,0.3939689
2022-03-18 15:00:00,12.2,0.3965512
2022-03-18 16:00:00,11.6,0.408356
2022-03-18 17:00:00,11.7,0.4477926
2022-03-18 18:00:00,8.9,0.4832189
2022-03-18 19:00:00,8.0,0.4965588
2022-03-18 20:00:00,6.6,0.4544685
2022-03-18 21:00:00,5.3,0.4137705
2022-03-18 22:00:00,3.9,0.427515
2022-03-18 23:00:00,4.5,0.3909939
2022-03-19 00:00:00,3.5,0.3896372999999999
2022-03-19 01:00:00,2.8,0.3874358
2022-03-19 02:00:00,2.1,0.3781538
2022-03-19 03:00:00,1.7,0.37813
2022-03-19 04:00:00,0.8,0.3758214
2022-03-19 05:00:00,0.3,0.382652
2022-03-19 06:00:00,0.3,0.3914937
2022-03-19 07:00:00,2.0,0.3985266
2022-03-19 08:00:00,4.5,0.3889709
2022-03-19 09:00:00,6.0,0.3163333
2022-03-19 10:00:00,8.1,0.2740645
2022-03-19 11:00:00,9.8,0.2568452
2022-03-19 12:00:00,10.8,0.2385549
2022-03-19 13:00:00,10.6,0.1675
2022-03-19 14:00:00,9.7,0.1661196
2022-03-19 15:00:00,10.1,0.1731406
2022-03-19 16:00:00,9.6,0.24961
2022-03-19 17:00:00,9.5,0.3353019
2022-03-19 18:00:00,7.6,0.385032
2022-03-19 19:00:00,6.9,0.3617913
2022-03-19 20:00:00,5.2,0.2983524
2022-03-19 21:00:00,5.2,0.2626881
2022-03-19 22:00:00,5.1,0.2640447
2022-03-19 23:00:00,4.5,0.2541915
2022-03-20 00:00:00,3.6,0.2556076
2022-03-20 01:00:00,3.1,0.2400781
2022-03-20 02:00:00,2.8,0.2445882
2022-03-20 03:00:00,1.9,0.2369722
2022-03-20 04:00:00,1.4,0.245921
2022-03-20 05:00:00,1.1,0.245921
2022-03-20 06:00:00,1.0,0.2371507
2022-03-20 07:00:00,2.2,0.1800664
2022-03-20 08:00:00,3.7,0.1660839
2022-03-20 09:00:00,6.1,0.1556833
2022-03-20 10:00:00,8.9,0.155481
2022-03-20 11:00:00,9.6,0.1492811
2022-03-20 12:00:00,10.8,0.1355961
2022-03-20 13:00:00,12.0,0.1329424
2022-03-20 14:00:00,12.3,0.1397135
2022-03-20 15:00:00,13.0,0.1543386
2022-03-20 16:00:00,13.0,0.1556714
2022-03-20 17:00:00,12.3,0.2388167
2022-03-20 18:00:00,11.2,0.3011608
2022-03-20 19:00:00,10.4,0.3019105
2022-03-20 20:00:00,9.9,0.2579043
2022-03-20 21:00:00,8.9,0.2508952
2022-03-20 22:00:00,8.0,0.2865833
2022-03-20 23:00:00,7.3,0.2666984
2022-03-21 00:00:00,6.7,0.2914742
2022-03-21 01:00:00,6.0,0.2969958
2022-03-21 02:00:00,3.5,0.2970315
2022-03-21 03:00:00,3.5,0.29721
2022-03-21 04:00:00,2.8,0.3186657
2022-03-21 05:00:00,1.7,0.3809979
2022-03-21 06:00:00,3.2,0.46976
2022-03-21 07:00:00,4.1,0.49832
2022-03-21 08:00:00,6.4,0.477614
2022-03-21 09:00:00,8.2,0.3893993
2022-03-21 10:00:00,10.0,0.3377414
2022-03-21 11:00:00,12.1,0.3503792
2022-03-21 12:00:00,12.5,0.3424181
2022-03-21 13:00:00,13.6,0.3595065
2022-03-21 14:00:00,14.9,0.3586973
2022-03-21 15:00:00,14.5,0.4086297
2022-03-21 16:00:00,14.3,0.4328462
2022-03-21 17:00:00,13.3,0.4812792000000001
2022-03-21 18:00:00,9.7,0.524024
2022-03-21 19:00:00,8.5,0.5566062
2022-03-21 20:00:00,7.5,0.4854204
2022-03-21 21:00:00,7.7,0.4422829
2022-03-21 22:00:00,6.6,0.4207439
2022-03-21 23:00:00,5.2,0.3927075
2022-03-22 00:00:00,4.5,0.42097
2022-03-22 01:00:00,3.4,0.41145
2022-03-22 02:00:00,3.5,0.40193
2022-03-22 03:00:00,3.1,0.4011684
2022-03-22 04:00:00,2.4,0.39717
2022-03-22 05:00:00,1.5,0.4184948
2022-03-22 06:00:00,2.1,0.481303
2022-03-22 07:00:00,3.7,0.4975346
2022-03-22 08:00:00,8.4,0.490109
2022-03-22 09:00:00,11.3,0.4413785
2022-03-22 10:00:00,14.2,0.393481
2022-03-22 11:00:00,15.9,0.384318
2022-03-22 12:00:00,16.4,0.3741554
2022-03-22 13:00:00,17.3,0.3759999
2022-03-22 14:00:00,17.5,0.3863648
2022-03-22 15:00:00,17.5,0.3934334
2022-03-22 16:00:00,17.0,0.4293119
2022-03-22 17:00:00,15.0,0.4768643000000001
2022-03-22 18:00:00,12.6,0.5138256999999999
2022-03-22 19:00:00,10.1,0.5732900000000001
2022-03-22 20:00:00,8.9,0.5016996
2022-03-22 21:00:00,7.0,0.460121
2022-03-22 22:00:00,6.6,0.4439013
2022-03-22 23:00:00,6.0,0.4202322
2022-03-23 00:00:00,4.1,0.4119141
2022-03-23 01:00:00,4.0,0.3936595
2022-03-23 02:00:00,2.0,0.3943378
2022-03-23 03:00:00,0.9,0.3913152
2022-03-23 04:00:00,0.3,0.3984671
2022-03-23 05:00:00,0.1,0.4247185
2022-03-23 06:00:00,0.2,0.4833854999999999
2022-03-23 07:00:00,2.5,0.5117075
2022-03-23 08:00:00,6.3,0.4896568
2022-03-23 09:00:00,10.2,0.4139609
2022-03-23 10:00:00,13.7,0.393243
2022-03-23 11:00:00,15.6,0.3835326
2022-03-23 12:00:00,16.8,0.3710733
2022-03-23 13:00:00,17.1,0.3720967
2022-03-23 14:00:00,17.8,0.3820689
2022-03-23 15:00:00,18.6,0.3963846
2022-03-23 16:00:00,17.3,0.4150081
2022-03-23 17:00:00,15.6,0.4721995
2022-03-23 18:00:00,13.2,0.5272131999999999
2022-03-23 19:00:00,8.9,0.6008266
2022-03-23 20:00:00,7.4,0.5257257
2022-03-23 21:00:00,8.0,0.4769
2022-03-23 22:00:00,6.7,0.4472928
2022-03-23 23:00:00,6.4,0.413116
2022-03-24 00:00:00,6.0,0.4090819
2022-03-24 01:00:00,3.6,0.4082727
2022-03-24 02:00:00,3.4,0.407285
2022-03-24 03:00:00,3.2,0.407642
2022-03-24 04:00:00,2.5,0.4089867
2022-03-24 05:00:00,2.1,0.4213508
2022-03-24 06:00:00,1.6,0.4923343
2022-03-24 07:00:00,3.3,0.5186333000000001
2022-03-24 08:00:00,6.8,0.4741987
2022-03-24 09:00:00,10.1,0.4161029
2022-03-24 10:00:00,12.9,0.3875548
2022-03-24 11:00:00,14.0,0.3875786
2022-03-24 12:00:00,15.0,0.3769043
2022-03-24 13:00:00,15.4,0.3721086
2022-03-24 14:00:00,15.8,0.384913
2022-03-24 15:00:00,16.2,0.4036198
2022-03-24 16:00:00,16.1,0.4323702
2022-03-24 17:00:00,15.4,0.4733181
2022-03-24 18:00:00,10.8,0.5254044
2022-03-24 19:00:00,9.5,0.5972208999999999
2022-03-24 20:00:00,9.3,0.507126
2022-03-24 21:00:00,7.4,0.4612634
2022-03-24 22:00:00,6.5,0.4412476
2022-03-24 23:00:00,5.9,0.4171144
2022-03-25 00:00:00,2.2,0.4679512
2022-03-25 01:00:00,2.5,0.4463289
2022-03-25 02:00:00,1.8,0.4344051
2022-03-25 03:00:00,1.1,0.4294785
2022-03-25 04:00:00,0.8,0.4245519
2022-03-25 05:00:00,-0.3,0.4589429
2022-03-25 06:00:00,-0.2,0.5304500000000001
2022-03-25 07:00:00,2.5,0.5528934000000001
2022-03-25 08:00:00,6.8,0.4948928
2022-03-25 09:00:00,10.6,0.4511603
2022-03-25 10:00:00,13.6,0.376464
2022-03-25 11:00:00,15.5,0.3767853
2022-03-25 12:00:00,16.1,0.3609583
2022-03-25 13:00:00,16.1,0.3576025
2022-03-25 14:00:00,16.5,0.3680983
2022-03-25 15:00:00,16.6,0.4054999999999999
2022-03-25 16:00:00,16.1,0.4543733
2022-03-25 17:00:00,14.7,0.4843732
2022-03-25 18:00:00,11.8,0.5135163
2022-03-25 19:00:00,10.2,0.560081
2022-03-25 20:00:00,9.2,0.4928222
2022-03-25 21:00:00,9.7,0.443818
2022-03-25 22:00:00,7.2,0.4466264
2022-03-25 23:00:00,5.1,0.3817833
2022-03-26 00:00:00,4.5,0.4363924
2022-03-26 01:00:00,4.2,0.4187804
2022-03-26 02:00:00,2.8,0.3764402
2022-03-26 03:00:00,3.2,0.3829138
2022-03-26 04:00:00,2.0,0.4014302
2022-03-26 05:00:00,2.7,0.4128542
2022-03-26 06:00:00,2.2,0.3930764
2022-03-26 07:00:00,5.1,0.3820332
2022-03-26 08:00:00,8.5,0.3366942
2022-03-26 09:00:00,11.5,0.3452503
2022-03-26 10:00:00,13.3,0.2865595
2022-03-26 11:00:00,14.7,0.2578686
2022-03-26 12:00:00,15.7,0.2545009
2022-03-26 13:00:00,16.2,0.2512522
2022-03-26 14:00:00,15.8,0.2619265
2022-03-26 15:00:00,15.5,0.3432749
2022-03-26 16:00:00,15.2,0.3935405
2022-03-26 17:00:00,13.8,0.4321798
2022-03-26 18:00:00,12.0,0.467975
2022-03-26 19:00:00,10.3,0.5033656
2022-03-26 20:00:00,8.6,0.4769833
2022-03-26 21:00:00,7.1,0.4471262
2022-03-26 22:00:00,6.6,0.4470786
2022-03-26 23:00:00,5.9,0.4385225
2022-03-27 00:00:00,5.7,0.4352499999999999
2022-03-27 01:00:00,5.5,0.4196967
2022-03-27 03:00:00,5.5,0.4102838
2022-03-27 04:00:00,5.4,0.40788
2022-03-27 05:00:00,5.2,0.4067971
2022-03-27 06:00:00,4.9,0.4058689
2022-03-27 07:00:00,4.9,0.4102957
2022-03-27 08:00:00,5.2,0.4103552
2022-03-27 09:00:00,5.5,0.4103433
2022-03-27 10:00:00,5.9,0.3995738
2022-03-27 11:00:00,6.5,0.386936
2022-03-27 12:00:00,7.9,0.347785
2022-03-27 13:00:00,9.2,0.262581
2022-03-27 14:00:00,12.1,0.2483843
2022-03-27 15:00:00,12.8,0.26508
2022-03-27 16:00:00,13.0,0.3240921
2022-03-27 17:00:00,13.3,0.3874477
2022-03-27 18:00:00,12.6,0.4174
2022-03-27 19:00:00,10.4,0.4685938
2022-03-27 20:00:00,7.6,0.4907992
2022-03-27 21:00:00,6.3,0.4716997
2022-03-27 22:00:00,5.0,0.4549921
2022-03-27 23:00:00,5.2,0.42692
2022-03-28 00:00:00,4.5,0.38884
2022-03-28 01:00:00,1.5,0.3841276
2022-03-28 02:00:00,3.0,0.3810455
2022-03-28 03:00:00,1.5,0.3875191
2022-03-28 04:00:00,1.5,0.3876619
2022-03-28 05:00:00,1.6,0.4038578
2022-03-28 06:00:00,1.6,0.4827904999999999
2022-03-28 07:00:00,1.8,0.5327705
2022-03-28 08:00:00,2.7,0.5292005
2022-03-28 09:00:00,3.2,0.4733062
2022-03-28 10:00:00,4.1,0.4232786
2022-03-28 11:00:00,5.0,0.3985266
2022-03-28 12:00:00,6.2,0.3625053
2022-03-28 13:00:00,7.5,0.3501769
2022-03-28 14:00:00,8.7,0.3114781
2022-03-28 15:00:00,10.5,0.347785
2022-03-28 16:00:00,11.0,0.3587092
2022-03-28 17:00:00,10.7,0.3906964
2022-03-28 18:00:00,9.8,0.4653689
2022-03-28 19:00:00,8.2,0.5180978
2022-03-28 20:00:00,7.0,0.4817314
2022-03-28 21:00:00,6.0,0.4562059
2022-03-28 22:00:00,5.8,0.4287407
2022-03-28 23:00:00,4.8,0.4180426
2022-03-29 00:00:00,5.0,0.4052977
2022-03-29 01:00:00,6.2,0.4057142
2022-03-29 02:00:00,5.5,0.4042624
2022-03-29 03:00:00,5.5,0.4054999999999999
2022-03-29 04:00:00,5.4,0.4053453
2022-03-29 05:00:00,5.5,0.4236713
2022-03-29 06:00:00,5.4,0.4772212999999999
2022-03-29 07:00:00,5.3,0.5151228000000001
2022-03-29 08:00:00,5.7,0.5349006000000001
2022-03-29 09:00:00,5.9,0.512481
2022-03-29 10:00:00,6.5,0.4869912
2022-03-29 11:00:00,7.1,0.4839686
2022-03-29 12:00:00,8.3,0.4369517
2022-03-29 13:00:00,9.4,0.4303115
2022-03-29 14:00:00,10.8,0.4215888
2022-03-29 15:00:00,10.9,0.4202679
2022-03-29 16:00:00,10.6,0.4269319
2022-03-29 17:00:00,10.1,0.4489707
2022-03-29 18:00:00,8.5,0.4888476
2022-03-29 19:00:00,6.7,0.5155631
2022-03-29 20:00:00,4.8,0.5098273
2022-03-29 21:00:00,3.4,0.4650476
2022-03-29 22:00:00,2.4,0.43763
2022-03-29 23:00:00,1.1,0.4172096
2022-03-30 00:00:00,0.1,0.4329533
2022-03-30 01:00:00,-1.1,0.4279434
2022-03-30 02:00:00,-0.5,0.4288359
2022-03-30 03:00:00,-1.4,0.4282052
2022-03-30 04:00:00,-0.6,0.4320727
2022-03-30 05:00:00,-0.7,0.44358
2022-03-30 06:00:00,-1.0,0.49237
2022-03-30 07:00:00,0.1,0.5304500000000001
2022-03-30 08:00:00,2.2,0.5684229000000001
2022-03-30 09:00:00,3.8,0.5460509
2022-03-30 10:00:00,5.0,0.5150633
2022-03-30 11:00:00,5.5,0.5275464000000001
2022-03-30 12:00:00,6.5,0.5078281
2022-03-30 13:00:00,6.7,0.4803390999999999
2022-03-30 14:00:00,7.5,0.486777
2022-03-30 15:00:00,7.2,0.4727588
2022-03-30 16:00:00,7.4,0.4606445999999999
2022-03-30 17:00:00,7.1,0.4766739
2022-03-30 18:00:00,6.6,0.506293
2022-03-30 19:00:00,5.9,0.5244643
2022-03-30 20:00:00,4.2,0.4956187000000001
2022-03-30 21:00:00,4.3,0.4570984
2022-03-30 22:00:00,4.5,0.4418188
2022-03-30 23:00:00,4.3,0.3911248
2022-03-31 00:00:00,1.8,0.3943854
2022-03-31 01:00:00,2.1,0.3987051
2022-03-31 02:00:00,2.0,0.3876738
2022-03-31 03:00:00,1.4,0.3720967
2022-03-31 04:00:00,0.6,0.377297
2022-03-31 05:00:00,1.6,0.3944211
2022-03-31 06:00:00,2.9,0.4769
2022-03-31 07:00:00,3.6,0.5194544
2022-03-31 08:00:00,3.8,0.5414337
2022-03-31 09:00:00,3.7,0.47809
2022-03-31 10:00:00,4.0,0.4539924999999999
2022-03-31 11:00:00,4.7,0.4168526
2022-03-31 12:00:00,5.6,0.3982648
2022-03-31 13:00:00,6.2,0.3857817
2022-03-31 14:00:00,6.1,0.382652
2022-03-31 15:00:00,5.8,0.3764878
2022-03-31 16:00:00,5.5,0.3757024
2022-03-31 17:00:00,5.2,0.3793319
2022-03-31 18:00:00,4.1,0.3936119
2022-03-31 19:00:00,2.9,0.4286931
2022-03-31 20:00:00,3.0,0.3925052
2022-03-31 21:00:00,4.0,0.3511765
2022-03-31 22:00:00,3.5,0.3348616
2022-03-31 23:00:00,2.8,0.2984952
2022-04-01 00:00:00,0.7,0.2885468
2022-04-01 01:00:00,-0.2,0.2741716
2022-04-01 02:00:00,-0.3,0.2680312
2022-04-01 03:00:00,-0.5,0.2741121
2022-04-01 04:00:00,-0.6,0.2853337999999999
2022-04-01 05:00:00,-0.7,0.3222119
2022-04-01 06:00:00,-1.0,0.3681697
2022-04-01 07:00:00,-1.0,0.3936357
2022-04-01 08:00:00,-0.4,0.4036793
2022-04-01 09:00:00,0.5,0.3940165
2022-04-01 10:00:00,1.3,0.3853652
2022-04-01 11:00:00,2.1,0.3711566
2022-04-01 12:00:00,2.8,0.3602086
2022-04-01 13:00:00,3.2,0.3458929
2022-04-01 14:00:00,3.5,0.3306489999999999
2022-04-01 15:00:00,3.9,0.3231758
2022-04-01 16:00:00,4.5,0.3249727
2022-04-01 17:00:00,4.6,0.360756
2022-04-01 18:00:00,4.2,0.383723
2022-04-01 19:00:00,3.6,0.4006924
2022-04-01 20:00:00,3.2,0.3938261
2022-04-01 21:00:00,2.8,0.3637548
2022-04-01 22:00:00,2.5,0.3553415
2022-04-01 23:00:00,2.1,0.3363134
2022-04-02 00:00:00,1.8,0.2888919
2022-04-02 01:00:00,1.4,0.3043619
2022-04-02 02:00:00,0.9,0.3123468
2022-04-02 03:00:00,-0.1,0.3228426
2022-04-02 04:00:00,-0.7,0.3124301
2022-04-02 05:00:00,-0.7,0.3282333
2022-04-02 06:00:00,-0.6,0.3172496
2022-04-02 07:00:00,-0.1,0.3555914
2022-04-02 08:00:00,0.8,0.382057
2022-04-02 09:00:00,1.8,0.3842585
2022-04-02 10:00:00,3.1,0.3576263
2022-04-02 11:00:00,3.2,0.3542586
2022-04-02 12:00:00,4.3,0.3467497
2022-04-02 13:00:00,4.2,0.3128942
2022-04-02 14:00:00,5.1,0.299114
2022-04-02 15:00:00,5.0,0.3084555
2022-04-02 16:00:00,5.5,0.3191655
2022-04-02 17:00:00,5.4,0.3594113
2022-04-02 18:00:00,4.7,0.426444
2022-04-02 19:00:00,3.1,0.4639885
2022-04-02 20:00:00,1.7,0.4431396999999999
2022-04-02 21:00:00,0.0,0.4054999999999999
2022-04-02 22:00:00,-0.2,0.4009066
2022-04-02 23:00:00,-3.0,0.3809622
2022-04-03 00:00:00,-3.4,0.3925052
2022-04-03 01:00:00,-3.3,0.3853652
2022-04-03 02:00:00,-3.7,0.3885543999999999
2022-04-03 03:00:00,-5.1,0.3869836
2022-04-03 04:00:00,-5.2,0.3883045
2022-04-03 05:00:00,-4.2,0.3862458
2022-04-03 06:00:00,-3.1,0.3827472
2022-04-03 07:00:00,-1.6,0.3847939999999999
2022-04-03 08:00:00,0.4,0.3903156
2022-04-03 09:00:00,2.9,0.3722632999999999
2022-04-03 10:00:00,4.3,0.3707044
2022-04-03 11:00:00,4.8,0.3687647
2022-04-03 12:00:00,5.7,0.362898
2022-04-03 13:00:00,5.9,0.2979716
2022-04-03 14:00:00,5.8,0.2711133
2022-04-03 15:00:00,3.4,0.27936
2022-04-03 16:00:00,3.1,0.3000541
2022-04-03 17:00:00,5.0,0.3129299
2022-04-03 18:00:00,4.9,0.3666941
2022-04-03 19:00:00,4.7,0.4076301
2022-04-03 20:00:00,3.5,0.3994905
2022-04-03 21:00:00,3.4,0.3694906
2022-04-03 22:00:00,2.3,0.3667655
2022-04-03 23:00:00,2.2,0.3400857
2022-04-04 00:00:00,2.2,0.2967697
2022-04-04 01:00:00,2.3,0.2648539
2022-04-04 02:00:00,2.2,0.26032
2022-04-04 03:00:00,2.2,0.2526564
2022-04-04 04:00:00,2.3,0.2597131
2022-04-04 05:00:00,2.3,0.264604
2022-04-04 06:00:00,2.1,0.31387
2022-04-04 07:00:00,2.9,0.299114
2022-04-04 08:00:00,3.9,0.2759804
2022-04-04 09:00:00,4.4,0.259844
2022-04-04 10:00:00,4.6,0.2443026
2022-04-04 11:00:00,4.2,0.2368413
2022-04-04 12:00:00,4.3,0.2032952
2022-04-04 13:00:00,3.9,0.1924662
2022-04-04 14:00:00,4.2,0.186064
2022-04-04 15:00:00,4.6,0.2002964
2022-04-04 16:00:00,4.7,0.2118156
2022-04-04 17:00:00,4.9,0.2386382
2022-04-04 18:00:00,5.1,0.2388167
2022-04-04 19:00:00,5.3,0.2446834
2022-04-04 20:00:00,5.6,0.2442788
2022-04-04 21:00:00,6.0,0.2388524
2022-04-04 22:00:00,6.2,0.2424462
2022-04-04 23:00:00,6.6,0.2152071
2022-04-05 00:00:00,6.6,0.1836007
2022-04-05 01:00:00,6.5,0.1913
2022-04-05 02:00:00,6.4,0.1973571
2022-04-05 03:00:00,6.3,0.2059965
2022-04-05 04:00:00,6.3,0.2442907
2022-04-05 05:00:00,6.0,0.2555243
2022-04-05 06:00:00,5.7,0.3498913
2022-04-05 07:00:00,5.6,0.4174833
2022-04-05 08:00:00,5.8,0.4317157
2022-04-05 09:00:00,6.9,0.4287169
2022-04-05 10:00:00,7.4,0.42573
2022-04-05 11:00:00,7.8,0.4294071
2022-04-05 12:00:00,7.5,0.4105456
2022-04-05 13:00:00,7.7,0.4209462
2022-04-05 14:00:00,8.4,0.4037031
2022-04-05 15:00:00,8.8,0.4209343
2022-04-05 16:00:00,10.0,0.4226479
2022-04-05 17:00:00,10.0,0.4676299
2022-04-05 18:00:00,9.6,0.4867056
2022-04-05 19:00:00,9.6,0.5244167
2022-04-05 20:00:00,9.4,0.4863129
2022-04-05 21:00:00,9.5,0.4250993
2022-04-05 22:00:00,9.4,0.3812835
2022-04-05 23:00:00,9.4,0.3503315999999999
2022-04-06 00:00:00,9.2,0.2899153
2022-04-06 01:00:00,9.1,0.3222
2022-04-06 02:00:00,9.1,0.3062064
2022-04-06 03:00:00,9.1,0.3003873
2022-04-06 04:00:00,9.4,0.3062421
2022-04-06 05:00:00,9.5,0.2965912
2022-04-06 06:00:00,9.4,0.352664
2022-04-06 07:00:00,8.5,0.3672296
2022-04-06 08:00:00,9.2,0.364207
2022-04-06 09:00:00,9.6,0.3452384
2022-04-06 10:00:00,9.7,0.2694711
2022-04-06 11:00:00,9.6,0.2446834
2022-04-06 12:00:00,9.8,0.248182
2022-04-06 13:00:00,10.0,0.2445287
2022-04-06 14:00:00,10.0,0.2412562
2022-04-06 15:00:00,10.1,0.2445525
2022-04-06 16:00:00,9.9,0.2446239
2022-04-06 17:00:00,9.7,0.3058494
2022-04-06 18:00:00,9.9,0.3525926
2022-04-06 19:00:00,10.3,0.3679317
2022-04-06 20:00:00,10.3,0.35909
2022-04-06 21:00:00,9.5,0.3131798
2022-04-06 22:00:00,9.7,0.2854409
2022-04-06 23:00:00,9.5,0.2274403
2022-04-07 00:00:00,9.7,0.2424938
2022-04-07 01:00:00,9.5,0.2362106
2022-04-07 02:00:00,9.9,0.2265716
2022-04-07 03:00:00,9.6,0.2360202
2022-04-07 04:00:00,9.3,0.2431602
2022-04-07 05:00:00,9.6,0.2438147
2022-04-07 06:00:00,9.7,0.244255
2022-04-07 07:00:00,10.2,0.2627357
2022-04-07 08:00:00,10.8,0.2903437
2022-04-07 09:00:00,11.1,0.2476465
2022-04-07 10:00:00,9.9,0.2411967
2022-04-07 11:00:00,9.5,0.2412086
2022-04-07 12:00:00,4.9,0.2476822
2022-04-07 13:00:00,6.4,0.2393522
2022-04-07 14:00:00,9.9,0.2390785
2022-04-07 15:00:00,10.3,0.2428865
2022-04-07 16:00:00,11.2,0.2446358
2022-04-07 17:00:00,10.9,0.2518829
2022-04-07 18:00:00,6.9,0.2532514
2022-04-07 19:00:00,7.3,0.2679479
2022-04-07 20:00:00,5.7,0.2502764
2022-04-07 21:00:00,7.0,0.2334855
2022-04-07 22:00:00,6.5,0.2379361
2022-04-07 23:00:00,7.1,0.1881465
2022-04-08 00:00:00,6.5,0.1580038
2022-04-08 01:00:00,6.2,0.1568257
2022-04-08 02:00:00,6.2,0.1568138
2022-04-08 03:00:00,5.8,0.1585393
2022-04-08 04:00:00,4.6,0.1658102
2022-04-08 05:00:00,5.0,0.2085669
2022-04-08 06:00:00,3.8,0.2690903
2022-04-08 07:00:00,3.5,0.3308394
2022-04-08 08:00:00,4.4,0.3341
2022-04-08 09:00:00,5.7,0.25913
2022-04-08 10:00:00,6.3,0.2530015
2022-04-08 11:00:00,6.4,0.2585826
2022-04-08 12:00:00,7.1,0.2605461
2022-04-08 13:00:00,7.5,0.2643779
2022-04-08 14:00:00,8.4,0.3112163
2022-04-08 15:00:00,7.9,0.3532709
2022-04-08 16:00:00,7.9,0.3770709
2022-04-08 17:00:00,8.0,0.3963489
2022-04-08 18:00:00,6.7,0.429181
2022-04-08 19:00:00,4.0,0.4742463
2022-04-08 20:00:00,3.9,0.4638576000000001
2022-04-08 21:00:00,3.8,0.419542
2022-04-08 22:00:00,2.9,0.3814620000000001
2022-04-08 23:00:00,2.2,0.3459762
2022-04-09 00:00:00,2.7,0.2975075
2022-04-09 01:00:00,2.9,0.2872139999999999
2022-04-09 02:00:00,2.8,0.2656869
2022-04-09 03:00:00,3.2,0.2546318
2022-04-09 04:00:00,3.0,0.2497528
2022-04-09 05:00:00,2.9,0.2462066
2022-04-09 06:00:00,2.7,0.2467064
2022-04-09 07:00:00,3.2,0.2604985
2022-04-09 08:00:00,4.5,0.254251
2022-04-09 09:00:00,5.4,0.2385668
2022-04-09 10:00:00,7.3,0.1855166
2022-04-09 11:00:00,7.8,0.1615976
2022-04-09 12:00:00,8.4,0.1555881
2022-04-09 13:00:00,6.7,0.1552668
2022-04-09 14:00:00,4.0,0.1526369
2022-04-09 15:00:00,6.1,0.155481
2022-04-09 16:00:00,5.1,0.1555643
2022-04-09 17:00:00,4.6,0.1579562
2022-04-09 18:00:00,4.4,0.2458139
2022-04-09 19:00:00,3.3,0.2709943
2022-04-09 20:00:00,2.7,0.28055
2022-04-09 21:00:00,2.9,0.2638305
2022-04-09 22:00:00,2.5,0.2624263
2022-04-09 23:00:00,2.2,0.2387572
2022-04-10 00:00:00,2.5,0.2400424
2022-04-10 01:00:00,2.5,0.1867185
2022-04-10 02:00:00,1.9,0.1848621
2022-04-10 03:00:00,2.4,0.1861473
2022-04-10 04:00:00,2.2,0.2032476
2022-04-10 05:00:00,1.5,0.1994515
2022-04-10 06:00:00,1.7,0.1864805
2022-04-10 07:00:00,2.2,0.2091738
2022-04-10 08:00:00,3.8,0.1981544
2022-04-10 09:00:00,4.7,0.1820537
2022-04-10 10:00:00,5.5,0.1702251
2022-04-10 11:00:00,6.3,0.17107
2022-04-10 12:00:00,6.9,0.1619189
2022-04-10 13:00:00,5.8,0.155719
2022-04-10 14:00:00,8.3,0.1557071
2022-04-10 15:00:00,7.2,0.1560998
2022-04-10 16:00:00,7.9,0.1657388
2022-04-10 17:00:00,7.5,0.2401257
2022-04-10 18:00:00,5.9,0.322081
2022-04-10 19:00:00,5.1,0.4334769
2022-04-10 20:00:00,3.6,0.4556942
2022-04-10 21:00:00,4.7,0.4406526
2022-04-10 22:00:00,4.5,0.4391532
2022-04-10 23:00:00,3.7,0.422517
2022-04-11 00:00:00,2.5,0.3726321999999999
2022-04-11 01:00:00,1.3,0.3757262
2022-04-11 02:00:00,1.2,0.375274
2022-04-11 03:00:00,1.2,0.3765592
2022-04-11 04:00:00,1.6,0.3883045
2022-04-11 05:00:00,2.2,0.4180664
2022-04-11 06:00:00,1.7,0.4708429
2022-04-11 07:00:00,2.2,0.5125167
2022-04-11 08:00:00,4.8,0.4947856999999999
2022-04-11 09:00:00,7.8,0.45905
2022-04-11 10:00:00,8.8,0.4113548
2022-04-11 11:00:00,9.7,0.3825449
2022-04-11 12:00:00,11.0,0.3791415
2022-04-11 13:00:00,11.3,0.3719896
2022-04-11 14:00:00,12.3,0.3697762
2022-04-11 15:00:00,12.6,0.3695263
2022-04-11 16:00:00,13.0,0.3732034000000001
2022-04-11 17:00:00,13.2,0.4166741
2022-04-11 18:00:00,12.5,0.4689508
2022-04-11 19:00:00,10.4,0.5090181
2022-04-11 20:00:00,8.6,0.5011403000000001
2022-04-11 21:00:00,7.9,0.4742939
2022-04-11 22:00:00,6.6,0.4507081
2022-04-11 23:00:00,5.6,0.398836
2022-04-12 00:00:00,5.5,0.385151
2022-04-12 01:00:00,4.9,0.3801649
2022-04-12 02:00:00,3.9,0.3747147
2022-04-12 03:00:00,3.1,0.37337
2022-04-12 04:00:00,2.7,0.3764045
2022-04-12 05:00:00,3.1,0.3835207
2022-04-12 06:00:00,3.0,0.4287526
2022-04-12 07:00:00,4.3,0.4754482
2022-04-12 08:00:00,6.7,0.4653927
2022-04-12 09:00:00,9.1,0.4162338
2022-04-12 10:00:00,11.6,0.3727869
2022-04-12 11:00:00,13.4,0.3606608
2022-04-12 12:00:00,15.4,0.3175828
2022-04-12 13:00:00,16.2,0.2865238
2022-04-12 14:00:00,17.4,0.2746119
2022-04-12 15:00:00,18.3,0.2961866
2022-04-12 16:00:00,18.3,0.322081
2022-04-12 17:00:00,17.7,0.369086
2022-04-12 18:00:00,17.3,0.4120093
2022-04-12 19:00:00,16.3,0.4353571
2022-04-12 20:00:00,15.6,0.4334293
2022-04-12 21:00:00,14.8,0.3806052
2022-04-12 22:00:00,13.7,0.3667774
2022-04-12 23:00:00,12.8,0.3195106
2022-04-13 00:00:00,12.5,0.3479873
2022-04-13 01:00:00,10.7,0.3529139
2022-04-13 02:00:00,8.7,0.3499389
2022-04-13 03:00:00,8.8,0.3550797
2022-04-13 04:00:00,8.0,0.3706687
2022-04-13 05:00:00,7.7,0.4082608
2022-04-13 06:00:00,7.9,0.4516006
2022-04-13 07:00:00,9.6,0.4739488
2022-04-13 08:00:00,13.0,0.4814577
2022-04-13 09:00:00,15.6,0.4581575
2022-04-13 10:00:00,17.9,0.408951
2022-04-13 11:00:00,19.3,0.3846155
2022-04-13 12:00:00,20.4,0.3801768
2022-04-13 13:00:00,21.0,0.3876976
2022-04-13 14:00:00,21.8,0.3936595
2022-04-13 15:00:00,21.6,0.38884
2022-04-13 16:00:00,21.6,0.3941593
2022-04-13 17:00:00,20.4,0.4426875
2022-04-13 18:00:00,19.2,0.472378
2022-04-13 19:00:00,18.1,0.5113505
2022-04-13 20:00:00,17.8,0.5145397
2022-04-13 21:00:00,16.4,0.4757457
2022-04-13 22:00:00,14.7,0.4531
2022-04-13 23:00:00,13.5,0.4316086
2022-04-14 00:00:00,13.0,0.4322155
2022-04-14 01:00:00,12.6,0.4026797
2022-04-14 02:00:00,12.3,0.3937665999999999
2022-04-14 03:00:00,12.0,0.3912795
2022-04-14 04:00:00,11.5,0.3935643
2022-04-14 05:00:00,11.3,0.3989074
2022-04-14 06:00:00,11.2,0.45786
2022-04-14 07:00:00,11.2,0.4796726999999999
2022-04-14 08:00:00,11.5,0.4913109
2022-04-14 09:00:00,12.5,0.4564082
2022-04-14 10:00:00,14.0,0.4130565
2022-04-14 11:00:00,14.3,0.4085226
2022-04-14 12:00:00,15.4,0.3962656
2022-04-14 13:00:00,16.4,0.3878761
2022-04-14 14:00:00,15.9,0.3860316
2022-04-14 15:00:00,16.1,0.3840681
2022-04-14 16:00:00,16.2,0.3870907
2022-04-14 17:00:00,15.7,0.408832
2022-04-14 18:00:00,15.6,0.4470786
2022-04-14 19:00:00,14.7,0.4781732999999999
2022-04-14 20:00:00,11.9,0.4796489
2022-04-14 21:00:00,10.5,0.4714974
2022-04-14 22:00:00,10.2,0.4574792
2022-04-14 23:00:00,9.7,0.4344884
2022-04-15 00:00:00,7.6,0.411331
2022-04-15 01:00:00,7.9,0.3917555
2022-04-15 02:00:00,7.7,0.3867932
2022-04-15 03:00:00,7.7,0.3822831
2022-04-15 04:00:00,7.5,0.3839134
2022-04-15 05:00:00,7.2,0.3898634
2022-04-15 06:00:00,7.2,0.3999427
2022-04-15 07:00:00,7.0,0.4183282
2022-04-15 08:00:00,7.5,0.4053572
2022-04-15 09:00:00,8.6,0.3816047999999999
2022-04-15 10:00:00,9.0,0.3824378
2022-04-15 11:00:00,9.6,0.3775945
2022-04-15 12:00:00,9.0,0.3460357
2022-04-15 13:00:00,9.1,0.3551035
2022-04-15 14:00:00,9.2,0.3428822
2022-04-15 15:00:00,10.4,0.3354209
2022-04-15 16:00:00,10.3,0.3400619
2022-04-15 17:00:00,10.4,0.3689908
2022-04-15 18:00:00,10.0,0.3890899
2022-04-15 19:00:00,9.8,0.4273365
2022-04-15 20:00:00,9.6,0.4364281
2022-04-15 21:00:00,9.3,0.4041196
2022-04-15 22:00:00,8.9,0.3996571
2022-04-15 23:00:00,8.5,0.3891256
2022-04-16 00:00:00,8.0,0.3830804
2022-04-16 01:00:00,7.6,0.3738103
2022-04-16 02:00:00,6.8,0.3674199999999999
2022-04-16 03:00:00,6.2,0.3629099
2022-04-16 04:00:00,4.3,0.3600539
2022-04-16 05:00:00,2.8,0.3692526
2022-04-16 06:00:00,1.7,0.3804862
2022-04-16 07:00:00,3.1,0.3830328
2022-04-16 08:00:00,4.8,0.381224
2022-04-16 09:00:00,6.4,0.3610178
2022-04-16 10:00:00,7.1,0.3300302
2022-04-16 11:00:00,8.9,0.3007681
2022-04-16 12:00:00,10.5,0.2536084
2022-04-16 13:00:00,11.4,0.218551
2022-04-16 14:00:00,12.0,0.1957982
2022-04-16 15:00:00,12.6,0.2035808
2022-04-16 16:00:00,12.8,0.2339496
2022-04-16 17:00:00,13.0,0.2837749
2022-04-16 18:00:00,12.6,0.3593161
2022-04-16 19:00:00,11.5,0.3877452
2022-04-16 20:00:00,8.6,0.4005139
2022-04-16 21:00:00,7.2,0.3870193
2022-04-16 22:00:00,6.0,0.3648496
2022-04-16 23:00:00,5.8,0.3541872
2022-04-17 00:00:00,3.9,0.3462618
2022-04-17 01:00:00,2.9,0.3221643
2022-04-17 02:00:00,2.7,0.3004944
2022-04-17 03:00:00,2.4,0.3024222
2022-04-17 04:00:00,1.5,0.3150123999999999
2022-04-17 05:00:00,1.3,0.3221524
2022-04-17 06:00:00,1.0,0.329459
2022-04-17 07:00:00,3.0,0.3269719
2022-04-17 08:00:00,5.9,0.3145245
2022-04-17 09:00:00,8.3,0.2746
2022-04-17 10:00:00,10.3,0.2459448
2022-04-17 11:00:00,11.5,0.2047351
2022-04-17 12:00:00,12.6,0.1802687
2022-04-17 13:00:00,13.3,0.1556833
2022-04-17 14:00:00,14.4,0.1556
2022-04-17 15:00:00,14.8,0.1556952
2022-04-17 16:00:00,15.0,0.17345
2022-04-17 17:00:00,14.8,0.234378
2022-04-17 18:00:00,14.3,0.3436438
2022-04-17 19:00:00,13.2,0.3728345
2022-04-17 20:00:00,10.9,0.3835326
2022-04-17 21:00:00,9.4,0.3791772
2022-04-17 22:00:00,8.0,0.3596374
2022-04-17 23:00:00,5.6,0.3437033
2022-04-18 00:00:00,5.4,0.269721
2022-04-18 01:00:00,5.0,0.25199
2022-04-18 02:00:00,4.5,0.25556
2022-04-18 03:00:00,2.7,0.25199
2022-04-18 04:00:00,1.4,0.2570475
2022-04-18 05:00:00,1.5,0.2654489
2022-04-18 06:00:00,1.7,0.2689237
2022-04-18 07:00:00,4.2,0.28055
2022-04-18 08:00:00,7.6,0.2848935
2022-04-18 09:00:00,10.9,0.2760042
2022-04-18 10:00:00,13.2,0.2692569
2022-04-18 11:00:00,13.9,0.2542748
2022-04-18 12:00:00,14.1,0.2460162
2022-04-18 13:00:00,15.0,0.2283923
2022-04-18 14:00:00,15.9,0.20915
2022-04-18 15:00:00,16.1,0.2276902
2022-04-18 16:00:00,16.0,0.2542748
2022-04-18 17:00:00,16.0,0.2998875
2022-04-18 18:00:00,15.5,0.3815096
2022-04-18 19:00:00,14.1,0.441557
2022-04-18 20:00:00,11.8,0.4539687
2022-04-18 21:00:00,10.9,0.425254
2022-04-18 22:00:00,9.6,0.4188637
2022-04-18 23:00:00,7.5,0.39598
2022-04-19 00:00:00,6.8,0.39955
2022-04-19 01:00:00,6.5,0.3852462
2022-04-19 02:00:00,5.3,0.3830565999999999
2022-04-19 03:00:00,5.0,0.3828304999999999
2022-04-19 04:00:00,4.4,0.3817
2022-04-19 05:00:00,3.1,0.3943259
2022-04-19 06:00:00,3.0,0.4546113
2022-04-19 07:00:00,4.8,0.5024017000000001
2022-04-19 08:00:00,7.1,0.5071617
2022-04-19 09:00:00,8.7,0.4598949
2022-04-19 10:00:00,10.4,0.4323226
2022-04-19 11:00:00,12.0,0.4027749
2022-04-19 12:00:00,12.9,0.3859364
2022-04-19 13:00:00,14.7,0.3782014
2022-04-19 14:00:00,15.1,0.3657183
2022-04-19 15:00:00,15.3,0.3651709
2022-04-19 16:00:00,15.5,0.3566386
2022-04-19 17:00:00,15.2,0.3856627
2022-04-19 18:00:00,14.5,0.4232667
2022-04-19 19:00:00,13.2,0.4400457
2022-04-19 20:00:00,10.3,0.4412119
2022-04-19 21:00:00,9.1,0.421684
2022-04-19 22:00:00,7.9,0.3936
2022-04-19 23:00:00,6.8,0.3747979999999999
2022-04-20 00:00:00,6.5,0.38289
2022-04-20 01:00:00,5.6,0.3811645
2022-04-20 02:00:00,4.6,0.373489
2022-04-20 03:00:00,4.5,0.3737032
2022-04-20 04:00:00,3.5,0.3738222
2022-04-20 05:00:00,3.0,0.3911724
2022-04-20 06:00:00,3.0,0.4260156
2022-04-20 07:00:00,3.4,0.4530048
2022-04-20 08:00:00,5.4,0.452981
2022-04-20 09:00:00,7.9,0.4054524
2022-04-20 10:00:00,10.4,0.385865
2022-04-20 11:00:00,12.5,0.3804029
2022-04-20 12:00:00,13.1,0.3648853
2022-04-20 13:00:00,14.1,0.3559603
2022-04-20 14:00:00,14.5,0.344691
2022-04-20 15:00:00,14.9,0.3602205
2022-04-20 16:00:00,15.6,0.3648615
2022-04-20 17:00:00,14.6,0.3890185
2022-04-20 18:00:00,14.6,0.4209105
2022-04-20 19:00:00,13.6,0.45191
2022-04-20 20:00:00,11.6,0.4531
2022-04-20 21:00:00,10.4,0.4402242
2022-04-20 22:00:00,9.7,0.417519
2022-04-20 23:00:00,8.5,0.3959443
2022-04-21 00:00:00,7.2,0.3799745
2022-04-21 01:00:00,5.5,0.3697048
2022-04-21 02:00:00,6.0,0.3710852
2022-04-21 03:00:00,5.6,0.3685148
2022-04-21 04:00:00,4.8,0.370395
2022-04-21 05:00:00,3.0,0.3935048
2022-04-21 06:00:00,2.0,0.4290144
2022-04-21 07:00:00,3.2,0.4602638
2022-04-21 08:00:00,5.9,0.4605375
2022-04-21 09:00:00,6.9,0.4319894
2022-04-21 10:00:00,8.9,0.4030367
2022-04-21 11:00:00,11.0,0.3900419
2022-04-21 12:00:00,12.5,0.3758214
2022-04-21 13:00:00,12.3,0.3653375
2022-04-21 14:00:00,13.1,0.3554367
2022-04-21 15:00:00,13.0,0.3555795
2022-04-21 16:00:00,13.4,0.361946
2022-04-21 17:00:00,12.9,0.3761546
2022-04-21 18:00:00,12.6,0.3995024
2022-04-21 19:00:00,12.3,0.4181378
2022-04-21 20:00:00,10.5,0.4216959
2022-04-21 21:00:00,9.6,0.4179236
2022-04-21 22:00:00,9.3,0.3932549
2022-04-21 23:00:00,8.9,0.3633978
2022-04-22 00:00:00,8.4,0.3829733
2022-04-22 01:00:00,8.7,0.3744767
2022-04-22 02:00:00,8.3,0.3781419
2022-04-22 03:00:00,8.3,0.3690979
2022-04-22 04:00:00,7.8,0.3651471
2022-04-22 05:00:00,7.2,0.3812002
2022-04-22 06:00:00,6.9,0.4151033
2022-04-22 07:00:00,6.7,0.4411405
2022-04-22 08:00:00,6.9,0.446079
2022-04-22 09:00:00,7.6,0.4186495
2022-04-22 10:00:00,9.1,0.3895064
2022-04-22 11:00:00,10.9,0.3420849
2022-04-22 12:00:00,12.1,0.3012917
2022-04-22 13:00:00,14.2,0.2728388
2022-04-22 14:00:00,15.3,0.2588563
2022-04-22 15:00:00,15.3,0.2588563
2022-04-22 16:00:00,14.9,0.2773846
2022-04-22 17:00:00,14.1,0.31863
2022-04-22 18:00:00,14.0,0.3701094
2022-04-22 19:00:00,13.3,0.4050359
2022-04-22 20:00:00,12.3,0.4054643
2022-04-22 21:00:00,12.2,0.37575
2022-04-22 22:00:00,12.0,0.3819023
2022-04-22 23:00:00,12.0,0.3309108
2022-04-23 00:00:00,11.7,0.3108474
2022-04-23 01:00:00,11.4,0.2941636
2022-04-23 02:00:00,9.5,0.2848935
2022-04-23 03:00:00,8.4,0.2972576
2022-04-23 04:00:00,7.4,0.297686
2022-04-23 05:00:00,6.9,0.3011608
2022-04-23 06:00:00,6.6,0.3083008
2022-04-23 07:00:00,7.9,0.3265316
2022-04-23 08:00:00,9.7,0.3239849999999999
2022-04-23 09:00:00,11.4,0.2540011
2022-04-23 10:00:00,12.4,0.2215617
2022-04-23 11:00:00,13.5,0.1745448
2022-04-23 12:00:00,14.9,0.1584917
2022-04-23 13:00:00,15.3,0.1556119
2022-04-23 14:00:00,16.4,0.1556952
2022-04-23 15:00:00,16.4,0.1616333
2022-04-23 16:00:00,16.9,0.1799355
2022-04-23 17:00:00,16.7,0.2684715
2022-04-23 18:00:00,16.2,0.3208553
2022-04-23 19:00:00,15.1,0.3557461
2022-04-23 20:00:00,11.9,0.3595184
2022-04-23 21:00:00,11.1,0.3198795
2022-04-23 22:00:00,11.1,0.2962937
2022-04-23 23:00:00,11.0,0.2721605
2022-04-24 00:00:00,9.4,0.2752902
2022-04-24 01:00:00,8.5,0.2664366
2022-04-24 02:00:00,7.1,0.2649848
2022-04-24 03:00:00,6.5,0.2601772
2022-04-24 04:00:00,5.4,0.2556314
2022-04-24 05:00:00,4.6,0.2601296
2022-04-24 06:00:00,4.8,0.2600939
2022-04-24 07:00:00,7.2,0.268769
2022-04-24 08:00:00,8.5,0.2704469
2022-04-24 09:00:00,9.7,0.2530372
2022-04-24 10:00:00,12.2,0.244731
2022-04-24 11:00:00,12.9,0.2425057
2022-04-24 12:00:00,13.9,0.2208834
2022-04-24 13:00:00,14.5,0.1966669
2022-04-24 14:00:00,15.3,0.196298
2022-04-24 15:00:00,14.9,0.2080671
2022-04-24 16:00:00,14.8,0.2422439
2022-04-24 17:00:00,14.7,0.2885587
2022-04-24 18:00:00,14.1,0.3519619
2022-04-24 19:00:00,13.7,0.3919935
2022-04-24 20:00:00,12.8,0.4232905
2022-04-24 21:00:00,11.3,0.4134254
2022-04-24 22:00:00,10.1,0.4004187
2022-04-24 23:00:00,8.9,0.3781181
2022-04-25 00:00:00,7.8,0.3757024
2022-04-25 01:00:00,7.3,0.3742982
2022-04-25 02:00:00,7.0,0.3764997
2022-04-25 03:00:00,6.8,0.377059
2022-04-25 04:00:00,6.7,0.3794628
2022-04-25 05:00:00,6.6,0.3936714
2022-04-25 06:00:00,6.5,0.4379037
2022-04-25 07:00:00,6.5,0.4672253
2022-04-25 08:00:00,6.1,0.4798393000000001
2022-04-25 09:00:00,6.3,0.4519814
2022-04-25 10:00:00,7.0,0.4323821
2022-04-25 11:00:00,7.4,0.4268843
2022-04-25 12:00:00,8.2,0.40669
2022-04-25 13:00:00,9.3,0.3936
2022-04-25 14:00:00,10.2,0.387531
2022-04-25 15:00:00,11.9,0.3840681
2022-04-25 16:00:00,11.9,0.381105
2022-04-25 17:00:00,11.6,0.4046075
2022-04-25 18:00:00,11.5,0.4563249
2022-04-25 19:00:00,10.5,0.4815172
2022-04-25 20:00:00,10.0,0.4836949
2022-04-25 21:00:00,9.9,0.4708667
2022-04-25 22:00:00,8.4,0.45786
2022-04-25 23:00:00,7.8,0.4357736
2022-04-26 00:00:00,6.5,0.4085226
2022-04-26 01:00:00,5.3,0.3995619
2022-04-26 02:00:00,6.2,0.3990621
2022-04-26 03:00:00,4.4,0.3948733
2022-04-26 04:00:00,3.4,0.3985504
2022-04-26 05:00:00,3.8,0.4328105
2022-04-26 06:00:00,2.2,0.4727588
2022-04-26 07:00:00,5.7,0.5006999999999999
2022-04-26 08:00:00,9.4,0.5006999999999999
2022-04-26 09:00:00,11.3,0.4655712000000001
2022-04-26 10:00:00,13.2,0.4362972
2022-04-26 11:00:00,13.9,0.4224932
2022-04-26 12:00:00,14.2,0.4166979
2022-04-26 13:00:00,13.9,0.4060831
2022-04-26 14:00:00,14.8,0.4104861
2022-04-26 15:00:00,14.9,0.4119498
2022-04-26 16:00:00,14.8,0.4067257
2022-04-26 17:00:00,13.9,0.4411167
2022-04-26 18:00:00,13.0,0.4657497
2022-04-26 19:00:00,12.1,0.48999
2022-04-26 20:00:00,11.8,0.4968444
2022-04-26 21:00:00,10.0,0.4769119
2022-04-26 22:00:00,8.8,0.45905
2022-04-26 23:00:00,8.6,0.4315729
2022-04-27 00:00:00,7.0,0.4015968
2022-04-27 01:00:00,5.6,0.3912319
2022-04-27 02:00:00,4.7,0.3892684
2022-04-27 03:00:00,4.3,0.3870907
2022-04-27 04:00:00,3.4,0.3906369
2022-04-27 05:00:00,2.2,0.4054286
2022-04-27 06:00:00,2.5,0.446198
2022-04-27 07:00:00,5.1,0.4781018999999999
2022-04-27 08:00:00,7.5,0.4721162
2022-04-27 09:00:00,9.5,0.4563606
2022-04-27 10:00:00,11.1,0.4236118
2022-04-27 11:00:00,11.9,0.4104028
2022-04-27 12:00:00,13.2,0.4027154
2022-04-27 13:00:00,13.7,0.3943378
2022-04-27 14:00:00,14.5,0.3855318
2022-04-27 15:00:00,15.0,0.3828424
2022-04-27 16:00:00,15.2,0.3833065
2022-04-27 17:00:00,14.5,0.4013231
2022-04-27 18:00:00,13.9,0.4403789
2022-04-27 19:00:00,12.5,0.4744009999999999
2022-04-27 20:00:00,10.6,0.4725327
2022-04-27 21:00:00,9.0,0.4589786
2022-04-27 22:00:00,8.0,0.4356427
2022-04-27 23:00:00,6.9,0.3966583
2022-04-28 00:00:00,4.9,0.4110097
2022-04-28 01:00:00,3.6,0.3959086
2022-04-28 02:00:00,2.6,0.39122
2022-04-28 03:00:00,2.1,0.3952303
2022-04-28 04:00:00,1.4,0.395385
2022-04-28 05:00:00,1.4,0.4154365
2022-04-28 06:00:00,1.1,0.45905
2022-04-28 07:00:00,4.1,0.4928103
2022-04-28 08:00:00,7.3,0.4879551000000001
2022-04-28 09:00:00,9.3,0.4545994
2022-04-28 10:00:00,10.2,0.4232667
2022-04-28 11:00:00,11.2,0.4097364
2022-04-28 12:00:00,12.3,0.40312
2022-04-28 13:00:00,13.1,0.3937071
2022-04-28 14:00:00,13.9,0.3900895
2022-04-28 15:00:00,15.0,0.389197
2022-04-28 16:00:00,15.4,0.3901847
2022-04-28 17:00:00,15.5,0.4145797
2022-04-28 18:00:00,15.3,0.45905
2022-04-28 19:00:00,13.8,0.4877170999999999
2022-04-28 20:00:00,11.4,0.4946429
2022-04-28 21:00:00,10.1,0.4756029
2022-04-28 22:00:00,8.9,0.4573364
2022-04-28 23:00:00,6.7,0.4207082
2022-04-29 00:00:00,5.2,0.4007995
2022-04-29 01:00:00,3.9,0.3973485
2022-04-29 02:00:00,3.1,0.3965988
2022-04-29 03:00:00,2.8,0.3974437
2022-04-29 04:00:00,2.9,0.3996571
2022-04-29 05:00:00,2.8,0.4100934
2022-04-29 06:00:00,2.2,0.4599663
2022-04-29 07:00:00,3.7,0.4888714
2022-04-29 08:00:00,6.6,0.5021518
2022-04-29 09:00:00,9.4,0.4606445999999999
2022-04-29 10:00:00,11.6,0.4296927
2022-04-29 11:00:00,13.3,0.414306
2022-04-29 12:00:00,14.6,0.4035603
2022-04-29 13:00:00,15.3,0.3903275
2022-04-29 14:00:00,13.9,0.3879356
2022-04-29 15:00:00,14.2,0.3876976
2022-04-29 16:00:00,14.3,0.40074
2022-04-29 17:00:00,13.9,0.412997
2022-04-29 18:00:00,13.5,0.4495062
2022-04-29 19:00:00,11.9,0.4674752
2022-04-29 20:00:00,11.0,0.4719853
2022-04-29 21:00:00,9.5,0.4590143
2022-04-29 22:00:00,8.7,0.4430564
2022-04-29 23:00:00,8.0,0.4149129
2022-04-30 00:00:00,7.4,0.3992882
2022-04-30 01:00:00,6.7,0.380629
2022-04-30 02:00:00,6.3,0.3815929
2022-04-30 03:00:00,6.1,0.3786893
2022-04-30 04:00:00,5.7,0.3816524
2022-04-30 05:00:00,5.4,0.3874239
2022-04-30 06:00:00,5.3,0.39479
2022-04-30 07:00:00,6.0,0.4014421
2022-04-30 08:00:00,7.0,0.4055119
2022-04-30 09:00:00,7.6,0.4005615
2022-04-30 10:00:00,8.4,0.3887805
2022-04-30 11:00:00,9.8,0.3776302
2022-04-30 12:00:00,10.2,0.3698476
2022-04-30 13:00:00,11.0,0.3613986
2022-04-30 14:00:00,11.6,0.3535565
2022-04-30 15:00:00,12.3,0.3456311
2022-04-30 16:00:00,12.4,0.3539135
2022-04-30 17:00:00,13.0,0.3841038
2022-04-30 18:00:00,12.6,0.4246471
2022-04-30 19:00:00,11.8,0.4494943
2022-04-30 20:00:00,11.2,0.4562415999999999
2022-04-30 21:00:00,10.4,0.4496609
2022-04-30 22:00:00,10.0,0.4401171
2022-04-30 23:00:00,9.4,0.41621
2022-10-01 00:00:00,11.0,0.2322479
2022-10-01 01:00:00,11.2,0.2312721
2022-10-01 02:00:00,11.3,0.2151
2022-10-01 03:00:00,10.3,0.1811612
2022-10-01 04:00:00,11.5,0.1757229
2022-10-01 05:00:00,11.5,0.1734857
2022-10-01 06:00:00,10.6,0.1734738
2022-10-01 07:00:00,10.0,0.1839696
2022-10-01 08:00:00,10.0,0.2091738
2022-10-01 09:00:00,10.3,0.2425295
2022-10-01 10:00:00,10.6,0.2863215
2022-10-01 11:00:00,12.4,0.2826562999999999
2022-10-01 12:00:00,13.4,0.2627
2022-10-01 13:00:00,15.4,0.2437076
2022-10-01 14:00:00,15.6,0.2343304
2022-10-01 15:00:00,15.7,0.235211
2022-10-01 16:00:00,10.6,0.2386858
2022-10-01 17:00:00,12.7,0.319582
2022-10-01 18:00:00,12.5,0.3570908
2022-10-01 19:00:00,12.2,0.3885663
2022-10-01 20:00:00,12.1,0.3701213
2022-10-01 21:00:00,11.4,0.328031
2022-10-01 22:00:00,11.3,0.2868451
2022-10-01 23:00:00,11.1,0.2477655
2022-10-02 00:00:00,11.4,0.2324026
2022-10-02 01:00:00,11.9,0.2318076
2022-10-02 02:00:00,11.5,0.2249056
2022-10-02 03:00:00,11.3,0.2293205
2022-10-02 04:00:00,11.7,0.2260361
2022-10-02 05:00:00,11.6,0.2264407
2022-10-02 06:00:00,11.8,0.2262622
2022-10-02 07:00:00,11.6,0.2260123
2022-10-02 08:00:00,12.1,0.2567857
2022-10-02 09:00:00,13.5,0.26508
2022-10-02 10:00:00,14.2,0.2438385
2022-10-02 11:00:00,15.4,0.2294752
2022-10-02 12:00:00,15.5,0.2239893
2022-10-02 13:00:00,13.7,0.2226803
2022-10-02 14:00:00,14.8,0.2324145
2022-10-02 15:00:00,16.3,0.2353419
2022-10-02 16:00:00,12.3,0.2643184
2022-10-02 17:00:00,13.1,0.3841395
2022-10-02 18:00:00,12.4,0.4888
2022-10-02 19:00:00,11.4,0.5265468000000001
2022-10-02 20:00:00,11.2,0.5006762
2022-10-02 21:00:00,10.9,0.4298593
2022-10-02 22:00:00,10.5,0.349213
2022-10-02 23:00:00,10.2,0.3351948
2022-10-03 00:00:00,9.8,0.2517996
2022-10-03 01:00:00,9.4,0.2675076
2022-10-03 02:00:00,9.9,0.2542748
2022-10-03 03:00:00,9.6,0.2558813
2022-10-03 04:00:00,9.3,0.2688998999999999
2022-10-03 05:00:00,9.8,0.3066705
2022-10-03 06:00:00,9.4,0.3848892
2022-10-03 07:00:00,9.8,0.4887286
2022-10-03 08:00:00,10.2,0.517479
2022-10-03 09:00:00,11.8,0.4447938
2022-10-03 10:00:00,13.3,0.3861387
2022-10-03 11:00:00,14.4,0.294949
2022-10-03 12:00:00,15.8,0.2746
2022-10-03 13:00:00,15.2,0.3007324
2022-10-03 14:00:00,16.1,0.2548817
2022-10-03 15:00:00,15.9,0.322557
2022-10-03 16:00:00,15.9,0.3984433
2022-10-03 17:00:00,15.2,0.5394821000000001
2022-10-03 18:00:00,14.6,0.6210209
2022-10-03 19:00:00,13.8,0.7108778
2022-10-03 20:00:00,12.5,0.6076215
2022-10-03 21:00:00,10.7,0.5379470000000001
2022-10-03 22:00:00,10.9,0.5345198
2022-10-03 23:00:00,9.0,0.4887167
2022-10-04 00:00:00,9.4,0.4001212
2022-10-04 01:00:00,9.4,0.3800221
2022-10-04 02:00:00,9.9,0.3789272999999999
2022-10-04 03:00:00,9.1,0.356829
2022-10-04 04:00:00,9.6,0.3789511
2022-10-04 05:00:00,9.6,0.3899348
2022-10-04 06:00:00,9.5,0.5482643
2022-10-04 07:00:00,8.7,0.664325
2022-10-04 08:00:00,10.3,0.7474940999999999
2022-10-04 09:00:00,12.2,0.5329371
2022-10-04 10:00:00,13.8,0.4636909999999999
2022-10-04 11:00:00,15.8,0.4141156
2022-10-04 12:00:00,16.1,0.3482729
2022-10-04 13:00:00,16.9,0.3349210999999999
2022-10-04 14:00:00,17.1,0.3222833
2022-10-04 15:00:00,17.6,0.3270552
2022-10-04 16:00:00,17.5,0.3733461999999999
2022-10-04 17:00:00,17.2,0.466309
2022-10-04 18:00:00,15.4,0.6035636
2022-10-04 19:00:00,14.7,0.6876609
2022-10-04 20:00:00,14.4,0.5353171
2022-10-04 21:00:00,13.3,0.4284075
2022-10-04 22:00:00,12.8,0.3661943
2022-10-04 23:00:00,12.6,0.3199628
2022-10-05 00:00:00,12.2,0.3221881
2022-10-05 01:00:00,12.1,0.2785984
2022-10-05 02:00:00,12.2,0.2701613
2022-10-05 03:00:00,12.6,0.2616171
2022-10-05 04:00:00,12.8,0.286381
2022-10-05 05:00:00,12.6,0.2539773
2022-10-05 06:00:00,12.3,0.3674199999999999
2022-10-05 07:00:00,11.8,0.4248256
2022-10-05 08:00:00,12.7,0.42335
2022-10-05 09:00:00,13.4,0.382295
2022-10-05 10:00:00,15.1,0.2832037
2022-10-05 11:00:00,15.4,0.2246319
2022-10-05 12:00:00,15.6,0.1987137
2022-10-05 13:00:00,17.1,0.1602529
2022-10-05 14:00:00,18.0,0.1560522
2022-10-05 15:00:00,17.7,0.1704274
2022-10-05 16:00:00,18.4,0.2267977
2022-10-05 17:00:00,17.9,0.2893917
2022-10-05 18:00:00,16.8,0.3742625
2022-10-05 19:00:00,16.6,0.3579714
2022-10-05 20:00:00,16.3,0.2847269
2022-10-05 21:00:00,17.3,0.2315696
2022-10-05 22:00:00,17.9,0.2316648
2022-10-05 23:00:00,17.4,0.2210262
2022-10-06 00:00:00,17.4,0.1567067
2022-10-06 01:00:00,17.4,0.1560641
2022-10-06 02:00:00,13.4,0.155719
2022-10-06 03:00:00,13.4,0.1561831
2022-10-06 04:00:00,13.2,0.156195
2022-10-06 05:00:00,13.1,0.1984519
2022-10-06 06:00:00,13.4,0.262819
2022-10-06 07:00:00,12.6,0.3318271
2022-10-06 08:00:00,12.8,0.3330409
2022-10-06 09:00:00,13.5,0.2424343
2022-10-06 10:00:00,14.4,0.230451
2022-10-06 11:00:00,14.9,0.1665837
2022-10-06 12:00:00,15.5,0.1657626
2022-10-06 13:00:00,15.3,0.1663576
2022-10-06 14:00:00,16.5,0.1952151
2022-10-06 15:00:00,16.8,0.2284875
2022-10-06 16:00:00,16.3,0.2420535
2022-10-06 17:00:00,15.8,0.3826877
2022-10-06 18:00:00,14.1,0.5093513000000001
2022-10-06 19:00:00,12.6,0.5840952
2022-10-06 20:00:00,12.1,0.4817671
2022-10-06 21:00:00,9.9,0.3823664
2022-10-06 22:00:00,10.7,0.3643022
2022-10-06 23:00:00,10.3,0.3642903
2022-10-07 00:00:00,9.8,0.3685505
2022-10-07 01:00:00,9.9,0.328626
2022-10-07 02:00:00,8.7,0.3290187
2022-10-07 03:00:00,8.5,0.3323388
2022-10-07 04:00:00,8.4,0.33529
2022-10-07 05:00:00,7.8,0.3612677
2022-10-07 06:00:00,7.9,0.4049883
2022-10-07 07:00:00,7.4,0.5145754
2022-10-07 08:00:00,8.7,0.4532309
2022-10-07 09:00:00,11.2,0.3804624
2022-10-07 10:00:00,13.3,0.3467735
2022-10-07 11:00:00,14.9,0.246516
2022-10-07 12:00:00,15.5,0.2349016
2022-10-07 13:00:00,15.8,0.2317838
2022-10-07 14:00:00,16.7,0.232831
2022-10-07 15:00:00,16.8,0.2421249
2022-10-07 16:00:00,17.0,0.3268291
2022-10-07 17:00:00,16.3,0.3998832
2022-10-07 18:00:00,14.3,0.4561464
2022-10-07 19:00:00,11.4,0.5000693
2022-10-07 20:00:00,10.2,0.3907083
2022-10-07 21:00:00,9.3,0.3400738
2022-10-07 22:00:00,11.2,0.3572931
2022-10-07 23:00:00,10.0,0.3008157
2022-10-08 00:00:00,9.1,0.3118708
2022-10-08 01:00:00,10.4,0.2920573
2022-10-08 02:00:00,9.5,0.2955678
2022-10-08 03:00:00,9.7,0.3006729
2022-10-08 04:00:00,10.6,0.2983881
2022-10-08 05:00:00,11.6,0.3103595
2022-10-08 06:00:00,11.5,0.2946991
2022-10-08 07:00:00,11.6,0.3256034
2022-10-08 08:00:00,11.4,0.3551868
2022-10-08 09:00:00,12.1,0.3829971
2022-10-08 10:00:00,12.6,0.3522950999999999
2022-10-08 11:00:00,13.5,0.2817757
2022-10-08 12:00:00,13.8,0.2369484
2022-10-08 13:00:00,12.0,0.2146002
2022-10-08 14:00:00,14.1,0.2102329
2022-10-08 15:00:00,14.5,0.2488246
2022-10-08 16:00:00,13.5,0.2465398
2022-10-08 17:00:00,13.1,0.353616
2022-10-08 18:00:00,10.8,0.4467216
2022-10-08 19:00:00,8.7,0.5150157
2022-10-08 20:00:00,8.7,0.4292404999999999
2022-10-08 21:00:00,8.1,0.4305614
2022-10-08 22:00:00,8.8,0.3808908
2022-10-08 23:00:00,8.2,0.3705854
2022-10-09 00:00:00,7.6,0.4127947
2022-10-09 01:00:00,7.4,0.3876738
2022-10-09 02:00:00,7.4,0.3809979
2022-10-09 03:00:00,6.3,0.348499
2022-10-09 04:00:00,5.3,0.3245205
2022-10-09 05:00:00,5.1,0.3306728
2022-10-09 06:00:00,4.1,0.33767
2022-10-09 07:00:00,3.7,0.3884592
2022-10-09 08:00:00,6.1,0.389673
2022-10-09 09:00:00,9.7,0.3351115
2022-10-09 10:00:00,11.4,0.29364
2022-10-09 11:00:00,13.4,0.2599511
2022-10-09 12:00:00,14.0,0.227119
2022-10-09 13:00:00,15.2,0.217004
2022-10-09 14:00:00,15.8,0.2228469
2022-10-09 15:00:00,15.9,0.2509071
2022-10-09 16:00:00,15.8,0.3131322
2022-10-09 17:00:00,14.6,0.3734652
2022-10-09 18:00:00,11.6,0.3922196
2022-10-09 19:00:00,10.3,0.4635006
2022-10-09 20:00:00,10.9,0.3681102
2022-10-09 21:00:00,10.4,0.3312559
2022-10-09 22:00:00,9.6,0.3011965
2022-10-09 23:00:00,9.3,0.2744334
2022-10-10 00:00:00,8.3,0.2381503
2022-10-10 01:00:00,7.9,0.2399353
2022-10-10 02:00:00,5.9,0.2398877
2022-10-10 03:00:00,5.1,0.2399591
2022-10-10 04:00:00,4.9,0.2515973
2022-10-10 05:00:00,5.2,0.323866
2022-10-10 06:00:00,5.3,0.3552701
2022-10-10 07:00:00,6.5,0.4260394
2022-10-10 08:00:00,8.8,0.4725684
2022-10-10 09:00:00,10.7,0.4140442
2022-10-10 10:00:00,13.2,0.3519857
2022-10-10 11:00:00,14.7,0.3466902
2022-10-10 12:00:00,16.1,0.3144174
2022-10-10 13:00:00,17.2,0.3115852
2022-10-10 14:00:00,17.5,0.3116923
2022-10-10 15:00:00,17.7,0.3214503
2022-10-10 16:00:00,16.9,0.3446434
2022-10-10 17:00:00,16.7,0.4061902
2022-10-10 18:00:00,15.6,0.4504939
2022-10-10 19:00:00,12.9,0.4849206
2022-10-10 20:00:00,12.7,0.4268843
2022-10-10 21:00:00,11.4,0.3909582
2022-10-10 22:00:00,10.3,0.3552463
2022-10-10 23:00:00,9.5,0.3452146
2022-10-11 00:00:00,9.1,0.34005
2022-10-11 01:00:00,8.5,0.363017
2022-10-11 02:00:00,8.0,0.363017
2022-10-11 03:00:00,7.5,0.3597326
2022-10-11 04:00:00,7.4,0.3580547
2022-10-11 05:00:00,7.5,0.356948
2022-10-11 06:00:00,6.2,0.4578361999999999
2022-10-11 07:00:00,6.0,0.5124929
2022-10-11 08:00:00,7.7,0.5708862000000001
2022-10-11 09:00:00,9.9,0.5134568
2022-10-11 10:00:00,11.5,0.4634768
2022-10-11 11:00:00,13.0,0.4404265
2022-10-11 12:00:00,13.3,0.4016325
2022-10-11 13:00:00,14.0,0.3975865
2022-10-11 14:00:00,14.1,0.4030248
2022-10-11 15:00:00,13.6,0.4236594
2022-10-11 16:00:00,14.2,0.4637505
2022-10-11 17:00:00,13.3,0.541041
2022-10-11 18:00:00,10.4,0.6824368000000001
2022-10-11 19:00:00,8.7,0.7324525
2022-10-11 20:00:00,7.3,0.5740635000000001
2022-10-11 21:00:00,6.7,0.5066738
2022-10-11 22:00:00,6.2,0.4674157
2022-10-11 23:00:00,5.8,0.4632626000000001
2022-10-12 00:00:00,4.7,0.4371183
2022-10-12 01:00:00,4.3,0.4200299
2022-10-12 02:00:00,3.5,0.4025964
2022-10-12 03:00:00,3.3,0.3923981
2022-10-12 04:00:00,3.1,0.417281
2022-10-12 05:00:00,2.7,0.4420092
2022-10-12 06:00:00,2.8,0.5218225000000001
2022-10-12 07:00:00,2.5,0.7269428
2022-10-12 08:00:00,4.1,0.725967
2022-10-12 09:00:00,8.1,0.5530957000000001
2022-10-12 10:00:00,10.2,0.4932387000000001
2022-10-12 11:00:00,12.7,0.4317752
2022-10-12 12:00:00,14.2,0.4098316
2022-10-12 13:00:00,14.9,0.414901
2022-10-12 14:00:00,15.4,0.4145202
2022-10-12 15:00:00,16.0,0.4225289
2022-10-12 16:00:00,15.7,0.4430207
2022-10-12 17:00:00,15.1,0.5067571
2022-10-12 18:00:00,13.1,0.605896
2022-10-12 19:00:00,10.2,0.7267642999999999
2022-10-12 20:00:00,7.7,0.5416122000000001
2022-10-12 21:00:00,8.0,0.4804938
2022-10-12 22:00:00,8.8,0.4454245
2022-10-12 23:00:00,9.0,0.4275983
2022-10-13 00:00:00,9.1,0.4158054
2022-10-13 01:00:00,8.2,0.4054999999999999
2022-10-13 02:00:00,8.8,0.386222
2022-10-13 03:00:00,8.5,0.3733224
2022-10-13 04:00:00,8.4,0.3876738
2022-10-13 05:00:00,8.9,0.4155674
2022-10-13 06:00:00,9.2,0.4619893
2022-10-13 07:00:00,9.3,0.4957139
2022-10-13 08:00:00,9.9,0.5513106999999999
2022-10-13 09:00:00,11.4,0.5144564
2022-10-13 10:00:00,12.9,0.4888595
2022-10-13 11:00:00,14.1,0.486063
2022-10-13 12:00:00,15.1,0.468213
2022-10-13 13:00:00,16.2,0.4590381
2022-10-13 14:00:00,16.4,0.45905
2022-10-13 15:00:00,16.3,0.4692601999999999
2022-10-13 16:00:00,16.3,0.4733895
2022-10-13 17:00:00,15.4,0.5034965
2022-10-13 18:00:00,14.3,0.5359954
2022-10-13 19:00:00,14.5,0.564603
2022-10-13 20:00:00,13.8,0.5008190000000001
2022-10-13 21:00:00,12.9,0.4513626
2022-10-13 22:00:00,12.6,0.4235761
2022-10-13 23:00:00,12.5,0.3960514
2022-10-14 00:00:00,12.5,0.4308708
2022-10-14 01:00:00,12.3,0.416924
2022-10-14 02:00:00,12.4,0.4080228
2022-10-14 03:00:00,12.3,0.4074278
2022-10-14 04:00:00,12.4,0.4161148
2022-10-14 05:00:00,12.5,0.4286931
2022-10-14 06:00:00,12.6,0.4868603
2022-10-14 07:00:00,12.3,0.5721
2022-10-14 08:00:00,12.4,0.6466535
2022-10-14 09:00:00,12.9,0.5451941
2022-10-14 10:00:00,14.4,0.5093394
2022-10-14 11:00:00,14.5,0.4916679000000001
2022-10-14 12:00:00,15.6,0.4673918999999999
2022-10-14 13:00:00,16.1,0.4392603
2022-10-14 14:00:00,15.8,0.4190898
2022-10-14 15:00:00,16.0,0.4444011
2022-10-14 16:00:00,16.3,0.463334
2022-10-14 17:00:00,16.1,0.48166
2022-10-14 18:00:00,15.7,0.5006999999999999
2022-10-14 19:00:00,14.8,0.5117670000000001
2022-10-14 20:00:00,14.5,0.4733181
2022-10-14 21:00:00,14.3,0.4149486
2022-10-14 22:00:00,14.1,0.4174357
2022-10-14 23:00:00,14.1,0.38527
2022-10-15 00:00:00,14.2,0.3837944
2022-10-15 01:00:00,14.0,0.36266
2022-10-15 02:00:00,13.2,0.350522
2022-10-15 03:00:00,11.1,0.3278406
2022-10-15 04:00:00,11.7,0.322081
2022-10-15 05:00:00,11.5,0.3142984
2022-10-15 06:00:00,10.7,0.3311131
2022-10-15 07:00:00,9.0,0.3453336
2022-10-15 08:00:00,10.7,0.3776778
2022-10-15 09:00:00,12.1,0.3928027
2022-10-15 10:00:00,13.8,0.3758571
2022-10-15 11:00:00,16.0,0.346
2022-10-15 12:00:00,16.4,0.3280429
2022-10-15 13:00:00,16.8,0.3181183
2022-10-15 14:00:00,18.1,0.2969482
2022-10-15 15:00:00,18.3,0.2984
2022-10-15 16:00:00,18.2,0.3141199
2022-10-15 17:00:00,16.4,0.3572455
2022-10-15 18:00:00,16.5,0.3755477
2022-10-15 19:00:00,16.6,0.3885187
2022-10-15 20:00:00,16.2,0.3436675999999999
2022-10-15 21:00:00,16.1,0.3262340999999999
2022-10-15 22:00:00,16.2,0.3222952
2022-10-15 23:00:00,15.3,0.3087649
2022-10-16 00:00:00,14.1,0.2466826
2022-10-16 01:00:00,13.6,0.236401
2022-10-16 02:00:00,13.5,0.2341281
2022-10-16 03:00:00,13.2,0.2382336
2022-10-16 04:00:00,13.2,0.2497528
2022-10-16 05:00:00,12.5,0.2455045
2022-10-16 06:00:00,12.4,0.240566
2022-10-16 07:00:00,13.5,0.2459805
2022-10-16 08:00:00,14.0,0.2598202
2022-10-16 09:00:00,15.5,0.2565477
2022-10-16 10:00:00,16.2,0.2452308
2022-10-16 11:00:00,17.6,0.2359369
2022-10-16 12:00:00,17.5,0.2163019
2022-10-16 13:00:00,17.7,0.1704631
2022-10-16 14:00:00,18.2,0.1755206
2022-10-16 15:00:00,18.5,0.2329381
2022-10-16 16:00:00,18.2,0.2453736
2022-10-16 17:00:00,17.2,0.3555319
2022-10-16 18:00:00,14.5,0.3879713
2022-10-16 19:00:00,14.4,0.4208153
2022-10-16 20:00:00,13.4,0.3664204
2022-10-16 21:00:00,14.1,0.3281024
2022-10-16 22:00:00,13.2,0.3222476
2022-10-16 23:00:00,14.1,0.3157145
2022-10-17 00:00:00,13.5,0.3082889
2022-10-17 01:00:00,13.5,0.2917479
2022-10-17 02:00:00,13.6,0.2813235
2022-10-17 03:00:00,13.4,0.2622716
2022-10-17 04:00:00,12.7,0.2581066
2022-10-17 05:00:00,12.9,0.2846436
2022-10-17 06:00:00,13.4,0.3094432
2022-10-17 07:00:00,14.5,0.3443815999999999
2022-10-17 08:00:00,15.7,0.3726798
2022-10-17 09:00:00,17.0,0.347309
2022-10-17 10:00:00,18.7,0.3083008
2022-10-17 11:00:00,19.9,0.3090148
2022-10-17 12:00:00,21.2,0.2954131
2022-10-17 13:00:00,21.6,0.2955916
2022-10-17 14:00:00,22.0,0.3022913
2022-10-17 15:00:00,21.4,0.3214622
2022-10-17 16:00:00,20.7,0.3575549
2022-10-17 17:00:00,20.0,0.4201608
2022-10-17 18:00:00,19.5,0.4724137
2022-10-17 19:00:00,18.1,0.4795418
2022-10-17 20:00:00,17.8,0.4292167
2022-10-17 21:00:00,17.8,0.3643498
2022-10-17 22:00:00,17.3,0.3491535
2022-10-17 23:00:00,16.7,0.3281738
2022-10-18 00:00:00,16.2,0.3241516
2022-10-18 01:00:00,15.9,0.3170949
2022-10-18 02:00:00,15.6,0.3226165
2022-10-18 03:00:00,15.0,0.3221405
2022-10-18 04:00:00,14.9,0.334457
2022-10-18 05:00:00,14.4,0.3335169
2022-10-18 06:00:00,13.5,0.3917793
2022-10-18 07:00:00,13.7,0.4634887
2022-10-18 08:00:00,14.1,0.485587
2022-10-18 09:00:00,14.5,0.4437704
2022-10-18 10:00:00,15.3,0.3959324
2022-10-18 11:00:00,15.8,0.3698119
2022-10-18 12:00:00,16.6,0.3545085
2022-10-18 13:00:00,17.1,0.3375748
2022-10-18 14:00:00,17.6,0.3292567
2022-10-18 15:00:00,17.6,0.3383483
2022-10-18 16:00:00,16.7,0.3446077
2022-10-18 17:00:00,14.5,0.4171382
2022-10-18 18:00:00,11.9,0.4473404
2022-10-18 19:00:00,9.8,0.4548017
2022-10-18 20:00:00,10.3,0.3948495
2022-10-18 21:00:00,9.5,0.3544371
2022-10-18 22:00:00,10.4,0.3499151
2022-10-18 23:00:00,9.5,0.3387648
2022-10-19 00:00:00,10.3,0.3122278
2022-10-19 01:00:00,10.2,0.3045642
2022-10-19 02:00:00,9.0,0.3000898
2022-10-19 03:00:00,7.9,0.3044928
2022-10-19 04:00:00,9.3,0.3140842
2022-10-19 05:00:00,9.4,0.332434
2022-10-19 06:00:00,9.7,0.3572217
2022-10-19 07:00:00,9.7,0.4419735
2022-10-19 08:00:00,10.3,0.4504106
2022-10-19 09:00:00,10.9,0.4134611
2022-10-19 10:00:00,11.6,0.3784989
2022-10-19 11:00:00,11.9,0.3635644
2022-10-19 12:00:00,12.0,0.3372178
2022-10-19 13:00:00,12.4,0.3319461
2022-10-19 14:00:00,12.4,0.3251512
2022-10-19 15:00:00,12.2,0.3355994
2022-10-19 16:00:00,12.6,0.3566267
2022-10-19 17:00:00,11.8,0.3910296
2022-10-19 18:00:00,10.9,0.4413904
2022-10-19 19:00:00,9.0,0.4256348
2022-10-19 20:00:00,9.2,0.353735
2022-10-19 21:00:00,8.7,0.3300183
2022-10-19 22:00:00,8.4,0.3318985
2022-10-19 23:00:00,6.9,0.3121683
2022-10-20 00:00:00,5.2,0.3073607
2022-10-20 01:00:00,6.1,0.2923191
2022-10-20 02:00:00,5.2,0.2476941
2022-10-20 03:00:00,4.3,0.2460638
2022-10-20 04:00:00,4.0,0.2412443
2022-10-20 05:00:00,5.3,0.2892846
2022-10-20 06:00:00,4.8,0.3335288
2022-10-20 07:00:00,5.0,0.3611249
2022-10-20 08:00:00,4.9,0.3886139
2022-10-20 09:00:00,6.6,0.3551035
2022-10-20 10:00:00,9.0,0.3548179
2022-10-20 11:00:00,10.4,0.3406569
2022-10-20 12:00:00,11.3,0.312918
2022-10-20 13:00:00,12.6,0.3098954
2022-10-20 14:00:00,12.6,0.310657
2022-10-20 15:00:00,13.1,0.3205459
2022-10-20 16:00:00,13.1,0.3330766
2022-10-20 17:00:00,13.0,0.3571146
2022-10-20 18:00:00,12.3,0.3670392
2022-10-20 19:00:00,11.3,0.3746195
2022-10-20 20:00:00,11.3,0.3545442
2022-10-20 21:00:00,11.4,0.3239612
2022-10-20 22:00:00,11.8,0.3135487
2022-10-20 23:00:00,11.8,0.3032909
2022-10-21 00:00:00,12.1,0.3123587
2022-10-21 01:00:00,12.1,0.2967578
2022-10-21 02:00:00,12.1,0.2904984
2022-10-21 03:00:00,12.8,0.2877019
2022-10-21 04:00:00,12.8,0.2936043
2022-10-21 05:00:00,12.9,0.3178684
2022-10-21 06:00:00,13.1,0.3409663
2022-10-21 07:00:00,12.7,0.3708114999999999
2022-10-21 08:00:00,13.3,0.3871502
2022-10-21 09:00:00,13.8,0.3871978
2022-10-21 10:00:00,14.8,0.3718706
2022-10-21 11:00:00,16.3,0.3673724
2022-10-21 12:00:00,17.0,0.3627433
2022-10-21 13:00:00,16.6,0.353735
2022-10-21 14:00:00,16.7,0.3566624
2022-10-21 15:00:00,16.5,0.3591733
2022-10-21 16:00:00,15.8,0.3684077
2022-10-21 17:00:00,15.8,0.3902442
2022-10-21 18:00:00,15.2,0.3953731
2022-10-21 19:00:00,15.0,0.4054286
2022-10-21 20:00:00,14.2,0.3686576
2022-10-21 21:00:00,13.6,0.351474
2022-10-21 22:00:00,13.0,0.3404546
2022-10-21 23:00:00,12.7,0.3260199
2022-10-22 00:00:00,13.2,0.3260318
2022-10-22 01:00:00,12.4,0.3135249
2022-10-22 02:00:00,12.6,0.3091457
2022-10-22 03:00:00,11.5,0.3132631
2022-10-22 04:00:00,10.8,0.3135606
2022-10-22 05:00:00,11.5,0.316131
2022-10-22 06:00:00,11.4,0.314822
2022-10-22 07:00:00,11.0,0.323628
2022-10-22 08:00:00,12.3,0.3287331
2022-10-22 09:00:00,13.6,0.328864
2022-10-22 10:00:00,16.1,0.3227355
2022-10-22 11:00:00,17.6,0.3130965
2022-10-22 12:00:00,18.0,0.3092766
2022-10-22 13:00:00,18.4,0.2997923
2022-10-22 14:00:00,18.7,0.2922715
2022-10-22 15:00:00,17.5,0.294592
2022-10-22 16:00:00,17.6,0.313632
2022-10-22 17:00:00,16.5,0.3449528
2022-10-22 18:00:00,15.3,0.3687647
2022-10-22 19:00:00,14.8,0.3736437
2022-10-22 20:00:00,14.6,0.3509504
2022-10-22 21:00:00,13.7,0.32577
2022-10-22 22:00:00,13.1,0.3186419
2022-10-22 23:00:00,11.3,0.3131798
2022-10-23 00:00:00,11.8,0.2872854
2022-10-23 01:00:00,11.3,0.2735885
2022-10-23 02:00:00,11.1,0.2669126
2022-10-23 03:00:00,10.5,0.2627
2022-10-23 04:00:00,10.1,0.2653299
2022-10-23 05:00:00,9.3,0.2609745
2022-10-23 06:00:00,10.7,0.280312
2022-10-23 07:00:00,10.6,0.2865
2022-10-23 08:00:00,10.9,0.3001374
2022-10-23 09:00:00,11.9,0.2922834
2022-10-23 10:00:00,13.3,0.26984
2022-10-23 11:00:00,14.9,0.2665437
2022-10-23 12:00:00,15.8,0.2549293
2022-10-23 13:00:00,17.1,0.2462423
2022-10-23 14:00:00,18.5,0.2487889
2022-10-23 15:00:00,17.8,0.2508238
2022-10-23 16:00:00,17.6,0.2617837
2022-10-23 17:00:00,16.9,0.2792053
2022-10-23 18:00:00,16.1,0.2894036
2022-10-23 19:00:00,15.9,0.2930331
2022-10-23 20:00:00,15.3,0.2781462
2022-10-23 21:00:00,15.1,0.2595227
2022-10-23 22:00:00,14.4,0.2516449
2022-10-23 23:00:00,13.9,0.2431007
2022-10-24 00:00:00,13.8,0.2184439
2022-10-24 01:00:00,14.5,0.2148858
2022-10-24 02:00:00,14.9,0.2009152
2022-10-24 03:00:00,14.8,0.1854452
2022-10-24 04:00:00,14.7,0.2009033
2022-10-24 05:00:00,15.0,0.2178727
2022-10-24 06:00:00,15.3,0.2368651
2022-10-24 07:00:00,15.0,0.2789911
2022-10-24 08:00:00,15.4,0.300899
2022-10-24 09:00:00,16.7,0.2852029
2022-10-24 10:00:00,17.9,0.2802525
2022-10-24 11:00:00,18.6,0.2525731
2022-10-24 12:00:00,18.5,0.236639
2022-10-24 13:00:00,18.3,0.2363058
2022-10-24 14:00:00,18.1,0.2367461
2022-10-24 15:00:00,17.9,0.2462304
2022-10-24 16:00:00,17.6,0.253775
2022-10-24 17:00:00,16.8,0.2864762
2022-10-24 18:00:00,15.8,0.3011013
2022-10-24 19:00:00,15.6,0.315417
2022-10-24 20:00:00,14.9,0.2855837
2022-10-24 21:00:00,14.6,0.2588087
2022-10-24 22:00:00,13.4,0.2575473
2022-10-24 23:00:00,13.9,0.248896
2022-10-25 00:00:00,13.8,0.2233467
2022-10-25 01:00:00,14.1,0.2158021
2022-10-25 02:00:00,13.9,0.2228231
2022-10-25 03:00:00,14.2,0.2224661
2022-10-25 04:00:00,13.5,0.235806
2022-10-25 05:00:00,13.4,0.2396973
2022-10-25 06:00:00,14.0,0.2589872
2022-10-25 07:00:00,13.9,0.2967935
2022-10-25 08:00:00,13.7,0.3215217
2022-10-25 09:00:00,14.1,0.3057423
2022-10-25 10:00:00,14.7,0.2772299
2022-10-25 11:00:00,15.1,0.274719
2022-10-25 12:00:00,15.2,0.2672339
2022-10-25 13:00:00,15.7,0.2492768
2022-10-25 14:00:00,15.6,0.2507762
2022-10-25 15:00:00,16.2,0.2652109
2022-10-25 16:00:00,15.6,0.293164
2022-10-25 17:00:00,14.1,0.3398477
2022-10-25 18:00:00,13.5,0.3701689
2022-10-25 19:00:00,11.5,0.3773327000000001
2022-10-25 20:00:00,11.9,0.337313
2022-10-25 21:00:00,11.6,0.3108117
2022-10-25 22:00:00,9.5,0.2991973
2022-10-25 23:00:00,10.4,0.2892727
2022-10-26 00:00:00,10.2,0.271744
2022-10-26 01:00:00,8.8,0.2643541
2022-10-26 02:00:00,9.7,0.2605937
2022-10-26 03:00:00,8.8,0.2611411
2022-10-26 04:00:00,8.3,0.2704707
2022-10-26 05:00:00,8.1,0.2835369
2022-10-26 06:00:00,8.9,0.3079676
2022-10-26 07:00:00,7.6,0.3400262
2022-10-26 08:00:00,8.1,0.348499
2022-10-26 09:00:00,10.8,0.3341714
2022-10-26 10:00:00,12.4,0.3142389
2022-10-26 11:00:00,14.6,0.2967102
2022-10-26 12:00:00,15.3,0.2894631
2022-10-26 13:00:00,16.6,0.2935567
2022-10-26 14:00:00,17.3,0.2966507
2022-10-26 15:00:00,18.8,0.3042429
2022-10-26 16:00:00,17.8,0.3305062
2022-10-26 17:00:00,16.4,0.3278168
2022-10-26 18:00:00,15.3,0.339931
2022-10-26 19:00:00,14.7,0.3362539
2022-10-26 20:00:00,12.4,0.3075035
2022-10-26 21:00:00,12.3,0.2864881
2022-10-26 22:00:00,11.9,0.2727793
2022-10-26 23:00:00,11.8,0.262819
2022-10-27 00:00:00,11.5,0.2649729
2022-10-27 01:00:00,10.8,0.2699709
2022-10-27 02:00:00,11.1,0.2723866
2022-10-27 03:00:00,12.2,0.2698519
2022-10-27 04:00:00,12.1,0.2726246
2022-10-27 05:00:00,10.8,0.2917836
2022-10-27 06:00:00,11.2,0.3182968
2022-10-27 07:00:00,11.8,0.3659801
2022-10-27 08:00:00,12.5,0.3665275
2022-10-27 09:00:00,14.3,0.328269
2022-10-27 10:00:00,15.4,0.3107284
2022-10-27 11:00:00,17.6,0.2969839
2022-10-27 12:00:00,19.3,0.2836321
2022-10-27 13:00:00,19.1,0.2756234
2022-10-27 14:00:00,19.9,0.2814068
2022-10-27 15:00:00,19.9,0.2984714
2022-10-27 16:00:00,19.5,0.3230211
2022-10-27 17:00:00,18.5,0.3454764
2022-10-27 18:00:00,17.6,0.3399905
2022-10-27 19:00:00,17.5,0.3264959
2022-10-27 20:00:00,17.6,0.3124658
2022-10-27 21:00:00,17.1,0.30792
2022-10-27 22:00:00,17.3,0.2999946
2022-10-27 23:00:00,17.0,0.2725651
2022-10-28 00:00:00,16.8,0.2605342
2022-10-28 01:00:00,16.3,0.2597845
2022-10-28 02:00:00,16.3,0.2605342
2022-10-28 03:00:00,16.5,0.2603676
2022-10-28 04:00:00,16.4,0.2617599
2022-10-28 05:00:00,16.0,0.2660915
2022-10-28 06:00:00,15.9,0.2923429
2022-10-28 07:00:00,15.7,0.3074321
2022-10-28 08:00:00,16.0,0.3149886
2022-10-28 09:00:00,18.3,0.3026602
2022-10-28 10:00:00,19.3,0.297924
2022-10-28 11:00:00,21.1,0.2805381
2022-10-28 12:00:00,22.9,0.2745405
2022-10-28 13:00:00,23.2,0.261391
2022-10-28 14:00:00,23.5,0.2652942
2022-10-28 15:00:00,22.6,0.2700423
2022-10-28 16:00:00,21.7,0.2816448
2022-10-28 17:00:00,20.7,0.3045642
2022-10-28 18:00:00,20.3,0.3092052
2022-10-28 19:00:00,19.3,0.3075273
2022-10-28 20:00:00,18.6,0.289951
2022-10-28 21:00:00,19.7,0.2772299
2022-10-28 22:00:00,18.5,0.2765159
2022-10-28 23:00:00,17.8,0.2651157
2022-10-29 00:00:00,16.3,0.2666389
2022-10-29 01:00:00,17.0,0.2659963
2022-10-29 02:00:00,16.1,0.2631879
2022-10-29 03:00:00,15.5,0.2602962
2022-10-29 04:00:00,15.7,0.25913
2022-10-29 05:00:00,13.2,0.2587373
2022-10-29 06:00:00,12.9,0.2643541
2022-10-29 07:00:00,12.1,0.2761708
2022-10-29 08:00:00,14.3,0.2924976
2022-10-29 09:00:00,14.9,0.28531
2022-10-29 10:00:00,17.0,0.2692212
2022-10-29 11:00:00,18.4,0.25913
2022-10-29 12:00:00,19.2,0.2565715
2022-10-29 13:00:00,19.4,0.2525374
2022-10-29 14:00:00,19.9,0.2561669
2022-10-29 15:00:00,20.7,0.2626524
2022-10-29 16:00:00,20.9,0.2899748
2022-10-29 17:00:00,19.1,0.3019819
2022-10-29 18:00:00,17.9,0.3220929
2022-10-29 19:00:00,17.3,0.3201056
2022-10-29 20:00:00,16.6,0.3006015
2022-10-29 21:00:00,15.6,0.286381
2022-10-29 22:00:00,15.9,0.2794076
2022-10-29 23:00:00,16.2,0.2716131
2022-10-30 00:00:00,16.7,0.2781819
2022-10-30 01:00:00,16.7,0.2751831
2022-10-30 02:00:00,16.5,0.274838
2022-10-30 03:00:00,15.1,0.2725889
2022-10-30 04:00:00,13.3,0.2727674
2022-10-30 05:00:00,12.9,0.2733862
2022-10-30 06:00:00,12.7,0.2752545
2022-10-30 07:00:00,12.5,0.2865476
2022-10-30 08:00:00,13.9,0.2904627
2022-10-30 09:00:00,18.0,0.2795742
2022-10-30 10:00:00,19.4,0.2719939
2022-10-30 11:00:00,20.3,0.2746357
2022-10-30 12:00:00,21.3,0.2746
2022-10-30 13:00:00,21.7,0.2746
2022-10-30 14:00:00,21.6,0.2858217
2022-10-30 15:00:00,20.4,0.3038859
2022-10-30 16:00:00,18.4,0.3223785
2022-10-30 17:00:00,16.4,0.34124
2022-10-30 18:00:00,15.2,0.3583522
2022-10-30 19:00:00,14.6,0.35195
2022-10-30 20:00:00,14.1,0.3311488
2022-10-30 21:00:00,13.7,0.3209624
2022-10-30 22:00:00,12.5,0.30673
2022-10-30 23:00:00,13.3,0.2856194
2022-10-31 00:00:00,13.6,0.3095622
2022-10-31 01:00:00,13.8,0.2973171
2022-10-31 02:00:00,14.0,0.2940207999999999
2022-10-31 03:00:00,13.2,0.291974
2022-10-31 04:00:00,10.8,0.2925333
2022-10-31 05:00:00,11.1,0.3025055
2022-10-31 06:00:00,11.3,0.3288878
2022-10-31 07:00:00,9.8,0.3536041
2022-10-31 08:00:00,11.4,0.35552
2022-10-31 09:00:00,14.0,0.3380270000000001
2022-10-31 10:00:00,15.1,0.3261865
2022-10-31 11:00:00,15.2,0.3245205
2022-10-31 12:00:00,15.8,0.3245324
2022-10-31 13:00:00,16.5,0.3292924
2022-10-31 14:00:00,15.8,0.34005
2022-10-31 15:00:00,15.0,0.3568885
2022-10-31 16:00:00,13.9,0.3691812
2022-10-31 17:00:00,14.0,0.3953969
2022-10-31 18:00:00,14.4,0.3731796
2022-10-31 19:00:00,14.1,0.3552939
2022-10-31 20:00:00,14.0,0.3306371
2022-10-31 21:00:00,13.8,0.3183682
2022-10-31 22:00:00,13.3,0.2990069
2022-10-31 23:00:00,13.0,0.2754687
2022-11-01 00:00:00,12.2,0.2515735
2022-11-01 01:00:00,12.4,0.2468492
2022-11-01 02:00:00,12.3,0.2213594
2022-11-01 03:00:00,12.3,0.19963
2022-11-01 04:00:00,12.8,0.2017244
2022-11-01 05:00:00,12.8,0.2206097
2022-11-01 06:00:00,15.8,0.2269405
2022-11-01 07:00:00,16.7,0.2484081
2022-11-01 08:00:00,16.6,0.256036
2022-11-01 09:00:00,17.0,0.2361035
2022-11-01 10:00:00,17.2,0.2236442
2022-11-01 11:00:00,17.1,0.2138029
2022-11-01 12:00:00,17.2,0.2015221
2022-11-01 13:00:00,16.9,0.2046756
2022-11-01 14:00:00,16.9,0.2375791
2022-11-01 15:00:00,16.3,0.2508
2022-11-01 16:00:00,14.7,0.2619741
2022-11-01 17:00:00,13.8,0.291855
2022-11-01 18:00:00,13.4,0.3050997
2022-11-01 19:00:00,12.7,0.2770752
2022-11-01 20:00:00,12.8,0.2557861
2022-11-01 21:00:00,13.0,0.2408873
2022-11-01 22:00:00,12.2,0.2383883
2022-11-01 23:00:00,12.6,0.1885749
2022-11-02 00:00:00,11.9,0.2209548
2022-11-02 01:00:00,11.2,0.1845646
2022-11-02 02:00:00,11.8,0.1762822
2022-11-02 03:00:00,12.4,0.1737832
2022-11-02 04:00:00,11.9,0.179638
2022-11-02 05:00:00,11.4,0.1913119
2022-11-02 06:00:00,10.8,0.2385549
2022-11-02 07:00:00,11.0,0.2712561
2022-11-02 08:00:00,12.9,0.2711728
2022-11-02 09:00:00,13.6,0.2425057
2022-11-02 10:00:00,13.6,0.2116252
2022-11-02 11:00:00,13.4,0.2062702
2022-11-02 12:00:00,13.9,0.2031286
2022-11-02 13:00:00,14.0,0.2182654
2022-11-02 14:00:00,14.1,0.2414823
2022-11-02 15:00:00,13.0,0.264247
2022-11-02 16:00:00,11.9,0.2809784
2022-11-02 17:00:00,10.4,0.3303991
2022-11-02 18:00:00,10.0,0.3328267
2022-11-02 19:00:00,9.5,0.3103
2022-11-02 20:00:00,9.1,0.2712561
2022-11-02 21:00:00,8.7,0.2552268
2022-11-02 22:00:00,8.2,0.2611054
2022-11-02 23:00:00,8.2,0.2527754
2022-11-03 00:00:00,8.6,0.2457187
2022-11-03 01:00:00,9.1,0.2410301
2022-11-03 02:00:00,9.8,0.2108398
2022-11-03 03:00:00,9.9,0.2092571
2022-11-03 04:00:00,9.6,0.2077577
2022-11-03 05:00:00,9.3,0.2407802
2022-11-03 06:00:00,9.1,0.2599273
2022-11-03 07:00:00,9.3,0.2743263
2022-11-03 08:00:00,10.1,0.2900581
2022-11-03 09:00:00,11.3,0.282573
2022-11-03 10:00:00,11.9,0.2676385
2022-11-03 11:00:00,12.3,0.2844175
2022-11-03 12:00:00,12.8,0.2870117
2022-11-03 13:00:00,13.4,0.3090386
2022-11-03 14:00:00,13.4,0.3046594
2022-11-03 15:00:00,13.3,0.317797
2022-11-03 16:00:00,12.6,0.3146078
2022-11-03 17:00:00,12.7,0.3191774
2022-11-03 18:00:00,13.0,0.3087649
2022-11-03 19:00:00,11.9,0.3129299
2022-11-03 20:00:00,12.2,0.3082532
2022-11-03 21:00:00,12.3,0.2854052
2022-11-03 22:00:00,12.0,0.3036241
2022-11-03 23:00:00,11.0,0.290665
2022-11-04 00:00:00,11.2,0.2604509
2022-11-04 01:00:00,11.2,0.2663176
2022-11-04 02:00:00,11.2,0.2615814
2022-11-04 03:00:00,11.4,0.2677218
2022-11-04 04:00:00,11.1,0.2918431
2022-11-04 05:00:00,10.7,0.3096693
2022-11-04 06:00:00,10.0,0.3636001
2022-11-04 07:00:00,10.2,0.4007995
2022-11-04 08:00:00,10.4,0.4116285
2022-11-04 09:00:00,10.3,0.405381
2022-11-04 10:00:00,10.6,0.3995024
2022-11-04 11:00:00,11.1,0.3969082
2022-11-04 12:00:00,11.3,0.3972295
2022-11-04 13:00:00,11.9,0.3805218999999999
2022-11-04 14:00:00,11.5,0.4025964
2022-11-04 15:00:00,11.0,0.4090224
2022-11-04 16:00:00,9.3,0.4143297999999999
2022-11-04 17:00:00,8.4,0.4411881
2022-11-04 18:00:00,6.9,0.4418545
2022-11-04 19:00:00,6.6,0.4147106
2022-11-04 20:00:00,7.9,0.3883402
2022-11-04 21:00:00,6.4,0.37813
2022-11-04 22:00:00,5.1,0.369562
2022-11-04 23:00:00,5.2,0.3605299
2022-11-05 00:00:00,4.6,0.3348021
2022-11-05 01:00:00,4.7,0.3184991
2022-11-05 02:00:00,3.5,0.3133226
2022-11-05 03:00:00,3.3,0.3110735
2022-11-05 04:00:00,2.7,0.3110735
2022-11-05 05:00:00,2.6,0.31625
2022-11-05 06:00:00,4.3,0.3174281
2022-11-05 07:00:00,3.9,0.324818
2022-11-05 08:00:00,4.9,0.3255558
2022-11-05 09:00:00,8.0,0.3273765
2022-11-05 10:00:00,9.4,0.3187728
2022-11-05 11:00:00,10.2,0.308396
2022-11-05 12:00:00,10.7,0.3050164
2022-11-05 13:00:00,11.1,0.2924857
2022-11-05 14:00:00,11.3,0.3062897
2022-11-05 15:00:00,9.7,0.3198557
2022-11-05 16:00:00,9.1,0.3353495
2022-11-05 17:00:00,9.1,0.3542467
2022-11-05 18:00:00,9.0,0.3579
2022-11-05 19:00:00,8.8,0.3499151
2022-11-05 20:00:00,8.7,0.2900462
2022-11-05 21:00:00,8.7,0.2675314
2022-11-05 22:00:00,9.0,0.2642232
2022-11-05 23:00:00,7.9,0.2422915
2022-11-06 00:00:00,8.0,0.2244415
2022-11-06 01:00:00,8.5,0.183803
2022-11-06 02:00:00,8.7,0.1972857
2022-11-06 03:00:00,8.2,0.1813754
2022-11-06 04:00:00,7.3,0.2323907
2022-11-06 05:00:00,7.9,0.1878966
2022-11-06 06:00:00,7.8,0.219265
2022-11-06 07:00:00,7.6,0.192847
2022-11-06 08:00:00,8.2,0.2001536
2022-11-06 09:00:00,9.2,0.2090429
2022-11-06 10:00:00,10.4,0.2264169
2022-11-06 11:00:00,11.6,0.2156593
2022-11-06 12:00:00,11.0,0.2318195
2022-11-06 13:00:00,12.1,0.2025574
2022-11-06 14:00:00,12.0,0.2532633
2022-11-06 15:00:00,11.6,0.2567143
2022-11-06 16:00:00,10.8,0.2568095
2022-11-06 17:00:00,10.9,0.2755639
2022-11-06 18:00:00,11.1,0.2478726
2022-11-06 19:00:00,10.2,0.243303
2022-11-06 20:00:00,10.5,0.1995943
2022-11-06 21:00:00,9.2,0.1879085
2022-11-06 22:00:00,9.2,0.1884321
2022-11-06 23:00:00,9.6,0.1792215
2022-11-07 00:00:00,10.0,0.1557071
2022-11-07 01:00:00,10.4,0.1557071
2022-11-07 02:00:00,10.9,0.1557071
2022-11-07 03:00:00,11.2,0.155957
2022-11-07 04:00:00,11.5,0.16155
2022-11-07 05:00:00,11.4,0.1663933
2022-11-07 06:00:00,11.5,0.2202408
2022-11-07 07:00:00,11.4,0.2740288
2022-11-07 08:00:00,11.6,0.2805976
2022-11-07 09:00:00,12.2,0.256036
2022-11-07 10:00:00,12.7,0.2354966
2022-11-07 11:00:00,13.2,0.2375434
2022-11-07 12:00:00,14.2,0.2394474
2022-11-07 13:00:00,14.5,0.2559765
2022-11-07 14:00:00,14.0,0.2732553
2022-11-07 15:00:00,13.6,0.3360159
2022-11-07 16:00:00,13.4,0.3329695
2022-11-07 17:00:00,13.4,0.3407283
2022-11-07 18:00:00,12.9,0.3418231
2022-11-07 19:00:00,12.9,0.3223785
2022-11-07 20:00:00,13.2,0.2865833
2022-11-07 21:00:00,13.1,0.2559527
2022-11-07 22:00:00,12.9,0.2473014
2022-11-07 23:00:00,13.2,0.2202884
2022-11-08 00:00:00,13.2,0.2479202
2022-11-08 01:00:00,12.8,0.2502169
2022-11-08 02:00:00,12.2,0.2430055
2022-11-08 03:00:00,11.6,0.2403518
2022-11-08 04:00:00,11.3,0.2305581
2022-11-08 05:00:00,11.3,0.2469563
2022-11-08 06:00:00,11.3,0.2572379
2022-11-08 07:00:00,10.8,0.3093956
2022-11-08 08:00:00,10.9,0.3168331
2022-11-08 09:00:00,12.7,0.264247
2022-11-08 10:00:00,13.7,0.2405422
2022-11-08 11:00:00,15.4,0.2455878
2022-11-08 12:00:00,15.2,0.2423034
2022-11-08 13:00:00,16.5,0.2641637
2022-11-08 14:00:00,16.4,0.2668174
2022-11-08 15:00:00,16.0,0.2996257
2022-11-08 16:00:00,15.7,0.302327
2022-11-08 17:00:00,15.3,0.3165713
2022-11-08 18:00:00,14.8,0.324699
2022-11-08 19:00:00,14.8,0.2981382
2022-11-08 20:00:00,15.4,0.272934
2022-11-08 21:00:00,15.4,0.2567262
2022-11-08 22:00:00,15.3,0.2743263
2022-11-08 23:00:00,15.0,0.2405303
2022-11-09 00:00:00,15.2,0.2441598
2022-11-09 01:00:00,14.9,0.2441479
2022-11-09 02:00:00,14.8,0.2329143
2022-11-09 03:00:00,14.5,0.2365914
2022-11-09 04:00:00,14.5,0.2369722
2022-11-09 05:00:00,14.3,0.259487
2022-11-09 06:00:00,14.0,0.2948895
2022-11-09 07:00:00,13.6,0.3324697
2022-11-09 08:00:00,13.8,0.3466902
2022-11-09 09:00:00,14.1,0.330768
2022-11-09 10:00:00,14.2,0.3092647
2022-11-09 11:00:00,14.7,0.2958177
2022-11-09 12:00:00,15.1,0.2913432999999999
2022-11-09 13:00:00,15.5,0.2977931
2022-11-09 14:00:00,15.2,0.3273884
2022-11-09 15:00:00,14.7,0.3329933
2022-11-09 16:00:00,13.7,0.3448814
2022-11-09 17:00:00,13.3,0.3842109
2022-11-09 18:00:00,13.3,0.3935524
2022-11-09 19:00:00,13.2,0.3565196
2022-11-09 20:00:00,12.7,0.333029
2022-11-09 21:00:00,12.7,0.3230211
2022-11-09 22:00:00,12.2,0.3075987
2022-11-09 23:00:00,12.3,0.2969839
2022-11-10 00:00:00,11.8,0.2919026
2022-11-10 01:00:00,11.4,0.2865
2022-11-10 02:00:00,10.2,0.274362
2022-11-10 03:00:00,9.6,0.2771466
2022-11-10 04:00:00,9.3,0.2743263
2022-11-10 05:00:00,8.8,0.2895345
2022-11-10 06:00:00,9.3,0.3378961
2022-11-10 07:00:00,9.1,0.3722514
2022-11-10 08:00:00,10.2,0.3925528
2022-11-10 09:00:00,11.3,0.3549488
2022-11-10 10:00:00,12.1,0.3035646
2022-11-10 11:00:00,13.1,0.3023746
2022-11-10 12:00:00,13.7,0.2621288
2022-11-10 13:00:00,14.1,0.2760756
2022-11-10 14:00:00,14.2,0.3067062
2022-11-10 15:00:00,14.0,0.3379556
2022-11-10 16:00:00,12.6,0.3753335
2022-11-10 17:00:00,11.9,0.3905536
2022-11-10 18:00:00,11.6,0.3915056
2022-11-10 19:00:00,11.0,0.3721205
2022-11-10 20:00:00,10.8,0.3282333
2022-11-10 21:00:00,11.0,0.3047665
2022-11-10 22:00:00,11.0,0.3007562
2022-11-10 23:00:00,10.6,0.2507881
2022-11-11 00:00:00,9.7,0.2391975
2022-11-11 01:00:00,9.4,0.2364843
2022-11-11 02:00:00,9.4,0.2364843
2022-11-11 03:00:00,9.5,0.2367461
2022-11-11 04:00:00,10.0,0.2457663
2022-11-11 05:00:00,10.0,0.2522994
2022-11-11 06:00:00,9.0,0.28531
2022-11-11 07:00:00,9.2,0.3160239
2022-11-11 08:00:00,10.2,0.3329933
2022-11-11 09:00:00,11.6,0.3049688
2022-11-11 10:00:00,12.7,0.2880708
2022-11-11 11:00:00,13.9,0.2858455
2022-11-11 12:00:00,15.1,0.2799431
2022-11-11 13:00:00,15.4,0.2915218
2022-11-11 14:00:00,15.2,0.3159406
2022-11-11 15:00:00,14.6,0.362779
2022-11-11 16:00:00,13.0,0.3693359
2022-11-11 17:00:00,10.6,0.4037269
2022-11-11 18:00:00,8.2,0.4016801
2022-11-11 19:00:00,7.1,0.3666703
2022-11-11 20:00:00,6.0,0.3414899
2022-11-11 21:00:00,6.1,0.3140247
2022-11-11 22:00:00,5.8,0.3081937
2022-11-11 23:00:00,5.8,0.2996376
2022-11-12 00:00:00,3.6,0.3191179
2022-11-12 01:00:00,3.3,0.3153099
2022-11-12 02:00:00,2.7,0.3103119
2022-11-12 03:00:00,2.9,0.306492
2022-11-12 04:00:00,2.5,0.3096336
2022-11-12 05:00:00,2.7,0.3099192
2022-11-12 06:00:00,1.4,0.34362
2022-11-12 07:00:00,2.0,0.3606251
2022-11-12 08:00:00,2.4,0.3599468
2022-11-12 09:00:00,9.2,0.3542467
2022-11-12 10:00:00,11.3,0.3244015
2022-11-12 11:00:00,12.2,0.3113591
2022-11-12 12:00:00,13.1,0.3152504
2022-11-12 13:00:00,13.1,0.3198557
2022-11-12 14:00:00,12.3,0.3328386
2022-11-12 15:00:00,10.2,0.4018943
2022-11-12 16:00:00,9.3,0.3870907
2022-11-12 17:00:00,7.8,0.442033
2022-11-12 18:00:00,6.1,0.43882
2022-11-12 19:00:00,5.1,0.3932549
2022-11-12 20:00:00,4.9,0.3667536
2022-11-12 21:00:00,5.0,0.3541396
2022-11-12 22:00:00,5.5,0.3470234
2022-11-12 23:00:00,5.3,0.3444411
2022-11-13 00:00:00,4.6,0.356472
2022-11-13 01:00:00,4.5,0.3367299
2022-11-13 02:00:00,3.9,0.32577
2022-11-13 03:00:00,2.9,0.30673
2022-11-13 04:00:00,3.0,0.3151433
2022-11-13 05:00:00,3.2,0.3165951
2022-11-13 06:00:00,2.1,0.3165951
2022-11-13 07:00:00,1.7,0.3349925
2022-11-13 08:00:00,2.5,0.3411924
2022-11-13 09:00:00,5.2,0.3121683
2022-11-13 10:00:00,6.3,0.2987689
2022-11-13 11:00:00,5.2,0.31387
2022-11-13 12:00:00,5.6,0.3104547
2022-11-13 13:00:00,6.5,0.30435
2022-11-13 14:00:00,6.3,0.319106
2022-11-13 15:00:00,6.1,0.3244253
2022-11-13 16:00:00,6.2,0.3345521999999999
2022-11-13 17:00:00,6.8,0.3788559
2022-11-13 18:00:00,7.0,0.3910534
2022-11-13 19:00:00,7.1,0.3520928
2022-11-13 20:00:00,7.2,0.3341476
2022-11-13 21:00:00,6.9,0.3234376
2022-11-13 22:00:00,6.4,0.3238541
2022-11-13 23:00:00,6.1,0.3009109
2022-11-14 00:00:00,5.9,0.2746119
2022-11-14 01:00:00,5.9,0.2763017
2022-11-14 02:00:00,5.9,0.2673172
2022-11-14 03:00:00,5.8,0.2830846999999999
2022-11-14 04:00:00,5.7,0.2850125
2022-11-14 05:00:00,5.8,0.3006372
2022-11-14 06:00:00,5.9,0.3547822
2022-11-14 07:00:00,5.4,0.399669
2022-11-14 08:00:00,5.4,0.404191
2022-11-14 09:00:00,5.3,0.3536755
2022-11-14 10:00:00,5.6,0.325056
2022-11-14 11:00:00,5.8,0.310181
2022-11-14 12:00:00,6.3,0.3261627
2022-11-14 13:00:00,7.6,0.3527711
2022-11-14 14:00:00,8.1,0.4023108
2022-11-14 15:00:00,8.0,0.4082132
2022-11-14 16:00:00,6.3,0.4084036
2022-11-14 17:00:00,6.8,0.4580742
2022-11-14 18:00:00,5.7,0.4148772
2022-11-14 19:00:00,4.4,0.3786536
2022-11-14 20:00:00,4.5,0.3465831
2022-11-14 21:00:00,6.5,0.3218549
2022-11-14 22:00:00,7.4,0.3431202
2022-11-14 23:00:00,7.7,0.3312083
2022-11-15 00:00:00,6.9,0.317678
2022-11-15 01:00:00,6.5,0.3094789
2022-11-15 02:00:00,7.1,0.3089315
2022-11-15 03:00:00,8.6,0.2866785
2022-11-15 04:00:00,9.5,0.2878923
2022-11-15 05:00:00,10.7,0.3102048
2022-11-15 06:00:00,11.3,0.3503078
2022-11-15 07:00:00,9.2,0.4073207
2022-11-15 08:00:00,10.4,0.4206606
2022-11-15 09:00:00,12.0,0.4054999999999999
2022-11-15 10:00:00,13.3,0.3935048
2022-11-15 11:00:00,13.8,0.3921839
2022-11-15 12:00:00,14.4,0.3815096
2022-11-15 13:00:00,14.4,0.4003235
2022-11-15 14:00:00,14.1,0.4199942
2022-11-15 15:00:00,13.5,0.4222552
2022-11-15 16:00:00,13.8,0.4142465
2022-11-15 17:00:00,12.9,0.4174
2022-11-15 18:00:00,12.2,0.4105456
2022-11-15 19:00:00,11.7,0.4182211
2022-11-15 20:00:00,11.7,0.3638262
2022-11-15 21:00:00,11.9,0.3382888
2022-11-15 22:00:00,11.9,0.3197129
2022-11-15 23:00:00,11.6,0.3011013
2022-11-16 00:00:00,10.8,0.2498123
2022-11-16 01:00:00,10.6,0.2498242
2022-11-16 02:00:00,10.6,0.2497885
2022-11-16 03:00:00,10.5,0.2394831
2022-11-16 04:00:00,9.6,0.2394831
2022-11-16 05:00:00,9.1,0.2498242
2022-11-16 06:00:00,8.5,0.2984119
2022-11-16 07:00:00,7.8,0.3356827
2022-11-16 08:00:00,7.1,0.3556985
2022-11-16 09:00:00,6.7,0.3651471
2022-11-16 10:00:00,6.5,0.3631598
2022-11-16 11:00:00,6.5,0.3504982
2022-11-16 12:00:00,6.5,0.3703712
2022-11-16 13:00:00,6.8,0.3745718999999999
2022-11-16 14:00:00,6.9,0.3948733
2022-11-16 15:00:00,6.9,0.4180902
2022-11-16 16:00:00,6.9,0.436559
2022-11-16 17:00:00,6.9,0.4428779
2022-11-16 18:00:00,6.9,0.3970986
2022-11-16 19:00:00,6.8,0.3504268
2022-11-16 20:00:00,6.9,0.3294352
2022-11-16 21:00:00,6.6,0.291379
2022-11-16 22:00:00,6.3,0.2547508
2022-11-16 23:00:00,6.4,0.2328429
2022-11-17 00:00:00,6.3,0.2126605
2022-11-17 01:00:00,6.0,0.1840648
2022-11-17 02:00:00,5.8,0.1751755
2022-11-17 03:00:00,5.7,0.1679641
2022-11-17 04:00:00,5.6,0.1625972
2022-11-17 05:00:00,5.5,0.1687614
2022-11-17 06:00:00,5.2,0.2347945
2022-11-17 07:00:00,4.7,0.2565596
2022-11-17 08:00:00,4.3,0.2699352
2022-11-17 09:00:00,4.3,0.262581
2022-11-17 10:00:00,4.5,0.2551435
2022-11-17 11:00:00,4.7,0.2588682
2022-11-17 12:00:00,4.9,0.2894036
2022-11-17 13:00:00,5.1,0.2981977
2022-11-17 14:00:00,5.2,0.3259723
2022-11-17 15:00:00,5.4,0.338146
2022-11-17 16:00:00,5.3,0.3372535
2022-11-17 17:00:00,5.2,0.3875667
2022-11-17 18:00:00,5.3,0.371942
2022-11-17 19:00:00,5.3,0.3384197
2022-11-17 20:00:00,5.3,0.3182492
2022-11-17 21:00:00,5.3,0.3303396
2022-11-17 22:00:00,5.3,0.333862
2022-11-17 23:00:00,5.0,0.3090029
2022-11-18 00:00:00,4.8,0.2900938
2022-11-18 01:00:00,4.5,0.2980073
2022-11-18 02:00:00,4.4,0.3065277
2022-11-18 03:00:00,3.9,0.2934258
2022-11-18 04:00:00,3.7,0.2984595
2022-11-18 05:00:00,3.4,0.3102643
2022-11-18 06:00:00,2.9,0.3341595
2022-11-18 07:00:00,2.5,0.4266701
2022-11-18 08:00:00,2.2,0.4260037
2022-11-18 09:00:00,1.7,0.4275864
2022-11-18 10:00:00,1.4,0.4275864
2022-11-18 11:00:00,1.2,0.4250517
2022-11-18 12:00:00,1.0,0.3904703
2022-11-18 13:00:00,0.9,0.3875429
2022-11-18 14:00:00,0.5,0.4018229
2022-11-18 15:00:00,0.4,0.4114261999999999
2022-11-18 16:00:00,0.0,0.3971462
2022-11-18 17:00:00,-0.4,0.407642
2022-11-18 18:00:00,-0.1,0.3611844
2022-11-18 19:00:00,-0.2,0.3438223
2022-11-18 20:00:00,-0.3,0.3169759
2022-11-18 21:00:00,-1.0,0.2964365
2022-11-18 22:00:00,-1.5,0.3380627
2022-11-18 23:00:00,-1.9,0.3027435
2022-11-19 00:00:00,-2.8,0.3275193
2022-11-19 01:00:00,-3.5,0.3299112
2022-11-19 02:00:00,-3.9,0.332196
2022-11-19 03:00:00,-4.4,0.3229973
2022-11-19 04:00:00,-4.8,0.3269362
2022-11-19 05:00:00,-4.8,0.3341
2022-11-19 06:00:00,-4.9,0.3209862
2022-11-19 07:00:00,-5.9,0.3459167
2022-11-19 08:00:00,-4.9,0.400383
2022-11-19 09:00:00,-2.4,0.4115333
2022-11-19 10:00:00,-0.1,0.3707282
2022-11-19 11:00:00,1.3,0.3982529
2022-11-19 12:00:00,1.7,0.3778206
2022-11-19 13:00:00,2.1,0.3841038
2022-11-19 14:00:00,2.3,0.4094746
2022-11-19 15:00:00,1.6,0.4258609
2022-11-19 16:00:00,-1.0,0.4452341
2022-11-19 17:00:00,-2.0,0.4911562
2022-11-19 18:00:00,-2.1,0.4974751
2022-11-19 19:00:00,-2.8,0.465833
2022-11-19 20:00:00,-2.9,0.4412
2022-11-19 21:00:00,-3.1,0.4317871
2022-11-19 22:00:00,-3.2,0.4162695
2022-11-19 23:00:00,-3.0,0.3993358
2022-11-20 00:00:00,-2.7,0.3944806
2022-11-20 01:00:00,-2.4,0.3744648
2022-11-20 02:00:00,-2.0,0.3786298
2022-11-20 03:00:00,-1.8,0.3698
2022-11-20 04:00:00,-1.6,0.3586021
2022-11-20 05:00:00,-1.6,0.3648972
2022-11-20 06:00:00,-1.6,0.3698952
2022-11-20 07:00:00,-1.6,0.3866861
2022-11-20 08:00:00,-1.4,0.3936357
2022-11-20 09:00:00,-1.0,0.4114857
2022-11-20 10:00:00,-0.3,0.4079157
2022-11-20 11:00:00,0.3,0.4150081
2022-11-20 12:00:00,0.8,0.4055595
2022-11-20 13:00:00,0.7,0.3922315
2022-11-20 14:00:00,-0.4,0.3997285
2022-11-20 15:00:00,-0.7,0.422874
2022-11-20 16:00:00,-0.7,0.4435205
2022-11-20 17:00:00,-0.6,0.4737703
2022-11-20 18:00:00,-1.8,0.48047
2022-11-20 19:00:00,-2.4,0.4726636
2022-11-20 20:00:00,-2.3,0.447031
2022-11-20 21:00:00,-1.7,0.411569
2022-11-20 22:00:00,-1.5,0.4079157
2022-11-20 23:00:00,-1.2,0.3572455
2022-11-21 00:00:00,-1.0,0.3214265
2022-11-21 01:00:00,-1.3,0.3226522
2022-11-21 02:00:00,-1.7,0.3334931
2022-11-21 03:00:00,-3.0,0.3281262
2022-11-21 04:00:00,-3.7,0.339812
2022-11-21 05:00:00,-4.2,0.3549488
2022-11-21 06:00:00,-4.5,0.4773759999999999
2022-11-21 07:00:00,-5.3,0.5327586
2022-11-21 08:00:00,-5.7,0.5412195
2022-11-21 09:00:00,-4.5,0.5222985
2022-11-21 10:00:00,-3.7,0.5080542
2022-11-21 11:00:00,-2.4,0.5215607
2022-11-21 12:00:00,-1.1,0.5123858
2022-11-21 13:00:00,-0.1,0.5153608000000001
2022-11-21 14:00:00,0.7,0.5507038
2022-11-21 15:00:00,0.2,0.5526911
2022-11-21 16:00:00,-1.4,0.5538692000000001
2022-11-21 17:00:00,-2.1,0.5547141
2022-11-21 18:00:00,-2.2,0.5309379000000001
2022-11-21 19:00:00,-1.9,0.5024017000000001
2022-11-21 20:00:00,-2.2,0.4556823
2022-11-21 21:00:00,-2.5,0.4174
2022-11-21 22:00:00,-2.0,0.3935167
2022-11-21 23:00:00,-1.5,0.3400857
2022-11-22 00:00:00,-0.6,0.2908673
2022-11-22 01:00:00,0.1,0.2894155
2022-11-22 02:00:00,0.3,0.2745643
2022-11-22 03:00:00,0.4,0.2533585
2022-11-22 04:00:00,0.5,0.260201
2022-11-22 05:00:00,0.7,0.2790268
2022-11-22 06:00:00,0.8,0.3366942
2022-11-22 07:00:00,1.1,0.4291929
2022-11-22 08:00:00,1.3,0.4518743
2022-11-22 09:00:00,1.6,0.4370469
2022-11-22 10:00:00,2.1,0.443818
2022-11-22 11:00:00,2.7,0.4464479
2022-11-22 12:00:00,3.5,0.4473642
2022-11-22 13:00:00,4.0,0.4551944
2022-11-22 14:00:00,3.7,0.4637623999999999
2022-11-22 15:00:00,3.6,0.4649643
2022-11-22 16:00:00,2.4,0.4596926
2022-11-22 17:00:00,1.8,0.4947024
2022-11-22 18:00:00,2.1,0.5065310000000001
2022-11-22 19:00:00,2.4,0.4798631
2022-11-22 20:00:00,2.6,0.4518505
2022-11-22 21:00:00,2.8,0.3925647
2022-11-22 22:00:00,3.0,0.3930407
2022-11-22 23:00:00,3.6,0.3551392
2022-11-23 00:00:00,4.1,0.3375391
2022-11-23 01:00:00,4.4,0.3191536
2022-11-23 02:00:00,3.8,0.3031362
2022-11-23 03:00:00,4.3,0.2983286
2022-11-23 04:00:00,4.6,0.3030529
2022-11-23 05:00:00,4.9,0.3338382
2022-11-23 06:00:00,4.3,0.4045361
2022-11-23 07:00:00,3.3,0.4631673999999999
2022-11-23 08:00:00,4.5,0.4751745
2022-11-23 09:00:00,4.8,0.4292404999999999
2022-11-23 10:00:00,6.9,0.3905179
2022-11-23 11:00:00,8.1,0.3607798
2022-11-23 12:00:00,9.8,0.3539016
2022-11-23 13:00:00,10.5,0.3520809
2022-11-23 14:00:00,9.6,0.3698952
2022-11-23 15:00:00,9.2,0.3777492
2022-11-23 16:00:00,8.3,0.4010017999999999
2022-11-23 17:00:00,6.3,0.4215531
2022-11-23 18:00:00,5.2,0.4168169
2022-11-23 19:00:00,4.9,0.4054048
2022-11-23 20:00:00,5.0,0.3385386999999999
2022-11-23 21:00:00,6.8,0.3338263
2022-11-23 22:00:00,6.7,0.3248656
2022-11-23 23:00:00,6.6,0.3034218
2022-11-24 00:00:00,6.7,0.3241397
2022-11-24 01:00:00,6.1,0.3071703
2022-11-24 02:00:00,6.1,0.3009823
2022-11-24 03:00:00,6.6,0.2956987
2022-11-24 04:00:00,6.8,0.3057542
2022-11-24 05:00:00,6.5,0.3383364
2022-11-24 06:00:00,6.1,0.4023941
2022-11-24 07:00:00,5.6,0.5044604
2022-11-24 08:00:00,6.8,0.5234171
2022-11-24 09:00:00,8.4,0.5065786
2022-11-24 10:00:00,9.3,0.5066738
2022-11-24 11:00:00,9.7,0.5005809999999999
2022-11-24 12:00:00,10.0,0.4803867
2022-11-24 13:00:00,9.9,0.4768048
2022-11-24 14:00:00,9.4,0.4795656
2022-11-24 15:00:00,8.9,0.5130284
2022-11-24 16:00:00,8.1,0.5305095
2022-11-24 17:00:00,8.2,0.5396368
2022-11-24 18:00:00,7.8,0.5121121
2022-11-24 19:00:00,7.0,0.4958329
2022-11-24 20:00:00,6.3,0.4668564
2022-11-24 21:00:00,5.5,0.4292286
2022-11-24 22:00:00,5.0,0.413949
2022-11-24 23:00:00,4.7,0.3622316
2022-11-25 00:00:00,4.4,0.3784751
2022-11-25 01:00:00,4.4,0.3640761
2022-11-25 02:00:00,4.6,0.3496533
2022-11-25 03:00:00,4.4,0.3362658
2022-11-25 04:00:00,4.7,0.3449885
2022-11-25 05:00:00,5.1,0.3717516
2022-11-25 06:00:00,5.2,0.430014
2022-11-25 07:00:00,5.8,0.5091133000000001
2022-11-25 08:00:00,5.9,0.5217035
2022-11-25 09:00:00,6.8,0.5005215000000001
2022-11-25 10:00:00,7.5,0.4893355
2022-11-25 11:00:00,7.6,0.4691293000000001
2022-11-25 12:00:00,8.1,0.4602757
2022-11-25 13:00:00,9.1,0.4797917
2022-11-25 14:00:00,9.4,0.5009023000000001
2022-11-25 15:00:00,9.2,0.5344484
2022-11-25 16:00:00,7.9,0.5451584
2022-11-25 17:00:00,7.6,0.5719810000000001
2022-11-25 18:00:00,8.9,0.5577605
2022-11-25 19:00:00,8.8,0.5297003
2022-11-25 20:00:00,8.7,0.4818385
2022-11-25 21:00:00,8.4,0.4725208
2022-11-25 22:00:00,7.1,0.4768048
2022-11-25 23:00:00,6.6,0.4245757
2022-11-26 00:00:00,5.9,0.4087963
2022-11-26 01:00:00,4.2,0.406333
2022-11-26 02:00:00,3.1,0.3925647
2022-11-26 03:00:00,2.2,0.3936
2022-11-26 04:00:00,3.4,0.3912081
2022-11-26 05:00:00,4.4,0.4078086
2022-11-26 06:00:00,3.3,0.4113786
2022-11-26 07:00:00,2.8,0.4270033
2022-11-26 08:00:00,1.5,0.4709024
2022-11-26 09:00:00,3.6,0.488681
2022-11-26 10:00:00,5.8,0.4624177
2022-11-26 11:00:00,7.8,0.4570508
2022-11-26 12:00:00,9.0,0.4530881
2022-11-26 13:00:00,9.3,0.4381179
2022-11-26 14:00:00,8.5,0.4621559
2022-11-26 15:00:00,7.4,0.4697838
2022-11-26 16:00:00,5.6,0.498558
2022-11-26 17:00:00,4.7,0.5315448
2022-11-26 18:00:00,6.2,0.5198590000000001
2022-11-26 19:00:00,6.3,0.4769952
2022-11-26 20:00:00,6.2,0.4319418
2022-11-26 21:00:00,6.0,0.4095103
2022-11-26 22:00:00,5.4,0.3936
2022-11-26 23:00:00,4.8,0.3622911
2022-11-27 00:00:00,4.6,0.3280072
2022-11-27 01:00:00,4.0,0.31625
2022-11-27 02:00:00,3.8,0.3007919
2022-11-27 03:00:00,4.1,0.273886
2022-11-27 04:00:00,3.3,0.273886
2022-11-27 05:00:00,3.3,0.2813116
2022-11-27 06:00:00,3.4,0.30911
2022-11-27 07:00:00,3.3,0.3183443999999999
2022-11-27 08:00:00,4.3,0.3237946
2022-11-27 09:00:00,5.1,0.3362063
2022-11-27 10:00:00,6.1,0.338265
2022-11-27 11:00:00,6.5,0.3502007
2022-11-27 12:00:00,7.1,0.3455478
2022-11-27 13:00:00,7.4,0.3362896
2022-11-27 14:00:00,7.6,0.3425847
2022-11-27 15:00:00,7.8,0.34362
2022-11-27 16:00:00,7.9,0.3589591
2022-11-27 17:00:00,7.2,0.369919
2022-11-27 18:00:00,7.5,0.370276
2022-11-27 19:00:00,7.2,0.3720372
2022-11-27 20:00:00,7.1,0.3427632
2022-11-27 21:00:00,7.3,0.316369
2022-11-27 22:00:00,7.1,0.3400976
2022-11-27 23:00:00,6.9,0.3341832999999999
2022-11-28 00:00:00,6.3,0.3093718
2022-11-28 01:00:00,6.1,0.3108474
2022-11-28 02:00:00,6.3,0.307563
2022-11-28 03:00:00,6.6,0.2979002
2022-11-28 04:00:00,6.4,0.2984833
2022-11-28 05:00:00,6.4,0.309705
2022-11-28 06:00:00,6.4,0.3853771
2022-11-28 07:00:00,5.4,0.5175623
2022-11-28 08:00:00,5.0,0.5776097
2022-11-28 09:00:00,5.6,0.593163
2022-11-28 10:00:00,6.0,0.5959000000000001
2022-11-28 11:00:00,6.1,0.5910329000000001
2022-11-28 12:00:00,6.4,0.584119
2022-11-28 13:00:00,6.5,0.592568
2022-11-28 14:00:00,6.3,0.6124529000000001
2022-11-28 15:00:00,6.2,0.6291129000000001
2022-11-28 16:00:00,6.0,0.6227940000000001
2022-11-28 17:00:00,5.1,0.6501402000000001
2022-11-28 18:00:00,4.8,0.6303743
2022-11-28 19:00:00,4.8,0.601493
2022-11-28 20:00:00,4.8,0.5471576
2022-11-28 21:00:00,4.4,0.52688
2022-11-28 22:00:00,4.6,0.5066262
2022-11-28 23:00:00,4.8,0.4653094
2022-11-29 00:00:00,4.7,0.4791372
2022-11-29 01:00:00,4.8,0.4532071
2022-11-29 02:00:00,4.6,0.4271223
2022-11-29 03:00:00,4.5,0.4248256
2022-11-29 04:00:00,4.5,0.4354523
2022-11-29 05:00:00,4.3,0.4791491
2022-11-29 06:00:00,4.2,0.5173481
2022-11-29 07:00:00,4.4,0.6271018
2022-11-29 08:00:00,4.4,0.6850548000000001
2022-11-29 09:00:00,4.6,0.6855308
2022-11-29 10:00:00,5.0,0.6862329
2022-11-29 11:00:00,5.3,0.673964
2022-11-29 12:00:00,5.5,0.6530795
2022-11-29 13:00:00,5.7,0.6604694
2022-11-29 14:00:00,5.9,0.6867922
2022-11-29 15:00:00,5.8,0.6919329999999999
2022-11-29 16:00:00,5.7,0.7030476000000001
2022-11-29 17:00:00,5.5,0.7519089999999999
2022-11-29 18:00:00,5.1,0.7349634
2022-11-29 19:00:00,4.9,0.7075458000000001
2022-11-29 20:00:00,4.8,0.6316
2022-11-29 21:00:00,4.8,0.5541309999999999
2022-11-29 22:00:00,4.7,0.5098154000000001
2022-11-29 23:00:00,4.5,0.4890975
2022-11-30 00:00:00,4.5,0.4988555
2022-11-30 01:00:00,4.4,0.4878242
2022-11-30 02:00:00,4.3,0.4700813
2022-11-30 03:00:00,4.3,0.4659401
2022-11-30 04:00:00,4.3,0.4740797
2022-11-30 05:00:00,4.3,0.5006999999999999
2022-11-30 06:00:00,4.2,0.5510132
2022-11-30 07:00:00,4.2,0.6725717
2022-11-30 08:00:00,4.3,0.724539
2022-11-30 09:00:00,4.6,0.725134
2022-11-30 10:00:00,4.9,0.7205048999999999
2022-11-30 11:00:00,5.0,0.7297988
2022-11-30 12:00:00,5.1,0.6910881
2022-11-30 13:00:00,5.0,0.6916593
2022-11-30 14:00:00,4.9,0.7080455999999999
2022-11-30 15:00:00,4.6,0.7015244
2022-11-30 16:00:00,4.6,0.724896
2022-11-30 17:00:00,4.5,0.7548245
2022-11-30 18:00:00,4.5,0.744888
2022-11-30 19:00:00,4.4,0.7091166
2022-11-30 20:00:00,4.4,0.6481410000000001
2022-11-30 21:00:00,4.3,0.5651980000000001
2022-11-30 22:00:00,4.0,0.5326634000000001
2022-11-30 23:00:00,3.9,0.4854442
2022-12-01 00:00:00,3.7,0.5031513999999999
2022-12-01 01:00:00,3.7,0.5024017000000001
2022-12-01 02:00:00,3.5,0.4944644
2022-12-01 03:00:00,3.5,0.482612
2022-12-01 04:00:00,3.2,0.4791729
2022-12-01 05:00:00,2.5,0.4929531
2022-12-01 06:00:00,2.1,0.5758842
2022-12-01 07:00:00,1.5,0.6920995999999999
2022-12-01 08:00:00,1.6,0.7072245000000001
2022-12-01 09:00:00,1.7,0.7055585
2022-12-01 10:00:00,1.9,0.6947532999999999
2022-12-01 11:00:00,1.3,0.6868517000000001
2022-12-01 12:00:00,1.3,0.6766772000000001
2022-12-01 13:00:00,2.0,0.6869826000000001
2022-12-01 14:00:00,1.8,0.7078433
2022-12-01 15:00:00,1.6,0.7066890000000001
2022-12-01 16:00:00,1.6,0.7006676000000001
2022-12-01 17:00:00,1.7,0.7316433
2022-12-01 18:00:00,1.5,0.7146501000000001
2022-12-01 19:00:00,1.7,0.7004891
2022-12-01 20:00:00,1.6,0.6682520000000001
2022-12-01 21:00:00,1.5,0.6071930999999999
2022-12-01 22:00:00,1.3,0.5609497
2022-12-01 23:00:00,1.2,0.5180145
2022-12-02 00:00:00,1.0,0.5201327
2022-12-02 01:00:00,0.7,0.5056861
2022-12-02 02:00:00,0.4,0.5115290000000001
2022-12-02 03:00:00,0.3,0.5113743
2022-12-02 04:00:00,0.4,0.5134568
2022-12-02 05:00:00,0.5,0.5290458
2022-12-02 06:00:00,0.4,0.5858445000000001
2022-12-02 07:00:00,0.4,0.647784
2022-12-02 08:00:00,0.6,0.6823653999999999
2022-12-02 09:00:00,0.8,0.6710961
2022-12-02 10:00:00,0.9,0.6641345999999999
2022-12-02 11:00:00,1.2,0.6430954
2022-12-02 12:00:00,1.3,0.6363124
2022-12-02 13:00:00,1.3,0.612917
2022-12-02 14:00:00,0.8,0.5216202
2022-12-02 15:00:00,0.9,0.49832
2022-12-02 16:00:00,0.7,0.4909658
2022-12-02 17:00:00,0.7,0.6067766
2022-12-02 18:00:00,0.5,0.5530838
2022-12-02 19:00:00,0.6,0.5602476000000001
2022-12-02 20:00:00,0.3,0.4560274
2022-12-02 21:00:00,0.6,0.5525007
2022-12-02 22:00:00,0.7,0.4871578
2022-12-02 23:00:00,0.5,0.4605256
2022-12-03 00:00:00,0.1,0.4389985
2022-12-03 01:00:00,-0.1,0.435964
2022-12-03 02:00:00,-0.3,0.4314063
2022-12-03 03:00:00,-0.5,0.4220886
2022-12-03 04:00:00,-0.7,0.4300616
2022-12-03 05:00:00,-0.9,0.44715
2022-12-03 06:00:00,-1.0,0.4555514
2022-12-03 07:00:00,-1.1,0.4567295
2022-12-03 08:00:00,-1.3,0.4613467
2022-12-03 09:00:00,-1.4,0.4907873
2022-12-03 10:00:00,-1.2,0.526047
2022-12-03 11:00:00,-1.1,0.5317471
2022-12-03 12:00:00,-1.0,0.5214536000000001
2022-12-03 13:00:00,-0.9,0.515575
2022-12-03 14:00:00,-0.8,0.5315329
2022-12-03 15:00:00,-0.9,0.5315329
2022-12-03 16:00:00,-1.0,0.5493948
2022-12-03 17:00:00,-1.0,0.5824887000000001
2022-12-03 18:00:00,-1.0,0.5638890000000001
2022-12-03 19:00:00,-1.1,0.5265706000000001
2022-12-03 20:00:00,-1.0,0.5013545
2022-12-03 21:00:00,-1.0,0.5005809999999999
2022-12-03 22:00:00,-1.0,0.487253
2022-12-03 23:00:00,-0.9,0.4465431
2022-12-04 00:00:00,-1.0,0.430133
2022-12-04 01:00:00,-1.1,0.4173048
2022-12-04 02:00:00,-1.0,0.4307161
2022-12-04 03:00:00,-0.9,0.4040839
2022-12-04 04:00:00,-0.7,0.4037388
2022-12-04 05:00:00,-0.5,0.4091652
2022-12-04 06:00:00,-0.4,0.4076896
2022-12-04 07:00:00,-0.2,0.4160434
2022-12-04 08:00:00,-0.1,0.459407
2022-12-04 09:00:00,0.0,0.4993076999999999
2022-12-04 10:00:00,0.1,0.5134687
2022-12-04 11:00:00,0.2,0.5204183
2022-12-04 12:00:00,0.3,0.5183715
2022-12-04 13:00:00,0.5,0.5144207
2022-12-04 14:00:00,0.7,0.5198233000000001
2022-12-04 15:00:00,0.8,0.5224056
2022-12-04 16:00:00,0.9,0.5422309999999999
2022-12-04 17:00:00,1.1,0.5690298
2022-12-04 18:00:00,1.2,0.5183834
2022-12-04 19:00:00,1.3,0.51498
2022-12-04 20:00:00,1.4,0.4669397
2022-12-04 21:00:00,1.4,0.487848
2022-12-04 22:00:00,1.5,0.4720209999999999
2022-12-04 23:00:00,1.7,0.4449723
2022-12-05 00:00:00,1.7,0.3997404
2022-12-05 01:00:00,1.8,0.3887091
2022-12-05 02:00:00,1.8,0.3736318
2022-12-05 03:00:00,1.8,0.3717992
2022-12-05 04:00:00,1.8,0.3503554
2022-12-05 05:00:00,1.7,0.4538259
2022-12-05 06:00:00,1.6,0.50308
2022-12-05 07:00:00,1.3,0.5946981
2022-12-05 08:00:00,1.3,0.6391327
2022-12-05 09:00:00,1.5,0.6321831
2022-12-05 10:00:00,1.9,0.6311834999999999
2022-12-05 11:00:00,1.8,0.6576967
2022-12-05 12:00:00,1.7,0.6374429000000001
2022-12-05 13:00:00,1.9,0.6232224
2022-12-05 14:00:00,1.9,0.6476174
2022-12-05 15:00:00,1.9,0.6671929000000001
2022-12-05 16:00:00,1.8,0.6681687000000001
2022-12-05 17:00:00,1.8,0.6851262
2022-12-05 18:00:00,1.7,0.6710484999999999
2022-12-05 19:00:00,1.7,0.6648248000000001
2022-12-05 20:00:00,1.6,0.6224370000000001
2022-12-05 21:00:00,1.5,0.5520009000000001
2022-12-05 22:00:00,1.3,0.5418264
2022-12-05 23:00:00,1.3,0.5038178
2022-12-06 00:00:00,1.3,0.5103390000000001
2022-12-06 01:00:00,1.2,0.4863129
2022-12-06 02:00:00,1.0,0.483921
2022-12-06 03:00:00,0.7,0.4860511
2022-12-06 04:00:00,1.0,0.4975822
2022-12-06 05:00:00,1.2,0.5235837000000001
2022-12-06 06:00:00,1.4,0.5970781000000001
2022-12-06 07:00:00,1.9,0.6969666999999999
2022-12-06 08:00:00,2.2,0.6978592000000001
2022-12-06 09:00:00,2.8,0.7029405
2022-12-06 10:00:00,3.3,0.6949080000000001
2022-12-06 11:00:00,3.4,0.7032023000000001
2022-12-06 12:00:00,3.4,0.6958243000000002
2022-12-06 13:00:00,3.6,0.6864589999999999
2022-12-06 14:00:00,3.6,0.7021551000000001
2022-12-06 15:00:00,3.3,0.6956696
2022-12-06 16:00:00,2.8,0.7048207
2022-12-06 17:00:00,2.9,0.726086
2022-12-06 18:00:00,2.7,0.6957766999999999
2022-12-06 19:00:00,2.3,0.6533294000000001
2022-12-06 20:00:00,1.6,0.5946505
2022-12-06 21:00:00,1.3,0.53521
2022-12-06 22:00:00,2.5,0.5185262
2022-12-06 23:00:00,3.2,0.4819931999999999
2022-12-07 00:00:00,3.6,0.4704621
2022-12-07 01:00:00,3.9,0.4361068
2022-12-07 02:00:00,4.0,0.3982529
2022-12-07 03:00:00,3.6,0.3935524
2022-12-07 04:00:00,3.7,0.4295142
2022-12-07 05:00:00,3.3,0.464286
2022-12-07 06:00:00,2.7,0.4579195
2022-12-07 07:00:00,2.7,0.5661619
2022-12-07 08:00:00,2.6,0.6117151000000001
2022-12-07 09:00:00,3.1,0.566983
2022-12-07 10:00:00,3.1,0.5426237
2022-12-07 11:00:00,3.7,0.5185619
2022-12-07 12:00:00,3.5,0.5088515
2022-12-07 13:00:00,4.1,0.5401485
2022-12-07 14:00:00,3.9,0.6411914
2022-12-07 15:00:00,3.5,0.6753206
2022-12-07 16:00:00,3.0,0.6959432999999999
2022-12-07 17:00:00,2.8,0.6545194
2022-12-07 18:00:00,1.0,0.6316
2022-12-07 19:00:00,1.5,0.6177722000000001
2022-12-07 20:00:00,2.9,0.6420958000000001
2022-12-07 21:00:00,3.0,0.5449085
2022-12-07 22:00:00,3.0,0.5134568
2022-12-07 23:00:00,2.9,0.4894663999999999
2022-12-08 00:00:00,2.8,0.4966064
2022-12-08 01:00:00,2.9,0.4897282
2022-12-08 02:00:00,2.7,0.4765073
2022-12-08 03:00:00,2.7,0.4767929000000001
2022-12-08 04:00:00,2.7,0.4834331
2022-12-08 05:00:00,2.8,0.5123501
2022-12-08 06:00:00,3.0,0.54354
2022-12-08 07:00:00,2.7,0.6317071000000001
2022-12-08 08:00:00,2.1,0.6880417000000001
2022-12-08 09:00:00,2.6,0.6959671000000001
2022-12-08 10:00:00,2.9,0.6885415000000001
2022-12-08 11:00:00,3.1,0.6866018
2022-12-08 12:00:00,3.4,0.6892793000000002
2022-12-08 13:00:00,3.2,0.6890293999999999
2022-12-08 14:00:00,2.9,0.6959195
2022-12-08 15:00:00,2.3,0.6994180999999999
2022-12-08 16:00:00,1.3,0.7064748000000001
2022-12-08 17:00:00,0.1,0.7484698999999999
2022-12-08 18:00:00,0.4,0.7021313
2022-12-08 19:00:00,-0.5,0.6958838
2022-12-08 20:00:00,-0.4,0.6719529
2022-12-08 21:00:00,-1.8,0.5758247000000001
2022-12-08 22:00:00,-2.4,0.5462889
2022-12-08 23:00:00,-2.7,0.5116956
2022-12-09 00:00:00,-2.7,0.5530719
2022-12-09 01:00:00,-3.4,0.5202398
2022-12-09 02:00:00,-3.6,0.5154322
2022-12-09 03:00:00,-3.3,0.5108031000000001
2022-12-09 04:00:00,-3.6,0.5174076000000001
2022-12-09 05:00:00,-3.7,0.5336154
2022-12-09 06:00:00,-4.2,0.5825363
2022-12-09 07:00:00,-3.2,0.6975022
2022-12-09 08:00:00,-2.7,0.7200051000000001
2022-12-09 09:00:00,-2.0,0.720493
2022-12-09 10:00:00,-1.7,0.7164827
2022-12-09 11:00:00,-0.8,0.7317504000000001
2022-12-09 12:00:00,0.0,0.7281090000000001
2022-12-09 13:00:00,0.6,0.7148999999999999
2022-12-09 14:00:00,0.7,0.7225636
2022-12-09 15:00:00,0.2,0.7195529
2022-12-09 16:00:00,-1.1,0.7207071999999999
2022-12-09 17:00:00,-1.7,0.7600129
2022-12-09 18:00:00,-1.1,0.7236703
2022-12-09 19:00:00,-1.2,0.6928969
2022-12-09 20:00:00,-1.3,0.6792
2022-12-09 21:00:00,-1.8,0.60304
2022-12-09 22:00:00,-1.6,0.5578676
2022-12-09 23:00:00,-1.5,0.5319018
2022-12-10 00:00:00,-1.2,0.5274512
2022-12-10 01:00:00,-1.2,0.5197400000000001
2022-12-10 02:00:00,-1.2,0.5016400999999999
2022-12-10 03:00:00,-1.3,0.4974394
2022-12-10 04:00:00,-1.5,0.494631
2022-12-10 05:00:00,-1.7,0.4973085
2022-12-10 06:00:00,-1.9,0.5070665000000001
2022-12-10 07:00:00,-2.0,0.5287602
2022-12-10 08:00:00,-2.2,0.5675066
2022-12-10 09:00:00,-2.2,0.6275659
2022-12-10 10:00:00,-2.1,0.6546027
2022-12-10 11:00:00,-1.8,0.6463322
2022-12-10 12:00:00,-1.7,0.6293390000000001
2022-12-10 13:00:00,-1.6,0.602921
2022-12-10 14:00:00,-1.6,0.6043133
2022-12-10 15:00:00,-1.6,0.6238650000000001
2022-12-10 16:00:00,-1.6,0.6561021
2022-12-10 17:00:00,-1.6,0.6910048
2022-12-10 18:00:00,-1.6,0.6824129999999999
2022-12-10 19:00:00,-1.6,0.6562568
2022-12-10 20:00:00,-1.7,0.5853685
2022-12-10 21:00:00,-1.8,0.5410172
2022-12-10 22:00:00,-2.0,0.5217035
2022-12-10 23:00:00,-2.1,0.4986413
2022-12-11 00:00:00,-2.0,0.5133734999999999
2022-12-11 01:00:00,-2.0,0.504032
2022-12-11 02:00:00,-2.0,0.4984152
2022-12-11 03:00:00,-2.0,0.4798988
2022-12-11 04:00:00,-1.9,0.4750198
2022-12-11 05:00:00,-2.0,0.4759956000000001
2022-12-11 06:00:00,-2.1,0.4899662
2022-12-11 07:00:00,-2.2,0.4884787
2022-12-11 08:00:00,-2.2,0.5043770999999999
2022-12-11 09:00:00,-2.2,0.5365071
2022-12-11 10:00:00,-2.1,0.5441945
2022-12-11 11:00:00,-1.6,0.5663761
2022-12-11 12:00:00,-0.7,0.5693748999999999
2022-12-11 13:00:00,-0.5,0.5420406
2022-12-11 14:00:00,-0.8,0.5462889
2022-12-11 15:00:00,-1.8,0.5560468999999999
2022-12-11 16:00:00,-3.3,0.585904
2022-12-11 17:00:00,-4.5,0.6481886
2022-12-11 18:00:00,-5.6,0.6673594999999999
2022-12-11 19:00:00,-4.8,0.6467606
2022-12-11 20:00:00,-5.5,0.6125362000000001
2022-12-11 21:00:00,-6.3,0.5546665000000001
2022-12-11 22:00:00,-6.4,0.5409815
2022-12-11 23:00:00,-7.0,0.5200375
2022-12-12 00:00:00,-7.8,0.4890142
2022-12-12 01:00:00,-8.1,0.4860392
2022-12-12 02:00:00,-7.8,0.4820289
2022-12-12 03:00:00,-8.3,0.4766501000000001
2022-12-12 04:00:00,-8.7,0.4744248
2022-12-12 05:00:00,-8.8,0.4932148999999999
2022-12-12 06:00:00,-9.4,0.6223656000000001
2022-12-12 07:00:00,-8.5,0.7565500000000001
2022-12-12 08:00:00,-8.8,0.8044118
2022-12-12 09:00:00,-7.2,0.7672481
2022-12-12 10:00:00,-3.9,0.7571093
2022-12-12 11:00:00,-2.8,0.7477678000000001
2022-12-12 12:00:00,-0.8,0.7386405
2022-12-12 13:00:00,-0.2,0.730132
2022-12-12 14:00:00,-1.0,0.7577876000000001
2022-12-12 15:00:00,-2.2,0.7931187
2022-12-12 16:00:00,-4.2,0.8202626
2022-12-12 17:00:00,-5.0,0.8554271
2022-12-12 18:00:00,-5.5,0.8204053999999998
2022-12-12 19:00:00,-6.0,0.7601676000000002
2022-12-12 20:00:00,-6.4,0.7386999999999999
2022-12-12 21:00:00,-6.9,0.642191
2022-12-12 22:00:00,-7.1,0.5855708
2022-12-12 23:00:00,-7.2,0.528308
2022-12-13 00:00:00,-7.7,0.5199066
2022-12-13 01:00:00,-8.3,0.4984509
2022-12-13 02:00:00,-9.2,0.4950832
2022-12-13 03:00:00,-9.4,0.4852062
2022-12-13 04:00:00,-9.1,0.491537
2022-12-13 05:00:00,-9.3,0.5317233000000001
2022-12-13 06:00:00,-10.2,0.5945909999999999
2022-12-13 07:00:00,-9.9,0.750243
2022-12-13 08:00:00,-9.8,0.8359944000000001
2022-12-13 09:00:00,-8.5,0.8140151
2022-12-13 10:00:00,-4.6,0.7721152000000002
2022-12-13 11:00:00,-3.1,0.7567404
2022-12-13 12:00:00,-1.3,0.7301082000000001
2022-12-13 13:00:00,-1.1,0.7577757
2022-12-13 14:00:00,-1.7,0.8133249
2022-12-13 15:00:00,-2.1,0.8341975000000001
2022-12-13 16:00:00,-3.9,0.8576999999999999
2022-12-13 17:00:00,-4.1,0.9469619
2022-12-13 18:00:00,-4.6,0.8647686000000001
2022-12-13 19:00:00,-5.2,0.7774702
2022-12-13 20:00:00,-5.3,0.6940393
2022-12-13 21:00:00,-5.9,0.5766101
2022-12-13 22:00:00,-6.0,0.5376257
2022-12-13 23:00:00,-5.8,0.4924652
2022-12-14 00:00:00,-6.5,0.4826358
2022-12-14 01:00:00,-7.5,0.4774593000000001
2022-12-14 02:00:00,-7.9,0.4753411
2022-12-14 03:00:00,-8.2,0.486658
2022-12-14 04:00:00,-8.5,0.4890499
2022-12-14 05:00:00,-9.0,0.5258209
2022-12-14 06:00:00,-9.2,0.5944958
2022-12-14 07:00:00,-9.4,0.7446143000000001
2022-12-14 08:00:00,-9.3,0.7981881
2022-12-14 09:00:00,-9.4,0.8335668
2022-12-14 10:00:00,-9.6,0.8281641999999998
2022-12-14 11:00:00,-6.4,0.8315319000000001
2022-12-14 12:00:00,-3.7,0.7816233000000001
2022-12-14 13:00:00,-3.0,0.7690212000000001
2022-12-14 14:00:00,-3.2,0.7683905
2022-12-14 15:00:00,-4.2,0.7845507
2022-12-14 16:00:00,-5.3,0.8041500000000001
2022-12-14 17:00:00,-6.6,0.8576999999999999
2022-12-14 18:00:00,-7.4,0.81843
2022-12-14 19:00:00,-8.7,0.7750783000000001
2022-12-14 20:00:00,-9.4,0.7362010000000001
2022-12-14 21:00:00,-9.9,0.6276373
2022-12-14 22:00:00,-7.7,0.5741468000000001
2022-12-14 23:00:00,-8.1,0.5470386
2022-12-15 00:00:00,-8.7,0.5126
2022-12-15 01:00:00,-7.0,0.5015806
2022-12-15 02:00:00,-7.5,0.4881574
2022-12-15 03:00:00,-6.5,0.4771261
2022-12-15 04:00:00,-6.1,0.4818266
2022-12-15 05:00:00,-6.1,0.5002597
2022-12-15 06:00:00,-6.5,0.5563087
2022-12-15 07:00:00,-6.5,0.6705606
2022-12-15 08:00:00,-6.7,0.7387356999999999
2022-12-15 09:00:00,-5.2,0.7382954000000002
2022-12-15 10:00:00,-2.4,0.7203145
2022-12-15 11:00:00,0.1,0.6919568
2022-12-15 12:00:00,1.1,0.6394063999999999
2022-12-15 13:00:00,1.7,0.6274706999999999
2022-12-15 14:00:00,1.4,0.6971095
2022-12-15 15:00:00,0.6,0.7148167000000001
2022-12-15 16:00:00,-2.4,0.7327857
2022-12-15 17:00:00,-3.2,0.7505999999999999
2022-12-15 18:00:00,-3.3,0.7504929
2022-12-15 19:00:00,-3.7,0.7333806999999999
2022-12-15 20:00:00,-4.3,0.679081
2022-12-15 21:00:00,-4.9,0.5931868
2022-12-15 22:00:00,-5.7,0.5557851
2022-12-15 23:00:00,-7.8,0.5198114
2022-12-16 00:00:00,-7.6,0.508197
2022-12-16 01:00:00,-8.2,0.4984628
2022-12-16 02:00:00,-8.9,0.4890261
2022-12-16 03:00:00,-8.0,0.4772926999999999
2022-12-16 04:00:00,-9.3,0.4918345
2022-12-16 05:00:00,-9.8,0.5082565
2022-12-16 06:00:00,-11.0,0.5655669
2022-12-16 07:00:00,-9.7,0.7017386000000001
2022-12-16 08:00:00,-8.7,0.8023531000000002
2022-12-16 09:00:00,-5.8,0.8240468000000001
2022-12-16 10:00:00,-3.8,0.8023531000000002
2022-12-16 11:00:00,-3.9,0.7991877000000001
2022-12-16 12:00:00,-2.1,0.7413894000000001
2022-12-16 13:00:00,-1.6,0.7138528
2022-12-16 14:00:00,-1.5,0.709902
2022-12-16 15:00:00,-1.7,0.7091166
2022-12-16 16:00:00,-1.9,0.7250745000000001
2022-12-16 17:00:00,-2.3,0.7565500000000001
2022-12-16 18:00:00,-2.7,0.7389022999999999
2022-12-16 19:00:00,-3.1,0.7122820000000001
2022-12-16 20:00:00,-2.9,0.6338967
2022-12-16 21:00:00,-2.9,0.5543809
2022-12-16 22:00:00,-3.5,0.5227864
2022-12-16 23:00:00,-3.3,0.4950713
2022-12-17 00:00:00,-3.6,0.493441
2022-12-17 01:00:00,-4.3,0.4781852
2022-12-17 02:00:00,-4.1,0.4649405
2022-12-17 03:00:00,-4.3,0.4484947
2022-12-17 04:00:00,-4.2,0.4396887
2022-12-17 05:00:00,-4.8,0.4380584
2022-12-17 06:00:00,-6.3,0.4382369
2022-12-17 07:00:00,-6.6,0.4516363
2022-12-17 08:00:00,-6.9,0.5019495
2022-12-17 09:00:00,-7.3,0.5123739
2022-12-17 10:00:00,-4.0,0.5151347
2022-12-17 11:00:00,-2.0,0.4901804
2022-12-17 12:00:00,-0.2,0.4769833
2022-12-17 13:00:00,1.3,0.4587525
2022-12-17 14:00:00,1.0,0.4731753
2022-12-17 15:00:00,0.1,0.492965
2022-12-17 16:00:00,-1.7,0.5187047
2022-12-17 17:00:00,-2.9,0.5547498
2022-12-17 18:00:00,-3.6,0.5411718999999999
2022-12-17 19:00:00,-4.1,0.5030681000000001
2022-12-17 20:00:00,-4.6,0.4698432999999999
2022-12-17 21:00:00,-5.0,0.4482567
2022-12-17 22:00:00,-5.4,0.4127352
2022-12-17 23:00:00,-5.4,0.3934334
2022-12-18 00:00:00,-5.5,0.3653613
2022-12-18 01:00:00,-5.3,0.3563173
2022-12-18 02:00:00,-5.8,0.3582332
2022-12-18 03:00:00,-5.6,0.3604109
2022-12-18 04:00:00,-5.7,0.3607917
2022-12-18 05:00:00,-5.5,0.3572931
2022-12-18 06:00:00,-6.4,0.355877
2022-12-18 07:00:00,-6.9,0.3664918
2022-12-18 08:00:00,-8.5,0.4051668
2022-12-18 09:00:00,-7.1,0.4050835
2022-12-18 10:00:00,-4.1,0.4151271
2022-12-18 11:00:00,-2.5,0.4127828
2022-12-18 12:00:00,-1.3,0.376702
2022-12-18 13:00:00,-0.8,0.4226717
2022-12-18 14:00:00,-1.8,0.428705
2022-12-18 15:00:00,-3.5,0.4410334
2022-12-18 16:00:00,-3.0,0.4335483
2022-12-18 17:00:00,-3.1,0.4286693
2022-12-18 18:00:00,-2.5,0.4181735
2022-12-18 19:00:00,-2.3,0.4034651
2022-12-18 20:00:00,-2.0,0.3103238
2022-12-18 21:00:00,-0.4,0.3496652
2022-12-18 22:00:00,-0.4,0.3292567
2022-12-18 23:00:00,-0.4,0.2927832
2022-12-19 00:00:00,-0.2,0.298519
2022-12-19 01:00:00,-0.1,0.2815496
2022-12-19 02:00:00,0.3,0.2655084
2022-12-19 03:00:00,0.5,0.246159
2022-12-19 04:00:00,0.7,0.2480868
2022-12-19 05:00:00,1.0,0.2854409
2022-12-19 06:00:00,1.2,0.3642784
2022-12-19 07:00:00,1.2,0.4412357
2022-12-19 08:00:00,1.6,0.4525883
2022-12-19 09:00:00,2.4,0.4517315
2022-12-19 10:00:00,3.3,0.4517315
2022-12-19 11:00:00,3.9,0.4495895
2022-12-19 12:00:00,4.6,0.451553
2022-12-19 13:00:00,5.2,0.448102
2022-12-19 14:00:00,5.3,0.4524217
2022-12-19 15:00:00,5.1,0.4516839
2022-12-19 16:00:00,5.7,0.4519338
2022-12-19 17:00:00,6.0,0.4517315
2022-12-19 18:00:00,6.2,0.4517315
2022-12-19 19:00:00,6.4,0.4258609
2022-12-19 20:00:00,6.4,0.3789749
2022-12-19 21:00:00,6.8,0.3634335
2022-12-19 22:00:00,6.4,0.3535327
2022-12-19 23:00:00,6.6,0.2984714
2022-12-20 00:00:00,7.0,0.2843461
2022-12-20 01:00:00,7.3,0.2655679
2022-12-20 02:00:00,7.7,0.2656155
2022-12-20 03:00:00,7.8,0.2464565
2022-12-20 04:00:00,8.3,0.2531086
2022-12-20 05:00:00,8.6,0.2736599
2022-12-20 06:00:00,8.3,0.3340881
2022-12-20 07:00:00,8.6,0.3932192
2022-12-20 08:00:00,8.9,0.421446
2022-12-20 09:00:00,9.6,0.4235165999999999
2022-12-20 10:00:00,9.9,0.4178403
2022-12-20 11:00:00,10.3,0.4261346
2022-12-20 12:00:00,11.0,0.4164837
2022-12-20 13:00:00,10.9,0.4129018
2022-12-20 14:00:00,11.0,0.4271342
2022-12-20 15:00:00,10.6,0.4233619
2022-12-20 16:00:00,10.3,0.4265035
2022-12-20 17:00:00,10.2,0.4280981
2022-12-20 18:00:00,9.7,0.4345717
2022-12-20 19:00:00,9.2,0.4293
2022-12-20 20:00:00,8.6,0.4272056
2022-12-20 21:00:00,8.9,0.4286931
2022-12-20 22:00:00,8.9,0.4068804
2022-12-20 23:00:00,9.1,0.3753335
2022-12-21 00:00:00,8.7,0.3723109
2022-12-21 01:00:00,8.1,0.3635644
2022-12-21 02:00:00,8.1,0.3685267
2022-12-21 03:00:00,8.1,0.3554367
2022-12-21 04:00:00,7.8,0.3566624
2022-12-21 05:00:00,7.9,0.3698
2022-12-21 06:00:00,7.6,0.4156983
2022-12-21 07:00:00,7.8,0.4568604
2022-12-21 08:00:00,7.9,0.48047
2022-12-21 09:00:00,7.8,0.4767096
2022-12-21 10:00:00,8.1,0.4551349
2022-12-21 11:00:00,8.2,0.4510056
2022-12-21 12:00:00,8.2,0.4399624
2022-12-21 13:00:00,8.3,0.4327391
2022-12-21 14:00:00,8.2,0.4424138
2022-12-21 15:00:00,7.9,0.4280624
2022-12-21 16:00:00,7.3,0.4231001
2022-12-21 17:00:00,7.1,0.4483518999999999
2022-12-21 18:00:00,6.8,0.4352381
2022-12-21 19:00:00,6.7,0.4243139
2022-12-21 20:00:00,6.7,0.4069161
2022-12-21 21:00:00,7.4,0.3792129
2022-12-21 22:00:00,7.1,0.3585902
2022-12-21 23:00:00,7.3,0.3223071
2022-12-22 00:00:00,7.5,0.344691
2022-12-22 01:00:00,7.5,0.328864
2022-12-22 02:00:00,7.7,0.3224261
2022-12-22 03:00:00,7.7,0.3131679
2022-12-22 04:00:00,7.8,0.3081818
2022-12-22 05:00:00,7.8,0.3411447999999999
2022-12-22 06:00:00,7.8,0.3743934
2022-12-22 07:00:00,6.9,0.4230168
2022-12-22 08:00:00,7.8,0.422636
2022-12-22 09:00:00,7.7,0.4218268
2022-12-22 10:00:00,7.8,0.423826
2022-12-22 11:00:00,8.1,0.422636
2022-12-22 12:00:00,8.6,0.4222076
2022-12-22 13:00:00,8.6,0.4136158
2022-12-22 14:00:00,8.6,0.4094151
2022-12-22 15:00:00,7.7,0.4059641
2022-12-22 16:00:00,6.9,0.4092961
2022-12-22 17:00:00,6.2,0.4104861
2022-12-22 18:00:00,5.7,0.422636
2022-12-22 19:00:00,6.8,0.4195658
2022-12-22 20:00:00,6.7,0.3948733
2022-12-22 21:00:00,7.0,0.3742149
2022-12-22 22:00:00,6.9,0.3590424
2022-12-22 23:00:00,6.6,0.3479873
2022-12-23 00:00:00,6.6,0.3325768
2022-12-23 01:00:00,6.9,0.3325768
2022-12-23 02:00:00,7.1,0.3298041
2022-12-23 03:00:00,7.7,0.3196653
2022-12-23 04:00:00,7.5,0.32339
2022-12-23 05:00:00,7.3,0.3323745
2022-12-23 06:00:00,6.9,0.3572455
2022-12-23 07:00:00,6.5,0.3807361
2022-12-23 08:00:00,6.4,0.41383
2022-12-23 09:00:00,6.5,0.420018
2022-12-23 10:00:00,6.7,0.4234571
2022-12-23 11:00:00,6.9,0.4196967
2022-12-23 12:00:00,7.0,0.4220529
2022-12-23 13:00:00,7.4,0.4280029
2022-12-23 14:00:00,7.5,0.4244448
2022-12-23 15:00:00,7.3,0.4174595
2022-12-23 16:00:00,7.0,0.4198514
2022-12-23 17:00:00,6.8,0.4102838
2022-12-23 18:00:00,6.9,0.4054167
2022-12-23 19:00:00,6.8,0.3917436
2022-12-23 20:00:00,6.7,0.3713946
2022-12-23 21:00:00,6.6,0.33648
2022-12-23 22:00:00,6.5,0.3326006
2022-12-23 23:00:00,6.2,0.298281
2022-12-24 00:00:00,6.0,0.252228
2022-12-24 01:00:00,5.9,0.215576
2022-12-24 02:00:00,5.8,0.2151
2022-12-24 03:00:00,7.0,0.1942988
2022-12-24 04:00:00,7.9,0.19844
2022-12-24 05:00:00,9.3,0.2132912
2022-12-24 06:00:00,9.0,0.2240607
2022-12-24 07:00:00,9.0,0.272458
2022-12-24 08:00:00,8.9,0.301018
2022-12-24 09:00:00,8.6,0.3291853
2022-12-24 10:00:00,9.4,0.3206173
2022-12-24 11:00:00,9.8,0.3222476
2022-12-24 12:00:00,9.4,0.3195582
2022-12-24 13:00:00,9.2,0.3221524
2022-12-24 14:00:00,8.1,0.3352781
2022-12-24 15:00:00,8.2,0.3458691
2022-12-24 16:00:00,7.8,0.3496295
2022-12-24 17:00:00,8.4,0.3535446
2022-12-24 18:00:00,7.3,0.3337906
2022-12-24 19:00:00,7.6,0.3207601
2022-12-24 20:00:00,6.9,0.3099073
2022-12-24 21:00:00,6.4,0.2984
2022-12-24 22:00:00,4.7,0.294473
2022-12-24 23:00:00,4.3,0.2874282
2022-12-25 00:00:00,4.7,0.2987332
2022-12-25 01:00:00,4.5,0.2890109
2022-12-25 02:00:00,4.3,0.2825135
2022-12-25 03:00:00,4.8,0.2636996
2022-12-25 04:00:00,4.9,0.257583
2022-12-25 05:00:00,5.2,0.2575235
2022-12-25 06:00:00,6.1,0.2575116
2022-12-25 07:00:00,6.2,0.265913
2022-12-25 08:00:00,6.1,0.286619
2022-12-25 09:00:00,7.1,0.2904032
2022-12-25 10:00:00,8.2,0.297924
2022-12-25 11:00:00,8.7,0.3000184
2022-12-25 12:00:00,8.9,0.2758019
2022-12-25 13:00:00,8.9,0.269364
2022-12-25 14:00:00,8.6,0.2661391
2022-12-25 15:00:00,8.5,0.2865952
2022-12-25 16:00:00,8.3,0.2899629
2022-12-25 17:00:00,8.4,0.3107997999999999
2022-12-25 18:00:00,8.5,0.2988522
2022-12-25 19:00:00,8.9,0.2866071
2022-12-25 20:00:00,9.8,0.2962699
2022-12-25 21:00:00,10.0,0.2823588
2022-12-25 22:00:00,10.3,0.2772775
2022-12-25 23:00:00,9.5,0.2746
2022-12-26 00:00:00,9.1,0.215457
2022-12-26 01:00:00,8.9,0.1996062
2022-12-26 02:00:00,8.7,0.1877538
2022-12-26 03:00:00,8.6,0.180947
2022-12-26 04:00:00,8.5,0.176901
2022-12-26 05:00:00,8.7,0.1750327
2022-12-26 06:00:00,9.2,0.1771509
2022-12-26 07:00:00,8.9,0.1833151
2022-12-26 08:00:00,8.1,0.2016292
2022-12-26 09:00:00,9.3,0.2193483
2022-12-26 10:00:00,9.6,0.226167
2022-12-26 11:00:00,10.1,0.22581
2022-12-26 12:00:00,10.6,0.220931
2022-12-26 13:00:00,10.6,0.1912881
2022-12-26 14:00:00,8.5,0.1944416
2022-12-26 15:00:00,7.2,0.1960481
2022-12-26 16:00:00,6.0,0.2122797
2022-12-26 17:00:00,5.3,0.2210262
2022-12-26 18:00:00,4.2,0.217718
2022-12-26 19:00:00,3.8,0.2260123
2022-12-26 20:00:00,3.2,0.2251317
2022-12-26 21:00:00,2.9,0.2258576
2022-12-26 22:00:00,3.2,0.2133745
2022-12-26 23:00:00,3.9,0.1787812
2022-12-27 00:00:00,3.5,0.1833984
2022-12-27 01:00:00,3.6,0.1674762
2022-12-27 02:00:00,3.6,0.1623711
2022-12-27 03:00:00,3.6,0.16155
2022-12-27 04:00:00,4.0,0.1692374
2022-12-27 05:00:00,4.1,0.1789121
2022-12-27 06:00:00,3.9,0.1917998
2022-12-27 07:00:00,4.2,0.2519424
2022-12-27 08:00:00,3.8,0.269721
2022-12-27 09:00:00,4.3,0.2746952
2022-12-27 10:00:00,4.6,0.2697567
2022-12-27 11:00:00,4.9,0.2846198
2022-12-27 12:00:00,5.3,0.2869522
2022-12-27 13:00:00,5.6,0.3035884
2022-12-27 14:00:00,5.7,0.3211052
2022-12-27 15:00:00,4.8,0.3261508
2022-12-27 16:00:00,4.0,0.3311964
2022-12-27 17:00:00,4.4,0.3444411
2022-12-27 18:00:00,4.9,0.3515811
2022-12-27 19:00:00,5.5,0.3423467
2022-12-27 20:00:00,6.1,0.3311964
2022-12-27 21:00:00,6.8,0.308872
2022-12-27 22:00:00,6.0,0.2839296
2022-12-27 23:00:00,5.7,0.2574878
2022-12-28 00:00:00,5.5,0.2035332
2022-12-28 01:00:00,4.7,0.1950247
2022-12-28 02:00:00,4.9,0.1678689
2022-12-28 03:00:00,5.5,0.1556595
2022-12-28 04:00:00,4.8,0.1556357
2022-12-28 05:00:00,5.3,0.155719
2022-12-28 06:00:00,5.9,0.1757943
2022-12-28 07:00:00,5.9,0.1929779
2022-12-28 08:00:00,6.8,0.2070556
2022-12-28 09:00:00,8.1,0.2313197
2022-12-28 10:00:00,8.7,0.2369722
2022-12-28 11:00:00,9.3,0.2269405
2022-12-28 12:00:00,9.2,0.2175752
2022-12-28 13:00:00,9.0,0.2116371
2022-12-28 14:00:00,9.0,0.240209
2022-12-28 15:00:00,9.5,0.2401852
2022-12-28 16:00:00,9.2,0.2576663
2022-12-28 17:00:00,8.9,0.2623549
2022-12-28 18:00:00,9.1,0.2596417
2022-12-28 19:00:00,9.1,0.2410063
2022-12-28 20:00:00,8.6,0.221169
2022-12-28 21:00:00,8.2,0.2108398
2022-12-28 22:00:00,8.1,0.1977855
2022-12-28 23:00:00,8.4,0.1806495
2022-12-29 00:00:00,8.8,0.1543981
2022-12-29 01:00:00,9.1,0.1543505
2022-12-29 02:00:00,9.3,0.154291
2022-12-29 03:00:00,9.7,0.1530058
2022-12-29 04:00:00,10.0,0.1531605
2022-12-29 05:00:00,11.0,0.1544338
2022-12-29 06:00:00,10.9,0.1555405
2022-12-29 07:00:00,10.3,0.1557071
2022-12-29 08:00:00,9.3,0.1662862
2022-12-29 09:00:00,9.9,0.1627043
2022-12-29 10:00:00,10.2,0.1618832
2022-12-29 11:00:00,11.2,0.1603719
2022-12-29 12:00:00,11.5,0.1579681
2022-12-29 13:00:00,11.0,0.159646
2022-12-29 14:00:00,11.2,0.1793405
2022-12-29 15:00:00,10.9,0.1848026
2022-12-29 16:00:00,10.4,0.187968
2022-12-29 17:00:00,10.0,0.1967026
2022-12-29 18:00:00,10.0,0.2167779
2022-12-29 19:00:00,7.7,0.2126486
2022-12-29 20:00:00,8.3,0.1872778
2022-12-29 21:00:00,8.2,0.1853619
2022-12-29 22:00:00,8.2,0.1869089
2022-12-29 23:00:00,8.0,0.1806733
2022-12-30 00:00:00,8.0,0.1688923
2022-12-30 01:00:00,8.0,0.1616571
2022-12-30 02:00:00,7.4,0.1592771
2022-12-30 03:00:00,7.1,0.1563735
2022-12-30 04:00:00,6.7,0.1562783
2022-12-30 05:00:00,7.0,0.1614072
2022-12-30 06:00:00,6.7,0.1686067
2022-12-30 07:00:00,5.8,0.1843147
2022-12-30 08:00:00,6.0,0.1885511
2022-12-30 09:00:00,6.7,0.1902052
2022-12-30 10:00:00,7.3,0.1866471
2022-12-30 11:00:00,7.7,0.1850168
2022-12-30 12:00:00,8.2,0.1767106
2022-12-30 13:00:00,8.6,0.1792453
2022-12-30 14:00:00,8.8,0.1861116
2022-12-30 15:00:00,8.9,0.1888843
2022-12-30 16:00:00,9.1,0.1806019
2022-12-30 17:00:00,9.1,0.1922282
2022-12-30 18:00:00,8.9,0.182256
2022-12-30 19:00:00,9.5,0.1720101
2022-12-30 20:00:00,9.3,0.1587297
2022-12-30 21:00:00,10.0,0.1564211
2022-12-30 22:00:00,10.5,0.156076
2022-12-30 23:00:00,10.5,0.1556
2022-12-31 00:00:00,10.2,0.1555643
2022-12-31 01:00:00,10.9,0.1555167
2022-12-31 02:00:00,11.1,0.1555643
2022-12-31 03:00:00,11.2,0.1555524
2022-12-31 04:00:00,11.2,0.1555643
2022-12-31 05:00:00,11.3,0.1555762
2022-12-31 06:00:00,11.4,0.1555881
2022-12-31 07:00:00,11.2,0.1555405
2022-12-31 08:00:00,11.2,0.1563497
2022-12-31 09:00:00,11.4,0.1555643
2022-12-31 10:00:00,12.6,0.155243
2022-12-31 11:00:00,15.9,0.1536246
2022-12-31 12:00:00,14.4,0.1511018
2022-12-31 13:00:00,14.7,0.1515064
2022-12-31 14:00:00,16.1,0.1531367
2022-12-31 15:00:00,16.5,0.1532438
2022-12-31 16:00:00,16.3,0.154529
2022-12-31 17:00:00,15.9,0.1556
2022-12-31 18:00:00,15.7,0.1555881
2022-12-31 19:00:00,16.3,0.1543981
2022-12-31 20:00:00,16.5,0.1539459
2022-12-31 21:00:00,16.2,0.1543624
2022-12-31 22:00:00,16.4,0.1543267
2022-12-31 23:00:00,16.5,0.1547908
2023-01-01 00:00:00,16.4,0.1494477
2023-01-01 01:00:00,16.8,0.1543267
2023-01-01 02:00:00,16.7,0.1538507
2023-01-01 03:00:00,16.6,0.1495548
2023-01-01 04:00:00,16.5,0.1502569
2023-01-01 05:00:00,15.8,0.149174
2023-01-01 06:00:00,15.7,0.1496262
2023-01-01 07:00:00,15.1,0.154053
2023-01-01 08:00:00,15.2,0.1538864
2023-01-01 09:00:00,14.9,0.1543029
2023-01-01 10:00:00,13.8,0.1543267
2023-01-01 11:00:00,11.3,0.1543267
2023-01-01 12:00:00,11.6,0.1546599
2023-01-01 13:00:00,10.5,0.1552787
2023-01-01 14:00:00,11.0,0.1566115
2023-01-01 15:00:00,10.9,0.1836007
2023-01-01 16:00:00,11.3,0.1990826
2023-01-01 17:00:00,11.5,0.2103757
2023-01-01 18:00:00,12.0,0.2217283
2023-01-01 19:00:00,12.2,0.2209905
2023-01-01 20:00:00,12.2,0.2141837
2023-01-01 21:00:00,11.7,0.2091381
2023-01-01 22:00:00,11.6,0.2102924
2023-01-01 23:00:00,11.6,0.19725
2023-01-02 00:00:00,11.4,0.2245129
2023-01-02 01:00:00,12.0,0.2170873
2023-01-02 02:00:00,12.7,0.2185867
2023-01-02 03:00:00,12.9,0.2080671
2023-01-02 04:00:00,13.5,0.2151952
2023-01-02 05:00:00,13.1,0.2385668
2023-01-02 06:00:00,13.0,0.2806452
2023-01-02 07:00:00,12.5,0.3229616
2023-01-02 08:00:00,13.7,0.3293162
2023-01-02 09:00:00,13.8,0.3305895
2023-01-02 10:00:00,14.0,0.3288759
2023-01-02 11:00:00,12.9,0.3261865
2023-01-02 12:00:00,12.0,0.3274122
2023-01-02 13:00:00,10.6,0.3266744
2023-01-02 14:00:00,9.6,0.331958
2023-01-02 15:00:00,9.1,0.3404546
2023-01-02 16:00:00,9.2,0.3494391
2023-01-02 17:00:00,8.9,0.3579
2023-01-02 18:00:00,9.0,0.3635406
2023-01-02 19:00:00,8.8,0.3513074
2023-01-02 20:00:00,9.0,0.33767
2023-01-02 21:00:00,8.2,0.3241873
2023-01-02 22:00:00,7.4,0.3161429
2023-01-02 23:00:00,7.1,0.3034218
2023-01-03 00:00:00,6.1,0.3103119
2023-01-03 01:00:00,5.3,0.2984
2023-01-03 02:00:00,4.6,0.2969244
2023-01-03 03:00:00,4.3,0.29245
2023-01-03 04:00:00,4.4,0.2908197
2023-01-03 05:00:00,2.6,0.2939613
2023-01-03 06:00:00,4.4,0.3209148
2023-01-03 07:00:00,4.2,0.3459048
2023-01-03 08:00:00,3.4,0.3569123
2023-01-03 09:00:00,3.1,0.3593042
2023-01-03 10:00:00,5.8,0.3561983
2023-01-03 11:00:00,6.7,0.3572931
2023-01-03 12:00:00,7.6,0.351355
2023-01-03 13:00:00,8.0,0.3470829
2023-01-03 14:00:00,8.3,0.3496414
2023-01-03 15:00:00,8.3,0.3551987
2023-01-03 16:00:00,8.1,0.3538659
2023-01-03 17:00:00,8.0,0.3587568
2023-01-03 18:00:00,7.8,0.3566267
2023-01-03 19:00:00,7.6,0.3471781
2023-01-03 20:00:00,6.9,0.3336478
2023-01-03 21:00:00,6.6,0.3114781
2023-01-03 22:00:00,6.4,0.2915813
2023-01-03 23:00:00,7.3,0.2670554
2023-01-04 00:00:00,6.6,0.2518591
2023-01-04 01:00:00,6.9,0.2396973
2023-01-04 02:00:00,7.1,0.2032
2023-01-04 03:00:00,7.7,0.1659292
2023-01-04 04:00:00,7.2,0.1566115
2023-01-04 05:00:00,7.3,0.1687138
2023-01-04 06:00:00,7.8,0.2282138
2023-01-04 07:00:00,8.3,0.249848
2023-01-04 08:00:00,9.8,0.255798
2023-01-04 09:00:00,10.2,0.2547508
2023-01-04 10:00:00,10.5,0.2389833
2023-01-04 11:00:00,10.6,0.2504906
2023-01-04 12:00:00,10.6,0.2518591
2023-01-04 13:00:00,10.8,0.2504668
2023-01-04 14:00:00,11.2,0.2510618
2023-01-04 15:00:00,11.6,0.2504906
2023-01-04 16:00:00,12.2,0.2517758
2023-01-04 17:00:00,11.9,0.2581304
2023-01-04 18:00:00,12.1,0.2416132
2023-01-04 19:00:00,12.0,0.2348659
2023-01-04 20:00:00,11.2,0.207008
2023-01-04 21:00:00,10.7,0.1927875
2023-01-04 22:00:00,10.4,0.1972024
2023-01-04 23:00:00,9.8,0.1664171
2023-01-05 00:00:00,10.4,0.1556595
2023-01-05 01:00:00,10.4,0.1556833
2023-01-05 02:00:00,10.1,0.1556833
2023-01-05 03:00:00,9.7,0.1557428
2023-01-05 04:00:00,9.7,0.1582537
2023-01-05 05:00:00,9.4,0.1675833
2023-01-05 06:00:00,9.3,0.2282376
2023-01-05 07:00:00,8.9,0.2593561
2023-01-05 08:00:00,8.7,0.2696496
2023-01-05 09:00:00,9.2,0.3050045
2023-01-05 10:00:00,9.3,0.3125848
2023-01-05 11:00:00,8.2,0.3258533
2023-01-05 12:00:00,7.3,0.3232829
2023-01-05 13:00:00,8.1,0.3252702
2023-01-05 14:00:00,8.4,0.3353257
2023-01-05 15:00:00,7.9,0.3453812
2023-01-05 16:00:00,7.6,0.3611487
2023-01-05 17:00:00,7.8,0.387293
2023-01-05 18:00:00,7.8,0.3872573
2023-01-05 19:00:00,7.9,0.3673962
2023-01-05 20:00:00,8.0,0.3507481
2023-01-05 21:00:00,8.3,0.33648
2023-01-05 22:00:00,8.4,0.3277216
2023-01-05 23:00:00,8.7,0.30673
2023-01-06 00:00:00,8.7,0.2831799
2023-01-06 01:00:00,8.4,0.275909
2023-01-06 02:00:00,8.8,0.2707087
2023-01-06 03:00:00,9.1,0.2535846
2023-01-06 04:00:00,9.6,0.2530967
2023-01-06 05:00:00,10.0,0.2555957
2023-01-06 06:00:00,10.1,0.2713275
2023-01-06 07:00:00,10.3,0.2823469
2023-01-06 08:00:00,10.4,0.299233
2023-01-06 09:00:00,10.6,0.2946634
2023-01-06 10:00:00,10.5,0.2898914999999999
2023-01-06 11:00:00,10.0,0.2905103
2023-01-06 12:00:00,10.8,0.29245
2023-01-06 13:00:00,11.2,0.2862382
2023-01-06 14:00:00,10.5,0.2980549
2023-01-06 15:00:00,9.7,0.3053377
2023-01-06 16:00:00,9.1,0.3216883
2023-01-06 17:00:00,8.6,0.3411567
2023-01-06 18:00:00,7.9,0.350165
2023-01-06 19:00:00,7.7,0.3302206
2023-01-06 20:00:00,7.6,0.3214622
2023-01-06 21:00:00,7.6,0.312442
2023-01-06 22:00:00,8.0,0.3102286
2023-01-06 23:00:00,7.7,0.299947
2023-01-07 00:00:00,9.0,0.2712085
2023-01-07 01:00:00,9.2,0.2727317
2023-01-07 02:00:00,8.9,0.2698995
2023-01-07 03:00:00,9.1,0.2602843
2023-01-07 04:00:00,9.5,0.2543581
2023-01-07 05:00:00,9.6,0.2550721
2023-01-07 06:00:00,9.5,0.2636044
2023-01-07 07:00:00,8.7,0.2784199
2023-01-07 08:00:00,8.7,0.2887134
2023-01-07 09:00:00,9.3,0.28888
2023-01-07 10:00:00,10.0,0.2746
2023-01-07 11:00:00,10.5,0.2607008
2023-01-07 12:00:00,11.1,0.260201
2023-01-07 13:00:00,10.8,0.2675195
2023-01-07 14:00:00,10.3,0.2614862
2023-01-07 15:00:00,10.4,0.2574164
2023-01-07 16:00:00,9.9,0.267579
2023-01-07 17:00:00,9.6,0.2708039
2023-01-07 18:00:00,9.5,0.2740288
2023-01-07 19:00:00,8.5,0.2681502
2023-01-07 20:00:00,8.9,0.2601534
2023-01-07 21:00:00,9.2,0.2287493
2023-01-07 22:00:00,9.0,0.2151
2023-01-07 23:00:00,9.6,0.2011175
2023-01-08 00:00:00,10.0,0.1686067
2023-01-08 01:00:00,9.9,0.1663933
2023-01-08 02:00:00,9.9,0.166429
2023-01-08 03:00:00,10.0,0.1605504
2023-01-08 04:00:00,10.4,0.1622402
2023-01-08 05:00:00,10.0,0.1674048
2023-01-08 06:00:00,9.6,0.1663338
2023-01-08 07:00:00,9.0,0.1751993
2023-01-08 08:00:00,8.9,0.2144098
2023-01-08 09:00:00,8.9,0.254132
2023-01-08 10:00:00,9.8,0.267103
2023-01-08 11:00:00,10.3,0.2792053
2023-01-08 12:00:00,10.0,0.2766111
2023-01-08 13:00:00,11.0,0.27341
2023-01-08 14:00:00,10.3,0.2797051
2023-01-08 15:00:00,9.8,0.2789316
2023-01-08 16:00:00,9.3,0.2854409
2023-01-08 17:00:00,9.5,0.2960676
2023-01-08 18:00:00,7.2,0.3015059
2023-01-08 19:00:00,6.8,0.2854409
2023-01-08 20:00:00,7.3,0.2792767
2023-01-08 21:00:00,8.0,0.2727317
2023-01-08 22:00:00,8.0,0.2738503
2023-01-08 23:00:00,7.7,0.2523946
2023-01-09 00:00:00,7.6,0.2450047
2023-01-09 01:00:00,7.4,0.2322122
2023-01-09 02:00:00,8.0,0.2273332
2023-01-09 03:00:00,7.2,0.2024979
2023-01-09 04:00:00,7.2,0.2118275
2023-01-09 05:00:00,7.0,0.2377933
2023-01-09 06:00:00,6.7,0.2830846999999999
2023-01-09 07:00:00,6.6,0.346
2023-01-09 08:00:00,5.7,0.3698
2023-01-09 09:00:00,6.1,0.3663966
2023-01-09 10:00:00,7.1,0.3448933
2023-01-09 11:00:00,7.6,0.3466783
2023-01-09 12:00:00,8.0,0.3228664
2023-01-09 13:00:00,8.5,0.3194272999999999
2023-01-09 14:00:00,8.3,0.3264483
2023-01-09 15:00:00,7.6,0.3353138
2023-01-09 16:00:00,7.2,0.3483324
2023-01-09 17:00:00,6.8,0.3651233
2023-01-09 18:00:00,6.1,0.3723942
2023-01-09 19:00:00,5.6,0.3588401
2023-01-09 20:00:00,5.5,0.3466069
2023-01-09 21:00:00,6.5,0.3209267
2023-01-09 22:00:00,6.3,0.31268
2023-01-09 23:00:00,5.9,0.2844889
2023-01-10 00:00:00,6.2,0.2817638
2023-01-10 01:00:00,5.8,0.2706849
2023-01-10 02:00:00,6.2,0.2688166
2023-01-10 03:00:00,5.9,0.2631284
2023-01-10 04:00:00,5.8,0.2693759
2023-01-10 05:00:00,6.0,0.284834
2023-01-10 06:00:00,5.1,0.3199747
2023-01-10 07:00:00,5.0,0.3397287
2023-01-10 08:00:00,5.5,0.3523427
2023-01-10 09:00:00,6.1,0.3464998
2023-01-10 10:00:00,6.4,0.3397287
2023-01-10 11:00:00,6.8,0.3298755
2023-01-10 12:00:00,6.8,0.3236518
2023-01-10 13:00:00,7.1,0.3241992
2023-01-10 14:00:00,7.0,0.3286379
2023-01-10 15:00:00,6.7,0.3292448
2023-01-10 16:00:00,6.5,0.322795
2023-01-10 17:00:00,6.5,0.3297446
2023-01-10 18:00:00,6.4,0.3227355
2023-01-10 19:00:00,6.5,0.3036836
2023-01-10 20:00:00,6.0,0.2819185
2023-01-10 21:00:00,6.0,0.2585707
2023-01-10 22:00:00,5.6,0.252347
2023-01-10 23:00:00,6.3,0.2067224
2023-01-11 00:00:00,6.5,0.16155
2023-01-11 01:00:00,6.9,0.1557904
2023-01-11 02:00:00,7.0,0.1556952
2023-01-11 03:00:00,7.0,0.1556119
2023-01-11 04:00:00,7.3,0.1556476
2023-01-11 05:00:00,8.3,0.1588725
2023-01-11 06:00:00,7.7,0.2244772
2023-01-11 07:00:00,7.7,0.2640209
2023-01-11 08:00:00,7.8,0.3072536
2023-01-11 09:00:00,8.5,0.3099906
2023-01-11 10:00:00,9.1,0.3123349
2023-01-11 11:00:00,9.3,0.3103238
2023-01-11 12:00:00,9.0,0.2953893
2023-01-11 13:00:00,9.7,0.2871426
2023-01-11 14:00:00,9.8,0.2933306
2023-01-11 15:00:00,9.2,0.295663
2023-01-11 16:00:00,8.7,0.297448
2023-01-11 17:00:00,7.5,0.3131441
2023-01-11 18:00:00,7.3,0.3137272
2023-01-11 19:00:00,7.6,0.307682
2023-01-11 20:00:00,8.0,0.2919264
2023-01-11 21:00:00,8.1,0.2668293
2023-01-11 22:00:00,8.5,0.2647349
2023-01-11 23:00:00,8.5,0.2371626
2023-01-12 00:00:00,8.0,0.1792572
2023-01-12 01:00:00,7.7,0.1622045
2023-01-12 02:00:00,8.5,0.1611811
2023-01-12 03:00:00,8.0,0.155719
2023-01-12 04:00:00,8.3,0.1580157
2023-01-12 05:00:00,8.1,0.1852786
2023-01-12 06:00:00,8.3,0.2576068
2023-01-12 07:00:00,8.9,0.2883445
2023-01-12 08:00:00,8.3,0.2827277
2023-01-12 09:00:00,8.6,0.2720177
2023-01-12 10:00:00,8.9,0.2564406
2023-01-12 11:00:00,9.3,0.2595822
2023-01-12 12:00:00,10.0,0.2458972
2023-01-12 13:00:00,10.8,0.2529896
2023-01-12 14:00:00,10.8,0.260558
2023-01-12 15:00:00,10.6,0.2688642
2023-01-12 16:00:00,10.8,0.2735052
2023-01-12 17:00:00,10.6,0.2888919
2023-01-12 18:00:00,10.3,0.2977931
2023-01-12 19:00:00,10.2,0.2755401
2023-01-12 20:00:00,10.1,0.2738265
2023-01-12 21:00:00,9.8,0.2564763
2023-01-12 22:00:00,9.6,0.2394117
2023-01-12 23:00:00,10.2,0.2026883
2023-01-13 00:00:00,10.3,0.1944416
2023-01-13 01:00:00,10.0,0.1758181
2023-01-13 02:00:00,10.2,0.16631
2023-01-13 03:00:00,9.7,0.1580038
2023-01-13 04:00:00,8.9,0.1587059
2023-01-13 05:00:00,8.6,0.1856594
2023-01-13 06:00:00,8.0,0.2207406
2023-01-13 07:00:00,8.5,0.2601772
2023-01-13 08:00:00,8.4,0.2816805
2023-01-13 09:00:00,8.3,0.2753616
2023-01-13 10:00:00,8.6,0.2684715
2023-01-13 11:00:00,8.7,0.2566667
2023-01-13 12:00:00,9.0,0.2466707
2023-01-13 13:00:00,8.7,0.2391856
2023-01-13 14:00:00,8.1,0.2431245
2023-01-13 15:00:00,8.3,0.2506215
2023-01-13 16:00:00,8.3,0.2571189
2023-01-13 17:00:00,7.9,0.270911
2023-01-13 18:00:00,7.8,0.2709943
2023-01-13 19:00:00,7.3,0.2697329
2023-01-13 20:00:00,7.7,0.2566786
2023-01-13 21:00:00,5.1,0.2470991
2023-01-13 22:00:00,7.1,0.2466469
2023-01-13 23:00:00,7.0,0.236877
2023-01-14 00:00:00,6.7,0.1861592
2023-01-14 01:00:00,6.7,0.1967978
2023-01-14 02:00:00,6.4,0.208793
2023-01-14 03:00:00,6.7,0.2046637
2023-01-14 04:00:00,6.9,0.204033
2023-01-14 05:00:00,7.2,0.2040092
2023-01-14 06:00:00,6.7,0.209269
2023-01-14 07:00:00,6.6,0.2188366
2023-01-14 08:00:00,6.4,0.2178846
2023-01-14 09:00:00,6.9,0.2200504
2023-01-14 10:00:00,7.2,0.2156593
2023-01-14 11:00:00,6.9,0.2210619
2023-01-14 12:00:00,6.4,0.2138029
2023-01-14 13:00:00,6.7,0.1856475
2023-01-14 14:00:00,7.3,0.1715698
2023-01-14 15:00:00,7.7,0.1663695
2023-01-14 16:00:00,8.0,0.1663576
2023-01-14 17:00:00,8.3,0.1687376
2023-01-14 18:00:00,8.8,0.1718911
2023-01-14 19:00:00,8.7,0.1637396
2023-01-14 20:00:00,9.4,0.1663457
2023-01-14 21:00:00,10.0,0.1663933
2023-01-14 22:00:00,11.5,0.162621
2023-01-14 23:00:00,11.2,0.1617761
2023-01-15 00:00:00,8.1,0.1602886
2023-01-15 01:00:00,6.3,0.1576349
2023-01-15 02:00:00,6.1,0.160479
2023-01-15 03:00:00,5.8,0.1587535
2023-01-15 04:00:00,5.6,0.1590153
2023-01-15 05:00:00,5.9,0.1603719
2023-01-15 06:00:00,5.8,0.1574802
2023-01-15 07:00:00,6.0,0.1576706
2023-01-15 08:00:00,5.9,0.1664052
2023-01-15 09:00:00,6.2,0.1678689
2023-01-15 10:00:00,6.9,0.1663219
2023-01-15 11:00:00,6.7,0.1651557
2023-01-15 12:00:00,7.1,0.1636444
2023-01-15 13:00:00,7.0,0.1560998
2023-01-15 14:00:00,7.1,0.1559451
2023-01-15 15:00:00,7.1,0.1559808
2023-01-15 16:00:00,7.2,0.1561474
2023-01-15 17:00:00,7.0,0.1570875
2023-01-15 18:00:00,7.0,0.1876705
2023-01-15 19:00:00,7.1,0.1856713
2023-01-15 20:00:00,6.9,0.1700823
2023-01-15 21:00:00,6.4,0.1790311
2023-01-15 22:00:00,6.4,0.1938466
2023-01-15 23:00:00,6.0,0.2001893
2023-01-16 00:00:00,5.6,0.2270119
2023-01-16 01:00:00,5.6,0.2270119
2023-01-16 02:00:00,5.1,0.2302368
2023-01-16 03:00:00,4.6,0.222359
2023-01-16 04:00:00,4.6,0.230927
2023-01-16 05:00:00,4.7,0.25913
2023-01-16 06:00:00,3.9,0.3396097
2023-01-16 07:00:00,4.1,0.3639809
2023-01-16 08:00:00,4.0,0.3769281
2023-01-16 09:00:00,5.2,0.3579
2023-01-16 10:00:00,5.3,0.334338
2023-01-16 11:00:00,5.9,0.3351591
2023-01-16 12:00:00,6.1,0.3305776
2023-01-16 13:00:00,6.5,0.3232353
2023-01-16 14:00:00,6.3,0.3236756
2023-01-16 15:00:00,5.6,0.3289710999999999
2023-01-16 16:00:00,4.9,0.3350639
2023-01-16 17:00:00,4.5,0.3540801
2023-01-16 18:00:00,4.8,0.3623268
2023-01-16 19:00:00,5.0,0.334695
2023-01-16 20:00:00,4.9,0.3185943
2023-01-16 21:00:00,4.7,0.3076106
2023-01-16 22:00:00,4.2,0.3022556
2023-01-16 23:00:00,4.1,0.285786
2023-01-17 00:00:00,3.9,0.2725056
2023-01-17 01:00:00,3.8,0.2681859
2023-01-17 02:00:00,3.8,0.2649729
2023-01-17 03:00:00,3.2,0.2621169
2023-01-17 04:00:00,3.6,0.2648063
2023-01-17 05:00:00,3.6,0.2746
2023-01-17 06:00:00,2.1,0.2947824
2023-01-17 07:00:00,1.8,0.323152
2023-01-17 08:00:00,1.7,0.3364324
2023-01-17 09:00:00,1.9,0.317559
2023-01-17 10:00:00,2.8,0.3057423
2023-01-17 11:00:00,3.2,0.3016725
2023-01-17 12:00:00,3.7,0.2937233
2023-01-17 13:00:00,3.8,0.3097764
2023-01-17 14:00:00,3.4,0.3293995
2023-01-17 15:00:00,2.7,0.3505815
2023-01-17 16:00:00,1.5,0.3698595
2023-01-17 17:00:00,1.0,0.3803077
2023-01-17 18:00:00,0.6,0.366111
2023-01-17 19:00:00,0.0,0.3645164
2023-01-17 20:00:00,-0.2,0.3388838
2023-01-17 21:00:00,-0.5,0.3296494
2023-01-17 22:00:00,-0.3,0.3221286
2023-01-17 23:00:00,-1.1,0.3075987
2023-01-18 00:00:00,-1.3,0.3017915
2023-01-18 01:00:00,-2.5,0.3039692
2023-01-18 02:00:00,-3.1,0.3039216
2023-01-18 03:00:00,-3.7,0.3018153
2023-01-18 04:00:00,-3.6,0.2982929
2023-01-18 05:00:00,-3.9,0.306254
2023-01-18 06:00:00,-3.5,0.3373368
2023-01-18 07:00:00,-2.5,0.3599111
2023-01-18 08:00:00,-3.5,0.3801173
2023-01-18 09:00:00,-2.8,0.3735009
2023-01-18 10:00:00,-1.3,0.3474875
2023-01-18 11:00:00,0.2,0.3370155
2023-01-18 12:00:00,2.0,0.3232353
2023-01-18 13:00:00,2.2,0.3236756
2023-01-18 14:00:00,2.1,0.3249727
2023-01-18 15:00:00,1.7,0.3373011
2023-01-18 16:00:00,0.7,0.3386339
2023-01-18 17:00:00,-0.2,0.3515216
2023-01-18 18:00:00,-0.4,0.3447624
2023-01-18 19:00:00,-0.1,0.3145245
2023-01-18 20:00:00,0.1,0.3192012
2023-01-18 21:00:00,0.4,0.3120493
2023-01-18 22:00:00,0.3,0.3090981
2023-01-18 23:00:00,0.6,0.2896892
2023-01-19 00:00:00,0.6,0.2883207
2023-01-19 01:00:00,1.0,0.2829062
2023-01-19 02:00:00,0.9,0.2805143
2023-01-19 03:00:00,0.5,0.2766468
2023-01-19 04:00:00,1.0,0.2735766
2023-01-19 05:00:00,1.7,0.2876305
2023-01-19 06:00:00,1.9,0.2962818
2023-01-19 07:00:00,2.1,0.3336478
2023-01-19 08:00:00,1.9,0.3459167
2023-01-19 09:00:00,1.7,0.3410972
2023-01-19 10:00:00,1.2,0.3398239
2023-01-19 11:00:00,1.5,0.3205697
2023-01-19 12:00:00,2.2,0.3341832999999999
2023-01-19 13:00:00,1.4,0.3398953
2023-01-19 14:00:00,2.0,0.3465831
2023-01-19 15:00:00,2.7,0.368729
2023-01-19 16:00:00,2.6,0.3772851
2023-01-19 17:00:00,1.9,0.3920887
2023-01-19 18:00:00,1.3,0.3907083
2023-01-19 19:00:00,1.0,0.3772851
2023-01-19 20:00:00,0.2,0.3578167
2023-01-19 21:00:00,0.2,0.3457263
2023-01-19 22:00:00,-0.5,0.3485466
2023-01-19 23:00:00,-0.2,0.321605
2023-01-20 00:00:00,-0.5,0.3303991
2023-01-20 01:00:00,-0.7,0.327555
2023-01-20 02:00:00,-0.8,0.3251036
2023-01-20 03:00:00,-0.9,0.325532
2023-01-20 04:00:00,-1.9,0.3281262
2023-01-20 05:00:00,-1.2,0.334695
2023-01-20 06:00:00,-0.8,0.3650519
2023-01-20 07:00:00,-0.1,0.4032033
2023-01-20 08:00:00,-0.1,0.4353214
2023-01-20 09:00:00,-0.5,0.419423
2023-01-20 10:00:00,1.1,0.4052263
2023-01-20 11:00:00,2.2,0.3954088
2023-01-20 12:00:00,2.2,0.3808194
2023-01-20 13:00:00,2.6,0.3717397
2023-01-20 14:00:00,2.7,0.3726084
2023-01-20 15:00:00,2.3,0.38408
2023-01-20 16:00:00,2.1,0.3936
2023-01-20 17:00:00,1.5,0.4033818
2023-01-20 18:00:00,2.1,0.403596
2023-01-20 19:00:00,-1.1,0.39003
2023-01-20 20:00:00,-1.4,0.364683
2023-01-20 21:00:00,-2.2,0.3535803
2023-01-20 22:00:00,-2.6,0.349689
2023-01-20 23:00:00,-2.9,0.3311845
2023-01-21 00:00:00,-2.7,0.3271147
2023-01-21 01:00:00,-4.0,0.3222714
2023-01-21 02:00:00,-3.5,0.3224261
2023-01-21 03:00:00,-1.7,0.3147506
2023-01-21 04:00:00,-1.8,0.3117756
2023-01-21 05:00:00,-1.8,0.3127514
2023-01-21 06:00:00,-1.5,0.3108593
2023-01-21 07:00:00,-0.9,0.3224975
2023-01-21 08:00:00,-0.7,0.3370512
2023-01-21 09:00:00,-0.6,0.3598754
2023-01-21 10:00:00,-0.2,0.3579119
2023-01-21 11:00:00,0.5,0.3423586
2023-01-21 12:00:00,0.7,0.3316129
2023-01-21 13:00:00,1.4,0.3186538
2023-01-21 14:00:00,1.8,0.3181302
2023-01-21 15:00:00,1.2,0.317321
2023-01-21 16:00:00,1.2,0.3272218
2023-01-21 17:00:00,1.2,0.3625648
2023-01-21 18:00:00,1.3,0.3684791
2023-01-21 19:00:00,1.4,0.3263888
2023-01-21 20:00:00,1.2,0.3204507
2023-01-21 21:00:00,1.2,0.3174876
2023-01-21 22:00:00,1.3,0.3125372
2023-01-21 23:00:00,1.1,0.2957344
2023-01-22 00:00:00,0.2,0.307444
2023-01-22 01:00:00,0.2,0.2972219
2023-01-22 02:00:00,0.2,0.2945563
2023-01-22 03:00:00,0.2,0.2964365
2023-01-22 04:00:00,0.1,0.3009228
2023-01-22 05:00:00,0.0,0.2957701
2023-01-22 06:00:00,0.2,0.307444
2023-01-22 07:00:00,0.3,0.307444
2023-01-22 08:00:00,0.3,0.3192369
2023-01-22 09:00:00,0.3,0.3291258
2023-01-22 10:00:00,0.4,0.3356232
2023-01-22 11:00:00,0.7,0.3480825
2023-01-22 12:00:00,1.2,0.3478445
2023-01-22 13:00:00,1.3,0.3341
2023-01-22 14:00:00,1.4,0.339931
2023-01-22 15:00:00,1.3,0.3430131
2023-01-22 16:00:00,1.2,0.3591257
2023-01-22 17:00:00,1.3,0.3840681
2023-01-22 18:00:00,1.1,0.3960633
2023-01-22 19:00:00,1.2,0.3926361
2023-01-22 20:00:00,1.1,0.3686219
2023-01-22 21:00:00,1.2,0.3588163
2023-01-22 22:00:00,1.2,0.3494034
2023-01-22 23:00:00,1.3,0.3383364
2023-01-23 00:00:00,1.3,0.3328624
2023-01-23 01:00:00,1.1,0.33291
2023-01-23 02:00:00,1.2,0.332196
2023-01-23 03:00:00,1.3,0.3312321
2023-01-23 04:00:00,1.2,0.3339572
2023-01-23 05:00:00,1.3,0.3344808
2023-01-23 06:00:00,1.1,0.3816524
2023-01-23 07:00:00,1.1,0.4251826
2023-01-23 08:00:00,1.1,0.4625248
2023-01-23 09:00:00,1.2,0.4771618
2023-01-23 10:00:00,1.2,0.4530286
2023-01-23 11:00:00,1.2,0.4295737
2023-01-23 12:00:00,1.4,0.4185304999999999
2023-01-23 13:00:00,1.5,0.4164242
2023-01-23 14:00:00,1.7,0.4170311
2023-01-23 15:00:00,1.7,0.4161981
2023-01-23 16:00:00,1.7,0.4228502
2023-01-23 17:00:00,1.7,0.451791
2023-01-23 18:00:00,1.7,0.4508033
2023-01-23 19:00:00,1.6,0.4211961
2023-01-23 20:00:00,1.6,0.3978007
2023-01-23 21:00:00,1.5,0.3745718999999999
2023-01-23 22:00:00,1.5,0.3603871
2023-01-23 23:00:00,1.4,0.3501412
2023-01-24 00:00:00,1.3,0.3517715
2023-01-24 01:00:00,1.3,0.3460833
2023-01-24 02:00:00,1.5,0.3398001
2023-01-24 03:00:00,1.5,0.3329695
2023-01-24 04:00:00,1.5,0.3384435
2023-01-24 05:00:00,1.4,0.3499746
2023-01-24 06:00:00,1.4,0.3740959
2023-01-24 07:00:00,1.3,0.4055952
2023-01-24 08:00:00,1.1,0.454409
2023-01-24 09:00:00,1.0,0.4607517
2023-01-24 10:00:00,0.9,0.4396054
2023-01-24 11:00:00,1.0,0.4292762
2023-01-24 12:00:00,1.3,0.4149248
2023-01-24 13:00:00,1.3,0.4007995
2023-01-24 14:00:00,1.2,0.4117832
2023-01-24 15:00:00,1.2,0.4149962
2023-01-24 16:00:00,0.9,0.4228502
2023-01-24 17:00:00,0.9,0.4531
2023-01-24 18:00:00,0.8,0.4531
2023-01-24 19:00:00,0.7,0.4306685
2023-01-24 20:00:00,0.5,0.4102838
2023-01-24 21:00:00,0.1,0.3785703
2023-01-24 22:00:00,0.2,0.3607917
2023-01-24 23:00:00,0.0,0.3486656
2023-01-25 00:00:00,-0.1,0.3331123
2023-01-25 01:00:00,-0.2,0.3350877
2023-01-25 02:00:00,-0.2,0.3349449
2023-01-25 03:00:00,-0.2,0.3312083
2023-01-25 04:00:00,-0.3,0.330173
2023-01-25 05:00:00,-0.7,0.3351115
2023-01-25 06:00:00,-0.6,0.358614
2023-01-25 07:00:00,-0.5,0.3937071
2023-01-25 08:00:00,-0.6,0.4233976
2023-01-25 09:00:00,-0.7,0.42335
2023-01-25 10:00:00,-0.6,0.4083798
2023-01-25 11:00:00,-0.5,0.3947662
2023-01-25 12:00:00,-0.5,0.3855079999999999
2023-01-25 13:00:00,-0.3,0.375988
2023-01-25 14:00:00,-0.5,0.383723
2023-01-25 15:00:00,-0.6,0.390387
2023-01-25 16:00:00,-0.8,0.3926361
2023-01-25 17:00:00,-0.8,0.4011565
2023-01-25 18:00:00,-1.0,0.4038578
2023-01-25 19:00:00,-1.3,0.3855199
2023-01-25 20:00:00,-1.9,0.3630051
2023-01-25 21:00:00,-2.2,0.3530805
2023-01-25 22:00:00,-2.4,0.3502959
2023-01-25 23:00:00,-2.6,0.3379436999999999
2023-01-26 00:00:00,-2.7,0.3341
2023-01-26 01:00:00,-2.7,0.3225927
2023-01-26 02:00:00,-2.5,0.3187847
2023-01-26 03:00:00,-2.3,0.3158097
2023-01-26 04:00:00,-2.2,0.3174519
2023-01-26 05:00:00,-1.9,0.3267815
2023-01-26 06:00:00,-1.7,0.3527592
2023-01-26 07:00:00,-1.5,0.3781062
2023-01-26 08:00:00,-1.4,0.3923505
2023-01-26 09:00:00,-1.1,0.3970629
2023-01-26 10:00:00,-0.8,0.3901609
2023-01-26 11:00:00,-0.5,0.3867337
2023-01-26 12:00:00,-0.2,0.3783561
2023-01-26 13:00:00,-0.2,0.3754168
2023-01-26 14:00:00,0.0,0.3713232
2023-01-26 15:00:00,0.1,0.3645878
2023-01-26 16:00:00,0.2,0.3565434
2023-01-26 17:00:00,0.4,0.377178
2023-01-26 18:00:00,0.5,0.3706687
2023-01-26 19:00:00,0.7,0.3585545
2023-01-26 20:00:00,0.9,0.3447981
2023-01-26 21:00:00,1.2,0.3393836
2023-01-26 22:00:00,1.2,0.3338025
2023-01-26 23:00:00,1.4,0.3197129
2023-01-27 00:00:00,1.7,0.31625
2023-01-27 01:00:00,2.0,0.3129537
2023-01-27 02:00:00,2.2,0.3106808
2023-01-27 03:00:00,2.7,0.3044809
2023-01-27 04:00:00,2.8,0.3082889
2023-01-27 05:00:00,3.2,0.3152028
2023-01-27 06:00:00,3.4,0.3353019
2023-01-27 07:00:00,3.1,0.365159
2023-01-27 08:00:00,3.0,0.38765
2023-01-27 09:00:00,3.1,0.3926361
2023-01-27 10:00:00,3.4,0.38765
2023-01-27 11:00:00,3.5,0.3817
2023-01-27 12:00:00,3.3,0.3734414
2023-01-27 13:00:00,3.3,0.3698
2023-01-27 14:00:00,2.8,0.371585
2023-01-27 15:00:00,2.9,0.37575
2023-01-27 16:00:00,2.5,0.37932
2023-01-27 17:00:00,1.9,0.3912795
2023-01-27 18:00:00,1.7,0.394433
2023-01-27 19:00:00,1.5,0.386103
2023-01-27 20:00:00,1.5,0.371585
2023-01-27 21:00:00,1.4,0.3534375
2023-01-27 22:00:00,1.3,0.3401928
2023-01-27 23:00:00,1.1,0.32934
2023-01-28 00:00:00,0.8,0.322081
2023-01-28 01:00:00,0.7,0.3163214
2023-01-28 02:00:00,0.7,0.3143222
2023-01-28 03:00:00,0.8,0.3098121
2023-01-28 04:00:00,0.6,0.3046832
2023-01-28 05:00:00,0.3,0.3017676999999999
2023-01-28 06:00:00,0.0,0.3089315
2023-01-28 07:00:00,-0.1,0.3178208
2023-01-28 08:00:00,-0.2,0.3286617
2023-01-28 09:00:00,0.2,0.3461904
2023-01-28 10:00:00,0.0,0.3478683
2023-01-28 11:00:00,0.1,0.342787
2023-01-28 12:00:00,0.8,0.3240564
2023-01-28 13:00:00,0.9,0.3166308
2023-01-28 14:00:00,1.2,0.3200104
2023-01-28 15:00:00,0.9,0.3306966
2023-01-28 16:00:00,0.2,0.3391813
2023-01-28 17:00:00,-0.5,0.3518667
2023-01-28 18:00:00,-0.8,0.3627314
2023-01-28 19:00:00,-1.1,0.3502364
2023-01-28 20:00:00,-0.6,0.3340524
2023-01-28 21:00:00,-0.2,0.3294947
2023-01-28 22:00:00,0.3,0.3248537
2023-01-28 23:00:00,0.3,0.3219382
2023-01-29 00:00:00,0.4,0.3398715
2023-01-29 01:00:00,0.5,0.3098954
2023-01-29 02:00:00,0.5,0.3058137
2023-01-29 03:00:00,0.3,0.3027197
2023-01-29 04:00:00,0.5,0.3030053
2023-01-29 05:00:00,0.5,0.3021247
2023-01-29 06:00:00,0.8,0.3076106
2023-01-29 07:00:00,0.9,0.3141794
2023-01-29 08:00:00,0.8,0.3318033
2023-01-29 09:00:00,1.0,0.3409663
2023-01-29 10:00:00,1.5,0.3040644
2023-01-29 11:00:00,1.8,0.2996614
2023-01-29 12:00:00,1.9,0.2928189
2023-01-29 13:00:00,2.1,0.2924143
2023-01-29 14:00:00,2.1,0.2996257
2023-01-29 15:00:00,1.6,0.304945
2023-01-29 16:00:00,1.4,0.3104071
2023-01-29 17:00:00,1.6,0.3414066
2023-01-29 18:00:00,1.7,0.3380984
2023-01-29 19:00:00,1.3,0.3086935
2023-01-29 20:00:00,1.9,0.2744096
2023-01-29 21:00:00,2.1,0.25675
2023-01-29 22:00:00,2.5,0.2505977
2023-01-29 23:00:00,2.5,0.2321884
2023-01-30 00:00:00,3.1,0.20915
2023-01-30 01:00:00,3.2,0.162621
2023-01-30 02:00:00,3.2,0.1616333
2023-01-30 03:00:00,4.0,0.1580157
2023-01-30 04:00:00,4.1,0.1663457
2023-01-30 05:00:00,4.6,0.2001893
2023-01-30 06:00:00,5.2,0.260439
2023-01-30 07:00:00,5.5,0.2771942
2023-01-30 08:00:00,5.4,0.293045
2023-01-30 09:00:00,5.6,0.275552
2023-01-30 10:00:00,6.1,0.2708039
2023-01-30 11:00:00,6.8,0.2605937
2023-01-30 12:00:00,5.9,0.258059
2023-01-30 13:00:00,5.0,0.2548222
2023-01-30 14:00:00,5.8,0.2607484
2023-01-30 15:00:00,6.0,0.2580828
2023-01-30 16:00:00,6.3,0.2623311
2023-01-30 17:00:00,3.5,0.2729578
2023-01-30 18:00:00,5.0,0.2701851
2023-01-30 19:00:00,5.3,0.275433
2023-01-30 20:00:00,4.5,0.2626405
2023-01-30 21:00:00,4.8,0.2589515
2023-01-30 22:00:00,4.0,0.2604985
2023-01-30 23:00:00,4.3,0.263652
2023-01-31 00:00:00,3.5,0.2674719
2023-01-31 01:00:00,3.8,0.2723985
2023-01-31 02:00:00,3.6,0.2723985
2023-01-31 03:00:00,3.8,0.2756829
2023-01-31 04:00:00,3.1,0.2808951
2023-01-31 05:00:00,3.3,0.2859407
2023-01-31 06:00:00,3.2,0.3273646
2023-01-31 07:00:00,3.9,0.359566
2023-01-31 08:00:00,4.3,0.3733461999999999
2023-01-31 09:00:00,5.2,0.3578286
2023-01-31 10:00:00,4.3,0.3544609
2023-01-31 11:00:00,4.9,0.3297327
2023-01-31 12:00:00,5.3,0.3200937
2023-01-31 13:00:00,5.2,0.3028149
2023-01-31 14:00:00,5.1,0.2824778
2023-01-31 15:00:00,5.6,0.284239
2023-01-31 16:00:00,6.3,0.2766587
2023-01-31 17:00:00,5.8,0.2783842
2023-01-31 18:00:00,5.9,0.2852624
2023-01-31 19:00:00,6.4,0.2749332
2023-01-31 20:00:00,5.9,0.2685548
2023-01-31 21:00:00,5.3,0.2581661
2023-01-31 22:00:00,5.0,0.258059
2023-01-31 23:00:00,5.0,0.2383764
2023-02-01 00:00:00,5.0,0.2507286
2023-02-01 01:00:00,5.0,0.2359845
2023-02-01 02:00:00,4.6,0.2337711
2023-02-01 03:00:00,4.9,0.2351158
2023-02-01 04:00:00,5.0,0.2241321
2023-02-01 05:00:00,5.2,0.2448024
2023-02-01 06:00:00,4.7,0.2698162
2023-02-01 07:00:00,4.7,0.2897725
2023-02-01 08:00:00,5.2,0.2992806
2023-02-01 09:00:00,5.8,0.2880351
2023-02-01 10:00:00,6.3,0.2805857
2023-02-01 11:00:00,6.5,0.2763255
2023-02-01 12:00:00,6.3,0.2738146
2023-02-01 13:00:00,5.4,0.2728507
2023-02-01 14:00:00,3.1,0.2698043
2023-02-01 15:00:00,2.6,0.2728864
2023-02-01 16:00:00,3.2,0.2778011
2023-02-01 17:00:00,4.1,0.2854528
2023-02-01 18:00:00,4.6,0.2883802
2023-02-01 19:00:00,4.5,0.2756472
2023-02-01 20:00:00,4.7,0.2718035
2023-02-01 21:00:00,5.1,0.2683525
2023-02-01 22:00:00,4.8,0.2584398
2023-02-01 23:00:00,4.8,0.2491221
2023-02-02 00:00:00,4.8,0.244017
2023-02-02 01:00:00,4.6,0.2362463
2023-02-02 02:00:00,4.5,0.2405065
2023-02-02 03:00:00,4.1,0.2469325
2023-02-02 04:00:00,3.9,0.2609745
2023-02-02 05:00:00,3.7,0.2664009
2023-02-02 06:00:00,3.8,0.2938899
2023-02-02 07:00:00,4.0,0.3212718
2023-02-02 08:00:00,4.3,0.3577453
2023-02-02 09:00:00,5.2,0.367658
2023-02-02 10:00:00,5.8,0.3580071
2023-02-02 11:00:00,6.2,0.3545799
2023-02-02 12:00:00,6.1,0.3422634
2023-02-02 13:00:00,6.1,0.3373606
2023-02-02 14:00:00,6.9,0.3477136
2023-02-02 15:00:00,6.5,0.3500341
2023-02-02 16:00:00,5.9,0.3546632
2023-02-02 17:00:00,5.6,0.3676223
2023-02-02 18:00:00,4.8,0.3735128
2023-02-02 19:00:00,4.3,0.3604942
2023-02-02 20:00:00,4.2,0.3246871
2023-02-02 21:00:00,3.9,0.3264126
2023-02-02 22:00:00,4.3,0.3104785
2023-02-02 23:00:00,6.7,0.2792767
2023-02-03 00:00:00,7.4,0.284477
2023-02-03 01:00:00,7.7,0.2749213
2023-02-03 02:00:00,8.0,0.2672458
2023-02-03 03:00:00,8.2,0.2601177
2023-02-03 04:00:00,8.2,0.2555957
2023-02-03 05:00:00,8.5,0.2615338
2023-02-03 06:00:00,8.4,0.2749213
2023-02-03 07:00:00,7.5,0.2837987
2023-02-03 08:00:00,7.7,0.2869641
2023-02-03 09:00:00,8.3,0.2865119
2023-02-03 10:00:00,8.3,0.2718987
2023-02-03 11:00:00,8.2,0.2779439
2023-02-03 12:00:00,8.8,0.27698
2023-02-03 13:00:00,9.2,0.2736361
2023-02-03 14:00:00,9.1,0.2721129
2023-02-03 15:00:00,8.7,0.27698
2023-02-03 16:00:00,7.8,0.2837868
2023-02-03 17:00:00,7.5,0.289356
2023-02-03 18:00:00,7.5,0.2906888
2023-02-03 19:00:00,6.7,0.2842033
2023-02-03 20:00:00,6.3,0.279003
2023-02-03 21:00:00,6.3,0.2781105
2023-02-03 22:00:00,6.2,0.2902961
2023-02-03 23:00:00,6.2,0.283882
2023-02-04 00:00:00,5.5,0.2738384
2023-02-04 01:00:00,4.8,0.2820375
2023-02-04 02:00:00,4.6,0.2902485
2023-02-04 03:00:00,3.4,0.3005063
2023-02-04 04:00:00,2.4,0.3048022
2023-02-04 05:00:00,1.0,0.3072536
2023-02-04 06:00:00,-0.1,0.3190346
2023-02-04 07:00:00,-0.2,0.3416089
2023-02-04 08:00:00,-0.3,0.3509861
2023-02-04 09:00:00,1.4,0.3576977
2023-02-04 10:00:00,3.5,0.3508909
2023-02-04 11:00:00,3.9,0.3417040999999999
2023-02-04 12:00:00,4.1,0.3327196
2023-02-04 13:00:00,4.4,0.3143103
2023-02-04 14:00:00,4.6,0.3151671
2023-02-04 15:00:00,4.5,0.3241159
2023-02-04 16:00:00,2.6,0.3404784
2023-02-04 17:00:00,1.8,0.3582451
2023-02-04 18:00:00,1.9,0.3747504
2023-02-04 19:00:00,1.1,0.3697524
2023-02-04 20:00:00,1.3,0.3553891
2023-02-04 21:00:00,2.2,0.3437747
2023-02-04 22:00:00,1.2,0.3369322
2023-02-04 23:00:00,-1.1,0.3182373
2023-02-05 00:00:00,-1.3,0.3168569
2023-02-05 01:00:00,-0.3,0.3185943
2023-02-05 02:00:00,-0.6,0.3091457
2023-02-05 03:00:00,-0.5,0.3111092
2023-02-05 04:00:00,-0.2,0.293878
2023-02-05 05:00:00,0.0,0.2903913
2023-02-05 06:00:00,0.2,0.2915099
2023-02-05 07:00:00,0.5,0.293164
2023-02-05 08:00:00,1.2,0.2989712
2023-02-05 09:00:00,1.8,0.2956392
2023-02-05 10:00:00,1.7,0.295187
2023-02-05 11:00:00,2.0,0.3008871
2023-02-05 12:00:00,2.1,0.2937471
2023-02-05 13:00:00,2.4,0.2829419
2023-02-05 14:00:00,2.8,0.2862025
2023-02-05 15:00:00,2.3,0.2940207999999999
2023-02-05 16:00:00,2.2,0.3045404
2023-02-05 17:00:00,1.9,0.3312083
2023-02-05 18:00:00,1.7,0.3596136
2023-02-05 19:00:00,1.7,0.3589948
2023-02-05 20:00:00,1.6,0.353021
2023-02-05 21:00:00,1.8,0.3384673
2023-02-05 22:00:00,1.9,0.3409663
2023-02-05 23:00:00,2.1,0.3271742
2023-02-06 00:00:00,1.8,0.32815
2023-02-06 01:00:00,1.6,0.3266387
2023-02-06 02:00:00,0.7,0.3286379
2023-02-06 03:00:00,0.1,0.3246871
2023-02-06 04:00:00,-0.2,0.322319
2023-02-06 05:00:00,-0.9,0.3328267
2023-02-06 06:00:00,-1.1,0.3646473
2023-02-06 07:00:00,-1.1,0.3943735
2023-02-06 08:00:00,-0.6,0.4095341
2023-02-06 09:00:00,0.2,0.3943735
2023-02-06 10:00:00,0.7,0.3758452
2023-02-06 11:00:00,1.5,0.3696096
2023-02-06 12:00:00,2.2,0.3563768
2023-02-06 13:00:00,1.9,0.3473804
2023-02-06 14:00:00,2.6,0.350641
2023-02-06 15:00:00,3.3,0.3586973
2023-02-06 16:00:00,2.6,0.371942
2023-02-06 17:00:00,1.6,0.3923386
2023-02-06 18:00:00,1.0,0.409665
2023-02-06 19:00:00,-0.8,0.4000022
2023-02-06 20:00:00,-1.2,0.3771899
2023-02-06 21:00:00,-2.4,0.3537112
2023-02-06 22:00:00,-4.2,0.3457858
2023-02-06 23:00:00,-3.3,0.33886
2023-02-07 00:00:00,-4.1,0.3290782
2023-02-07 01:00:00,-4.1,0.3248299
2023-02-07 02:00:00,-2.6,0.3226998
2023-02-07 03:00:00,-3.7,0.3215336
2023-02-07 04:00:00,-3.8,0.324104
2023-02-07 05:00:00,-4.1,0.3291853
2023-02-07 06:00:00,-4.4,0.3585426
2023-02-07 07:00:00,-4.4,0.3912676
2023-02-07 08:00:00,-3.9,0.4104504
2023-02-07 09:00:00,-1.3,0.3839015
2023-02-07 10:00:00,0.7,0.3608988
2023-02-07 11:00:00,1.8,0.3243777
2023-02-07 12:00:00,3.2,0.3225927
2023-02-07 13:00:00,3.9,0.3160834
2023-02-07 14:00:00,4.6,0.3321246
2023-02-07 15:00:00,3.9,0.3601134
2023-02-07 16:00:00,2.7,0.3816762
2023-02-07 17:00:00,1.1,0.4200894
2023-02-07 18:00:00,-1.0,0.447864
2023-02-07 19:00:00,-1.6,0.42811
2023-02-07 20:00:00,-1.4,0.3924457
2023-02-07 21:00:00,-2.2,0.3795342
2023-02-07 22:00:00,-2.4,0.3618984
2023-02-07 23:00:00,-3.5,0.3496652
2023-02-08 00:00:00,-4.0,0.3460595
2023-02-08 01:00:00,-4.2,0.3402404
2023-02-08 02:00:00,-4.5,0.3341
2023-02-08 03:00:00,-4.6,0.3316843
2023-02-08 04:00:00,-4.7,0.3293043
2023-02-08 05:00:00,-5.3,0.3331242
2023-02-08 06:00:00,-5.5,0.3646711
2023-02-08 07:00:00,-5.5,0.3896016
2023-02-08 08:00:00,-4.4,0.4128661
2023-02-08 09:00:00,-1.6,0.3671225
2023-02-08 10:00:00,0.7,0.30792
2023-02-08 11:00:00,3.4,0.3059327
2023-02-08 12:00:00,3.9,0.3042905
2023-02-08 13:00:00,4.5,0.3043024
2023-02-08 14:00:00,5.2,0.3042905
2023-02-08 15:00:00,4.9,0.3156431
2023-02-08 16:00:00,3.3,0.3422634
2023-02-08 17:00:00,1.7,0.3745481
2023-02-08 18:00:00,0.7,0.3846155
2023-02-08 19:00:00,-0.5,0.33767
2023-02-08 20:00:00,-1.4,0.3286855
2023-02-08 21:00:00,-2.3,0.3148339
2023-02-08 22:00:00,-1.8,0.3075987
2023-02-08 23:00:00,-1.1,0.2971386
2023-02-09 00:00:00,-1.2,0.2859764
2023-02-09 01:00:00,-1.6,0.2964484
2023-02-09 02:00:00,-1.9,0.2925928
2023-02-09 03:00:00,-2.0,0.2929974
2023-02-09 04:00:00,-1.5,0.2989593
2023-02-09 05:00:00,-1.8,0.3133583
2023-02-09 06:00:00,-2.4,0.3403356
2023-02-09 07:00:00,-2.4,0.3632074
2023-02-09 08:00:00,-1.2,0.3614938
2023-02-09 09:00:00,0.3,0.2881184
2023-02-09 10:00:00,1.2,0.2912719
2023-02-09 11:00:00,2.4,0.2886063
2023-02-09 12:00:00,3.4,0.2879042
2023-02-09 13:00:00,4.0,0.2867261
2023-02-09 14:00:00,4.1,0.3001374
2023-02-09 15:00:00,3.7,0.3435129
2023-02-09 16:00:00,2.9,0.3519976
2023-02-09 17:00:00,2.2,0.3617675
2023-02-09 18:00:00,2.8,0.3535327
2023-02-09 19:00:00,3.1,0.3161191
2023-02-09 20:00:00,3.3,0.2933663
2023-02-09 21:00:00,2.9,0.3171663
2023-02-09 22:00:00,2.8,0.2983167
2023-02-09 23:00:00,2.6,0.2959605
2023-02-10 00:00:00,1.9,0.3016011
2023-02-10 01:00:00,2.0,0.3020771
2023-02-10 02:00:00,2.4,0.2940207999999999
2023-02-10 03:00:00,2.7,0.294473
2023-02-10 04:00:00,2.9,0.2966269
2023-02-10 05:00:00,2.7,0.3049093
2023-02-10 06:00:00,2.1,0.3388481
2023-02-10 07:00:00,1.5,0.3768329
2023-02-10 08:00:00,1.9,0.3891137
2023-02-10 09:00:00,3.3,0.3444768
2023-02-10 10:00:00,4.2,0.3226165
2023-02-10 11:00:00,5.4,0.3122992
2023-02-10 12:00:00,5.8,0.2970196
2023-02-10 13:00:00,6.0,0.2959486
2023-02-10 14:00:00,5.7,0.2866428
2023-02-10 15:00:00,5.8,0.3078605
2023-02-10 16:00:00,5.2,0.3028744
2023-02-10 17:00:00,4.2,0.3447267
2023-02-10 18:00:00,4.1,0.3097645
2023-02-10 19:00:00,3.5,0.2844651
2023-02-10 20:00:00,4.4,0.2844294
2023-02-10 21:00:00,4.4,0.2682454
2023-02-10 22:00:00,5.2,0.2617361
2023-02-10 23:00:00,5.5,0.20915
2023-02-11 00:00:00,5.6,0.2625691
2023-02-11 01:00:00,5.5,0.2572022
2023-02-11 02:00:00,5.2,0.2567857
2023-02-11 03:00:00,5.6,0.2530253
2023-02-11 04:00:00,5.8,0.2535489
2023-02-11 05:00:00,5.9,0.2518472
2023-02-11 06:00:00,6.0,0.2543105
2023-02-11 07:00:00,6.1,0.2586421
2023-02-11 08:00:00,6.1,0.2664247
2023-02-11 09:00:00,6.2,0.2674005
2023-02-11 10:00:00,6.6,0.2662819
2023-02-11 11:00:00,6.6,0.2626167
2023-02-11 12:00:00,6.9,0.2665437
2023-02-11 13:00:00,7.2,0.2637948
2023-02-11 14:00:00,7.3,0.2673291
2023-02-11 15:00:00,7.5,0.2759447
2023-02-11 16:00:00,7.7,0.2964484
2023-02-11 17:00:00,8.0,0.3387886
2023-02-11 18:00:00,8.1,0.3374201
2023-02-11 19:00:00,8.2,0.3230687
2023-02-11 20:00:00,8.2,0.3226998
2023-02-11 21:00:00,7.7,0.3201532
2023-02-11 22:00:00,7.5,0.3266744
2023-02-11 23:00:00,7.4,0.3198914
2023-02-12 00:00:00,7.5,0.3099668
2023-02-12 01:00:00,7.1,0.3049331
2023-02-12 02:00:00,6.9,0.3124301
2023-02-12 03:00:00,6.8,0.3074082999999999
2023-02-12 04:00:00,6.7,0.2965674
2023-02-12 05:00:00,6.6,0.2970791
2023-02-12 06:00:00,6.4,0.2841438
2023-02-12 07:00:00,6.3,0.2938423
2023-02-12 08:00:00,6.5,0.333386
2023-02-12 09:00:00,6.8,0.3272813
2023-02-12 10:00:00,7.4,0.3288164
2023-02-12 11:00:00,7.7,0.3222833
2023-02-12 12:00:00,8.0,0.3101691
2023-02-12 13:00:00,7.6,0.2984
2023-02-12 14:00:00,8.0,0.2984
2023-02-12 15:00:00,8.1,0.3039097
2023-02-12 16:00:00,7.9,0.3164404
2023-02-12 17:00:00,7.9,0.3442626
2023-02-12 18:00:00,7.5,0.3549369
2023-02-12 19:00:00,7.4,0.3572931
2023-02-12 20:00:00,7.1,0.346
2023-02-12 21:00:00,7.0,0.3232591
2023-02-12 22:00:00,6.8,0.3363729
2023-02-12 23:00:00,6.8,0.3197962
2023-02-13 00:00:00,6.4,0.319225
2023-02-13 01:00:00,6.3,0.3134892
2023-02-13 02:00:00,6.2,0.3134416
2023-02-13 03:00:00,6.3,0.3091576
2023-02-13 04:00:00,6.3,0.3112996
2023-02-13 05:00:00,6.9,0.3190584
2023-02-13 06:00:00,6.8,0.3497961
2023-02-13 07:00:00,6.9,0.3889352
2023-02-13 08:00:00,6.5,0.4124853
2023-02-13 09:00:00,7.3,0.389078
2023-02-13 10:00:00,7.6,0.3618865
2023-02-13 11:00:00,8.0,0.3393598
2023-02-13 12:00:00,8.5,0.3222
2023-02-13 13:00:00,8.7,0.3184753
2023-02-13 14:00:00,8.9,0.3222
2023-02-13 15:00:00,8.5,0.3429655
2023-02-13 16:00:00,8.3,0.3532114
2023-02-13 17:00:00,7.8,0.3793914
2023-02-13 18:00:00,7.0,0.419542
2023-02-13 19:00:00,5.6,0.401454
2023-02-13 20:00:00,4.5,0.3791534000000001
2023-02-13 21:00:00,3.3,0.3566505
2023-02-13 22:00:00,2.5,0.3471543
2023-02-13 23:00:00,1.9,0.3342428
2023-02-14 00:00:00,1.5,0.3169878
2023-02-14 01:00:00,1.2,0.3130608
2023-02-14 02:00:00,0.8,0.3128704
2023-02-14 03:00:00,0.4,0.3128228
2023-02-14 04:00:00,-0.4,0.3130608
2023-02-14 05:00:00,-0.5,0.3244967
2023-02-14 06:00:00,0.4,0.3534018
2023-02-14 07:00:00,0.0,0.3935881
2023-02-14 08:00:00,-0.4,0.4019062
2023-02-14 09:00:00,2.6,0.370514
2023-02-14 10:00:00,5.9,0.3201294
2023-02-14 11:00:00,8.6,0.3212004
2023-02-14 12:00:00,11.4,0.3107284
2023-02-14 13:00:00,12.2,0.3048379
2023-02-14 14:00:00,12.9,0.3066467
2023-02-14 15:00:00,13.0,0.3130608
2023-02-14 16:00:00,11.1,0.337313
2023-02-14 17:00:00,8.5,0.3707639
2023-02-14 18:00:00,7.0,0.3935881
2023-02-14 19:00:00,5.4,0.3852343
2023-02-14 20:00:00,3.5,0.3648139
2023-02-14 21:00:00,1.9,0.3461071
2023-02-14 22:00:00,0.5,0.3353257
2023-02-14 23:00:00,0.2,0.3242587
2023-02-15 00:00:00,1.0,0.3160239
2023-02-15 01:00:00,0.5,0.3114305
2023-02-15 02:00:00,0.4,0.3103
2023-02-15 03:00:00,-0.7,0.3103119
2023-02-15 04:00:00,-1.5,0.3063253999999999
2023-02-15 05:00:00,-1.9,0.3180707
2023-02-15 06:00:00,-2.3,0.3474279999999999
2023-02-15 07:00:00,-2.4,0.37575
2023-02-15 08:00:00,-1.1,0.3802244
2023-02-15 09:00:00,1.9,0.3593518
2023-02-15 10:00:00,5.6,0.3370988
2023-02-15 11:00:00,7.0,0.3128704
2023-02-15 12:00:00,8.8,0.2993401
2023-02-15 13:00:00,10.0,0.3001255
2023-02-15 14:00:00,10.9,0.3000422
2023-02-15 15:00:00,9.7,0.3087649
2023-02-15 16:00:00,8.7,0.3281381
2023-02-15 17:00:00,6.6,0.344572
2023-02-15 18:00:00,5.8,0.3620888
2023-02-15 19:00:00,5.4,0.3522475
2023-02-15 20:00:00,4.6,0.3264721
2023-02-15 21:00:00,4.6,0.3150243
2023-02-15 22:00:00,4.0,0.3140366
2023-02-15 23:00:00,3.6,0.297329
2023-02-16 00:00:00,2.1,0.2899034
2023-02-16 01:00:00,2.0,0.2954012
2023-02-16 02:00:00,2.5,0.2918788
2023-02-16 03:00:00,2.0,0.2904865
2023-02-16 04:00:00,1.8,0.29245
2023-02-16 05:00:00,0.7,0.2983524
2023-02-16 06:00:00,1.1,0.328864
2023-02-16 07:00:00,-0.1,0.353735
2023-02-16 08:00:00,3.7,0.3642546
2023-02-16 09:00:00,7.1,0.3536636
2023-02-16 10:00:00,8.0,0.3344332
2023-02-16 11:00:00,8.7,0.3137986
2023-02-16 12:00:00,8.9,0.2962342
2023-02-16 13:00:00,9.5,0.2967697
2023-02-16 14:00:00,9.5,0.3078367
2023-02-16 15:00:00,9.3,0.3161905
2023-02-16 16:00:00,8.5,0.3233424
2023-02-16 17:00:00,8.4,0.35314
2023-02-16 18:00:00,8.3,0.3542348
2023-02-16 19:00:00,7.7,0.3467021
2023-02-16 20:00:00,7.7,0.3264483
2023-02-16 21:00:00,7.6,0.3197724
2023-02-16 22:00:00,7.8,0.3073488
2023-02-16 23:00:00,7.5,0.2842033
2023-02-17 00:00:00,8.4,0.2817995
2023-02-17 01:00:00,8.9,0.2729459
2023-02-17 02:00:00,9.1,0.2659249
2023-02-17 03:00:00,9.5,0.2580828
2023-02-17 04:00:00,9.9,0.2515497
2023-02-17 05:00:00,9.8,0.263771
2023-02-17 06:00:00,10.2,0.2806928
2023-02-17 07:00:00,10.5,0.3015535
2023-02-17 08:00:00,10.6,0.310181
2023-02-17 09:00:00,10.9,0.2918788
2023-02-17 10:00:00,11.0,0.2764564
2023-02-17 11:00:00,11.1,0.2650324
2023-02-17 12:00:00,12.1,0.263652
2023-02-17 13:00:00,12.2,0.2360797
2023-02-17 14:00:00,11.0,0.1992492
2023-02-17 15:00:00,10.9,0.1957149
2023-02-17 16:00:00,11.0,0.2384597
2023-02-17 17:00:00,11.0,0.2507048
2023-02-17 18:00:00,10.2,0.2633307
2023-02-17 19:00:00,9.0,0.2568095
2023-02-17 20:00:00,7.9,0.2269524
2023-02-17 21:00:00,7.5,0.211411
2023-02-17 22:00:00,7.1,0.2077458
2023-02-17 23:00:00,7.0,0.1820418
2023-02-18 00:00:00,7.1,0.1890866
2023-02-18 01:00:00,7.1,0.1989636
2023-02-18 02:00:00,7.5,0.1982258
2023-02-18 03:00:00,7.6,0.2084479
2023-02-18 04:00:00,7.3,0.2305462
2023-02-18 05:00:00,6.4,0.239019
2023-02-18 06:00:00,6.2,0.2534894
2023-02-18 07:00:00,6.5,0.2667103
2023-02-18 08:00:00,7.9,0.2864405
2023-02-18 09:00:00,10.3,0.2923548
2023-02-18 10:00:00,10.7,0.2836916
2023-02-18 11:00:00,10.4,0.277932
2023-02-18 12:00:00,10.1,0.2680193
2023-02-18 13:00:00,9.9,0.2547151
2023-02-18 14:00:00,9.7,0.2583803
2023-02-18 15:00:00,9.9,0.270554
2023-02-18 16:00:00,9.9,0.2864762
2023-02-18 17:00:00,9.9,0.308872
2023-02-18 18:00:00,9.7,0.3306252
2023-02-18 19:00:00,9.8,0.3340405
2023-02-18 20:00:00,9.4,0.3168331
2023-02-18 21:00:00,9.1,0.2991616
2023-02-18 22:00:00,8.9,0.2948181
2023-02-18 23:00:00,8.8,0.2908554
2023-02-19 00:00:00,8.7,0.2853576
2023-02-19 01:00:00,8.9,0.2795028
2023-02-19 02:00:00,8.5,0.2740407
2023-02-19 03:00:00,8.3,0.26627
2023-02-19 04:00:00,5.6,0.2657345
2023-02-19 05:00:00,5.0,0.2719582
2023-02-19 06:00:00,4.1,0.272815
2023-02-19 07:00:00,3.0,0.2838463
2023-02-19 08:00:00,3.3,0.2910934
2023-02-19 09:00:00,3.7,0.2964008
2023-02-19 10:00:00,4.7,0.2938423
2023-02-19 11:00:00,5.6,0.2911053
2023-02-19 12:00:00,6.6,0.2847388
2023-02-19 13:00:00,7.0,0.2760042
2023-02-19 14:00:00,7.0,0.2728626
2023-02-19 15:00:00,6.9,0.283763
2023-02-19 16:00:00,6.2,0.2992568
2023-02-19 17:00:00,5.2,0.3235209
2023-02-19 18:00:00,4.8,0.344453
2023-02-19 19:00:00,4.5,0.3440722
2023-02-19 20:00:00,4.7,0.3201889
2023-02-19 21:00:00,4.5,0.306849
2023-02-19 22:00:00,5.3,0.2956392
2023-02-19 23:00:00,5.3,0.2684715
2023-02-20 00:00:00,5.9,0.2494553
2023-02-20 01:00:00,6.1,0.2163614
2023-02-20 02:00:00,5.9,0.2137434
2023-02-20 03:00:00,6.0,0.19606
2023-02-20 04:00:00,6.4,0.1902647
2023-02-20 05:00:00,7.1,0.2011056
2023-02-20 06:00:00,7.5,0.241637
2023-02-20 07:00:00,7.6,0.2486342
2023-02-20 08:00:00,6.9,0.2457425
2023-02-20 09:00:00,7.3,0.2150048
2023-02-20 10:00:00,7.4,0.2055324
2023-02-20 11:00:00,7.5,0.1840767
2023-02-20 12:00:00,7.7,0.1839339
2023-02-20 13:00:00,7.6,0.1817919
2023-02-20 14:00:00,7.9,0.2050088
2023-02-20 15:00:00,7.8,0.2178846
2023-02-20 16:00:00,7.8,0.2236085
2023-02-20 17:00:00,7.9,0.2686381
2023-02-20 18:00:00,8.3,0.2895226
2023-02-20 19:00:00,8.3,0.2853576
2023-02-20 20:00:00,8.4,0.2657583
2023-02-20 21:00:00,8.6,0.2599987
2023-02-20 22:00:00,8.4,0.2620693
2023-02-20 23:00:00,8.7,0.2372816
2023-02-21 00:00:00,8.8,0.215695
2023-02-21 01:00:00,8.7,0.2103519
2023-02-21 02:00:00,9.0,0.2124344
2023-02-21 03:00:00,8.6,0.2190032
2023-02-21 04:00:00,8.8,0.2378885
2023-02-21 05:00:00,8.8,0.2684953
2023-02-21 06:00:00,8.9,0.3075273
2023-02-21 07:00:00,8.9,0.3327553
2023-02-21 08:00:00,9.1,0.3388124
2023-02-21 09:00:00,9.3,0.311133
2023-02-21 10:00:00,9.7,0.3093956
2023-02-21 11:00:00,10.0,0.2942469
2023-02-21 12:00:00,11.1,0.2895107
2023-02-21 13:00:00,10.9,0.2914266
2023-02-21 14:00:00,10.6,0.297567
2023-02-21 15:00:00,10.1,0.3109664
2023-02-21 16:00:00,9.5,0.3328981
2023-02-21 17:00:00,9.2,0.3517715
2023-02-21 18:00:00,9.0,0.3675747
2023-02-21 19:00:00,8.6,0.366349
2023-02-21 20:00:00,8.3,0.3579
2023-02-21 21:00:00,8.1,0.344572
2023-02-21 22:00:00,8.1,0.337908
2023-02-21 23:00:00,8.0,0.3252702
2023-02-22 00:00:00,8.3,0.322081
2023-02-22 01:00:00,7.5,0.3085507
2023-02-22 02:00:00,6.5,0.304707
2023-02-22 03:00:00,5.8,0.3085507
2023-02-22 04:00:00,4.1,0.3097407
2023-02-22 05:00:00,3.9,0.3212361
2023-02-22 06:00:00,3.5,0.3430131
2023-02-22 07:00:00,3.7,0.3616247
2023-02-22 08:00:00,6.6,0.3654446
2023-02-22 09:00:00,8.9,0.3514145
2023-02-22 10:00:00,10.2,0.3371107
2023-02-22 11:00:00,11.4,0.3186181
2023-02-22 12:00:00,12.5,0.3097764
2023-02-22 13:00:00,12.9,0.3093242
2023-02-22 14:00:00,13.3,0.3174876
2023-02-22 15:00:00,13.6,0.3351829
2023-02-22 16:00:00,13.1,0.3423824
2023-02-22 17:00:00,12.0,0.3519619
2023-02-22 18:00:00,9.8,0.36385
2023-02-22 19:00:00,10.2,0.3611487
2023-02-22 20:00:00,8.7,0.3484514
2023-02-22 21:00:00,8.7,0.3388838
2023-02-22 22:00:00,7.1,0.333624
2023-02-22 23:00:00,6.3,0.3156193
2023-02-23 00:00:00,5.8,0.3158692
2023-02-23 01:00:00,5.6,0.311966
2023-02-23 02:00:00,7.2,0.30911
2023-02-23 03:00:00,7.6,0.3040882
2023-02-23 04:00:00,7.3,0.3045523
2023-02-23 05:00:00,7.2,0.3102167
2023-02-23 06:00:00,7.3,0.3388362
2023-02-23 07:00:00,7.5,0.3579
2023-02-23 08:00:00,7.4,0.3675152
2023-02-23 09:00:00,7.6,0.357424
2023-02-23 10:00:00,7.7,0.3395621
2023-02-23 11:00:00,7.7,0.3338977000000001
2023-02-23 12:00:00,7.9,0.3248418
2023-02-23 13:00:00,7.8,0.318273
2023-02-23 14:00:00,7.9,0.316607
2023-02-23 15:00:00,7.7,0.3167141
2023-02-23 16:00:00,7.2,0.3216526
2023-02-23 17:00:00,6.7,0.3369084
2023-02-23 18:00:00,6.1,0.3522118
2023-02-23 19:00:00,6.1,0.35195
2023-02-23 20:00:00,4.6,0.3411329
2023-02-23 21:00:00,4.3,0.3354566
2023-02-23 22:00:00,3.9,0.3288759
2023-02-23 23:00:00,3.6,0.3120374
2023-02-24 00:00:00,3.4,0.3146792
2023-02-24 01:00:00,3.1,0.2962342
2023-02-24 02:00:00,3.2,0.2954845
2023-02-24 03:00:00,3.2,0.2921644
2023-02-24 04:00:00,3.1,0.2954845
2023-02-24 05:00:00,3.0,0.2951037
2023-02-24 06:00:00,2.8,0.3187728
2023-02-24 07:00:00,3.0,0.3401095
2023-02-24 08:00:00,3.2,0.34005
2023-02-24 09:00:00,2.3,0.3344094
2023-02-24 10:00:00,1.8,0.3120017
2023-02-24 11:00:00,2.1,0.2853337999999999
2023-02-24 12:00:00,2.3,0.2897844
2023-02-24 13:00:00,2.0,0.2839772
2023-02-24 14:00:00,2.6,0.2763731
2023-02-24 15:00:00,3.3,0.2854052
2023-02-24 16:00:00,3.6,0.2870831
2023-02-24 17:00:00,3.8,0.2980311
2023-02-24 18:00:00,4.2,0.3179279
2023-02-24 19:00:00,4.3,0.2947824
2023-02-24 20:00:00,3.8,0.2643065
2023-02-24 21:00:00,3.9,0.2800859
2023-02-24 22:00:00,3.7,0.2664247
2023-02-24 23:00:00,3.6,0.2491102
2023-02-25 00:00:00,3.9,0.2633545
2023-02-25 01:00:00,3.5,0.2545366
2023-02-25 02:00:00,3.3,0.2495267
2023-02-25 03:00:00,3.2,0.2451237
2023-02-25 04:00:00,3.2,0.2532157
2023-02-25 05:00:00,2.9,0.2483843
2023-02-25 06:00:00,2.6,0.2469563
2023-02-25 07:00:00,2.3,0.2561193
2023-02-25 08:00:00,2.5,0.2625691
2023-02-25 09:00:00,3.4,0.2591538
2023-02-25 10:00:00,2.4,0.244136
2023-02-25 11:00:00,2.9,0.2331523
2023-02-25 12:00:00,3.3,0.2263217
2023-02-25 13:00:00,3.3,0.209031
2023-02-25 14:00:00,3.4,0.2301892
2023-02-25 15:00:00,3.7,0.2530015
2023-02-25 16:00:00,3.2,0.2704826
2023-02-25 17:00:00,2.8,0.302446
2023-02-25 18:00:00,0.1,0.3180112
2023-02-25 19:00:00,-1.0,0.3113115
2023-02-25 20:00:00,-1.5,0.2944016
2023-02-25 21:00:00,-1.6,0.2773013
2023-02-25 22:00:00,-1.6,0.2923667
2023-02-25 23:00:00,-1.7,0.2834417
2023-02-26 00:00:00,-2.6,0.2822041
2023-02-26 01:00:00,-2.3,0.2780986
2023-02-26 02:00:00,-1.7,0.2778963
2023-02-26 03:00:00,-1.5,0.2820494
2023-02-26 04:00:00,-1.4,0.279479
2023-02-26 05:00:00,-1.4,0.2811926
2023-02-26 06:00:00,-2.4,0.2829776
2023-02-26 07:00:00,-2.7,0.2859645
2023-02-26 08:00:00,-1.1,0.2853337999999999
2023-02-26 09:00:00,0.3,0.2811926
2023-02-26 10:00:00,1.5,0.2714346
2023-02-26 11:00:00,2.6,0.2661986
2023-02-26 12:00:00,2.4,0.25675
2023-02-26 13:00:00,3.9,0.22105
2023-02-26 14:00:00,4.1,0.2213832
2023-02-26 15:00:00,4.2,0.2567976
2023-02-26 16:00:00,3.1,0.2733148
2023-02-26 17:00:00,2.3,0.310181
2023-02-26 18:00:00,1.9,0.338503
2023-02-26 19:00:00,1.6,0.3423229
2023-02-26 20:00:00,0.3,0.3384316
2023-02-26 21:00:00,-0.3,0.3241516
2023-02-26 22:00:00,-2.2,0.3201651
2023-02-26 23:00:00,-3.1,0.3138461999999999
2023-02-27 00:00:00,-3.5,0.3017676999999999
2023-02-27 01:00:00,-4.5,0.3137629
2023-02-27 02:00:00,-5.3,0.313751
2023-02-27 03:00:00,-4.0,0.3043857
2023-02-27 04:00:00,-4.1,0.2984833
2023-02-27 05:00:00,-4.1,0.3219977
2023-02-27 06:00:00,-3.3,0.3510337
2023-02-27 07:00:00,-3.3,0.3777254
2023-02-27 08:00:00,-1.9,0.3780705
2023-02-27 09:00:00,0.6,0.3538183
2023-02-27 10:00:00,2.0,0.3375629
2023-02-27 11:00:00,2.9,0.3172853
2023-02-27 12:00:00,4.0,0.3205221
2023-02-27 13:00:00,5.5,0.3168688
2023-02-27 14:00:00,5.5,0.3120969
2023-02-27 15:00:00,4.2,0.312918
2023-02-27 16:00:00,4.6,0.3382055
2023-02-27 17:00:00,2.9,0.3587211
2023-02-27 18:00:00,2.3,0.3817119
2023-02-27 19:00:00,1.5,0.3913985
2023-02-27 20:00:00,1.4,0.3632431
2023-02-27 21:00:00,-0.6,0.346357
2023-02-27 22:00:00,-0.8,0.3382174
2023-02-27 23:00:00,-1.1,0.3334574
2023-02-28 00:00:00,-1.7,0.31506
2023-02-28 01:00:00,-2.5,0.3041358
2023-02-28 02:00:00,-3.3,0.3029577
2023-02-28 03:00:00,-3.9,0.3038621
2023-02-28 04:00:00,-4.3,0.3058375
2023-02-28 05:00:00,-5.0,0.3238779
2023-02-28 06:00:00,-4.9,0.3489393
2023-02-28 07:00:00,-4.3,0.3674081
2023-02-28 08:00:00,-1.4,0.3769876
2023-02-28 09:00:00,0.9,0.3463689
2023-02-28 10:00:00,3.1,0.3107522
2023-02-28 11:00:00,3.8,0.303398
2023-02-28 12:00:00,4.8,0.2944849
2023-02-28 13:00:00,4.9,0.2974361
2023-02-28 14:00:00,5.5,0.3024579
2023-02-28 15:00:00,5.4,0.314108
2023-02-28 16:00:00,4.9,0.3393598
2023-02-28 17:00:00,3.1,0.3616247
2023-02-28 18:00:00,1.4,0.3863053
2023-02-28 19:00:00,-0.5,0.3861982
2023-02-28 20:00:00,-0.6,0.3637191
2023-02-28 21:00:00,-0.8,0.3439413
2023-02-28 22:00:00,-2.1,0.3385982
2023-02-28 23:00:00,-3.2,0.3247466
2023-03-01 00:00:00,-3.7,0.3139652
2023-03-01 01:00:00,-4.6,0.3048974
2023-03-01 02:00:00,-4.9,0.3043024
2023-03-01 03:00:00,-5.5,0.3075154
2023-03-01 04:00:00,-5.9,0.3109902
2023-03-01 05:00:00,-5.9,0.3238065
2023-03-01 06:00:00,-6.1,0.3501054999999999
2023-03-01 07:00:00,-5.3,0.3769757
2023-03-01 08:00:00,-2.2,0.3769757
2023-03-01 09:00:00,0.8,0.337551
2023-03-01 10:00:00,2.8,0.3063611
2023-03-01 11:00:00,4.6,0.2968768
2023-03-01 12:00:00,5.2,0.2933901
2023-03-01 13:00:00,6.1,0.2914028
2023-03-01 14:00:00,6.9,0.2937471
2023-03-01 15:00:00,6.9,0.3017439
2023-03-01 16:00:00,6.8,0.3167974
2023-03-01 17:00:00,4.3,0.3492606
2023-03-01 18:00:00,3.5,0.3741911
2023-03-01 19:00:00,2.1,0.3727512
2023-03-01 20:00:00,1.2,0.3492606
2023-03-01 21:00:00,-0.5,0.3279715
2023-03-01 22:00:00,-0.3,0.3246395
2023-03-01 23:00:00,-1.4,0.3120969
2023-03-02 00:00:00,-1.3,0.3053258
2023-03-02 01:00:00,-1.7,0.3085983
2023-03-02 02:00:00,-2.3,0.3103357
2023-03-02 03:00:00,-2.4,0.3120493
2023-03-02 04:00:00,-2.1,0.3103119
2023-03-02 05:00:00,-1.5,0.3169402
2023-03-02 06:00:00,-1.4,0.3519381
2023-03-02 07:00:00,-1.3,0.3711209
2023-03-02 08:00:00,-1.3,0.3669678
2023-03-02 09:00:00,-0.7,0.3239136
2023-03-02 10:00:00,-0.6,0.3035884
2023-03-02 11:00:00,-0.3,0.2945801
2023-03-02 12:00:00,0.6,0.2929141
2023-03-02 13:00:00,1.2,0.2908316
2023-03-02 14:00:00,1.1,0.2956511
2023-03-02 15:00:00,1.2,0.3086578
2023-03-02 16:00:00,1.3,0.3372416
2023-03-02 17:00:00,0.8,0.3535922
2023-03-02 18:00:00,1.1,0.3756429
2023-03-02 19:00:00,0.9,0.3747147
2023-03-02 20:00:00,0.4,0.3500817
2023-03-02 21:00:00,0.3,0.3451789
2023-03-02 22:00:00,0.0,0.3335407
2023-03-02 23:00:00,-0.7,0.322081
2023-03-03 00:00:00,-0.6,0.322557
2023-03-03 01:00:00,-0.8,0.3105142000000001
2023-03-03 02:00:00,-0.6,0.3110021
2023-03-03 03:00:00,-0.4,0.3084317
2023-03-03 04:00:00,-0.3,0.3076582
2023-03-03 05:00:00,-0.2,0.31625
2023-03-03 06:00:00,-0.2,0.3486061
2023-03-03 07:00:00,-0.1,0.3781657
2023-03-03 08:00:00,0.2,0.3881141
2023-03-03 09:00:00,0.1,0.3537112
2023-03-03 10:00:00,0.7,0.3116328
2023-03-03 11:00:00,1.5,0.3019819
2023-03-03 12:00:00,1.8,0.2920811
2023-03-03 13:00:00,2.3,0.288999
2023-03-03 14:00:00,2.6,0.2875591
2023-03-03 15:00:00,2.2,0.2920811
2023-03-03 16:00:00,2.8,0.3094789
2023-03-03 17:00:00,2.3,0.3412161999999999
2023-03-03 18:00:00,2.6,0.35195
2023-03-03 19:00:00,2.8,0.3375985999999999
2023-03-03 20:00:00,3.3,0.3142389
2023-03-03 21:00:00,3.7,0.301018
2023-03-03 22:00:00,3.9,0.2889871
2023-03-03 23:00:00,3.4,0.2765397
2023-03-04 00:00:00,3.9,0.2844413
2023-03-04 01:00:00,4.1,0.2696734
2023-03-04 02:00:00,4.2,0.2652942
2023-03-04 03:00:00,4.5,0.2721724
2023-03-04 04:00:00,4.7,0.2718511
2023-03-04 05:00:00,3.9,0.2710062
2023-03-04 06:00:00,4.0,0.267579
2023-03-04 07:00:00,3.9,0.2731958
2023-03-04 08:00:00,4.3,0.2754211
2023-03-04 09:00:00,4.4,0.2708991
2023-03-04 10:00:00,5.2,0.2710776
2023-03-04 11:00:00,5.7,0.2683049
2023-03-04 12:00:00,5.4,0.2619503
2023-03-04 13:00:00,5.7,0.2641994
2023-03-04 14:00:00,5.4,0.2690665
2023-03-04 15:00:00,5.2,0.2767063
2023-03-04 16:00:00,4.6,0.282811
2023-03-04 17:00:00,4.1,0.3222
2023-03-04 18:00:00,3.9,0.3360754
2023-03-04 19:00:00,3.0,0.32815
2023-03-04 20:00:00,2.9,0.3206292
2023-03-04 21:00:00,2.5,0.2956749
2023-03-04 22:00:00,2.4,0.2996138
2023-03-04 23:00:00,2.0,0.2857979
2023-03-05 00:00:00,1.9,0.2835607
2023-03-05 01:00:00,1.8,0.2820375
2023-03-05 02:00:00,2.0,0.2812044999999999
2023-03-05 03:00:00,2.2,0.2827396
2023-03-05 04:00:00,1.8,0.2805381
2023-03-05 05:00:00,1.8,0.2815139
2023-03-05 06:00:00,2.0,0.2816686
2023-03-05 07:00:00,2.2,0.2845841
2023-03-05 08:00:00,2.5,0.2837868
2023-03-05 09:00:00,2.5,0.2837987
2023-03-05 10:00:00,3.5,0.2807642
2023-03-05 11:00:00,4.5,0.2835845
2023-03-05 12:00:00,4.4,0.2867975
2023-03-05 13:00:00,4.1,0.2837987
2023-03-05 14:00:00,5.6,0.2867618
2023-03-05 15:00:00,5.2,0.2926166
2023-03-05 16:00:00,4.6,0.3095503
2023-03-05 17:00:00,3.5,0.3283166
2023-03-05 18:00:00,3.0,0.3539373
2023-03-05 19:00:00,3.3,0.3607203
2023-03-05 20:00:00,3.5,0.3462737
2023-03-05 21:00:00,3.3,0.3370631
2023-03-05 22:00:00,3.5,0.3265554
2023-03-05 23:00:00,3.4,0.3104547
2023-03-06 00:00:00,3.2,0.317559
2023-03-06 01:00:00,3.0,0.3044571
2023-03-06 02:00:00,2.7,0.3023389
2023-03-06 03:00:00,2.5,0.3021128
2023-03-06 04:00:00,2.3,0.3028625
2023-03-06 05:00:00,0.9,0.3191536
2023-03-06 06:00:00,0.4,0.345762
2023-03-06 07:00:00,0.2,0.37575
2023-03-06 08:00:00,0.1,0.4139371
2023-03-06 09:00:00,0.1,0.3797365
2023-03-06 10:00:00,0.1,0.3582094
2023-03-06 11:00:00,1.4,0.3469996
2023-03-06 12:00:00,2.3,0.3340048
2023-03-06 13:00:00,2.9,0.3280905
2023-03-06 14:00:00,3.9,0.327317
2023-03-06 15:00:00,3.8,0.3290782
2023-03-06 16:00:00,3.9,0.33648
2023-03-06 17:00:00,2.7,0.3483919
2023-03-06 18:00:00,2.4,0.3755834
2023-03-06 19:00:00,1.9,0.3633859
2023-03-06 20:00:00,1.8,0.3316605
2023-03-06 21:00:00,1.9,0.3107641
2023-03-06 22:00:00,2.0,0.2991735
2023-03-06 23:00:00,2.3,0.2848102
2023-03-07 00:00:00,2.9,0.2722914
2023-03-07 01:00:00,2.6,0.2677694
2023-03-07 02:00:00,2.4,0.25675
2023-03-07 03:00:00,2.7,0.2495624
2023-03-07 04:00:00,3.5,0.2490388
2023-03-07 05:00:00,3.0,0.2574283
2023-03-07 06:00:00,2.6,0.2730649
2023-03-07 07:00:00,3.1,0.2740883
2023-03-07 08:00:00,3.5,0.2812521
2023-03-07 09:00:00,2.5,0.2649848
2023-03-07 10:00:00,1.1,0.2672934
2023-03-07 11:00:00,1.2,0.2677694
2023-03-07 12:00:00,1.9,0.2598083
2023-03-07 13:00:00,2.4,0.2672934
2023-03-07 14:00:00,1.4,0.2687333
2023-03-07 15:00:00,1.6,0.271744
2023-03-07 16:00:00,1.3,0.2855718
2023-03-07 17:00:00,1.3,0.3257343
2023-03-07 18:00:00,0.6,0.3508552
2023-03-07 19:00:00,1.1,0.3268529
2023-03-07 20:00:00,0.8,0.3366466
2023-03-07 21:00:00,0.4,0.3179517
2023-03-07 22:00:00,0.1,0.3010299
2023-03-07 23:00:00,-0.2,0.2930331
2023-03-08 00:00:00,0.4,0.291617
2023-03-08 01:00:00,-0.3,0.288999
2023-03-08 02:00:00,-0.2,0.2889038
2023-03-08 03:00:00,-0.8,0.28769
2023-03-08 04:00:00,-1.1,0.28769
2023-03-08 05:00:00,-0.7,0.2962937
2023-03-08 06:00:00,-1.2,0.3230092
2023-03-08 07:00:00,-0.9,0.3442507
2023-03-08 08:00:00,0.2,0.361589
2023-03-08 09:00:00,0.9,0.34957
2023-03-08 10:00:00,1.6,0.3376581
2023-03-08 11:00:00,2.1,0.3271623
2023-03-08 12:00:00,2.7,0.3188323
2023-03-08 13:00:00,2.5,0.3173567
2023-03-08 14:00:00,2.0,0.3191536
2023-03-08 15:00:00,1.4,0.3234971
2023-03-08 16:00:00,1.1,0.3275193
2023-03-08 17:00:00,0.5,0.3376819
2023-03-08 18:00:00,0.2,0.3541991
2023-03-08 19:00:00,0.0,0.3579238
2023-03-08 20:00:00,-0.1,0.3385863
2023-03-08 21:00:00,0.0,0.3158216
2023-03-08 22:00:00,0.1,0.3088958
2023-03-08 23:00:00,0.2,0.29721
2023-03-09 00:00:00,0.0,0.2908554
2023-03-09 01:00:00,-0.2,0.2881541
2023-03-09 02:00:00,-0.3,0.2877138
2023-03-09 03:00:00,-0.4,0.2857622
2023-03-09 04:00:00,-0.4,0.2879518
2023-03-09 05:00:00,-0.2,0.2900938
2023-03-09 06:00:00,-0.2,0.3190941
2023-03-09 07:00:00,0.0,0.3341
2023-03-09 08:00:00,0.2,0.3448814
2023-03-09 09:00:00,0.3,0.3352067
2023-03-09 10:00:00,0.8,0.3250084
2023-03-09 11:00:00,1.0,0.3124539
2023-03-09 12:00:00,1.2,0.30078
2023-03-09 13:00:00,1.5,0.2941755
2023-03-09 14:00:00,1.7,0.2938661
2023-03-09 15:00:00,1.4,0.2944968
2023-03-09 16:00:00,0.9,0.2964484
2023-03-09 17:00:00,0.4,0.3172615
2023-03-09 18:00:00,0.1,0.3307917999999999
2023-03-09 19:00:00,0.2,0.3281976
2023-03-09 20:00:00,0.3,0.316369
2023-03-09 21:00:00,0.3,0.3044571
2023-03-09 22:00:00,0.4,0.3029458
2023-03-09 23:00:00,0.4,0.286143
2023-03-10 00:00:00,0.5,0.2780391
2023-03-10 01:00:00,0.6,0.2754092
2023-03-10 02:00:00,0.7,0.2734814
2023-03-10 03:00:00,0.8,0.2732196
2023-03-10 04:00:00,0.8,0.2735171
2023-03-10 05:00:00,1.0,0.28055
2023-03-10 06:00:00,1.0,0.2981739
2023-03-10 07:00:00,1.1,0.3185229
2023-03-10 08:00:00,1.5,0.3232829
2023-03-10 09:00:00,1.6,0.3181659
2023-03-10 10:00:00,2.1,0.3125491
2023-03-10 11:00:00,2.5,0.304469
2023-03-10 12:00:00,2.8,0.2941398
2023-03-10 13:00:00,2.6,0.2898796
2023-03-10 14:00:00,2.3,0.2923429
2023-03-10 15:00:00,2.4,0.2896178
2023-03-10 16:00:00,2.4,0.286619
2023-03-10 17:00:00,1.9,0.3095146
2023-03-10 18:00:00,1.2,0.3168212
2023-03-10 19:00:00,0.3,0.3149648
2023-03-10 20:00:00,-0.1,0.2929379
2023-03-10 21:00:00,0.0,0.2852624
2023-03-10 22:00:00,-0.1,0.2750165
2023-03-10 23:00:00,0.0,0.2598321
2023-03-11 00:00:00,0.0,0.2391618
2023-03-11 01:00:00,-0.1,0.2402209
2023-03-11 02:00:00,-0.2,0.2425652
2023-03-11 03:00:00,-0.3,0.2536798
2023-03-11 04:00:00,-0.3,0.2601653
2023-03-11 05:00:00,-1.0,0.2700542
2023-03-11 06:00:00,-0.9,0.2796456
2023-03-11 07:00:00,-0.7,0.2866071
2023-03-11 08:00:00,-1.0,0.2912719
2023-03-11 09:00:00,0.1,0.2821803
2023-03-11 10:00:00,0.5,0.2672339
2023-03-11 11:00:00,1.0,0.2531205
2023-03-11 12:00:00,1.7,0.2492054
2023-03-11 13:00:00,2.6,0.227
2023-03-11 14:00:00,3.0,0.2274522
2023-03-11 15:00:00,3.4,0.2539297
2023-03-11 16:00:00,3.2,0.2760756
2023-03-11 17:00:00,2.7,0.3103238
2023-03-11 18:00:00,1.7,0.32815
2023-03-11 19:00:00,0.8,0.3181897
2023-03-11 20:00:00,-0.2,0.3121802
2023-03-11 21:00:00,0.4,0.2983524
2023-03-11 22:00:00,-0.3,0.2990664
2023-03-11 23:00:00,0.2,0.2847269
2023-03-12 00:00:00,-2.2,0.2996019
2023-03-12 01:00:00,-0.6,0.2760042
2023-03-12 02:00:00,-0.7,0.2760042
2023-03-12 03:00:00,-2.9,0.2632117
2023-03-12 04:00:00,-3.0,0.2648539
2023-03-12 05:00:00,-2.9,0.2651752
2023-03-12 06:00:00,-1.0,0.2636639
2023-03-12 07:00:00,-0.3,0.2615695
2023-03-12 08:00:00,1.2,0.2630213
2023-03-12 09:00:00,2.0,0.2674362
2023-03-12 10:00:00,2.6,0.26508
2023-03-12 11:00:00,3.3,0.2600701
2023-03-12 12:00:00,1.9,0.251276
2023-03-12 13:00:00,1.6,0.2376624
2023-03-12 14:00:00,2.2,0.2389
2023-03-12 15:00:00,2.9,0.244731
2023-03-12 16:00:00,3.6,0.2568095
2023-03-12 17:00:00,5.0,0.2756829
2023-03-12 18:00:00,6.2,0.2982215
2023-03-12 19:00:00,7.2,0.3234376
2023-03-12 20:00:00,7.9,0.3102643
2023-03-12 21:00:00,8.1,0.2801811
2023-03-12 22:00:00,7.4,0.2684953
2023-03-12 23:00:00,8.4,0.2514545
2023-03-13 00:00:00,8.6,0.2103281
2023-03-13 01:00:00,9.0,0.1997371
2023-03-13 02:00:00,9.2,0.1952984
2023-03-13 03:00:00,8.3,0.1756991
2023-03-13 04:00:00,8.1,0.1645369
2023-03-13 05:00:00,8.4,0.1756991
2023-03-13 06:00:00,8.3,0.2014031
2023-03-13 07:00:00,9.1,0.2480749
2023-03-13 08:00:00,11.4,0.2505739
2023-03-13 09:00:00,12.5,0.2061274
2023-03-13 10:00:00,13.1,0.1919069
2023-03-13 11:00:00,14.2,0.1821608
2023-03-13 12:00:00,15.5,0.1580633
2023-03-13 13:00:00,16.4,0.1555762
2023-03-13 14:00:00,17.2,0.1555643
2023-03-13 15:00:00,17.2,0.1559094
2023-03-13 16:00:00,16.2,0.1663457
2023-03-13 17:00:00,15.7,0.2191103
2023-03-13 18:00:00,14.7,0.2610221
2023-03-13 19:00:00,13.6,0.26865
2023-03-13 20:00:00,12.8,0.2535727
2023-03-13 21:00:00,12.5,0.2185986
2023-03-13 22:00:00,12.6,0.1977855
2023-03-13 23:00:00,11.4,0.1833508
2023-03-14 00:00:00,11.1,0.1669883
2023-03-14 01:00:00,12.0,0.1609074
2023-03-14 02:00:00,11.8,0.16036
2023-03-14 03:00:00,11.8,0.1577896
2023-03-14 04:00:00,11.3,0.159765
2023-03-14 05:00:00,9.3,0.1663457
2023-03-14 06:00:00,9.4,0.206294
2023-03-14 07:00:00,9.8,0.2631998
2023-03-14 08:00:00,9.9,0.2684596
2023-03-14 09:00:00,9.5,0.2548103
2023-03-14 10:00:00,11.0,0.2433982
2023-03-14 11:00:00,10.7,0.2281186
2023-03-14 12:00:00,5.2,0.2189794
2023-03-14 13:00:00,3.5,0.2282733
2023-03-14 14:00:00,5.1,0.2334855
2023-03-14 15:00:00,5.0,0.2267858
2023-03-14 16:00:00,5.2,0.2494077
2023-03-14 17:00:00,4.5,0.3017915
2023-03-14 18:00:00,4.0,0.3279834
2023-03-14 19:00:00,2.7,0.3367299
2023-03-14 20:00:00,1.9,0.3233067
2023-03-14 21:00:00,1.4,0.3099668
2023-03-14 22:00:00,1.8,0.3017796
2023-03-14 23:00:00,1.6,0.2809308
2023-03-15 00:00:00,1.5,0.2813116
2023-03-15 01:00:00,2.0,0.281502
2023-03-15 02:00:00,3.1,0.2793243
2023-03-15 03:00:00,2.6,0.2808237
2023-03-15 04:00:00,1.9,0.2813473
2023-03-15 05:00:00,2.0,0.3001017
2023-03-15 06:00:00,2.0,0.3263293
2023-03-15 07:00:00,1.9,0.346
2023-03-15 08:00:00,3.0,0.3455002
2023-03-15 09:00:00,4.6,0.3102881
2023-03-15 10:00:00,4.7,0.2914385
2023-03-15 11:00:00,6.0,0.27103
2023-03-15 12:00:00,6.6,0.2637115
2023-03-15 13:00:00,1.7,0.2636996
2023-03-15 14:00:00,3.9,0.2701375
2023-03-15 15:00:00,5.3,0.2779677
2023-03-15 16:00:00,5.4,0.2948181
2023-03-15 17:00:00,4.7,0.335052
2023-03-15 18:00:00,3.7,0.372537
2023-03-15 19:00:00,3.3,0.3927432
2023-03-15 20:00:00,2.3,0.3566862
2023-03-15 21:00:00,0.3,0.3309584
2023-03-15 22:00:00,0.6,0.3214265
2023-03-15 23:00:00,-0.1,0.3074797
2023-03-16 00:00:00,0.5,0.2952941
2023-03-16 01:00:00,0.4,0.2836559
2023-03-16 02:00:00,0.4,0.279122
2023-03-16 03:00:00,-0.4,0.2746
2023-03-16 04:00:00,-0.7,0.2723033
2023-03-16 05:00:00,-0.5,0.2791934
2023-03-16 06:00:00,0.6,0.3106808
2023-03-16 07:00:00,1.6,0.3249965
2023-03-16 08:00:00,3.6,0.3198557
2023-03-16 09:00:00,4.9,0.2949728
2023-03-16 10:00:00,6.5,0.278408
2023-03-16 11:00:00,7.6,0.2644969
2023-03-16 12:00:00,8.4,0.257226
2023-03-16 13:00:00,9.2,0.2490031
2023-03-16 14:00:00,9.3,0.2513712
2023-03-16 15:00:00,9.0,0.2566191
2023-03-16 16:00:00,8.6,0.2693402
2023-03-16 17:00:00,8.5,0.2974718
2023-03-16 18:00:00,8.0,0.3125015
2023-03-16 19:00:00,7.6,0.3102643
2023-03-16 20:00:00,7.1,0.2865
2023-03-16 21:00:00,7.2,0.2723866
2023-03-16 22:00:00,7.0,0.2580233
2023-03-16 23:00:00,6.7,0.2513236
2023-03-17 00:00:00,6.8,0.2132555
2023-03-17 01:00:00,6.3,0.2150643
2023-03-17 02:00:00,6.2,0.2151714
2023-03-17 03:00:00,6.0,0.2269167
2023-03-17 04:00:00,6.2,0.2303201
2023-03-17 05:00:00,5.6,0.2526921
2023-03-17 06:00:00,5.9,0.2806333
2023-03-17 07:00:00,6.6,0.2890823
2023-03-17 08:00:00,8.9,0.2800264
2023-03-17 09:00:00,10.3,0.2630451
2023-03-17 10:00:00,12.4,0.2556076
2023-03-17 11:00:00,13.6,0.2507405
2023-03-17 12:00:00,14.3,0.2457544
2023-03-17 13:00:00,15.4,0.2437195
2023-03-17 14:00:00,15.9,0.2603795
2023-03-17 15:00:00,16.5,0.2734457
2023-03-17 16:00:00,15.7,0.2859526
2023-03-17 17:00:00,14.5,0.3064801
2023-03-17 18:00:00,13.7,0.3154884
2023-03-17 19:00:00,13.5,0.3153337
2023-03-17 20:00:00,13.0,0.3059564999999999
2023-03-17 21:00:00,11.3,0.2864643
2023-03-17 22:00:00,11.2,0.2830371
2023-03-17 23:00:00,12.0,0.2772775
2023-03-18 00:00:00,11.8,0.2821565
2023-03-18 01:00:00,11.8,0.2725175
2023-03-18 02:00:00,11.9,0.2708396
2023-03-18 03:00:00,9.9,0.26865
2023-03-18 04:00:00,10.0,0.2700542
2023-03-18 05:00:00,9.9,0.274362
2023-03-18 06:00:00,10.2,0.278765
2023-03-18 07:00:00,10.6,0.2810617
2023-03-18 08:00:00,11.7,0.2754806
2023-03-18 09:00:00,12.8,0.2777535
2023-03-18 10:00:00,14.2,0.27103
2023-03-18 11:00:00,13.6,0.2640566
2023-03-18 12:00:00,15.4,0.2556314
2023-03-18 13:00:00,15.5,0.2512998
2023-03-18 14:00:00,15.5,0.2597488
2023-03-18 15:00:00,15.5,0.2651752
2023-03-18 16:00:00,15.3,0.2798717
2023-03-18 17:00:00,14.8,0.3111806
2023-03-18 18:00:00,12.0,0.3423705
2023-03-18 19:00:00,11.4,0.3573526
2023-03-18 20:00:00,11.0,0.3271385
2023-03-18 21:00:00,9.7,0.3137748
2023-03-18 22:00:00,9.9,0.3102405
2023-03-18 23:00:00,9.7,0.2965674
2023-03-19 00:00:00,9.9,0.2865357
2023-03-19 01:00:00,8.7,0.28174
2023-03-19 02:00:00,8.2,0.274124
2023-03-19 03:00:00,6.8,0.2736242
2023-03-19 04:00:00,7.1,0.2731006
2023-03-19 05:00:00,6.5,0.2785984
2023-03-19 06:00:00,6.9,0.2746
2023-03-19 07:00:00,8.8,0.2775155
2023-03-19 08:00:00,10.7,0.2763136
2023-03-19 09:00:00,13.1,0.2772894
2023-03-19 10:00:00,14.8,0.2750879
2023-03-19 11:00:00,15.5,0.2736242
2023-03-19 12:00:00,15.4,0.2714941
2023-03-19 13:00:00,15.2,0.2675076
2023-03-19 14:00:00,14.2,0.2686619
2023-03-19 15:00:00,14.7,0.2730173
2023-03-19 16:00:00,14.6,0.2818471
2023-03-19 17:00:00,13.4,0.3140722999999999
2023-03-19 18:00:00,12.6,0.32815
2023-03-19 19:00:00,12.5,0.3375629
2023-03-19 20:00:00,10.8,0.3278049
2023-03-19 21:00:00,11.0,0.3165713
2023-03-19 22:00:00,9.9,0.313751
2023-03-19 23:00:00,11.0,0.3103
2023-03-20 00:00:00,9.4,0.30316
2023-03-20 01:00:00,8.7,0.2923786
2023-03-20 02:00:00,8.8,0.2901414
2023-03-20 03:00:00,8.6,0.2867142
2023-03-20 04:00:00,7.8,0.2867975
2023-03-20 05:00:00,7.7,0.294116
2023-03-20 06:00:00,8.5,0.3171663
2023-03-20 07:00:00,8.9,0.3322317
2023-03-20 08:00:00,8.8,0.3323269
2023-03-20 09:00:00,8.9,0.3192964
2023-03-20 10:00:00,9.2,0.3016725
2023-03-20 11:00:00,9.8,0.2933901
2023-03-20 12:00:00,9.8,0.2800621
2023-03-20 13:00:00,10.4,0.2745524
2023-03-20 14:00:00,10.9,0.2766587
2023-03-20 15:00:00,10.0,0.2802406
2023-03-20 16:00:00,9.8,0.2910577
2023-03-20 17:00:00,9.3,0.3136796
2023-03-20 18:00:00,9.0,0.3352424
2023-03-20 19:00:00,8.4,0.3525093
2023-03-20 20:00:00,8.3,0.3369084
2023-03-20 21:00:00,7.9,0.3168331
2023-03-20 22:00:00,7.0,0.307325
2023-03-20 23:00:00,7.0,0.2948776
2023-03-21 00:00:00,7.3,0.2993401
2023-03-21 01:00:00,7.6,0.2892132
2023-03-21 02:00:00,7.7,0.2883564
2023-03-21 03:00:00,8.0,0.2848935
2023-03-21 04:00:00,8.2,0.2865
2023-03-21 05:00:00,8.1,0.2962699
2023-03-21 06:00:00,8.3,0.3100739
2023-03-21 07:00:00,8.4,0.3287331
2023-03-21 08:00:00,9.5,0.3263055
2023-03-21 09:00:00,9.7,0.3085507
2023-03-21 10:00:00,10.0,0.2924619
2023-03-21 11:00:00,10.7,0.2825968
2023-03-21 12:00:00,10.3,0.2769562
2023-03-21 13:00:00,10.5,0.2740764
2023-03-21 14:00:00,10.6,0.2730173
2023-03-21 15:00:00,10.2,0.2726008
2023-03-21 16:00:00,10.5,0.2760399
2023-03-21 17:00:00,10.6,0.2900581
2023-03-21 18:00:00,10.8,0.3127752
2023-03-21 19:00:00,10.1,0.3261151
2023-03-21 20:00:00,10.0,0.3046475
2023-03-21 21:00:00,9.4,0.2807047
2023-03-21 22:00:00,9.1,0.2742311
2023-03-21 23:00:00,8.9,0.2657821
2023-03-22 00:00:00,8.5,0.2473014
2023-03-22 01:00:00,8.4,0.2426961
2023-03-22 02:00:00,9.0,0.243065
2023-03-22 03:00:00,9.2,0.2377695
2023-03-22 04:00:00,9.5,0.2349373
2023-03-22 05:00:00,9.6,0.2436957
2023-03-22 06:00:00,9.7,0.2651157
2023-03-22 07:00:00,10.4,0.2853219
2023-03-22 08:00:00,10.8,0.2867499
2023-03-22 09:00:00,11.6,0.2536203
2023-03-22 10:00:00,12.8,0.2250365
2023-03-22 11:00:00,13.8,0.1952151
2023-03-22 12:00:00,14.2,0.1828867
2023-03-22 13:00:00,14.3,0.1758181
2023-03-22 14:00:00,14.3,0.2025217
2023-03-22 15:00:00,13.6,0.2370079
2023-03-22 16:00:00,13.5,0.2521328
2023-03-22 17:00:00,13.5,0.2753378
2023-03-22 18:00:00,13.0,0.2975075
2023-03-22 19:00:00,12.4,0.3220215
2023-03-22 20:00:00,12.6,0.3047189
2023-03-22 21:00:00,12.9,0.2846079
2023-03-22 22:00:00,12.8,0.274481
2023-03-22 23:00:00,12.7,0.2547151
2023-03-23 00:00:00,11.8,0.2365795
2023-03-23 01:00:00,11.3,0.2340091
2023-03-23 02:00:00,10.9,0.2213951
2023-03-23 03:00:00,11.2,0.2102686
2023-03-23 04:00:00,11.5,0.1950723
2023-03-23 05:00:00,11.4,0.2219782
2023-03-23 06:00:00,11.5,0.2515616
2023-03-23 07:00:00,11.9,0.2653418
2023-03-23 08:00:00,12.8,0.26865
2023-03-23 09:00:00,13.4,0.242232
2023-03-23 10:00:00,13.5,0.2040806
2023-03-23 11:00:00,14.0,0.1980592
2023-03-23 12:00:00,11.7,0.1990588
2023-03-23 13:00:00,11.2,0.1998561
2023-03-23 14:00:00,11.7,0.2166232
2023-03-23 15:00:00,12.6,0.2213832
2023-03-23 16:00:00,12.9,0.262581
2023-03-23 17:00:00,12.1,0.2977455
2023-03-23 18:00:00,11.9,0.3184634
2023-03-23 19:00:00,11.5,0.3274122
2023-03-23 20:00:00,11.9,0.3009228
2023-03-23 21:00:00,11.0,0.2658535
2023-03-23 22:00:00,11.5,0.2613315
2023-03-23 23:00:00,11.8,0.2476465
2023-03-24 00:00:00,11.8,0.2211928
2023-03-24 01:00:00,11.7,0.207722
2023-03-24 02:00:00,11.4,0.2039973
2023-03-24 03:00:00,11.6,0.2034142
2023-03-24 04:00:00,11.6,0.1973333
2023-03-24 05:00:00,11.7,0.2034261
2023-03-24 06:00:00,12.4,0.2299036
2023-03-24 07:00:00,12.0,0.2522637
2023-03-24 08:00:00,12.7,0.2522637
2023-03-24 09:00:00,11.9,0.2298084
2023-03-24 10:00:00,12.1,0.1995705
2023-03-24 11:00:00,12.3,0.1856832
2023-03-24 12:00:00,13.3,0.1692493
2023-03-24 13:00:00,13.9,0.1603481
2023-03-24 14:00:00,12.0,0.1580633
2023-03-24 15:00:00,12.9,0.1625496
2023-03-24 16:00:00,12.0,0.1908121
2023-03-24 17:00:00,8.9,0.2502407
2023-03-24 18:00:00,8.4,0.2758138
2023-03-24 19:00:00,9.0,0.2939137
2023-03-24 20:00:00,9.0,0.2709348
2023-03-24 21:00:00,9.3,0.253775
2023-03-24 22:00:00,8.8,0.246278
2023-03-24 23:00:00,9.2,0.232831
2023-03-25 00:00:00,9.4,0.173807
2023-03-25 01:00:00,9.5,0.1567543
2023-03-25 02:00:00,9.8,0.1557309
2023-03-25 03:00:00,8.9,0.1556952
2023-03-25 04:00:00,8.8,0.1559451
2023-03-25 05:00:00,8.6,0.155719
2023-03-25 06:00:00,8.3,0.1598007
2023-03-25 07:00:00,8.9,0.1647868
2023-03-25 08:00:00,9.4,0.1626567
2023-03-25 09:00:00,9.4,0.1556714
2023-03-25 10:00:00,9.6,0.1555286
2023-03-25 11:00:00,10.4,0.1541958
2023-03-25 12:00:00,10.2,0.1512922
2023-03-25 13:00:00,11.3,0.1484362
2023-03-25 14:00:00,10.3,0.1491978
2023-03-25 15:00:00,9.7,0.1545647
2023-03-25 16:00:00,8.9,0.1555762
2023-03-25 17:00:00,8.4,0.184041
2023-03-25 18:00:00,8.7,0.227
2023-03-25 19:00:00,7.8,0.2472776
2023-03-25 20:00:00,7.7,0.227
2023-03-25 21:00:00,7.9,0.2053896
2023-03-25 22:00:00,8.0,0.2019029
2023-03-25 23:00:00,7.6,0.1952984
2023-03-26 00:00:00,7.7,0.2027954
2023-03-26 01:00:00,7.8,0.2022837
2023-03-26 03:00:00,7.2,0.2033428
2023-03-26 04:00:00,7.0,0.2042472
2023-03-26 05:00:00,6.7,0.2048898
2023-03-26 06:00:00,6.5,0.2311531
2023-03-26 07:00:00,6.8,0.2425771
2023-03-26 08:00:00,7.2,0.2475156
2023-03-26 09:00:00,7.8,0.250324
2023-03-26 10:00:00,8.0,0.2491102
2023-03-26 11:00:00,8.2,0.24604
2023-03-26 12:00:00,9.3,0.2292491
2023-03-26 13:00:00,9.7,0.2215736
2023-03-26 14:00:00,9.0,0.2156474
2023-03-26 15:00:00,8.7,0.2103638
2023-03-26 16:00:00,8.3,0.2131365
2023-03-26 17:00:00,8.2,0.2473371
2023-03-26 18:00:00,7.6,0.2825135
2023-03-26 19:00:00,6.8,0.2958534
2023-03-26 20:00:00,5.3,0.2895821
2023-03-26 21:00:00,4.3,0.2801097
2023-03-26 22:00:00,3.2,0.2739098
2023-03-26 23:00:00,3.4,0.2682216
2023-03-27 00:00:00,3.1,0.26984
2023-03-27 01:00:00,2.6,0.2664485
2023-03-27 02:00:00,0.8,0.2597012
2023-03-27 03:00:00,-0.5,0.2555481
2023-03-27 04:00:00,-1.0,0.256631
2023-03-27 05:00:00,-0.6,0.2660915
2023-03-27 06:00:00,-0.6,0.29245
2023-03-27 07:00:00,0.2,0.3257581
2023-03-27 08:00:00,1.4,0.3356589
2023-03-27 09:00:00,3.5,0.2969244
2023-03-27 10:00:00,4.6,0.2684715
2023-03-27 11:00:00,4.8,0.2519067
2023-03-27 12:00:00,1.6,0.2368294
2023-03-27 13:00:00,4.3,0.2209429
2023-03-27 14:00:00,4.6,0.2064606
2023-03-27 15:00:00,5.0,0.2105304
2023-03-27 16:00:00,4.5,0.2146478
2023-03-27 17:00:00,5.4,0.2441003
2023-03-27 18:00:00,4.2,0.2697805
2023-03-27 19:00:00,3.4,0.3036122
2023-03-27 20:00:00,1.2,0.2937233
2023-03-27 21:00:00,2.8,0.2817281
2023-03-27 22:00:00,2.4,0.2787888
2023-03-27 23:00:00,2.6,0.2644374
2023-03-28 00:00:00,2.0,0.2492292
2023-03-28 01:00:00,1.4,0.253537
2023-03-28 02:00:00,1.2,0.2563573
2023-03-28 03:00:00,1.3,0.2660677
2023-03-28 04:00:00,1.2,0.265675
2023-03-28 05:00:00,0.7,0.2739336
2023-03-28 06:00:00,0.5,0.3103595
2023-03-28 07:00:00,1.0,0.3459048
2023-03-28 08:00:00,2.4,0.3459048
2023-03-28 09:00:00,2.8,0.3068966
2023-03-28 10:00:00,4.3,0.2796932
2023-03-28 11:00:00,5.6,0.2685191
2023-03-28 12:00:00,5.9,0.2684596
2023-03-28 13:00:00,7.1,0.2662581
2023-03-28 14:00:00,6.7,0.2647944
2023-03-28 15:00:00,7.0,0.2682573
2023-03-28 16:00:00,7.9,0.2701018
2023-03-28 17:00:00,7.0,0.2848221
2023-03-28 18:00:00,6.7,0.3184753
2023-03-28 19:00:00,6.2,0.3471662
2023-03-28 20:00:00,6.0,0.34719
2023-03-28 21:00:00,5.8,0.3138938
2023-03-28 22:00:00,5.5,0.3068371
2023-03-28 23:00:00,5.7,0.2876662
2023-03-29 00:00:00,5.9,0.2716607
2023-03-29 01:00:00,5.8,0.268769
2023-03-29 02:00:00,5.8,0.2711847
2023-03-29 03:00:00,5.5,0.2731482
2023-03-29 04:00:00,5.1,0.2724342
2023-03-29 05:00:00,4.9,0.273648
2023-03-29 06:00:00,4.9,0.2948776
2023-03-29 07:00:00,4.9,0.3271147
2023-03-29 08:00:00,5.8,0.33648
2023-03-29 09:00:00,6.8,0.3271623
2023-03-29 10:00:00,7.5,0.3103357
2023-03-29 11:00:00,7.8,0.2972695
2023-03-29 12:00:00,8.4,0.2876662
2023-03-29 13:00:00,9.8,0.281264
2023-03-29 14:00:00,11.2,0.2764445
2023-03-29 15:00:00,10.0,0.2804786
2023-03-29 16:00:00,10.7,0.281978
2023-03-29 17:00:00,10.7,0.3080985
2023-03-29 18:00:00,10.7,0.3286379
2023-03-29 19:00:00,10.3,0.3339453
2023-03-29 20:00:00,10.2,0.3130132
2023-03-29 21:00:00,10.2,0.2923548
2023-03-29 22:00:00,9.2,0.286381
2023-03-29 23:00:00,9.9,0.268412
2023-03-30 00:00:00,9.3,0.2623549
2023-03-30 01:00:00,9.5,0.2534775
2023-03-30 02:00:00,9.1,0.2516925
2023-03-30 03:00:00,9.3,0.2493363
2023-03-30 04:00:00,10.1,0.2483129
2023-03-30 05:00:00,11.3,0.246992
2023-03-30 06:00:00,12.1,0.2624263
2023-03-30 07:00:00,12.4,0.2976503
2023-03-30 08:00:00,13.5,0.309467
2023-03-30 09:00:00,14.3,0.2865
2023-03-30 10:00:00,14.7,0.2634854
2023-03-30 11:00:00,13.9,0.2508
2023-03-30 12:00:00,13.1,0.2327477
2023-03-30 13:00:00,14.4,0.1860521
2023-03-30 14:00:00,14.5,0.1624425
2023-03-30 15:00:00,15.2,0.1675595
2023-03-30 16:00:00,14.7,0.2027478
2023-03-30 17:00:00,13.0,0.2418036
2023-03-30 18:00:00,11.8,0.2716845
2023-03-30 19:00:00,11.8,0.2984
2023-03-30 20:00:00,11.6,0.2976503
2023-03-30 21:00:00,11.7,0.2785032
2023-03-30 22:00:00,11.4,0.2746595
2023-03-30 23:00:00,11.0,0.2636044
2023-03-31 00:00:00,11.3,0.2331047
2023-03-31 01:00:00,11.5,0.232831
2023-03-31 02:00:00,10.6,0.223549
2023-03-31 03:00:00,10.4,0.2134578
2023-03-31 04:00:00,10.2,0.2375196
2023-03-31 05:00:00,10.1,0.2507643
2023-03-31 06:00:00,9.7,0.2885468
2023-03-31 07:00:00,10.1,0.3128228
2023-03-31 08:00:00,9.9,0.3193916
2023-03-31 09:00:00,10.0,0.3129061
2023-03-31 10:00:00,10.9,0.303398
2023-03-31 11:00:00,10.7,0.2980073
2023-03-31 12:00:00,10.6,0.2790863
2023-03-31 13:00:00,10.3,0.2711966
2023-03-31 14:00:00,11.4,0.2663295
2023-03-31 15:00:00,11.7,0.2683168
2023-03-31 16:00:00,12.1,0.2768491
2023-03-31 17:00:00,10.8,0.2787769
2023-03-31 18:00:00,10.7,0.2924143
2023-03-31 19:00:00,10.2,0.2931164
2023-03-31 20:00:00,10.4,0.2864762
2023-03-31 21:00:00,10.1,0.2732077
2023-03-31 22:00:00,10.1,0.2588087
2023-03-31 23:00:00,9.6,0.2508
2023-04-01 00:00:00,9.4,0.2534061
2023-04-01 01:00:00,9.7,0.231641
2023-04-01 02:00:00,9.8,0.2196696
2023-04-01 03:00:00,9.2,0.2018077
2023-04-01 04:00:00,9.4,0.1984995
2023-04-01 05:00:00,9.2,0.1976427
2023-04-01 06:00:00,9.0,0.1964884
2023-04-01 07:00:00,9.1,0.2171349
2023-04-01 08:00:00,9.9,0.2283804
2023-04-01 09:00:00,10.2,0.2274879
2023-04-01 10:00:00,11.0,0.2145883
2023-04-01 11:00:00,11.2,0.2104471
2023-04-01 12:00:00,11.1,0.2043424
2023-04-01 13:00:00,11.4,0.2015578
2023-04-01 14:00:00,11.5,0.195465
2023-04-01 15:00:00,9.4,0.1988803
2023-04-01 16:00:00,8.4,0.2038783
2023-04-01 17:00:00,7.7,0.2175514
2023-04-01 18:00:00,6.6,0.2566191
2023-04-01 19:00:00,6.0,0.2637591
2023-04-01 20:00:00,5.4,0.2566191
2023-04-01 21:00:00,4.9,0.245564
2023-04-01 22:00:00,4.2,0.2507405
2023-04-01 23:00:00,3.8,0.2349016
2023-04-02 00:00:00,3.1,0.2384121
2023-04-02 01:00:00,2.7,0.2275474
2023-04-02 02:00:00,2.4,0.2252269
2023-04-02 03:00:00,2.2,0.2275474
2023-04-02 04:00:00,2.0,0.2252269
2023-04-02 05:00:00,2.0,0.2275474
2023-04-02 06:00:00,2.1,0.2254768
2023-04-02 07:00:00,2.3,0.2389952
2023-04-02 08:00:00,2.6,0.2455045
2023-04-02 09:00:00,3.1,0.2342471
2023-04-02 10:00:00,3.4,0.2170754
2023-04-02 11:00:00,3.8,0.2153856
2023-04-02 12:00:00,5.1,0.2063416
2023-04-02 13:00:00,6.4,0.1866233
2023-04-02 14:00:00,7.8,0.1725099
2023-04-02 15:00:00,8.6,0.1732001
2023-04-02 16:00:00,8.9,0.1935015
2023-04-02 17:00:00,7.8,0.2052706
2023-04-02 18:00:00,7.7,0.2750879
2023-04-02 19:00:00,6.6,0.3103
2023-04-02 20:00:00,4.3,0.312085
2023-04-02 21:00:00,3.0,0.299114
2023-04-02 22:00:00,1.7,0.2896892
2023-04-02 23:00:00,1.8,0.2854528
2023-04-03 00:00:00,0.7,0.2847507
2023-04-03 01:00:00,-0.3,0.2837392
2023-04-03 02:00:00,-1.4,0.2841676
2023-04-03 03:00:00,-2.3,0.279241
2023-04-03 04:00:00,-2.5,0.2751117
2023-04-03 05:00:00,-2.5,0.2865833
2023-04-03 06:00:00,-3.0,0.3212718
2023-04-03 07:00:00,-1.6,0.3549725999999999
2023-04-03 08:00:00,0.6,0.3505101
2023-04-03 09:00:00,3.0,0.3083722
2023-04-03 10:00:00,4.4,0.279122
2023-04-03 11:00:00,5.1,0.2612244
2023-04-03 12:00:00,5.5,0.2519662
2023-04-03 13:00:00,6.7,0.244731
2023-04-03 14:00:00,6.5,0.2408754
2023-04-03 15:00:00,6.8,0.2495029
2023-04-03 16:00:00,6.5,0.25318
2023-04-03 17:00:00,7.0,0.2750165
2023-04-03 18:00:00,5.2,0.3147863
2023-04-03 19:00:00,4.2,0.3437509
2023-04-03 20:00:00,3.0,0.3415375
2023-04-03 21:00:00,2.8,0.3256986
2023-04-03 22:00:00,0.8,0.3127038
2023-04-03 23:00:00,0.0,0.2902128
2023-04-04 00:00:00,-0.5,0.2875115
2023-04-04 01:00:00,-1.7,0.2865
2023-04-04 02:00:00,-2.1,0.2908792
2023-04-04 03:00:00,-2.1,0.2929498
2023-04-04 04:00:00,-2.2,0.2944016
2023-04-04 05:00:00,-2.5,0.3006729
2023-04-04 06:00:00,-2.7,0.3285665
2023-04-04 07:00:00,-2.2,0.3702522
2023-04-04 08:00:00,-0.4,0.3680507
2023-04-04 09:00:00,2.6,0.3312797
2023-04-04 10:00:00,3.4,0.2965317
2023-04-04 11:00:00,5.0,0.2889038
2023-04-04 12:00:00,5.9,0.2851434
2023-04-04 13:00:00,6.0,0.2842628
2023-04-04 14:00:00,6.8,0.2832989
2023-04-04 15:00:00,6.4,0.2849648999999999
2023-04-04 16:00:00,7.1,0.2897487
2023-04-04 17:00:00,6.6,0.30078
2023-04-04 18:00:00,6.5,0.3306489999999999
2023-04-04 19:00:00,5.9,0.3698
2023-04-04 20:00:00,4.4,0.3666108
2023-04-04 21:00:00,3.4,0.3407164
2023-04-04 22:00:00,2.4,0.3236161
2023-04-04 23:00:00,0.9,0.3102167
2023-04-05 00:00:00,0.1,0.3073369
2023-04-05 01:00:00,-0.9,0.2963294
2023-04-05 02:00:00,-0.6,0.2979359
2023-04-05 03:00:00,-1.1,0.2963175
2023-04-05 04:00:00,-2.0,0.3043381
2023-04-05 05:00:00,-2.7,0.3156074
2023-04-05 06:00:00,-3.0,0.3529258
2023-04-05 07:00:00,-1.9,0.4030248
2023-04-05 08:00:00,-0.8,0.3694906
2023-04-05 09:00:00,3.3,0.3247704
2023-04-05 10:00:00,5.9,0.297924
2023-04-05 11:00:00,5.7,0.29245
2023-04-05 12:00:00,6.3,0.2907721
2023-04-05 13:00:00,8.0,0.2910696
2023-04-05 14:00:00,8.4,0.2910339
2023-04-05 15:00:00,9.0,0.2907721
2023-04-05 16:00:00,8.8,0.293997
2023-04-05 17:00:00,8.9,0.3169759
2023-04-05 18:00:00,7.6,0.3418588
2023-04-05 19:00:00,7.0,0.3930764
2023-04-05 20:00:00,5.5,0.3836992
2023-04-05 21:00:00,3.8,0.3519261999999999
2023-04-05 22:00:00,2.6,0.3357541
2023-04-05 23:00:00,1.4,0.3211647
2023-04-06 00:00:00,0.6,0.3168926
2023-04-06 01:00:00,0.3,0.3033028
2023-04-06 02:00:00,-0.8,0.2984
2023-04-06 03:00:00,-0.4,0.2928427
2023-04-06 04:00:00,-0.5,0.2922715
2023-04-06 05:00:00,-1.4,0.3042429
2023-04-06 06:00:00,-1.2,0.3251869
2023-04-06 07:00:00,0.9,0.3479397
2023-04-06 08:00:00,3.5,0.3411924
2023-04-06 09:00:00,6.4,0.3096455
2023-04-06 10:00:00,8.4,0.2920097
2023-04-06 11:00:00,9.9,0.280669
2023-04-06 12:00:00,11.8,0.2793838
2023-04-06 13:00:00,12.5,0.278289
2023-04-06 14:00:00,12.6,0.2817519
2023-04-06 15:00:00,12.9,0.2842747
2023-04-06 16:00:00,13.5,0.2863453
2023-04-06 17:00:00,13.2,0.2997804
2023-04-06 18:00:00,12.7,0.3222
2023-04-06 19:00:00,11.3,0.3341
2023-04-06 20:00:00,9.8,0.3270552
2023-04-06 21:00:00,9.2,0.3096217
2023-04-06 22:00:00,8.4,0.2929022
2023-04-06 23:00:00,7.1,0.2836678
2023-04-07 00:00:00,6.2,0.2749689
2023-04-07 01:00:00,5.4,0.2730887
2023-04-07 02:00:00,4.7,0.2746833
2023-04-07 03:00:00,2.6,0.2767301
2023-04-07 04:00:00,2.1,0.2783485
2023-04-07 05:00:00,0.9,0.2828705
2023-04-07 06:00:00,0.1,0.2780986
2023-04-07 07:00:00,2.1,0.2825254
2023-04-07 08:00:00,4.5,0.2873806
2023-04-07 09:00:00,6.0,0.2793005
2023-04-07 10:00:00,9.0,0.2766944
2023-04-07 11:00:00,11.0,0.275671
2023-04-07 12:00:00,11.4,0.2650324
2023-04-07 13:00:00,12.1,0.2588563
2023-04-07 14:00:00,12.3,0.25675
2023-04-07 15:00:00,13.5,0.2652228
2023-04-07 16:00:00,12.9,0.2755639
2023-04-07 17:00:00,12.5,0.2838106
2023-04-07 18:00:00,11.4,0.3076582
2023-04-07 19:00:00,9.6,0.3204745
2023-04-07 20:00:00,6.6,0.3163333
2023-04-07 21:00:00,6.0,0.31625
2023-04-07 22:00:00,6.0,0.318154
2023-04-07 23:00:00,5.6,0.3124182
2023-04-08 00:00:00,5.4,0.3029815
2023-04-08 01:00:00,5.1,0.2909506
2023-04-08 02:00:00,5.0,0.2915694
2023-04-08 03:00:00,4.9,0.2873925
2023-04-08 04:00:00,5.0,0.2874282
2023-04-08 05:00:00,5.1,0.2890704
2023-04-08 06:00:00,5.0,0.2921406
2023-04-08 07:00:00,5.2,0.3095265
2023-04-08 08:00:00,5.4,0.314108
2023-04-08 09:00:00,5.6,0.3095265
2023-04-08 10:00:00,6.3,0.2921406
2023-04-08 11:00:00,6.8,0.2828705
2023-04-08 12:00:00,6.9,0.2767896
2023-04-08 13:00:00,7.6,0.27341
2023-04-08 14:00:00,7.6,0.2690784
2023-04-08 15:00:00,8.0,0.267936
2023-04-08 16:00:00,8.2,0.2723628
2023-04-08 17:00:00,8.4,0.28293
2023-04-08 18:00:00,8.1,0.300661
2023-04-08 19:00:00,7.6,0.3162619
2023-04-08 20:00:00,7.5,0.3219263
2023-04-08 21:00:00,7.2,0.3189989
2023-04-08 22:00:00,5.5,0.316131
2023-04-08 23:00:00,5.1,0.3067062
2023-04-09 00:00:00,4.5,0.3079081
2023-04-09 01:00:00,2.8,0.2958534
2023-04-09 02:00:00,3.7,0.2981977
2023-04-09 03:00:00,3.2,0.2960081
2023-04-09 04:00:00,2.9,0.2963056
2023-04-09 05:00:00,2.1,0.2958534
2023-04-09 06:00:00,1.4,0.2984
2023-04-09 07:00:00,2.1,0.297091
2023-04-09 08:00:00,3.1,0.3019462
2023-04-09 09:00:00,4.9,0.2891299
2023-04-09 10:00:00,5.9,0.2746
2023-04-09 11:00:00,7.1,0.25913
2023-04-09 12:00:00,8.5,0.2531324
2023-04-09 13:00:00,8.8,0.2270119
2023-04-09 14:00:00,9.1,0.22105
2023-04-09 15:00:00,9.8,0.22224
2023-04-09 16:00:00,10.8,0.24366
2023-04-09 17:00:00,11.8,0.2583565
2023-04-09 18:00:00,11.7,0.292688
2023-04-09 19:00:00,10.0,0.3102643
2023-04-09 20:00:00,8.0,0.3144174
2023-04-09 21:00:00,7.6,0.3060041
2023-04-09 22:00:00,6.3,0.29245
2023-04-09 23:00:00,6.0,0.2828586
2023-04-10 00:00:00,4.9,0.2724699
2023-04-10 01:00:00,4.3,0.2530015
2023-04-10 02:00:00,3.5,0.2485866
2023-04-10 03:00:00,3.0,0.241161
2023-04-10 04:00:00,2.8,0.2389
2023-04-10 05:00:00,3.7,0.2424224
2023-04-10 06:00:00,3.2,0.2508
2023-04-10 07:00:00,5.8,0.2479559
2023-04-10 08:00:00,7.9,0.2382217
2023-04-10 09:00:00,11.0,0.2209072
2023-04-10 10:00:00,13.1,0.1818633
2023-04-10 11:00:00,14.9,0.155838
2023-04-10 12:00:00,15.8,0.1543981
2023-04-10 13:00:00,16.6,0.1451042
2023-04-10 14:00:00,16.7,0.1463537
2023-04-10 15:00:00,17.4,0.1507567
2023-04-10 16:00:00,17.5,0.1555167
2023-04-10 17:00:00,16.9,0.1787931
2023-04-10 18:00:00,16.4,0.2086502
2023-04-10 19:00:00,15.7,0.2335926
2023-04-10 20:00:00,15.2,0.2041996
2023-04-10 21:00:00,15.1,0.1815539
2023-04-10 22:00:00,14.5,0.1693088
2023-04-10 23:00:00,12.1,0.155719
2023-04-11 00:00:00,10.4,0.1573255
2023-04-11 01:00:00,9.7,0.1567781
2023-04-11 02:00:00,9.2,0.1564568
2023-04-11 03:00:00,9.3,0.1568971
2023-04-11 04:00:00,8.8,0.162859
2023-04-11 05:00:00,5.9,0.1960838
2023-04-11 06:00:00,7.0,0.267222
2023-04-11 07:00:00,7.4,0.2812997
2023-04-11 08:00:00,7.1,0.2844294
2023-04-11 09:00:00,8.1,0.267222
2023-04-11 10:00:00,7.7,0.2201575
2023-04-11 11:00:00,8.2,0.1663457
2023-04-11 12:00:00,9.7,0.1556833
2023-04-11 13:00:00,10.8,0.155481
2023-04-11 14:00:00,8.9,0.1554929
2023-04-11 15:00:00,9.5,0.1555881
2023-04-11 16:00:00,9.3,0.1634659
2023-04-11 17:00:00,9.6,0.253418
2023-04-11 18:00:00,10.3,0.311252
2023-04-11 19:00:00,8.8,0.3489274
2023-04-11 20:00:00,6.0,0.3524022
2023-04-11 21:00:00,6.0,0.3238541
2023-04-11 22:00:00,4.8,0.311252
2023-04-11 23:00:00,4.0,0.28769
2023-04-12 00:00:00,4.4,0.271744
2023-04-12 01:00:00,2.4,0.2582137
2023-04-12 02:00:00,4.2,0.2515497
2023-04-12 03:00:00,4.0,0.2492649
2023-04-12 04:00:00,4.4,0.251038
2023-04-12 05:00:00,4.8,0.257702
2023-04-12 06:00:00,5.6,0.2843818
2023-04-12 07:00:00,6.4,0.3041953
2023-04-12 08:00:00,8.4,0.3179279
2023-04-12 09:00:00,9.9,0.3126681
2023-04-12 10:00:00,9.6,0.2984
2023-04-12 11:00:00,8.6,0.2883564
2023-04-12 12:00:00,9.0,0.2754568
2023-04-12 13:00:00,9.3,0.2714584
2023-04-12 14:00:00,9.6,0.2717678
2023-04-12 15:00:00,10.1,0.2711133
2023-04-12 16:00:00,10.5,0.2750046
2023-04-12 17:00:00,10.8,0.2864048
2023-04-12 18:00:00,10.5,0.3158454
2023-04-12 19:00:00,10.0,0.32815
2023-04-12 20:00:00,7.1,0.3099429999999999
2023-04-12 21:00:00,5.5,0.3016844
2023-04-12 22:00:00,5.7,0.285667
2023-04-12 23:00:00,5.4,0.2721605
2023-04-13 00:00:00,5.3,0.2713037
2023-04-13 01:00:00,5.1,0.2568571
2023-04-13 02:00:00,5.3,0.2500027
2023-04-13 03:00:00,5.2,0.2423034
2023-04-13 04:00:00,5.5,0.2404113
2023-04-13 05:00:00,5.4,0.253775
2023-04-13 06:00:00,6.4,0.2770514
2023-04-13 07:00:00,6.5,0.2924976
2023-04-13 08:00:00,8.0,0.2971624
2023-04-13 09:00:00,8.3,0.2779439
2023-04-13 10:00:00,8.2,0.2579162
2023-04-13 11:00:00,8.1,0.2617718
2023-04-13 12:00:00,10.2,0.2628428
2023-04-13 13:00:00,11.6,0.2671863
2023-04-13 14:00:00,12.3,0.2656512
2023-04-13 15:00:00,11.7,0.2805738
2023-04-13 16:00:00,11.6,0.2665437
2023-04-13 17:00:00,11.7,0.2866666
2023-04-13 18:00:00,10.1,0.3101334
2023-04-13 19:00:00,9.3,0.3596136
2023-04-13 20:00:00,7.4,0.3709067
2023-04-13 21:00:00,7.0,0.3467021
2023-04-13 22:00:00,6.2,0.3213432
2023-04-13 23:00:00,6.3,0.3135368
2023-04-14 00:00:00,5.0,0.2961271
2023-04-14 01:00:00,4.3,0.289832
2023-04-14 02:00:00,2.7,0.2942826
2023-04-14 03:00:00,2.2,0.289832
2023-04-14 04:00:00,1.2,0.2902366
2023-04-14 05:00:00,1.9,0.307206
2023-04-14 06:00:00,0.9,0.3278406
2023-04-14 07:00:00,1.4,0.3599944
2023-04-14 08:00:00,7.1,0.3651709
2023-04-14 09:00:00,9.3,0.3351472
2023-04-14 10:00:00,11.1,0.3101334
2023-04-14 11:00:00,12.2,0.2968054
2023-04-14 12:00:00,11.8,0.2835726
2023-04-14 13:00:00,13.9,0.281502
2023-04-14 14:00:00,13.7,0.2820018
2023-04-14 15:00:00,12.0,0.285667
2023-04-14 16:00:00,11.4,0.2808356
2023-04-14 17:00:00,11.5,0.2942826
2023-04-14 18:00:00,11.5,0.3200104
2023-04-14 19:00:00,9.4,0.3361111
2023-04-14 20:00:00,7.5,0.3367299
2023-04-14 21:00:00,6.5,0.33529
2023-04-14 22:00:00,6.1,0.3154527
2023-04-14 23:00:00,6.6,0.2987451
2023-04-15 00:00:00,6.4,0.303041
2023-04-15 01:00:00,4.4,0.28888
2023-04-15 02:00:00,4.9,0.2917122
2023-04-15 03:00:00,5.9,0.28412
2023-04-15 04:00:00,6.0,0.2807166
2023-04-15 05:00:00,6.1,0.2788245
2023-04-15 06:00:00,6.0,0.2812164
2023-04-15 07:00:00,6.2,0.2803715
2023-04-15 08:00:00,6.4,0.2819899
2023-04-15 09:00:00,6.7,0.2767777
2023-04-15 10:00:00,7.2,0.2721724
2023-04-15 11:00:00,7.7,0.2674005
2023-04-15 12:00:00,8.2,0.2609745
2023-04-15 13:00:00,8.8,0.2551197
2023-04-15 14:00:00,9.4,0.2533823
2023-04-15 15:00:00,11.4,0.256631
2023-04-15 16:00:00,12.6,0.2662343
2023-04-15 17:00:00,12.1,0.2731839
2023-04-15 18:00:00,11.7,0.2896654
2023-04-15 19:00:00,11.4,0.3136201
2023-04-15 20:00:00,11.0,0.3156669
2023-04-15 21:00:00,10.4,0.307682
2023-04-15 22:00:00,9.2,0.3075749
2023-04-15 23:00:00,9.1,0.297567
2023-04-16 00:00:00,9.0,0.2883445
2023-04-16 01:00:00,8.7,0.2787531
2023-04-16 02:00:00,8.1,0.2777892
2023-04-16 03:00:00,7.6,0.2758971
2023-04-16 04:00:00,7.1,0.2777297
2023-04-16 05:00:00,7.0,0.278765
2023-04-16 06:00:00,7.1,0.278765
2023-04-16 07:00:00,7.3,0.2786103
2023-04-16 08:00:00,7.6,0.2870117
2023-04-16 09:00:00,8.4,0.2920692
2023-04-16 10:00:00,8.7,0.2877376
2023-04-16 11:00:00,9.0,0.2839177
2023-04-16 12:00:00,8.7,0.2794195
2023-04-16 13:00:00,9.7,0.2724104
2023-04-16 14:00:00,11.6,0.2683049
2023-04-16 15:00:00,12.2,0.2677694
2023-04-16 16:00:00,12.3,0.2698876
2023-04-16 17:00:00,12.2,0.2757543
2023-04-16 18:00:00,11.2,0.2926999
2023-04-16 19:00:00,10.6,0.3137272
2023-04-16 20:00:00,9.7,0.3222
2023-04-16 21:00:00,9.3,0.31625
2023-04-16 22:00:00,9.2,0.3102643
2023-04-16 23:00:00,8.7,0.3047665
2023-04-17 00:00:00,8.4,0.2921525
2023-04-17 01:00:00,8.2,0.2878566
2023-04-17 02:00:00,7.4,0.2852624
2023-04-17 03:00:00,6.8,0.2870236
2023-04-17 04:00:00,6.6,0.2865
2023-04-17 05:00:00,6.2,0.2924857
2023-04-17 06:00:00,6.1,0.3231758
2023-04-17 07:00:00,6.4,0.3682292
2023-04-17 08:00:00,8.0,0.3942069
2023-04-17 09:00:00,9.7,0.3497365999999999
2023-04-17 10:00:00,11.2,0.3169759
2023-04-17 11:00:00,12.9,0.2962342
2023-04-17 12:00:00,13.7,0.2809665
2023-04-17 13:00:00,13.8,0.2772775
2023-04-17 14:00:00,14.2,0.2712204
2023-04-17 15:00:00,15.7,0.2709586
2023-04-17 16:00:00,15.0,0.2707444
2023-04-17 17:00:00,14.3,0.2757781
2023-04-17 18:00:00,13.7,0.3011727
2023-04-17 19:00:00,12.4,0.3264959
2023-04-17 20:00:00,9.2,0.3255082
2023-04-17 21:00:00,7.7,0.3153575
2023-04-17 22:00:00,7.9,0.3017558
2023-04-17 23:00:00,7.9,0.2855004
2023-04-18 00:00:00,7.7,0.2809189
2023-04-18 01:00:00,6.8,0.2770633
2023-04-18 02:00:00,6.2,0.275909
2023-04-18 03:00:00,5.7,0.2761351
2023-04-18 04:00:00,5.3,0.2752545
2023-04-18 05:00:00,5.3,0.2761113
2023-04-18 06:00:00,5.5,0.30673
2023-04-18 07:00:00,5.8,0.3225213
2023-04-18 08:00:00,6.2,0.3399072
2023-04-18 09:00:00,6.7,0.3150481
2023-04-18 10:00:00,8.9,0.2819899
2023-04-18 11:00:00,10.5,0.2788602
2023-04-18 12:00:00,10.1,0.2685786
2023-04-18 13:00:00,11.1,0.2567024
2023-04-18 14:00:00,12.1,0.256393
2023-04-18 15:00:00,11.7,0.2479797
2023-04-18 16:00:00,12.0,0.2500741
2023-04-18 17:00:00,12.3,0.2679241
2023-04-18 18:00:00,12.1,0.2843699
2023-04-18 19:00:00,11.5,0.3108474
2023-04-18 20:00:00,11.4,0.3162619
2023-04-18 21:00:00,11.2,0.3001612
2023-04-18 22:00:00,10.8,0.2850244
2023-04-18 23:00:00,10.3,0.2745524
2023-04-19 00:00:00,9.9,0.277337
2023-04-19 01:00:00,8.9,0.2716726
2023-04-19 02:00:00,7.6,0.2745048
2023-04-19 03:00:00,5.1,0.2733505
2023-04-19 04:00:00,3.8,0.2761827
2023-04-19 05:00:00,3.4,0.2815853
2023-04-19 06:00:00,3.2,0.3103
2023-04-19 07:00:00,4.5,0.3209624
2023-04-19 08:00:00,7.6,0.3213432
2023-04-19 09:00:00,9.3,0.2970077
2023-04-19 10:00:00,10.8,0.2631641
2023-04-19 11:00:00,11.7,0.2325692
2023-04-19 12:00:00,13.2,0.190824
2023-04-19 13:00:00,13.2,0.1618951
2023-04-19 14:00:00,12.2,0.1557071
2023-04-19 15:00:00,12.0,0.1588249
2023-04-19 16:00:00,12.3,0.1826606
2023-04-19 17:00:00,12.4,0.2416489
2023-04-19 18:00:00,11.8,0.2684001
2023-04-19 19:00:00,10.5,0.2980311
2023-04-19 20:00:00,9.7,0.3111686999999999
2023-04-19 21:00:00,8.7,0.3017558
2023-04-19 22:00:00,8.6,0.286381
2023-04-19 23:00:00,8.5,0.2765754
2023-04-20 00:00:00,7.7,0.2748261
2023-04-20 01:00:00,5.7,0.2678765
2023-04-20 02:00:00,5.3,0.2707444
2023-04-20 03:00:00,5.2,0.2686262
2023-04-20 04:00:00,5.2,0.2712442
2023-04-20 05:00:00,5.2,0.2779082
2023-04-20 06:00:00,5.3,0.3078843
2023-04-20 07:00:00,5.7,0.3275312
2023-04-20 08:00:00,6.5,0.327793
2023-04-20 09:00:00,6.9,0.3103833
2023-04-20 10:00:00,7.4,0.2840843
2023-04-20 11:00:00,8.4,0.2709586
2023-04-20 12:00:00,9.1,0.2677337
2023-04-20 13:00:00,11.0,0.2622359
2023-04-20 14:00:00,11.4,0.2611649
2023-04-20 15:00:00,11.0,0.2587492
2023-04-20 16:00:00,9.4,0.2651871
2023-04-20 17:00:00,8.2,0.2790744
2023-04-20 18:00:00,8.3,0.3090981
2023-04-20 19:00:00,8.9,0.324699
2023-04-20 20:00:00,9.3,0.3298755
2023-04-20 21:00:00,9.2,0.3157383
2023-04-20 22:00:00,8.5,0.3093242
2023-04-20 23:00:00,7.8,0.2819899
2023-04-21 00:00:00,7.9,0.2727198
2023-04-21 01:00:00,8.0,0.2649372
2023-04-21 02:00:00,8.5,0.2639019
2023-04-21 03:00:00,8.6,0.2662462
2023-04-21 04:00:00,8.2,0.265794
2023-04-21 05:00:00,7.8,0.2689237
2023-04-21 06:00:00,7.6,0.2994948
2023-04-21 07:00:00,9.1,0.31625
2023-04-21 08:00:00,10.6,0.315655
2023-04-21 09:00:00,13.0,0.2820375
2023-04-21 10:00:00,14.9,0.2627
2023-04-21 11:00:00,17.3,0.2477417
2023-04-21 12:00:00,18.4,0.1893365
2023-04-21 13:00:00,19.2,0.1557071
2023-04-21 14:00:00,19.3,0.1556595
2023-04-21 15:00:00,19.9,0.1618951
2023-04-21 16:00:00,19.8,0.2252983
2023-04-21 17:00:00,20.1,0.2627833
2023-04-21 18:00:00,19.4,0.30197
2023-04-21 19:00:00,17.9,0.3228783
2023-04-21 20:00:00,15.8,0.3268172
2023-04-21 21:00:00,13.8,0.3058018
2023-04-21 22:00:00,11.9,0.2817757
2023-04-21 23:00:00,12.4,0.2734814
2023-04-22 00:00:00,10.8,0.2734576
2023-04-22 01:00:00,10.5,0.2688761
2023-04-22 02:00:00,11.3,0.265199
2023-04-22 03:00:00,11.5,0.2662105
2023-04-22 04:00:00,10.8,0.2642351
2023-04-22 05:00:00,10.4,0.2698281
2023-04-22 06:00:00,10.0,0.2743858
2023-04-22 07:00:00,11.5,0.2776702
2023-04-22 08:00:00,14.6,0.273529
2023-04-22 09:00:00,16.8,0.25794
2023-04-22 10:00:00,19.2,0.2465279
2023-04-22 11:00:00,20.3,0.2092214
2023-04-22 12:00:00,21.3,0.186778
2023-04-22 13:00:00,22.3,0.1675238
2023-04-22 14:00:00,22.3,0.1622878
2023-04-22 15:00:00,22.2,0.1912405
2023-04-22 16:00:00,21.9,0.2468492
2023-04-22 17:00:00,23.0,0.26865
2023-04-22 18:00:00,22.2,0.2900343
2023-04-22 19:00:00,20.4,0.3124896
2023-04-22 20:00:00,19.8,0.3105618
2023-04-22 21:00:00,15.1,0.30673
2023-04-22 22:00:00,13.8,0.28055
2023-04-22 23:00:00,14.4,0.2760042
2023-04-23 00:00:00,14.4,0.280669
2023-04-23 01:00:00,14.2,0.2713989
2023-04-23 02:00:00,13.3,0.2686143
2023-04-23 03:00:00,12.2,0.2619741
2023-04-23 04:00:00,11.6,0.2586897
2023-04-23 05:00:00,11.0,0.2612006
2023-04-23 06:00:00,10.0,0.2625572
2023-04-23 07:00:00,9.7,0.2671982
2023-04-23 08:00:00,10.4,0.2667817
2023-04-23 09:00:00,11.8,0.2631879
2023-04-23 10:00:00,13.4,0.2500027
2023-04-23 11:00:00,15.3,0.2129104
2023-04-23 12:00:00,17.3,0.197845
2023-04-23 13:00:00,16.9,0.1675238
2023-04-23 14:00:00,17.6,0.1614072
2023-04-23 15:00:00,12.1,0.1969049
2023-04-23 16:00:00,13.9,0.2319385
2023-04-23 17:00:00,16.1,0.2748975
2023-04-23 18:00:00,15.1,0.3052306
2023-04-23 19:00:00,15.1,0.3199866
2023-04-23 20:00:00,13.8,0.3187847
2023-04-23 21:00:00,14.0,0.3043738
2023-04-23 22:00:00,13.7,0.2947705
2023-04-23 23:00:00,12.3,0.286024
2023-04-24 00:00:00,11.8,0.259963
2023-04-24 01:00:00,12.0,0.2550602
2023-04-24 02:00:00,12.2,0.2532871
2023-04-24 03:00:00,11.4,0.246516
2023-04-24 04:00:00,11.1,0.2449452
2023-04-24 05:00:00,10.7,0.2585945
2023-04-24 06:00:00,10.2,0.291974
2023-04-24 07:00:00,11.3,0.314822
2023-04-24 08:00:00,11.2,0.31625
2023-04-24 09:00:00,11.5,0.3066348
2023-04-24 10:00:00,11.2,0.2874639
2023-04-24 11:00:00,11.5,0.2841319
2023-04-24 12:00:00,11.2,0.2723033
2023-04-24 13:00:00,11.1,0.268531
2023-04-24 14:00:00,10.3,0.25913
2023-04-24 15:00:00,9.1,0.2566429
2023-04-24 16:00:00,8.0,0.2578091
2023-04-24 17:00:00,8.3,0.2717559
2023-04-24 18:00:00,8.7,0.2953179
2023-04-24 19:00:00,8.5,0.3157383
2023-04-24 20:00:00,7.9,0.3174043
2023-04-24 21:00:00,7.3,0.3128347
2023-04-24 22:00:00,7.4,0.2986737
2023-04-24 23:00:00,7.7,0.2760875
2023-04-25 00:00:00,6.9,0.2703279
2023-04-25 01:00:00,6.9,0.2689713
2023-04-25 02:00:00,6.9,0.2670196999999999
2023-04-25 03:00:00,6.6,0.2651038
2023-04-25 04:00:00,5.9,0.2648658
2023-04-25 05:00:00,5.6,0.2715179
2023-04-25 06:00:00,5.7,0.300304
2023-04-25 07:00:00,6.2,0.315179
2023-04-25 08:00:00,6.7,0.3161667
2023-04-25 09:00:00,6.8,0.2862144
2023-04-25 10:00:00,7.5,0.2701256
2023-04-25 11:00:00,8.8,0.2568333
2023-04-25 12:00:00,8.0,0.2490864
2023-04-25 13:00:00,7.6,0.2426009
2023-04-25 14:00:00,6.8,0.2323312
2023-04-25 15:00:00,5.4,0.2325811
2023-04-25 16:00:00,7.1,0.2438742
2023-04-25 17:00:00,7.9,0.2552387
2023-04-25 18:00:00,7.6,0.2760637
2023-04-25 19:00:00,6.7,0.3128228
2023-04-25 20:00:00,4.7,0.3271504
2023-04-25 21:00:00,3.5,0.3145007
2023-04-25 22:00:00,3.2,0.303874
2023-04-25 23:00:00,3.0,0.2760994
2023-04-26 00:00:00,2.8,0.2692212
2023-04-26 01:00:00,2.4,0.2665675
2023-04-26 02:00:00,2.1,0.267698
2023-04-26 03:00:00,1.6,0.265437
2023-04-26 04:00:00,1.1,0.2666627
2023-04-26 05:00:00,1.0,0.2753021
2023-04-26 06:00:00,1.7,0.3045404
2023-04-26 07:00:00,3.0,0.3220929
2023-04-26 08:00:00,4.3,0.3102643
2023-04-26 09:00:00,6.0,0.2688998999999999
2023-04-26 10:00:00,7.5,0.2605937
2023-04-26 11:00:00,7.1,0.269126
2023-04-26 12:00:00,8.4,0.2677813
2023-04-26 13:00:00,9.1,0.2681026
2023-04-26 14:00:00,8.6,0.2679003
2023-04-26 15:00:00,9.0,0.2660915
2023-04-26 16:00:00,8.5,0.272458
2023-04-26 17:00:00,8.8,0.2891061
2023-04-26 18:00:00,8.0,0.3077772
2023-04-26 19:00:00,7.3,0.3318509
2023-04-26 20:00:00,6.0,0.3400143
2023-04-26 21:00:00,6.2,0.3294828
2023-04-26 22:00:00,6.1,0.3103
2023-04-26 23:00:00,5.2,0.2993163
2023-04-27 00:00:00,5.1,0.2830728
2023-04-27 01:00:00,4.8,0.2752902
2023-04-27 02:00:00,3.9,0.27222
2023-04-27 03:00:00,1.7,0.2703874
2023-04-27 04:00:00,1.7,0.2715298
2023-04-27 05:00:00,1.6,0.2831561
2023-04-27 06:00:00,1.2,0.305659
2023-04-27 07:00:00,3.7,0.3255201
2023-04-27 08:00:00,5.6,0.3169759
2023-04-27 09:00:00,7.1,0.2847507
2023-04-27 10:00:00,7.9,0.2682216
2023-04-27 11:00:00,9.1,0.2676861
2023-04-27 12:00:00,9.9,0.2660082
2023-04-27 13:00:00,10.5,0.2638543
2023-04-27 14:00:00,11.0,0.2657345
2023-04-27 15:00:00,11.7,0.2682216
2023-04-27 16:00:00,12.6,0.2701732
2023-04-27 17:00:00,12.2,0.2773965
2023-04-27 18:00:00,11.0,0.3055162
2023-04-27 19:00:00,10.2,0.3386814999999999
2023-04-27 20:00:00,8.4,0.3502483
2023-04-27 21:00:00,7.8,0.3239849999999999
2023-04-27 22:00:00,7.3,0.3048498
2023-04-27 23:00:00,5.8,0.2764326
2023-04-28 00:00:00,5.8,0.2770157
2023-04-28 01:00:00,5.3,0.2662343
2023-04-28 02:00:00,5.4,0.2631165
2023-04-28 03:00:00,6.3,0.2658892
2023-04-28 04:00:00,6.0,0.2661629
2023-04-28 05:00:00,6.2,0.2696615
2023-04-28 06:00:00,6.5,0.2909863
2023-04-28 07:00:00,7.7,0.3029458
2023-04-28 08:00:00,9.4,0.3065039
2023-04-28 09:00:00,10.4,0.2992211
2023-04-28 10:00:00,11.7,0.2902842
2023-04-28 11:00:00,12.1,0.2819423
2023-04-28 12:00:00,12.7,0.2770395
2023-04-28 13:00:00,13.3,0.2663771
2023-04-28 14:00:00,13.4,0.2629261
2023-04-28 15:00:00,13.3,0.26151
2023-04-28 16:00:00,13.1,0.2634259
2023-04-28 17:00:00,13.0,0.2748856
2023-04-28 18:00:00,12.2,0.293283
2023-04-28 19:00:00,12.2,0.2984476
2023-04-28 20:00:00,12.1,0.304826
2023-04-28 21:00:00,11.6,0.3035646
2023-04-28 22:00:00,11.7,0.2944849
2023-04-28 23:00:00,12.7,0.2811212
2023-04-29 00:00:00,12.5,0.2931521
2023-04-29 01:00:00,11.9,0.2847864
2023-04-29 02:00:00,11.4,0.281859
2023-04-29 03:00:00,11.0,0.28055
2023-04-29 04:00:00,9.7,0.2760756
2023-04-29 05:00:00,9.3,0.2778725
2023-04-29 06:00:00,9.0,0.2784556
2023-04-29 07:00:00,8.7,0.285786
2023-04-29 08:00:00,9.5,0.2932116
2023-04-29 09:00:00,10.1,0.2824659
2023-04-29 10:00:00,11.9,0.2788721
2023-04-29 11:00:00,11.6,0.2661153
2023-04-29 12:00:00,13.1,0.2534537
2023-04-29 13:00:00,13.9,0.2495624
2023-04-29 14:00:00,13.2,0.234378
2023-04-29 15:00:00,13.3,0.2377695
2023-04-29 16:00:00,14.0,0.2508
2023-04-29 17:00:00,13.6,0.25675
2023-04-29 18:00:00,13.7,0.274719
2023-04-29 19:00:00,12.1,0.2964484
2023-04-29 20:00:00,10.5,0.2977455
2023-04-29 21:00:00,8.7,0.2984
2023-04-29 22:00:00,6.9,0.2931283
2023-04-29 23:00:00,5.1,0.2865
2023-04-30 00:00:00,4.7,0.2737432
2023-04-30 01:00:00,4.0,0.2639971
2023-04-30 02:00:00,3.3,0.2607722
2023-04-30 03:00:00,2.2,0.2574759
2023-04-30 04:00:00,1.5,0.2573688
2023-04-30 05:00:00,0.9,0.2606413
2023-04-30 06:00:00,2.3,0.2577496
2023-04-30 07:00:00,4.5,0.25318
2023-04-30 08:00:00,7.1,0.24485
2023-04-30 09:00:00,8.1,0.2151
2023-04-30 10:00:00,9.2,0.188563
2023-04-30 11:00:00,10.1,0.1623116
2023-04-30 12:00:00,11.6,0.1525655
2023-04-30 13:00:00,12.6,0.1492573
2023-04-30 14:00:00,13.7,0.1519348
2023-04-30 15:00:00,14.5,0.1570161
2023-04-30 16:00:00,15.2,0.17226
2023-04-30 17:00:00,14.9,0.2395783
2023-04-30 18:00:00,16.1,0.2828824
2023-04-30 19:00:00,14.3,0.2997804
2023-04-30 20:00:00,12.4,0.302684
2023-04-30 21:00:00,8.6,0.301018
2023-04-30 22:00:00,7.2,0.2949728
2023-04-30 23:00:00,6.2,0.2849648999999999
2023-10-01 00:00:00,14.5,0.2778487
2023-10-01 01:00:00,14.3,0.2676266
2023-10-01 02:00:00,14.0,0.261034
2023-10-01 03:00:00,14.2,0.2619503
2023-10-01 04:00:00,13.7,0.2589991
2023-10-01 05:00:00,13.6,0.2572855
2023-10-01 06:00:00,13.8,0.2568333
2023-10-01 07:00:00,14.0,0.2604152
2023-10-01 08:00:00,14.7,0.253299
2023-10-01 09:00:00,15.6,0.2302487
2023-10-01 10:00:00,16.3,0.2032
2023-10-01 11:00:00,17.4,0.1662981
2023-10-01 12:00:00,17.4,0.1555881
2023-10-01 13:00:00,18.5,0.1533033
2023-10-01 14:00:00,19.3,0.1547313
2023-10-01 15:00:00,20.2,0.1574207
2023-10-01 16:00:00,20.4,0.2302487
2023-10-01 17:00:00,20.1,0.2740169
2023-10-01 18:00:00,19.3,0.2984714
2023-10-01 19:00:00,18.5,0.3103
2023-10-01 20:00:00,18.1,0.3103
2023-10-01 21:00:00,17.7,0.2926404
2023-10-01 22:00:00,15.8,0.2824778
2023-10-01 23:00:00,15.9,0.2745643
2023-10-02 00:00:00,15.6,0.268531
2023-10-02 01:00:00,16.1,0.2664723
2023-10-02 02:00:00,14.6,0.266746
2023-10-02 03:00:00,14.5,0.2651038
2023-10-02 04:00:00,15.2,0.2694592
2023-10-02 05:00:00,14.9,0.2738027
2023-10-02 06:00:00,14.9,0.3043381
2023-10-02 07:00:00,14.9,0.3263531
2023-10-02 08:00:00,16.6,0.327555
2023-10-02 09:00:00,18.4,0.30792
2023-10-02 10:00:00,19.8,0.2809308
2023-10-02 11:00:00,22.3,0.2656512
2023-10-02 12:00:00,22.8,0.2630332
2023-10-02 13:00:00,22.7,0.2602248
2023-10-02 14:00:00,22.7,0.2605223
2023-10-02 15:00:00,23.4,0.263295
2023-10-02 16:00:00,23.0,0.2817757
2023-10-02 17:00:00,22.3,0.3141913
2023-10-02 18:00:00,21.7,0.3936119
2023-10-02 19:00:00,19.6,0.4472095
2023-10-02 20:00:00,18.1,0.3460833
2023-10-02 21:00:00,18.4,0.2984
2023-10-02 22:00:00,16.3,0.2829657
2023-10-02 23:00:00,16.7,0.2746
2023-10-03 00:00:00,15.5,0.2717202
2023-10-03 01:00:00,16.4,0.2681859
2023-10-03 02:00:00,17.6,0.2412086
2023-10-03 03:00:00,17.5,0.1920616
2023-10-03 04:00:00,17.4,0.1692969
2023-10-03 05:00:00,17.8,0.1615738
2023-10-03 06:00:00,18.6,0.1631089
2023-10-03 07:00:00,18.3,0.198083
2023-10-03 08:00:00,19.8,0.170475
2023-10-03 09:00:00,20.5,0.159527
2023-10-03 10:00:00,21.1,0.1555048
2023-10-03 11:00:00,20.5,0.1544814
2023-10-03 12:00:00,20.3,0.145723
2023-10-03 13:00:00,19.7,0.1424267
2023-10-03 14:00:00,16.6,0.1437238
2023-10-03 15:00:00,15.8,0.1497571
2023-10-03 16:00:00,15.4,0.1555405
2023-10-03 17:00:00,14.6,0.16155
2023-10-03 18:00:00,13.8,0.1981068
2023-10-03 19:00:00,13.4,0.227
2023-10-03 20:00:00,12.8,0.2121369
2023-10-03 21:00:00,12.4,0.1719625
2023-10-03 22:00:00,12.9,0.209269
2023-10-03 23:00:00,12.7,0.1675714
2023-10-04 00:00:00,12.5,0.1820299
2023-10-04 01:00:00,12.8,0.167619
2023-10-04 02:00:00,12.8,0.1669407
2023-10-04 03:00:00,13.0,0.1648463
2023-10-04 04:00:00,12.9,0.172855
2023-10-04 05:00:00,12.7,0.2126248
2023-10-04 06:00:00,12.5,0.2729221
2023-10-04 07:00:00,12.3,0.2948538
2023-10-04 08:00:00,12.8,0.2999589
2023-10-04 09:00:00,13.6,0.281621
2023-10-04 10:00:00,14.7,0.2480154
2023-10-04 11:00:00,14.9,0.2355918
2023-10-04 12:00:00,15.8,0.2002845
2023-10-04 13:00:00,16.7,0.2064606
2023-10-04 14:00:00,16.5,0.2029025
2023-10-04 15:00:00,16.2,0.2288326
2023-10-04 16:00:00,16.1,0.2506929
2023-10-04 17:00:00,15.5,0.2693283
2023-10-04 18:00:00,14.8,0.293759
2023-10-04 19:00:00,14.5,0.3071584
2023-10-04 20:00:00,13.8,0.293759
2023-10-04 21:00:00,13.5,0.2603438
2023-10-04 22:00:00,12.7,0.2574521
2023-10-04 23:00:00,12.9,0.2482415
2023-10-05 00:00:00,13.1,0.2539773
2023-10-05 01:00:00,13.2,0.2470039
2023-10-05 02:00:00,12.9,0.2392213
2023-10-05 03:00:00,13.6,0.228666
2023-10-05 04:00:00,13.8,0.2376029
2023-10-05 05:00:00,13.7,0.2489674
2023-10-05 06:00:00,13.3,0.2633783
2023-10-05 07:00:00,13.0,0.2834774
2023-10-05 08:00:00,13.5,0.3006015
2023-10-05 09:00:00,14.2,0.2830609
2023-10-05 10:00:00,14.8,0.2595227
2023-10-05 11:00:00,16.0,0.251871
2023-10-05 12:00:00,15.9,0.24961
2023-10-05 13:00:00,16.4,0.2467421
2023-10-05 14:00:00,16.5,0.2508357
2023-10-05 15:00:00,14.4,0.2550126
2023-10-05 16:00:00,14.6,0.2708039
2023-10-05 17:00:00,14.6,0.294949
2023-10-05 18:00:00,14.4,0.3658016
2023-10-05 19:00:00,13.8,0.4534332
2023-10-05 20:00:00,13.6,0.321486
2023-10-05 21:00:00,13.7,0.2864167
2023-10-05 22:00:00,13.5,0.2757662
2023-10-05 23:00:00,12.9,0.2681502
2023-10-06 00:00:00,13.1,0.2595941
2023-10-06 01:00:00,13.1,0.2565834
2023-10-06 02:00:00,12.7,0.2508476
2023-10-06 03:00:00,12.5,0.2449214
2023-10-06 04:00:00,12.2,0.2400662
2023-10-06 05:00:00,12.3,0.2458853
2023-10-06 06:00:00,12.3,0.2715655
2023-10-06 07:00:00,12.7,0.2953893
2023-10-06 08:00:00,13.2,0.2992211
2023-10-06 09:00:00,14.3,0.2798241
2023-10-06 10:00:00,15.7,0.2558694
2023-10-06 11:00:00,16.4,0.2303439
2023-10-06 12:00:00,17.0,0.1675595
2023-10-06 13:00:00,18.1,0.1568852
2023-10-06 14:00:00,18.3,0.1573493
2023-10-06 15:00:00,19.0,0.2053301
2023-10-06 16:00:00,18.5,0.2298322
2023-10-06 17:00:00,18.0,0.2585945
2023-10-06 18:00:00,17.6,0.279717
2023-10-06 19:00:00,17.8,0.2878923
2023-10-06 20:00:00,17.5,0.27579
2023-10-06 21:00:00,17.2,0.2508833
2023-10-06 22:00:00,17.2,0.2231682
2023-10-06 23:00:00,17.0,0.1562188
2023-10-07 00:00:00,16.1,0.1556595
2023-10-07 01:00:00,15.7,0.1556476
2023-10-07 02:00:00,15.7,0.155719
2023-10-07 03:00:00,16.0,0.1563973
2023-10-07 04:00:00,15.9,0.1628233
2023-10-07 05:00:00,15.3,0.1810422
2023-10-07 06:00:00,14.6,0.2180036
2023-10-07 07:00:00,14.9,0.2355323
2023-10-07 08:00:00,15.3,0.2398758
2023-10-07 09:00:00,15.5,0.2373649
2023-10-07 10:00:00,15.8,0.2113158
2023-10-07 11:00:00,16.5,0.1789478
2023-10-07 12:00:00,16.8,0.1679522
2023-10-07 13:00:00,17.6,0.1558618
2023-10-07 14:00:00,18.4,0.15679
2023-10-07 15:00:00,19.1,0.1817919
2023-10-07 16:00:00,19.4,0.2288921
2023-10-07 17:00:00,18.9,0.2584636
2023-10-07 18:00:00,18.8,0.2773132
2023-10-07 19:00:00,18.6,0.2852029
2023-10-07 20:00:00,18.5,0.2746
2023-10-07 21:00:00,18.2,0.2555481
2023-10-07 22:00:00,17.8,0.2462661
2023-10-07 23:00:00,17.7,0.24128
2023-10-08 00:00:00,13.8,0.239733
2023-10-08 01:00:00,11.8,0.2396616
2023-10-08 02:00:00,11.0,0.2396378
2023-10-08 03:00:00,10.9,0.2396259
2023-10-08 04:00:00,10.8,0.2410539
2023-10-08 05:00:00,10.7,0.2473371
2023-10-08 06:00:00,10.4,0.2549769
2023-10-08 07:00:00,10.5,0.2746
2023-10-08 08:00:00,11.1,0.2771228
2023-10-08 09:00:00,12.0,0.2756234
2023-10-08 10:00:00,12.9,0.2590586
2023-10-08 11:00:00,14.2,0.2466469
2023-10-08 12:00:00,14.9,0.2395783
2023-10-08 13:00:00,15.4,0.2212285
2023-10-08 14:00:00,15.3,0.220574
2023-10-08 15:00:00,14.9,0.239852
2023-10-08 16:00:00,15.4,0.2610221
2023-10-08 17:00:00,14.5,0.2903556
2023-10-08 18:00:00,13.1,0.3170473
2023-10-08 19:00:00,13.7,0.3490702
2023-10-08 20:00:00,13.3,0.3125015
2023-10-08 21:00:00,13.5,0.286738
2023-10-08 22:00:00,13.3,0.2798598
2023-10-08 23:00:00,13.1,0.2702446
2023-10-09 00:00:00,12.5,0.2640209
2023-10-09 01:00:00,12.5,0.2596655
2023-10-09 02:00:00,12.5,0.2537036
2023-10-09 03:00:00,12.6,0.247706
2023-10-09 04:00:00,12.0,0.24485
2023-10-09 05:00:00,12.3,0.2496695
2023-10-09 06:00:00,12.7,0.270673
2023-10-09 07:00:00,13.6,0.288642
2023-10-09 08:00:00,13.6,0.3063968
2023-10-09 09:00:00,14.0,0.3001017
2023-10-09 10:00:00,15.0,0.2883921
2023-10-09 11:00:00,14.6,0.2809784
2023-10-09 12:00:00,14.9,0.2733981
2023-10-09 13:00:00,15.4,0.275314
2023-10-09 14:00:00,15.6,0.281145
2023-10-09 15:00:00,16.1,0.2863929
2023-10-09 16:00:00,16.2,0.2900938
2023-10-09 17:00:00,16.1,0.3094908
2023-10-09 18:00:00,15.8,0.3807718
2023-10-09 19:00:00,15.4,0.419423
2023-10-09 20:00:00,14.9,0.375155
2023-10-09 21:00:00,15.0,0.3135725
2023-10-09 22:00:00,14.6,0.2984
2023-10-09 23:00:00,14.8,0.289713
2023-10-10 00:00:00,14.7,0.27936
2023-10-10 01:00:00,14.4,0.275314
2023-10-10 02:00:00,14.2,0.274481
2023-10-10 03:00:00,14.3,0.2740288
2023-10-10 04:00:00,14.3,0.2714941
2023-10-10 05:00:00,14.2,0.2873449
2023-10-10 06:00:00,14.1,0.3103
2023-10-10 07:00:00,14.2,0.3958848
2023-10-10 08:00:00,14.7,0.3919697
2023-10-10 09:00:00,15.5,0.312799
2023-10-10 10:00:00,16.5,0.293878
2023-10-10 11:00:00,16.7,0.2805262
2023-10-10 12:00:00,18.0,0.2706135
2023-10-10 13:00:00,18.7,0.2618551
2023-10-10 14:00:00,19.6,0.2643898
2023-10-10 15:00:00,21.0,0.2646278
2023-10-10 16:00:00,21.4,0.273648
2023-10-10 17:00:00,20.5,0.2952584
2023-10-10 18:00:00,19.3,0.3072298
2023-10-10 19:00:00,18.5,0.3213313
2023-10-10 20:00:00,17.9,0.2802882
2023-10-10 21:00:00,17.7,0.2588206
2023-10-10 22:00:00,18.1,0.2610935
2023-10-10 23:00:00,17.7,0.237591
2023-10-11 00:00:00,18.1,0.2308675
2023-10-11 01:00:00,18.1,0.1866114
2023-10-11 02:00:00,17.7,0.1649415
2023-10-11 03:00:00,18.4,0.1583489
2023-10-11 04:00:00,18.4,0.1594794
2023-10-11 05:00:00,17.9,0.1675
2023-10-11 06:00:00,17.4,0.2509547
2023-10-11 07:00:00,17.8,0.3069204
2023-10-11 08:00:00,17.5,0.3077772
2023-10-11 09:00:00,18.3,0.2780986
2023-10-11 10:00:00,19.0,0.2151119
2023-10-11 11:00:00,19.8,0.1568495
2023-10-11 12:00:00,21.1,0.1556
2023-10-11 13:00:00,21.6,0.1555286
2023-10-11 14:00:00,20.8,0.1555524
2023-10-11 15:00:00,20.6,0.1556714
2023-10-11 16:00:00,19.2,0.2243582
2023-10-11 17:00:00,18.4,0.2772537
2023-10-11 18:00:00,17.6,0.3076701
2023-10-11 19:00:00,16.8,0.3128466
2023-10-11 20:00:00,16.5,0.3014345
2023-10-11 21:00:00,16.2,0.2769205
2023-10-11 22:00:00,17.1,0.2732434
2023-10-11 23:00:00,19.2,0.2626048
2023-10-12 00:00:00,18.7,0.2487889
2023-10-12 01:00:00,18.2,0.2543105
2023-10-12 02:00:00,17.6,0.2552387
2023-10-12 03:00:00,15.6,0.2601058
2023-10-12 04:00:00,15.1,0.2615576
2023-10-12 05:00:00,14.1,0.277694
2023-10-12 06:00:00,13.7,0.306135
2023-10-12 07:00:00,12.2,0.3136796
2023-10-12 08:00:00,12.2,0.3321841
2023-10-12 09:00:00,12.2,0.3194392
2023-10-12 10:00:00,12.4,0.311371
2023-10-12 11:00:00,13.6,0.3042786
2023-10-12 12:00:00,14.1,0.2877852
2023-10-12 13:00:00,14.6,0.2797051
2023-10-12 14:00:00,13.4,0.2845722
2023-10-12 15:00:00,13.4,0.2984
2023-10-12 16:00:00,13.6,0.3051949
2023-10-12 17:00:00,13.3,0.32815
2023-10-12 18:00:00,13.2,0.357781
2023-10-12 19:00:00,13.1,0.4185781
2023-10-12 20:00:00,13.0,0.3356113
2023-10-12 21:00:00,13.2,0.3095384
2023-10-12 22:00:00,13.0,0.302565
2023-10-12 23:00:00,13.5,0.2863096
2023-10-13 00:00:00,13.8,0.3031481
2023-10-13 01:00:00,14.6,0.29245
2023-10-13 02:00:00,15.5,0.2830966
2023-10-13 03:00:00,15.9,0.276266
2023-10-13 04:00:00,16.4,0.2746952
2023-10-13 05:00:00,16.1,0.2689475
2023-10-13 06:00:00,15.9,0.3096217
2023-10-13 07:00:00,16.3,0.3263055
2023-10-13 08:00:00,16.5,0.3284475
2023-10-13 09:00:00,16.5,0.3127395
2023-10-13 10:00:00,17.8,0.27341
2023-10-13 11:00:00,18.8,0.2413038
2023-10-13 12:00:00,20.4,0.1965955
2023-10-13 13:00:00,21.9,0.164287
2023-10-13 14:00:00,22.6,0.1607289
2023-10-13 15:00:00,23.1,0.1606456
2023-10-13 16:00:00,23.9,0.1675
2023-10-13 17:00:00,23.1,0.2109112
2023-10-13 18:00:00,22.5,0.2439337
2023-10-13 19:00:00,22.3,0.246397
2023-10-13 20:00:00,20.3,0.1745686
2023-10-13 21:00:00,20.2,0.1616095
2023-10-13 22:00:00,19.2,0.155838
2023-10-13 23:00:00,17.8,0.1546361
2023-10-14 00:00:00,17.4,0.1554929
2023-10-14 01:00:00,18.4,0.1533747
2023-10-14 02:00:00,19.2,0.1538269
2023-10-14 03:00:00,15.1,0.1535532
2023-10-14 04:00:00,12.5,0.1529701
2023-10-14 05:00:00,12.4,0.1531248
2023-10-14 06:00:00,11.7,0.1544576
2023-10-14 07:00:00,11.2,0.1555762
2023-10-14 08:00:00,11.2,0.1664171
2023-10-14 09:00:00,11.9,0.180114
2023-10-14 10:00:00,12.8,0.1568852
2023-10-14 11:00:00,13.7,0.1555405
2023-10-14 12:00:00,13.7,0.1544814
2023-10-14 13:00:00,13.7,0.1543029
2023-10-14 14:00:00,15.0,0.1539459
2023-10-14 15:00:00,11.3,0.1555048
2023-10-14 16:00:00,11.9,0.156314
2023-10-14 17:00:00,11.0,0.2355561
2023-10-14 18:00:00,9.6,0.295901
2023-10-14 19:00:00,9.7,0.3102643
2023-10-14 20:00:00,8.9,0.2709229
2023-10-14 21:00:00,8.4,0.2575592
2023-10-14 22:00:00,8.4,0.2443621
2023-10-14 23:00:00,8.1,0.2116014
2023-10-15 00:00:00,7.9,0.1730573
2023-10-15 01:00:00,7.8,0.1638824
2023-10-15 02:00:00,7.3,0.1624901
2023-10-15 03:00:00,7.5,0.1663814
2023-10-15 04:00:00,7.2,0.1624068
2023-10-15 05:00:00,7.1,0.1646797
2023-10-15 06:00:00,7.2,0.1625972
2023-10-15 07:00:00,6.5,0.1809946
2023-10-15 08:00:00,6.9,0.1848502
2023-10-15 09:00:00,7.9,0.192371
2023-10-15 10:00:00,8.2,0.1616333
2023-10-15 11:00:00,8.7,0.1556476
2023-10-15 12:00:00,9.0,0.1554929
2023-10-15 13:00:00,9.1,0.15441
2023-10-15 14:00:00,9.4,0.1535056
2023-10-15 15:00:00,10.2,0.1553263
2023-10-15 16:00:00,9.6,0.1568376
2023-10-15 17:00:00,9.0,0.251752
2023-10-15 18:00:00,7.1,0.322081
2023-10-15 19:00:00,6.9,0.3162262
2023-10-15 20:00:00,6.5,0.3129894
2023-10-15 21:00:00,6.2,0.2924857
2023-10-15 22:00:00,6.2,0.2947824
2023-10-15 23:00:00,6.0,0.2689832
2023-10-16 00:00:00,5.7,0.2789078
2023-10-16 01:00:00,5.4,0.2710657
2023-10-16 02:00:00,5.4,0.2726603
2023-10-16 03:00:00,5.4,0.2705897
2023-10-16 04:00:00,5.0,0.2679717
2023-10-16 05:00:00,5.0,0.2725413
2023-10-16 06:00:00,5.4,0.3216764
2023-10-16 07:00:00,5.4,0.3452503
2023-10-16 08:00:00,6.0,0.3528068
2023-10-16 09:00:00,7.3,0.3394431
2023-10-16 10:00:00,8.4,0.3007324
2023-10-16 11:00:00,9.2,0.2946158
2023-10-16 12:00:00,9.8,0.2910101
2023-10-16 13:00:00,9.7,0.2820375
2023-10-16 14:00:00,11.3,0.2858931
2023-10-16 15:00:00,10.1,0.2945325
2023-10-16 16:00:00,9.7,0.3209624
2023-10-16 17:00:00,9.3,0.3541277
2023-10-16 18:00:00,8.8,0.4067614
2023-10-16 19:00:00,8.1,0.4412
2023-10-16 20:00:00,6.2,0.3459286
2023-10-16 21:00:00,6.0,0.3281619
2023-10-16 22:00:00,6.2,0.316488
2023-10-16 23:00:00,5.2,0.2974718
2023-10-17 00:00:00,4.9,0.3074202
2023-10-17 01:00:00,4.6,0.2913076
2023-10-17 02:00:00,3.9,0.2845722
2023-10-17 03:00:00,3.4,0.281145
2023-10-17 04:00:00,2.2,0.2871783
2023-10-17 05:00:00,1.3,0.3007324
2023-10-17 06:00:00,0.8,0.3343975
2023-10-17 07:00:00,0.8,0.35195
2023-10-17 08:00:00,1.7,0.3829852
2023-10-17 09:00:00,3.4,0.345286
2023-10-17 10:00:00,4.9,0.3162262
2023-10-17 11:00:00,6.2,0.2908673
2023-10-17 12:00:00,6.7,0.2852029
2023-10-17 13:00:00,7.1,0.2746952
2023-10-17 14:00:00,8.2,0.272696
2023-10-17 15:00:00,8.0,0.2840605
2023-10-17 16:00:00,8.8,0.3084198
2023-10-17 17:00:00,8.1,0.3378128
2023-10-17 18:00:00,6.7,0.3530448
2023-10-17 19:00:00,4.5,0.3512955
2023-10-17 20:00:00,3.2,0.3102643
2023-10-17 21:00:00,3.2,0.313751
2023-10-17 22:00:00,3.8,0.3055757
2023-10-17 23:00:00,3.5,0.2798598
2023-10-18 00:00:00,2.8,0.2622002
2023-10-18 01:00:00,2.0,0.2615814
2023-10-18 02:00:00,2.0,0.2607484
2023-10-18 03:00:00,1.9,0.2620812
2023-10-18 04:00:00,1.6,0.2650681
2023-10-18 05:00:00,1.1,0.2716964
2023-10-18 06:00:00,0.7,0.31506
2023-10-18 07:00:00,0.0,0.3542229
2023-10-18 08:00:00,2.2,0.3449765999999999
2023-10-18 09:00:00,4.0,0.3024579
2023-10-18 10:00:00,5.8,0.2627238
2023-10-18 11:00:00,7.7,0.2471348
2023-10-18 12:00:00,9.1,0.2390071
2023-10-18 13:00:00,10.3,0.23176
2023-10-18 14:00:00,10.7,0.2407921
2023-10-18 15:00:00,10.8,0.2627833
2023-10-18 16:00:00,10.5,0.2926404
2023-10-18 17:00:00,9.8,0.3115852
2023-10-18 18:00:00,9.2,0.2871426
2023-10-18 19:00:00,8.7,0.282811
2023-10-18 20:00:00,8.2,0.2708039
2023-10-18 21:00:00,8.2,0.2582851
2023-10-18 22:00:00,8.0,0.2463137
2023-10-18 23:00:00,8.1,0.2121012
2023-10-19 00:00:00,8.3,0.1864091
2023-10-19 01:00:00,7.6,0.1739855
2023-10-19 02:00:00,7.2,0.167619
2023-10-19 03:00:00,6.8,0.1652985
2023-10-19 04:00:00,6.9,0.1758419
2023-10-19 05:00:00,6.8,0.2066272
2023-10-19 06:00:00,6.9,0.2604033
2023-10-19 07:00:00,6.9,0.2838582
2023-10-19 08:00:00,7.0,0.3032909
2023-10-19 09:00:00,7.1,0.30673
2023-10-19 10:00:00,7.4,0.3016725
2023-10-19 11:00:00,7.9,0.3039216
2023-10-19 12:00:00,8.2,0.3041715
2023-10-19 13:00:00,8.3,0.2985309
2023-10-19 14:00:00,8.5,0.2979002
2023-10-19 15:00:00,8.0,0.3027078
2023-10-19 16:00:00,7.8,0.3139176
2023-10-19 17:00:00,7.5,0.319463
2023-10-19 18:00:00,7.3,0.3208553
2023-10-19 19:00:00,7.2,0.3199033
2023-10-19 20:00:00,7.1,0.2945801
2023-10-19 21:00:00,7.2,0.2683525
2023-10-19 22:00:00,7.3,0.27103
2023-10-19 23:00:00,7.3,0.255084
2023-10-20 00:00:00,7.3,0.2479321
2023-10-20 01:00:00,7.3,0.2313911
2023-10-20 02:00:00,7.2,0.216528
2023-10-20 03:00:00,7.2,0.1975713
2023-10-20 04:00:00,7.0,0.1830295
2023-10-20 05:00:00,7.0,0.2052825
2023-10-20 06:00:00,6.8,0.2468611
2023-10-20 07:00:00,6.7,0.2842628
2023-10-20 08:00:00,6.9,0.2977336
2023-10-20 09:00:00,7.0,0.3040644
2023-10-20 10:00:00,6.8,0.2927118
2023-10-20 11:00:00,6.7,0.2855004
2023-10-20 12:00:00,6.6,0.2754925
2023-10-20 13:00:00,6.4,0.2671744
2023-10-20 14:00:00,6.2,0.2660439
2023-10-20 15:00:00,6.2,0.2690189
2023-10-20 16:00:00,6.1,0.2734457
2023-10-20 17:00:00,6.1,0.284715
2023-10-20 18:00:00,6.2,0.2954726
2023-10-20 19:00:00,6.5,0.2987451
2023-10-20 20:00:00,6.8,0.2769086
2023-10-20 21:00:00,7.2,0.2542034
2023-10-20 22:00:00,7.4,0.2490269
2023-10-20 23:00:00,7.8,0.2227636
2023-10-21 00:00:00,8.2,0.218789
2023-10-21 01:00:00,8.2,0.1999513
2023-10-21 02:00:00,8.3,0.2028906
2023-10-21 03:00:00,8.3,0.1960005
2023-10-21 04:00:00,8.4,0.1998085
2023-10-21 05:00:00,8.5,0.1974166
2023-10-21 06:00:00,8.8,0.207603
2023-10-21 07:00:00,9.1,0.2349373
2023-10-21 08:00:00,9.6,0.2447905
2023-10-21 09:00:00,10.3,0.2254649
2023-10-21 10:00:00,11.0,0.2089477
2023-10-21 11:00:00,13.5,0.192609
2023-10-21 12:00:00,15.4,0.180352
2023-10-21 13:00:00,16.2,0.1675
2023-10-21 14:00:00,16.7,0.1713199
2023-10-21 15:00:00,16.8,0.1889557
2023-10-21 16:00:00,15.6,0.2559765
2023-10-21 17:00:00,15.2,0.2921763
2023-10-21 18:00:00,13.7,0.308396
2023-10-21 19:00:00,13.2,0.2921168
2023-10-21 20:00:00,12.7,0.2629499
2023-10-21 21:00:00,12.6,0.2191341
2023-10-21 22:00:00,11.8,0.2143027
2023-10-21 23:00:00,10.6,0.2033785
2023-10-22 00:00:00,10.7,0.2024503
2023-10-22 01:00:00,11.1,0.1917284
2023-10-22 02:00:00,11.0,0.1777459
2023-10-22 03:00:00,10.7,0.1741997
2023-10-22 04:00:00,10.9,0.1774365
2023-10-22 05:00:00,10.6,0.1964408
2023-10-22 06:00:00,11.0,0.1916094
2023-10-22 07:00:00,10.6,0.224858
2023-10-22 08:00:00,10.7,0.220455
2023-10-22 09:00:00,12.0,0.2303677
2023-10-22 10:00:00,12.8,0.2169802
2023-10-22 11:00:00,13.5,0.2134221
2023-10-22 12:00:00,14.2,0.2091381
2023-10-22 13:00:00,14.3,0.1903361
2023-10-22 14:00:00,14.6,0.1935134
2023-10-22 15:00:00,14.6,0.2166351
2023-10-22 16:00:00,14.5,0.2476108
2023-10-22 17:00:00,12.8,0.3053377
2023-10-22 18:00:00,12.4,0.3165951
2023-10-22 19:00:00,12.7,0.3210338
2023-10-22 20:00:00,12.1,0.3055995
2023-10-22 21:00:00,10.9,0.2894393
2023-10-22 22:00:00,9.7,0.2771942
2023-10-22 23:00:00,9.6,0.2706254
2023-10-23 00:00:00,9.6,0.2739574
2023-10-23 01:00:00,8.9,0.2746714
2023-10-23 02:00:00,8.7,0.2761232
2023-10-23 03:00:00,9.9,0.2747309
2023-10-23 04:00:00,10.5,0.2730887
2023-10-23 05:00:00,10.7,0.2810379
2023-10-23 06:00:00,10.7,0.325651
2023-10-23 07:00:00,10.3,0.366825
2023-10-23 08:00:00,9.2,0.3916841
2023-10-23 09:00:00,11.1,0.3360635
2023-10-23 10:00:00,11.8,0.3080033
2023-10-23 11:00:00,12.4,0.2853457
2023-10-23 12:00:00,14.1,0.2772894
2023-10-23 13:00:00,14.5,0.2784318
2023-10-23 14:00:00,14.5,0.28293
2023-10-23 15:00:00,15.0,0.3087768
2023-10-23 16:00:00,13.8,0.3206173
2023-10-23 17:00:00,12.4,0.3400143
2023-10-23 18:00:00,10.9,0.3521761
2023-10-23 19:00:00,10.7,0.341121
2023-10-23 20:00:00,10.9,0.3071227
2023-10-23 21:00:00,11.1,0.2793838
2023-10-23 22:00:00,11.2,0.2840605
2023-10-23 23:00:00,11.2,0.2659844
2023-10-24 00:00:00,11.7,0.2761827
2023-10-24 01:00:00,11.5,0.2712799
2023-10-24 02:00:00,11.3,0.2681026
2023-10-24 03:00:00,11.3,0.2620574
2023-10-24 04:00:00,11.3,0.2630213
2023-10-24 05:00:00,11.1,0.268412
2023-10-24 06:00:00,11.1,0.2765635
2023-10-24 07:00:00,11.2,0.2985428
2023-10-24 08:00:00,11.4,0.3111568
2023-10-24 09:00:00,12.3,0.3178565
2023-10-24 10:00:00,13.1,0.3083603
2023-10-24 11:00:00,13.5,0.30435
2023-10-24 12:00:00,13.9,0.2971981
2023-10-24 13:00:00,13.8,0.2895226
2023-10-24 14:00:00,13.8,0.292926
2023-10-24 15:00:00,13.6,0.3128823
2023-10-24 16:00:00,13.4,0.3093004
2023-10-24 17:00:00,12.9,0.3222
2023-10-24 18:00:00,12.4,0.3339453
2023-10-24 19:00:00,11.8,0.3389433
2023-10-24 20:00:00,11.3,0.3144055
2023-10-24 21:00:00,10.6,0.2975789
2023-10-24 22:00:00,9.2,0.291379
2023-10-24 23:00:00,9.3,0.2779082
2023-10-25 00:00:00,9.2,0.2734933
2023-10-25 01:00:00,9.1,0.2681264
2023-10-25 02:00:00,8.9,0.2620217
2023-10-25 03:00:00,9.0,0.2580114
2023-10-25 04:00:00,9.3,0.2633426
2023-10-25 05:00:00,9.3,0.2710181
2023-10-25 06:00:00,8.9,0.304945
2023-10-25 07:00:00,8.2,0.3342904
2023-10-25 08:00:00,7.9,0.3375153
2023-10-25 09:00:00,9.5,0.3227831
2023-10-25 10:00:00,10.9,0.3103238
2023-10-25 11:00:00,11.4,0.3043381
2023-10-25 12:00:00,12.1,0.2952822
2023-10-25 13:00:00,12.6,0.2931878
2023-10-25 14:00:00,12.0,0.3037193
2023-10-25 15:00:00,12.2,0.3199747
2023-10-25 16:00:00,12.0,0.3311369
2023-10-25 17:00:00,10.9,0.3385386999999999
2023-10-25 18:00:00,11.8,0.3395978
2023-10-25 19:00:00,10.7,0.3432749
2023-10-25 20:00:00,10.5,0.3187252
2023-10-25 21:00:00,10.5,0.3026245
2023-10-25 22:00:00,10.3,0.2984714
2023-10-25 23:00:00,10.1,0.289832
2023-10-26 00:00:00,10.1,0.2620812
2023-10-26 01:00:00,10.1,0.2625929
2023-10-26 02:00:00,10.0,0.2597131
2023-10-26 03:00:00,10.0,0.2591776
2023-10-26 04:00:00,9.8,0.2626048
2023-10-26 05:00:00,9.6,0.2746
2023-10-26 06:00:00,9.5,0.2949252
2023-10-26 07:00:00,9.3,0.3146554
2023-10-26 08:00:00,9.3,0.3267815
2023-10-26 09:00:00,9.4,0.33291
2023-10-26 10:00:00,9.6,0.3297803
2023-10-26 11:00:00,9.9,0.3222
2023-10-26 12:00:00,9.9,0.3116209
2023-10-26 13:00:00,9.9,0.2985071
2023-10-26 14:00:00,9.9,0.297924
2023-10-26 15:00:00,10.0,0.2984119
2023-10-26 16:00:00,10.0,0.3116566
2023-10-26 17:00:00,9.9,0.3256629
2023-10-26 18:00:00,9.8,0.3352305
2023-10-26 19:00:00,9.8,0.3352781
2023-10-26 20:00:00,9.8,0.3111568
2023-10-26 21:00:00,9.8,0.2972814
2023-10-26 22:00:00,9.6,0.2949014
2023-10-26 23:00:00,9.4,0.2803715
2023-10-27 00:00:00,9.3,0.2800264
2023-10-27 01:00:00,8.6,0.2714227
2023-10-27 02:00:00,8.0,0.2687809
2023-10-27 03:00:00,7.3,0.26865
2023-10-27 04:00:00,6.9,0.2735885
2023-10-27 05:00:00,7.2,0.2800502
2023-10-27 06:00:00,7.5,0.3015059
2023-10-27 07:00:00,7.7,0.3261032
2023-10-27 08:00:00,8.0,0.3395145
2023-10-27 09:00:00,8.6,0.337313
2023-10-27 10:00:00,9.3,0.3283761
2023-10-27 11:00:00,9.8,0.3201651
2023-10-27 12:00:00,10.0,0.3012441
2023-10-27 13:00:00,9.8,0.286262
2023-10-27 14:00:00,9.9,0.2764683
2023-10-27 15:00:00,9.8,0.2837392
2023-10-27 16:00:00,9.9,0.3060279
2023-10-27 17:00:00,9.8,0.3083484
2023-10-27 18:00:00,9.5,0.3219858
2023-10-27 19:00:00,9.6,0.3228426
2023-10-27 20:00:00,9.6,0.2994591
2023-10-27 21:00:00,9.6,0.2746595
2023-10-27 22:00:00,9.6,0.2708396
2023-10-27 23:00:00,9.5,0.267103
2023-10-28 00:00:00,9.5,0.256274
2023-10-28 01:00:00,9.5,0.2372459
2023-10-28 02:00:00,9.5,0.2324621
2023-10-28 03:00:00,9.5,0.22105
2023-10-28 04:00:00,9.6,0.2276069
2023-10-28 05:00:00,9.5,0.2377219
2023-10-28 06:00:00,9.7,0.2346993
2023-10-28 07:00:00,9.8,0.250681
2023-10-28 08:00:00,9.8,0.2635211
2023-10-28 09:00:00,10.0,0.262105
2023-10-28 10:00:00,10.3,0.2591419
2023-10-28 11:00:00,10.7,0.2386501
2023-10-28 12:00:00,11.7,0.2387334
2023-10-28 13:00:00,12.9,0.236401
2023-10-28 14:00:00,11.9,0.2435529
2023-10-28 15:00:00,12.0,0.25913
2023-10-28 16:00:00,12.6,0.2889038
2023-10-28 17:00:00,11.4,0.321962
2023-10-28 18:00:00,10.6,0.3328624
2023-10-28 19:00:00,10.2,0.2970077
2023-10-28 20:00:00,9.7,0.2631165
2023-10-28 21:00:00,9.7,0.2549769
2023-10-28 22:00:00,9.4,0.2454212
2023-10-28 23:00:00,9.6,0.2121012
2023-10-29 00:00:00,10.7,0.1723195
2023-10-29 01:00:00,10.7,0.1567424
2023-10-29 02:00:00,10.9,0.1556119
2023-10-29 03:00:00,11.5,0.1553144
2023-10-29 04:00:00,12.4,0.1552668
2023-10-29 05:00:00,13.2,0.1551359
2023-10-29 06:00:00,13.5,0.1551716
2023-10-29 07:00:00,13.5,0.1555167
2023-10-29 08:00:00,13.6,0.1556119
2023-10-29 09:00:00,14.0,0.1556
2023-10-29 10:00:00,15.3,0.1553501
2023-10-29 11:00:00,16.1,0.1555048
2023-10-29 12:00:00,15.9,0.1555643
2023-10-29 13:00:00,15.8,0.1563259
2023-10-29 14:00:00,15.4,0.1675357
2023-10-29 15:00:00,15.4,0.2032357
2023-10-29 16:00:00,14.6,0.2471348
2023-10-29 17:00:00,14.2,0.255441
2023-10-29 18:00:00,14.1,0.2472062
2023-10-29 19:00:00,14.0,0.2357703
2023-10-29 20:00:00,13.5,0.2295704
2023-10-29 21:00:00,13.9,0.2198838
2023-10-29 22:00:00,14.0,0.2174086
2023-10-29 23:00:00,13.6,0.2013079
2023-10-30 00:00:00,12.9,0.16512
2023-10-30 01:00:00,12.5,0.1653223
2023-10-30 02:00:00,12.2,0.1655484
2023-10-30 03:00:00,12.2,0.1675238
2023-10-30 04:00:00,11.9,0.1731882
2023-10-30 05:00:00,11.6,0.1855404
2023-10-30 06:00:00,11.5,0.2511451
2023-10-30 07:00:00,11.5,0.2816328999999999
2023-10-30 08:00:00,11.9,0.28769
2023-10-30 09:00:00,12.7,0.27817
2023-10-30 10:00:00,14.2,0.2627
2023-10-30 11:00:00,14.8,0.2700423
2023-10-30 12:00:00,15.7,0.2776226
2023-10-30 13:00:00,15.4,0.2919978
2023-10-30 14:00:00,15.4,0.3031362
2023-10-30 15:00:00,14.7,0.3215455
2023-10-30 16:00:00,13.7,0.3280667
2023-10-30 17:00:00,13.6,0.3529496
2023-10-30 18:00:00,13.6,0.35909
2023-10-30 19:00:00,12.6,0.335409
2023-10-30 20:00:00,12.5,0.3091338
2023-10-30 21:00:00,12.0,0.2951513
2023-10-30 22:00:00,11.8,0.2903794
2023-10-30 23:00:00,11.6,0.269126
2023-10-31 00:00:00,11.8,0.2579995
2023-10-31 01:00:00,11.9,0.249848
2023-10-31 02:00:00,12.3,0.2412324
2023-10-31 03:00:00,12.4,0.232712
2023-10-31 04:00:00,12.5,0.2293443
2023-10-31 05:00:00,11.2,0.2386263
2023-10-31 06:00:00,10.5,0.2608912
2023-10-31 07:00:00,10.6,0.2833941
2023-10-31 08:00:00,10.6,0.2841438
2023-10-31 09:00:00,10.8,0.275195
2023-10-31 10:00:00,10.4,0.26627
2023-10-31 11:00:00,10.8,0.2769205
2023-10-31 12:00:00,11.5,0.2763731
2023-10-31 13:00:00,11.7,0.2719463
2023-10-31 14:00:00,11.9,0.2805143
2023-10-31 15:00:00,11.2,0.2954369
2023-10-31 16:00:00,10.6,0.3163809
2023-10-31 17:00:00,9.3,0.3481539
2023-10-31 18:00:00,9.2,0.3603276
2023-10-31 19:00:00,8.9,0.3375748
2023-10-31 20:00:00,8.5,0.3053972
2023-10-31 21:00:00,8.4,0.2935448
2023-10-31 22:00:00,8.4,0.2804548
2023-10-31 23:00:00,8.6,0.2690903
2023-11-01 00:00:00,8.5,0.2333903
2023-11-01 01:00:00,8.6,0.2336402
2023-11-01 02:00:00,9.1,0.2279401
2023-11-01 03:00:00,9.8,0.2278806
2023-11-01 04:00:00,9.8,0.2257386
2023-11-01 05:00:00,10.0,0.2341876
2023-11-01 06:00:00,10.2,0.2495743
2023-11-01 07:00:00,10.4,0.2574164
2023-11-01 08:00:00,10.7,0.2600463
2023-11-01 09:00:00,11.0,0.2379837
2023-11-01 10:00:00,11.3,0.22581
2023-11-01 11:00:00,12.9,0.216766
2023-11-01 12:00:00,13.6,0.2122916
2023-11-01 13:00:00,14.1,0.2174681
2023-11-01 14:00:00,14.5,0.2318433
2023-11-01 15:00:00,14.1,0.2515735
2023-11-01 16:00:00,13.7,0.2495743
2023-11-01 17:00:00,13.2,0.2566905
2023-11-01 18:00:00,13.3,0.250205
2023-11-01 19:00:00,13.2,0.2348183
2023-11-01 20:00:00,12.9,0.2188485
2023-11-01 21:00:00,12.6,0.2026169
2023-11-01 22:00:00,12.9,0.1962623
2023-11-01 23:00:00,12.2,0.1779244
2023-11-02 00:00:00,11.8,0.181066
2023-11-02 01:00:00,11.1,0.1757943
2023-11-02 02:00:00,10.6,0.1739022
2023-11-02 03:00:00,10.5,0.1715579
2023-11-02 04:00:00,10.0,0.1728431
2023-11-02 05:00:00,9.5,0.1823988
2023-11-02 06:00:00,10.3,0.2383883
2023-11-02 07:00:00,10.9,0.2448619
2023-11-02 08:00:00,10.9,0.2488008
2023-11-02 09:00:00,12.5,0.2379004
2023-11-02 10:00:00,12.4,0.2270952
2023-11-02 11:00:00,12.9,0.2287017
2023-11-02 12:00:00,13.5,0.227476
2023-11-02 13:00:00,13.5,0.2262384
2023-11-02 14:00:00,13.7,0.238305
2023-11-02 15:00:00,14.1,0.2461352
2023-11-02 16:00:00,13.9,0.2501217
2023-11-02 17:00:00,13.4,0.2594394
2023-11-02 18:00:00,13.2,0.2721605
2023-11-02 19:00:00,12.8,0.2672696
2023-11-02 20:00:00,12.2,0.2600344
2023-11-02 21:00:00,12.4,0.2459805
2023-11-02 22:00:00,11.9,0.2416013
2023-11-02 23:00:00,11.5,0.2234776
2023-11-03 00:00:00,10.9,0.1736523
2023-11-03 01:00:00,10.2,0.1692493
2023-11-03 02:00:00,9.6,0.1675
2023-11-03 03:00:00,9.3,0.1624187
2023-11-03 04:00:00,8.8,0.1671787
2023-11-03 05:00:00,8.8,0.183684
2023-11-03 06:00:00,8.5,0.2288802
2023-11-03 07:00:00,9.6,0.262462
2023-11-03 08:00:00,9.8,0.2686738
2023-11-03 09:00:00,10.5,0.2622121
2023-11-03 10:00:00,11.5,0.2541201
2023-11-03 11:00:00,11.2,0.2405184
2023-11-03 12:00:00,11.4,0.2289873
2023-11-03 13:00:00,11.7,0.2278449
2023-11-03 14:00:00,11.6,0.2326168
2023-11-03 15:00:00,11.4,0.2377338
2023-11-03 16:00:00,10.5,0.2531205
2023-11-03 17:00:00,9.8,0.26032
2023-11-03 18:00:00,9.2,0.2618075
2023-11-03 19:00:00,9.3,0.2605937
2023-11-03 20:00:00,8.9,0.2377933
2023-11-03 21:00:00,8.7,0.2188247
2023-11-03 22:00:00,8.2,0.2097807
2023-11-03 23:00:00,7.6,0.1801497
2023-11-04 00:00:00,6.9,0.2100068
2023-11-04 01:00:00,6.5,0.1937514
2023-11-04 02:00:00,6.3,0.1913
2023-11-04 03:00:00,6.1,0.1817919
2023-11-04 04:00:00,5.9,0.1784361
2023-11-04 05:00:00,6.6,0.173926
2023-11-04 06:00:00,6.3,0.1747947
2023-11-04 07:00:00,6.9,0.1854452
2023-11-04 08:00:00,7.8,0.1863615
2023-11-04 09:00:00,9.0,0.1794
2023-11-04 10:00:00,10.2,0.1722005
2023-11-04 11:00:00,10.0,0.173688
2023-11-04 12:00:00,10.7,0.1794
2023-11-04 13:00:00,10.3,0.1807566
2023-11-04 14:00:00,10.1,0.1922401
2023-11-04 15:00:00,10.2,0.2064011
2023-11-04 16:00:00,9.6,0.2032
2023-11-04 17:00:00,8.7,0.2136244
2023-11-04 18:00:00,8.5,0.2032
2023-11-04 19:00:00,9.0,0.1908359
2023-11-04 20:00:00,8.9,0.1708558
2023-11-04 21:00:00,8.8,0.167976
2023-11-04 22:00:00,9.2,0.1695587
2023-11-04 23:00:00,9.0,0.1639895
2023-11-05 00:00:00,8.9,0.1659649
2023-11-05 01:00:00,8.8,0.1634421
2023-11-05 02:00:00,9.7,0.1617642
2023-11-05 03:00:00,10.1,0.1591462
2023-11-05 04:00:00,9.7,0.1606456
2023-11-05 05:00:00,9.7,0.1651081
2023-11-05 06:00:00,9.5,0.1642751
2023-11-05 07:00:00,9.2,0.1690351
2023-11-05 08:00:00,9.6,0.1741402
2023-11-05 09:00:00,10.5,0.1841838
2023-11-05 10:00:00,11.2,0.2120893
2023-11-05 11:00:00,12.2,0.2132674
2023-11-05 12:00:00,13.2,0.2082932
2023-11-05 13:00:00,12.7,0.190943
2023-11-05 14:00:00,12.4,0.2009985
2023-11-05 15:00:00,11.2,0.2236442
2023-11-05 16:00:00,10.5,0.2306771
2023-11-05 17:00:00,10.5,0.2447905
2023-11-05 18:00:00,10.4,0.2420773
2023-11-05 19:00:00,10.5,0.2260123
2023-11-05 20:00:00,10.5,0.2109112
2023-11-05 21:00:00,10.5,0.1804115
2023-11-05 22:00:00,9.7,0.1744496
2023-11-05 23:00:00,9.9,0.1623949
2023-11-06 00:00:00,10.2,0.1588844
2023-11-06 01:00:00,9.8,0.1557309
2023-11-06 02:00:00,9.7,0.1556357
2023-11-06 03:00:00,10.2,0.1557666
2023-11-06 04:00:00,9.9,0.160717
2023-11-06 05:00:00,9.8,0.1757467
2023-11-06 06:00:00,10.1,0.2419583
2023-11-06 07:00:00,10.1,0.2693164
2023-11-06 08:00:00,10.1,0.2697567
2023-11-06 09:00:00,10.7,0.2447667
2023-11-06 10:00:00,10.8,0.2271666
2023-11-06 11:00:00,11.6,0.2225851
2023-11-06 12:00:00,12.6,0.2246795
2023-11-06 13:00:00,12.2,0.2353062
2023-11-06 14:00:00,12.8,0.2511451
2023-11-06 15:00:00,11.9,0.2746952
2023-11-06 16:00:00,10.6,0.2890823
2023-11-06 17:00:00,10.6,0.3194272999999999
2023-11-06 18:00:00,10.9,0.3352186
2023-11-06 19:00:00,9.8,0.3216288
2023-11-06 20:00:00,9.4,0.2878328
2023-11-06 21:00:00,9.0,0.2813473
2023-11-06 22:00:00,8.8,0.2735052
2023-11-06 23:00:00,9.2,0.2600106
2023-11-07 00:00:00,9.1,0.249491
2023-11-07 01:00:00,8.7,0.246397
2023-11-07 02:00:00,9.1,0.239852
2023-11-07 03:00:00,9.3,0.2365319
2023-11-07 04:00:00,9.2,0.2391975
2023-11-07 05:00:00,9.4,0.2547865
2023-11-07 06:00:00,10.1,0.2761232
2023-11-07 07:00:00,9.8,0.3137391
2023-11-07 08:00:00,10.2,0.3174995
2023-11-07 09:00:00,10.8,0.2923667
2023-11-07 10:00:00,11.1,0.2739455
2023-11-07 11:00:00,11.4,0.2615457
2023-11-07 12:00:00,11.9,0.2581899
2023-11-07 13:00:00,10.8,0.2612601
2023-11-07 14:00:00,10.0,0.2716131
2023-11-07 15:00:00,10.0,0.2842033
2023-11-07 16:00:00,8.9,0.289951
2023-11-07 17:00:00,9.1,0.3184396
2023-11-07 18:00:00,8.5,0.3333622
2023-11-07 19:00:00,8.2,0.3131798
2023-11-07 20:00:00,7.7,0.2802168
2023-11-07 21:00:00,7.4,0.2662462
2023-11-07 22:00:00,8.2,0.2611411
2023-11-07 23:00:00,8.0,0.2438623
2023-11-08 00:00:00,8.6,0.239614
2023-11-08 01:00:00,9.0,0.2439218
2023-11-08 02:00:00,8.7,0.2350087
2023-11-08 03:00:00,8.6,0.2293562
2023-11-08 04:00:00,8.5,0.2350444
2023-11-08 05:00:00,8.4,0.2448619
2023-11-08 06:00:00,8.4,0.256155
2023-11-08 07:00:00,8.8,0.2836678
2023-11-08 08:00:00,9.0,0.2882493
2023-11-08 09:00:00,9.4,0.2669483
2023-11-08 10:00:00,9.8,0.2564644
2023-11-08 11:00:00,9.9,0.2494315
2023-11-08 12:00:00,10.9,0.2456949
2023-11-08 13:00:00,11.2,0.2461352
2023-11-08 14:00:00,11.4,0.2545485
2023-11-08 15:00:00,11.1,0.2810498
2023-11-08 16:00:00,10.4,0.2946039
2023-11-08 17:00:00,10.3,0.2972576
2023-11-08 18:00:00,10.2,0.3068371
2023-11-08 19:00:00,10.3,0.2995305
2023-11-08 20:00:00,10.0,0.2859169
2023-11-08 21:00:00,9.9,0.2660915
2023-11-08 22:00:00,8.9,0.2543581
2023-11-08 23:00:00,9.4,0.236163
2023-11-09 00:00:00,9.4,0.2411967
2023-11-09 01:00:00,9.1,0.2369127
2023-11-09 02:00:00,8.9,0.2389476
2023-11-09 03:00:00,9.1,0.242232
2023-11-09 04:00:00,9.1,0.2441836
2023-11-09 05:00:00,9.2,0.2551197
2023-11-09 06:00:00,9.3,0.2860359
2023-11-09 07:00:00,9.5,0.2984714
2023-11-09 08:00:00,9.5,0.2998518
2023-11-09 09:00:00,10.1,0.2861310999999999
2023-11-09 10:00:00,9.8,0.2746952
2023-11-09 11:00:00,9.8,0.26865
2023-11-09 12:00:00,9.6,0.2628904
2023-11-09 13:00:00,10.2,0.2654608
2023-11-09 14:00:00,10.1,0.2753259
2023-11-09 15:00:00,9.7,0.2943659
2023-11-09 16:00:00,9.3,0.3067419
2023-11-09 17:00:00,9.2,0.312442
2023-11-09 18:00:00,9.0,0.3086102
2023-11-09 19:00:00,8.8,0.2890228
2023-11-09 20:00:00,8.7,0.2698519
2023-11-09 21:00:00,9.0,0.2541082
2023-11-09 22:00:00,8.9,0.2556076
2023-11-09 23:00:00,9.3,0.2440884
2023-11-10 00:00:00,7.6,0.231879
2023-11-10 01:00:00,7.7,0.2266787
2023-11-10 02:00:00,7.7,0.2195506
2023-11-10 03:00:00,7.1,0.2131484
2023-11-10 04:00:00,7.2,0.2151
2023-11-10 05:00:00,7.3,0.2350682
2023-11-10 06:00:00,7.0,0.2557742
2023-11-10 07:00:00,7.1,0.2825254
2023-11-10 08:00:00,7.7,0.29007
2023-11-10 09:00:00,7.9,0.2846912
2023-11-10 10:00:00,8.5,0.2716369
2023-11-10 11:00:00,9.0,0.2626048
2023-11-10 12:00:00,9.5,0.2565358
2023-11-10 13:00:00,10.4,0.2591062
2023-11-10 14:00:00,9.9,0.2697805
2023-11-10 15:00:00,9.9,0.2888562
2023-11-10 16:00:00,9.4,0.30435
2023-11-10 17:00:00,9.1,0.317559
2023-11-10 18:00:00,8.8,0.316369
2023-11-10 19:00:00,8.5,0.3026602
2023-11-10 20:00:00,8.1,0.2899867
2023-11-10 21:00:00,7.8,0.280669
2023-11-10 22:00:00,8.0,0.2793243
2023-11-10 23:00:00,7.7,0.266508
2023-11-11 00:00:00,7.8,0.259487
2023-11-11 01:00:00,7.6,0.2578091
2023-11-11 02:00:00,7.3,0.2577972
2023-11-11 03:00:00,6.7,0.2546199
2023-11-11 04:00:00,6.7,0.2540249
2023-11-11 05:00:00,6.3,0.2572736
2023-11-11 06:00:00,5.8,0.258297
2023-11-11 07:00:00,6.1,0.26032
2023-11-11 08:00:00,6.6,0.26508
2023-11-11 09:00:00,6.6,0.2685191
2023-11-11 10:00:00,6.8,0.2642232
2023-11-11 11:00:00,7.2,0.2629618
2023-11-11 12:00:00,7.1,0.2602486
2023-11-11 13:00:00,6.4,0.260082
2023-11-11 14:00:00,5.9,0.264485
2023-11-11 15:00:00,5.9,0.2780153
2023-11-11 16:00:00,6.1,0.2933068
2023-11-11 17:00:00,6.2,0.3078962
2023-11-11 18:00:00,5.9,0.3171544
2023-11-11 19:00:00,6.7,0.3037193
2023-11-11 20:00:00,6.8,0.2906769
2023-11-11 21:00:00,6.9,0.2776702
2023-11-11 22:00:00,6.8,0.2655322
2023-11-11 23:00:00,6.7,0.2596179
2023-11-12 00:00:00,6.6,0.2621526
2023-11-12 01:00:00,6.6,0.2571784
2023-11-12 02:00:00,6.2,0.2570475
2023-11-12 03:00:00,6.1,0.2547865
2023-11-12 04:00:00,6.2,0.2557147
2023-11-12 05:00:00,5.7,0.2589872
2023-11-12 06:00:00,5.6,0.2582256
2023-11-12 07:00:00,5.7,0.2586659
2023-11-12 08:00:00,6.1,0.2598678
2023-11-12 09:00:00,6.6,0.2624025
2023-11-12 10:00:00,7.1,0.2610459
2023-11-12 11:00:00,7.5,0.2587373
2023-11-12 12:00:00,8.1,0.2604271
2023-11-12 13:00:00,8.3,0.2615338
2023-11-12 14:00:00,8.3,0.2671625
2023-11-12 15:00:00,8.2,0.2859288
2023-11-12 16:00:00,7.8,0.3029339
2023-11-12 17:00:00,7.0,0.3201413
2023-11-12 18:00:00,6.3,0.3122515999999999
2023-11-12 19:00:00,5.9,0.3048379
2023-11-12 20:00:00,5.9,0.294592
2023-11-12 21:00:00,6.3,0.2833227
2023-11-12 22:00:00,5.8,0.2747666
2023-11-12 23:00:00,5.7,0.2603438
2023-11-13 00:00:00,5.0,0.2641994
2023-11-13 01:00:00,3.5,0.2589158
2023-11-13 02:00:00,3.3,0.25913
2023-11-13 03:00:00,3.1,0.2594275
2023-11-13 04:00:00,3.5,0.2618313
2023-11-13 05:00:00,3.0,0.2665794
2023-11-13 06:00:00,3.1,0.303755
2023-11-13 07:00:00,3.5,0.3246871
2023-11-13 08:00:00,4.3,0.3362301
2023-11-13 09:00:00,5.2,0.3139295
2023-11-13 10:00:00,7.0,0.3005182
2023-11-13 11:00:00,6.2,0.3019819
2023-11-13 12:00:00,6.5,0.2999946
2023-11-13 13:00:00,6.9,0.2905103
2023-11-13 14:00:00,7.1,0.2703636
2023-11-13 15:00:00,7.3,0.2594989
2023-11-13 16:00:00,8.0,0.2522042
2023-11-13 17:00:00,9.0,0.2535013
2023-11-13 18:00:00,9.7,0.2576187
2023-11-13 19:00:00,12.6,0.2523113
2023-11-13 20:00:00,12.6,0.2447786
2023-11-13 21:00:00,11.9,0.2286184
2023-11-13 22:00:00,12.1,0.2163733
2023-11-13 23:00:00,11.6,0.167619
2023-11-14 00:00:00,11.4,0.1675833
2023-11-14 01:00:00,11.7,0.1568495
2023-11-14 02:00:00,11.8,0.1555881
2023-11-14 03:00:00,11.7,0.1555048
2023-11-14 04:00:00,11.4,0.1555524
2023-11-14 05:00:00,11.2,0.1568376
2023-11-14 06:00:00,10.6,0.211054
2023-11-14 07:00:00,11.5,0.2471229
2023-11-14 08:00:00,11.7,0.2533823
2023-11-14 09:00:00,11.4,0.2482534
2023-11-14 10:00:00,11.7,0.2420178
2023-11-14 11:00:00,12.1,0.2422558
2023-11-14 12:00:00,12.6,0.2449214
2023-11-14 13:00:00,12.7,0.2449571
2023-11-14 14:00:00,12.2,0.2520019
2023-11-14 15:00:00,12.4,0.2627714
2023-11-14 16:00:00,12.1,0.263652
2023-11-14 17:00:00,11.8,0.2955559
2023-11-14 18:00:00,11.6,0.2981739
2023-11-14 19:00:00,11.3,0.2947824
2023-11-14 20:00:00,10.1,0.2751117
2023-11-14 21:00:00,9.7,0.2623906
2023-11-14 22:00:00,9.6,0.2616409
2023-11-14 23:00:00,9.4,0.257345
2023-11-15 00:00:00,9.3,0.252109
2023-11-15 01:00:00,9.4,0.2465398
2023-11-15 02:00:00,9.2,0.242351
2023-11-15 03:00:00,8.3,0.2397211
2023-11-15 04:00:00,7.8,0.2441955
2023-11-15 05:00:00,7.4,0.2535132
2023-11-15 06:00:00,7.4,0.2782652
2023-11-15 07:00:00,7.4,0.3021961
2023-11-15 08:00:00,7.9,0.3086221
2023-11-15 09:00:00,8.5,0.2999351
2023-11-15 10:00:00,9.0,0.2898082
2023-11-15 11:00:00,9.8,0.2744096
2023-11-15 12:00:00,9.6,0.2714584
2023-11-15 13:00:00,9.3,0.2758971
2023-11-15 14:00:00,9.7,0.2820613
2023-11-15 15:00:00,9.7,0.2998399
2023-11-15 16:00:00,8.7,0.3019224
2023-11-15 17:00:00,7.6,0.3077296
2023-11-15 18:00:00,8.2,0.310181
2023-11-15 19:00:00,8.4,0.2996852
2023-11-15 20:00:00,8.7,0.286619
2023-11-15 21:00:00,8.8,0.271625
2023-11-15 22:00:00,9.1,0.2646754
2023-11-15 23:00:00,9.2,0.2558099
2023-11-16 00:00:00,9.1,0.2572974
2023-11-16 01:00:00,9.0,0.2546675
2023-11-16 02:00:00,8.7,0.2449928
2023-11-16 03:00:00,8.6,0.2437314
2023-11-16 04:00:00,8.7,0.252109
2023-11-16 05:00:00,7.9,0.2591657
2023-11-16 06:00:00,7.6,0.2746714
2023-11-16 07:00:00,6.6,0.306611
2023-11-16 08:00:00,6.3,0.3102881
2023-11-16 09:00:00,7.1,0.3086221
2023-11-16 10:00:00,7.6,0.298519
2023-11-16 11:00:00,7.5,0.2943778
2023-11-16 12:00:00,7.4,0.3015297
2023-11-16 13:00:00,7.7,0.3122515999999999
2023-11-16 14:00:00,7.3,0.3303158
2023-11-16 15:00:00,6.2,0.344215
2023-11-16 16:00:00,4.4,0.3439056
2023-11-16 17:00:00,3.1,0.3726441
2023-11-16 18:00:00,2.4,0.3248894
2023-11-16 19:00:00,1.6,0.3046237
2023-11-16 20:00:00,2.3,0.2998042
2023-11-16 21:00:00,1.5,0.29245
2023-11-16 22:00:00,0.8,0.286738
2023-11-16 23:00:00,1.8,0.2756115
2023-11-17 00:00:00,1.5,0.28174
2023-11-17 01:00:00,1.0,0.2746
2023-11-17 02:00:00,1.1,0.2694235
2023-11-17 03:00:00,1.5,0.2659844
2023-11-17 04:00:00,1.7,0.269483
2023-11-17 05:00:00,2.2,0.278408
2023-11-17 06:00:00,2.9,0.2976265
2023-11-17 07:00:00,2.9,0.3115257
2023-11-17 08:00:00,3.5,0.3244848
2023-11-17 09:00:00,4.4,0.3159525
2023-11-17 10:00:00,4.9,0.3078129
2023-11-17 11:00:00,5.9,0.3045642
2023-11-17 12:00:00,7.2,0.297805
2023-11-17 13:00:00,7.1,0.28888
2023-11-17 14:00:00,7.3,0.3030529
2023-11-17 15:00:00,7.0,0.3102881
2023-11-17 16:00:00,6.5,0.3194035
2023-11-17 17:00:00,6.4,0.3297208
2023-11-17 18:00:00,6.3,0.333624
2023-11-17 19:00:00,4.7,0.32339
2023-11-17 20:00:00,4.6,0.3084079
2023-11-17 21:00:00,4.3,0.2987927
2023-11-17 22:00:00,4.5,0.2961866
2023-11-17 23:00:00,4.3,0.2887372
2023-11-18 00:00:00,2.4,0.2871664
2023-11-18 01:00:00,1.7,0.2714822
2023-11-18 02:00:00,0.4,0.2634259
2023-11-18 03:00:00,3.1,0.2578924
2023-11-18 04:00:00,3.8,0.2537512
2023-11-18 05:00:00,4.0,0.2537512
2023-11-18 06:00:00,4.3,0.2581661
2023-11-18 07:00:00,3.5,0.2651752
2023-11-18 08:00:00,4.1,0.2748499
2023-11-18 09:00:00,4.8,0.2714584
2023-11-18 10:00:00,5.6,0.2699352
2023-11-18 11:00:00,6.6,0.268888
2023-11-18 12:00:00,6.8,0.268293
2023-11-18 13:00:00,6.9,0.2686262
2023-11-18 14:00:00,6.8,0.2711014
2023-11-18 15:00:00,6.7,0.2717559
2023-11-18 16:00:00,6.0,0.2698162
2023-11-18 17:00:00,5.5,0.2806333
2023-11-18 18:00:00,5.6,0.2833346
2023-11-18 19:00:00,5.8,0.2641756
2023-11-18 20:00:00,5.6,0.254489
2023-11-18 21:00:00,5.8,0.2483962
2023-11-18 22:00:00,5.5,0.2433744
2023-11-18 23:00:00,5.6,0.2247509
2023-11-19 00:00:00,5.9,0.1783647
2023-11-19 01:00:00,6.9,0.1623473
2023-11-19 02:00:00,7.9,0.160479
2023-11-19 03:00:00,8.5,0.1557547
2023-11-19 04:00:00,9.5,0.1556833
2023-11-19 05:00:00,9.9,0.1557071
2023-11-19 06:00:00,11.8,0.1583727
2023-11-19 07:00:00,11.9,0.1622521
2023-11-19 08:00:00,11.9,0.1728431
2023-11-19 09:00:00,11.8,0.1779958
2023-11-19 10:00:00,12.4,0.1705821
2023-11-19 11:00:00,12.4,0.1706654
2023-11-19 12:00:00,12.5,0.1694873
2023-11-19 13:00:00,12.0,0.15679
2023-11-19 14:00:00,11.9,0.1741045
2023-11-19 15:00:00,11.6,0.2356989
2023-11-19 16:00:00,10.5,0.2519662
2023-11-19 17:00:00,10.6,0.2686738
2023-11-19 18:00:00,10.3,0.2800145
2023-11-19 19:00:00,10.5,0.2791458
2023-11-19 20:00:00,10.5,0.2610935
2023-11-19 21:00:00,10.5,0.2560122
2023-11-19 22:00:00,10.4,0.2603795
2023-11-19 23:00:00,10.3,0.2508595
2023-11-20 00:00:00,10.5,0.236877
2023-11-20 01:00:00,10.8,0.2301892
2023-11-20 02:00:00,11.1,0.2268929
2023-11-20 03:00:00,11.1,0.2270357
2023-11-20 04:00:00,11.0,0.2326644
2023-11-20 05:00:00,10.9,0.2513117
2023-11-20 06:00:00,10.8,0.2778725
2023-11-20 07:00:00,10.6,0.3080271
2023-11-20 08:00:00,10.7,0.3063373
2023-11-20 09:00:00,10.5,0.2965436
2023-11-20 10:00:00,10.4,0.2890942
2023-11-20 11:00:00,10.8,0.28174
2023-11-20 12:00:00,10.3,0.27817
2023-11-20 13:00:00,10.4,0.2912005
2023-11-20 14:00:00,10.6,0.2988165
2023-11-20 15:00:00,10.6,0.3088125
2023-11-20 16:00:00,10.2,0.3221167
2023-11-20 17:00:00,10.0,0.33053
2023-11-20 18:00:00,9.9,0.3221762
2023-11-20 19:00:00,9.5,0.3103833
2023-11-20 20:00:00,9.0,0.2984476
2023-11-20 21:00:00,8.4,0.2829419
2023-11-20 22:00:00,8.1,0.2841795
2023-11-20 23:00:00,7.8,0.2718154
2023-11-21 00:00:00,7.8,0.2778725
2023-11-21 01:00:00,7.6,0.272458
2023-11-21 02:00:00,7.5,0.2699828
2023-11-21 03:00:00,7.5,0.2640923
2023-11-21 04:00:00,7.5,0.2698876
2023-11-21 05:00:00,7.6,0.2759209
2023-11-21 06:00:00,7.6,0.2985785
2023-11-21 07:00:00,7.1,0.3175352
2023-11-21 08:00:00,6.4,0.3252821
2023-11-21 09:00:00,6.5,0.3188561
2023-11-21 10:00:00,6.6,0.31625
2023-11-21 11:00:00,6.7,0.316131
2023-11-21 12:00:00,6.7,0.3219501
2023-11-21 13:00:00,6.8,0.3219382
2023-11-21 14:00:00,6.6,0.3202603
2023-11-21 15:00:00,5.8,0.3226046
2023-11-21 16:00:00,5.5,0.3268648
2023-11-21 17:00:00,5.5,0.3304943
2023-11-21 18:00:00,5.4,0.3246752
2023-11-21 19:00:00,5.3,0.3130965
2023-11-21 20:00:00,4.5,0.3041001
2023-11-21 21:00:00,3.8,0.2871188
2023-11-21 22:00:00,3.6,0.2875829
2023-11-21 23:00:00,1.8,0.2722676
2023-11-22 00:00:00,1.4,0.27222
2023-11-22 01:00:00,0.6,0.2686619
2023-11-22 02:00:00,-0.1,0.2686619
2023-11-22 03:00:00,-0.2,0.26508
2023-11-22 04:00:00,0.4,0.2656631
2023-11-22 05:00:00,-0.3,0.2684953
2023-11-22 06:00:00,-0.9,0.2986023
2023-11-22 07:00:00,-0.7,0.3230687
2023-11-22 08:00:00,-0.9,0.3360516
2023-11-22 09:00:00,0.3,0.3118827
2023-11-22 10:00:00,1.2,0.2924857
2023-11-22 11:00:00,2.1,0.2789197
2023-11-22 12:00:00,2.4,0.2694711
2023-11-22 13:00:00,2.4,0.2775036
2023-11-22 14:00:00,2.1,0.2936281
2023-11-22 15:00:00,1.8,0.2982096
2023-11-22 16:00:00,2.1,0.30673
2023-11-22 17:00:00,2.3,0.313751
2023-11-22 18:00:00,2.3,0.3101691
2023-11-22 19:00:00,2.7,0.2969244
2023-11-22 20:00:00,3.5,0.2810498
2023-11-22 21:00:00,3.8,0.2623073
2023-11-22 22:00:00,4.6,0.2629499
2023-11-22 23:00:00,5.5,0.2446001
2023-11-23 00:00:00,6.1,0.2329143
2023-11-23 01:00:00,6.1,0.2103995
2023-11-23 02:00:00,6.0,0.2045328
2023-11-23 03:00:00,6.5,0.1914547
2023-11-23 04:00:00,6.9,0.1796142
2023-11-23 05:00:00,7.5,0.1943464
2023-11-23 06:00:00,7.9,0.2515378
2023-11-23 07:00:00,8.2,0.2912124
2023-11-23 08:00:00,8.7,0.2982453
2023-11-23 09:00:00,9.4,0.2627
2023-11-23 10:00:00,10.0,0.254251
2023-11-23 11:00:00,10.7,0.2434339
2023-11-23 12:00:00,11.4,0.2346993
2023-11-23 13:00:00,11.5,0.2388167
2023-11-23 14:00:00,11.6,0.2388643
2023-11-23 15:00:00,11.5,0.2430888
2023-11-23 16:00:00,10.9,0.2431721
2023-11-23 17:00:00,10.8,0.247944
2023-11-23 18:00:00,10.7,0.2433149
2023-11-23 19:00:00,10.3,0.2396497
2023-11-23 20:00:00,9.1,0.216171
2023-11-23 21:00:00,8.5,0.1891342
2023-11-23 22:00:00,8.4,0.1781624
2023-11-23 23:00:00,7.0,0.167262
2023-11-24 00:00:00,6.7,0.1573612
2023-11-24 01:00:00,6.3,0.155719
2023-11-24 02:00:00,5.8,0.1557428
2023-11-24 03:00:00,5.8,0.1560046
2023-11-24 04:00:00,5.5,0.1574445
2023-11-24 05:00:00,4.9,0.1932159
2023-11-24 06:00:00,4.4,0.2395307
2023-11-24 07:00:00,4.6,0.2677932
2023-11-24 08:00:00,4.6,0.2896892
2023-11-24 09:00:00,4.6,0.2674481
2023-11-24 10:00:00,4.9,0.2590705
2023-11-24 11:00:00,5.1,0.2501098
2023-11-24 12:00:00,5.5,0.2464327
2023-11-24 13:00:00,4.3,0.2406255
2023-11-24 14:00:00,4.7,0.2453022
2023-11-24 15:00:00,4.1,0.2476703
2023-11-24 16:00:00,3.4,0.2570356
2023-11-24 17:00:00,3.6,0.2638543
2023-11-24 18:00:00,3.4,0.2629975
2023-11-24 19:00:00,2.4,0.2582137
2023-11-24 20:00:00,2.1,0.252585
2023-11-24 21:00:00,2.1,0.2445406
2023-11-24 22:00:00,1.1,0.2478964
2023-11-24 23:00:00,0.7,0.2422796
2023-11-25 00:00:00,-0.1,0.2485032999999999
2023-11-25 01:00:00,-0.4,0.2436957
2023-11-25 02:00:00,0.3,0.2413633
2023-11-25 03:00:00,0.6,0.2408159
2023-11-25 04:00:00,1.1,0.2388881
2023-11-25 05:00:00,1.6,0.2438861
2023-11-25 06:00:00,2.1,0.2505739
2023-11-25 07:00:00,2.2,0.2592252
2023-11-25 08:00:00,2.3,0.2678051
2023-11-25 09:00:00,3.0,0.2647705999999999
2023-11-25 10:00:00,3.0,0.2617123
2023-11-25 11:00:00,3.6,0.2592014
2023-11-25 12:00:00,4.6,0.2565358
2023-11-25 13:00:00,5.2,0.2544533
2023-11-25 14:00:00,4.9,0.2628071
2023-11-25 15:00:00,3.9,0.2694354
2023-11-25 16:00:00,1.9,0.2923429
2023-11-25 17:00:00,1.8,0.3032789999999999
2023-11-25 18:00:00,1.7,0.306849
2023-11-25 19:00:00,1.5,0.306968
2023-11-25 20:00:00,0.6,0.2997447
2023-11-25 21:00:00,-0.6,0.2922477
2023-11-25 22:00:00,-1.1,0.292807
2023-11-25 23:00:00,-1.1,0.27817
2023-11-26 00:00:00,-1.5,0.287809
2023-11-26 01:00:00,-1.2,0.2814663
2023-11-26 02:00:00,-2.5,0.2777773
2023-11-26 03:00:00,-1.9,0.2747309
2023-11-26 04:00:00,-3.0,0.271268
2023-11-26 05:00:00,-2.0,0.271982
2023-11-26 06:00:00,-3.5,0.2743977
2023-11-26 07:00:00,-2.2,0.2806095
2023-11-26 08:00:00,-0.5,0.2897011
2023-11-26 09:00:00,0.2,0.295187
2023-11-26 10:00:00,1.1,0.2927951
2023-11-26 11:00:00,2.5,0.292093
2023-11-26 12:00:00,3.1,0.2905103
2023-11-26 13:00:00,3.6,0.2865238
2023-11-26 14:00:00,3.9,0.292569
2023-11-26 15:00:00,4.0,0.3022794
2023-11-26 16:00:00,4.2,0.3152385
2023-11-26 17:00:00,4.6,0.3267339
2023-11-26 18:00:00,4.7,0.3337073
2023-11-26 19:00:00,4.5,0.3266982
2023-11-26 20:00:00,4.6,0.3173329
2023-11-26 21:00:00,4.5,0.3012679
2023-11-26 22:00:00,4.6,0.2971981
2023-11-26 23:00:00,4.7,0.2775036
2023-11-27 00:00:00,4.6,0.2737194
2023-11-27 01:00:00,4.3,0.2675671
2023-11-27 02:00:00,4.3,0.262581
2023-11-27 03:00:00,4.2,0.2612958
2023-11-27 04:00:00,4.1,0.2602129
2023-11-27 05:00:00,4.2,0.2675671
2023-11-27 06:00:00,4.2,0.3007919
2023-11-27 07:00:00,3.9,0.3209148
2023-11-27 08:00:00,4.2,0.3281381
2023-11-27 09:00:00,4.4,0.3214979
2023-11-27 10:00:00,4.3,0.31982
2023-11-27 11:00:00,4.1,0.3185586
2023-11-27 12:00:00,3.4,0.3150243
2023-11-27 13:00:00,2.9,0.3134772999999999
2023-11-27 14:00:00,2.4,0.3103
2023-11-27 15:00:00,2.1,0.2998399
2023-11-27 16:00:00,2.1,0.2934734
2023-11-27 17:00:00,1.2,0.3037907
2023-11-27 18:00:00,0.5,0.3022318
2023-11-27 19:00:00,0.6,0.2949728
2023-11-27 20:00:00,0.4,0.2753259
2023-11-27 21:00:00,0.3,0.2680074
2023-11-27 22:00:00,0.0,0.268888
2023-11-27 23:00:00,0.1,0.2568214
2023-11-28 00:00:00,0.0,0.2481106
2023-11-28 01:00:00,-0.1,0.2394831
2023-11-28 02:00:00,-0.2,0.2358893
2023-11-28 03:00:00,-0.3,0.232355
2023-11-28 04:00:00,-0.6,0.2368651
2023-11-28 05:00:00,-0.9,0.2508714
2023-11-28 06:00:00,-1.4,0.2619146
2023-11-28 07:00:00,-1.9,0.2941398
2023-11-28 08:00:00,-2.2,0.3067657
2023-11-28 09:00:00,-1.3,0.3199152
2023-11-28 10:00:00,-1.0,0.321367
2023-11-28 11:00:00,-0.9,0.320415
2023-11-28 12:00:00,-0.4,0.316964
2023-11-28 13:00:00,-0.3,0.3194868
2023-11-28 14:00:00,-0.2,0.3270076
2023-11-28 15:00:00,-0.8,0.3341
2023-11-28 16:00:00,-0.8,0.3507719
2023-11-28 17:00:00,-1.1,0.3816762
2023-11-28 18:00:00,-1.7,0.36623
2023-11-28 19:00:00,-1.5,0.346238
2023-11-28 20:00:00,-1.9,0.3211528
2023-11-28 21:00:00,-2.0,0.3048855
2023-11-28 22:00:00,-1.7,0.2946396
2023-11-28 23:00:00,-1.4,0.2857979
2023-11-29 00:00:00,-1.0,0.2727317
2023-11-29 01:00:00,-1.3,0.2688523
2023-11-29 02:00:00,-0.7,0.2651157
2023-11-29 03:00:00,-0.5,0.2577972
2023-11-29 04:00:00,-0.3,0.2566429
2023-11-29 05:00:00,-0.1,0.269483
2023-11-29 06:00:00,-0.6,0.2779796
2023-11-29 07:00:00,-0.3,0.3133821
2023-11-29 08:00:00,-0.1,0.3333027
2023-11-29 09:00:00,0.3,0.3252345
2023-11-29 10:00:00,0.3,0.3147268
2023-11-29 11:00:00,0.4,0.3103
2023-11-29 12:00:00,0.6,0.3080271
2023-11-29 13:00:00,0.7,0.3128942
2023-11-29 14:00:00,0.3,0.3297565
2023-11-29 15:00:00,0.1,0.35552
2023-11-29 16:00:00,0.1,0.3936
2023-11-29 17:00:00,-0.3,0.4531
2023-11-29 18:00:00,-0.9,0.4531
2023-11-29 19:00:00,-0.8,0.3936
2023-11-29 20:00:00,-1.5,0.34719
2023-11-29 21:00:00,-1.9,0.3210218999999999
2023-11-29 22:00:00,-2.4,0.308515
2023-11-29 23:00:00,-2.2,0.2915813
2023-11-30 00:00:00,-2.0,0.2803001
2023-11-30 01:00:00,-1.3,0.2799788
2023-11-30 02:00:00,-0.9,0.277218
2023-11-30 03:00:00,-1.2,0.2746
2023-11-30 04:00:00,-0.7,0.2765397
2023-11-30 05:00:00,-0.8,0.282097
2023-11-30 06:00:00,-2.3,0.3095979
2023-11-30 07:00:00,-1.4,0.3556271
2023-11-30 08:00:00,-1.3,0.4165313
2023-11-30 09:00:00,-0.6,0.4377847
2023-11-30 10:00:00,-1.1,0.420375
2023-11-30 11:00:00,-0.5,0.4213746
2023-11-30 12:00:00,0.0,0.3878999
2023-11-30 13:00:00,0.1,0.3814739
2023-11-30 14:00:00,0.1,0.38765
2023-11-30 15:00:00,-0.3,0.38765
2023-11-30 16:00:00,-0.5,0.42454
2023-11-30 17:00:00,-0.4,0.46619
2023-11-30 18:00:00,-0.6,0.4523146
2023-11-30 19:00:00,-0.8,0.3870431
2023-11-30 20:00:00,-1.1,0.3387767
2023-11-30 21:00:00,-1.2,0.3135368
2023-11-30 22:00:00,-1.2,0.3040168
2023-11-30 23:00:00,-1.6,0.2910101
2023-12-01 00:00:00,-1.9,0.2828229
2023-12-01 01:00:00,-2.0,0.2777297
2023-12-01 02:00:00,-2.1,0.273529
2023-12-01 03:00:00,-2.4,0.2696972
2023-12-01 04:00:00,-2.9,0.2699233
2023-12-01 05:00:00,-2.8,0.2773489
2023-12-01 06:00:00,-2.9,0.2984357
2023-12-01 07:00:00,-2.9,0.3366109
2023-12-01 08:00:00,-3.0,0.3977174
2023-12-01 09:00:00,-3.0,0.4205297
2023-12-01 10:00:00,-3.4,0.4118903
2023-12-01 11:00:00,-2.9,0.4096888
2023-12-01 12:00:00,-2.5,0.3901371
2023-12-01 13:00:00,-2.2,0.3640761
2023-12-01 14:00:00,-2.4,0.3630408
2023-12-01 15:00:00,-2.4,0.375036
2023-12-01 16:00:00,-2.4,0.3936595
2023-12-01 17:00:00,-2.4,0.4301211
2023-12-01 18:00:00,-2.2,0.3926004
2023-12-01 19:00:00,-3.4,0.3561864
2023-12-01 20:00:00,-2.9,0.3250203
2023-12-01 21:00:00,-2.6,0.3045047
2023-12-01 22:00:00,-2.7,0.296496
2023-12-01 23:00:00,-3.0,0.2842747
2023-12-02 00:00:00,-3.1,0.2808118
2023-12-02 01:00:00,-3.2,0.2778011
2023-12-02 02:00:00,-3.3,0.2760875
2023-12-02 03:00:00,-3.3,0.2732791
2023-12-02 04:00:00,-3.0,0.2721724
2023-12-02 05:00:00,-2.8,0.2720177
2023-12-02 06:00:00,-3.0,0.2733267
2023-12-02 07:00:00,-2.9,0.2804072
2023-12-02 08:00:00,-2.7,0.2988046
2023-12-02 09:00:00,-2.4,0.3079081
2023-12-02 10:00:00,-2.0,0.3111925
2023-12-02 11:00:00,-1.6,0.3069918
2023-12-02 12:00:00,-1.3,0.3002802
2023-12-02 13:00:00,-1.1,0.2919502
2023-12-02 14:00:00,-1.0,0.2966388
2023-12-02 15:00:00,-1.1,0.302565
2023-12-02 16:00:00,-1.3,0.3100501
2023-12-02 17:00:00,-1.3,0.3270076
2023-12-02 18:00:00,-1.2,0.3281024
2023-12-02 19:00:00,-1.1,0.3097764
2023-12-02 20:00:00,-2.2,0.3013987999999999
2023-12-02 21:00:00,-2.4,0.2922477
2023-12-02 22:00:00,-2.6,0.2863572
2023-12-02 23:00:00,-3.0,0.2817519
2023-12-03 00:00:00,-3.2,0.284477
2023-12-03 01:00:00,-2.8,0.2777892
2023-12-03 02:00:00,-2.3,0.2744572
2023-12-03 03:00:00,-2.2,0.2729578
2023-12-03 04:00:00,-2.0,0.2681978
2023-12-03 05:00:00,-1.9,0.2647468
2023-12-03 06:00:00,-1.7,0.2613434
2023-12-03 07:00:00,-1.5,0.2652347
2023-12-03 08:00:00,-1.4,0.2710538
2023-12-03 09:00:00,-1.2,0.2747785
2023-12-03 10:00:00,-0.5,0.2805024
2023-12-03 11:00:00,-0.3,0.2806333
2023-12-03 12:00:00,0.0,0.2780629
2023-12-03 13:00:00,0.7,0.2746
2023-12-03 14:00:00,0.8,0.2813592
2023-12-03 15:00:00,0.6,0.29245
2023-12-03 16:00:00,0.2,0.301018
2023-12-03 17:00:00,-0.3,0.307801
2023-12-03 18:00:00,-2.6,0.3091695
2023-12-03 19:00:00,-1.7,0.3056233
2023-12-03 20:00:00,-2.2,0.2892727
2023-12-03 21:00:00,-2.2,0.2746
2023-12-03 22:00:00,-2.9,0.2735171
2023-12-03 23:00:00,-2.7,0.26151
2023-12-04 00:00:00,-2.3,0.2672934
2023-12-04 01:00:00,-1.9,0.2624739
2023-12-04 02:00:00,-1.8,0.2603438
2023-12-04 03:00:00,-1.0,0.2572022
2023-12-04 04:00:00,-1.0,0.2577377
2023-12-04 05:00:00,-1.0,0.2651276
2023-12-04 06:00:00,-1.4,0.279479
2023-12-04 07:00:00,-1.2,0.2960914
2023-12-04 08:00:00,-0.7,0.3021604
2023-12-04 09:00:00,-0.5,0.3056828
2023-12-04 10:00:00,0.7,0.3079438
2023-12-04 11:00:00,0.9,0.311133
2023-12-04 12:00:00,1.2,0.3060755
2023-12-04 13:00:00,1.0,0.3119898
2023-12-04 14:00:00,1.1,0.3066943
2023-12-04 15:00:00,1.3,0.3041596
2023-12-04 16:00:00,0.8,0.3011013
2023-12-04 17:00:00,0.1,0.3076225
2023-12-04 18:00:00,-0.1,0.3039097
2023-12-04 19:00:00,0.0,0.2995543
2023-12-04 20:00:00,-0.1,0.2918312
2023-12-04 21:00:00,-0.3,0.2812044999999999
2023-12-04 22:00:00,-0.9,0.2746
2023-12-04 23:00:00,-1.0,0.2647944
2023-12-05 00:00:00,-0.8,0.2637115
2023-12-05 01:00:00,-0.7,0.2603319
2023-12-05 02:00:00,-0.7,0.2576187
2023-12-05 03:00:00,-0.5,0.2551078
2023-12-05 04:00:00,-0.7,0.2564049
2023-12-05 05:00:00,-0.7,0.2639138
2023-12-05 06:00:00,-0.7,0.28412
2023-12-05 07:00:00,-0.7,0.2916408
2023-12-05 08:00:00,-0.6,0.3011132
2023-12-05 09:00:00,-0.3,0.3018272
2023-12-05 10:00:00,0.1,0.2990545
2023-12-05 11:00:00,0.4,0.2999113
2023-12-05 12:00:00,0.7,0.2964246
2023-12-05 13:00:00,1.0,0.2966507
2023-12-05 14:00:00,1.0,0.3070394
2023-12-05 15:00:00,1.0,0.3014821
2023-12-05 16:00:00,1.0,0.3093956
2023-12-05 17:00:00,1.2,0.329221
2023-12-05 18:00:00,1.2,0.3310893
2023-12-05 19:00:00,1.1,0.3240564
2023-12-05 20:00:00,1.1,0.3086697
2023-12-05 21:00:00,1.5,0.2958177
2023-12-05 22:00:00,1.2,0.2883445
2023-12-05 23:00:00,1.3,0.2785032
2023-12-06 00:00:00,1.5,0.2686143
2023-12-06 01:00:00,1.4,0.266389
2023-12-06 02:00:00,1.6,0.2657583
2023-12-06 03:00:00,1.3,0.2638424
2023-12-06 04:00:00,1.0,0.2634021
2023-12-06 05:00:00,0.6,0.2673291
2023-12-06 06:00:00,0.4,0.2828586
2023-12-06 07:00:00,0.2,0.3148934
2023-12-06 08:00:00,0.2,0.35433
2023-12-06 09:00:00,0.4,0.3537826
2023-12-06 10:00:00,0.2,0.3341
2023-12-06 11:00:00,0.2,0.3296851
2023-12-06 12:00:00,0.1,0.329459
2023-12-06 13:00:00,0.2,0.3234257
2023-12-06 14:00:00,0.5,0.322795
2023-12-06 15:00:00,0.7,0.3269481
2023-12-06 16:00:00,1.0,0.35076
2023-12-06 17:00:00,0.8,0.3675033
2023-12-06 18:00:00,1.1,0.3522832
2023-12-06 19:00:00,1.3,0.3340167
2023-12-06 20:00:00,1.7,0.3101929
2023-12-06 21:00:00,1.8,0.2932592
2023-12-06 22:00:00,1.9,0.2833227
2023-12-06 23:00:00,1.8,0.2751236
2023-12-07 00:00:00,1.9,0.273648
2023-12-07 01:00:00,2.2,0.2720415
2023-12-07 02:00:00,2.3,0.2708634
2023-12-07 03:00:00,2.2,0.2648539
2023-12-07 04:00:00,2.2,0.2626048
2023-12-07 05:00:00,2.2,0.2680907
2023-12-07 06:00:00,2.5,0.2943302
2023-12-07 07:00:00,2.5,0.3117518
2023-12-07 08:00:00,2.5,0.3341
2023-12-07 09:00:00,2.9,0.319463
2023-12-07 10:00:00,3.2,0.3154884
2023-12-07 11:00:00,3.5,0.3200223
2023-12-07 12:00:00,3.9,0.3198081
2023-12-07 13:00:00,4.1,0.3202365
2023-12-07 14:00:00,4.1,0.3199152
2023-12-07 15:00:00,3.8,0.3198438
2023-12-07 16:00:00,2.5,0.3149053
2023-12-07 17:00:00,1.8,0.3086221
2023-12-07 18:00:00,1.0,0.2988165
2023-12-07 19:00:00,0.8,0.2795266
2023-12-07 20:00:00,0.6,0.2750284
2023-12-07 21:00:00,0.1,0.27103
2023-12-07 22:00:00,0.2,0.2703398
2023-12-07 23:00:00,-0.6,0.2592252
2023-12-08 00:00:00,-0.7,0.2592371
2023-12-08 01:00:00,-0.6,0.2546794
2023-12-08 02:00:00,-0.7,0.2525017
2023-12-08 03:00:00,-0.7,0.2502288
2023-12-08 04:00:00,-0.2,0.2508
2023-12-08 05:00:00,0.2,0.2591776
2023-12-08 06:00:00,0.2,0.2742311
2023-12-08 07:00:00,0.5,0.2832751
2023-12-08 08:00:00,0.3,0.2896535
2023-12-08 09:00:00,0.2,0.2966388
2023-12-08 10:00:00,0.0,0.2969125
2023-12-08 11:00:00,0.1,0.2960438
2023-12-08 12:00:00,0.4,0.2944254
2023-12-08 13:00:00,0.7,0.2886182
2023-12-08 14:00:00,0.7,0.2902009
2023-12-08 15:00:00,0.9,0.2964127
2023-12-08 16:00:00,1.0,0.2924262
2023-12-08 17:00:00,1.5,0.2960081
2023-12-08 18:00:00,1.8,0.296734
2023-12-08 19:00:00,2.2,0.2812164
2023-12-08 20:00:00,2.6,0.2800978
2023-12-08 21:00:00,3.7,0.2759328
2023-12-08 22:00:00,4.4,0.2766468
2023-12-08 23:00:00,4.7,0.2633902
2023-12-09 00:00:00,4.9,0.26865
2023-12-09 01:00:00,5.0,0.256869
2023-12-09 02:00:00,5.0,0.2501931
2023-12-09 03:00:00,4.6,0.2425533
2023-12-09 04:00:00,4.8,0.2395664
2023-12-09 05:00:00,4.7,0.2424819
2023-12-09 06:00:00,5.0,0.2460876
2023-12-09 07:00:00,4.6,0.253656
2023-12-09 08:00:00,4.1,0.2566667
2023-12-09 09:00:00,4.3,0.2644969
2023-12-09 10:00:00,5.2,0.2639019
2023-12-09 11:00:00,6.1,0.2650086
2023-12-09 12:00:00,7.2,0.267698
2023-12-09 13:00:00,6.6,0.2634973
2023-12-09 14:00:00,6.3,0.2574997
2023-12-09 15:00:00,6.6,0.254965
2023-12-09 16:00:00,6.3,0.2508952
2023-12-09 17:00:00,6.3,0.2496576
2023-12-09 18:00:00,5.9,0.2477417
2023-12-09 19:00:00,6.0,0.2382455
2023-12-09 20:00:00,5.9,0.2323074
2023-12-09 21:00:00,5.6,0.2274879
2023-12-09 22:00:00,5.1,0.2232396
2023-12-09 23:00:00,5.0,0.2105542
2023-12-10 00:00:00,5.7,0.1956911
2023-12-10 01:00:00,8.6,0.1811969
2023-12-10 02:00:00,8.4,0.1713199
2023-12-10 03:00:00,8.0,0.1627281
2023-12-10 04:00:00,8.2,0.1675
2023-12-10 05:00:00,8.0,0.1771271
2023-12-10 06:00:00,8.0,0.1841243
2023-12-10 07:00:00,7.5,0.2054015
2023-12-10 08:00:00,7.4,0.2280234
2023-12-10 09:00:00,7.7,0.2338782
2023-12-10 10:00:00,8.2,0.2357465
2023-12-10 11:00:00,7.6,0.2385192
2023-12-10 12:00:00,7.9,0.235568
2023-12-10 13:00:00,8.1,0.235449
2023-12-10 14:00:00,8.3,0.2385073
2023-12-10 15:00:00,7.9,0.2458496
2023-12-10 16:00:00,8.4,0.251157
2023-12-10 17:00:00,6.9,0.251157
2023-12-10 18:00:00,7.9,0.2572498
2023-12-10 19:00:00,8.4,0.2517044
2023-12-10 20:00:00,8.9,0.2484795
2023-12-10 21:00:00,7.2,0.2473966
2023-12-10 22:00:00,7.0,0.2484438
2023-12-10 23:00:00,8.6,0.2379004
2023-12-11 00:00:00,10.2,0.1965836
2023-12-11 01:00:00,9.9,0.174045
2023-12-11 02:00:00,9.8,0.1707368
2023-12-11 03:00:00,9.8,0.1658578
2023-12-11 04:00:00,9.7,0.1696658
2023-12-11 05:00:00,9.3,0.2008676
2023-12-11 06:00:00,9.3,0.2443621
2023-12-11 07:00:00,8.8,0.2643184
2023-12-11 08:00:00,8.7,0.2721962
2023-12-11 09:00:00,8.8,0.2726127
2023-12-11 10:00:00,9.0,0.2666984
2023-12-11 11:00:00,8.9,0.2635092
2023-12-11 12:00:00,8.9,0.2618789
2023-12-11 13:00:00,8.9,0.2603557
2023-12-11 14:00:00,8.9,0.2656869
2023-12-11 15:00:00,8.8,0.2697448
2023-12-11 16:00:00,8.3,0.2811569
2023-12-11 17:00:00,8.0,0.2960081
2023-12-11 18:00:00,7.6,0.3015416
2023-12-11 19:00:00,7.5,0.3000065
2023-12-11 20:00:00,7.3,0.2912957
2023-12-11 21:00:00,6.7,0.2736956
2023-12-11 22:00:00,6.8,0.2704112
2023-12-11 23:00:00,6.6,0.2589158
2023-12-12 00:00:00,6.4,0.2603795
2023-12-12 01:00:00,6.1,0.2592014
2023-12-12 02:00:00,6.0,0.2574878
2023-12-12 03:00:00,6.0,0.2560598
2023-12-12 04:00:00,4.9,0.2591419
2023-12-12 05:00:00,3.0,0.2615457
2023-12-12 06:00:00,3.1,0.2834179
2023-12-12 07:00:00,3.4,0.2996971
2023-12-12 08:00:00,3.9,0.3297327
2023-12-12 09:00:00,5.5,0.3126086
2023-12-12 10:00:00,6.8,0.3101215
2023-12-12 11:00:00,7.4,0.301851
2023-12-12 12:00:00,8.7,0.3038383
2023-12-12 13:00:00,8.5,0.3069442
2023-12-12 14:00:00,8.3,0.302803
2023-12-12 15:00:00,7.7,0.2985666
2023-12-12 16:00:00,7.3,0.2959367
2023-12-12 17:00:00,7.0,0.2875472
2023-12-12 18:00:00,6.8,0.28055
2023-12-12 19:00:00,7.1,0.2677218
2023-12-12 20:00:00,6.7,0.2652585
2023-12-12 21:00:00,6.7,0.2604866
2023-12-12 22:00:00,6.8,0.2548103
2023-12-12 23:00:00,6.6,0.247825
2023-12-13 00:00:00,6.5,0.2452784
2023-12-13 01:00:00,6.5,0.2424224
2023-12-13 02:00:00,6.3,0.243303
2023-12-13 03:00:00,6.5,0.2406017
2023-12-13 04:00:00,7.1,0.2424938
2023-12-13 05:00:00,7.2,0.2453855
2023-12-13 06:00:00,7.1,0.254489
2023-12-13 07:00:00,7.2,0.2774679
2023-12-13 08:00:00,7.3,0.2732077
2023-12-13 09:00:00,7.7,0.2790387
2023-12-13 10:00:00,8.2,0.274957
2023-12-13 11:00:00,8.3,0.2746
2023-12-13 12:00:00,8.8,0.2718154
2023-12-13 13:00:00,9.3,0.277813
2023-12-13 14:00:00,8.7,0.2798003
2023-12-13 15:00:00,6.9,0.285786
2023-12-13 16:00:00,5.9,0.2817995
2023-12-13 17:00:00,5.6,0.2866785
2023-12-13 18:00:00,5.5,0.2816091
2023-12-13 19:00:00,5.4,0.2774679
2023-12-13 20:00:00,5.2,0.2705302
2023-12-13 21:00:00,5.1,0.2637472
2023-12-13 22:00:00,4.6,0.2654965
2023-12-13 23:00:00,4.0,0.2558575
2023-12-14 00:00:00,3.8,0.2476346
2023-12-14 01:00:00,3.5,0.246397
2023-12-14 02:00:00,3.3,0.2474085
2023-12-14 03:00:00,3.3,0.2474561
2023-12-14 04:00:00,3.2,0.2497766
2023-12-14 05:00:00,3.1,0.2538583
2023-12-14 06:00:00,3.1,0.2727912
2023-12-14 07:00:00,3.2,0.2980073
2023-12-14 08:00:00,3.1,0.3110735
2023-12-14 09:00:00,3.2,0.3043024
2023-12-14 10:00:00,3.6,0.3057185
2023-12-14 11:00:00,3.8,0.3069798999999999
2023-12-14 12:00:00,4.0,0.2978764
2023-12-14 13:00:00,4.3,0.3028625
2023-12-14 14:00:00,4.3,0.3033147
2023-12-14 15:00:00,4.2,0.3111806
2023-12-14 16:00:00,3.7,0.3086102
2023-12-14 17:00:00,3.2,0.3078367
2023-12-14 18:00:00,3.2,0.3057304
2023-12-14 19:00:00,2.8,0.2915813
2023-12-14 20:00:00,3.3,0.2779439
2023-12-14 21:00:00,2.4,0.270078
2023-12-14 22:00:00,2.9,0.2680074
2023-12-14 23:00:00,3.8,0.2574283
2023-12-15 00:00:00,3.5,0.2580947
2023-12-15 01:00:00,2.9,0.2542867
2023-12-15 02:00:00,3.4,0.250919
2023-12-15 03:00:00,3.7,0.2466945
2023-12-15 04:00:00,3.9,0.2450404
2023-12-15 05:00:00,4.2,0.2512879
2023-12-15 06:00:00,4.2,0.2698043
2023-12-15 07:00:00,4.9,0.2828705
2023-12-15 08:00:00,5.3,0.300185
2023-12-15 09:00:00,5.7,0.2953536
2023-12-15 10:00:00,6.3,0.2864643
2023-12-15 11:00:00,6.9,0.2778725
2023-12-15 12:00:00,7.1,0.2676147
2023-12-15 13:00:00,7.7,0.260677
2023-12-15 14:00:00,7.7,0.259011
2023-12-15 15:00:00,7.7,0.2625334
2023-12-15 16:00:00,7.7,0.2723747
2023-12-15 17:00:00,7.6,0.2797527
2023-12-15 18:00:00,7.6,0.2766944
2023-12-15 19:00:00,7.6,0.2664842
2023-12-15 20:00:00,7.4,0.2666984
2023-12-15 21:00:00,7.3,0.2607484
2023-12-15 22:00:00,7.3,0.2588563
2023-12-15 23:00:00,7.0,0.2468849
2023-12-16 00:00:00,6.7,0.235568
2023-12-16 01:00:00,6.3,0.2308199
2023-12-16 02:00:00,6.4,0.2274403
2023-12-16 03:00:00,6.7,0.22462
2023-12-16 04:00:00,6.9,0.219979
2023-12-16 05:00:00,7.2,0.2218116
2023-12-16 06:00:00,7.2,0.2262146
2023-12-16 07:00:00,7.2,0.233069
2023-12-16 08:00:00,6.8,0.2506691
2023-12-16 09:00:00,7.3,0.2551554
2023-12-16 10:00:00,8.0,0.2527516
2023-12-16 11:00:00,8.4,0.2458139
2023-12-16 12:00:00,8.8,0.240566
2023-12-16 13:00:00,8.8,0.2396021
2023-12-16 14:00:00,8.7,0.2451475
2023-12-16 15:00:00,7.8,0.2512165
2023-12-16 16:00:00,7.9,0.2552149
2023-12-16 17:00:00,8.0,0.2598202
2023-12-16 18:00:00,8.1,0.2604628
2023-12-16 19:00:00,8.3,0.2531086
2023-12-16 20:00:00,8.5,0.2447428999999999
2023-12-16 21:00:00,8.7,0.2309746
2023-12-16 22:00:00,8.7,0.2298679
2023-12-16 23:00:00,8.8,0.2188128
2023-12-17 00:00:00,8.9,0.2095546
2023-12-17 01:00:00,9.1,0.206532
2023-12-17 02:00:00,9.0,0.2067224
2023-12-17 03:00:00,9.1,0.1897411
2023-12-17 04:00:00,9.2,0.1869803
2023-12-17 05:00:00,9.2,0.1911453
2023-12-17 06:00:00,9.2,0.2020457
2023-12-17 07:00:00,9.1,0.2095189
2023-12-17 08:00:00,9.0,0.2242273
2023-12-17 09:00:00,9.0,0.2260123
2023-12-17 10:00:00,9.1,0.2203717
2023-12-17 11:00:00,9.1,0.21391
2023-12-17 12:00:00,9.7,0.2076149
2023-12-17 13:00:00,9.2,0.2032476
2023-12-17 14:00:00,8.8,0.2101615
2023-12-17 15:00:00,8.1,0.2231206
2023-12-17 16:00:00,7.1,0.2305581
2023-12-17 17:00:00,6.6,0.2467659
2023-12-17 18:00:00,6.8,0.2432792
2023-12-17 19:00:00,7.1,0.2396973
2023-12-17 20:00:00,7.6,0.2267501
2023-12-17 21:00:00,7.8,0.2257505
2023-12-17 22:00:00,8.0,0.2266787
2023-12-17 23:00:00,7.7,0.2124939
2023-12-18 00:00:00,7.6,0.218551
2023-12-18 01:00:00,7.5,0.2164804
2023-12-18 02:00:00,6.9,0.2148739
2023-12-18 03:00:00,6.5,0.2139457
2023-12-18 04:00:00,6.2,0.2180393
2023-12-18 05:00:00,5.9,0.2295466
2023-12-18 06:00:00,6.0,0.2553339
2023-12-18 07:00:00,6.0,0.2786222
2023-12-18 08:00:00,6.1,0.2855956
2023-12-18 09:00:00,6.2,0.2763374
2023-12-18 10:00:00,6.2,0.2615457
2023-12-18 11:00:00,6.3,0.2521923
2023-12-18 12:00:00,6.5,0.2447191
2023-12-18 13:00:00,6.8,0.244731
2023-12-18 14:00:00,6.5,0.252109
2023-12-18 15:00:00,6.6,0.2616409
2023-12-18 16:00:00,6.8,0.268888
2023-12-18 17:00:00,6.9,0.2796218
2023-12-18 18:00:00,7.0,0.2781819
2023-12-18 19:00:00,7.1,0.2700542
2023-12-18 20:00:00,7.0,0.2483962
2023-12-18 21:00:00,6.4,0.2401971
2023-12-18 22:00:00,6.2,0.2305462
2023-12-18 23:00:00,6.2,0.2211928
2023-12-19 00:00:00,6.2,0.2118751
2023-12-19 01:00:00,6.5,0.2109231
2023-12-19 02:00:00,6.3,0.2092214
2023-12-19 03:00:00,6.3,0.2219068
2023-12-19 04:00:00,6.3,0.2257505
2023-12-19 05:00:00,6.3,0.2329619
2023-12-19 06:00:00,6.2,0.2504311
2023-12-19 07:00:00,6.4,0.2670673
2023-12-19 08:00:00,6.4,0.274719
2023-12-19 09:00:00,6.7,0.2677932
2023-12-19 10:00:00,6.9,0.258059
2023-12-19 11:00:00,7.2,0.2504549
2023-12-19 12:00:00,7.5,0.246635
2023-12-19 13:00:00,7.5,0.2445287
2023-12-19 14:00:00,7.5,0.2515854
2023-12-19 15:00:00,7.4,0.2560598
2023-12-19 16:00:00,7.3,0.2605699
2023-12-19 17:00:00,7.2,0.2648539
2023-12-19 18:00:00,7.2,0.2647705999999999
2023-12-19 19:00:00,7.1,0.263652
2023-12-19 20:00:00,7.0,0.2567738
2023-12-19 21:00:00,7.0,0.2501812
2023-12-19 22:00:00,7.0,0.2456592
2023-12-19 23:00:00,7.0,0.2267977
2023-12-20 00:00:00,6.7,0.2244415
2023-12-20 01:00:00,5.9,0.2156712
2023-12-20 02:00:00,5.7,0.21272
2023-12-20 03:00:00,5.4,0.2031762
2023-12-20 04:00:00,5.4,0.1930969
2023-12-20 05:00:00,5.6,0.2032238
2023-12-20 06:00:00,5.9,0.2111968
2023-12-20 07:00:00,5.8,0.2364724
2023-12-20 08:00:00,5.7,0.2423867
2023-12-20 09:00:00,6.1,0.2395426
2023-12-20 10:00:00,6.6,0.2364367
2023-12-20 11:00:00,6.7,0.2298084
2023-12-20 12:00:00,5.9,0.22938
2023-12-20 13:00:00,5.6,0.2277021
2023-12-20 14:00:00,5.6,0.235092
2023-12-20 15:00:00,6.2,0.2388762
2023-12-20 16:00:00,5.7,0.2430531
2023-12-20 17:00:00,4.5,0.2510856
2023-12-20 18:00:00,4.6,0.2529777
2023-12-20 19:00:00,4.6,0.2529896
2023-12-20 20:00:00,5.6,0.2484081
2023-12-20 21:00:00,7.0,0.2350682
2023-12-20 22:00:00,7.4,0.2286898
2023-12-20 23:00:00,7.6,0.2137672
2023-12-21 00:00:00,7.8,0.1914904
2023-12-21 01:00:00,7.8,0.1854452
2023-12-21 02:00:00,8.0,0.180471
2023-12-21 03:00:00,8.1,0.1597412
2023-12-21 04:00:00,8.2,0.1556833
2023-12-21 05:00:00,8.5,0.1559927
2023-12-21 06:00:00,8.5,0.1839815
2023-12-21 07:00:00,8.6,0.2092928
2023-12-21 08:00:00,9.0,0.2138624
2023-12-21 09:00:00,8.9,0.1999156
2023-12-21 10:00:00,9.2,0.1964051
2023-12-21 11:00:00,9.3,0.1865995
2023-12-21 12:00:00,9.5,0.1835769
2023-12-21 13:00:00,10.0,0.1693564
2023-12-21 14:00:00,5.8,0.1681307
2023-12-21 15:00:00,6.5,0.175592
2023-12-21 16:00:00,7.0,0.1757705
2023-12-21 17:00:00,5.9,0.1973452
2023-12-21 18:00:00,6.4,0.2024146
2023-12-21 19:00:00,5.8,0.2133031
2023-12-21 20:00:00,5.8,0.2043543
2023-12-21 21:00:00,4.6,0.1950485
2023-12-21 22:00:00,4.9,0.1898363
2023-12-21 23:00:00,4.5,0.1627995
2023-12-22 00:00:00,4.7,0.1556119
2023-12-22 01:00:00,4.6,0.155481
2023-12-22 02:00:00,3.8,0.1555167
2023-12-22 03:00:00,3.4,0.1553858
2023-12-22 04:00:00,3.8,0.1553025
2023-12-22 05:00:00,3.0,0.1555048
2023-12-22 06:00:00,4.1,0.1565639
2023-12-22 07:00:00,3.5,0.1932992
2023-12-22 08:00:00,2.5,0.2028787
2023-12-22 09:00:00,5.1,0.1980116
2023-12-22 10:00:00,5.6,0.1870755
2023-12-22 11:00:00,4.1,0.1868137
2023-12-22 12:00:00,5.8,0.1874087
2023-12-22 13:00:00,5.9,0.185707
2023-12-22 14:00:00,6.2,0.1899434
2023-12-22 15:00:00,6.2,0.1962623
2023-12-22 16:00:00,3.7,0.2060679
2023-12-22 17:00:00,3.9,0.2067105
2023-12-22 18:00:00,4.7,0.2155284
2023-12-22 19:00:00,5.0,0.2037831
2023-12-22 20:00:00,4.8,0.1849454
2023-12-22 21:00:00,5.0,0.1859807
2023-12-22 22:00:00,4.7,0.1917879
2023-12-22 23:00:00,4.3,0.16988
2023-12-23 00:00:00,4.2,0.1556476
2023-12-23 01:00:00,3.2,0.1555881
2023-12-23 02:00:00,3.4,0.1555881
2023-12-23 03:00:00,4.2,0.1555762
2023-12-23 04:00:00,3.8,0.1555881
2023-12-23 05:00:00,4.1,0.1556
2023-12-23 06:00:00,4.5,0.155719
2023-12-23 07:00:00,3.9,0.1644417
2023-12-23 08:00:00,3.4,0.1794
2023-12-23 09:00:00,3.3,0.2056752
2023-12-23 10:00:00,3.2,0.2051516
2023-12-23 11:00:00,3.5,0.210221
2023-12-23 12:00:00,3.6,0.2119584
2023-12-23 13:00:00,4.0,0.2148739
2023-12-23 14:00:00,4.1,0.217837
2023-12-23 15:00:00,4.2,0.2195863
2023-12-23 16:00:00,4.4,0.2246795
2023-12-23 17:00:00,4.5,0.2366628
2023-12-23 18:00:00,4.7,0.2346755
2023-12-23 19:00:00,5.0,0.2288445
2023-12-23 20:00:00,6.3,0.219503
2023-12-23 21:00:00,8.4,0.2050564
2023-12-23 22:00:00,8.6,0.1797451
2023-12-23 23:00:00,8.6,0.1648106
2023-12-24 00:00:00,8.6,0.1556
2023-12-24 01:00:00,8.5,0.1555643
2023-12-24 02:00:00,8.4,0.1552549
2023-12-24 03:00:00,8.3,0.1544457
2023-12-24 04:00:00,8.4,0.1511494
2023-12-24 05:00:00,8.5,0.1496857
2023-12-24 06:00:00,8.6,0.1505782
2023-12-24 07:00:00,8.8,0.1521371
2023-12-24 08:00:00,9.3,0.1521133
2023-12-24 09:00:00,9.9,0.1518753
2023-12-24 10:00:00,10.2,0.1494715
2023-12-24 11:00:00,10.8,0.1513517
2023-12-24 12:00:00,11.1,0.1520895
2023-12-24 13:00:00,10.8,0.1511137
2023-12-24 14:00:00,11.4,0.1529939
2023-12-24 15:00:00,11.5,0.1529106
2023-12-24 16:00:00,11.4,0.1531605
2023-12-24 17:00:00,11.4,0.1527916
2023-12-24 18:00:00,11.7,0.1489598
2023-12-24 19:00:00,11.7,0.1448067
2023-12-24 20:00:00,12.4,0.1478769
2023-12-24 21:00:00,12.4,0.1518158
2023-12-24 22:00:00,11.9,0.15203
2023-12-24 23:00:00,11.8,0.1483529
2023-12-25 00:00:00,12.4,0.1508638
2023-12-25 01:00:00,12.2,0.1435572
2023-12-25 02:00:00,12.0,0.1427361
2023-12-25 03:00:00,12.0,0.1407369
2023-12-25 04:00:00,11.8,0.1396897
2023-12-25 05:00:00,11.3,0.1435334
2023-12-25 06:00:00,11.0,0.146556
2023-12-25 07:00:00,10.9,0.1490788
2023-12-25 08:00:00,9.7,0.1554691
2023-12-25 09:00:00,10.1,0.1544457
2023-12-25 10:00:00,10.4,0.1544457
2023-12-25 11:00:00,11.3,0.1555048
2023-12-25 12:00:00,11.1,0.1555762
2023-12-25 13:00:00,10.7,0.1556
2023-12-25 14:00:00,10.4,0.1556119
2023-12-25 15:00:00,10.2,0.1585512
2023-12-25 16:00:00,9.7,0.169761
2023-12-25 17:00:00,10.2,0.1794238
2023-12-25 18:00:00,10.0,0.1778292
2023-12-25 19:00:00,10.1,0.1726289
2023-12-25 20:00:00,9.8,0.1674048
2023-12-25 21:00:00,9.4,0.1597769
2023-12-25 22:00:00,9.9,0.16155
2023-12-25 23:00:00,9.9,0.1556952
2023-12-26 00:00:00,9.7,0.1556
2023-12-26 01:00:00,9.6,0.1555762
2023-12-26 02:00:00,9.4,0.1554691
2023-12-26 03:00:00,9.3,0.1524227
2023-12-26 04:00:00,10.5,0.1512089
2023-12-26 05:00:00,8.9,0.1533985
2023-12-26 06:00:00,8.9,0.1540054
2023-12-26 07:00:00,7.5,0.1545052
2023-12-26 08:00:00,7.6,0.1543505
2023-12-26 09:00:00,8.4,0.1555048
2023-12-26 10:00:00,8.7,0.1555286
2023-12-26 11:00:00,8.9,0.1555405
2023-12-26 12:00:00,9.3,0.1555524
2023-12-26 13:00:00,8.8,0.1556
2023-12-26 14:00:00,8.4,0.1562664
2023-12-26 15:00:00,8.6,0.1675357
2023-12-26 16:00:00,8.1,0.2119346
2023-12-26 17:00:00,7.5,0.2186581
2023-12-26 18:00:00,7.4,0.2194554
2023-12-26 19:00:00,6.3,0.2187295
2023-12-26 20:00:00,6.1,0.2142908
2023-12-26 21:00:00,5.3,0.2079005
2023-12-26 22:00:00,4.9,0.2110897
2023-12-26 23:00:00,4.9,0.2190032
2023-12-27 00:00:00,4.3,0.2048065
2023-12-27 01:00:00,3.6,0.2175633
2023-12-27 02:00:00,3.4,0.2241797
2023-12-27 03:00:00,2.1,0.2170635
2023-12-27 04:00:00,1.6,0.2148263
2023-12-27 05:00:00,1.1,0.2222162
2023-12-27 06:00:00,1.3,0.2330214
2023-12-27 07:00:00,2.0,0.2477536
2023-12-27 08:00:00,2.1,0.2540487
2023-12-27 09:00:00,3.2,0.2514664
2023-12-27 10:00:00,4.0,0.2450761
2023-12-27 11:00:00,5.0,0.2445049
2023-12-27 12:00:00,5.5,0.2434101
2023-12-27 13:00:00,6.0,0.2411372
2023-12-27 14:00:00,6.1,0.2432316
2023-12-27 15:00:00,6.2,0.2507405
2023-12-27 16:00:00,6.5,0.2505263
2023-12-27 17:00:00,7.0,0.2511808
2023-12-27 18:00:00,7.1,0.2440765
2023-12-27 19:00:00,7.0,0.2327715
2023-12-27 20:00:00,7.3,0.2207287
2023-12-27 21:00:00,7.7,0.1850406
2023-12-27 22:00:00,8.4,0.1758181
2023-12-27 23:00:00,8.8,0.1556119
2023-12-28 00:00:00,8.5,0.1555762
2023-12-28 01:00:00,9.2,0.1546718
2023-12-28 02:00:00,8.7,0.1538983
2023-12-28 03:00:00,9.0,0.1539459
2023-12-28 04:00:00,9.3,0.1539102
2023-12-28 05:00:00,9.6,0.1552787
2023-12-28 06:00:00,10.0,0.1556238
2023-12-28 07:00:00,9.9,0.1747114
2023-12-28 08:00:00,10.3,0.201058
2023-12-28 09:00:00,10.1,0.2017125
2023-12-28 10:00:00,10.4,0.1904313
2023-12-28 11:00:00,11.0,0.1722005
2023-12-28 12:00:00,10.9,0.1666313
2023-12-28 13:00:00,11.0,0.1624544
2023-12-28 14:00:00,10.9,0.1727122
2023-12-28 15:00:00,10.9,0.1742354
2023-12-28 16:00:00,10.8,0.2036046
2023-12-28 17:00:00,10.5,0.2113277
2023-12-28 18:00:00,10.4,0.210221
2023-12-28 19:00:00,10.7,0.2014745
2023-12-28 20:00:00,10.5,0.1793762
2023-12-28 21:00:00,10.5,0.1719625
2023-12-28 22:00:00,10.5,0.1766868
2023-12-28 23:00:00,10.4,0.15679
2023-12-29 00:00:00,10.3,0.1556
2023-12-29 01:00:00,10.3,0.1555048
2023-12-29 02:00:00,10.7,0.1552668
2023-12-29 03:00:00,10.4,0.1544933
2023-12-29 04:00:00,10.4,0.1544695
2023-12-29 05:00:00,10.0,0.1552906
2023-12-29 06:00:00,9.4,0.1555167
2023-12-29 07:00:00,9.0,0.1555881
2023-12-29 08:00:00,9.4,0.1608836
2023-12-29 09:00:00,10.3,0.1568971
2023-12-29 10:00:00,10.2,0.1556595
2023-12-29 11:00:00,8.4,0.1555881
2023-12-29 12:00:00,10.0,0.156314
2023-12-29 13:00:00,10.5,0.1567781
2023-12-29 14:00:00,10.5,0.1582537
2023-12-29 15:00:00,10.4,0.1674881
2023-12-29 16:00:00,10.0,0.1675238
2023-12-29 17:00:00,9.9,0.1854928
2023-12-29 18:00:00,8.7,0.1872421
2023-12-29 19:00:00,7.8,0.1760323
2023-12-29 20:00:00,8.3,0.167619
2023-12-29 21:00:00,6.2,0.1615976
2023-12-29 22:00:00,6.1,0.182851
2023-12-29 23:00:00,6.9,0.1780791
2023-12-30 00:00:00,7.8,0.1626091
2023-12-30 01:00:00,7.5,0.1588963
2023-12-30 02:00:00,7.1,0.1661672
2023-12-30 03:00:00,6.7,0.162264
2023-12-30 04:00:00,6.3,0.1624306
2023-12-30 05:00:00,6.3,0.1645369
2023-12-30 06:00:00,6.3,0.1624663
2023-12-30 07:00:00,6.4,0.1804234
2023-12-30 08:00:00,6.4,0.1883607
2023-12-30 09:00:00,6.9,0.1888248
2023-12-30 10:00:00,7.7,0.1840529
2023-12-30 11:00:00,7.7,0.1792691
2023-12-30 12:00:00,7.9,0.1794238
2023-12-30 13:00:00,8.1,0.1839696
2023-12-30 14:00:00,8.1,0.2056276
2023-12-30 15:00:00,7.9,0.2225375
2023-12-30 16:00:00,8.1,0.2388881
2023-12-30 17:00:00,7.7,0.2509666
2023-12-30 18:00:00,8.3,0.2507881
2023-12-30 19:00:00,7.8,0.2401971
2023-12-30 20:00:00,7.3,0.2293919
2023-12-30 21:00:00,7.4,0.2226684
2023-12-30 22:00:00,7.1,0.215219
2023-12-30 23:00:00,6.7,0.2070437
2023-12-31 00:00:00,6.6,0.1990826
2023-12-31 01:00:00,6.6,0.1713913
2023-12-31 02:00:00,7.7,0.16036
2023-12-31 03:00:00,7.4,0.1559689
2023-12-31 04:00:00,7.4,0.1562902
2023-12-31 05:00:00,6.2,0.1571232
2023-12-31 06:00:00,6.6,0.1560284
2023-12-31 07:00:00,7.3,0.1555643
2023-12-31 08:00:00,7.9,0.1591462
2023-12-31 09:00:00,8.1,0.166429
2023-12-31 10:00:00,8.3,0.17226
2023-12-31 11:00:00,8.7,0.1681069
2023-12-31 12:00:00,9.2,0.1683687
2023-12-31 13:00:00,9.3,0.1624425
2023-12-31 14:00:00,9.6,0.1662862
2023-12-31 15:00:00,9.6,0.1710105
2023-12-31 16:00:00,9.9,0.180471
2023-12-31 17:00:00,6.4,0.18654
2023-12-31 18:00:00,6.0,0.1834341
2023-12-31 19:00:00,6.4,0.16631
2023-12-31 20:00:00,8.0,0.1650605
2023-12-31 21:00:00,8.4,0.16274
2023-12-31 22:00:00,8.1,0.1683092
2023-12-31 23:00:00,7.8,0.1585036
2024-01-01 00:00:00,7.7,0.199719
2024-01-01 01:00:00,8.0,0.1996119
2024-01-01 02:00:00,7.5,0.1996
2024-01-01 03:00:00,7.8,0.1995881
2024-01-01 04:00:00,8.0,0.1995643
2024-01-01 05:00:00,8.4,0.1995762
2024-01-01 06:00:00,7.6,0.1995405
2024-01-01 07:00:00,7.0,0.1995762
2024-01-01 08:00:00,6.5,0.1996
2024-01-01 09:00:00,7.0,0.1996476
2024-01-01 10:00:00,7.3,0.1996714
2024-01-01 11:00:00,7.3,0.2002426
2024-01-01 12:00:00,7.5,0.2022656
2024-01-01 13:00:00,7.7,0.2019324
2024-01-01 14:00:00,7.8,0.2008376
2024-01-01 15:00:00,7.2,0.2039554
2024-01-01 16:00:00,7.0,0.2508414
2024-01-01 17:00:00,6.8,0.2590167
2024-01-01 18:00:00,6.5,0.26862
2024-01-01 19:00:00,6.7,0.2641575
2024-01-01 20:00:00,5.8,0.2567319
2024-01-01 21:00:00,5.6,0.2507105
2024-01-01 22:00:00,5.6,0.2556371
2024-01-01 23:00:00,5.3,0.2419045
2024-01-02 00:00:00,4.9,0.2360021
2024-01-02 01:00:00,4.7,0.2234833
2024-01-02 02:00:00,5.0,0.2365257
2024-01-02 03:00:00,5.4,0.2214841
2024-01-02 04:00:00,5.9,0.2127852
2024-01-02 05:00:00,6.0,0.2159982
2024-01-02 06:00:00,5.8,0.2562797
2024-01-02 07:00:00,5.8,0.268739
2024-01-02 08:00:00,5.4,0.2777473
2024-01-02 09:00:00,4.8,0.2766287
2024-01-02 10:00:00,4.7,0.2816862
2024-01-02 11:00:00,5.3,0.2871126
2024-01-02 12:00:00,6.6,0.2926104
2024-01-02 13:00:00,8.0,0.2934553
2024-01-02 14:00:00,8.6,0.2938956
2024-01-02 15:00:00,9.1,0.2947524
2024-01-02 16:00:00,9.3,0.2989174
2024-01-02 17:00:00,9.5,0.2958948
2024-01-02 18:00:00,9.0,0.2887905
2024-01-02 19:00:00,8.7,0.2747842
2024-01-02 20:00:00,8.7,0.2675609
2024-01-02 21:00:00,9.4,0.2553991
2024-01-02 22:00:00,10.7,0.2472
2024-01-02 23:00:00,11.5,0.2084417
2024-01-03 00:00:00,11.4,0.1995048
2024-01-03 01:00:00,11.3,0.1981363
2024-01-03 02:00:00,10.9,0.198053
2024-01-03 03:00:00,11.1,0.1980411
2024-01-03 04:00:00,11.0,0.1980411
2024-01-03 05:00:00,10.7,0.1979578
2024-01-03 06:00:00,10.2,0.2008971
2024-01-03 07:00:00,9.1,0.2479021
2024-01-03 08:00:00,10.0,0.2705359
2024-01-03 09:00:00,10.4,0.2717259
2024-01-03 10:00:00,10.4,0.26743
2024-01-03 11:00:00,10.0,0.2649191
2024-01-03 12:00:00,9.6,0.2637291
2024-01-03 13:00:00,9.9,0.2643598
2024-01-03 14:00:00,9.3,0.2720234
2024-01-03 15:00:00,9.6,0.2795442
2024-01-03 16:00:00,9.8,0.2871721
2024-01-03 17:00:00,9.8,0.2975132
2024-01-03 18:00:00,9.4,0.2983343
2024-01-03 19:00:00,9.2,0.2936457
2024-01-03 20:00:00,8.9,0.2867437
2024-01-03 21:00:00,8.5,0.2798179
2024-01-03 22:00:00,8.5,0.27695
2024-01-03 23:00:00,8.2,0.2687628
2024-01-04 00:00:00,7.8,0.267787
2024-01-04 01:00:00,7.4,0.2596474
2024-01-04 02:00:00,7.4,0.2472
2024-01-04 03:00:00,7.4,0.2299212
2024-01-04 04:00:00,6.3,0.24125
2024-01-04 05:00:00,5.0,0.2682987
2024-01-04 06:00:00,5.1,0.2860535
2024-01-04 07:00:00,4.3,0.3007738
2024-01-04 08:00:00,3.9,0.3084493
2024-01-04 09:00:00,3.6,0.311698
2024-01-04 10:00:00,4.0,0.3086159
2024-01-04 11:00:00,3.7,0.3067357
2024-01-04 12:00:00,3.8,0.302297
2024-01-04 13:00:00,3.4,0.3018924
2024-01-04 14:00:00,3.2,0.3092109
2024-01-04 15:00:00,3.1,0.3169578
2024-01-04 16:00:00,2.9,0.3254187
2024-01-04 17:00:00,2.8,0.3581437
2024-01-04 18:00:00,2.6,0.3717335
2024-01-04 19:00:00,2.6,0.34835
2024-01-04 20:00:00,2.7,0.3228721
2024-01-04 21:00:00,2.5,0.3186119
2024-01-04 22:00:00,2.3,0.3124834
2024-01-04 23:00:00,1.9,0.3053077
2024-01-05 00:00:00,1.7,0.3020352
2024-01-05 01:00:00,1.8,0.2954069
2024-01-05 02:00:00,2.0,0.2912419
2024-01-05 03:00:00,1.9,0.2867199
2024-01-05 04:00:00,1.9,0.2877195
2024-01-05 05:00:00,2.0,0.2900757
2024-01-05 06:00:00,2.2,0.29599
2024-01-05 07:00:00,2.5,0.30313
2024-01-05 08:00:00,2.6,0.3061883
2024-01-05 09:00:00,2.9,0.3125667
2024-01-05 10:00:00,3.2,0.3141732
2024-01-05 11:00:00,3.5,0.3164818
2024-01-05 12:00:00,3.7,0.3093656
2024-01-05 13:00:00,4.2,0.3085326
2024-01-05 14:00:00,4.4,0.3143279
2024-01-05 15:00:00,4.5,0.3186595
2024-01-05 16:00:00,4.1,0.3221343
2024-01-05 17:00:00,4.4,0.3273822
2024-01-05 18:00:00,4.1,0.3286555
2024-01-05 19:00:00,4.2,0.3233124
2024-01-05 20:00:00,4.1,0.3187071
2024-01-05 21:00:00,3.9,0.3116861
2024-01-05 22:00:00,3.7,0.3125548
2024-01-05 23:00:00,3.4,0.302892
2024-01-06 00:00:00,3.3,0.2974775
2024-01-06 01:00:00,3.3,0.295038
2024-01-06 02:00:00,3.3,0.2901947
2024-01-06 03:00:00,3.1,0.2864819
2024-01-06 04:00:00,3.0,0.2864819
2024-01-06 05:00:00,2.9,0.2883621
2024-01-06 06:00:00,2.8,0.288969
2024-01-06 07:00:00,2.5,0.2964541
2024-01-06 08:00:00,2.4,0.304796
2024-01-06 09:00:00,2.3,0.3093537
2024-01-06 10:00:00,2.1,0.315387
2024-01-06 11:00:00,2.1,0.3191117
2024-01-06 12:00:00,1.8,0.3176004
2024-01-06 13:00:00,0.8,0.3129118
2024-01-06 14:00:00,0.4,0.3097345
2024-01-06 15:00:00,0.6,0.3127571
2024-01-06 16:00:00,0.0,0.3184215
2024-01-06 17:00:00,-0.2,0.3236813
2024-01-06 18:00:00,-0.4,0.3229197
2024-01-06 19:00:00,-0.5,0.31741
2024-01-06 20:00:00,-0.6,0.3092466
2024-01-06 21:00:00,-0.9,0.30432
2024-01-06 22:00:00,-1.0,0.3026183
2024-01-06 23:00:00,-1.2,0.2946453
2024-01-07 00:00:00,-1.3,0.2996552
2024-01-07 01:00:00,-1.5,0.2945858
2024-01-07 02:00:00,-1.7,0.2909444
2024-01-07 03:00:00,-1.7,0.2870174
2024-01-07 04:00:00,-2.1,0.2851134
2024-01-07 05:00:00,-1.8,0.2853752
2024-01-07 06:00:00,-2.1,0.288731
2024-01-07 07:00:00,-2.9,0.2920511
2024-01-07 08:00:00,-2.8,0.2969301
2024-01-07 09:00:00,-2.7,0.3005834
2024-01-07 10:00:00,-2.3,0.3033085
2024-01-07 11:00:00,-1.8,0.3056766
2024-01-07 12:00:00,-1.4,0.3051054
2024-01-07 13:00:00,-0.8,0.3005239
2024-01-07 14:00:00,-0.9,0.2999646
2024-01-07 15:00:00,-1.6,0.3043319
2024-01-07 16:00:00,-2.5,0.3107698
2024-01-07 17:00:00,-2.0,0.3207063
2024-01-07 18:00:00,-2.1,0.3243715
2024-01-07 19:00:00,-2.8,0.3228245
2024-01-07 20:00:00,-3.2,0.319195
2024-01-07 21:00:00,-3.5,0.3106389
2024-01-07 22:00:00,-3.3,0.3080923
2024-01-07 23:00:00,-3.1,0.2993934
2024-01-08 00:00:00,-2.8,0.3031538
2024-01-08 01:00:00,-2.8,0.2999408
2024-01-08 02:00:00,-2.7,0.2969658
2024-01-08 03:00:00,-2.4,0.2937409
2024-01-08 04:00:00,-2.6,0.2929912
2024-01-08 05:00:00,-2.4,0.297299
2024-01-08 06:00:00,-3.1,0.311817
2024-01-08 07:00:00,-4.0,0.331809
2024-01-08 08:00:00,-5.1,0.3437209
2024-01-08 09:00:00,-5.1,0.3398177
2024-01-08 10:00:00,-4.6,0.331214
2024-01-08 11:00:00,-3.9,0.32217
2024-01-08 12:00:00,-3.2,0.313245
2024-01-08 13:00:00,-2.6,0.309794
2024-01-08 14:00:00,-2.6,0.3186
2024-01-08 15:00:00,-2.9,0.3280962
2024-01-08 16:00:00,-3.7,0.3386753
2024-01-08 17:00:00,-4.5,0.3532647
2024-01-08 18:00:00,-4.8,0.3543119
2024-01-08 19:00:00,-4.8,0.3449228
2024-01-08 20:00:00,-5.0,0.3355099
2024-01-08 21:00:00,-5.2,0.3219677
2024-01-08 22:00:00,-5.9,0.3185762
2024-01-08 23:00:00,-6.3,0.3084731
2024-01-09 00:00:00,-7.2,0.3045104
2024-01-09 01:00:00,-7.7,0.3031776
2024-01-09 02:00:00,-8.4,0.30075
2024-01-09 03:00:00,-8.8,0.2997266
2024-01-09 04:00:00,-9.0,0.3016068
2024-01-09 05:00:00,-8.8,0.3058432
2024-01-09 06:00:00,-8.9,0.3287269
2024-01-09 07:00:00,-9.3,0.3472314
2024-01-09 08:00:00,-9.1,0.3581556
2024-01-09 09:00:00,-8.2,0.3434829
2024-01-09 10:00:00,-7.3,0.3342961
2024-01-09 11:00:00,-6.4,0.3254782
2024-01-09 12:00:00,-5.4,0.3188618
2024-01-09 13:00:00,-4.6,0.3195758
2024-01-09 14:00:00,-4.0,0.3315591
2024-01-09 15:00:00,-4.2,0.341686
2024-01-09 16:00:00,-4.8,0.3517415
2024-01-09 17:00:00,-6.3,0.3636296
2024-01-09 18:00:00,-6.4,0.363582
2024-01-09 19:00:00,-6.6,0.3548117
2024-01-09 20:00:00,-6.9,0.3426856
2024-01-09 21:00:00,-6.7,0.3324992
2024-01-09 22:00:00,-7.4,0.3259542
2024-01-09 23:00:00,-8.4,0.3151371
2024-01-10 00:00:00,-7.8,0.3058551
2024-01-10 01:00:00,-8.5,0.3028444
2024-01-10 02:00:00,-8.2,0.3028087
2024-01-10 03:00:00,-8.8,0.3020471
2024-01-10 04:00:00,-8.2,0.302297
2024-01-10 05:00:00,-9.3,0.3055695
2024-01-10 06:00:00,-9.3,0.3291672
2024-01-10 07:00:00,-8.9,0.3498851
2024-01-10 08:00:00,-9.4,0.3677232
2024-01-10 09:00:00,-8.2,0.3547641
2024-01-10 10:00:00,-6.8,0.3406864
2024-01-10 11:00:00,-5.3,0.3294647
2024-01-10 12:00:00,-4.2,0.3212299
2024-01-10 13:00:00,-3.5,0.3252759
2024-01-10 14:00:00,-3.1,0.3339629
2024-01-10 15:00:00,-4.2,0.346922
2024-01-10 16:00:00,-4.3,0.3598216
2024-01-10 17:00:00,-5.5,0.3707101
2024-01-10 18:00:00,-6.2,0.3662
2024-01-10 19:00:00,-6.8,0.3568585
2024-01-10 20:00:00,-7.0,0.3424
2024-01-10 21:00:00,-8.0,0.3302144
2024-01-10 22:00:00,-8.3,0.3239431
2024-01-10 23:00:00,-8.4,0.3138757
2024-01-11 00:00:00,-8.9,0.3087825
2024-01-11 01:00:00,-9.4,0.3050221
2024-01-11 02:00:00,-9.8,0.3034275
2024-01-11 03:00:00,-10.2,0.2976322
2024-01-11 04:00:00,-10.2,0.2971205
2024-01-11 05:00:00,-10.2,0.3059384
2024-01-11 06:00:00,-10.1,0.3210633
2024-01-11 07:00:00,-10.2,0.3386634
2024-01-11 08:00:00,-9.3,0.36739
2024-01-11 09:00:00,-7.5,0.3533004
2024-01-11 10:00:00,-6.1,0.3348435
2024-01-11 11:00:00,-4.6,0.3263112
2024-01-11 12:00:00,-3.9,0.3178622
2024-01-11 13:00:00,-3.2,0.31741
2024-01-11 14:00:00,-2.5,0.3257162
2024-01-11 15:00:00,-2.2,0.3399724
2024-01-11 16:00:00,-2.0,0.3630465
2024-01-11 17:00:00,-1.6,0.3782071
2024-01-11 18:00:00,-1.1,0.3622611
2024-01-11 19:00:00,-0.9,0.3570489
2024-01-11 20:00:00,-0.6,0.3398772
2024-01-11 21:00:00,-0.4,0.3271561
2024-01-11 22:00:00,-0.2,0.3186
2024-01-11 23:00:00,0.0,0.3152918
2024-01-12 00:00:00,0.1,0.3079376
2024-01-12 01:00:00,0.2,0.3045818
2024-01-12 02:00:00,0.2,0.3010118
2024-01-12 03:00:00,0.0,0.3003097
2024-01-12 04:00:00,-0.2,0.2999646
2024-01-12 05:00:00,-0.3,0.3011308
2024-01-12 06:00:00,-0.4,0.3092109
2024-01-12 07:00:00,-0.2,0.3402104
2024-01-12 08:00:00,-0.2,0.3670806
2024-01-12 09:00:00,0.0,0.3602024
2024-01-12 10:00:00,0.5,0.3447919
2024-01-12 11:00:00,1.0,0.3361287
2024-01-12 12:00:00,1.0,0.3269062
2024-01-12 13:00:00,0.8,0.3222652
2024-01-12 14:00:00,0.7,0.3240026
2024-01-12 15:00:00,1.0,0.3305
2024-01-12 16:00:00,1.0,0.3424
2024-01-12 17:00:00,1.2,0.351325
2024-01-12 18:00:00,1.4,0.34954
2024-01-12 19:00:00,1.5,0.3417693
2024-01-12 20:00:00,1.8,0.3290601
2024-01-12 21:00:00,1.8,0.3167912
2024-01-12 22:00:00,2.0,0.3107103
2024-01-12 23:00:00,2.0,0.3012022
2024-01-13 00:00:00,2.0,0.3067
2024-01-13 01:00:00,2.0,0.30075
2024-01-13 02:00:00,2.0,0.29718
2024-01-13 03:00:00,1.9,0.2929793
2024-01-13 04:00:00,1.8,0.28885
2024-01-13 05:00:00,1.7,0.2887548
2024-01-13 06:00:00,1.7,0.292539
2024-01-13 07:00:00,1.6,0.2974418
2024-01-13 08:00:00,1.6,0.3010594
2024-01-13 09:00:00,1.9,0.2889809
2024-01-13 10:00:00,2.3,0.2879099
2024-01-13 11:00:00,2.3,0.2861368
2024-01-13 12:00:00,2.3,0.2833165
2024-01-13 13:00:00,2.7,0.2753673
2024-01-13 14:00:00,2.7,0.2804129
2024-01-13 15:00:00,2.7,0.2812459
2024-01-13 16:00:00,2.8,0.2838282
2024-01-13 17:00:00,2.8,0.2879218
2024-01-13 18:00:00,2.9,0.2898139
2024-01-13 19:00:00,3.0,0.2874458
2024-01-13 20:00:00,3.0,0.2865414
2024-01-13 21:00:00,2.9,0.2840067
2024-01-13 22:00:00,2.9,0.276117
2024-01-13 23:00:00,3.0,0.2747604
2024-01-14 00:00:00,3.4,0.2757838
2024-01-14 01:00:00,3.3,0.2735109
2024-01-14 02:00:00,3.4,0.2744867
2024-01-14 03:00:00,3.3,0.2757719
2024-01-14 04:00:00,3.0,0.2765573
2024-01-14 05:00:00,2.8,0.277188
2024-01-14 06:00:00,2.6,0.2796989
2024-01-14 07:00:00,2.5,0.2848754
2024-01-14 08:00:00,2.5,0.2909206
2024-01-14 09:00:00,2.7,0.2961566
2024-01-14 10:00:00,3.2,0.2955497
2024-01-14 11:00:00,2.7,0.2969896
2024-01-14 12:00:00,2.3,0.2952641
2024-01-14 13:00:00,2.3,0.2912776
2024-01-14 14:00:00,2.1,0.2937885
2024-01-14 15:00:00,1.8,0.2975608
2024-01-14 16:00:00,1.5,0.3026778
2024-01-14 17:00:00,1.6,0.3089134
2024-01-14 18:00:00,1.7,0.3149943
2024-01-14 19:00:00,1.5,0.3054029
2024-01-14 20:00:00,1.4,0.29599
2024-01-14 21:00:00,1.5,0.293134
2024-01-14 22:00:00,1.4,0.2893141
2024-01-14 23:00:00,0.9,0.2795561
2024-01-15 00:00:00,1.0,0.280401
2024-01-15 01:00:00,1.2,0.27695
2024-01-15 02:00:00,1.4,0.2756886
2024-01-15 03:00:00,1.7,0.2734276
2024-01-15 04:00:00,1.5,0.2734276
2024-01-15 05:00:00,1.6,0.2820075
2024-01-15 06:00:00,1.5,0.2947405
2024-01-15 07:00:00,1.4,0.2993696
2024-01-15 08:00:00,1.0,0.317767
2024-01-15 09:00:00,1.3,0.3189451
2024-01-15 10:00:00,1.8,0.3125072
2024-01-15 11:00:00,1.7,0.3070094
2024-01-15 12:00:00,2.0,0.2993934
2024-01-15 13:00:00,2.2,0.2973585
2024-01-15 14:00:00,1.8,0.300155
2024-01-15 15:00:00,1.0,0.3060336
2024-01-15 16:00:00,0.5,0.3156488
2024-01-15 17:00:00,0.8,0.3262874
2024-01-15 18:00:00,1.0,0.333832
2024-01-15 19:00:00,1.0,0.3309522
2024-01-15 20:00:00,0.9,0.3214798
2024-01-15 21:00:00,0.5,0.3088182
2024-01-15 22:00:00,1.0,0.3060931
2024-01-15 23:00:00,0.8,0.3024517
2024-01-16 00:00:00,1.0,0.2965255
2024-01-16 01:00:00,0.7,0.2960733
2024-01-16 02:00:00,0.6,0.2947048
2024-01-16 03:00:00,0.3,0.2926461
2024-01-16 04:00:00,0.0,0.2911943
2024-01-16 05:00:00,0.0,0.2965255
2024-01-16 06:00:00,-0.4,0.3115433
2024-01-16 07:00:00,0.0,0.3361763
2024-01-16 08:00:00,-0.2,0.3710909
2024-01-16 09:00:00,0.2,0.364534
2024-01-16 10:00:00,0.6,0.34478
2024-01-16 11:00:00,1.0,0.3305
2024-01-16 12:00:00,1.2,0.3226817
2024-01-16 13:00:00,1.2,0.3126262
2024-01-16 14:00:00,1.2,0.31384
2024-01-16 15:00:00,1.0,0.3307975
2024-01-16 16:00:00,0.1,0.3321541
2024-01-16 17:00:00,-0.1,0.3520985
2024-01-16 18:00:00,-0.1,0.3510989
2024-01-16 19:00:00,-0.1,0.3326063
2024-01-16 20:00:00,-0.6,0.3132331
2024-01-16 21:00:00,-0.9,0.3021899
2024-01-16 22:00:00,-1.5,0.2972276
2024-01-16 23:00:00,-1.6,0.2920511
2024-01-17 00:00:00,-1.8,0.2848159
2024-01-17 01:00:00,-1.8,0.2847088
2024-01-17 02:00:00,-2.0,0.2837211
2024-01-17 03:00:00,-1.9,0.2825906
2024-01-17 04:00:00,-2.4,0.2822693
2024-01-17 05:00:00,-2.9,0.2841614
2024-01-17 06:00:00,-3.0,0.2889571
2024-01-17 07:00:00,-2.9,0.3000241
2024-01-17 08:00:00,-2.9,0.314435
2024-01-17 09:00:00,-2.3,0.3259304
2024-01-17 10:00:00,-1.8,0.3308927
2024-01-17 11:00:00,-1.0,0.331809
2024-01-17 12:00:00,-0.8,0.3396749
2024-01-17 13:00:00,-0.5,0.344423
2024-01-17 14:00:00,-0.5,0.3444706
2024-01-17 15:00:00,-0.5,0.3488974
2024-01-17 16:00:00,-0.7,0.3525864
2024-01-17 17:00:00,-1.1,0.3668188
2024-01-17 18:00:00,-1.3,0.3466721
2024-01-17 19:00:00,-1.4,0.3355932
2024-01-17 20:00:00,-1.8,0.330262
2024-01-17 21:00:00,-2.6,0.3198971
2024-01-17 22:00:00,-2.4,0.3117932
2024-01-17 23:00:00,-2.0,0.2997623
2024-01-18 00:00:00,-1.7,0.2963827
2024-01-18 01:00:00,-1.6,0.291468
2024-01-18 02:00:00,-1.8,0.2891951
2024-01-18 03:00:00,-2.0,0.2887429
2024-01-18 04:00:00,-2.3,0.2919083
2024-01-18 05:00:00,-2.7,0.29599
2024-01-18 06:00:00,-2.6,0.3084136
2024-01-18 07:00:00,-3.2,0.3323445
2024-01-18 08:00:00,-4.3,0.3494091
2024-01-18 09:00:00,-3.1,0.3449823
2024-01-18 10:00:00,-1.2,0.331571
2024-01-18 11:00:00,0.1,0.3280605
2024-01-18 12:00:00,1.1,0.3109245
2024-01-18 13:00:00,1.7,0.3038678
2024-01-18 14:00:00,1.4,0.3024517
2024-01-18 15:00:00,1.8,0.3117575
2024-01-18 16:00:00,0.0,0.3180288
2024-01-18 17:00:00,-1.6,0.3241692
2024-01-18 18:00:00,-1.7,0.3224794
2024-01-18 19:00:00,-1.3,0.3120907
2024-01-18 20:00:00,-1.7,0.3030943
2024-01-18 21:00:00,-1.2,0.2985128
2024-01-18 22:00:00,-1.4,0.2959067
2024-01-18 23:00:00,-1.0,0.2871959
2024-01-19 00:00:00,-1.1,0.2835902
2024-01-19 01:00:00,-0.6,0.2792705
2024-01-19 02:00:00,0.0,0.2776997
2024-01-19 03:00:00,-0.2,0.2742844
2024-01-19 04:00:00,0.0,0.2749508
2024-01-19 05:00:00,-0.5,0.2798893
2024-01-19 06:00:00,-0.6,0.2923486
2024-01-19 07:00:00,-0.8,0.3033323
2024-01-19 08:00:00,-1.1,0.3236813
2024-01-19 09:00:00,-0.6,0.3222414
2024-01-19 10:00:00,0.2,0.3128285
2024-01-19 11:00:00,1.1,0.3023684
2024-01-19 12:00:00,1.9,0.2910277
2024-01-19 13:00:00,2.2,0.2868865
2024-01-19 14:00:00,2.6,0.2890999
2024-01-19 15:00:00,1.8,0.2917655
2024-01-19 16:00:00,1.2,0.3003811
2024-01-19 17:00:00,1.1,0.310984
2024-01-19 18:00:00,0.9,0.308723
2024-01-19 19:00:00,0.7,0.2974537
2024-01-19 20:00:00,0.4,0.28766
2024-01-19 21:00:00,0.2,0.2842328
2024-01-19 22:00:00,0.2,0.2812816
2024-01-19 23:00:00,0.2,0.2766525
2024-01-20 00:00:00,0.1,0.27814
2024-01-20 01:00:00,0.3,0.2751055
2024-01-20 02:00:00,0.4,0.2752126
2024-01-20 03:00:00,0.6,0.2731658
2024-01-20 04:00:00,0.4,0.2732015
2024-01-20 05:00:00,0.3,0.2730825
2024-01-20 06:00:00,-0.3,0.2740821
2024-01-20 07:00:00,-0.4,0.279211
2024-01-20 08:00:00,-0.3,0.2886358
2024-01-20 09:00:00,0.5,0.292301
2024-01-20 10:00:00,1.1,0.285042
2024-01-20 11:00:00,2.0,0.2838163
2024-01-20 12:00:00,2.0,0.2801987
2024-01-20 13:00:00,2.2,0.2814482
2024-01-20 14:00:00,2.4,0.2869341
2024-01-20 15:00:00,2.5,0.2937409
2024-01-20 16:00:00,1.7,0.304082
2024-01-20 17:00:00,0.9,0.3125667
2024-01-20 18:00:00,0.4,0.3184453
2024-01-20 19:00:00,0.6,0.3085683
2024-01-20 20:00:00,-0.3,0.2971443
2024-01-20 21:00:00,-0.2,0.2897306
2024-01-20 22:00:00,0.0,0.2884692
2024-01-20 23:00:00,-0.4,0.2818647
2024-01-21 00:00:00,-0.5,0.2791277
2024-01-21 01:00:00,-0.2,0.2680845
2024-01-21 02:00:00,-0.3,0.2652285
2024-01-21 03:00:00,-0.6,0.2601591
2024-01-21 04:00:00,-0.5,0.2573269
2024-01-21 05:00:00,-0.5,0.2560655
2024-01-21 06:00:00,-0.1,0.2537807
2024-01-21 07:00:00,1.3,0.2519124
2024-01-21 08:00:00,2.9,0.2607184
2024-01-21 09:00:00,2.6,0.2642884
2024-01-21 10:00:00,3.4,0.2544114
2024-01-21 11:00:00,3.4,0.2575173
2024-01-21 12:00:00,4.1,0.2453912
2024-01-21 13:00:00,4.4,0.2444511
2024-01-21 14:00:00,4.5,0.252317
2024-01-21 15:00:00,4.1,0.2579576
2024-01-21 16:00:00,2.9,0.2588977
2024-01-21 17:00:00,3.2,0.2670135
2024-01-21 18:00:00,3.2,0.2727255
2024-01-21 19:00:00,3.6,0.2693816
2024-01-21 20:00:00,3.7,0.260885
2024-01-21 21:00:00,4.2,0.2620274
2024-01-21 22:00:00,4.1,0.2595641
2024-01-21 23:00:00,4.6,0.2465574
2024-01-22 00:00:00,5.2,0.2432254
2024-01-22 01:00:00,5.4,0.2260656
2024-01-22 02:00:00,6.0,0.2217578
2024-01-22 03:00:00,7.0,0.2055976
2024-01-22 04:00:00,7.4,0.2056214
2024-01-22 05:00:00,7.6,0.2234
2024-01-22 06:00:00,7.1,0.247795
2024-01-22 07:00:00,7.8,0.2715593
2024-01-22 08:00:00,8.6,0.2787112
2024-01-22 09:00:00,10.4,0.2681202
2024-01-22 10:00:00,10.4,0.2728445
2024-01-22 11:00:00,11.1,0.271714
2024-01-22 12:00:00,11.1,0.2673348
2024-01-22 13:00:00,9.1,0.2670968
2024-01-22 14:00:00,9.0,0.2688937
2024-01-22 15:00:00,8.7,0.2706787
2024-01-22 16:00:00,8.1,0.2709881
2024-01-22 17:00:00,7.9,0.2840186
2024-01-22 18:00:00,7.2,0.2916465
2024-01-22 19:00:00,7.7,0.2852681
2024-01-22 20:00:00,7.7,0.2789135
2024-01-22 21:00:00,7.6,0.26743
2024-01-22 22:00:00,4.5,0.2661091
2024-01-22 23:00:00,6.5,0.2589572
2024-01-23 00:00:00,6.8,0.2189137
2024-01-23 01:00:00,6.9,0.211619
2024-01-23 02:00:00,7.3,0.2107503
2024-01-23 03:00:00,6.8,0.2045623
2024-01-23 04:00:00,6.4,0.2117618
2024-01-23 05:00:00,6.6,0.2462837
2024-01-23 06:00:00,6.7,0.2707144
2024-01-23 07:00:00,6.9,0.2905398
2024-01-23 08:00:00,6.6,0.2826858
2024-01-23 09:00:00,6.4,0.2828167
2024-01-23 10:00:00,6.7,0.2709643
2024-01-23 11:00:00,7.0,0.270762
2024-01-23 12:00:00,7.2,0.2699766
2024-01-23 13:00:00,7.4,0.2703217
2024-01-23 14:00:00,7.1,0.274213
2024-01-23 15:00:00,7.1,0.2884097
2024-01-23 16:00:00,6.5,0.2935505
2024-01-23 17:00:00,6.9,0.2966921
2024-01-23 18:00:00,7.3,0.3001669
2024-01-23 19:00:00,7.0,0.2883145
2024-01-23 20:00:00,6.4,0.2733205
2024-01-23 21:00:00,5.8,0.2635506
2024-01-23 22:00:00,7.0,0.2535784
2024-01-23 23:00:00,7.9,0.2391794
2024-01-24 00:00:00,10.1,0.2032295
2024-01-24 01:00:00,10.7,0.1995643
2024-01-24 02:00:00,11.3,0.1988384
2024-01-24 03:00:00,11.5,0.1943521
2024-01-24 04:00:00,12.0,0.1938404
2024-01-24 05:00:00,12.0,0.1993858
2024-01-24 06:00:00,11.3,0.2171644
2024-01-24 07:00:00,11.0,0.2496871
2024-01-24 08:00:00,10.7,0.2609802
2024-01-24 09:00:00,10.9,0.2600044
2024-01-24 10:00:00,10.5,0.259219
2024-01-24 11:00:00,10.6,0.2600282
2024-01-24 12:00:00,10.5,0.2463908
2024-01-24 13:00:00,10.5,0.2429636
2024-01-24 14:00:00,9.9,0.2531976
2024-01-24 15:00:00,9.8,0.2590405
2024-01-24 16:00:00,9.5,0.260052
2024-01-24 17:00:00,9.2,0.2641099
2024-01-24 18:00:00,9.1,0.2630508
2024-01-24 19:00:00,8.9,0.2592071
2024-01-24 20:00:00,8.6,0.2497942
2024-01-24 21:00:00,8.4,0.2472476
2024-01-24 22:00:00,8.1,0.2495919
2024-01-24 23:00:00,7.6,0.2454507
2024-01-25 00:00:00,8.0,0.2523646
2024-01-25 01:00:00,7.8,0.2532214
2024-01-25 02:00:00,7.2,0.2511746
2024-01-25 03:00:00,7.1,0.2530548
2024-01-25 04:00:00,7.0,0.2546018
2024-01-25 05:00:00,6.3,0.2619322
2024-01-25 06:00:00,6.3,0.281829
2024-01-25 07:00:00,5.8,0.2920035
2024-01-25 08:00:00,5.9,0.3089253
2024-01-25 09:00:00,6.0,0.3042843
2024-01-25 10:00:00,6.0,0.2995005
2024-01-25 11:00:00,6.3,0.2932054
2024-01-25 12:00:00,6.1,0.2887905
2024-01-25 13:00:00,6.6,0.2922534
2024-01-25 14:00:00,7.1,0.3032133
2024-01-25 15:00:00,7.1,0.3113529
2024-01-25 16:00:00,6.5,0.3215274
2024-01-25 17:00:00,5.7,0.3464222
2024-01-25 18:00:00,5.6,0.3370926
2024-01-25 19:00:00,5.0,0.3171601
2024-01-25 20:00:00,4.2,0.3079733
2024-01-25 21:00:00,5.4,0.3023089
2024-01-25 22:00:00,6.1,0.2953117
2024-01-25 23:00:00,6.3,0.2890404
2024-01-26 00:00:00,6.4,0.274332
2024-01-26 01:00:00,6.9,0.27338
2024-01-26 02:00:00,7.1,0.2692031
2024-01-26 03:00:00,6.9,0.2682987
2024-01-26 04:00:00,7.1,0.2675133
2024-01-26 05:00:00,7.6,0.2616704
2024-01-26 06:00:00,7.8,0.2702503
2024-01-26 07:00:00,8.2,0.2842328
2024-01-26 08:00:00,9.3,0.2907421
2024-01-26 09:00:00,9.9,0.2835902
2024-01-26 10:00:00,9.5,0.2729159
2024-01-26 11:00:00,10.0,0.2699766
2024-01-26 12:00:00,10.9,0.2618132
2024-01-26 13:00:00,9.1,0.2548993
2024-01-26 14:00:00,8.8,0.2582432
2024-01-26 15:00:00,7.8,0.2592309
2024-01-26 16:00:00,6.2,0.2623606
2024-01-26 17:00:00,6.1,0.271833
2024-01-26 18:00:00,6.1,0.2695125
2024-01-26 19:00:00,5.7,0.2769024
2024-01-26 20:00:00,5.3,0.2695482
2024-01-26 21:00:00,5.4,0.2734038
2024-01-26 22:00:00,5.1,0.2705002
2024-01-26 23:00:00,5.2,0.2675252
2024-01-27 00:00:00,5.0,0.265645
2024-01-27 01:00:00,5.1,0.2650857
2024-01-27 02:00:00,3.8,0.2664899
2024-01-27 03:00:00,3.4,0.2651095
2024-01-27 04:00:00,3.1,0.2659306
2024-01-27 05:00:00,2.7,0.2672277
2024-01-27 06:00:00,2.7,0.2698933
2024-01-27 07:00:00,2.1,0.2780329
2024-01-27 08:00:00,2.5,0.2891951
2024-01-27 09:00:00,3.8,0.2859464
2024-01-27 10:00:00,4.9,0.2710714
2024-01-27 11:00:00,5.8,0.2669659
2024-01-27 12:00:00,6.7,0.2660496
2024-01-27 13:00:00,7.1,0.2637172
2024-01-27 14:00:00,7.5,0.2706668
2024-01-27 15:00:00,7.2,0.2858036
2024-01-27 16:00:00,6.0,0.2991078
2024-01-27 17:00:00,4.7,0.3107103
2024-01-27 18:00:00,4.3,0.3137805
2024-01-27 19:00:00,3.6,0.3097107
2024-01-27 20:00:00,3.2,0.3000598
2024-01-27 21:00:00,2.8,0.2901233
2024-01-27 22:00:00,1.0,0.2900043
2024-01-27 23:00:00,0.6,0.286113
2024-01-28 00:00:00,0.3,0.2790563
2024-01-28 01:00:00,-0.4,0.2720948
2024-01-28 02:00:00,0.3,0.2705835
2024-01-28 03:00:00,0.3,0.2709286
2024-01-28 04:00:00,0.1,0.272666
2024-01-28 05:00:00,-0.8,0.2758909
2024-01-28 06:00:00,-0.2,0.2716307
2024-01-28 07:00:00,-0.1,0.2705716
2024-01-28 08:00:00,0.7,0.2705597
2024-01-28 09:00:00,2.2,0.2651452
2024-01-28 10:00:00,4.5,0.2604804
2024-01-28 11:00:00,6.3,0.2540425
2024-01-28 12:00:00,7.7,0.2490802
2024-01-28 13:00:00,8.9,0.2473071
2024-01-28 14:00:00,9.3,0.2598735
2024-01-28 15:00:00,9.3,0.2667279
2024-01-28 16:00:00,8.1,0.2815553
2024-01-28 17:00:00,6.5,0.2922296
2024-01-28 18:00:00,6.1,0.2851967
2024-01-28 19:00:00,6.6,0.2827572
2024-01-28 20:00:00,6.4,0.2808175
2024-01-28 21:00:00,6.1,0.2676323
2024-01-28 22:00:00,6.2,0.2703217
2024-01-28 23:00:00,6.2,0.26624
2024-01-29 00:00:00,6.2,0.2590643
2024-01-29 01:00:00,5.7,0.2558394
2024-01-29 02:00:00,5.8,0.2568628
2024-01-29 03:00:00,6.3,0.2566843
2024-01-29 04:00:00,5.8,0.2609802
2024-01-29 05:00:00,5.4,0.2710714
2024-01-29 06:00:00,5.1,0.2948
2024-01-29 07:00:00,4.6,0.3109483
2024-01-29 08:00:00,4.8,0.3176123
2024-01-29 09:00:00,5.8,0.3047841
2024-01-29 10:00:00,7.6,0.293491
2024-01-29 11:00:00,9.1,0.2844113
2024-01-29 12:00:00,10.3,0.2831856
2024-01-29 13:00:00,11.0,0.2888381
2024-01-29 14:00:00,10.5,0.2978345
2024-01-29 15:00:00,10.6,0.315744
2024-01-29 16:00:00,9.3,0.3286317
2024-01-29 17:00:00,8.4,0.3512298
2024-01-29 18:00:00,7.3,0.339187
2024-01-29 19:00:00,7.1,0.3275488
2024-01-29 20:00:00,7.0,0.3090562
2024-01-29 21:00:00,6.5,0.3028801
2024-01-29 22:00:00,6.3,0.2988698
2024-01-29 23:00:00,6.0,0.2951451
2024-01-30 00:00:00,5.4,0.2852086
2024-01-30 01:00:00,6.0,0.2814601
2024-01-30 02:00:00,5.9,0.2821503
2024-01-30 03:00:00,5.5,0.2798536
2024-01-30 04:00:00,6.1,0.2795442
2024-01-30 05:00:00,4.9,0.2821503
2024-01-30 06:00:00,5.4,0.2929317
2024-01-30 07:00:00,5.6,0.307414
2024-01-30 08:00:00,5.7,0.3137567
2024-01-30 09:00:00,6.5,0.3006667
2024-01-30 10:00:00,7.7,0.2914085
2024-01-30 11:00:00,9.0,0.283019
2024-01-30 12:00:00,9.6,0.280639
2024-01-30 13:00:00,11.4,0.2807937
2024-01-30 14:00:00,11.4,0.2851967
2024-01-30 15:00:00,11.2,0.2941931
2024-01-30 16:00:00,10.6,0.2976084
2024-01-30 17:00:00,10.5,0.3045223
2024-01-30 18:00:00,10.5,0.3176837
2024-01-30 19:00:00,10.1,0.3089729
2024-01-30 20:00:00,9.2,0.3019876
2024-01-30 21:00:00,9.0,0.29242
2024-01-30 22:00:00,8.4,0.2888619
2024-01-30 23:00:00,7.5,0.2846969
2024-01-31 00:00:00,6.9,0.2849587
2024-01-31 01:00:00,6.1,0.2831261
2024-01-31 02:00:00,5.5,0.2839591
2024-01-31 03:00:00,5.4,0.2826858
2024-01-31 04:00:00,4.8,0.2818766
2024-01-31 05:00:00,4.5,0.2874458
2024-01-31 06:00:00,4.5,0.3005715
2024-01-31 07:00:00,4.5,0.3283223
2024-01-31 08:00:00,4.4,0.3423167
2024-01-31 09:00:00,4.5,0.3109959
2024-01-31 10:00:00,4.7,0.2983462
2024-01-31 11:00:00,4.9,0.2913371
2024-01-31 12:00:00,5.0,0.2887429
2024-01-31 13:00:00,5.4,0.2801154
2024-01-31 14:00:00,5.6,0.2789611
2024-01-31 15:00:00,5.8,0.2898853
2024-01-31 16:00:00,5.9,0.2967278
2024-01-31 17:00:00,6.2,0.3042129
2024-01-31 18:00:00,6.4,0.3028682
2024-01-31 19:00:00,6.4,0.2872435
2024-01-31 20:00:00,6.3,0.2781757
2024-01-31 21:00:00,6.1,0.2673824
2024-01-31 22:00:00,5.9,0.2639552
2024-01-31 23:00:00,6.3,0.2468787
2024-02-01 00:00:00,6.8,0.2556014
2024-02-01 01:00:00,6.0,0.2485328
2024-02-01 02:00:00,5.9,0.2497704
2024-02-01 03:00:00,6.2,0.2508295
2024-02-01 04:00:00,6.2,0.2554229
2024-02-01 05:00:00,6.7,0.2654546
2024-02-01 06:00:00,6.1,0.2817219
2024-02-01 07:00:00,5.7,0.3020828
2024-02-01 08:00:00,5.3,0.309675
2024-02-01 09:00:00,5.6,0.3022851
2024-02-01 10:00:00,6.0,0.2991673
2024-02-01 11:00:00,6.3,0.2914918
2024-02-01 12:00:00,7.0,0.280044
2024-02-01 13:00:00,7.2,0.2677394
2024-02-01 14:00:00,7.3,0.2814006
2024-02-01 15:00:00,6.8,0.2889333
2024-02-01 16:00:00,6.4,0.2912895
2024-02-01 17:00:00,5.4,0.3086159
2024-02-01 18:00:00,5.0,0.3122573
2024-02-01 19:00:00,4.8,0.3160891
2024-02-01 20:00:00,4.6,0.3066643
2024-02-01 21:00:00,4.2,0.2987151
2024-02-01 22:00:00,4.0,0.2970372
2024-02-01 23:00:00,3.5,0.2869222
2024-02-02 00:00:00,4.0,0.2760813
2024-02-02 01:00:00,4.4,0.2709286
2024-02-02 02:00:00,4.6,0.26862
2024-02-02 03:00:00,4.6,0.2646811
2024-02-02 04:00:00,4.9,0.2629437
2024-02-02 05:00:00,5.2,0.2651333
2024-02-02 06:00:00,5.2,0.2792586
2024-02-02 07:00:00,5.1,0.2912181
2024-02-02 08:00:00,5.5,0.3058908
2024-02-02 09:00:00,5.9,0.301821
2024-02-02 10:00:00,6.4,0.2957163
2024-02-02 11:00:00,6.5,0.2890285
2024-02-02 12:00:00,6.6,0.276712
2024-02-02 13:00:00,7.1,0.2668588
2024-02-02 14:00:00,7.7,0.2648477
2024-02-02 15:00:00,7.8,0.2627771
2024-02-02 16:00:00,7.2,0.2623487
2024-02-02 17:00:00,6.8,0.269215
2024-02-02 18:00:00,7.0,0.2816743
2024-02-02 19:00:00,7.3,0.2749746
2024-02-02 20:00:00,7.4,0.2651214
2024-02-02 21:00:00,7.8,0.2587192
2024-02-02 22:00:00,8.2,0.2543757
2024-02-02 23:00:00,8.7,0.2424995
2024-02-03 00:00:00,9.0,0.2290406
2024-02-03 01:00:00,9.4,0.2148915
2024-02-03 02:00:00,9.7,0.2076087
2024-02-03 03:00:00,9.2,0.2121069
2024-02-03 04:00:00,9.3,0.2097507
2024-02-03 05:00:00,9.2,0.210072
2024-02-03 06:00:00,9.2,0.2192112
2024-02-03 07:00:00,9.2,0.2402623
2024-02-03 08:00:00,9.5,0.2543281
2024-02-03 09:00:00,9.6,0.2543043
2024-02-03 10:00:00,9.5,0.2419878
2024-02-03 11:00:00,9.9,0.2357998
2024-02-03 12:00:00,10.0,0.2359902
2024-02-03 13:00:00,10.4,0.2360378
2024-02-03 14:00:00,10.7,0.2480806
2024-02-03 15:00:00,10.7,0.251603
2024-02-03 16:00:00,10.4,0.2583384
2024-02-03 17:00:00,10.2,0.2684177
2024-02-03 18:00:00,10.2,0.2811983
2024-02-03 19:00:00,8.9,0.2781162
2024-02-03 20:00:00,8.6,0.2643003
2024-02-03 21:00:00,7.7,0.2605399
2024-02-03 22:00:00,8.0,0.2600639
2024-02-03 23:00:00,8.3,0.2456649
2024-02-04 00:00:00,8.0,0.241607
2024-02-04 01:00:00,7.6,0.2115476
2024-02-04 02:00:00,7.6,0.2034437
2024-02-04 03:00:00,8.5,0.2004092
2024-02-04 04:00:00,7.9,0.1996
2024-02-04 05:00:00,7.2,0.1996
2024-02-04 06:00:00,7.2,0.1996
2024-02-04 07:00:00,7.6,0.2008495
2024-02-04 08:00:00,7.3,0.2101553
2024-02-04 09:00:00,8.0,0.2112977
2024-02-04 10:00:00,8.0,0.2125353
2024-02-04 11:00:00,8.4,0.2148439
2024-02-04 12:00:00,8.7,0.2160458
2024-02-04 13:00:00,8.7,0.2050978
2024-02-04 14:00:00,8.8,0.2111668
2024-02-04 15:00:00,8.6,0.2183068
2024-02-04 16:00:00,8.4,0.2215317
2024-02-04 17:00:00,7.9,0.2459029
2024-02-04 18:00:00,7.5,0.2543519
2024-02-04 19:00:00,8.1,0.2426423
2024-02-04 20:00:00,8.8,0.2341695
2024-02-04 21:00:00,9.9,0.2287788
2024-02-04 22:00:00,10.2,0.2286836
2024-02-04 23:00:00,10.4,0.2002783
2024-02-05 00:00:00,10.3,0.1996
2024-02-05 01:00:00,10.2,0.1995643
2024-02-05 02:00:00,10.1,0.1995167
2024-02-05 03:00:00,10.1,0.1994453
2024-02-05 04:00:00,9.9,0.1995405
2024-02-05 05:00:00,9.8,0.2000998
2024-02-05 06:00:00,10.2,0.2459743
2024-02-05 07:00:00,10.1,0.2697029
2024-02-05 08:00:00,9.9,0.2737608
2024-02-05 09:00:00,9.8,0.2672634
2024-02-05 10:00:00,9.9,0.2625867
2024-02-05 11:00:00,9.8,0.2473785
2024-02-05 12:00:00,9.8,0.2079895
2024-02-05 13:00:00,10.1,0.2008971
2024-02-05 14:00:00,10.0,0.2055619
2024-02-05 15:00:00,10.0,0.262789
2024-02-05 16:00:00,10.1,0.2718568
2024-02-05 17:00:00,10.0,0.2810793
2024-02-05 18:00:00,10.3,0.2814482
2024-02-05 19:00:00,10.1,0.2731896
2024-02-05 20:00:00,9.7,0.2715712
2024-02-05 21:00:00,9.0,0.2705835
2024-02-05 22:00:00,8.9,0.266597
2024-02-05 23:00:00,8.3,0.2560179
2024-02-06 00:00:00,7.9,0.2412976
2024-02-06 01:00:00,7.9,0.2325035
2024-02-06 02:00:00,8.3,0.2080252
2024-02-06 03:00:00,8.9,0.2032533
2024-02-06 04:00:00,8.7,0.2019086
2024-02-06 05:00:00,8.7,0.2226622
2024-02-06 06:00:00,9.0,0.2591
2024-02-06 07:00:00,9.0,0.2807104
2024-02-06 08:00:00,8.8,0.27338
2024-02-06 09:00:00,8.6,0.2726065
2024-02-06 10:00:00,9.4,0.2669064
2024-02-06 11:00:00,9.6,0.261123
2024-02-06 12:00:00,9.9,0.2513293
2024-02-06 13:00:00,10.6,0.2502226
2024-02-06 14:00:00,11.1,0.2473309
2024-02-06 15:00:00,10.8,0.2589929
2024-02-06 16:00:00,10.6,0.2668588
2024-02-06 17:00:00,10.9,0.2745343
2024-02-06 18:00:00,10.5,0.2733324
2024-02-06 19:00:00,10.3,0.2723804
2024-02-06 20:00:00,10.3,0.2699766
2024-02-06 21:00:00,10.2,0.2667636
2024-02-06 22:00:00,10.4,0.2668588
2024-02-06 23:00:00,10.6,0.2619084
2024-02-07 00:00:00,8.1,0.2485923
2024-02-07 01:00:00,5.2,0.2418688
2024-02-07 02:00:00,4.6,0.2402385
2024-02-07 03:00:00,3.2,0.2550421
2024-02-07 04:00:00,3.2,0.2644193
2024-02-07 05:00:00,3.7,0.2705597
2024-02-07 06:00:00,3.9,0.2886477
2024-02-07 07:00:00,4.0,0.3027373
2024-02-07 08:00:00,4.3,0.30313
2024-02-07 09:00:00,4.3,0.3013807
2024-02-07 10:00:00,4.9,0.2961923
2024-02-07 11:00:00,5.0,0.2924319
2024-02-07 12:00:00,4.9,0.2900162
2024-02-07 13:00:00,5.2,0.2938956
2024-02-07 14:00:00,5.5,0.2924081
2024-02-07 15:00:00,5.0,0.3045699
2024-02-07 16:00:00,4.4,0.315387
2024-02-07 17:00:00,3.0,0.3424595
2024-02-07 18:00:00,3.2,0.3617018
2024-02-07 19:00:00,2.1,0.330143
2024-02-07 20:00:00,1.5,0.3184929
2024-02-07 21:00:00,1.1,0.3039035
2024-02-07 22:00:00,0.0,0.2991197
2024-02-07 23:00:00,-0.7,0.2938599
2024-02-08 00:00:00,-0.8,0.287303
2024-02-08 01:00:00,-1.2,0.286708
2024-02-08 02:00:00,-1.0,0.2854585
2024-02-08 03:00:00,-1.3,0.2863986
2024-02-08 04:00:00,-0.9,0.2872435
2024-02-08 05:00:00,-0.4,0.2922415
2024-02-08 06:00:00,-0.1,0.3032252
2024-02-08 07:00:00,0.4,0.3305
2024-02-08 08:00:00,0.6,0.3580485
2024-02-08 09:00:00,2.1,0.3347245
2024-02-08 10:00:00,3.6,0.3159701
2024-02-08 11:00:00,4.5,0.3089253
2024-02-08 12:00:00,4.8,0.3059622
2024-02-08 13:00:00,4.6,0.3078662
2024-02-08 14:00:00,4.4,0.312531
2024-02-08 15:00:00,3.2,0.3119122
2024-02-08 16:00:00,0.7,0.3102819
2024-02-08 17:00:00,0.3,0.32217
2024-02-08 18:00:00,0.3,0.3122573
2024-02-08 19:00:00,0.2,0.3020114
2024-02-08 20:00:00,0.3,0.298608
2024-02-08 21:00:00,0.5,0.2955259
2024-02-08 22:00:00,0.7,0.289564
2024-02-08 23:00:00,0.8,0.2781162
2024-02-09 00:00:00,1.0,0.2715117
2024-02-09 01:00:00,1.1,0.2693459
2024-02-09 02:00:00,1.2,0.2659306
2024-02-09 03:00:00,1.2,0.2610159
2024-02-09 04:00:00,1.3,0.2590524
2024-02-09 05:00:00,1.5,0.2618608
2024-02-09 06:00:00,1.7,0.2699052
2024-02-09 07:00:00,1.9,0.2790801
2024-02-09 08:00:00,2.3,0.2830547
2024-02-09 09:00:00,2.9,0.2809603
2024-02-09 10:00:00,3.8,0.2823288
2024-02-09 11:00:00,4.9,0.2828286
2024-02-09 12:00:00,6.8,0.2803415
2024-02-09 13:00:00,8.8,0.2802106
2024-02-09 14:00:00,12.0,0.2867318
2024-02-09 15:00:00,12.0,0.2966564
2024-02-09 16:00:00,11.6,0.3068428
2024-02-09 17:00:00,10.8,0.3131855
2024-02-09 18:00:00,10.6,0.3131855
2024-02-09 19:00:00,9.7,0.3031895
2024-02-09 20:00:00,9.6,0.2953236
2024-02-09 21:00:00,8.6,0.289088
2024-02-09 22:00:00,8.3,0.2887429
2024-02-09 23:00:00,8.1,0.2840186
2024-02-10 00:00:00,7.8,0.274689
2024-02-10 01:00:00,9.1,0.2758552
2024-02-10 02:00:00,9.2,0.276236
2024-02-10 03:00:00,9.3,0.2762241
2024-02-10 04:00:00,9.3,0.2762479
2024-02-10 05:00:00,9.0,0.2779258
2024-02-10 06:00:00,8.3,0.2839829
2024-02-10 07:00:00,8.6,0.2886834
2024-02-10 08:00:00,9.0,0.292063
2024-02-10 09:00:00,9.6,0.2952522
2024-02-10 10:00:00,10.6,0.2883621
2024-02-10 11:00:00,12.4,0.2822217
2024-02-10 12:00:00,13.0,0.280877
2024-02-10 13:00:00,12.9,0.2789968
2024-02-10 14:00:00,13.1,0.2823407
2024-02-10 15:00:00,12.9,0.2914323
2024-02-10 16:00:00,12.1,0.3020947
2024-02-10 17:00:00,10.8,0.3054505
2024-02-10 18:00:00,9.8,0.3038678
2024-02-10 19:00:00,9.4,0.2960019
2024-02-10 20:00:00,9.3,0.288136
2024-02-10 21:00:00,9.3,0.2803296
2024-02-10 22:00:00,9.4,0.2779734
2024-02-10 23:00:00,9.4,0.2751174
2024-02-11 00:00:00,9.2,0.2656212
2024-02-11 01:00:00,8.9,0.2634673
2024-02-11 02:00:00,8.6,0.262194
2024-02-11 03:00:00,8.5,0.2553277
2024-02-11 04:00:00,8.6,0.2515316
2024-02-11 05:00:00,8.8,0.2546375
2024-02-11 06:00:00,8.9,0.2581361
2024-02-11 07:00:00,8.6,0.2628604
2024-02-11 08:00:00,7.9,0.2651214
2024-02-11 09:00:00,8.1,0.2685843
2024-02-11 10:00:00,8.3,0.2723804
2024-02-11 11:00:00,8.3,0.2775926
2024-02-11 12:00:00,8.1,0.276474
2024-02-11 13:00:00,8.4,0.2735228
2024-02-11 14:00:00,8.4,0.2757481
2024-02-11 15:00:00,7.9,0.278497
2024-02-11 16:00:00,7.7,0.2837211
2024-02-11 17:00:00,7.7,0.293015
2024-02-11 18:00:00,7.8,0.2956806
2024-02-11 19:00:00,8.0,0.2944668
2024-02-11 20:00:00,7.9,0.2909325
2024-02-11 21:00:00,7.8,0.2837568
2024-02-11 22:00:00,7.9,0.2809841
2024-02-11 23:00:00,7.7,0.2757719
2024-02-12 00:00:00,7.8,0.2761765
2024-02-12 01:00:00,7.8,0.2728921
2024-02-12 02:00:00,7.7,0.2717735
2024-02-12 03:00:00,7.5,0.2702741
2024-02-12 04:00:00,7.4,0.2700599
2024-02-12 05:00:00,6.9,0.27695
2024-02-12 06:00:00,7.1,0.29004
2024-02-12 07:00:00,7.1,0.3012379
2024-02-12 08:00:00,7.2,0.32336
2024-02-12 09:00:00,7.4,0.314435
2024-02-12 10:00:00,7.9,0.3013093
2024-02-12 11:00:00,8.2,0.2937766
2024-02-12 12:00:00,8.5,0.2797703
2024-02-12 13:00:00,8.9,0.2754625
2024-02-12 14:00:00,8.1,0.2757005
2024-02-12 15:00:00,7.5,0.278616
2024-02-12 16:00:00,7.4,0.2929198
2024-02-12 17:00:00,6.5,0.311341
2024-02-12 18:00:00,5.8,0.31384
2024-02-12 19:00:00,5.3,0.3056052
2024-02-12 20:00:00,6.2,0.2937885
2024-02-12 21:00:00,6.2,0.2847326
2024-02-12 22:00:00,4.9,0.2779853
2024-02-12 23:00:00,4.6,0.273261
2024-02-13 00:00:00,4.2,0.2812221
2024-02-13 01:00:00,5.2,0.2773903
2024-02-13 02:00:00,5.0,0.2750579
2024-02-13 03:00:00,5.0,0.2715831
2024-02-13 04:00:00,4.6,0.2710714
2024-02-13 05:00:00,3.7,0.2752721
2024-02-13 06:00:00,3.7,0.2837211
2024-02-13 07:00:00,3.6,0.2973942
2024-02-13 08:00:00,4.5,0.305629
2024-02-13 09:00:00,5.6,0.2889928
2024-02-13 10:00:00,6.1,0.2819599
2024-02-13 11:00:00,6.8,0.2756053
2024-02-13 12:00:00,7.3,0.2716307
2024-02-13 13:00:00,7.7,0.2713094
2024-02-13 14:00:00,8.4,0.274689
2024-02-13 15:00:00,7.8,0.283733
2024-02-13 16:00:00,7.4,0.2928484
2024-02-13 17:00:00,6.9,0.3126619
2024-02-13 18:00:00,6.8,0.3184572
2024-02-13 19:00:00,6.8,0.3078781
2024-02-13 20:00:00,6.4,0.2923843
2024-02-13 21:00:00,6.0,0.2851134
2024-02-13 22:00:00,6.1,0.2809841
2024-02-13 23:00:00,6.4,0.2766406
2024-02-14 00:00:00,6.6,0.2717497
2024-02-14 01:00:00,6.6,0.2702146
2024-02-14 02:00:00,7.2,0.2659544
2024-02-14 03:00:00,6.0,0.2648001
2024-02-14 04:00:00,5.9,0.2651214
2024-02-14 05:00:00,6.6,0.2691317
2024-02-14 06:00:00,7.1,0.2748437
2024-02-14 07:00:00,7.4,0.2861606
2024-02-14 08:00:00,8.2,0.2944787
2024-02-14 09:00:00,9.0,0.2824835
2024-02-14 10:00:00,9.6,0.2755934
2024-02-14 11:00:00,10.0,0.2749151
2024-02-14 12:00:00,10.6,0.2741297
2024-02-14 13:00:00,10.9,0.2755458
2024-02-14 14:00:00,10.9,0.2817457
2024-02-14 15:00:00,11.0,0.2855537
2024-02-14 16:00:00,10.8,0.2930626
2024-02-14 17:00:00,10.5,0.2983343
2024-02-14 18:00:00,10.4,0.3038202
2024-02-14 19:00:00,10.4,0.3001193
2024-02-14 20:00:00,10.5,0.2906112
2024-02-14 21:00:00,10.6,0.2825192
2024-02-14 22:00:00,10.9,0.280758
2024-02-14 23:00:00,11.3,0.275522
2024-02-15 00:00:00,11.6,0.2730349
2024-02-15 01:00:00,11.7,0.2723447
2024-02-15 02:00:00,11.6,0.271357
2024-02-15 03:00:00,11.9,0.2707025
2024-02-15 04:00:00,11.8,0.2733086
2024-02-15 05:00:00,11.7,0.2782114
2024-02-15 06:00:00,11.9,0.2855299
2024-02-15 07:00:00,11.8,0.2966683
2024-02-15 08:00:00,12.2,0.2979773
2024-02-15 09:00:00,12.7,0.2933244
2024-02-15 10:00:00,13.1,0.2878742
2024-02-15 11:00:00,12.5,0.2828524
2024-02-15 12:00:00,12.7,0.2788897
2024-02-15 13:00:00,13.0,0.2783661
2024-02-15 14:00:00,13.6,0.2827929
2024-02-15 15:00:00,13.7,0.2889095
2024-02-15 16:00:00,13.3,0.2936695
2024-02-15 17:00:00,13.0,0.30313
2024-02-15 18:00:00,13.0,0.3030229
2024-02-15 19:00:00,12.8,0.2895759
2024-02-15 20:00:00,12.7,0.2834593
2024-02-15 21:00:00,12.6,0.2745343
2024-02-15 22:00:00,12.2,0.2746771
2024-02-15 23:00:00,12.3,0.2697029
2024-02-16 00:00:00,12.2,0.2611944
2024-02-16 01:00:00,11.9,0.2603852
2024-02-16 02:00:00,11.9,0.2590048
2024-02-16 03:00:00,11.3,0.2576839
2024-02-16 04:00:00,11.0,0.2607422
2024-02-16 05:00:00,11.2,0.2633007
2024-02-16 06:00:00,11.3,0.2699885
2024-02-16 07:00:00,11.5,0.2821741
2024-02-16 08:00:00,12.0,0.283495
2024-02-16 09:00:00,13.1,0.2767596
2024-02-16 10:00:00,14.0,0.2643003
2024-02-16 11:00:00,14.5,0.26267
2024-02-16 12:00:00,15.4,0.2618727
2024-02-16 13:00:00,15.9,0.2618489
2024-02-16 14:00:00,15.2,0.2635982
2024-02-16 15:00:00,15.1,0.2740821
2024-02-16 16:00:00,13.8,0.2828881
2024-02-16 17:00:00,12.8,0.2859702
2024-02-16 18:00:00,12.3,0.2917298
2024-02-16 19:00:00,12.0,0.2909682
2024-02-16 20:00:00,11.4,0.2858393
2024-02-16 21:00:00,11.2,0.282186
2024-02-16 22:00:00,11.0,0.2805795
2024-02-16 23:00:00,10.9,0.2710238
2024-02-17 00:00:00,10.7,0.2677989
2024-02-17 01:00:00,10.2,0.26743
2024-02-17 02:00:00,9.8,0.2660972
2024-02-17 03:00:00,9.4,0.2646454
2024-02-17 04:00:00,9.0,0.2645978
2024-02-17 05:00:00,8.9,0.2656212
2024-02-17 06:00:00,9.1,0.2652523
2024-02-17 07:00:00,8.9,0.267311
2024-02-17 08:00:00,9.0,0.2768191
2024-02-17 09:00:00,9.1,0.2749151
2024-02-17 10:00:00,9.4,0.2734038
2024-02-17 11:00:00,8.9,0.2718211
2024-02-17 12:00:00,9.5,0.2689294
2024-02-17 13:00:00,10.4,0.2653475
2024-02-17 14:00:00,9.1,0.2699171
2024-02-17 15:00:00,9.7,0.2815077
2024-02-17 16:00:00,8.5,0.2888857
2024-02-17 17:00:00,7.2,0.3042367
2024-02-17 18:00:00,5.7,0.3305714
2024-02-17 19:00:00,4.9,0.3070332
2024-02-17 20:00:00,4.7,0.2959067
2024-02-17 21:00:00,3.7,0.2883383
2024-02-17 22:00:00,5.1,0.2858036
2024-02-17 23:00:00,4.7,0.2818409
2024-02-18 00:00:00,5.5,0.2738322
2024-02-18 01:00:00,5.4,0.2648239
2024-02-18 02:00:00,5.5,0.2608136
2024-02-18 03:00:00,4.2,0.2594808
2024-02-18 04:00:00,3.9,0.2593261
2024-02-18 05:00:00,5.3,0.2572793
2024-02-18 06:00:00,6.8,0.2543638
2024-02-18 07:00:00,7.4,0.2578743
2024-02-18 08:00:00,8.0,0.2558632
2024-02-18 09:00:00,9.0,0.2508057
2024-02-18 10:00:00,10.0,0.2477355
2024-02-18 11:00:00,10.5,0.24839
2024-02-18 12:00:00,9.8,0.247319
2024-02-18 13:00:00,9.7,0.2470572
2024-02-18 14:00:00,9.4,0.2506153
2024-02-18 15:00:00,9.3,0.2642051
2024-02-18 16:00:00,8.9,0.2744153
2024-02-18 17:00:00,8.5,0.28528
2024-02-18 18:00:00,8.5,0.2872554
2024-02-18 19:00:00,8.1,0.2836021
2024-02-18 20:00:00,8.4,0.2766049
2024-02-18 21:00:00,9.2,0.2707977
2024-02-18 22:00:00,9.2,0.2678227
2024-02-18 23:00:00,8.4,0.2637886
2024-02-19 00:00:00,7.9,0.25196
2024-02-19 01:00:00,7.7,0.2508176
2024-02-19 02:00:00,7.1,0.2522099
2024-02-19 03:00:00,6.9,0.2518529
2024-02-19 04:00:00,6.5,0.2530548
2024-02-19 05:00:00,6.4,0.2609683
2024-02-19 06:00:00,6.5,0.281234
2024-02-19 07:00:00,6.8,0.2937171
2024-02-19 08:00:00,7.1,0.2993696
2024-02-19 09:00:00,7.4,0.2888857
2024-02-19 10:00:00,8.2,0.2838877
2024-02-19 11:00:00,9.9,0.2818647
2024-02-19 12:00:00,9.0,0.2739393
2024-02-19 13:00:00,9.4,0.2721781
2024-02-19 14:00:00,9.6,0.2780924
2024-02-19 15:00:00,9.9,0.2820432
2024-02-19 16:00:00,9.8,0.2846969
2024-02-19 17:00:00,9.8,0.2903375
2024-02-19 18:00:00,8.8,0.3158035
2024-02-19 19:00:00,8.8,0.2947762
2024-02-19 20:00:00,8.8,0.2851134
2024-02-19 21:00:00,8.6,0.2798893
2024-02-19 22:00:00,8.2,0.2784613
2024-02-19 23:00:00,8.1,0.2698933
2024-02-20 00:00:00,7.8,0.2686914
2024-02-20 01:00:00,7.5,0.2642408
2024-02-20 02:00:00,7.3,0.2638124
2024-02-20 03:00:00,7.1,0.2632412
2024-02-20 04:00:00,7.1,0.2626581
2024-02-20 05:00:00,6.8,0.2648001
2024-02-20 06:00:00,6.7,0.2835307
2024-02-20 07:00:00,6.6,0.304796
2024-02-20 08:00:00,6.7,0.3077591
2024-02-20 09:00:00,7.1,0.2930745
2024-02-20 10:00:00,8.8,0.2827096
2024-02-20 11:00:00,9.3,0.2720472
2024-02-20 12:00:00,9.0,0.2632888
2024-02-20 13:00:00,9.3,0.2607898
2024-02-20 14:00:00,9.5,0.2612301
2024-02-20 15:00:00,9.2,0.2664304
2024-02-20 16:00:00,9.0,0.2746652
2024-02-20 17:00:00,8.8,0.2835426
2024-02-20 18:00:00,8.4,0.2843875
2024-02-20 19:00:00,8.7,0.2870293
2024-02-20 20:00:00,8.6,0.2810912
2024-02-20 21:00:00,9.1,0.2725827
2024-02-20 22:00:00,8.1,0.2672634
2024-02-20 23:00:00,7.9,0.2623963
2024-02-21 00:00:00,8.5,0.2598735
2024-02-21 01:00:00,8.4,0.2572793
2024-02-21 02:00:00,8.7,0.2553396
2024-02-21 03:00:00,8.7,0.2528763
2024-02-21 04:00:00,8.7,0.2536141
2024-02-21 05:00:00,8.8,0.2591357
2024-02-21 06:00:00,8.2,0.27814
2024-02-21 07:00:00,8.4,0.2963946
2024-02-21 08:00:00,8.3,0.3008809
2024-02-21 09:00:00,8.8,0.2833046
2024-02-21 10:00:00,9.5,0.275879
2024-02-21 11:00:00,9.8,0.2714641
2024-02-21 12:00:00,10.0,0.2626819
2024-02-21 13:00:00,10.4,0.2605518
2024-02-21 14:00:00,10.4,0.2635863
2024-02-21 15:00:00,10.6,0.277664
2024-02-21 16:00:00,9.9,0.2828048
2024-02-21 17:00:00,9.3,0.2824597
2024-02-21 18:00:00,9.4,0.2812102
2024-02-21 19:00:00,9.3,0.2726541
2024-02-21 20:00:00,9.6,0.2616109
2024-02-21 21:00:00,9.5,0.2543162
2024-02-21 22:00:00,9.5,0.2492349
2024-02-21 23:00:00,8.8,0.2415118
2024-02-22 00:00:00,8.4,0.2358593
2024-02-22 01:00:00,8.1,0.2317419
2024-02-22 02:00:00,7.9,0.2318133
2024-02-22 03:00:00,7.9,0.2328605
2024-02-22 04:00:00,7.8,0.24363
2024-02-22 05:00:00,7.8,0.2567795
2024-02-22 06:00:00,8.2,0.2782471
2024-02-22 07:00:00,8.5,0.2906707
2024-02-22 08:00:00,8.6,0.2970729
2024-02-22 09:00:00,9.5,0.2877671
2024-02-22 10:00:00,10.5,0.2852205
2024-02-22 11:00:00,11.3,0.2811507
2024-02-22 12:00:00,11.7,0.2814363
2024-02-22 13:00:00,12.5,0.2816862
2024-02-22 14:00:00,11.8,0.2765335
2024-02-22 15:00:00,11.8,0.2766525
2024-02-22 16:00:00,12.0,0.2748675
2024-02-22 17:00:00,11.9,0.2730944
2024-02-22 18:00:00,12.0,0.2708929
2024-02-22 19:00:00,12.5,0.2619798
2024-02-22 20:00:00,12.2,0.2501155
2024-02-22 21:00:00,12.4,0.2287312
2024-02-22 22:00:00,10.9,0.2139514
2024-02-22 23:00:00,10.0,0.2018729
2024-02-23 00:00:00,9.3,0.2105837
2024-02-23 01:00:00,8.9,0.2008733
2024-02-23 02:00:00,6.3,0.2010161
2024-02-23 03:00:00,5.5,0.1997071
2024-02-23 04:00:00,5.4,0.1996238
2024-02-23 05:00:00,5.9,0.1997071
2024-02-23 06:00:00,5.9,0.2468192
2024-02-23 07:00:00,5.9,0.2675014
2024-02-23 08:00:00,6.3,0.2702265
2024-02-23 09:00:00,6.8,0.2611111
2024-02-23 10:00:00,7.4,0.2551016
2024-02-23 11:00:00,7.8,0.2491635
2024-02-23 12:00:00,8.7,0.243749
2024-02-23 13:00:00,9.1,0.239584
2024-02-23 14:00:00,8.8,0.2461052
2024-02-23 15:00:00,8.9,0.2585169
2024-02-23 16:00:00,8.8,0.2746652
2024-02-23 17:00:00,8.5,0.287422
2024-02-23 18:00:00,8.4,0.3024636
2024-02-23 19:00:00,8.0,0.2995719
2024-02-23 20:00:00,7.4,0.2864343
2024-02-23 21:00:00,7.2,0.2820194
2024-02-23 22:00:00,6.2,0.2804962
2024-02-23 23:00:00,5.9,0.277069
2024-02-24 00:00:00,5.9,0.2786993
2024-02-24 01:00:00,4.7,0.275641
2024-02-24 02:00:00,4.5,0.270405
2024-02-24 03:00:00,4.2,0.265288
2024-02-24 04:00:00,4.3,0.2655141
2024-02-24 05:00:00,4.2,0.267549
2024-02-24 06:00:00,3.5,0.2729873
2024-02-24 07:00:00,4.1,0.2782709
2024-02-24 08:00:00,5.2,0.276236
2024-02-24 09:00:00,7.3,0.268144
2024-02-24 10:00:00,8.1,0.2581004
2024-02-24 11:00:00,8.1,0.2541496
2024-02-24 12:00:00,9.3,0.2475808
2024-02-24 13:00:00,7.9,0.2379418
2024-02-24 14:00:00,8.2,0.244344
2024-02-24 15:00:00,6.0,0.25315
2024-02-24 16:00:00,5.8,0.2661805
2024-02-24 17:00:00,5.5,0.2848873
2024-02-24 18:00:00,5.3,0.2948
2024-02-24 19:00:00,4.5,0.2878147
2024-02-24 20:00:00,5.3,0.2771523
2024-02-24 21:00:00,3.5,0.2709286
2024-02-24 22:00:00,3.3,0.2665018
2024-02-24 23:00:00,4.6,0.261718
2024-02-25 00:00:00,4.0,0.2669183
2024-02-25 01:00:00,4.4,0.2655736
2024-02-25 02:00:00,4.0,0.2655022
2024-02-25 03:00:00,3.9,0.2649191
2024-02-25 04:00:00,3.9,0.2652761
2024-02-25 05:00:00,4.3,0.2651333
2024-02-25 06:00:00,5.0,0.2670849
2024-02-25 07:00:00,5.1,0.2709048
2024-02-25 08:00:00,5.5,0.2728802
2024-02-25 09:00:00,6.3,0.2731658
2024-02-25 10:00:00,6.7,0.2666089
2024-02-25 11:00:00,6.9,0.2640028
2024-02-25 12:00:00,8.3,0.2591
2024-02-25 13:00:00,8.1,0.2543757
2024-02-25 14:00:00,7.9,0.2589096
2024-02-25 15:00:00,7.8,0.26505
2024-02-25 16:00:00,8.2,0.280282
2024-02-25 17:00:00,7.9,0.2974061
2024-02-25 18:00:00,6.7,0.3110911
2024-02-25 19:00:00,6.3,0.2938242
2024-02-25 20:00:00,4.7,0.2828881
2024-02-25 21:00:00,3.5,0.2780448
2024-02-25 22:00:00,2.3,0.2772237
2024-02-25 23:00:00,2.0,0.2690722
2024-02-26 00:00:00,1.7,0.2684177
2024-02-26 01:00:00,0.6,0.2672158
2024-02-26 02:00:00,1.0,0.265883
2024-02-26 03:00:00,0.6,0.261242
2024-02-26 04:00:00,0.5,0.263027
2024-02-26 05:00:00,0.9,0.2685248
2024-02-26 06:00:00,1.2,0.2829238
2024-02-26 07:00:00,1.5,0.294681
2024-02-26 08:00:00,2.5,0.296704
2024-02-26 09:00:00,3.5,0.2874577
2024-02-26 10:00:00,4.5,0.2789135
2024-02-26 11:00:00,6.1,0.2769857
2024-02-26 12:00:00,7.2,0.2691198
2024-02-26 13:00:00,8.4,0.2688461
2024-02-26 14:00:00,8.5,0.2725351
2024-02-26 15:00:00,8.7,0.2768905
2024-02-26 16:00:00,8.3,0.2828881
2024-02-26 17:00:00,8.1,0.29123
2024-02-26 18:00:00,7.3,0.3011308
2024-02-26 19:00:00,7.0,0.2960019
2024-02-26 20:00:00,6.3,0.2855299
2024-02-26 21:00:00,5.8,0.2777711
2024-02-26 22:00:00,5.0,0.2771999
2024-02-26 23:00:00,4.4,0.2719044
2024-02-27 00:00:00,3.9,0.2681678
2024-02-27 01:00:00,3.1,0.2680845
2024-02-27 02:00:00,1.7,0.2678465
2024-02-27 03:00:00,2.3,0.2672753
2024-02-27 04:00:00,2.5,0.2678465
2024-02-27 05:00:00,2.8,0.274689
2024-02-27 06:00:00,3.1,0.2880289
2024-02-27 07:00:00,3.3,0.3133997
2024-02-27 08:00:00,3.7,0.3135782
2024-02-27 09:00:00,4.1,0.2957639
2024-02-27 10:00:00,4.7,0.2813649
2024-02-27 11:00:00,4.8,0.2768667
2024-02-27 12:00:00,5.3,0.2701194
2024-02-27 13:00:00,5.5,0.2701075
2024-02-27 14:00:00,5.5,0.2766049
2024-02-27 15:00:00,5.5,0.2853514
2024-02-27 16:00:00,5.1,0.2945858
2024-02-27 17:00:00,4.8,0.3162438
2024-02-27 18:00:00,4.8,0.332642
2024-02-27 19:00:00,4.6,0.3247523
2024-02-27 20:00:00,4.4,0.2999884
2024-02-27 21:00:00,4.3,0.2857203
2024-02-27 22:00:00,4.0,0.2832213
2024-02-27 23:00:00,3.7,0.2769143
2024-02-28 00:00:00,2.9,0.2714284
2024-02-28 01:00:00,1.2,0.270286
2024-02-28 02:00:00,1.0,0.2725946
2024-02-28 03:00:00,0.4,0.2751174
2024-02-28 04:00:00,-0.7,0.2754506
2024-02-28 05:00:00,-1.1,0.2798536
2024-02-28 06:00:00,0.0,0.288017
2024-02-28 07:00:00,1.2,0.3172791
2024-02-28 08:00:00,2.0,0.3239431
2024-02-28 09:00:00,3.4,0.3012974
2024-02-28 10:00:00,4.3,0.2876481
2024-02-28 11:00:00,4.5,0.2799845
2024-02-28 12:00:00,4.4,0.2756767
2024-02-28 13:00:00,5.6,0.2718568
2024-02-28 14:00:00,6.4,0.2727969
2024-02-28 15:00:00,6.4,0.2834117
2024-02-28 16:00:00,6.2,0.2888024
2024-02-28 17:00:00,5.6,0.3103176
2024-02-28 18:00:00,4.5,0.3105556
2024-02-28 19:00:00,5.3,0.2927651
2024-02-28 20:00:00,4.5,0.2774736
2024-02-28 21:00:00,4.6,0.2740821
2024-02-28 22:00:00,4.7,0.2757838
2024-02-28 23:00:00,3.6,0.2651928
2024-02-29 00:00:00,3.5,0.2651809
2024-02-29 01:00:00,3.5,0.2630627
2024-02-29 02:00:00,3.1,0.2591714
2024-02-29 03:00:00,3.0,0.2555657
2024-02-29 04:00:00,2.8,0.2557085
2024-02-29 05:00:00,3.0,0.2630508
2024-02-29 06:00:00,3.0,0.2734157
2024-02-29 07:00:00,3.7,0.2873506
2024-02-29 08:00:00,5.1,0.2875291
2024-02-29 09:00:00,7.1,0.2833641
2024-02-29 10:00:00,8.7,0.2715593
2024-02-29 11:00:00,9.7,0.2650619
2024-02-29 12:00:00,10.6,0.2638362
2024-02-29 13:00:00,10.9,0.2662638
2024-02-29 14:00:00,11.5,0.2651333
2024-02-29 15:00:00,11.7,0.2769024
2024-02-29 16:00:00,10.8,0.2840662
2024-02-29 17:00:00,9.9,0.2963232
2024-02-29 18:00:00,9.2,0.3022494
2024-02-29 19:00:00,8.5,0.2959781
2024-02-29 20:00:00,7.3,0.2861963
2024-02-29 21:00:00,7.4,0.2796275
2024-02-29 22:00:00,6.5,0.276831
2024-02-29 23:00:00,5.6,0.272071
2024-03-01 00:00:00,5.4,0.2734276
2024-03-01 01:00:00,5.0,0.2726898
2024-03-01 02:00:00,4.3,0.2687866
2024-03-01 03:00:00,4.4,0.2684177
2024-03-01 04:00:00,5.0,0.268977
2024-03-01 05:00:00,4.5,0.2739631
2024-03-01 06:00:00,4.6,0.2847802
2024-03-01 07:00:00,5.5,0.2940384
2024-03-01 08:00:00,6.6,0.2993101
2024-03-01 09:00:00,8.4,0.2898972
2024-03-01 10:00:00,10.2,0.2787588
2024-03-01 11:00:00,11.3,0.2766644
2024-03-01 12:00:00,11.3,0.2746652
2024-03-01 13:00:00,11.8,0.2765097
2024-03-01 14:00:00,11.7,0.2794609
2024-03-01 15:00:00,11.8,0.2859583
2024-03-01 16:00:00,11.3,0.2935386
2024-03-01 17:00:00,10.3,0.305986
2024-03-01 18:00:00,9.6,0.3111387
2024-03-01 19:00:00,9.6,0.3033561
2024-03-01 20:00:00,9.3,0.2918131
2024-03-01 21:00:00,9.3,0.2848278
2024-03-01 22:00:00,9.2,0.2829714
2024-03-01 23:00:00,8.9,0.2786041
2024-03-02 00:00:00,8.5,0.2709405
2024-03-02 01:00:00,8.3,0.2662757
2024-03-02 02:00:00,8.4,0.2662638
2024-03-02 03:00:00,7.9,0.2656212
2024-03-02 04:00:00,7.5,0.2649072
2024-03-02 05:00:00,6.6,0.2662281
2024-03-02 06:00:00,6.3,0.2669302
2024-03-02 07:00:00,6.5,0.2717973
2024-03-02 08:00:00,8.5,0.2754744
2024-03-02 09:00:00,10.1,0.2778425
2024-03-02 10:00:00,10.2,0.2715236
2024-03-02 11:00:00,11.3,0.2700242
2024-03-02 12:00:00,11.9,0.2660377
2024-03-02 13:00:00,13.4,0.264931
2024-03-02 14:00:00,14.3,0.2708334
2024-03-02 15:00:00,14.2,0.2782352
2024-03-02 16:00:00,13.9,0.28647
2024-03-02 17:00:00,12.5,0.2955497
2024-03-02 18:00:00,11.8,0.310984
2024-03-02 19:00:00,11.5,0.306581
2024-03-02 20:00:00,7.9,0.2912062
2024-03-02 21:00:00,7.0,0.2826739
2024-03-02 22:00:00,8.5,0.2721186
2024-03-02 23:00:00,7.3,0.2650381
2024-03-03 00:00:00,6.3,0.264455
2024-03-03 01:00:00,4.9,0.2634197
2024-03-03 02:00:00,4.4,0.263622
2024-03-03 03:00:00,3.8,0.2657521
2024-03-03 04:00:00,4.3,0.2654189
2024-03-03 05:00:00,3.5,0.2660258
2024-03-03 06:00:00,3.2,0.26624
2024-03-03 07:00:00,3.5,0.2672872
2024-03-03 08:00:00,5.7,0.2647763
2024-03-03 09:00:00,7.8,0.2638481
2024-03-03 10:00:00,9.6,0.2614919
2024-03-03 11:00:00,9.9,0.2584574
2024-03-03 12:00:00,11.8,0.2561369
2024-03-03 13:00:00,12.6,0.2501869
2024-03-03 14:00:00,12.9,0.2553396
2024-03-03 15:00:00,12.7,0.2640147
2024-03-03 16:00:00,12.8,0.2713332
2024-03-03 17:00:00,10.0,0.2895402
2024-03-03 18:00:00,8.8,0.2999884
2024-03-03 19:00:00,8.4,0.3030824
2024-03-03 20:00:00,6.9,0.296942
2024-03-03 21:00:00,7.2,0.28885
2024-03-03 22:00:00,5.8,0.2854942
2024-03-03 23:00:00,6.1,0.2857798
2024-03-04 00:00:00,5.6,0.2818647
2024-03-04 01:00:00,4.8,0.280401
2024-03-04 02:00:00,4.6,0.2798179
2024-03-04 03:00:00,3.2,0.2784018
2024-03-04 04:00:00,1.8,0.2776521
2024-03-04 05:00:00,1.0,0.2838877
2024-03-04 06:00:00,0.6,0.2962042
2024-03-04 07:00:00,0.7,0.3146373
2024-03-04 08:00:00,2.8,0.3221343
2024-03-04 09:00:00,4.9,0.3007738
2024-03-04 10:00:00,6.4,0.2851967
2024-03-04 11:00:00,7.5,0.2768191
2024-03-04 12:00:00,8.2,0.2756767
2024-03-04 13:00:00,8.3,0.272309
2024-03-04 14:00:00,8.1,0.273975
2024-03-04 15:00:00,8.0,0.2827334
2024-03-04 16:00:00,7.8,0.2899805
2024-03-04 17:00:00,7.7,0.3074021
2024-03-04 18:00:00,7.5,0.3247642
2024-03-04 19:00:00,7.3,0.3175647
2024-03-04 20:00:00,7.2,0.2954188
2024-03-04 21:00:00,7.2,0.2845541
2024-03-04 22:00:00,7.4,0.2799131
2024-03-04 23:00:00,7.3,0.2756767
2024-03-05 00:00:00,7.2,0.2733324
2024-03-05 01:00:00,7.1,0.2729873
2024-03-05 02:00:00,7.1,0.2725827
2024-03-05 03:00:00,7.1,0.2708334
2024-03-05 04:00:00,6.9,0.2716664
2024-03-05 05:00:00,6.4,0.2729873
2024-03-05 06:00:00,5.5,0.2847207
2024-03-05 07:00:00,5.4,0.2939432
2024-03-05 08:00:00,5.4,0.2983938
2024-03-05 09:00:00,5.5,0.29123
2024-03-05 10:00:00,5.7,0.2842685
2024-03-05 11:00:00,5.7,0.2825668
2024-03-05 12:00:00,4.9,0.2781519
2024-03-05 13:00:00,5.1,0.2779377
2024-03-05 14:00:00,5.6,0.2824359
2024-03-05 15:00:00,6.0,0.2836973
2024-03-05 16:00:00,6.2,0.2903732
2024-03-05 17:00:00,5.9,0.2972633
2024-03-05 18:00:00,6.1,0.3238122
2024-03-05 19:00:00,5.9,0.3340581
2024-03-05 20:00:00,5.4,0.3104128
2024-03-05 21:00:00,4.7,0.2981439
2024-03-05 22:00:00,4.1,0.2901352
2024-03-05 23:00:00,4.0,0.2850777
2024-03-06 00:00:00,3.9,0.28409
2024-03-06 01:00:00,4.0,0.283733
2024-03-06 02:00:00,3.7,0.2834474
2024-03-06 03:00:00,3.4,0.2825906
2024-03-06 04:00:00,3.3,0.2834474
2024-03-06 05:00:00,3.3,0.2875529
2024-03-06 06:00:00,3.2,0.2995362
2024-03-06 07:00:00,3.4,0.3265016
2024-03-06 08:00:00,3.8,0.328953
2024-03-06 09:00:00,4.2,0.3033799
2024-03-06 10:00:00,5.7,0.2899448
2024-03-06 11:00:00,6.8,0.2853038
2024-03-06 12:00:00,7.0,0.2821265
2024-03-06 13:00:00,7.6,0.2820551
2024-03-06 14:00:00,8.4,0.2836616
2024-03-06 15:00:00,9.4,0.2855894
2024-03-06 16:00:00,8.6,0.2960614
2024-03-06 17:00:00,6.8,0.3186
2024-03-06 18:00:00,5.1,0.3419002
2024-03-06 19:00:00,4.0,0.3415075
2024-03-06 20:00:00,3.1,0.310746
2024-03-06 21:00:00,2.3,0.2949785
2024-03-06 22:00:00,2.4,0.2923962
2024-03-06 23:00:00,1.0,0.2880646
2024-03-07 00:00:00,0.3,0.2868627
2024-03-07 01:00:00,0.0,0.2856608
2024-03-07 02:00:00,-0.2,0.2833046
2024-03-07 03:00:00,-0.2,0.2813649
2024-03-07 04:00:00,0.3,0.2827691
2024-03-07 05:00:00,0.8,0.2866247
2024-03-07 06:00:00,1.7,0.2998813
2024-03-07 07:00:00,2.5,0.322408
2024-03-07 08:00:00,3.9,0.314673
2024-03-07 09:00:00,4.5,0.2937171
2024-03-07 10:00:00,4.9,0.2844589
2024-03-07 11:00:00,4.7,0.2783304
2024-03-07 12:00:00,5.6,0.2730111
2024-03-07 13:00:00,6.5,0.2713094
2024-03-07 14:00:00,6.7,0.2749627
2024-03-07 15:00:00,7.3,0.2781876
2024-03-07 16:00:00,6.5,0.2828048
2024-03-07 17:00:00,5.4,0.305748
2024-03-07 18:00:00,3.7,0.3253949
2024-03-07 19:00:00,2.5,0.307057
2024-03-07 20:00:00,1.9,0.2977631
2024-03-07 21:00:00,1.9,0.2868865
2024-03-07 22:00:00,1.2,0.2868508
2024-03-07 23:00:00,-0.2,0.2801868
2024-03-08 00:00:00,-0.3,0.2810555
2024-03-08 01:00:00,-0.8,0.2792824
2024-03-08 02:00:00,-1.5,0.2793419
2024-03-08 03:00:00,-1.8,0.2781281
2024-03-08 04:00:00,-2.3,0.278497
2024-03-08 05:00:00,-2.4,0.2794609
2024-03-08 06:00:00,-1.7,0.2982629
2024-03-08 07:00:00,-0.4,0.3127214
2024-03-08 08:00:00,1.1,0.3053791
2024-03-08 09:00:00,3.2,0.2880884
2024-03-08 10:00:00,4.8,0.2681321
2024-03-08 11:00:00,5.9,0.2615395
2024-03-08 12:00:00,6.6,0.2255063
2024-03-08 13:00:00,8.0,0.2046694
2024-03-08 14:00:00,8.4,0.228398
2024-03-08 15:00:00,8.6,0.2474975
2024-03-08 16:00:00,8.3,0.2659306
2024-03-08 17:00:00,7.5,0.2852562
2024-03-08 18:00:00,6.0,0.2992744
2024-03-08 19:00:00,5.1,0.2947762
2024-03-08 20:00:00,3.5,0.2846374
2024-03-08 21:00:00,3.9,0.276831
2024-03-08 22:00:00,3.7,0.2769857
2024-03-08 23:00:00,3.2,0.2708691
2024-03-09 00:00:00,3.0,0.2669064
2024-03-09 01:00:00,1.8,0.2649429
2024-03-09 02:00:00,1.4,0.2635268
2024-03-09 03:00:00,0.5,0.2621464
2024-03-09 04:00:00,-0.4,0.257434
2024-03-09 05:00:00,-0.9,0.2564701
2024-03-09 06:00:00,0.0,0.2596593
2024-03-09 07:00:00,0.8,0.2627414
2024-03-09 08:00:00,2.3,0.2627414
2024-03-09 09:00:00,4.2,0.2568628
2024-03-09 10:00:00,5.7,0.2387986
2024-03-09 11:00:00,6.9,0.199838
2024-03-09 12:00:00,8.4,0.1982315
2024-03-09 13:00:00,8.6,0.1936262
2024-03-09 14:00:00,8.8,0.1995524
2024-03-09 15:00:00,8.6,0.2331461
2024-03-09 16:00:00,8.6,0.2622416
2024-03-09 17:00:00,7.6,0.2822931
2024-03-09 18:00:00,4.8,0.2924438
2024-03-09 19:00:00,4.4,0.2888381
2024-03-09 20:00:00,3.4,0.2796394
2024-03-09 21:00:00,2.9,0.2715593
2024-03-09 22:00:00,2.4,0.2716307
2024-03-09 23:00:00,2.4,0.2677751
2024-03-10 00:00:00,2.9,0.2574935
2024-03-10 01:00:00,1.8,0.2544114
2024-03-10 02:00:00,1.7,0.2483662
2024-03-10 03:00:00,1.3,0.2419045
2024-03-10 04:00:00,1.2,0.2381441
2024-03-10 05:00:00,1.2,0.2380132
2024-03-10 06:00:00,1.4,0.2399529
2024-03-10 07:00:00,2.2,0.2465931
2024-03-10 08:00:00,3.7,0.2410358
2024-03-10 09:00:00,5.1,0.2296475
2024-03-10 10:00:00,6.2,0.2023965
2024-03-10 11:00:00,7.5,0.199481
2024-03-10 12:00:00,8.6,0.1897944
2024-03-10 13:00:00,10.2,0.1877238
2024-03-10 14:00:00,11.3,0.1989931
2024-03-10 15:00:00,10.8,0.2167479
2024-03-10 16:00:00,10.4,0.2566724
2024-03-10 17:00:00,9.7,0.2662043
2024-03-10 18:00:00,9.3,0.2785565
2024-03-10 19:00:00,9.4,0.2737608
2024-03-10 20:00:00,8.9,0.2675966
2024-03-10 21:00:00,8.6,0.2635506
2024-03-10 22:00:00,8.4,0.2627652
2024-03-10 23:00:00,8.8,0.2615395
2024-03-11 00:00:00,8.7,0.2578267
2024-03-11 01:00:00,8.3,0.2583027
2024-03-11 02:00:00,8.0,0.2593499
2024-03-11 03:00:00,7.4,0.2582432
2024-03-11 04:00:00,7.2,0.2590881
2024-03-11 05:00:00,6.9,0.266597
2024-03-11 06:00:00,6.7,0.2908016
2024-03-11 07:00:00,7.5,0.297894
2024-03-11 08:00:00,8.0,0.3014521
2024-03-11 09:00:00,8.7,0.2953355
2024-03-11 10:00:00,10.4,0.284328
2024-03-11 11:00:00,10.8,0.2769857
2024-03-11 12:00:00,10.9,0.2719401
2024-03-11 13:00:00,10.3,0.2784375
2024-03-11 14:00:00,10.4,0.27933
2024-03-11 15:00:00,10.4,0.2870293
2024-03-11 16:00:00,10.1,0.2950261
2024-03-11 17:00:00,10.1,0.3083541
2024-03-11 18:00:00,9.8,0.319433
2024-03-11 19:00:00,9.6,0.3281319
2024-03-11 20:00:00,9.6,0.3043081
2024-03-11 21:00:00,9.4,0.2908849
2024-03-11 22:00:00,9.0,0.2888976
2024-03-11 23:00:00,7.7,0.2794252
2024-03-12 00:00:00,6.5,0.2819361
2024-03-12 01:00:00,6.7,0.2776164
2024-03-12 02:00:00,8.0,0.2787469
2024-03-12 03:00:00,7.6,0.277188
2024-03-12 04:00:00,7.5,0.2788302
2024-03-12 05:00:00,7.2,0.2845303
2024-03-12 06:00:00,7.4,0.3032014
2024-03-12 07:00:00,7.5,0.3144945
2024-03-12 08:00:00,8.1,0.3195282
2024-03-12 09:00:00,8.6,0.3112339
2024-03-12 10:00:00,9.5,0.3012498
2024-03-12 11:00:00,9.3,0.2956092
2024-03-12 12:00:00,8.9,0.2929436
2024-03-12 13:00:00,9.0,0.2927294
2024-03-12 14:00:00,8.7,0.2936338
2024-03-12 15:00:00,8.3,0.3023446
2024-03-12 16:00:00,8.2,0.3205159
2024-03-12 17:00:00,7.7,0.3341414
2024-03-12 18:00:00,7.7,0.3601548
2024-03-12 19:00:00,7.4,0.3478383
2024-03-12 20:00:00,6.5,0.3156012
2024-03-12 21:00:00,4.7,0.2991197
2024-03-12 22:00:00,4.8,0.2935267
2024-03-12 23:00:00,4.5,0.2832927
2024-03-13 00:00:00,4.1,0.2756767
2024-03-13 01:00:00,3.9,0.273737
2024-03-13 02:00:00,4.5,0.2731301
2024-03-13 03:00:00,3.8,0.2726303
2024-03-13 04:00:00,3.9,0.27576
2024-03-13 05:00:00,3.9,0.279092
2024-03-13 06:00:00,4.0,0.2916108
2024-03-13 07:00:00,5.1,0.3046413
2024-03-13 08:00:00,7.2,0.3065929
2024-03-13 09:00:00,9.0,0.2920749
2024-03-13 10:00:00,9.3,0.2806033
2024-03-13 11:00:00,10.0,0.2767715
2024-03-13 12:00:00,10.6,0.2764859
2024-03-13 13:00:00,10.7,0.2767477
2024-03-13 14:00:00,10.4,0.2757124
2024-03-13 15:00:00,10.2,0.2803296
2024-03-13 16:00:00,10.1,0.2871007
2024-03-13 17:00:00,10.1,0.3065929
2024-03-13 18:00:00,10.1,0.315982
2024-03-13 19:00:00,10.4,0.3118884
2024-03-13 20:00:00,10.6,0.2912062
2024-03-13 21:00:00,10.1,0.2791158
2024-03-13 22:00:00,10.1,0.2806509
2024-03-13 23:00:00,10.1,0.2756172
2024-03-14 00:00:00,10.5,0.2749151
2024-03-14 01:00:00,10.4,0.267311
2024-03-14 02:00:00,10.7,0.2680488
2024-03-14 03:00:00,10.6,0.26743
2024-03-14 04:00:00,10.4,0.272666
2024-03-14 05:00:00,9.9,0.2758433
2024-03-14 06:00:00,10.2,0.2889095
2024-03-14 07:00:00,10.7,0.3043914
2024-03-14 08:00:00,11.4,0.2971681
2024-03-14 09:00:00,12.5,0.2777949
2024-03-14 10:00:00,13.9,0.2642408
2024-03-14 11:00:00,14.8,0.2619203
2024-03-14 12:00:00,15.4,0.2624677
2024-03-14 13:00:00,15.8,0.2581004
2024-03-14 14:00:00,16.1,0.2624796
2024-03-14 15:00:00,16.1,0.2697029
2024-03-14 16:00:00,16.5,0.2867199
2024-03-14 17:00:00,14.9,0.3079376
2024-03-14 18:00:00,13.7,0.3361763
2024-03-14 19:00:00,13.3,0.3079376
2024-03-14 20:00:00,12.9,0.2877671
2024-03-14 21:00:00,11.2,0.2741297
2024-03-14 22:00:00,12.4,0.2705478
2024-03-14 23:00:00,12.6,0.2610754
2024-03-15 00:00:00,12.2,0.2571841
2024-03-15 01:00:00,11.5,0.2550302
2024-03-15 02:00:00,11.8,0.2538283
2024-03-15 03:00:00,12.0,0.2519005
2024-03-15 04:00:00,10.3,0.2554824
2024-03-15 05:00:00,10.4,0.2583265
2024-03-15 06:00:00,10.9,0.2736894
2024-03-15 07:00:00,11.8,0.2823407
2024-03-15 08:00:00,13.0,0.2814125
2024-03-15 09:00:00,13.6,0.263622
2024-03-15 10:00:00,13.2,0.2550064
2024-03-15 11:00:00,13.8,0.2463313
2024-03-15 12:00:00,14.6,0.2452246
2024-03-15 13:00:00,15.3,0.2434753
2024-03-15 14:00:00,15.7,0.2530667
2024-03-15 15:00:00,14.7,0.2609445
2024-03-15 16:00:00,13.0,0.278973
2024-03-15 17:00:00,13.3,0.3030348
2024-03-15 18:00:00,11.5,0.2972157
2024-03-15 19:00:00,11.5,0.3043081
2024-03-15 20:00:00,11.7,0.2760694
2024-03-15 21:00:00,11.5,0.2654784
2024-03-15 22:00:00,10.9,0.2666565
2024-03-15 23:00:00,11.4,0.2583027
2024-03-16 00:00:00,10.9,0.2521028
2024-03-16 01:00:00,11.0,0.2495919
2024-03-16 02:00:00,11.1,0.2480211
2024-03-16 03:00:00,10.1,0.2458672
2024-03-16 04:00:00,10.2,0.2456173
2024-03-16 05:00:00,10.5,0.2476046
2024-03-16 06:00:00,10.0,0.2558394
2024-03-16 07:00:00,9.8,0.2606589
2024-03-16 08:00:00,8.5,0.2617656
2024-03-16 09:00:00,7.6,0.2555419
2024-03-16 10:00:00,7.6,0.2530072
2024-03-16 11:00:00,7.9,0.2491278
2024-03-16 12:00:00,8.3,0.243273
2024-03-16 13:00:00,8.5,0.2246138
2024-03-16 14:00:00,9.3,0.2126781
2024-03-16 15:00:00,10.2,0.2365019
2024-03-16 16:00:00,9.6,0.2555062
2024-03-16 17:00:00,8.9,0.2853752
2024-03-16 18:00:00,6.8,0.2968111
2024-03-16 19:00:00,5.6,0.3034989
2024-03-16 20:00:00,5.1,0.2941574
2024-03-16 21:00:00,4.3,0.2864581
2024-03-16 22:00:00,4.1,0.2856489
2024-03-16 23:00:00,2.5,0.279449
2024-03-17 00:00:00,3.2,0.2769381
2024-03-17 01:00:00,2.0,0.2715831
2024-03-17 02:00:00,2.9,0.2662043
2024-03-17 03:00:00,2.2,0.2695125
2024-03-17 04:00:00,0.9,0.2715355
2024-03-17 05:00:00,0.7,0.2715831
2024-03-17 06:00:00,-0.1,0.274094
2024-03-17 07:00:00,0.9,0.266954
2024-03-17 08:00:00,5.5,0.2597902
2024-03-17 09:00:00,7.1,0.2557085
2024-03-17 10:00:00,8.0,0.253626
2024-03-17 11:00:00,9.5,0.2542329
2024-03-17 12:00:00,9.9,0.2493539
2024-03-17 13:00:00,10.0,0.2473785
2024-03-17 14:00:00,10.9,0.2567914
2024-03-17 15:00:00,10.4,0.2663828
2024-03-17 16:00:00,10.0,0.2849944
2024-03-17 17:00:00,9.1,0.3012736
2024-03-17 18:00:00,7.9,0.3118289
2024-03-17 19:00:00,8.0,0.3046651
2024-03-17 20:00:00,8.0,0.2922891
2024-03-17 21:00:00,7.4,0.2856727
2024-03-17 22:00:00,6.8,0.285399
2024-03-17 23:00:00,6.3,0.2780329
2024-03-18 00:00:00,5.9,0.2759028
2024-03-18 01:00:00,5.5,0.2675966
2024-03-18 02:00:00,5.6,0.2689889
2024-03-18 03:00:00,5.4,0.2702622
2024-03-18 04:00:00,5.0,0.2762122
2024-03-18 05:00:00,4.5,0.283852
2024-03-18 06:00:00,3.9,0.3023208
2024-03-18 07:00:00,4.2,0.3160653
2024-03-18 08:00:00,4.5,0.3119955
2024-03-18 09:00:00,5.1,0.298132
2024-03-18 10:00:00,6.2,0.2862796
2024-03-18 11:00:00,8.3,0.2789016
2024-03-18 12:00:00,10.0,0.280163
2024-03-18 13:00:00,9.8,0.280877
2024-03-18 14:00:00,10.2,0.2816386
2024-03-18 15:00:00,10.7,0.286946
2024-03-18 16:00:00,10.6,0.2935862
2024-03-18 17:00:00,10.3,0.3277035
2024-03-18 18:00:00,9.8,0.3729949
2024-03-18 19:00:00,9.4,0.3501707
2024-03-18 20:00:00,8.8,0.3230268
2024-03-18 21:00:00,8.4,0.296228
2024-03-18 22:00:00,8.1,0.2928722
2024-03-18 23:00:00,7.5,0.2881955
2024-03-19 00:00:00,7.4,0.28528
2024-03-19 01:00:00,7.2,0.2843756
2024-03-19 02:00:00,6.9,0.2848635
2024-03-19 03:00:00,6.6,0.2847445
2024-03-19 04:00:00,6.0,0.2843756
2024-03-19 05:00:00,5.1,0.2841019
2024-03-19 06:00:00,4.5,0.306105
2024-03-19 07:00:00,4.9,0.3314282
2024-03-19 08:00:00,6.7,0.3136853
2024-03-19 09:00:00,8.3,0.2853038
2024-03-19 10:00:00,10.5,0.2773784
2024-03-19 11:00:00,12.2,0.2695958
2024-03-19 12:00:00,13.6,0.2644193
2024-03-19 13:00:00,14.4,0.2670968
2024-03-19 14:00:00,14.5,0.2715712
2024-03-19 15:00:00,14.5,0.2829595
2024-03-19 16:00:00,14.0,0.287303
2024-03-19 17:00:00,13.5,0.3233005
2024-03-19 18:00:00,12.6,0.3559898
2024-03-19 19:00:00,10.1,0.3530624
2024-03-19 20:00:00,11.8,0.3305
2024-03-19 21:00:00,11.4,0.3055338
2024-03-19 22:00:00,10.4,0.2968468
2024-03-19 23:00:00,9.7,0.290159
2024-03-20 00:00:00,9.0,0.2900519
2024-03-20 01:00:00,10.2,0.286946
2024-03-20 02:00:00,10.1,0.288731
2024-03-20 03:00:00,9.7,0.289683
2024-03-20 04:00:00,9.0,0.2904684
2024-03-20 05:00:00,8.7,0.295871
2024-03-20 06:00:00,9.5,0.33764
2024-03-20 07:00:00,10.2,0.3379256
2024-03-20 08:00:00,11.6,0.3166127
2024-03-20 09:00:00,13.4,0.2836497
2024-03-20 10:00:00,14.6,0.27814
2024-03-20 11:00:00,15.7,0.2774141
2024-03-20 12:00:00,16.5,0.2727017
2024-03-20 13:00:00,16.7,0.2757005
2024-03-20 14:00:00,16.7,0.2761765
2024-03-20 15:00:00,17.0,0.2838282
2024-03-20 16:00:00,16.7,0.3032133
2024-03-20 17:00:00,15.3,0.3420192
2024-03-20 18:00:00,14.8,0.4001626
2024-03-20 19:00:00,13.6,0.3888695
2024-03-20 20:00:00,12.3,0.3482905
2024-03-20 21:00:00,12.2,0.3263588
2024-03-20 22:00:00,11.8,0.3139233
2024-03-20 23:00:00,11.6,0.2947762
2024-03-21 00:00:00,11.0,0.2902542
2024-03-21 01:00:00,10.7,0.2869103
2024-03-21 02:00:00,10.5,0.2847445
2024-03-21 03:00:00,10.1,0.2844708
2024-03-21 04:00:00,10.4,0.28409
2024-03-21 05:00:00,10.9,0.2870769
2024-03-21 06:00:00,10.6,0.3058194
2024-03-21 07:00:00,11.0,0.3164699
2024-03-21 08:00:00,10.4,0.3213251
2024-03-21 09:00:00,8.2,0.2948
2024-03-21 10:00:00,8.0,0.2857679
2024-03-21 11:00:00,8.7,0.2805557
2024-03-21 12:00:00,9.3,0.2765216
2024-03-21 13:00:00,10.0,0.2709524
2024-03-21 14:00:00,10.7,0.2791515
2024-03-21 15:00:00,11.1,0.2784732
2024-03-21 16:00:00,10.7,0.2891713
2024-03-21 17:00:00,10.1,0.319671
2024-03-21 18:00:00,8.4,0.3508847
2024-03-21 19:00:00,8.6,0.3457915
2024-03-21 20:00:00,7.3,0.3115076
2024-03-21 21:00:00,7.9,0.294324
2024-03-21 22:00:00,8.2,0.2918012
2024-03-21 23:00:00,8.7,0.2843637
2024-03-22 00:00:00,9.1,0.2666446
2024-03-22 01:00:00,9.5,0.2617656
2024-03-22 02:00:00,9.7,0.2587311
2024-03-22 03:00:00,9.8,0.2612777
2024-03-22 04:00:00,9.6,0.262432
2024-03-22 05:00:00,10.1,0.2708691
2024-03-22 06:00:00,10.5,0.287779
2024-03-22 07:00:00,11.1,0.2797941
2024-03-22 08:00:00,11.5,0.2806271
2024-03-22 09:00:00,11.8,0.2666208
2024-03-22 10:00:00,12.1,0.2612539
2024-03-22 11:00:00,12.3,0.2589215
2024-03-22 12:00:00,12.6,0.2588144
2024-03-22 13:00:00,12.1,0.2608731
2024-03-22 14:00:00,10.9,0.2619441
2024-03-22 15:00:00,10.4,0.2709643
2024-03-22 16:00:00,10.0,0.2910753
2024-03-22 17:00:00,9.8,0.3054862
2024-03-22 18:00:00,9.6,0.3442921
2024-03-22 19:00:00,8.0,0.3408649
2024-03-22 20:00:00,7.8,0.31265
2024-03-22 21:00:00,7.6,0.2974775
2024-03-22 22:00:00,7.5,0.2949785
2024-03-22 23:00:00,7.4,0.2917893
2024-03-23 00:00:00,7.3,0.2921463
2024-03-23 01:00:00,7.1,0.2858393
2024-03-23 02:00:00,6.8,0.2780448
2024-03-23 03:00:00,6.1,0.2757362
2024-03-23 04:00:00,5.9,0.2708096
2024-03-23 05:00:00,5.8,0.2727136
2024-03-23 06:00:00,5.1,0.2690246
2024-03-23 07:00:00,5.8,0.2624558
2024-03-23 08:00:00,6.7,0.2461528
2024-03-23 09:00:00,7.5,0.215308
2024-03-23 10:00:00,8.9,0.1996238
2024-03-23 11:00:00,5.1,0.1995405
2024-03-23 12:00:00,4.8,0.1972914
2024-03-23 13:00:00,7.6,0.1928051
2024-03-23 14:00:00,8.5,0.1895445
2024-03-23 15:00:00,6.3,0.1978626
2024-03-23 16:00:00,5.3,0.1996833
2024-03-23 17:00:00,5.3,0.256482
2024-03-23 18:00:00,4.9,0.2830071
2024-03-23 19:00:00,4.2,0.2818885
2024-03-23 20:00:00,4.8,0.2625986
2024-03-23 21:00:00,3.8,0.2541496
2024-03-23 22:00:00,4.1,0.2475332
2024-03-23 23:00:00,3.5,0.2333841
2024-03-24 00:00:00,4.1,0.237799
2024-03-24 01:00:00,4.2,0.2154032
2024-03-24 02:00:00,3.8,0.2116547
2024-03-24 03:00:00,4.5,0.21983
2024-03-24 04:00:00,4.6,0.2233048
2024-03-24 05:00:00,4.0,0.2315158
2024-03-24 06:00:00,4.5,0.2172953
2024-03-24 07:00:00,4.3,0.2019324
2024-03-24 08:00:00,5.0,0.1996
2024-03-24 09:00:00,5.1,0.1996
2024-03-24 10:00:00,6.5,0.1996
2024-03-24 11:00:00,7.4,0.1996
2024-03-24 12:00:00,7.5,0.1996
2024-03-24 13:00:00,6.4,0.1996
2024-03-24 14:00:00,7.0,0.1996
2024-03-24 15:00:00,7.0,0.1996
2024-03-24 16:00:00,5.9,0.2194611
2024-03-24 17:00:00,6.4,0.270286
2024-03-24 18:00:00,5.8,0.28885
2024-03-24 19:00:00,6.0,0.288731
2024-03-24 20:00:00,5.6,0.279211
2024-03-24 21:00:00,5.0,0.2766763
2024-03-24 22:00:00,5.4,0.2760813
2024-03-24 23:00:00,5.2,0.2745343
2024-03-25 00:00:00,4.6,0.2739869
2024-03-25 01:00:00,5.3,0.2737251
2024-03-25 02:00:00,5.1,0.2739512
2024-03-25 03:00:00,4.8,0.2763669
2024-03-25 04:00:00,4.8,0.2792824
2024-03-25 05:00:00,4.8,0.2913966
2024-03-25 06:00:00,4.8,0.3048317
2024-03-25 07:00:00,5.2,0.3351053
2024-03-25 08:00:00,5.9,0.3182192
2024-03-25 09:00:00,6.7,0.2917417
2024-03-25 10:00:00,7.1,0.2829595
2024-03-25 11:00:00,7.9,0.2753554
2024-03-25 12:00:00,7.7,0.2732015
2024-03-25 13:00:00,9.4,0.2748318
2024-03-25 14:00:00,8.7,0.2763788
2024-03-25 15:00:00,10.0,0.2876243
2024-03-25 16:00:00,9.0,0.2960495
2024-03-25 17:00:00,8.3,0.3327372
2024-03-25 18:00:00,7.1,0.407493
2024-03-25 19:00:00,6.1,0.3778025
2024-03-25 20:00:00,4.7,0.3218487
2024-03-25 21:00:00,5.4,0.2976441
2024-03-25 22:00:00,5.0,0.2942764
2024-03-25 23:00:00,2.9,0.2885406
2024-03-26 00:00:00,2.1,0.294681
2024-03-26 01:00:00,3.2,0.286827
2024-03-26 02:00:00,3.3,0.2816029
2024-03-26 03:00:00,1.4,0.2804962
2024-03-26 04:00:00,2.9,0.2829833
2024-03-26 05:00:00,2.2,0.2856132
2024-03-26 06:00:00,2.5,0.2952522
2024-03-26 07:00:00,4.3,0.293848
2024-03-26 08:00:00,5.8,0.285399
2024-03-26 09:00:00,8.1,0.27338
2024-03-26 10:00:00,8.9,0.258505
2024-03-26 11:00:00,9.4,0.2436657
2024-03-26 12:00:00,9.7,0.2132731
2024-03-26 13:00:00,9.8,0.2321465
2024-03-26 14:00:00,10.1,0.243749
2024-03-26 15:00:00,10.9,0.2613967
2024-03-26 16:00:00,10.8,0.2805914
2024-03-26 17:00:00,10.7,0.2960495
2024-03-26 18:00:00,10.2,0.3194925
2024-03-26 19:00:00,9.7,0.318957
2024-03-26 20:00:00,10.0,0.2948
2024-03-26 21:00:00,8.1,0.2912895
2024-03-26 22:00:00,7.8,0.2862558
2024-03-26 23:00:00,7.5,0.2792348
2024-03-27 00:00:00,5.5,0.2690365
2024-03-27 01:00:00,4.4,0.2675371
2024-03-27 02:00:00,4.3,0.2677632
2024-03-27 03:00:00,4.0,0.2683701
2024-03-27 04:00:00,4.3,0.2710357
2024-03-27 05:00:00,3.1,0.2857322
2024-03-27 06:00:00,3.4,0.2961923
2024-03-27 07:00:00,5.9,0.2981082
2024-03-27 08:00:00,8.8,0.2948119
2024-03-27 09:00:00,12.4,0.2806628
2024-03-27 10:00:00,14.5,0.275641
2024-03-27 11:00:00,15.3,0.2675847
2024-03-27 12:00:00,15.7,0.2682154
2024-03-27 13:00:00,17.4,0.271
2024-03-27 14:00:00,17.3,0.280282
2024-03-27 15:00:00,16.3,0.2935267
2024-03-27 16:00:00,15.7,0.2997266
2024-03-27 17:00:00,14.7,0.3192307
2024-03-27 18:00:00,12.1,0.3494567
2024-03-27 19:00:00,11.5,0.3411386
2024-03-27 20:00:00,11.0,0.3179098
2024-03-27 21:00:00,10.4,0.2998575
2024-03-27 22:00:00,10.1,0.2983938
2024-03-27 23:00:00,9.8,0.2882193
2024-03-28 00:00:00,9.7,0.2937171
2024-03-28 01:00:00,8.9,0.285994
2024-03-28 02:00:00,7.5,0.2772356
2024-03-28 03:00:00,6.3,0.2762479
2024-03-28 04:00:00,5.7,0.2789611
2024-03-28 05:00:00,5.6,0.284804
2024-03-28 06:00:00,5.8,0.2972633
2024-03-28 07:00:00,6.5,0.2985961
2024-03-28 08:00:00,7.7,0.2958948
2024-03-28 09:00:00,9.4,0.2748556
2024-03-28 10:00:00,10.1,0.2556133
2024-03-28 11:00:00,11.5,0.24363
2024-03-28 12:00:00,9.9,0.2076206
2024-03-28 13:00:00,8.5,0.1996595
2024-03-28 14:00:00,8.2,0.1996476
2024-03-28 15:00:00,8.0,0.2112858
2024-03-28 16:00:00,8.2,0.2390723
2024-03-28 17:00:00,8.4,0.2623368
2024-03-28 18:00:00,8.3,0.2876243
2024-03-28 19:00:00,8.1,0.2832927
2024-03-28 20:00:00,8.7,0.2740226
2024-03-28 21:00:00,8.2,0.2612777
2024-03-28 22:00:00,8.5,0.2389295
2024-03-28 23:00:00,8.2,0.22935
2024-03-29 00:00:00,8.4,0.224114
2024-03-29 01:00:00,8.1,0.2220077
2024-03-29 02:00:00,7.5,0.2143917
2024-03-29 03:00:00,7.9,0.2117856
2024-03-29 04:00:00,7.8,0.2145821
2024-03-29 05:00:00,8.2,0.2166408
2024-03-29 06:00:00,9.0,0.2258038
2024-03-29 07:00:00,7.8,0.2262441
2024-03-29 08:00:00,7.4,0.2185686
2024-03-29 09:00:00,8.4,0.2154032
2024-03-29 10:00:00,10.4,0.2196872
2024-03-29 11:00:00,11.5,0.2220077
2024-03-29 12:00:00,12.2,0.21507
2024-03-29 13:00:00,12.8,0.2113334
2024-03-29 14:00:00,13.3,0.2155936
2024-03-29 15:00:00,14.1,0.2252802
2024-03-29 16:00:00,14.2,0.258505
2024-03-29 17:00:00,13.8,0.2947167
2024-03-29 18:00:00,12.8,0.3209443
2024-03-29 19:00:00,12.4,0.3250855
2024-03-29 20:00:00,12.1,0.303606
2024-03-29 21:00:00,11.8,0.2947167
2024-03-29 22:00:00,11.4,0.2899091
2024-03-29 23:00:00,11.4,0.2829
2024-03-30 00:00:00,11.1,0.282067
2024-03-30 01:00:00,10.8,0.2688104
2024-03-30 02:00:00,10.1,0.2696672
2024-03-30 03:00:00,9.9,0.2697505
2024-03-30 04:00:00,9.6,0.2700837
2024-03-30 05:00:00,9.4,0.2770095
2024-03-30 06:00:00,9.9,0.2692983
2024-03-30 07:00:00,10.5,0.2564701
2024-03-30 08:00:00,12.2,0.2534237
2024-03-30 09:00:00,14.2,0.2512222
2024-03-30 10:00:00,16.0,0.2406431
2024-03-30 11:00:00,16.9,0.2272199
2024-03-30 12:00:00,16.8,0.2171644
2024-03-30 13:00:00,17.3,0.2077515
2024-03-30 14:00:00,16.4,0.2184853
2024-03-30 15:00:00,16.5,0.240298
2024-03-30 16:00:00,15.9,0.2620988
2024-03-30 17:00:00,13.9,0.2921225
2024-03-30 18:00:00,12.2,0.3044509
2024-03-30 19:00:00,13.5,0.2990007
2024-03-30 20:00:00,12.6,0.2877909
2024-03-30 21:00:00,12.2,0.2846493
2024-03-30 22:00:00,9.4,0.2838877
2024-03-30 23:00:00,10.4,0.2778306
2024-03-31 00:00:00,9.2,0.289683
2024-03-31 01:00:00,8.4,0.2789849
2024-03-31 03:00:00,6.9,0.2769262
2024-03-31 04:00:00,7.7,0.2715712
2024-03-31 05:00:00,7.6,0.2695006
2024-03-31 06:00:00,7.4,0.2763074
2024-03-31 07:00:00,7.7,0.2846969
2024-03-31 08:00:00,7.9,0.2769857
2024-03-31 09:00:00,8.3,0.2594808
2024-03-31 10:00:00,8.4,0.2484257
2024-03-31 11:00:00,9.5,0.2347288
2024-03-31 12:00:00,11.4,0.2232215
2024-03-31 13:00:00,13.6,0.2032414
2024-03-31 14:00:00,14.1,0.2008257
2024-03-31 15:00:00,14.5,0.2177713
2024-03-31 16:00:00,14.7,0.2484733
2024-03-31 17:00:00,14.7,0.2790206
2024-03-31 18:00:00,14.1,0.3058908
2024-03-31 19:00:00,12.7,0.3391751
2024-03-31 20:00:00,13.0,0.2992268
2024-03-31 21:00:00,12.7,0.2829
2024-03-31 22:00:00,11.9,0.2763669
2024-03-31 23:00:00,11.9,0.264931
2024-04-01 00:00:00,11.2,0.2590405
2024-04-01 01:00:00,9.9,0.2578862
2024-04-01 02:00:00,9.0,0.2544114
2024-04-01 03:00:00,8.6,0.2514602
2024-04-01 04:00:00,8.3,0.258386
2024-04-01 05:00:00,7.7,0.2618965
2024-04-01 06:00:00,8.4,0.2694649
2024-04-01 07:00:00,8.6,0.2763431
2024-04-01 08:00:00,9.0,0.2694649
2024-04-01 09:00:00,9.3,0.2720591
2024-04-01 10:00:00,9.8,0.2642884
2024-04-01 11:00:00,10.1,0.2417141
2024-04-01 12:00:00,10.6,0.2151176
2024-04-01 13:00:00,10.9,0.1996357
2024-04-01 14:00:00,10.5,0.1995881
2024-04-01 15:00:00,10.2,0.1995881
2024-04-01 16:00:00,10.1,0.1995881
2024-04-01 17:00:00,9.8,0.2064901
2024-04-01 18:00:00,9.6,0.2495443
2024-04-01 19:00:00,9.5,0.2573507
2024-04-01 20:00:00,9.3,0.2589572
2024-04-01 21:00:00,9.6,0.2539711
2024-04-01 22:00:00,9.6,0.2305043
2024-04-01 23:00:00,9.5,0.2084893
2024-04-02 00:00:00,9.2,0.2090843
2024-04-02 01:00:00,9.3,0.2011232
2024-04-02 02:00:00,8.4,0.2003259
2024-04-02 03:00:00,9.2,0.2006353
2024-04-02 04:00:00,9.2,0.2019086
2024-04-02 05:00:00,8.9,0.2082513
2024-04-02 06:00:00,9.1,0.2676918
2024-04-02 07:00:00,9.0,0.2880884
2024-04-02 08:00:00,10.0,0.2816267
2024-04-02 09:00:00,10.7,0.2555062
2024-04-02 10:00:00,11.1,0.2027654
2024-04-02 11:00:00,11.6,0.1995286
2024-04-02 12:00:00,12.0,0.1983029
2024-04-02 13:00:00,12.0,0.1984457
2024-04-02 14:00:00,12.1,0.1995167
2024-04-02 15:00:00,12.2,0.1996
2024-04-02 16:00:00,11.9,0.2047289
2024-04-02 17:00:00,10.3,0.2489374
2024-04-02 18:00:00,9.9,0.286113
2024-04-02 19:00:00,10.6,0.3131141
2024-04-02 20:00:00,10.1,0.3125072
2024-04-02 21:00:00,10.2,0.2925747
2024-04-02 22:00:00,10.1,0.2886834
2024-04-02 23:00:00,9.7,0.2839472
2024-04-03 00:00:00,9.9,0.2878147
2024-04-03 01:00:00,9.7,0.2849825
2024-04-03 02:00:00,9.3,0.2829595
2024-04-03 03:00:00,8.5,0.2858869
2024-04-03 04:00:00,8.2,0.2856846
2024-04-03 05:00:00,8.8,0.2932649
2024-04-03 06:00:00,9.0,0.3125429
2024-04-03 07:00:00,9.1,0.3399367
2024-04-03 08:00:00,9.5,0.3399367
2024-04-03 09:00:00,10.1,0.3197662
2024-04-03 10:00:00,10.5,0.3273465
2024-04-03 11:00:00,11.1,0.3076639
2024-04-03 12:00:00,11.4,0.2972157
2024-04-03 13:00:00,11.8,0.2910872
2024-04-03 14:00:00,11.8,0.2865176
2024-04-03 15:00:00,11.8,0.2865533
2024-04-03 16:00:00,12.1,0.290873
2024-04-03 17:00:00,11.8,0.3096036
2024-04-03 18:00:00,11.3,0.3282866
2024-04-03 19:00:00,11.3,0.346327
2024-04-03 20:00:00,11.3,0.3204802
2024-04-03 21:00:00,10.6,0.2959543
2024-04-03 22:00:00,10.4,0.2894569
2024-04-03 23:00:00,10.7,0.2756291
2024-04-04 00:00:00,10.6,0.2644788
2024-04-04 01:00:00,10.5,0.2614919
2024-04-04 02:00:00,10.7,0.2593023
2024-04-04 03:00:00,10.6,0.2609683
2024-04-04 04:00:00,10.4,0.2614086
2024-04-04 05:00:00,9.2,0.265169
2024-04-04 06:00:00,8.6,0.2799488
2024-04-04 07:00:00,9.5,0.2938004
2024-04-04 08:00:00,9.7,0.2914442
2024-04-04 09:00:00,10.0,0.2852086
2024-04-04 10:00:00,10.2,0.2822455
2024-04-04 11:00:00,11.2,0.2746414
2024-04-04 12:00:00,11.9,0.2687152
2024-04-04 13:00:00,12.7,0.2665018
2024-04-04 14:00:00,14.4,0.2656331
2024-04-04 15:00:00,14.1,0.2664423
2024-04-04 16:00:00,13.3,0.2675252
2024-04-04 17:00:00,13.2,0.2818052
2024-04-04 18:00:00,13.2,0.2892784
2024-04-04 19:00:00,12.5,0.3074854
2024-04-04 20:00:00,12.1,0.2954902
2024-04-04 21:00:00,11.5,0.2868151
2024-04-04 22:00:00,11.3,0.2846493
2024-04-04 23:00:00,11.2,0.2728207
2024-04-05 00:00:00,11.6,0.2742368
2024-04-05 01:00:00,11.8,0.2699052
2024-04-05 02:00:00,10.7,0.2661924
2024-04-05 03:00:00,10.7,0.2669421
2024-04-05 04:00:00,10.7,0.263741
2024-04-05 05:00:00,11.0,0.273975
2024-04-05 06:00:00,11.0,0.2903851
2024-04-05 07:00:00,11.2,0.2998456
2024-04-05 08:00:00,12.5,0.29599
2024-04-05 09:00:00,12.6,0.2800321
2024-04-05 10:00:00,14.2,0.259695
2024-04-05 11:00:00,15.4,0.2305043
2024-04-05 12:00:00,15.9,0.2105004
2024-04-05 13:00:00,16.4,0.1996
2024-04-05 14:00:00,16.7,0.199481
2024-04-05 15:00:00,17.3,0.1996595
2024-04-05 16:00:00,17.0,0.2092271
2024-04-05 17:00:00,16.9,0.2441774
2024-04-05 18:00:00,16.7,0.2586835
2024-04-05 19:00:00,15.7,0.2661686
2024-04-05 20:00:00,14.6,0.2658116
2024-04-05 21:00:00,13.3,0.2647049
2024-04-05 22:00:00,14.3,0.2663947
2024-04-05 23:00:00,13.7,0.2651333
2024-04-06 00:00:00,13.4,0.2508652
2024-04-06 01:00:00,13.3,0.2531619
2024-04-06 02:00:00,11.7,0.2553991
2024-04-06 03:00:00,12.6,0.2561964
2024-04-06 04:00:00,13.1,0.2598735
2024-04-06 05:00:00,12.6,0.2649072
2024-04-06 06:00:00,13.3,0.2694887
2024-04-06 07:00:00,12.8,0.2708453
2024-04-06 08:00:00,15.3,0.2700956
2024-04-06 09:00:00,16.6,0.2578386
2024-04-06 10:00:00,17.8,0.2346098
2024-04-06 11:00:00,19.8,0.1987313
2024-04-06 12:00:00,20.9,0.180084
2024-04-06 13:00:00,22.2,0.1282952
2024-04-06 14:00:00,23.4,0.1310679
2024-04-06 15:00:00,23.5,0.1584141
2024-04-06 16:00:00,24.2,0.1940546
2024-04-06 17:00:00,23.9,0.2184139
2024-04-06 18:00:00,23.2,0.2799964
2024-04-06 19:00:00,22.3,0.2876481
2024-04-06 20:00:00,21.3,0.2812935
2024-04-06 21:00:00,20.5,0.2548874
2024-04-06 22:00:00,20.4,0.2532333
2024-04-06 23:00:00,19.6,0.2303972
2024-04-07 00:00:00,19.3,0.2126543
2024-04-07 01:00:00,19.3,0.1997071
2024-04-07 02:00:00,18.3,0.1996
2024-04-07 03:00:00,17.6,0.1996
2024-04-07 04:00:00,19.2,0.1996
2024-04-07 05:00:00,19.4,0.1996
2024-04-07 06:00:00,19.3,0.1996
2024-04-07 07:00:00,16.9,0.1996
2024-04-07 08:00:00,16.8,0.1996
2024-04-07 09:00:00,17.7,0.1995881
2024-04-07 10:00:00,17.9,0.1994096
2024-04-07 11:00:00,19.0,0.1957325
2024-04-07 12:00:00,20.3,0.1877714
2024-04-07 13:00:00,20.9,0.1677199
2024-04-07 14:00:00,21.9,0.1757286
2024-04-07 15:00:00,22.4,0.1936024
2024-04-07 16:00:00,21.9,0.1994096
2024-04-07 17:00:00,21.3,0.2078348
2024-04-07 18:00:00,20.3,0.3084374
2024-04-07 19:00:00,19.6,0.3285841
2024-04-07 20:00:00,18.9,0.326216
2024-04-07 21:00:00,18.5,0.3066405
2024-04-07 22:00:00,17.0,0.2917774
2024-04-07 23:00:00,15.9,0.2853514
2024-04-08 00:00:00,14.6,0.2838163
2024-04-08 01:00:00,13.5,0.2837449
2024-04-08 02:00:00,13.4,0.2806628
2024-04-08 03:00:00,13.0,0.2837449
2024-04-08 04:00:00,12.6,0.2847683
2024-04-08 05:00:00,12.3,0.2917536
2024-04-08 06:00:00,12.3,0.3209681
2024-04-08 07:00:00,12.4,0.3778382
2024-04-08 08:00:00,13.6,0.3525388
2024-04-08 09:00:00,14.2,0.3013569
2024-04-08 10:00:00,14.9,0.295514
2024-04-08 11:00:00,16.6,0.2843637
2024-04-08 12:00:00,18.1,0.276593
2024-04-08 13:00:00,19.9,0.271
2024-04-08 14:00:00,20.2,0.2684891
2024-04-08 15:00:00,20.9,0.275046
2024-04-08 16:00:00,21.5,0.2829
2024-04-08 17:00:00,21.8,0.2888619
2024-04-08 18:00:00,20.6,0.324431
2024-04-08 19:00:00,20.0,0.362987
2024-04-08 20:00:00,17.7,0.348112
2024-04-08 21:00:00,15.6,0.3005715
2024-04-08 22:00:00,15.3,0.29123
2024-04-08 23:00:00,16.4,0.2831261
2024-04-09 00:00:00,14.9,0.2926699
2024-04-09 01:00:00,14.1,0.2821741
2024-04-09 02:00:00,14.1,0.2766287
2024-04-09 03:00:00,14.4,0.2709405
2024-04-09 04:00:00,14.4,0.2739512
2024-04-09 05:00:00,14.2,0.2809246
2024-04-09 06:00:00,14.0,0.3027611
2024-04-09 07:00:00,14.6,0.307771
2024-04-09 08:00:00,15.8,0.2945382
2024-04-09 09:00:00,15.9,0.280877
2024-04-09 10:00:00,16.6,0.261004
2024-04-09 11:00:00,16.7,0.2519362
2024-04-09 12:00:00,16.5,0.2424995
2024-04-09 13:00:00,13.5,0.2116071
2024-04-09 14:00:00,12.3,0.212095
2024-04-09 15:00:00,11.0,0.2341576
2024-04-09 16:00:00,11.7,0.2451413
2024-04-09 17:00:00,12.2,0.2592785
2024-04-09 18:00:00,12.4,0.278021
2024-04-09 19:00:00,12.4,0.2968825
2024-04-09 20:00:00,12.1,0.2968706
2024-04-09 21:00:00,12.1,0.2804962
2024-04-09 22:00:00,11.9,0.2716069
2024-04-09 23:00:00,10.6,0.2418331
2024-04-10 00:00:00,10.4,0.2268391
2024-04-10 01:00:00,9.9,0.2066805
2024-04-10 02:00:00,9.6,0.2069661
2024-04-10 03:00:00,9.3,0.2102981
2024-04-10 04:00:00,9.2,0.230897
2024-04-10 05:00:00,9.3,0.2591357
2024-04-10 06:00:00,8.6,0.2899329
2024-04-10 07:00:00,9.0,0.3181597
2024-04-10 08:00:00,9.4,0.3257638
2024-04-10 09:00:00,9.9,0.2953474
2024-04-10 10:00:00,11.4,0.2801154
2024-04-10 11:00:00,12.4,0.2662995
2024-04-10 12:00:00,12.4,0.2657878
2024-04-10 13:00:00,13.2,0.2356808
2024-04-10 14:00:00,13.6,0.2368351
2024-04-10 15:00:00,13.9,0.2654665
2024-04-10 16:00:00,13.3,0.2744629
2024-04-10 17:00:00,13.6,0.2892308
2024-04-10 18:00:00,13.5,0.3195877
2024-04-10 19:00:00,12.0,0.4270685
2024-04-10 20:00:00,10.6,0.4271161
2024-04-10 21:00:00,10.3,0.3371521
2024-04-10 22:00:00,9.6,0.302059
2024-04-10 23:00:00,9.0,0.290159
2024-04-11 00:00:00,8.9,0.2859702
2024-04-11 01:00:00,8.3,0.2797584
2024-04-11 02:00:00,8.0,0.2736656
2024-04-11 03:00:00,7.9,0.2695839
2024-04-11 04:00:00,7.8,0.2699052
2024-04-11 05:00:00,7.7,0.2657283
2024-04-11 06:00:00,8.7,0.2884097
2024-04-11 07:00:00,9.3,0.281472
2024-04-11 08:00:00,11.2,0.261718
2024-04-11 09:00:00,11.6,0.2353
2024-04-11 10:00:00,12.2,0.2115595
2024-04-11 11:00:00,12.5,0.2006234
2024-04-11 12:00:00,12.9,0.2006829
2024-04-11 13:00:00,13.9,0.200909
2024-04-11 14:00:00,14.7,0.2002783
2024-04-11 15:00:00,15.7,0.2347883
2024-04-11 16:00:00,15.3,0.2706906
2024-04-11 17:00:00,15.6,0.2909206
2024-04-11 18:00:00,15.1,0.319433
2024-04-11 19:00:00,14.7,0.3594884
2024-04-11 20:00:00,14.3,0.3636058
2024-04-11 21:00:00,14.0,0.3171601
2024-04-11 22:00:00,13.7,0.2976798
2024-04-11 23:00:00,13.6,0.2906469
2024-04-12 00:00:00,13.6,0.2896949
2024-04-12 01:00:00,13.3,0.2849706
2024-04-12 02:00:00,13.2,0.2815791
2024-04-12 03:00:00,13.2,0.2820194
2024-04-12 04:00:00,13.5,0.2823288
2024-04-12 05:00:00,13.6,0.2918607
2024-04-12 06:00:00,13.7,0.3081637
2024-04-12 07:00:00,13.8,0.31503
2024-04-12 08:00:00,14.5,0.3029277
2024-04-12 09:00:00,14.9,0.2840662
2024-04-12 10:00:00,15.1,0.2506034
2024-04-12 11:00:00,15.6,0.2220434
2024-04-12 12:00:00,15.8,0.1996
2024-04-12 13:00:00,16.5,0.1995167
2024-04-12 14:00:00,17.3,0.1996119
2024-04-12 15:00:00,17.5,0.1998142
2024-04-12 16:00:00,18.2,0.1998618
2024-04-12 17:00:00,18.1,0.2678703
2024-04-12 18:00:00,18.0,0.2970967
2024-04-12 19:00:00,16.8,0.3494805
2024-04-12 20:00:00,16.8,0.3473147
2024-04-12 21:00:00,16.4,0.302654
2024-04-12 22:00:00,15.4,0.2924081
2024-04-12 23:00:00,15.5,0.280639
2024-04-13 00:00:00,15.1,0.2712618
2024-04-13 01:00:00,14.0,0.2579933
2024-04-13 02:00:00,13.8,0.2286479
2024-04-13 03:00:00,13.7,0.2226979
2024-04-13 04:00:00,13.7,0.2233405
2024-04-13 05:00:00,13.7,0.2297308
2024-04-13 06:00:00,13.3,0.2355142
2024-04-13 07:00:00,15.0,0.2415594
2024-04-13 08:00:00,15.7,0.226494
2024-04-13 09:00:00,16.7,0.210072
2024-04-13 10:00:00,17.4,0.1995762
2024-04-13 11:00:00,18.3,0.1877357
2024-04-13 12:00:00,19.5,0.1687076
2024-04-13 13:00:00,20.0,0.1401
2024-04-13 14:00:00,20.6,0.1341381
2024-04-13 15:00:00,21.4,0.1402071
2024-04-13 16:00:00,21.4,0.1767996
2024-04-13 17:00:00,21.9,0.1994096
2024-04-13 18:00:00,21.2,0.2470929
2024-04-13 19:00:00,20.6,0.2869936
2024-04-13 20:00:00,19.4,0.2778782
2024-04-13 21:00:00,18.5,0.2464265
2024-04-13 22:00:00,17.9,0.2247209
2024-04-13 23:00:00,17.3,0.2079895
2024-04-14 00:00:00,18.3,0.2001117
2024-04-14 01:00:00,18.0,0.2005877
2024-04-14 02:00:00,16.8,0.2007067
2024-04-14 03:00:00,14.1,0.2009447
2024-04-14 04:00:00,14.2,0.2023846
2024-04-14 05:00:00,13.9,0.2066805
2024-04-14 06:00:00,12.7,0.2149034
2024-04-14 07:00:00,11.9,0.21507
2024-04-14 08:00:00,12.3,0.2084179
2024-04-14 09:00:00,12.1,0.1996
2024-04-14 10:00:00,12.5,0.1967797
2024-04-14 11:00:00,12.5,0.1851177
2024-04-14 12:00:00,13.1,0.1492987
2024-04-14 13:00:00,13.9,0.1281405
2024-04-14 14:00:00,14.3,0.1281167
2024-04-14 15:00:00,15.1,0.1519405
2024-04-14 16:00:00,14.7,0.1921625
2024-04-14 17:00:00,14.4,0.2014683
2024-04-14 18:00:00,13.0,0.2796037
2024-04-14 19:00:00,11.4,0.304082
2024-04-14 20:00:00,10.2,0.3422929
2024-04-14 21:00:00,9.9,0.3336059
2024-04-14 22:00:00,9.4,0.3233005
2024-04-14 23:00:00,9.1,0.3034156
2024-04-15 00:00:00,8.6,0.2971324
2024-04-15 01:00:00,8.4,0.2962994
2024-04-15 02:00:00,8.4,0.2918726
2024-04-15 03:00:00,7.7,0.2926342
2024-04-15 04:00:00,7.1,0.2891237
2024-04-15 05:00:00,7.2,0.3028206
2024-04-15 06:00:00,7.7,0.3373187
2024-04-15 07:00:00,8.3,0.4008885
2024-04-15 08:00:00,9.1,0.3819556
2024-04-15 09:00:00,10.4,0.3085564
2024-04-15 10:00:00,10.4,0.2954545
2024-04-15 11:00:00,11.5,0.2747485
2024-04-15 12:00:00,11.4,0.2521385
2024-04-15 13:00:00,11.7,0.2373706
2024-04-15 14:00:00,12.7,0.2150224
2024-04-15 15:00:00,12.8,0.208882
2024-04-15 16:00:00,12.9,0.2091081
2024-04-15 17:00:00,12.1,0.254697
2024-04-15 18:00:00,11.4,0.281948
2024-04-15 19:00:00,6.2,0.2935148
2024-04-15 20:00:00,5.9,0.2912538
2024-04-15 21:00:00,5.5,0.2785089
2024-04-15 22:00:00,4.9,0.2635863
2024-04-15 23:00:00,5.3,0.2402623
2024-04-16 00:00:00,5.6,0.2020038
2024-04-16 01:00:00,5.7,0.1996476
2024-04-16 02:00:00,5.6,0.1997666
2024-04-16 03:00:00,4.6,0.2004687
2024-04-16 04:00:00,4.9,0.2203893
2024-04-16 05:00:00,5.6,0.2427018
2024-04-16 06:00:00,5.1,0.2747366
2024-04-16 07:00:00,6.0,0.2879694
2024-04-16 08:00:00,6.2,0.2879694
2024-04-16 09:00:00,7.4,0.2767239
2024-04-16 10:00:00,7.8,0.2603257
2024-04-16 11:00:00,8.4,0.2503416
2024-04-16 12:00:00,8.9,0.2472
2024-04-16 13:00:00,7.3,0.2474618
2024-04-16 14:00:00,9.1,0.2496752
2024-04-16 15:00:00,8.9,0.2573507
2024-04-16 16:00:00,8.4,0.2743796
2024-04-16 17:00:00,10.4,0.2944073
2024-04-16 18:00:00,8.2,0.3101748
2024-04-16 19:00:00,6.7,0.3352481
2024-04-16 20:00:00,6.5,0.3477788
2024-04-16 21:00:00,6.6,0.3239074
2024-04-16 22:00:00,5.7,0.306819
2024-04-16 23:00:00,4.6,0.299679
2024-04-17 00:00:00,4.5,0.2993696
2024-04-17 01:00:00,5.6,0.2993696
2024-04-17 02:00:00,5.3,0.2964065
2024-04-17 03:00:00,4.5,0.297656
2024-04-17 04:00:00,4.0,0.2983224
2024-04-17 05:00:00,4.0,0.2992387
2024-04-17 06:00:00,3.4,0.3297741
2024-04-17 07:00:00,4.8,0.4018643
2024-04-17 08:00:00,5.9,0.3842523
2024-04-17 09:00:00,7.6,0.3240978
2024-04-17 10:00:00,8.0,0.299441
2024-04-17 11:00:00,9.7,0.294681
2024-04-17 12:00:00,7.0,0.2983462
2024-04-17 13:00:00,7.3,0.2957758
2024-04-17 14:00:00,5.9,0.2920749
2024-04-17 15:00:00,6.8,0.2912657
2024-04-17 16:00:00,8.0,0.2948
2024-04-17 17:00:00,8.8,0.303011
2024-04-17 18:00:00,7.3,0.3364143
2024-04-17 19:00:00,6.1,0.3899048
2024-04-17 20:00:00,4.6,0.401781
2024-04-17 21:00:00,4.5,0.3543714
2024-04-17 22:00:00,4.4,0.3174576
2024-04-17 23:00:00,4.4,0.3040939
2024-04-18 00:00:00,4.5,0.3088777
2024-04-18 01:00:00,3.3,0.3036298
2024-04-18 02:00:00,2.3,0.3049507
2024-04-18 03:00:00,2.6,0.3040344
2024-04-18 04:00:00,2.3,0.3062359
2024-04-18 05:00:00,2.1,0.3108293
2024-04-18 06:00:00,2.1,0.3446372
2024-04-18 07:00:00,3.2,0.385002
2024-04-18 08:00:00,5.3,0.3557161
2024-04-18 09:00:00,7.1,0.3199328
2024-04-18 10:00:00,8.3,0.3069499
2024-04-18 11:00:00,9.0,0.2994053
2024-04-18 12:00:00,10.4,0.2955616
2024-04-18 13:00:00,10.5,0.291468
2024-04-18 14:00:00,10.5,0.2864819
2024-04-18 15:00:00,10.6,0.283733
2024-04-18 16:00:00,10.5,0.2839472
2024-04-18 17:00:00,11.1,0.2963827
2024-04-18 18:00:00,10.0,0.3114957
2024-04-18 19:00:00,9.1,0.3486356
2024-04-18 20:00:00,8.1,0.3529077
2024-04-18 21:00:00,7.4,0.3256448
2024-04-18 22:00:00,6.7,0.3065691
2024-04-18 23:00:00,6.7,0.2940503
2024-04-19 00:00:00,6.6,0.2914799
2024-04-19 01:00:00,6.4,0.2719877
2024-04-19 02:00:00,6.5,0.2597307
2024-04-19 03:00:00,6.9,0.2584693
2024-04-19 04:00:00,5.2,0.2566843
2024-04-19 05:00:00,4.7,0.2580052
2024-04-19 06:00:00,4.6,0.2711428
2024-04-19 07:00:00,4.7,0.2817576
2024-04-19 08:00:00,5.4,0.29004
2024-04-19 09:00:00,6.4,0.280877
2024-04-19 10:00:00,7.4,0.271238
2024-04-19 11:00:00,8.7,0.2663352
2024-04-19 12:00:00,9.2,0.2601829
2024-04-19 13:00:00,10.7,0.25553
2024-04-19 14:00:00,9.5,0.2530786
2024-04-19 15:00:00,9.3,0.2526264
2024-04-19 16:00:00,9.6,0.2601829
2024-04-19 17:00:00,8.9,0.2695363
2024-04-19 18:00:00,8.4,0.2751531
2024-04-19 19:00:00,7.4,0.2773308
2024-04-19 20:00:00,6.5,0.2784732
2024-04-19 21:00:00,6.6,0.278378
2024-04-19 22:00:00,6.3,0.2772713
2024-04-19 23:00:00,6.1,0.2747485
2024-04-20 00:00:00,5.8,0.2712856
2024-04-20 01:00:00,5.4,0.2685843
2024-04-20 02:00:00,5.2,0.2678227
2024-04-20 03:00:00,4.8,0.2683225
2024-04-20 04:00:00,4.8,0.2722376
2024-04-20 05:00:00,3.7,0.2743677
2024-04-20 06:00:00,3.3,0.2756648
2024-04-20 07:00:00,4.3,0.2804962
2024-04-20 08:00:00,5.8,0.2769976
2024-04-20 09:00:00,6.4,0.270881
2024-04-20 10:00:00,7.7,0.2591595
2024-04-20 11:00:00,8.7,0.2453317
2024-04-20 12:00:00,8.5,0.2340743
2024-04-20 13:00:00,8.7,0.2142727
2024-04-20 14:00:00,9.5,0.2121545
2024-04-20 15:00:00,9.0,0.2214127
2024-04-20 16:00:00,8.7,0.2441179
2024-04-20 17:00:00,9.3,0.2743677
2024-04-20 18:00:00,8.7,0.293491
2024-04-20 19:00:00,7.3,0.3062359
2024-04-20 20:00:00,6.5,0.3150776
2024-04-20 21:00:00,5.8,0.3070689
2024-04-20 22:00:00,5.7,0.3020233
2024-04-20 23:00:00,5.8,0.298251
2024-04-21 00:00:00,5.2,0.2970015
2024-04-21 01:00:00,4.8,0.2836021
2024-04-21 02:00:00,3.9,0.2823407
2024-04-21 03:00:00,3.2,0.276236
2024-04-21 04:00:00,1.8,0.2756172
2024-04-21 05:00:00,1.1,0.2753078
2024-04-21 06:00:00,1.5,0.2762717
2024-04-21 07:00:00,2.9,0.2716307
2024-04-21 08:00:00,4.3,0.2720472
2024-04-21 09:00:00,6.0,0.2655022
2024-04-21 10:00:00,6.1,0.2388581
2024-04-21 11:00:00,6.3,0.2435824
2024-04-21 12:00:00,7.5,0.2068114
2024-04-21 13:00:00,8.0,0.1999332
2024-04-21 14:00:00,9.1,0.198529
2024-04-21 15:00:00,9.0,0.2004925
2024-04-21 16:00:00,8.5,0.2067519
2024-04-21 17:00:00,8.5,0.2688818
2024-04-21 18:00:00,8.8,0.288374
2024-04-21 19:00:00,7.9,0.3059384
2024-04-21 20:00:00,6.1,0.3129594
2024-04-21 21:00:00,4.4,0.3079733
2024-04-21 22:00:00,4.1,0.3059979
2024-04-21 23:00:00,3.4,0.3048674
2024-04-22 00:00:00,2.8,0.2935743
2024-04-22 01:00:00,2.1,0.2924795
2024-04-22 02:00:00,1.9,0.2929436
2024-04-22 03:00:00,1.3,0.2947048
2024-04-22 04:00:00,0.2,0.2945501
2024-04-22 05:00:00,0.3,0.303725
2024-04-22 06:00:00,-0.8,0.325621
2024-04-22 07:00:00,0.2,0.3552401
2024-04-22 08:00:00,2.2,0.3393774
2024-04-22 09:00:00,4.0,0.3150895
2024-04-22 10:00:00,5.3,0.2970134
2024-04-22 11:00:00,6.2,0.2962756
2024-04-22 12:00:00,6.9,0.2912895
2024-04-22 13:00:00,7.8,0.2872673
2024-04-22 14:00:00,7.4,0.2878623
2024-04-22 15:00:00,5.3,0.2929912
2024-04-22 16:00:00,7.7,0.2966683
2024-04-22 17:00:00,4.7,0.3147801
2024-04-22 18:00:00,6.2,0.340258
2024-04-22 19:00:00,5.2,0.3948195
2024-04-22 20:00:00,3.3,0.4030424
2024-04-22 21:00:00,2.1,0.3543595
2024-04-22 22:00:00,1.4,0.3254663
2024-04-22 23:00:00,1.5,0.3150181
2024-04-23 00:00:00,0.6,0.3047008
2024-04-23 01:00:00,1.1,0.3027611
2024-04-23 02:00:00,0.0,0.3018805
2024-04-23 03:00:00,-0.6,0.3012498
2024-04-23 04:00:00,-2.1,0.3023565
2024-04-23 05:00:00,-1.4,0.3158511
2024-04-23 06:00:00,-1.2,0.344066
2024-04-23 07:00:00,0.8,0.4152994
2024-04-23 08:00:00,4.7,0.3617732
2024-04-23 09:00:00,5.9,0.3166722
2024-04-23 10:00:00,6.8,0.2982153
2024-04-23 11:00:00,6.7,0.2915394
2024-04-23 12:00:00,6.6,0.2917774
2024-04-23 13:00:00,7.0,0.2940622
2024-04-23 14:00:00,7.8,0.2931578
2024-04-23 15:00:00,8.1,0.2948238
2024-04-23 16:00:00,8.3,0.2983938
2024-04-23 17:00:00,8.1,0.3066643
2024-04-23 18:00:00,7.8,0.321456
2024-04-23 19:00:00,7.3,0.3459819
2024-04-23 20:00:00,6.8,0.3484333
2024-04-23 21:00:00,7.0,0.324669
2024-04-23 22:00:00,6.2,0.3099487
2024-04-23 23:00:00,6.0,0.2966445
2024-04-24 00:00:00,4.2,0.296942
2024-04-24 01:00:00,3.9,0.2923843
2024-04-24 02:00:00,3.9,0.2914204
2024-04-24 03:00:00,3.8,0.2886834
2024-04-24 04:00:00,3.8,0.2916703
2024-04-24 05:00:00,3.6,0.2969777
2024-04-24 06:00:00,3.8,0.3205754
2024-04-24 07:00:00,4.2,0.3521223
2024-04-24 08:00:00,4.5,0.3270133
2024-04-24 09:00:00,4.5,0.3088539
2024-04-24 10:00:00,5.3,0.3075806
2024-04-24 11:00:00,6.1,0.3047365
2024-04-24 12:00:00,7.0,0.297894
2024-04-24 13:00:00,8.2,0.2949071
2024-04-24 14:00:00,3.9,0.2906707
2024-04-24 15:00:00,5.3,0.2956449
2024-04-24 16:00:00,5.6,0.2961328
2024-04-24 17:00:00,4.8,0.302654
2024-04-24 18:00:00,5.9,0.3204326
2024-04-24 19:00:00,5.4,0.360488
2024-04-24 20:00:00,4.8,0.3702936
2024-04-24 21:00:00,4.8,0.3437804
2024-04-24 22:00:00,4.4,0.3249189
2024-04-24 23:00:00,4.5,0.3069499
2024-04-25 00:00:00,4.2,0.298965
2024-04-25 01:00:00,4.4,0.2948
2024-04-25 02:00:00,4.3,0.2916703
2024-04-25 03:00:00,4.2,0.2900995
2024-04-25 04:00:00,3.9,0.2891356
2024-04-25 05:00:00,3.7,0.2995838
2024-04-25 06:00:00,3.6,0.3215036
2024-04-25 07:00:00,4.2,0.3531695
2024-04-25 08:00:00,4.4,0.3337249
2024-04-25 09:00:00,4.5,0.309199
2024-04-25 10:00:00,6.1,0.2948119
2024-04-25 11:00:00,6.4,0.292658
2024-04-25 12:00:00,7.7,0.2875648
2024-04-25 13:00:00,7.8,0.2813173
2024-04-25 14:00:00,9.0,0.2786279
2024-04-25 15:00:00,8.5,0.2820908
2024-04-25 16:00:00,8.6,0.2862439
2024-04-25 17:00:00,9.2,0.2946572
2024-04-25 18:00:00,8.8,0.3128523
2024-04-25 19:00:00,8.1,0.3674971
2024-04-25 20:00:00,7.5,0.3808251
2024-04-25 21:00:00,7.5,0.3349149
2024-04-25 22:00:00,7.2,0.3083065
2024-04-25 23:00:00,6.7,0.2944906
2024-04-26 00:00:00,6.7,0.2946453
2024-04-26 01:00:00,6.2,0.28766
2024-04-26 02:00:00,6.2,0.288493
2024-04-26 03:00:00,6.2,0.2877433
2024-04-26 04:00:00,6.2,0.291349
2024-04-26 05:00:00,6.5,0.2991911
2024-04-26 06:00:00,6.4,0.310865
2024-04-26 07:00:00,6.7,0.3234314
2024-04-26 08:00:00,7.3,0.3139114
2024-04-26 09:00:00,8.1,0.2960852
2024-04-26 10:00:00,9.2,0.2921939
2024-04-26 11:00:00,9.7,0.2864105
2024-04-26 12:00:00,9.4,0.2833165
2024-04-26 13:00:00,8.0,0.2814006
2024-04-26 14:00:00,7.8,0.2773903
2024-04-26 15:00:00,8.1,0.2828048
2024-04-26 16:00:00,8.5,0.284923
2024-04-26 17:00:00,8.8,0.2953474
2024-04-26 18:00:00,9.0,0.3123882
2024-04-26 19:00:00,9.2,0.356561
2024-04-26 20:00:00,8.9,0.3680802
2024-04-26 21:00:00,7.6,0.3305
2024-04-26 22:00:00,7.2,0.3099249
2024-04-26 23:00:00,6.4,0.3046294
2024-04-27 00:00:00,7.1,0.3070451
2024-04-27 01:00:00,7.4,0.305391
2024-04-27 02:00:00,7.9,0.3026421
2024-04-27 03:00:00,7.4,0.3055457
2024-04-27 04:00:00,6.8,0.3039511
2024-04-27 05:00:00,5.3,0.3015592
2024-04-27 06:00:00,5.2,0.3020352
2024-04-27 07:00:00,8.2,0.2936576
2024-04-27 08:00:00,10.4,0.2812935
2024-04-27 09:00:00,12.8,0.2698933
2024-04-27 10:00:00,13.9,0.2424638
2024-04-27 11:00:00,16.0,0.2096317
2024-04-27 12:00:00,16.8,0.1996357
2024-04-27 13:00:00,16.7,0.1995286
2024-04-27 14:00:00,17.8,0.1996
2024-04-27 15:00:00,18.5,0.1996
2024-04-27 16:00:00,18.6,0.2233405
2024-04-27 17:00:00,18.7,0.2735942
2024-04-27 18:00:00,19.1,0.3021542
2024-04-27 19:00:00,18.1,0.342281
2024-04-27 20:00:00,17.1,0.3332013
2024-04-27 21:00:00,16.1,0.30075
2024-04-27 22:00:00,15.9,0.289921
2024-04-27 23:00:00,15.0,0.2772237
2024-04-28 00:00:00,13.7,0.2667041
2024-04-28 01:00:00,11.2,0.2545066
2024-04-28 02:00:00,10.1,0.246724
2024-04-28 03:00:00,11.5,0.2371445
2024-04-28 04:00:00,10.9,0.232444
2024-04-28 05:00:00,10.6,0.2305995
2024-04-28 06:00:00,9.3,0.2114048
2024-04-28 07:00:00,11.0,0.199719
2024-04-28 08:00:00,12.9,0.1995167
2024-04-28 09:00:00,16.1,0.1983862
2024-04-28 10:00:00,16.8,0.1798103
2024-04-28 11:00:00,16.8,0.1559032
2024-04-28 12:00:00,17.2,0.1281405
2024-04-28 13:00:00,18.1,0.1280929
2024-04-28 14:00:00,18.8,0.1221786
2024-04-28 15:00:00,20.3,0.1372083
2024-04-28 16:00:00,20.6,0.1716945
2024-04-28 17:00:00,19.5,0.1995762
2024-04-28 18:00:00,18.1,0.2298022
2024-04-28 19:00:00,16.6,0.2821384
2024-04-28 20:00:00,15.9,0.2917655
2024-04-28 21:00:00,14.8,0.2930864
2024-04-28 22:00:00,14.2,0.2855299
2024-04-28 23:00:00,13.4,0.2792586
2024-04-29 00:00:00,12.3,0.2747485
2024-04-29 01:00:00,12.0,0.2710595
2024-04-29 02:00:00,9.5,0.2697267
2024-04-29 03:00:00,9.0,0.2739274
2024-04-29 04:00:00,9.2,0.2910158
2024-04-29 05:00:00,8.2,0.3009642
2024-04-29 06:00:00,7.7,0.3214322
2024-04-29 07:00:00,11.7,0.3399605
2024-04-29 08:00:00,13.2,0.3194211
2024-04-29 09:00:00,14.6,0.2890523
2024-04-29 10:00:00,14.7,0.2700599
2024-04-29 11:00:00,16.1,0.2429874
2024-04-29 12:00:00,17.6,0.2426542
2024-04-29 13:00:00,17.9,0.2419521
2024-04-29 14:00:00,18.4,0.2396197
2024-04-29 15:00:00,19.8,0.2419283
2024-04-29 16:00:00,19.5,0.2563392
2024-04-29 17:00:00,19.8,0.3016425
2024-04-29 18:00:00,19.5,0.3242287
2024-04-29 19:00:00,18.3,0.4138476
2024-04-29 20:00:00,15.5,0.4430383
2024-04-29 21:00:00,16.3,0.3287745
2024-04-29 22:00:00,16.3,0.3034751
2024-04-29 23:00:00,16.1,0.2961685
2024-04-30 00:00:00,15.8,0.2873744
2024-04-30 01:00:00,14.6,0.2790563
2024-04-30 02:00:00,13.2,0.2833879
2024-04-30 03:00:00,11.2,0.2829
2024-04-30 04:00:00,11.0,0.2829
2024-04-30 05:00:00,10.4,0.2933363
2024-04-30 06:00:00,11.1,0.3125905
2024-04-30 07:00:00,12.7,0.3209205
2024-04-30 08:00:00,14.1,0.3048674
2024-04-30 09:00:00,14.4,0.29123
2024-04-30 10:00:00,16.8,0.2734514
2024-04-30 11:00:00,18.7,0.255649
2024-04-30 12:00:00,20.4,0.2329795
2024-04-30 13:00:00,21.2,0.213047
2024-04-30 14:00:00,23.0,0.2115
2024-04-30 15:00:00,23.7,0.2223766
2024-04-30 16:00:00,23.6,0.2541496
2024-04-30 17:00:00,23.9,0.2792705
2024-04-30 18:00:00,23.7,0.302178
2024-04-30 19:00:00,21.6,0.3447919
2024-04-30 20:00:00,18.8,0.3571679
2024-04-30 21:00:00,17.3,0.3047603
2024-04-30 22:00:00,16.4,0.2923843
2024-04-30 23:00:00,15.9,0.2896711
