timestamp,T_amb,price_eur_kwh
2021-01-01 00:00:00,0.5,0.2161353
2021-01-01 01:00:00,0.1,0.2129461
2021-01-01 02:00:00,-0.4,0.2087692
2021-01-01 03:00:00,-1.0,0.2066748
2021-01-01 04:00:00,-1.1,0.2036641
2021-01-01 05:00:00,0.3,0.203438
2021-01-01 06:00:00,0.8,0.2027597
2021-01-01 07:00:00,0.8,0.2033071
2021-01-01 08:00:00,1.1,0.2047113
2021-01-01 09:00:00,0.1,0.2090072
2021-01-01 10:00:00,1.4,0.20915
2021-01-01 11:00:00,3.1,0.211768
2021-01-01 12:00:00,3.8,0.2160282
2021-01-01 13:00:00,4.2,0.2097331
2021-01-01 14:00:00,4.1,0.2088287
2021-01-01 15:00:00,3.8,0.2110421
2021-01-01 16:00:00,3.2,0.2186581
2021-01-01 17:00:00,3.2,0.2273094
2021-01-01 18:00:00,3.0,0.2277259
2021-01-01 19:00:00,3.0,0.2274284
2021-01-01 20:00:00,2.4,0.223906
2021-01-01 21:00:00,2.9,0.2196934
2021-01-01 22:00:00,2.7,0.2192055
2021-01-01 23:00:00,2.5,0.2147668
2021-01-02 00:00:00,2.4,0.2111611
2021-01-02 01:00:00,2.6,0.2060917
2021-01-02 02:00:00,2.5,0.2044971
2021-01-02 03:00:00,2.5,0.2032
2021-01-02 04:00:00,2.4,0.2002845
2021-01-02 05:00:00,2.2,0.20201
2021-01-02 06:00:00,2.1,0.2056871
2021-01-02 07:00:00,2.1,0.2091024
2021-01-02 08:00:00,2.0,0.2132555
2021-01-02 09:00:00,2.8,0.21748
2021-01-02 10:00:00,3.8,0.21748
2021-01-02 11:00:00,4.3,0.2176585
2021-01-02 12:00:00,4.6,0.2221805
2021-01-02 13:00:00,4.8,0.21748
2021-01-02 14:00:00,4.7,0.2159211
2021-01-02 15:00:00,4.3,0.2192055
2021-01-02 16:00:00,3.9,0.2269881
2021-01-02 17:00:00,3.8,0.22938
2021-01-02 18:00:00,3.4,0.2306652
2021-01-02 19:00:00,3.5,0.2295823
2021-01-02 20:00:00,2.9,0.2270357
2021-01-02 21:00:00,3.0,0.2210857
2021-01-02 22:00:00,2.8,0.2177775
2021-01-02 23:00:00,2.6,0.2132555
2021-01-03 00:00:00,2.8,0.2104709
2021-01-03 01:00:00,2.8,0.20677
2021-01-03 02:00:00,3.0,0.2026645
2021-01-03 03:00:00,3.0,0.1974642
2021-01-03 04:00:00,2.8,0.1954055
2021-01-03 05:00:00,2.8,0.1941203
2021-01-03 06:00:00,2.7,0.193323
2021-01-03 07:00:00,2.6,0.1944297
2021-01-03 08:00:00,2.5,0.199511
2021-01-03 09:00:00,2.7,0.1995824
2021-01-03 10:00:00,2.9,0.1995824
2021-01-03 11:00:00,3.1,0.2076268
2021-01-03 12:00:00,2.5,0.2123749
2021-01-03 13:00:00,2.2,0.2036879
2021-01-03 14:00:00,2.1,0.2027954
2021-01-03 15:00:00,2.0,0.2026883
2021-01-03 16:00:00,1.8,0.1985709
2021-01-03 17:00:00,1.7,0.2091976
2021-01-03 18:00:00,1.5,0.2181464
2021-01-03 19:00:00,1.3,0.2101496
2021-01-03 20:00:00,0.9,0.1982377
2021-01-03 21:00:00,1.2,0.1952389
2021-01-03 22:00:00,1.2,0.1972262
2021-01-03 23:00:00,1.4,0.1881941
2021-01-04 00:00:00,1.6,0.1905027
2021-01-04 01:00:00,1.5,0.1851358
2021-01-04 02:00:00,1.2,0.1849335
2021-01-04 03:00:00,0.8,0.185112
2021-01-04 04:00:00,1.1,0.1885749
2021-01-04 05:00:00,1.6,0.1896102
2021-01-04 06:00:00,1.8,0.1996776
2021-01-04 07:00:00,1.8,0.2175157
2021-01-04 08:00:00,1.7,0.2219544
2021-01-04 09:00:00,1.6,0.2235014
2021-01-04 10:00:00,1.6,0.2236442
2021-01-04 11:00:00,1.4,0.227
2021-01-04 12:00:00,1.7,0.2285113
2021-01-04 13:00:00,1.7,0.2273332
2021-01-04 14:00:00,1.5,0.2270833
2021-01-04 15:00:00,1.5,0.2263574
2021-01-04 16:00:00,1.4,0.2293681
2021-01-04 17:00:00,1.3,0.2351158
2021-01-04 18:00:00,1.3,0.2293443
2021-01-04 19:00:00,1.1,0.2211214
2021-01-04 20:00:00,1.2,0.2119346
2021-01-04 21:00:00,1.2,0.2099116
2021-01-04 22:00:00,1.2,0.2138267
2021-01-04 23:00:00,1.1,0.2087216
2021-01-05 00:00:00,1.1,0.2002726
2021-01-05 01:00:00,1.1,0.2032833
2021-01-05 02:00:00,1.1,0.2029739
2021-01-05 03:00:00,1.2,0.2027835
2021-01-05 04:00:00,1.2,0.203438
2021-01-05 05:00:00,1.2,0.2082694
2021-01-05 06:00:00,1.1,0.2116014
2021-01-05 07:00:00,1.1,0.2210024
2021-01-05 08:00:00,1.2,0.2313673
2021-01-05 09:00:00,1.4,0.2326287
2021-01-05 10:00:00,1.5,0.2342233
2021-01-05 11:00:00,1.9,0.2341043
2021-01-05 12:00:00,2.2,0.2334974
2021-01-05 13:00:00,2.6,0.2315458
2021-01-05 14:00:00,2.9,0.2316053
2021-01-05 15:00:00,2.8,0.2318195
2021-01-05 16:00:00,2.9,0.2320694
2021-01-05 17:00:00,3.2,0.2354966
2021-01-05 18:00:00,3.2,0.2289159
2021-01-05 19:00:00,3.3,0.2260004
2021-01-05 20:00:00,3.3,0.2261194
2021-01-05 21:00:00,3.2,0.2194078
2021-01-05 22:00:00,3.1,0.2196934
2021-01-05 23:00:00,3.0,0.2127081
2021-01-06 00:00:00,2.9,0.2084479
2021-01-06 01:00:00,2.8,0.2066986
2021-01-06 02:00:00,2.7,0.2066272
2021-01-06 03:00:00,2.5,0.2057585
2021-01-06 04:00:00,2.4,0.2070437
2021-01-06 05:00:00,2.2,0.2086264
2021-01-06 06:00:00,1.5,0.212006
2021-01-06 07:00:00,1.1,0.2080195
2021-01-06 08:00:00,0.8,0.2191579
2021-01-06 09:00:00,0.9,0.220812
2021-01-06 10:00:00,1.0,0.2197886
2021-01-06 11:00:00,1.3,0.224977
2021-01-06 12:00:00,1.6,0.2287017
2021-01-06 13:00:00,1.4,0.2292848
2021-01-06 14:00:00,1.1,0.22343
2021-01-06 15:00:00,0.8,0.2240607
2021-01-06 16:00:00,0.5,0.2289992
2021-01-06 17:00:00,0.4,0.2291896
2021-01-06 18:00:00,0.2,0.2239774
2021-01-06 19:00:00,0.1,0.2246914
2021-01-06 20:00:00,0.2,0.2269643
2021-01-06 21:00:00,0.1,0.2186105
2021-01-06 22:00:00,0.1,0.2186105
2021-01-06 23:00:00,0.1,0.2145407
2021-01-07 00:00:00,0.1,0.2163257
2021-01-07 01:00:00,0.1,0.2153142
2021-01-07 02:00:00,0.1,0.2138743
2021-01-07 03:00:00,0.1,0.2111968
2021-01-07 04:00:00,0.0,0.2113753
2021-01-07 05:00:00,0.1,0.2151952
2021-01-07 06:00:00,0.0,0.2238346
2021-01-07 07:00:00,0.2,0.236282
2021-01-07 08:00:00,0.3,0.2585469
2021-01-07 09:00:00,0.4,0.2585826
2021-01-07 10:00:00,0.6,0.2568452
2021-01-07 11:00:00,0.8,0.2612006
2021-01-07 12:00:00,1.0,0.2612244
2021-01-07 13:00:00,1.1,0.2559289
2021-01-07 14:00:00,1.3,0.251276
2021-01-07 15:00:00,1.0,0.2550483
2021-01-07 16:00:00,0.6,0.2623192
2021-01-07 17:00:00,0.2,0.2746
2021-01-07 18:00:00,0.3,0.2632117
2021-01-07 19:00:00,0.4,0.2511332
2021-01-07 20:00:00,0.4,0.235092
2021-01-07 21:00:00,0.3,0.2272618
2021-01-07 22:00:00,0.4,0.2266311
2021-01-07 23:00:00,0.8,0.2177775
2021-01-08 00:00:00,0.7,0.2157307
2021-01-08 01:00:00,0.7,0.2132317
2021-01-08 02:00:00,0.7,0.2118156
2021-01-08 03:00:00,0.6,0.2098759
2021-01-08 04:00:00,0.6,0.2113039
2021-01-08 05:00:00,0.5,0.2169683
2021-01-08 06:00:00,0.2,0.2277973
2021-01-08 07:00:00,0.3,0.2502764
2021-01-08 08:00:00,0.2,0.2788126
2021-01-08 09:00:00,0.4,0.2870355
2021-01-08 10:00:00,0.6,0.2864524
2021-01-08 11:00:00,0.9,0.2827158
2021-01-08 12:00:00,0.9,0.2774203
2021-01-08 13:00:00,1.1,0.2717559
2021-01-08 14:00:00,1.1,0.26865
2021-01-08 15:00:00,1.0,0.2691498
2021-01-08 16:00:00,1.0,0.26865
2021-01-08 17:00:00,0.6,0.2865
2021-01-08 18:00:00,0.4,0.2774679
2021-01-08 19:00:00,0.4,0.2603795
2021-01-08 20:00:00,0.4,0.2320456
2021-01-08 21:00:00,0.2,0.2263217
2021-01-08 22:00:00,0.0,0.224144
2021-01-08 23:00:00,-0.5,0.2171825
2021-01-09 00:00:00,-0.3,0.2207287
2021-01-09 01:00:00,-0.2,0.2179441
2021-01-09 02:00:00,-0.3,0.2170873
2021-01-09 03:00:00,-0.2,0.2161472
2021-01-09 04:00:00,0.0,0.2151238
2021-01-09 05:00:00,-0.1,0.214029
2021-01-09 06:00:00,0.1,0.2145883
2021-01-09 07:00:00,-0.3,0.2196458
2021-01-09 08:00:00,0.1,0.226762
2021-01-09 09:00:00,0.3,0.2352348
2021-01-09 10:00:00,0.7,0.2361749
2021-01-09 11:00:00,1.1,0.23652
2021-01-09 12:00:00,1.3,0.2353419
2021-01-09 13:00:00,1.5,0.2300107
2021-01-09 14:00:00,1.2,0.227
2021-01-09 15:00:00,1.2,0.227
2021-01-09 16:00:00,0.8,0.2303082
2021-01-09 17:00:00,0.1,0.2388048
2021-01-09 18:00:00,-1.4,0.2412681
2021-01-09 19:00:00,-2.1,0.2376505
2021-01-09 20:00:00,-2.4,0.2301654
2021-01-09 21:00:00,-2.6,0.2228826
2021-01-09 22:00:00,-2.1,0.2220139
2021-01-09 23:00:00,-2.6,0.2161115
2021-01-10 00:00:00,-1.6,0.2206335
2021-01-10 01:00:00,-1.0,0.2172301
2021-01-10 02:00:00,-0.8,0.2157902
2021-01-10 03:00:00,-0.4,0.2126962
2021-01-10 04:00:00,-0.6,0.212244
2021-01-10 05:00:00,-0.5,0.2122321
2021-01-10 06:00:00,-0.3,0.2056871
2021-01-10 07:00:00,-0.2,0.2086264
2021-01-10 08:00:00,0.2,0.2144574
2021-01-10 09:00:00,0.4,0.2210024
2021-01-10 10:00:00,1.1,0.2194197
2021-01-10 11:00:00,2.4,0.2217283
2021-01-10 12:00:00,2.8,0.2200623
2021-01-10 13:00:00,3.2,0.2182178
2021-01-10 14:00:00,2.9,0.2188842
2021-01-10 15:00:00,2.6,0.2208715
2021-01-10 16:00:00,1.7,0.2228588
2021-01-10 17:00:00,1.2,0.2294871
2021-01-10 18:00:00,1.6,0.2310579
2021-01-10 19:00:00,1.8,0.2227041
2021-01-10 20:00:00,2.1,0.2218116
2021-01-10 21:00:00,2.2,0.2190627
2021-01-10 22:00:00,2.3,0.2175395
2021-01-10 23:00:00,2.4,0.1999156
2021-01-11 00:00:00,2.3,0.209031
2021-01-11 01:00:00,2.0,0.2088406
2021-01-11 02:00:00,1.9,0.2092214
2021-01-11 03:00:00,2.0,0.2080433
2021-01-11 04:00:00,2.1,0.2085907
2021-01-11 05:00:00,2.1,0.2064606
2021-01-11 06:00:00,2.2,0.2205978
2021-01-11 07:00:00,2.0,0.2354609
2021-01-11 08:00:00,1.5,0.2396021
2021-01-11 09:00:00,1.4,0.2250008
2021-01-11 10:00:00,1.9,0.2221091
2021-01-11 11:00:00,2.0,0.2204431
2021-01-11 12:00:00,2.6,0.2190865
2021-01-11 13:00:00,2.7,0.2131841
2021-01-11 14:00:00,2.7,0.2145883
2021-01-11 15:00:00,2.8,0.2162424
2021-01-11 16:00:00,2.8,0.2140528
2021-01-11 17:00:00,3.1,0.2191936
2021-01-11 18:00:00,3.6,0.2126486
2021-01-11 19:00:00,3.7,0.2057704
2021-01-11 20:00:00,3.9,0.2008557
2021-01-11 21:00:00,4.3,0.1963456
2021-01-11 22:00:00,4.5,0.1960719
2021-01-11 23:00:00,4.0,0.1881941
2021-01-12 00:00:00,4.1,0.1781624
2021-01-12 01:00:00,4.3,0.1744258
2021-01-12 02:00:00,4.3,0.17821
2021-01-12 03:00:00,4.4,0.1843266
2021-01-12 04:00:00,4.5,0.18773
2021-01-12 05:00:00,4.6,0.1983686
2021-01-12 06:00:00,4.6,0.2043424
2021-01-12 07:00:00,4.9,0.2204669
2021-01-12 08:00:00,5.0,0.2277616
2021-01-12 09:00:00,5.6,0.2210024
2021-01-12 10:00:00,3.6,0.222835
2021-01-12 11:00:00,3.2,0.2244772
2021-01-12 12:00:00,3.3,0.2265716
2021-01-12 13:00:00,4.2,0.2209786
2021-01-12 14:00:00,4.4,0.2169445
2021-01-12 15:00:00,4.4,0.2217164
2021-01-12 16:00:00,3.2,0.2305819
2021-01-12 17:00:00,2.9,0.232474
2021-01-12 18:00:00,1.8,0.2292491
2021-01-12 19:00:00,1.8,0.220931
2021-01-12 20:00:00,1.6,0.2189675
2021-01-12 21:00:00,1.5,0.2089596
2021-01-12 22:00:00,1.4,0.2016292
2021-01-12 23:00:00,1.5,0.1999156
2021-01-13 00:00:00,0.9,0.1967621
2021-01-13 01:00:00,0.9,0.1954293
2021-01-13 02:00:00,1.1,0.1941084
2021-01-13 03:00:00,1.0,0.1922996
2021-01-13 04:00:00,1.4,0.1932992
2021-01-13 05:00:00,1.8,0.1994039
2021-01-13 06:00:00,1.5,0.2054253
2021-01-13 07:00:00,1.7,0.2105899
2021-01-13 08:00:00,2.3,0.2224066
2021-01-13 09:00:00,2.7,0.2123749
2021-01-13 10:00:00,2.9,0.2106137
2021-01-13 11:00:00,3.3,0.2077458
2021-01-13 12:00:00,3.8,0.2046518
2021-01-13 13:00:00,3.8,0.2032476
2021-01-13 14:00:00,3.5,0.2025693
2021-01-13 15:00:00,3.6,0.2045923
2021-01-13 16:00:00,3.7,0.2102329
2021-01-13 17:00:00,1.7,0.2216331
2021-01-13 18:00:00,1.8,0.2204669
2021-01-13 19:00:00,1.8,0.2142432
2021-01-13 20:00:00,1.2,0.2134935
2021-01-13 21:00:00,0.7,0.2054491
2021-01-13 22:00:00,0.6,0.20439
2021-01-13 23:00:00,0.1,0.2019743
2021-01-14 00:00:00,0.1,0.199987
2021-01-14 01:00:00,0.3,0.1995229
2021-01-14 02:00:00,0.3,0.1996062
2021-01-14 03:00:00,0.5,0.2029858
2021-01-14 04:00:00,0.7,0.207008
2021-01-14 05:00:00,0.7,0.2108755
2021-01-14 06:00:00,0.2,0.2270476
2021-01-14 07:00:00,-0.1,0.250681
2021-01-14 08:00:00,0.0,0.2612958
2021-01-14 09:00:00,0.2,0.2618313
2021-01-14 10:00:00,0.5,0.2622597
2021-01-14 11:00:00,1.0,0.2639495
2021-01-14 12:00:00,1.7,0.2612125
2021-01-14 13:00:00,2.0,0.259249
2021-01-14 14:00:00,2.1,0.2555362
2021-01-14 15:00:00,1.5,0.2507524
2021-01-14 16:00:00,1.1,0.2548698
2021-01-14 17:00:00,0.9,0.2753973
2021-01-14 18:00:00,0.7,0.2628904
2021-01-14 19:00:00,0.5,0.259963
2021-01-14 20:00:00,0.3,0.2443502
2021-01-14 21:00:00,0.0,0.2302606
2021-01-14 22:00:00,0.0,0.2267858
2021-01-14 23:00:00,-0.1,0.221764
2021-01-15 00:00:00,-0.2,0.2138862
2021-01-15 01:00:00,0.0,0.2135054
2021-01-15 02:00:00,0.0,0.212363
2021-01-15 03:00:00,0.0,0.211054
2021-01-15 04:00:00,-0.1,0.21272
2021-01-15 05:00:00,-0.4,0.2169088
2021-01-15 06:00:00,-0.5,0.2305343
2021-01-15 07:00:00,-0.6,0.2483486
2021-01-15 08:00:00,-0.3,0.2675433
2021-01-15 09:00:00,-0.2,0.2719344
2021-01-15 10:00:00,0.1,0.2635211
2021-01-15 11:00:00,0.1,0.2590943
2021-01-15 12:00:00,0.1,0.2499075
2021-01-15 13:00:00,0.0,0.2468016
2021-01-15 14:00:00,-0.2,0.2473966
2021-01-15 15:00:00,-0.6,0.2472062
2021-01-15 16:00:00,-0.8,0.25318
2021-01-15 17:00:00,-0.9,0.274005
2021-01-15 18:00:00,-1.0,0.2722438
2021-01-15 19:00:00,-1.1,0.2686619
2021-01-15 20:00:00,-1.2,0.247468
2021-01-15 21:00:00,-1.4,0.2355442
2021-01-15 22:00:00,-1.7,0.2307961
2021-01-15 23:00:00,-1.8,0.2215498
2021-01-16 00:00:00,-2.0,0.2251079
2021-01-16 01:00:00,-2.1,0.2218235
2021-01-16 02:00:00,-2.1,0.2176704
2021-01-16 03:00:00,-2.3,0.2165042
2021-01-16 04:00:00,-2.3,0.2145169
2021-01-16 05:00:00,-2.3,0.2133388
2021-01-16 06:00:00,-2.7,0.2136006
2021-01-16 07:00:00,-3.1,0.2168017
2021-01-16 08:00:00,-2.7,0.2283804
2021-01-16 09:00:00,-2.3,0.2326525
2021-01-16 10:00:00,-1.6,0.2314863
2021-01-16 11:00:00,-1.1,0.2295347
2021-01-16 12:00:00,-0.5,0.2210619
2021-01-16 13:00:00,-0.3,0.2158854
2021-01-16 14:00:00,0.0,0.2144812
2021-01-16 15:00:00,-0.1,0.2158735
2021-01-16 16:00:00,-0.3,0.224263
2021-01-16 17:00:00,-0.2,0.2329619
2021-01-16 18:00:00,0.0,0.234616
2021-01-16 19:00:00,0.0,0.2314744
2021-01-16 20:00:00,0.1,0.2239893
2021-01-16 21:00:00,0.1,0.2186462
2021-01-16 22:00:00,0.0,0.218908
2021-01-16 23:00:00,-0.1,0.2157664
2021-01-17 00:00:00,-0.2,0.2127081
2021-01-17 01:00:00,-0.5,0.2124106
2021-01-17 02:00:00,-0.8,0.2117442
2021-01-17 03:00:00,-0.9,0.2104471
2021-01-17 04:00:00,-1.0,0.210102
2021-01-17 05:00:00,-1.1,0.2096498
2021-01-17 06:00:00,-1.1,0.2108874
2021-01-17 07:00:00,-1.1,0.2122916
2021-01-17 08:00:00,-1.9,0.2120298
2021-01-17 09:00:00,-1.6,0.2164447
2021-01-17 10:00:00,-1.3,0.222835
2021-01-17 11:00:00,-0.7,0.2269286
2021-01-17 12:00:00,-0.4,0.2216569
2021-01-17 13:00:00,-0.2,0.2184558
2021-01-17 14:00:00,-0.1,0.2150405
2021-01-17 15:00:00,0.0,0.2192412
2021-01-17 16:00:00,0.0,0.227714
2021-01-17 17:00:00,0.0,0.2353895
2021-01-17 18:00:00,-0.6,0.24128
2021-01-17 19:00:00,-0.5,0.2362582
2021-01-17 20:00:00,-0.4,0.2299155
2021-01-17 21:00:00,-0.4,0.2229659
2021-01-17 22:00:00,-0.4,0.2235133
2021-01-17 23:00:00,-0.2,0.2166946
2021-01-18 00:00:00,0.4,0.2153618
2021-01-18 01:00:00,0.8,0.2126486
2021-01-18 02:00:00,2.1,0.2123273
2021-01-18 03:00:00,2.7,0.211054
2021-01-18 04:00:00,3.2,0.2111968
2021-01-18 05:00:00,3.3,0.2122202
2021-01-18 06:00:00,3.2,0.2284161
2021-01-18 07:00:00,3.3,0.2425414
2021-01-18 08:00:00,3.1,0.2495148
2021-01-18 09:00:00,3.5,0.2456235
2021-01-18 10:00:00,4.2,0.2413157
2021-01-18 11:00:00,4.5,0.2346041
2021-01-18 12:00:00,4.7,0.2270714
2021-01-18 13:00:00,5.0,0.224263
2021-01-18 14:00:00,4.9,0.2262979
2021-01-18 15:00:00,4.7,0.2238941
2021-01-18 16:00:00,4.1,0.2205026
2021-01-18 17:00:00,4.2,0.2269286
2021-01-18 18:00:00,4.2,0.2211452
2021-01-18 19:00:00,4.5,0.2167898
2021-01-18 20:00:00,4.6,0.2114943
2021-01-18 21:00:00,4.4,0.2098997
2021-01-18 22:00:00,4.2,0.2067105
2021-01-18 23:00:00,4.5,0.2006177
2021-01-19 00:00:00,4.6,0.1992492
2021-01-19 01:00:00,4.2,0.1983686
2021-01-19 02:00:00,4.4,0.1969406
2021-01-19 03:00:00,4.7,0.1983924
2021-01-19 04:00:00,4.9,0.199273
2021-01-19 05:00:00,4.7,0.2007605
2021-01-19 06:00:00,4.7,0.2050921
2021-01-19 07:00:00,4.1,0.2111492
2021-01-19 08:00:00,3.9,0.2212285
2021-01-19 09:00:00,3.9,0.220455
2021-01-19 10:00:00,3.5,0.2183487
2021-01-19 11:00:00,2.9,0.220455
2021-01-19 12:00:00,3.5,0.2177299
2021-01-19 13:00:00,4.9,0.2176109
2021-01-19 14:00:00,6.3,0.2179203
2021-01-19 15:00:00,6.8,0.2166946
2021-01-19 16:00:00,7.3,0.2173491
2021-01-19 17:00:00,7.7,0.220693
2021-01-19 18:00:00,8.5,0.2183725
2021-01-19 19:00:00,9.0,0.2096141
2021-01-19 20:00:00,8.8,0.2036403
2021-01-19 21:00:00,8.0,0.1999632
2021-01-19 22:00:00,8.3,0.1977141
2021-01-19 23:00:00,7.5,0.1912762
2021-01-20 00:00:00,7.1,0.1916927
2021-01-20 01:00:00,6.5,0.189396
2021-01-20 02:00:00,6.4,0.1872778
2021-01-20 03:00:00,6.2,0.1855047
2021-01-20 04:00:00,6.3,0.1898244
2021-01-20 05:00:00,6.5,0.1923948
2021-01-20 06:00:00,7.1,0.1979164
2021-01-20 07:00:00,7.2,0.2034737
2021-01-20 08:00:00,7.3,0.2059013
2021-01-20 09:00:00,6.6,0.201891
2021-01-20 10:00:00,7.4,0.2008319
2021-01-20 11:00:00,7.5,0.2007605
2021-01-20 12:00:00,8.0,0.2007248
2021-01-20 13:00:00,8.4,0.1994396
2021-01-20 14:00:00,8.9,0.199392
2021-01-20 15:00:00,9.1,0.2019148
2021-01-20 16:00:00,8.5,0.203557
2021-01-20 17:00:00,8.8,0.2167541
2021-01-20 18:00:00,8.8,0.2240488
2021-01-20 19:00:00,8.7,0.2095546
2021-01-20 20:00:00,8.5,0.198321
2021-01-20 21:00:00,9.1,0.1936443
2021-01-20 22:00:00,9.2,0.1906931
2021-01-20 23:00:00,8.1,0.185707
2021-01-21 00:00:00,8.9,0.1851715
2021-01-21 01:00:00,9.4,0.1785908
2021-01-21 02:00:00,9.6,0.1662386
2021-01-21 03:00:00,9.9,0.156671
2021-01-21 04:00:00,10.7,0.1556238
2021-01-21 05:00:00,10.6,0.1718911
2021-01-21 06:00:00,11.1,0.1882893
2021-01-21 07:00:00,11.4,0.1976308
2021-01-21 08:00:00,9.5,0.1999037
2021-01-21 09:00:00,6.9,0.1975951
2021-01-21 10:00:00,6.7,0.1948819
2021-01-21 11:00:00,7.3,0.1953222
2021-01-21 12:00:00,7.7,0.1956911
2021-01-21 13:00:00,8.0,0.1976546
2021-01-21 14:00:00,8.1,0.1997609
2021-01-21 15:00:00,7.7,0.2061988
2021-01-21 16:00:00,7.1,0.2087573
2021-01-21 17:00:00,6.6,0.2098997
2021-01-21 18:00:00,6.8,0.2092095
2021-01-21 19:00:00,7.0,0.2090429
2021-01-21 20:00:00,7.3,0.1979521
2021-01-21 21:00:00,7.2,0.1936324
2021-01-21 22:00:00,6.0,0.1934539
2021-01-21 23:00:00,6.7,0.1842671
2021-01-22 00:00:00,9.2,0.166429
2021-01-22 01:00:00,10.4,0.1721648
2021-01-22 02:00:00,10.4,0.1687852
2021-01-22 03:00:00,10.1,0.1692969
2021-01-22 04:00:00,10.0,0.1749256
2021-01-22 05:00:00,5.2,0.1895031
2021-01-22 06:00:00,4.0,0.1939537
2021-01-22 07:00:00,3.6,0.2004154
2021-01-22 08:00:00,4.0,0.2169088
2021-01-22 09:00:00,4.5,0.2096498
2021-01-22 10:00:00,5.0,0.2114705
2021-01-22 11:00:00,5.5,0.2151714
2021-01-22 12:00:00,5.9,0.2175752
2021-01-22 13:00:00,6.1,0.2159211
2021-01-22 14:00:00,6.5,0.2167184
2021-01-22 15:00:00,6.0,0.2204431
2021-01-22 16:00:00,4.8,0.2237989
2021-01-22 17:00:00,3.6,0.2323312
2021-01-22 18:00:00,3.2,0.2350563
2021-01-22 19:00:00,2.1,0.2316291
2021-01-22 20:00:00,2.2,0.2209667
2021-01-22 21:00:00,1.9,0.2185629
2021-01-22 22:00:00,1.3,0.2172301
2021-01-22 23:00:00,1.5,0.2101258
2021-01-23 00:00:00,0.8,0.2086859
2021-01-23 01:00:00,0.3,0.2072341
2021-01-23 02:00:00,-0.2,0.2084122
2021-01-23 03:00:00,0.1,0.2059489
2021-01-23 04:00:00,0.4,0.2019029
2021-01-23 05:00:00,1.4,0.2055443
2021-01-23 06:00:00,0.6,0.206056
2021-01-23 07:00:00,1.6,0.2101972
2021-01-23 08:00:00,1.8,0.2151
2021-01-23 09:00:00,1.9,0.2233348
2021-01-23 10:00:00,2.8,0.2247985
2021-01-23 11:00:00,4.8,0.2257505
2021-01-23 12:00:00,5.2,0.2229897
2021-01-23 13:00:00,5.2,0.21748
2021-01-23 14:00:00,5.4,0.21629
2021-01-23 15:00:00,5.4,0.2194435
2021-01-23 16:00:00,3.4,0.224977
2021-01-23 17:00:00,3.8,0.2306771
2021-01-23 18:00:00,3.7,0.2342947
2021-01-23 19:00:00,3.7,0.2309151
2021-01-23 20:00:00,3.1,0.2248104
2021-01-23 21:00:00,2.3,0.218432
2021-01-23 22:00:00,1.6,0.216528
2021-01-23 23:00:00,2.7,0.2117442
2021-01-24 00:00:00,1.4,0.208912
2021-01-24 01:00:00,1.3,0.2039973
2021-01-24 02:00:00,1.3,0.2046756
2021-01-24 03:00:00,1.2,0.2034856
2021-01-24 04:00:00,0.9,0.2029382
2021-01-24 05:00:00,0.3,0.203081
2021-01-24 06:00:00,0.4,0.2038664
2021-01-24 07:00:00,0.6,0.2055443
2021-01-24 08:00:00,0.7,0.21034
2021-01-24 09:00:00,0.9,0.2157426
2021-01-24 10:00:00,1.3,0.2187771
2021-01-24 11:00:00,1.5,0.2202646
2021-01-24 12:00:00,2.2,0.2173134
2021-01-24 13:00:00,2.6,0.2103281
2021-01-24 14:00:00,2.8,0.2083646
2021-01-24 15:00:00,2.0,0.2102567
2021-01-24 16:00:00,2.2,0.21748
2021-01-24 17:00:00,2.3,0.2293562
2021-01-24 18:00:00,2.4,0.23295
2021-01-24 19:00:00,1.9,0.2304629
2021-01-24 20:00:00,1.9,0.226167
2021-01-24 21:00:00,1.6,0.2219544
2021-01-24 22:00:00,1.0,0.2197767
2021-01-24 23:00:00,1.0,0.2125891
2021-01-25 00:00:00,0.7,0.2110778
2021-01-25 01:00:00,0.4,0.2068771
2021-01-25 02:00:00,-0.1,0.20677
2021-01-25 03:00:00,-1.3,0.2062821
2021-01-25 04:00:00,-1.1,0.205818
2021-01-25 05:00:00,-2.1,0.2099354
2021-01-25 06:00:00,-2.8,0.2293205
2021-01-25 07:00:00,-3.5,0.2389
2021-01-25 08:00:00,-3.2,0.2455878
2021-01-25 09:00:00,-3.0,0.2504073
2021-01-25 10:00:00,-0.3,0.2447905
2021-01-25 11:00:00,0.2,0.241518
2021-01-25 12:00:00,2.0,0.2377338
2021-01-25 13:00:00,2.6,0.23533
2021-01-25 14:00:00,2.5,0.2340329
2021-01-25 15:00:00,2.1,0.2341519
2021-01-25 16:00:00,1.4,0.2357465
2021-01-25 17:00:00,0.6,0.2409111
2021-01-25 18:00:00,0.5,0.2405779
2021-01-25 19:00:00,-0.2,0.2331523
2021-01-25 20:00:00,0.1,0.2299988
2021-01-25 21:00:00,0.1,0.2213594
2021-01-25 22:00:00,0.4,0.219265
2021-01-25 23:00:00,0.7,0.212363
2021-01-26 00:00:00,0.7,0.2162305
2021-01-26 01:00:00,1.1,0.2145883
2021-01-26 02:00:00,0.9,0.211411
2021-01-26 03:00:00,0.4,0.2087811
2021-01-26 04:00:00,0.2,0.210459
2021-01-26 05:00:00,0.3,0.2163138
2021-01-26 06:00:00,0.5,0.2238227
2021-01-26 07:00:00,0.0,0.2377695
2021-01-26 08:00:00,0.3,0.2436005
2021-01-26 09:00:00,0.3,0.2409587
2021-01-26 10:00:00,0.5,0.2435529
2021-01-26 11:00:00,0.8,0.24128
2021-01-26 12:00:00,1.3,0.2389
2021-01-26 13:00:00,2.5,0.2340329
2021-01-26 14:00:00,2.2,0.2345327
2021-01-26 15:00:00,2.6,0.2366985
2021-01-26 16:00:00,1.6,0.2374125
2021-01-26 17:00:00,2.6,0.2433387
2021-01-26 18:00:00,1.9,0.2393284
2021-01-26 19:00:00,1.1,0.2307485
2021-01-26 20:00:00,1.1,0.2293562
2021-01-26 21:00:00,0.2,0.2209667
2021-01-26 22:00:00,0.8,0.2207049
2021-01-26 23:00:00,1.3,0.2124463
2021-01-27 00:00:00,1.2,0.2113277
2021-01-27 01:00:00,0.9,0.2091143
2021-01-27 02:00:00,0.7,0.2071508
2021-01-27 03:00:00,1.6,0.2056276
2021-01-27 04:00:00,1.6,0.2059013
2021-01-27 05:00:00,1.4,0.2090667
2021-01-27 06:00:00,1.4,0.2165875
2021-01-27 07:00:00,1.6,0.2288683
2021-01-27 08:00:00,1.6,0.2350801
2021-01-27 09:00:00,1.8,0.2342828
2021-01-27 10:00:00,2.1,0.2335093
2021-01-27 11:00:00,2.2,0.2340686
2021-01-27 12:00:00,0.9,0.2338782
2021-01-27 13:00:00,1.6,0.2335926
2021-01-27 14:00:00,1.9,0.2339496
2021-01-27 15:00:00,1.9,0.2343304
2021-01-27 16:00:00,1.8,0.234021
2021-01-27 17:00:00,1.7,0.2367223
2021-01-27 18:00:00,1.9,0.2394712
2021-01-27 19:00:00,2.1,0.2317481
2021-01-27 20:00:00,3.2,0.2265716
2021-01-27 21:00:00,3.7,0.2219425
2021-01-27 22:00:00,3.9,0.218789
2021-01-27 23:00:00,4.2,0.2150286
2021-01-28 00:00:00,4.5,0.2113753
2021-01-28 01:00:00,4.7,0.2090667
2021-01-28 02:00:00,4.6,0.2077577
2021-01-28 03:00:00,4.3,0.206056
2021-01-28 04:00:00,4.1,0.2075316
2021-01-28 05:00:00,3.2,0.2084479
2021-01-28 06:00:00,2.8,0.2192888
2021-01-28 07:00:00,2.7,0.2311174
2021-01-28 08:00:00,2.6,0.2369841
2021-01-28 09:00:00,2.9,0.234973
2021-01-28 10:00:00,3.0,0.2329262
2021-01-28 11:00:00,3.0,0.23176
2021-01-28 12:00:00,3.0,0.2278806
2021-01-28 13:00:00,2.9,0.2270952
2021-01-28 14:00:00,2.6,0.226524
2021-01-28 15:00:00,2.8,0.2230849
2021-01-28 16:00:00,2.6,0.22105
2021-01-28 17:00:00,2.2,0.2277378
2021-01-28 18:00:00,1.6,0.2309627
2021-01-28 19:00:00,0.6,0.227833
2021-01-28 20:00:00,0.3,0.2209548
2021-01-28 21:00:00,0.3,0.2175038
2021-01-28 22:00:00,0.1,0.2163138
2021-01-28 23:00:00,0.0,0.2097569
2021-01-29 00:00:00,0.0,0.2064249
2021-01-29 01:00:00,0.0,0.2030334
2021-01-29 02:00:00,0.1,0.2013198
2021-01-29 03:00:00,0.0,0.2006415
2021-01-29 04:00:00,0.0,0.2003559
2021-01-29 05:00:00,-0.3,0.2029977
2021-01-29 06:00:00,-0.3,0.20915
2021-01-29 07:00:00,-0.2,0.2215498
2021-01-29 08:00:00,0.0,0.2252864
2021-01-29 09:00:00,-0.1,0.2256672
2021-01-29 10:00:00,-0.1,0.2230373
2021-01-29 11:00:00,-0.2,0.2207287
2021-01-29 12:00:00,-0.3,0.2191698
2021-01-29 13:00:00,-0.2,0.2139219
2021-01-29 14:00:00,0.1,0.2103638
2021-01-29 15:00:00,0.1,0.2159211
2021-01-29 16:00:00,0.0,0.2210262
2021-01-29 17:00:00,-0.3,0.2264526
2021-01-29 18:00:00,-0.2,0.2279401
2021-01-29 19:00:00,-0.2,0.2262622
2021-01-29 20:00:00,-0.3,0.2202646
2021-01-29 21:00:00,-0.4,0.2151357
2021-01-29 22:00:00,-0.8,0.210221
2021-01-29 23:00:00,-1.3,0.2065201
2021-01-30 00:00:00,-1.5,0.2056038
2021-01-30 01:00:00,-1.7,0.2025098
2021-01-30 02:00:00,-1.6,0.2002726
2021-01-30 03:00:00,-1.6,0.1982139
2021-01-30 04:00:00,-1.8,0.1970834
2021-01-30 05:00:00,-1.8,0.2009271
2021-01-30 06:00:00,-1.7,0.2044852
2021-01-30 07:00:00,-2.1,0.2071865
2021-01-30 08:00:00,-2.2,0.2136006
2021-01-30 09:00:00,-1.7,0.2242987
2021-01-30 10:00:00,-0.8,0.2243939
2021-01-30 11:00:00,-0.3,0.2243582
2021-01-30 12:00:00,-0.2,0.2212047
2021-01-30 13:00:00,-0.1,0.215814
2021-01-30 14:00:00,-0.1,0.2127081
2021-01-30 15:00:00,0.1,0.2127795
2021-01-30 16:00:00,-0.4,0.2229302
2021-01-30 17:00:00,-0.9,0.2276902
2021-01-30 18:00:00,-1.7,0.2289635
2021-01-30 19:00:00,-2.7,0.2265478
2021-01-30 20:00:00,-3.6,0.2184082
2021-01-30 21:00:00,-4.2,0.2114824
2021-01-30 22:00:00,-4.1,0.2115062
2021-01-30 23:00:00,-4.2,0.205937
2021-01-31 00:00:00,-5.3,0.2056752
2021-01-31 01:00:00,-5.1,0.2043662
2021-01-31 02:00:00,-6.6,0.2038069
2021-01-31 03:00:00,-6.8,0.202605
2021-01-31 04:00:00,-7.2,0.2015459
2021-01-31 05:00:00,-8.1,0.2036879
2021-01-31 06:00:00,-8.6,0.2036403
2021-01-31 07:00:00,-9.6,0.2047351
2021-01-31 08:00:00,-8.4,0.2089715
2021-01-31 09:00:00,-6.6,0.2140885
2021-01-31 10:00:00,-3.7,0.2159687
2021-01-31 11:00:00,-2.4,0.2164566
2021-01-31 12:00:00,-0.9,0.2155403
2021-01-31 13:00:00,-0.8,0.2106137
2021-01-31 14:00:00,-1.2,0.210221
2021-01-31 15:00:00,-1.5,0.2126248
2021-01-31 16:00:00,-2.7,0.2185748
2021-01-31 17:00:00,-4.2,0.2323074
2021-01-31 18:00:00,-5.9,0.2316172
2021-01-31 19:00:00,-4.9,0.2297965
2021-01-31 20:00:00,-6.8,0.2246081
2021-01-31 21:00:00,-7.4,0.2166946
2021-01-31 22:00:00,-6.9,0.2142432
2021-01-31 23:00:00,-7.3,0.2095784
2021-02-01 00:00:00,-7.0,0.2046042
2021-02-01 01:00:00,-8.3,0.2032
2021-02-01 02:00:00,-8.3,0.2032
2021-02-01 03:00:00,-7.2,0.2014269
2021-02-01 04:00:00,-6.5,0.1990112
2021-02-01 05:00:00,-5.9,0.2031881
2021-02-01 06:00:00,-5.6,0.2197886
2021-02-01 07:00:00,-5.3,0.2310341
2021-02-01 08:00:00,-4.8,0.2327239
2021-02-01 09:00:00,-3.9,0.233069
2021-02-01 10:00:00,-3.1,0.2325454
2021-02-01 11:00:00,-1.7,0.2336283
2021-02-01 12:00:00,-1.0,0.2323074
2021-02-01 13:00:00,-1.0,0.2326644
2021-02-01 14:00:00,-0.8,0.23176
2021-02-01 15:00:00,-0.6,0.230927
2021-02-01 16:00:00,-0.5,0.2320694
2021-02-01 17:00:00,-0.6,0.2391023
2021-02-01 18:00:00,-0.5,0.2526802
2021-02-01 19:00:00,-0.5,0.238781
2021-02-01 20:00:00,-0.5,0.2297251
2021-02-01 21:00:00,-0.6,0.2226684
2021-02-01 22:00:00,-0.4,0.2213475
2021-02-01 23:00:00,-0.2,0.214386
2021-02-02 00:00:00,-0.1,0.2104947
2021-02-02 01:00:00,-0.3,0.2092095
2021-02-02 02:00:00,-0.2,0.2074721
2021-02-02 03:00:00,-0.1,0.2056752
2021-02-02 04:00:00,0.0,0.2079362
2021-02-02 05:00:00,-0.2,0.2104471
2021-02-02 06:00:00,-0.3,0.2248223
2021-02-02 07:00:00,-0.4,0.2309746
2021-02-02 08:00:00,-0.3,0.2485747
2021-02-02 09:00:00,0.0,0.2382574
2021-02-02 10:00:00,0.2,0.2344732
2021-02-02 11:00:00,0.4,0.2331523
2021-02-02 12:00:00,0.4,0.2287493
2021-02-02 13:00:00,0.5,0.2282376
2021-02-02 14:00:00,0.5,0.2263693
2021-02-02 15:00:00,0.5,0.2203955
2021-02-02 16:00:00,0.6,0.2126843
2021-02-02 17:00:00,0.8,0.2247866
2021-02-02 18:00:00,0.8,0.2248342
2021-02-02 19:00:00,0.8,0.2246914
2021-02-02 20:00:00,0.7,0.2150524
2021-02-02 21:00:00,0.8,0.2120893
2021-02-02 22:00:00,0.8,0.2109826
2021-02-02 23:00:00,0.8,0.2039378
2021-02-03 00:00:00,0.7,0.1979402
2021-02-03 01:00:00,0.9,0.1929779
2021-02-03 02:00:00,0.9,0.1922282
2021-02-03 03:00:00,0.9,0.1912881
2021-02-03 04:00:00,0.9,0.1933944
2021-02-03 05:00:00,1.1,0.2007129
2021-02-03 06:00:00,2.0,0.204628
2021-02-03 07:00:00,2.2,0.2221329
2021-02-03 08:00:00,2.8,0.2223352
2021-02-03 09:00:00,5.8,0.2223352
2021-02-03 10:00:00,7.6,0.2198957
2021-02-03 11:00:00,8.0,0.2233943
2021-02-03 12:00:00,8.8,0.2202289
2021-02-03 13:00:00,8.5,0.2172301
2021-02-03 14:00:00,8.0,0.2102448
2021-02-03 15:00:00,7.5,0.2075078
2021-02-03 16:00:00,6.6,0.2055919
2021-02-03 17:00:00,6.5,0.2127319
2021-02-03 18:00:00,6.2,0.2189675
2021-02-03 19:00:00,6.0,0.2161234
2021-02-03 20:00:00,5.5,0.2076149
2021-02-03 21:00:00,5.4,0.2053301
2021-02-03 22:00:00,5.1,0.2033785
2021-02-03 23:00:00,5.7,0.1978569
2021-02-04 00:00:00,6.2,0.1959053
2021-02-04 01:00:00,6.3,0.1953341
2021-02-04 02:00:00,6.1,0.1947391
2021-02-04 03:00:00,2.9,0.1936681
2021-02-04 04:00:00,2.2,0.197488
2021-02-04 05:00:00,2.0,0.2024503
2021-02-04 06:00:00,1.4,0.2131008
2021-02-04 07:00:00,1.4,0.2236085
2021-02-04 08:00:00,1.5,0.2260361
2021-02-04 09:00:00,1.5,0.224263
2021-02-04 10:00:00,1.5,0.2209786
2021-02-04 11:00:00,1.8,0.2227517
2021-02-04 12:00:00,2.0,0.2223471
2021-02-04 13:00:00,2.3,0.2218711
2021-02-04 14:00:00,2.3,0.2229064
2021-02-04 15:00:00,2.5,0.2248461
2021-02-04 16:00:00,2.0,0.2263098
2021-02-04 17:00:00,1.6,0.240685
2021-02-04 18:00:00,1.5,0.240685
2021-02-04 19:00:00,1.5,0.2359369
2021-02-04 20:00:00,1.5,0.2262741
2021-02-04 21:00:00,1.4,0.2195982
2021-02-04 22:00:00,1.2,0.218313
2021-02-04 23:00:00,1.0,0.2106018
2021-02-05 00:00:00,1.0,0.2098283
2021-02-05 01:00:00,1.0,0.2079719
2021-02-05 02:00:00,1.1,0.2058656
2021-02-05 03:00:00,1.2,0.204628
2021-02-05 04:00:00,1.3,0.2038188
2021-02-05 05:00:00,1.6,0.2071984
2021-02-05 06:00:00,1.6,0.2156117
2021-02-05 07:00:00,1.5,0.2253935
2021-02-05 08:00:00,1.6,0.2294038
2021-02-05 09:00:00,1.7,0.2282257
2021-02-05 10:00:00,1.8,0.2264526
2021-02-05 11:00:00,2.1,0.2252626
2021-02-05 12:00:00,2.1,0.224501
2021-02-05 13:00:00,2.0,0.2204669
2021-02-05 14:00:00,2.0,0.2151
2021-02-05 15:00:00,2.0,0.21272
2021-02-05 16:00:00,1.4,0.2147311
2021-02-05 17:00:00,1.1,0.2233348
2021-02-05 18:00:00,1.0,0.2253697
2021-02-05 19:00:00,0.9,0.2239774
2021-02-05 20:00:00,0.8,0.216409
2021-02-05 21:00:00,0.7,0.2149691
2021-02-05 22:00:00,0.5,0.2133031
2021-02-05 23:00:00,0.2,0.2074602
2021-02-06 00:00:00,0.0,0.2040092
2021-02-06 01:00:00,-0.1,0.20201
2021-02-06 02:00:00,-0.3,0.2012127
2021-02-06 03:00:00,-0.5,0.1973452
2021-02-06 04:00:00,-0.6,0.197131
2021-02-06 05:00:00,-0.6,0.1973333
2021-02-06 06:00:00,-0.7,0.197488
2021-02-06 07:00:00,-0.8,0.1995467
2021-02-06 08:00:00,-1.1,0.2054491
2021-02-06 09:00:00,-1.3,0.2069485
2021-02-06 10:00:00,-1.2,0.207365
2021-02-06 11:00:00,-1.4,0.2073293
2021-02-06 12:00:00,-1.4,0.2045566
2021-02-06 13:00:00,-1.3,0.1977974
2021-02-06 14:00:00,-1.2,0.1976903
2021-02-06 15:00:00,-1.2,0.1950247
2021-02-06 16:00:00,-1.4,0.1923948
2021-02-06 17:00:00,-1.5,0.2025336
2021-02-06 18:00:00,-1.5,0.2079005
2021-02-06 19:00:00,-1.7,0.2067462
2021-02-06 20:00:00,-1.9,0.1976189
2021-02-06 21:00:00,-2.3,0.1916451
2021-02-06 22:00:00,-2.7,0.1865757
2021-02-06 23:00:00,-3.0,0.1698086
2021-02-07 00:00:00,-3.4,0.1541244
2021-02-07 01:00:00,-4.2,0.1537079
2021-02-07 02:00:00,-5.0,0.1555762
2021-02-07 03:00:00,-5.1,0.1555524
2021-02-07 04:00:00,-5.3,0.1532081
2021-02-07 05:00:00,-5.3,0.1554929
2021-02-07 06:00:00,-5.6,0.1510304
2021-02-07 07:00:00,-6.0,0.1554929
2021-02-07 08:00:00,-6.4,0.1527678
2021-02-07 09:00:00,-6.5,0.1699157
2021-02-07 10:00:00,-6.7,0.1895864
2021-02-07 11:00:00,-6.9,0.1996538
2021-02-07 12:00:00,-6.8,0.2000108
2021-02-07 13:00:00,-6.6,0.1876943
2021-02-07 14:00:00,-6.5,0.1752707
2021-02-07 15:00:00,-6.2,0.1804948
2021-02-07 16:00:00,-6.0,0.1891223
2021-02-07 17:00:00,-6.4,0.2021766
2021-02-07 18:00:00,-6.5,0.2072936
2021-02-07 19:00:00,-6.5,0.2040449
2021-02-07 20:00:00,-6.3,0.1996895
2021-02-07 21:00:00,-6.5,0.1990945
2021-02-07 22:00:00,-6.2,0.2030691
2021-02-07 23:00:00,-6.0,0.1937395
2021-02-08 00:00:00,-5.9,0.1647511
2021-02-08 01:00:00,-5.6,0.1610621
2021-02-08 02:00:00,-6.0,0.1723195
2021-02-08 03:00:00,-6.7,0.1708201
2021-02-08 04:00:00,-6.9,0.1557071
2021-02-08 05:00:00,-7.0,0.1800426
2021-02-08 06:00:00,-7.4,0.2079243
2021-02-08 07:00:00,-7.5,0.2217997
2021-02-08 08:00:00,-7.6,0.2247866
2021-02-08 09:00:00,-7.5,0.2231325
2021-02-08 10:00:00,-7.3,0.2220972
2021-02-08 11:00:00,-7.4,0.2236918
2021-02-08 12:00:00,-7.5,0.2217402
2021-02-08 13:00:00,-7.6,0.221645
2021-02-08 14:00:00,-7.7,0.2137672
2021-02-08 15:00:00,-8.2,0.2210024
2021-02-08 16:00:00,-8.5,0.2211214
2021-02-08 17:00:00,-8.5,0.2287255
2021-02-08 18:00:00,-8.5,0.2321408
2021-02-08 19:00:00,-8.7,0.2289278
2021-02-08 20:00:00,-8.7,0.2217164
2021-02-08 21:00:00,-8.7,0.2148977
2021-02-08 22:00:00,-8.6,0.2139695
2021-02-08 23:00:00,-8.9,0.2094951
2021-02-09 00:00:00,-9.2,0.2124225
2021-02-09 01:00:00,-9.6,0.2115538
2021-02-09 02:00:00,-9.6,0.2111254
2021-02-09 03:00:00,-9.1,0.2103995
2021-02-09 04:00:00,-10.3,0.210816
2021-02-09 05:00:00,-11.2,0.2126843
2021-02-09 06:00:00,-12.6,0.2248104
2021-02-09 07:00:00,-13.6,0.2424462
2021-02-09 08:00:00,-14.8,0.2515616
2021-02-09 09:00:00,-12.9,0.2518115
2021-02-09 10:00:00,-8.5,0.2507762
2021-02-09 11:00:00,-8.7,0.2454569
2021-02-09 12:00:00,-7.5,0.2387691
2021-02-09 13:00:00,-7.6,0.2392094
2021-02-09 14:00:00,-7.1,0.2393403
2021-02-09 15:00:00,-7.2,0.2410658
2021-02-09 16:00:00,-7.8,0.2401138
2021-02-09 17:00:00,-11.0,0.2496814
2021-02-09 18:00:00,-10.3,0.2508
2021-02-09 19:00:00,-11.5,0.24366
2021-02-09 20:00:00,-11.5,0.2328905
2021-02-09 21:00:00,-12.7,0.2229778
2021-02-09 22:00:00,-13.3,0.2218473
2021-02-09 23:00:00,-14.0,0.2152071
2021-02-10 00:00:00,-13.6,0.216885
2021-02-10 01:00:00,-13.2,0.2145645
2021-02-10 02:00:00,-12.4,0.2131365
2021-02-10 03:00:00,-11.9,0.212125
2021-02-10 04:00:00,-10.6,0.2123392
2021-02-10 05:00:00,-9.9,0.214148
2021-02-10 06:00:00,-9.2,0.227
2021-02-10 07:00:00,-8.2,0.2464922
2021-02-10 08:00:00,-7.8,0.2654727
2021-02-10 09:00:00,-7.3,0.2729578
2021-02-10 10:00:00,-5.9,0.2670792
2021-02-10 11:00:00,-3.6,0.2607008
2021-02-10 12:00:00,-3.2,0.2507881
2021-02-10 13:00:00,-2.3,0.2459329
2021-02-10 14:00:00,-2.1,0.2448024
2021-02-10 15:00:00,-2.1,0.2462661
2021-02-10 16:00:00,-2.5,0.2510142
2021-02-10 17:00:00,-3.3,0.2676385
2021-02-10 18:00:00,-4.1,0.2863334
2021-02-10 19:00:00,-4.1,0.2604271
2021-02-10 20:00:00,-4.3,0.2427794
2021-02-10 21:00:00,-4.5,0.2319861
2021-02-10 22:00:00,-4.2,0.2253935
2021-02-10 23:00:00,-5.5,0.2203955
2021-02-11 00:00:00,-6.6,0.2218116
2021-02-11 01:00:00,-6.7,0.2188247
2021-02-11 02:00:00,-8.2,0.2170754
2021-02-11 03:00:00,-9.8,0.2151476
2021-02-11 04:00:00,-10.7,0.2151238
2021-02-11 05:00:00,-12.5,0.2239179
2021-02-11 06:00:00,-11.9,0.239971
2021-02-11 07:00:00,-10.9,0.2793005
2021-02-11 08:00:00,-9.5,0.3182849
2021-02-11 09:00:00,-9.8,0.3140961
2021-02-11 10:00:00,-7.5,0.2723866
2021-02-11 11:00:00,-4.9,0.2645088
2021-02-11 12:00:00,-3.4,0.2514188
2021-02-11 13:00:00,-3.0,0.242113
2021-02-11 14:00:00,-2.2,0.239376
2021-02-11 15:00:00,-2.7,0.2411967
2021-02-11 16:00:00,-2.4,0.2482653
2021-02-11 17:00:00,-3.4,0.2688166
2021-02-11 18:00:00,-5.4,0.3145007
2021-02-11 19:00:00,-6.9,0.2737789
2021-02-11 20:00:00,-8.5,0.2440527
2021-02-11 21:00:00,-10.2,0.229737
2021-02-11 22:00:00,-10.3,0.225929
2021-02-11 23:00:00,-10.6,0.2194911
2021-02-12 00:00:00,-11.7,0.2163495
2021-02-12 01:00:00,-14.4,0.2140171
2021-02-12 02:00:00,-12.8,0.2141718
2021-02-12 03:00:00,-11.0,0.2128866
2021-02-12 04:00:00,-10.6,0.2124463
2021-02-12 05:00:00,-8.6,0.2141123
2021-02-12 06:00:00,-7.5,0.230451
2021-02-12 07:00:00,-7.5,0.245088
2021-02-12 08:00:00,-8.1,0.2501574
2021-02-12 09:00:00,-7.5,0.2517639
2021-02-12 10:00:00,-6.1,0.2461352
2021-02-12 11:00:00,-4.9,0.243779
2021-02-12 12:00:00,-3.9,0.2381027
2021-02-12 13:00:00,-3.1,0.2234181
2021-02-12 14:00:00,-2.9,0.223906
2021-02-12 15:00:00,-3.3,0.2248104
2021-02-12 16:00:00,-4.1,0.2338187
2021-02-12 17:00:00,-5.7,0.2403756
2021-02-12 18:00:00,-6.8,0.2507405
2021-02-12 19:00:00,-8.0,0.2390666
2021-02-12 20:00:00,-8.6,0.2284994
2021-02-12 21:00:00,-9.1,0.2216212
2021-02-12 22:00:00,-8.9,0.2198719
2021-02-12 23:00:00,-10.9,0.2133626
2021-02-13 00:00:00,-11.2,0.2128033
2021-02-13 01:00:00,-13.8,0.2116966
2021-02-13 02:00:00,-14.2,0.2115538
2021-02-13 03:00:00,-15.7,0.2098402
2021-02-13 04:00:00,-16.4,0.2087692
2021-02-13 05:00:00,-16.7,0.2096498
2021-02-13 06:00:00,-17.2,0.2100068
2021-02-13 07:00:00,-17.2,0.2137553
2021-02-13 08:00:00,-15.9,0.2270238
2021-02-13 09:00:00,-14.3,0.2324026
2021-02-13 10:00:00,-11.1,0.2301773
2021-02-13 11:00:00,-7.9,0.2254649
2021-02-13 12:00:00,-4.5,0.2151714
2021-02-13 13:00:00,-3.8,0.2117204
2021-02-13 14:00:00,-2.6,0.2116133
2021-02-13 15:00:00,-3.5,0.2131246
2021-02-13 16:00:00,-4.1,0.2208001
2021-02-13 17:00:00,-6.8,0.2322122
2021-02-13 18:00:00,-7.2,0.2424224
2021-02-13 19:00:00,-8.2,0.23771
2021-02-13 20:00:00,-8.8,0.2252031
2021-02-13 21:00:00,-10.1,0.2161948
2021-02-13 22:00:00,-11.6,0.2141956
2021-02-13 23:00:00,-11.3,0.2107446
2021-02-14 00:00:00,-12.2,0.2100068
2021-02-14 01:00:00,-12.1,0.2086859
2021-02-14 02:00:00,-13.3,0.207484
2021-02-14 03:00:00,-13.6,0.206651
2021-02-14 04:00:00,-14.5,0.2060203
2021-02-14 05:00:00,-15.0,0.2057466
2021-02-14 06:00:00,-15.1,0.2062107
2021-02-14 07:00:00,-14.6,0.2074959
2021-02-14 08:00:00,-13.2,0.2103043
2021-02-14 09:00:00,-10.4,0.210816
2021-02-14 10:00:00,-5.4,0.2104947
2021-02-14 11:00:00,-2.9,0.2099711
2021-02-14 12:00:00,-1.7,0.2082932
2021-02-14 13:00:00,-1.4,0.2062226
2021-02-14 14:00:00,-0.9,0.204985
2021-02-14 15:00:00,-0.1,0.2065082
2021-02-14 16:00:00,-1.6,0.20915
2021-02-14 17:00:00,-3.5,0.2198243
2021-02-14 18:00:00,-4.5,0.229618
2021-02-14 19:00:00,-4.7,0.223549
2021-02-14 20:00:00,-5.2,0.2131246
2021-02-14 21:00:00,-5.7,0.2078291
2021-02-14 22:00:00,-5.9,0.2094713
2021-02-14 23:00:00,-6.6,0.206532
2021-02-15 00:00:00,-6.4,0.2013674
2021-02-15 01:00:00,-8.2,0.1998204
2021-02-15 02:00:00,-7.4,0.1997133
2021-02-15 03:00:00,-7.5,0.1963337
2021-02-15 04:00:00,-7.7,0.1928351
2021-02-15 05:00:00,-3.8,0.2023075
2021-02-15 06:00:00,-1.6,0.2111254
2021-02-15 07:00:00,-1.6,0.227476
2021-02-15 08:00:00,-1.3,0.2299512
2021-02-15 09:00:00,-0.9,0.22819
2021-02-15 10:00:00,-0.3,0.2247033
2021-02-15 11:00:00,-0.3,0.2270238
2021-02-15 12:00:00,0.4,0.224501
2021-02-15 13:00:00,0.7,0.2211571
2021-02-15 14:00:00,0.3,0.2154332
2021-02-15 15:00:00,0.1,0.2140766
2021-02-15 16:00:00,0.0,0.2163138
2021-02-15 17:00:00,0.4,0.2245605
2021-02-15 18:00:00,0.9,0.2365795
2021-02-15 19:00:00,1.0,0.229856
2021-02-15 20:00:00,1.0,0.2218354
2021-02-15 21:00:00,1.8,0.212958
2021-02-15 22:00:00,2.1,0.2151119
2021-02-15 23:00:00,2.9,0.2104709
2021-02-16 00:00:00,3.1,0.2106851
2021-02-16 01:00:00,3.0,0.2082932
2021-02-16 02:00:00,3.0,0.2073888
2021-02-16 03:00:00,2.9,0.2058418
2021-02-16 04:00:00,3.0,0.2059965
2021-02-16 05:00:00,2.7,0.2091143
2021-02-16 06:00:00,2.7,0.2156236
2021-02-16 07:00:00,3.0,0.2310817
2021-02-16 08:00:00,3.4,0.2360916
2021-02-16 09:00:00,3.3,0.2375315
2021-02-16 10:00:00,3.3,0.2312245
2021-02-16 11:00:00,3.5,0.2315815
2021-02-16 12:00:00,4.4,0.2263217
2021-02-16 13:00:00,6.3,0.2218354
2021-02-16 14:00:00,6.0,0.2131722
2021-02-16 15:00:00,5.2,0.2106137
2021-02-16 16:00:00,4.8,0.2115895
2021-02-16 17:00:00,4.7,0.2207763
2021-02-16 18:00:00,4.9,0.230213
2021-02-16 19:00:00,5.0,0.2213713
2021-02-16 20:00:00,5.4,0.2137434
2021-02-16 21:00:00,5.4,0.2130056
2021-02-16 22:00:00,5.7,0.2119822
2021-02-16 23:00:00,6.5,0.2068295
2021-02-17 00:00:00,6.7,0.2055919
2021-02-17 01:00:00,6.2,0.2048184
2021-02-17 02:00:00,5.9,0.2032
2021-02-17 03:00:00,6.0,0.200106
2021-02-17 04:00:00,5.8,0.2008676
2021-02-17 05:00:00,5.8,0.2016411
2021-02-17 06:00:00,5.9,0.2039259
2021-02-17 07:00:00,6.1,0.2176228
2021-02-17 08:00:00,6.3,0.2270952
2021-02-17 09:00:00,6.7,0.2284161
2021-02-17 10:00:00,7.1,0.2227041
2021-02-17 11:00:00,8.4,0.217242
2021-02-17 12:00:00,9.2,0.2108874
2021-02-17 13:00:00,9.7,0.2078886
2021-02-17 14:00:00,9.3,0.2095427
2021-02-17 15:00:00,9.4,0.210578
2021-02-17 16:00:00,9.1,0.219622
2021-02-17 17:00:00,8.4,0.22819
2021-02-17 18:00:00,8.2,0.2404113
2021-02-17 19:00:00,8.7,0.2338187
2021-02-17 20:00:00,8.6,0.224144
2021-02-17 21:00:00,8.5,0.2131603
2021-02-17 22:00:00,8.2,0.2122202
2021-02-17 23:00:00,7.7,0.2091381
2021-02-18 00:00:00,7.8,0.2058894
2021-02-18 01:00:00,7.5,0.2044019
2021-02-18 02:00:00,7.1,0.202129
2021-02-18 03:00:00,6.9,0.2017363
2021-02-18 04:00:00,6.1,0.2005582
2021-02-18 05:00:00,5.8,0.2032595
2021-02-18 06:00:00,5.7,0.2102924
2021-02-18 07:00:00,5.6,0.2271904
2021-02-18 08:00:00,5.9,0.229261
2021-02-18 09:00:00,6.4,0.2259885
2021-02-18 10:00:00,7.8,0.2162424
2021-02-18 11:00:00,9.2,0.2132674
2021-02-18 12:00:00,10.4,0.2096022
2021-02-18 13:00:00,10.0,0.2074007
2021-02-18 14:00:00,9.9,0.2074959
2021-02-18 15:00:00,10.0,0.2063416
2021-02-18 16:00:00,9.6,0.2073531
2021-02-18 17:00:00,9.4,0.212244
2021-02-18 18:00:00,9.0,0.21986
2021-02-18 19:00:00,8.9,0.2131722
2021-02-18 20:00:00,9.0,0.20558
2021-02-18 21:00:00,8.3,0.2025098
2021-02-18 22:00:00,8.4,0.2003321
2021-02-18 23:00:00,8.0,0.1989279
2021-02-19 00:00:00,7.7,0.199749
2021-02-19 01:00:00,7.1,0.1996538
2021-02-19 02:00:00,6.5,0.1995586
2021-02-19 03:00:00,5.5,0.1984757
2021-02-19 04:00:00,5.7,0.199273
2021-02-19 05:00:00,5.2,0.2019624
2021-02-19 06:00:00,4.9,0.2075197
2021-02-19 07:00:00,4.3,0.2221686
2021-02-19 08:00:00,5.1,0.2274641
2021-02-19 09:00:00,6.3,0.22462
2021-02-19 10:00:00,7.1,0.218313
2021-02-19 11:00:00,8.6,0.2122678
2021-02-19 12:00:00,9.4,0.2105542
2021-02-19 13:00:00,9.8,0.207246
2021-02-19 14:00:00,10.6,0.2074721
2021-02-19 15:00:00,10.5,0.2150048
2021-02-19 16:00:00,9.5,0.2232396
2021-02-19 17:00:00,8.3,0.2281781
2021-02-19 18:00:00,8.1,0.2300107
2021-02-19 19:00:00,7.8,0.2245843
2021-02-19 20:00:00,7.4,0.2139576
2021-02-19 21:00:00,7.6,0.2101734
2021-02-19 22:00:00,7.4,0.2104114
2021-02-19 23:00:00,7.3,0.2051992
2021-02-20 00:00:00,7.3,0.2026169
2021-02-20 01:00:00,7.2,0.2004154
2021-02-20 02:00:00,6.9,0.1988565
2021-02-20 03:00:00,6.5,0.1972738
2021-02-20 04:00:00,6.6,0.1972738
2021-02-20 05:00:00,6.5,0.1948105
2021-02-20 06:00:00,6.0,0.1973333
2021-02-20 07:00:00,6.0,0.1996419
2021-02-20 08:00:00,7.4,0.2019505
2021-02-20 09:00:00,9.2,0.2011175
2021-02-20 10:00:00,11.4,0.1955007
2021-02-20 11:00:00,12.6,0.1918355
2021-02-20 12:00:00,13.9,0.1903242
2021-02-20 13:00:00,14.9,0.1831009
2021-02-20 14:00:00,15.5,0.1798284
2021-02-20 15:00:00,15.4,0.1879204
2021-02-20 16:00:00,14.3,0.1988089
2021-02-20 17:00:00,13.0,0.2039735
2021-02-20 18:00:00,12.1,0.2090429
2021-02-20 19:00:00,10.5,0.2041758
2021-02-20 20:00:00,11.0,0.197607
2021-02-20 21:00:00,8.4,0.1876943
2021-02-20 22:00:00,10.1,0.1937752
2021-02-20 23:00:00,9.4,0.1919069
2021-02-21 00:00:00,9.5,0.1783409
2021-02-21 01:00:00,8.8,0.1757705
2021-02-21 02:00:00,7.9,0.1831009
2021-02-21 03:00:00,8.3,0.1715936
2021-02-21 04:00:00,7.4,0.1700942
2021-02-21 05:00:00,7.9,0.1781029
2021-02-21 06:00:00,7.4,0.1783647
2021-02-21 07:00:00,7.4,0.1901219
2021-02-21 08:00:00,9.4,0.1929184
2021-02-21 09:00:00,12.1,0.1967502
2021-02-21 10:00:00,15.0,0.1930255
2021-02-21 11:00:00,16.8,0.1937752
2021-02-21 12:00:00,16.9,0.1944892
2021-02-21 13:00:00,17.2,0.1859093
2021-02-21 14:00:00,17.4,0.1862544
2021-02-21 15:00:00,17.4,0.1973571
2021-02-21 16:00:00,17.1,0.2072698
2021-02-21 17:00:00,13.9,0.2212642
2021-02-21 18:00:00,12.3,0.2246914
2021-02-21 19:00:00,10.8,0.2229659
2021-02-21 20:00:00,9.4,0.2152309
2021-02-21 21:00:00,8.5,0.2055086
2021-02-21 22:00:00,9.9,0.2078053
2021-02-21 23:00:00,9.4,0.2039616
2021-02-22 00:00:00,9.7,0.2032476
2021-02-22 01:00:00,8.7,0.2024979
2021-02-22 02:00:00,6.8,0.2008319
2021-02-22 03:00:00,6.3,0.2005463
2021-02-22 04:00:00,5.7,0.1998918
2021-02-22 05:00:00,4.3,0.2023551
2021-02-22 06:00:00,6.4,0.2144931
2021-02-22 07:00:00,4.9,0.2244415
2021-02-22 08:00:00,7.0,0.2257981
2021-02-22 09:00:00,11.7,0.2210976
2021-02-22 10:00:00,13.7,0.2113872
2021-02-22 11:00:00,16.1,0.2097688
2021-02-22 12:00:00,16.9,0.2085788
2021-02-22 13:00:00,18.5,0.2074721
2021-02-22 14:00:00,18.5,0.2088525
2021-02-22 15:00:00,17.8,0.2174443
2021-02-22 16:00:00,16.7,0.2260956
2021-02-22 17:00:00,14.6,0.234854
2021-02-22 18:00:00,13.6,0.242351
2021-02-22 19:00:00,13.6,0.2337592
2021-02-22 20:00:00,12.4,0.2245843
2021-02-22 21:00:00,11.9,0.217361
2021-02-22 22:00:00,11.1,0.21391
2021-02-22 23:00:00,10.6,0.2080314
2021-02-23 00:00:00,10.4,0.2052349
2021-02-23 01:00:00,10.8,0.2033547
2021-02-23 02:00:00,10.2,0.2022123
2021-02-23 03:00:00,9.9,0.2004987
2021-02-23 04:00:00,10.6,0.2003797
2021-02-23 05:00:00,9.8,0.2020814
2021-02-23 06:00:00,9.2,0.2069604
2021-02-23 07:00:00,9.6,0.2233705
2021-02-23 08:00:00,10.1,0.2260718
2021-02-23 09:00:00,11.4,0.222478
2021-02-23 10:00:00,14.3,0.2149453
2021-02-23 11:00:00,16.6,0.2054134
2021-02-23 12:00:00,16.8,0.203081
2021-02-23 13:00:00,17.6,0.201891
2021-02-23 14:00:00,17.8,0.20201
2021-02-23 15:00:00,17.3,0.2028906
2021-02-23 16:00:00,16.7,0.2119703
2021-02-23 17:00:00,15.8,0.2263455
2021-02-23 18:00:00,14.5,0.2250603
2021-02-23 19:00:00,14.1,0.2246557
2021-02-23 20:00:00,13.3,0.2166351
2021-02-23 21:00:00,13.0,0.2079124
2021-02-23 22:00:00,13.7,0.203319
2021-02-23 23:00:00,12.1,0.1975118
2021-02-24 00:00:00,12.0,0.1801378
2021-02-24 01:00:00,11.6,0.1798641
2021-02-24 02:00:00,11.4,0.1827558
2021-02-24 03:00:00,12.1,0.1743901
2021-02-24 04:00:00,11.3,0.1785075
2021-02-24 05:00:00,10.9,0.1817086
2021-02-24 06:00:00,11.0,0.2010461
2021-02-24 07:00:00,11.0,0.2106613
2021-02-24 08:00:00,12.0,0.2191222
2021-02-24 09:00:00,14.1,0.2078291
2021-02-24 10:00:00,16.0,0.2008438
2021-02-24 11:00:00,17.1,0.1984876
2021-02-24 12:00:00,18.2,0.1953817
2021-02-24 13:00:00,18.6,0.1958577
2021-02-24 14:00:00,18.9,0.1984757
2021-02-24 15:00:00,18.7,0.2041282
2021-02-24 16:00:00,17.7,0.2105542
2021-02-24 17:00:00,16.5,0.221169
2021-02-24 18:00:00,14.7,0.2281067
2021-02-24 19:00:00,13.7,0.2237989
2021-02-24 20:00:00,13.1,0.2163971
2021-02-24 21:00:00,12.6,0.2074721
2021-02-24 22:00:00,13.5,0.2075078
2021-02-24 23:00:00,12.3,0.199273
2021-02-25 00:00:00,11.8,0.1979283
2021-02-25 01:00:00,11.3,0.1973452
2021-02-25 02:00:00,10.7,0.1966431
2021-02-25 03:00:00,10.7,0.195227
2021-02-25 04:00:00,11.5,0.1973333
2021-02-25 05:00:00,10.0,0.2016054
2021-02-25 06:00:00,9.7,0.206889
2021-02-25 07:00:00,10.3,0.2203836
2021-02-25 08:00:00,11.5,0.219741
2021-02-25 09:00:00,13.4,0.2148739
2021-02-25 10:00:00,15.7,0.2057228
2021-02-25 11:00:00,16.5,0.2049612
2021-02-25 12:00:00,16.5,0.2042234
2021-02-25 13:00:00,16.9,0.2033547
2021-02-25 14:00:00,17.0,0.206056
2021-02-25 15:00:00,17.1,0.2106137
2021-02-25 16:00:00,16.4,0.2163733
2021-02-25 17:00:00,14.9,0.2219187
2021-02-25 18:00:00,14.1,0.232831
2021-02-25 19:00:00,11.2,0.2338187
2021-02-25 20:00:00,10.1,0.2233229
2021-02-25 21:00:00,8.5,0.219265
2021-02-25 22:00:00,9.7,0.2132436
2021-02-25 23:00:00,8.7,0.20915
2021-02-26 00:00:00,8.1,0.209269
2021-02-26 01:00:00,7.5,0.205342
2021-02-26 02:00:00,7.2,0.2043781
2021-02-26 03:00:00,7.1,0.2034856
2021-02-26 04:00:00,6.8,0.204033
2021-02-26 05:00:00,6.4,0.2064487
2021-02-26 06:00:00,6.3,0.2203241
2021-02-26 07:00:00,6.2,0.2276426
2021-02-26 08:00:00,6.5,0.2280115
2021-02-26 09:00:00,6.6,0.2216569
2021-02-26 10:00:00,7.4,0.215814
2021-02-26 11:00:00,8.0,0.2085312
2021-02-26 12:00:00,8.9,0.2055086
2021-02-26 13:00:00,10.0,0.2034261
2021-02-26 14:00:00,10.3,0.20201
2021-02-26 15:00:00,9.6,0.2033666
2021-02-26 16:00:00,8.8,0.2069604
2021-02-26 17:00:00,6.1,0.2183844
2021-02-26 18:00:00,5.3,0.2245129
2021-02-26 19:00:00,3.7,0.2240607
2021-02-26 20:00:00,4.0,0.2209786
2021-02-26 21:00:00,2.3,0.2134935
2021-02-26 22:00:00,1.7,0.2106732
2021-02-26 23:00:00,4.3,0.2064249
2021-02-27 00:00:00,3.2,0.20796
2021-02-27 01:00:00,2.4,0.2037831
2021-02-27 02:00:00,3.6,0.2037236
2021-02-27 03:00:00,3.6,0.201296
2021-02-27 04:00:00,3.5,0.2021171
2021-02-27 05:00:00,3.4,0.2027359
2021-02-27 06:00:00,3.4,0.2071746
2021-02-27 07:00:00,3.5,0.2135411
2021-02-27 08:00:00,3.5,0.2195268
2021-02-27 09:00:00,3.9,0.2179203
2021-02-27 10:00:00,4.3,0.2098878
2021-02-27 11:00:00,5.1,0.20439
2021-02-27 12:00:00,5.9,0.2016649
2021-02-27 13:00:00,6.2,0.1994515
2021-02-27 14:00:00,6.3,0.1988922
2021-02-27 15:00:00,6.9,0.19963
2021-02-27 16:00:00,7.1,0.2044733
2021-02-27 17:00:00,6.7,0.220574
2021-02-27 18:00:00,6.5,0.2257505
2021-02-27 19:00:00,6.5,0.224025
2021-02-27 20:00:00,6.2,0.2201813
2021-02-27 21:00:00,6.1,0.212006
2021-02-27 22:00:00,6.4,0.2103995
2021-02-27 23:00:00,4.3,0.206651
2021-02-28 00:00:00,3.0,0.205223
2021-02-28 01:00:00,1.9,0.203319
2021-02-28 02:00:00,0.9,0.2026645
2021-02-28 03:00:00,1.5,0.2025098
2021-02-28 04:00:00,0.6,0.2013912
2021-02-28 05:00:00,0.8,0.2025336
2021-02-28 06:00:00,1.4,0.2032714
2021-02-28 07:00:00,1.6,0.20439
2021-02-28 08:00:00,1.6,0.2056276
2021-02-28 09:00:00,1.6,0.2037117
2021-02-28 10:00:00,1.8,0.201891
2021-02-28 11:00:00,2.3,0.2017363
2021-02-28 12:00:00,2.4,0.19844
2021-02-28 13:00:00,2.5,0.1880156
2021-02-28 14:00:00,3.0,0.1865757
2021-02-28 15:00:00,3.6,0.197726
2021-02-28 16:00:00,3.9,0.2007843
2021-02-28 17:00:00,4.1,0.218789
2021-02-28 18:00:00,4.5,0.2253697
2021-02-28 19:00:00,4.6,0.2261432
2021-02-28 20:00:00,4.3,0.2213713
2021-02-28 21:00:00,2.9,0.2130175
2021-02-28 22:00:00,1.8,0.2139814
2021-02-28 23:00:00,1.0,0.2074959
2021-03-01 00:00:00,2.4,0.206175
2021-03-01 01:00:00,2.7,0.2043424
2021-03-01 02:00:00,2.9,0.20439
2021-03-01 03:00:00,3.3,0.2043305
2021-03-01 04:00:00,3.4,0.204152
2021-03-01 05:00:00,3.4,0.2090786
2021-03-01 06:00:00,3.4,0.2240012
2021-03-01 07:00:00,3.4,0.2330571
2021-03-01 08:00:00,3.5,0.2345922
2021-03-01 09:00:00,3.8,0.2260004
2021-03-01 10:00:00,3.9,0.217956
2021-03-01 11:00:00,4.6,0.2085312
2021-03-01 12:00:00,5.4,0.2056395
2021-03-01 13:00:00,6.9,0.2032833
2021-03-01 14:00:00,6.5,0.2032357
2021-03-01 15:00:00,7.0,0.2052825
2021-03-01 16:00:00,7.0,0.2105185
2021-03-01 17:00:00,5.5,0.2219782
2021-03-01 18:00:00,3.3,0.2371031
2021-03-01 19:00:00,3.2,0.2329381
2021-03-01 20:00:00,1.2,0.2238584
2021-03-01 21:00:00,0.8,0.2161115
2021-03-01 22:00:00,0.8,0.2127795
2021-03-01 23:00:00,0.5,0.2063535
2021-03-02 00:00:00,0.1,0.2083408
2021-03-02 01:00:00,0.1,0.2078291
2021-03-02 02:00:00,0.0,0.2071984
2021-03-02 03:00:00,0.6,0.2057466
2021-03-02 04:00:00,0.9,0.205699
2021-03-02 05:00:00,0.8,0.2118513
2021-03-02 06:00:00,0.7,0.2221329
2021-03-02 07:00:00,0.8,0.2342233
2021-03-02 08:00:00,1.1,0.2401376
2021-03-02 09:00:00,1.3,0.2254887
2021-03-02 10:00:00,2.2,0.2163138
2021-03-02 11:00:00,3.7,0.2087692
2021-03-02 12:00:00,5.3,0.2071984
2021-03-02 13:00:00,7.6,0.2077101
2021-03-02 14:00:00,8.8,0.2071746
2021-03-02 15:00:00,9.2,0.2094118
2021-03-02 16:00:00,8.5,0.218908
2021-03-02 17:00:00,6.5,0.2253697
2021-03-02 18:00:00,6.1,0.2499789
2021-03-02 19:00:00,4.6,0.2491578
2021-03-02 20:00:00,4.0,0.2311055
2021-03-02 21:00:00,3.5,0.2233348
2021-03-02 22:00:00,2.7,0.2216212
2021-03-02 23:00:00,2.2,0.2176347
2021-03-03 00:00:00,1.9,0.2097688
2021-03-03 01:00:00,1.3,0.2088168
2021-03-03 02:00:00,1.0,0.2077339
2021-03-03 03:00:00,-0.1,0.2078767
2021-03-03 04:00:00,-0.7,0.2080433
2021-03-03 05:00:00,-0.6,0.2143622
2021-03-03 06:00:00,-0.6,0.2257981
2021-03-03 07:00:00,0.2,0.2353776
2021-03-03 08:00:00,2.9,0.2350325
2021-03-03 09:00:00,7.6,0.224858
2021-03-03 10:00:00,10.1,0.2145169
2021-03-03 11:00:00,12.2,0.2088168
2021-03-03 12:00:00,13.3,0.2081385
2021-03-03 13:00:00,14.2,0.2064844
2021-03-03 14:00:00,13.8,0.2069961
2021-03-03 15:00:00,14.0,0.209031
2021-03-03 16:00:00,13.0,0.2115062
2021-03-03 17:00:00,11.4,0.2226684
2021-03-03 18:00:00,9.0,0.2361392
2021-03-03 19:00:00,7.2,0.2389
2021-03-03 20:00:00,7.0,0.2272618
2021-03-03 21:00:00,5.8,0.2207406
2021-03-03 22:00:00,4.7,0.2177656
2021-03-03 23:00:00,3.8,0.2103519
2021-03-04 00:00:00,4.3,0.2128628
2021-03-04 01:00:00,3.6,0.2105066
2021-03-04 02:00:00,3.1,0.2082575
2021-03-04 03:00:00,2.7,0.2072341
2021-03-04 04:00:00,2.1,0.2079124
2021-03-04 05:00:00,2.0,0.2108993
2021-03-04 06:00:00,1.6,0.222002
2021-03-04 07:00:00,1.6,0.2293919
2021-03-04 08:00:00,1.7,0.2337949
2021-03-04 09:00:00,2.2,0.2328667
2021-03-04 10:00:00,2.1,0.2270595
2021-03-04 11:00:00,2.3,0.2227755
2021-03-04 12:00:00,2.6,0.22105
2021-03-04 13:00:00,3.1,0.2198362
2021-03-04 14:00:00,3.5,0.2189437
2021-03-04 15:00:00,3.4,0.2192531
2021-03-04 16:00:00,3.4,0.2187533
2021-03-04 17:00:00,3.4,0.2223471
2021-03-04 18:00:00,3.4,0.2295347
2021-03-04 19:00:00,3.5,0.2343066
2021-03-04 20:00:00,3.1,0.224144
2021-03-04 21:00:00,2.9,0.218789
2021-03-04 22:00:00,2.3,0.2157783
2021-03-04 23:00:00,2.1,0.2104947
2021-03-05 00:00:00,1.7,0.2098997
2021-03-05 01:00:00,1.4,0.2082575
2021-03-05 02:00:00,0.3,0.2063535
2021-03-05 03:00:00,-0.4,0.2056157
2021-03-05 04:00:00,-0.9,0.2072341
2021-03-05 05:00:00,-2.0,0.21153
2021-03-05 06:00:00,-3.6,0.2237989
2021-03-05 07:00:00,-2.9,0.2327715
2021-03-05 08:00:00,-0.8,0.2364843
2021-03-05 09:00:00,0.7,0.2331642
2021-03-05 10:00:00,2.5,0.2271666
2021-03-05 11:00:00,3.7,0.2241916
2021-03-05 12:00:00,4.4,0.2210619
2021-03-05 13:00:00,4.8,0.2116847
2021-03-05 14:00:00,5.4,0.2082456
2021-03-05 15:00:00,5.6,0.210102
2021-03-05 16:00:00,5.2,0.2174681
2021-03-05 17:00:00,3.0,0.2257029
2021-03-05 18:00:00,1.8,0.2319504
2021-03-05 19:00:00,0.4,0.2333903
2021-03-05 20:00:00,-1.4,0.2260123
2021-03-05 21:00:00,-1.8,0.2214546
2021-03-05 22:00:00,-1.8,0.2188485
2021-03-05 23:00:00,-2.8,0.2129223
2021-03-06 00:00:00,-2.9,0.21272
2021-03-06 01:00:00,-3.1,0.2101615
2021-03-06 02:00:00,-3.0,0.2074483
2021-03-06 03:00:00,-3.5,0.204152
2021-03-06 04:00:00,-4.0,0.2036284
2021-03-06 05:00:00,-3.1,0.2037474
2021-03-06 06:00:00,-2.2,0.2049255
2021-03-06 07:00:00,-0.5,0.2109112
2021-03-06 08:00:00,0.0,0.2127557
2021-03-06 09:00:00,0.7,0.2098759
2021-03-06 10:00:00,2.0,0.2042948
2021-03-06 11:00:00,2.5,0.2014507
2021-03-06 12:00:00,2.8,0.2001417
2021-03-06 13:00:00,4.4,0.2003678
2021-03-06 14:00:00,4.5,0.199511
2021-03-06 15:00:00,5.7,0.2014983
2021-03-06 16:00:00,5.4,0.2035213
2021-03-06 17:00:00,5.1,0.2134816
2021-03-06 18:00:00,4.6,0.2222638
2021-03-06 19:00:00,4.1,0.2256553
2021-03-06 20:00:00,3.6,0.2210143
2021-03-06 21:00:00,3.2,0.2137791
2021-03-06 22:00:00,3.3,0.2147192
2021-03-06 23:00:00,3.1,0.2091857
2021-03-07 00:00:00,2.5,0.2094475
2021-03-07 01:00:00,1.9,0.2052825
2021-03-07 02:00:00,1.3,0.2051635
2021-03-07 03:00:00,1.4,0.2072936
2021-03-07 04:00:00,1.3,0.2057347
2021-03-07 05:00:00,1.2,0.2077815
2021-03-07 06:00:00,0.1,0.2094356
2021-03-07 07:00:00,1.1,0.2084003
2021-03-07 08:00:00,1.8,0.2027002
2021-03-07 09:00:00,2.5,0.2003202
2021-03-07 10:00:00,3.2,0.2009747
2021-03-07 11:00:00,3.4,0.2017601
2021-03-07 12:00:00,3.4,0.2014745
2021-03-07 13:00:00,4.6,0.2002488
2021-03-07 14:00:00,4.2,0.2009509
2021-03-07 15:00:00,3.9,0.2032
2021-03-07 16:00:00,3.8,0.206056
2021-03-07 17:00:00,3.5,0.2123273
2021-03-07 18:00:00,3.4,0.2220496
2021-03-07 19:00:00,3.2,0.2280829
2021-03-07 20:00:00,3.1,0.2231563
2021-03-07 21:00:00,3.1,0.2201813
2021-03-07 22:00:00,3.1,0.21867
2021-03-07 23:00:00,2.5,0.2138981
2021-03-08 00:00:00,2.5,0.211887
2021-03-08 01:00:00,1.4,0.209745
2021-03-08 02:00:00,1.3,0.2085312
2021-03-08 03:00:00,0.4,0.2067938
2021-03-08 04:00:00,-0.8,0.20915
2021-03-08 05:00:00,-1.3,0.2151714
2021-03-08 06:00:00,-2.3,0.2316648
2021-03-08 07:00:00,-2.9,0.2499313
2021-03-08 08:00:00,0.1,0.2587254
2021-03-08 09:00:00,1.9,0.236401
2021-03-08 10:00:00,3.3,0.2262146
2021-03-08 11:00:00,4.3,0.2242987
2021-03-08 12:00:00,5.1,0.2219663
2021-03-08 13:00:00,6.1,0.2204312
2021-03-08 14:00:00,5.9,0.2200385
2021-03-08 15:00:00,6.2,0.2215379
2021-03-08 16:00:00,5.9,0.2253816
2021-03-08 17:00:00,4.9,0.2389
2021-03-08 18:00:00,3.9,0.2756353
2021-03-08 19:00:00,3.0,0.2790149
2021-03-08 20:00:00,3.7,0.2343542
2021-03-08 21:00:00,3.3,0.2260004
2021-03-08 22:00:00,3.3,0.2232753
2021-03-08 23:00:00,3.1,0.2188366
2021-03-09 00:00:00,2.8,0.2121488
2021-03-09 01:00:00,2.7,0.2111254
2021-03-09 02:00:00,2.7,0.2076863
2021-03-09 03:00:00,2.6,0.2068771
2021-03-09 04:00:00,2.5,0.2074721
2021-03-09 05:00:00,2.2,0.2130294
2021-03-09 06:00:00,1.1,0.229023
2021-03-09 07:00:00,0.8,0.242946
2021-03-09 08:00:00,0.7,0.2524065
2021-03-09 09:00:00,0.9,0.2419345
2021-03-09 10:00:00,0.8,0.2305938
2021-03-09 11:00:00,1.2,0.226643
2021-03-09 12:00:00,1.8,0.2245486
2021-03-09 13:00:00,2.2,0.2227993
2021-03-09 14:00:00,2.6,0.2228231
2021-03-09 15:00:00,3.0,0.2238941
2021-03-09 16:00:00,3.1,0.2234895
2021-03-09 17:00:00,2.9,0.23295
2021-03-09 18:00:00,2.8,0.2628904
2021-03-09 19:00:00,2.9,0.266627
2021-03-09 20:00:00,2.7,0.2389
2021-03-09 21:00:00,2.6,0.229023
2021-03-09 22:00:00,2.5,0.224977
2021-03-09 23:00:00,2.4,0.2193483
2021-03-10 00:00:00,2.4,0.2217283
2021-03-10 01:00:00,2.1,0.2187295
2021-03-10 02:00:00,2.1,0.2151357
2021-03-10 03:00:00,2.0,0.2139576
2021-03-10 04:00:00,2.1,0.21391
2021-03-10 05:00:00,1.9,0.2187652
2021-03-10 06:00:00,2.1,0.225691
2021-03-10 07:00:00,2.5,0.238781
2021-03-10 08:00:00,3.4,0.2366152
2021-03-10 09:00:00,4.4,0.2251912
2021-03-10 10:00:00,4.8,0.2162305
2021-03-10 11:00:00,5.8,0.2155641
2021-03-10 12:00:00,6.1,0.2118394
2021-03-10 13:00:00,7.4,0.2103162
2021-03-10 14:00:00,7.1,0.2100663
2021-03-10 15:00:00,7.4,0.211649
2021-03-10 16:00:00,7.5,0.2139457
2021-03-10 17:00:00,7.4,0.221169
2021-03-10 18:00:00,7.4,0.2252269
2021-03-10 19:00:00,7.3,0.2232872
2021-03-10 20:00:00,7.1,0.2091976
2021-03-10 21:00:00,7.3,0.2048184
2021-03-10 22:00:00,7.3,0.1997609
2021-03-10 23:00:00,7.2,0.1843028
2021-03-11 00:00:00,6.6,0.176782
2021-03-11 01:00:00,5.9,0.155719
2021-03-11 02:00:00,5.8,0.1556119
2021-03-11 03:00:00,6.6,0.1556
2021-03-11 04:00:00,6.6,0.1556357
2021-03-11 05:00:00,7.0,0.1733905
2021-03-11 06:00:00,6.3,0.1853143
2021-03-11 07:00:00,6.5,0.200701
2021-03-11 08:00:00,7.6,0.2029977
2021-03-11 09:00:00,9.3,0.2011532
2021-03-11 10:00:00,9.7,0.1982496
2021-03-11 11:00:00,11.8,0.1981544
2021-03-11 12:00:00,12.4,0.2006772
2021-03-11 13:00:00,12.6,0.1916213
2021-03-11 14:00:00,10.1,0.1867899
2021-03-11 15:00:00,12.2,0.1922163
2021-03-11 16:00:00,7.6,0.1961671
2021-03-11 17:00:00,7.1,0.2019743
2021-03-11 18:00:00,7.2,0.2131127
2021-03-11 19:00:00,7.7,0.2221567
2021-03-11 20:00:00,6.0,0.2031762
2021-03-11 21:00:00,6.8,0.1927637
2021-03-11 22:00:00,7.0,0.1878252
2021-03-11 23:00:00,4.8,0.1700347
2021-03-12 00:00:00,3.8,0.1765559
2021-03-12 01:00:00,3.8,0.174402
2021-03-12 02:00:00,5.7,0.1610621
2021-03-12 03:00:00,5.7,0.1610502
2021-03-12 04:00:00,5.2,0.1683449
2021-03-12 05:00:00,5.3,0.1806138
2021-03-12 06:00:00,5.0,0.1944297
2021-03-12 07:00:00,5.2,0.2031405
2021-03-12 08:00:00,6.2,0.1988327
2021-03-12 09:00:00,6.9,0.1843028
2021-03-12 10:00:00,7.4,0.1556833
2021-03-12 11:00:00,8.1,0.1556119
2021-03-12 12:00:00,8.9,0.1495429
2021-03-12 13:00:00,9.9,0.1542434
2021-03-12 14:00:00,9.7,0.1557071
2021-03-12 15:00:00,8.6,0.1857665
2021-03-12 16:00:00,9.2,0.1891699
2021-03-12 17:00:00,8.7,0.2031881
2021-03-12 18:00:00,6.8,0.2157902
2021-03-12 19:00:00,5.5,0.2184796
2021-03-12 20:00:00,5.3,0.2007605
2021-03-12 21:00:00,5.5,0.1931564
2021-03-12 22:00:00,4.1,0.196417
2021-03-12 23:00:00,4.1,0.1946439
2021-03-13 00:00:00,5.0,0.1872659
2021-03-13 01:00:00,5.6,0.1848502
2021-03-13 02:00:00,5.4,0.1802687
2021-03-13 03:00:00,6.1,0.1762108
2021-03-13 04:00:00,5.7,0.1772937
2021-03-13 05:00:00,6.4,0.176306
2021-03-13 06:00:00,5.2,0.1827796
2021-03-13 07:00:00,5.3,0.1760085
2021-03-13 08:00:00,6.2,0.1604433
2021-03-13 09:00:00,7.2,0.1591105
2021-03-13 10:00:00,7.5,0.1556952
2021-03-13 11:00:00,7.9,0.1556
2021-03-13 12:00:00,8.6,0.1518277
2021-03-13 13:00:00,8.1,0.1452946
2021-03-13 14:00:00,5.7,0.1451994
2021-03-13 15:00:00,7.9,0.150007
2021-03-13 16:00:00,6.6,0.1544219
2021-03-13 17:00:00,6.0,0.174759
2021-03-13 18:00:00,5.2,0.194275
2021-03-13 19:00:00,6.0,0.2063297
2021-03-13 20:00:00,5.3,0.1852786
2021-03-13 21:00:00,5.2,0.1608122
2021-03-13 22:00:00,4.9,0.1794238
2021-03-13 23:00:00,5.1,0.1555881
2021-03-14 00:00:00,5.6,0.1497452
2021-03-14 01:00:00,3.1,0.1521014
2021-03-14 02:00:00,3.4,0.155481
2021-03-14 03:00:00,3.3,0.1543386
2021-03-14 04:00:00,3.1,0.1555048
2021-03-14 05:00:00,3.7,0.1555762
2021-03-14 06:00:00,2.7,0.155481
2021-03-14 07:00:00,3.5,0.1556
2021-03-14 08:00:00,4.9,0.1611454
2021-03-14 09:00:00,5.5,0.1792929
2021-03-14 10:00:00,6.2,0.1724385
2021-03-14 11:00:00,6.8,0.1674643
2021-03-14 12:00:00,8.3,0.1657269
2021-03-14 13:00:00,8.4,0.1555881
2021-03-14 14:00:00,8.9,0.1555762
2021-03-14 15:00:00,8.3,0.1557547
2021-03-14 16:00:00,7.3,0.176068
2021-03-14 17:00:00,4.2,0.1899434
2021-03-14 18:00:00,4.2,0.2145169
2021-03-14 19:00:00,3.3,0.2237632
2021-03-14 20:00:00,3.7,0.2094594
2021-03-14 21:00:00,4.3,0.2076744
2021-03-14 22:00:00,4.2,0.211411
2021-03-14 23:00:00,3.5,0.2046637
2021-03-15 00:00:00,3.7,0.2039973
2021-03-15 01:00:00,4.3,0.1996419
2021-03-15 02:00:00,3.9,0.1985233
2021-03-15 03:00:00,3.3,0.1972857
2021-03-15 04:00:00,2.9,0.1951794
2021-03-15 05:00:00,3.1,0.2040211
2021-03-15 06:00:00,3.3,0.221764
2021-03-15 07:00:00,3.5,0.2299393
2021-03-15 08:00:00,4.5,0.2328191
2021-03-15 09:00:00,5.5,0.2288445
2021-03-15 10:00:00,5.2,0.2211095
2021-03-15 11:00:00,6.4,0.2155998
2021-03-15 12:00:00,7.9,0.2126962
2021-03-15 13:00:00,7.7,0.209388
2021-03-15 14:00:00,7.2,0.2041163
2021-03-15 15:00:00,6.6,0.2026288
2021-03-15 16:00:00,6.0,0.2063059
2021-03-15 17:00:00,5.1,0.215814
2021-03-15 18:00:00,5.3,0.2293443
2021-03-15 19:00:00,5.1,0.2363058
2021-03-15 20:00:00,4.9,0.2269167
2021-03-15 21:00:00,4.7,0.222121
2021-03-15 22:00:00,4.5,0.2160044
2021-03-15 23:00:00,4.2,0.2113634
2021-03-16 00:00:00,3.9,0.2096974
2021-03-16 01:00:00,3.4,0.2088644
2021-03-16 02:00:00,1.3,0.2088763
2021-03-16 03:00:00,1.2,0.2068652
2021-03-16 04:00:00,1.9,0.208079
2021-03-16 05:00:00,2.2,0.212006
2021-03-16 06:00:00,2.7,0.225929
2021-03-16 07:00:00,3.8,0.2344851
2021-03-16 08:00:00,4.6,0.2376148
2021-03-16 09:00:00,4.6,0.2299631
2021-03-16 10:00:00,5.3,0.2269167
2021-03-16 11:00:00,5.9,0.2253578
2021-03-16 12:00:00,6.3,0.2208596
2021-03-16 13:00:00,6.8,0.2128152
2021-03-16 14:00:00,6.9,0.2134459
2021-03-16 15:00:00,6.7,0.2186462
2021-03-16 16:00:00,6.7,0.2269881
2021-03-16 17:00:00,5.7,0.2340924
2021-03-16 18:00:00,4.3,0.239733
2021-03-16 19:00:00,3.5,0.2480749
2021-03-16 20:00:00,3.4,0.228666
2021-03-16 21:00:00,3.2,0.2222519
2021-03-16 22:00:00,3.3,0.2197172
2021-03-16 23:00:00,2.8,0.2141361
2021-03-17 00:00:00,2.5,0.2105066
2021-03-17 01:00:00,1.7,0.2097093
2021-03-17 02:00:00,1.4,0.2084955
2021-03-17 03:00:00,1.4,0.208436
2021-03-17 04:00:00,1.8,0.2096141
2021-03-17 05:00:00,1.8,0.2137077
2021-03-17 06:00:00,1.6,0.2196339
2021-03-17 07:00:00,2.1,0.2308199
2021-03-17 08:00:00,2.7,0.23176
2021-03-17 09:00:00,3.8,0.2300345
2021-03-17 10:00:00,4.5,0.2240369
2021-03-17 11:00:00,5.2,0.2264883
2021-03-17 12:00:00,6.8,0.2208358
2021-03-17 13:00:00,6.6,0.2171111
2021-03-17 14:00:00,7.1,0.2154689
2021-03-17 15:00:00,7.0,0.2150405
2021-03-17 16:00:00,5.1,0.2218116
2021-03-17 17:00:00,3.5,0.234378
2021-03-17 18:00:00,3.4,0.2481701
2021-03-17 19:00:00,2.2,0.25675
2021-03-17 20:00:00,0.3,0.2380432
2021-03-17 21:00:00,1.4,0.2324145
2021-03-17 22:00:00,-0.2,0.2299274
2021-03-17 23:00:00,-1.0,0.2275474
2021-03-18 00:00:00,-0.9,0.2164328
2021-03-18 01:00:00,-1.2,0.2145764
2021-03-18 02:00:00,-0.3,0.2129223
2021-03-18 03:00:00,-1.4,0.2126486
2021-03-18 04:00:00,-0.5,0.2115657
2021-03-18 05:00:00,-0.7,0.2169207
2021-03-18 06:00:00,-0.8,0.2341995
2021-03-18 07:00:00,-1.0,0.2497885
2021-03-18 08:00:00,-0.4,0.2488246
2021-03-18 09:00:00,0.1,0.24485
2021-03-18 10:00:00,1.0,0.2383169
2021-03-18 11:00:00,1.4,0.23652
2021-03-18 12:00:00,2.0,0.2333189
2021-03-18 13:00:00,2.6,0.2296299
2021-03-18 14:00:00,3.1,0.2283685
2021-03-18 15:00:00,3.7,0.230451
2021-03-18 16:00:00,3.6,0.2323907
2021-03-18 17:00:00,3.3,0.2451118
2021-03-18 18:00:00,2.8,0.2614981
2021-03-18 19:00:00,2.4,0.2730649
2021-03-18 20:00:00,2.1,0.2399829
2021-03-18 21:00:00,1.7,0.229261
2021-03-18 22:00:00,0.6,0.2271428
2021-03-18 23:00:00,-0.1,0.2189437
2021-03-19 00:00:00,-0.8,0.2283328
2021-03-19 01:00:00,-1.6,0.2225256
2021-03-19 02:00:00,-1.3,0.2161591
2021-03-19 03:00:00,-0.9,0.213315
2021-03-19 04:00:00,-1.7,0.2151
2021-03-19 05:00:00,-1.9,0.217599
2021-03-19 06:00:00,-1.9,0.2353538
2021-03-19 07:00:00,-0.6,0.2407445
2021-03-19 08:00:00,1.3,0.2407207
2021-03-19 09:00:00,2.7,0.231879
2021-03-19 10:00:00,4.3,0.2155998
2021-03-19 11:00:00,5.5,0.2095189
2021-03-19 12:00:00,5.3,0.2085907
2021-03-19 13:00:00,6.1,0.207365
2021-03-19 14:00:00,5.4,0.2069604
2021-03-19 15:00:00,5.8,0.2074007
2021-03-19 16:00:00,4.5,0.2123273
2021-03-19 17:00:00,4.0,0.2217402
2021-03-19 18:00:00,1.8,0.2340924
2021-03-19 19:00:00,1.2,0.2424581
2021-03-19 20:00:00,0.2,0.234616
2021-03-19 21:00:00,-1.3,0.2293681
2021-03-19 22:00:00,-2.6,0.2277616
2021-03-19 23:00:00,-3.3,0.2271309
2021-03-20 00:00:00,-3.5,0.2255958
2021-03-20 01:00:00,-3.4,0.2219306
2021-03-20 02:00:00,-3.5,0.2226565
2021-03-20 03:00:00,-4.6,0.2160639
2021-03-20 04:00:00,-5.6,0.2151
2021-03-20 05:00:00,-5.0,0.2163257
2021-03-20 06:00:00,-4.6,0.2181226
2021-03-20 07:00:00,-3.5,0.2230968
2021-03-20 08:00:00,-1.4,0.2190984
2021-03-20 09:00:00,0.1,0.2166351
2021-03-20 10:00:00,1.9,0.2116133
2021-03-20 11:00:00,3.1,0.2099473
2021-03-20 12:00:00,3.4,0.2092452
2021-03-20 13:00:00,4.0,0.2068295
2021-03-20 14:00:00,4.3,0.2043662
2021-03-20 15:00:00,4.5,0.20796
2021-03-20 16:00:00,4.6,0.2090548
2021-03-20 17:00:00,4.3,0.2150286
2021-03-20 18:00:00,4.3,0.229975
2021-03-20 19:00:00,4.7,0.2366271
2021-03-20 20:00:00,4.7,0.2269286
2021-03-20 21:00:00,4.8,0.2139457
2021-03-20 22:00:00,4.2,0.2138148
2021-03-20 23:00:00,4.7,0.210816
2021-03-21 00:00:00,4.7,0.2027835
2021-03-21 01:00:00,4.4,0.1901338
2021-03-21 02:00:00,4.5,0.1930017
2021-03-21 03:00:00,4.7,0.1874206
2021-03-21 04:00:00,5.0,0.1874801
2021-03-21 05:00:00,5.4,0.1837554
2021-03-21 06:00:00,5.1,0.172022
2021-03-21 07:00:00,5.0,0.1828153
2021-03-21 08:00:00,4.9,0.1909073
2021-03-21 09:00:00,5.1,0.1927399
2021-03-21 10:00:00,5.7,0.1891223
2021-03-21 11:00:00,6.2,0.1970953
2021-03-21 12:00:00,6.6,0.1954174
2021-03-21 13:00:00,7.0,0.1833746
2021-03-21 14:00:00,7.1,0.180828
2021-03-21 15:00:00,6.9,0.1824821
2021-03-21 16:00:00,6.4,0.1913
2021-03-21 17:00:00,5.4,0.204747
2021-03-21 18:00:00,4.7,0.2222995
2021-03-21 19:00:00,4.6,0.2327358
2021-03-21 20:00:00,4.6,0.2263693
2021-03-21 21:00:00,4.2,0.220812
2021-03-21 22:00:00,4.3,0.2213713
2021-03-21 23:00:00,4.2,0.2149215
2021-03-22 00:00:00,4.1,0.2145645
2021-03-22 01:00:00,4.1,0.2136006
2021-03-22 02:00:00,4.1,0.2124344
2021-03-22 03:00:00,3.8,0.2115419
2021-03-22 04:00:00,3.8,0.212006
2021-03-22 05:00:00,3.5,0.2157664
2021-03-22 06:00:00,3.5,0.22938
2021-03-22 07:00:00,4.3,0.24247
2021-03-22 08:00:00,4.8,0.244731
2021-03-22 09:00:00,5.7,0.240804
2021-03-22 10:00:00,6.7,0.2334974
2021-03-22 11:00:00,7.8,0.2298917
2021-03-22 12:00:00,7.6,0.2262979
2021-03-22 13:00:00,8.3,0.2195982
2021-03-22 14:00:00,8.2,0.2174205
2021-03-22 15:00:00,7.4,0.2163019
2021-03-22 16:00:00,7.4,0.2198719
2021-03-22 17:00:00,6.7,0.2317362
2021-03-22 18:00:00,6.4,0.245445
2021-03-22 19:00:00,5.8,0.2632593
2021-03-22 20:00:00,5.7,0.24485
2021-03-22 21:00:00,5.9,0.2334617
2021-03-22 22:00:00,5.4,0.227952
2021-03-22 23:00:00,5.3,0.214743
2021-03-23 00:00:00,5.1,0.2205145
2021-03-23 01:00:00,4.6,0.2196934
2021-03-23 02:00:00,4.6,0.2159092
2021-03-23 03:00:00,4.5,0.2158259
2021-03-23 04:00:00,4.3,0.2181464
2021-03-23 05:00:00,4.5,0.2255006
2021-03-23 06:00:00,4.6,0.2332475
2021-03-23 07:00:00,5.0,0.2441003
2021-03-23 08:00:00,5.5,0.245921
2021-03-23 09:00:00,6.2,0.237948
2021-03-23 10:00:00,7.1,0.2311174
2021-03-23 11:00:00,8.0,0.229499
2021-03-23 12:00:00,7.9,0.2293443
2021-03-23 13:00:00,8.7,0.2241202
2021-03-23 14:00:00,10.1,0.2254411
2021-03-23 15:00:00,10.8,0.2251317
2021-03-23 16:00:00,10.4,0.2270238
2021-03-23 17:00:00,9.4,0.2325216
2021-03-23 18:00:00,8.9,0.240566
2021-03-23 19:00:00,7.3,0.2549531
2021-03-23 20:00:00,7.0,0.2418512
2021-03-23 21:00:00,5.0,0.2324383
2021-03-23 22:00:00,5.0,0.2275593
2021-03-23 23:00:00,4.5,0.21629
2021-03-24 00:00:00,4.1,0.2122321
2021-03-24 01:00:00,3.3,0.2120179
2021-03-24 02:00:00,4.7,0.2090905
2021-03-24 03:00:00,5.0,0.2096617
2021-03-24 04:00:00,5.4,0.2121012
2021-03-24 05:00:00,5.5,0.2139814
2021-03-24 06:00:00,5.3,0.2329143
2021-03-24 07:00:00,6.0,0.2338782
2021-03-24 08:00:00,7.4,0.2364367
2021-03-24 09:00:00,9.6,0.2161353
2021-03-24 10:00:00,11.1,0.2080076
2021-03-24 11:00:00,11.5,0.2084003
2021-03-24 12:00:00,13.1,0.2079005
2021-03-24 13:00:00,13.2,0.2089358
2021-03-24 14:00:00,14.0,0.2093999
2021-03-24 15:00:00,14.5,0.2137553
2021-03-24 16:00:00,13.3,0.2175633
2021-03-24 17:00:00,13.1,0.2285708
2021-03-24 18:00:00,11.5,0.2399829
2021-03-24 19:00:00,8.9,0.25556
2021-03-24 20:00:00,7.6,0.2431602
2021-03-24 21:00:00,6.4,0.2350325
2021-03-24 22:00:00,6.0,0.229975
2021-03-24 23:00:00,4.6,0.225929
2021-03-25 00:00:00,4.5,0.2205264
2021-03-25 01:00:00,3.9,0.2154689
2021-03-25 02:00:00,5.0,0.2147192
2021-03-25 03:00:00,3.6,0.2137553
2021-03-25 04:00:00,2.8,0.215338
2021-03-25 05:00:00,2.4,0.2256553
2021-03-25 06:00:00,3.7,0.237472
2021-03-25 07:00:00,5.2,0.2448143
2021-03-25 08:00:00,6.8,0.2447667
2021-03-25 09:00:00,8.3,0.2353776
2021-03-25 10:00:00,9.6,0.224501
2021-03-25 11:00:00,10.8,0.2108398
2021-03-25 12:00:00,11.6,0.2104233
2021-03-25 13:00:00,12.7,0.211411
2021-03-25 14:00:00,13.0,0.2137553
2021-03-25 15:00:00,12.4,0.21272
2021-03-25 16:00:00,13.2,0.2218949
2021-03-25 17:00:00,11.8,0.2308794
2021-03-25 18:00:00,10.6,0.2414585
2021-03-25 19:00:00,10.1,0.2572617
2021-03-25 20:00:00,9.4,0.2416846
2021-03-25 21:00:00,9.5,0.230451
2021-03-25 22:00:00,9.8,0.2261789
2021-03-25 23:00:00,9.0,0.2138862
2021-03-26 00:00:00,7.1,0.217837
2021-03-26 01:00:00,6.2,0.2151595
2021-03-26 02:00:00,6.4,0.2137672
2021-03-26 03:00:00,6.9,0.2104233
2021-03-26 04:00:00,7.0,0.2098878
2021-03-26 05:00:00,6.6,0.2149929
2021-03-26 06:00:00,6.6,0.2283804
2021-03-26 07:00:00,8.3,0.2339139
2021-03-26 08:00:00,10.4,0.2313673
2021-03-26 09:00:00,11.4,0.2127319
2021-03-26 10:00:00,13.2,0.2066391
2021-03-26 11:00:00,14.0,0.2004035
2021-03-26 12:00:00,14.3,0.199511
2021-03-26 13:00:00,15.6,0.1969287
2021-03-26 14:00:00,15.9,0.1997371
2021-03-26 15:00:00,15.1,0.2093285
2021-03-26 16:00:00,15.7,0.2154451
2021-03-26 17:00:00,14.8,0.2278092
2021-03-26 18:00:00,13.9,0.2298917
2021-03-26 19:00:00,12.8,0.2377219
2021-03-26 20:00:00,12.8,0.232117
2021-03-26 21:00:00,12.2,0.2238941
2021-03-26 22:00:00,12.3,0.2190627
2021-03-26 23:00:00,12.1,0.2146002
2021-03-27 00:00:00,11.5,0.20677
2021-03-27 01:00:00,10.8,0.2009271
2021-03-27 02:00:00,10.2,0.19844
2021-03-27 03:00:00,11.1,0.1960957
2021-03-27 04:00:00,6.8,0.1908716
2021-03-27 05:00:00,5.7,0.1961671
2021-03-27 06:00:00,5.4,0.1964408
2021-03-27 07:00:00,5.6,0.1918831
2021-03-27 08:00:00,6.9,0.185469
2021-03-27 09:00:00,7.2,0.17107
2021-03-27 10:00:00,3.2,0.1616928
2021-03-27 11:00:00,5.0,0.1521609
2021-03-27 12:00:00,7.6,0.096219
2021-03-27 13:00:00,1.6,0.1088806
2021-03-27 14:00:00,5.2,0.1199476
2021-03-27 15:00:00,6.6,0.1534461
2021-03-27 16:00:00,1.9,0.1787931
2021-03-27 17:00:00,3.7,0.206056
2021-03-27 18:00:00,3.8,0.224025
2021-03-27 19:00:00,3.8,0.234259
2021-03-27 20:00:00,3.2,0.2258338
2021-03-27 21:00:00,3.6,0.2144098
2021-03-27 22:00:00,3.5,0.21867
2021-03-27 23:00:00,2.7,0.2111492
2021-03-28 00:00:00,2.2,0.2076863
2021-03-28 01:00:00,2.3,0.2015578
2021-03-28 03:00:00,2.9,0.1977617
2021-03-28 04:00:00,3.1,0.19725
2021-03-28 05:00:00,3.3,0.1973333
2021-03-28 06:00:00,3.6,0.1980473
2021-03-28 07:00:00,4.3,0.1981068
2021-03-28 08:00:00,5.2,0.1885392
2021-03-28 09:00:00,6.7,0.1913
2021-03-28 10:00:00,8.7,0.1808518
2021-03-28 11:00:00,9.2,0.1578372
2021-03-28 12:00:00,11.6,0.1329424
2021-03-28 13:00:00,12.2,0.0961119
2021-03-28 14:00:00,12.1,0.0961357
2021-03-28 15:00:00,11.9,0.1068219
2021-03-28 16:00:00,11.2,0.1411534
2021-03-28 17:00:00,10.5,0.1610145
2021-03-28 18:00:00,10.4,0.197607
2021-03-28 19:00:00,11.0,0.2068176
2021-03-28 20:00:00,10.5,0.2131246
2021-03-28 21:00:00,10.4,0.2043662
2021-03-28 22:00:00,10.8,0.2043543
2021-03-28 23:00:00,10.9,0.2016292
2021-03-29 00:00:00,11.4,0.1883964
2021-03-29 01:00:00,10.6,0.1830057
2021-03-29 02:00:00,10.2,0.1819228
2021-03-29 03:00:00,11.2,0.1827201
2021-03-29 04:00:00,10.4,0.1834936
2021-03-29 05:00:00,10.1,0.1978926
2021-03-29 06:00:00,10.6,0.2166827
2021-03-29 07:00:00,11.2,0.2356275
2021-03-29 08:00:00,12.0,0.2399234
2021-03-29 09:00:00,12.7,0.2210976
2021-03-29 10:00:00,13.8,0.2059251
2021-03-29 11:00:00,15.5,0.1904432
2021-03-29 12:00:00,16.6,0.1821727
2021-03-29 13:00:00,17.4,0.1769248
2021-03-29 14:00:00,18.5,0.1759847
2021-03-29 15:00:00,18.8,0.1777459
2021-03-29 16:00:00,19.0,0.1799236
2021-03-29 17:00:00,18.7,0.2028549
2021-03-29 18:00:00,17.8,0.2242392
2021-03-29 19:00:00,16.4,0.2360797
2021-03-29 20:00:00,15.1,0.2366985
2021-03-29 21:00:00,14.4,0.2317838
2021-03-29 22:00:00,11.1,0.2260242
2021-03-29 23:00:00,11.4,0.22224
2021-03-30 00:00:00,10.1,0.2116252
2021-03-30 01:00:00,9.6,0.2108874
2021-03-30 02:00:00,9.0,0.2087335
2021-03-30 03:00:00,8.2,0.2098521
2021-03-30 04:00:00,7.9,0.2106613
2021-03-30 05:00:00,7.5,0.2189318
2021-03-30 06:00:00,8.4,0.2330571
2021-03-30 07:00:00,10.0,0.2486818
2021-03-30 08:00:00,12.2,0.2469087
2021-03-30 09:00:00,14.5,0.2325097
2021-03-30 10:00:00,15.7,0.2185986
2021-03-30 11:00:00,17.2,0.2107803
2021-03-30 12:00:00,17.8,0.208912
2021-03-30 13:00:00,19.1,0.2056395
2021-03-30 14:00:00,20.3,0.2030691
2021-03-30 15:00:00,20.9,0.2029382
2021-03-30 16:00:00,21.1,0.2069842
2021-03-30 17:00:00,20.3,0.218075
2021-03-30 18:00:00,19.5,0.2308556
2021-03-30 19:00:00,18.4,0.2440051
2021-03-30 20:00:00,14.2,0.2472419
2021-03-30 21:00:00,11.2,0.2357822
2021-03-30 22:00:00,10.6,0.2337711
2021-03-30 23:00:00,8.7,0.2274284
2021-03-31 00:00:00,8.0,0.2229302
2021-03-31 01:00:00,8.2,0.2162543
2021-03-31 02:00:00,8.3,0.2151
2021-03-31 03:00:00,6.3,0.2141242
2021-03-31 04:00:00,6.4,0.2131127
2021-03-31 05:00:00,5.4,0.2193126
2021-03-31 06:00:00,5.1,0.2358179
2021-03-31 07:00:00,6.0,0.2449809
2021-03-31 08:00:00,10.1,0.2465041
2021-03-31 09:00:00,15.7,0.2341162
2021-03-31 10:00:00,18.3,0.2232039
2021-03-31 11:00:00,20.3,0.2159449
2021-03-31 12:00:00,21.9,0.21391
2021-03-31 13:00:00,23.0,0.2111254
2021-03-31 14:00:00,23.5,0.2068771
2021-03-31 15:00:00,23.4,0.2078648
2021-03-31 16:00:00,23.4,0.2112801
2021-03-31 17:00:00,22.4,0.2166708
2021-03-31 18:00:00,21.3,0.2355204
2021-03-31 19:00:00,19.8,0.270792
2021-03-31 20:00:00,15.7,0.249134
2021-03-31 21:00:00,14.0,0.2343185
2021-03-31 22:00:00,13.5,0.230451
2021-03-31 23:00:00,10.6,0.2221448
2021-04-01 00:00:00,11.9,0.2203122
2021-04-01 01:00:00,9.4,0.2125058
2021-04-01 02:00:00,10.5,0.209269
2021-04-01 03:00:00,9.8,0.2081623
2021-04-01 04:00:00,9.2,0.2083051
2021-04-01 05:00:00,9.9,0.209983
2021-04-01 06:00:00,9.8,0.2298917
2021-04-01 07:00:00,9.7,0.2400543
2021-04-01 08:00:00,11.8,0.23533
2021-04-01 09:00:00,13.0,0.2274284
2021-04-01 10:00:00,14.1,0.2203241
2021-04-01 11:00:00,15.4,0.2102805
2021-04-01 12:00:00,14.6,0.2069009
2021-04-01 13:00:00,13.7,0.2019505
2021-04-01 14:00:00,13.4,0.1987494
2021-04-01 15:00:00,12.8,0.2025455
2021-04-01 16:00:00,11.9,0.20677
2021-04-01 17:00:00,11.2,0.2143265
2021-04-01 18:00:00,10.5,0.2236561
2021-04-01 19:00:00,8.7,0.2314268
2021-04-01 20:00:00,7.7,0.2346279
2021-04-01 21:00:00,7.1,0.2285232
2021-04-01 22:00:00,6.6,0.2256077
2021-04-01 23:00:00,7.4,0.2208358
2021-04-02 00:00:00,6.9,0.2201456
2021-04-02 01:00:00,5.8,0.2148263
2021-04-02 02:00:00,5.2,0.21153
2021-04-02 03:00:00,5.1,0.207603
2021-04-02 04:00:00,5.0,0.2079124
2021-04-02 05:00:00,5.0,0.2117323
2021-04-02 06:00:00,4.2,0.2192888
2021-04-02 07:00:00,4.4,0.2272856
2021-04-02 08:00:00,5.2,0.2277973
2021-04-02 09:00:00,5.3,0.2225375
2021-04-02 10:00:00,5.3,0.2098164
2021-04-02 11:00:00,5.6,0.203676
2021-04-02 12:00:00,6.3,0.1892294
2021-04-02 13:00:00,6.2,0.1556833
2021-04-02 14:00:00,6.3,0.1415223
2021-04-02 15:00:00,6.6,0.1306695
2021-04-02 16:00:00,6.9,0.1388091
2021-04-02 17:00:00,7.3,0.1749018
2021-04-02 18:00:00,6.3,0.20558
2021-04-02 19:00:00,6.0,0.2147668
2021-04-02 20:00:00,5.3,0.2159806
2021-04-02 21:00:00,3.8,0.20915
2021-04-02 22:00:00,4.4,0.20915
2021-04-02 23:00:00,4.0,0.2072103
2021-04-03 00:00:00,2.9,0.2055919
2021-04-03 01:00:00,3.4,0.201296
2021-04-03 02:00:00,2.5,0.2002369
2021-04-03 03:00:00,0.5,0.1999037
2021-04-03 04:00:00,0.0,0.199749
2021-04-03 05:00:00,0.4,0.2004392
2021-04-03 06:00:00,0.5,0.203319
2021-04-03 07:00:00,1.8,0.2055919
2021-04-03 08:00:00,2.9,0.2101972
2021-04-03 09:00:00,4.5,0.2116966
2021-04-03 10:00:00,6.9,0.2044852
2021-04-03 11:00:00,8.7,0.1998085
2021-04-03 12:00:00,10.7,0.1959291
2021-04-03 13:00:00,11.2,0.183803
2021-04-03 14:00:00,11.1,0.1755801
2021-04-03 15:00:00,11.3,0.1672025
2021-04-03 16:00:00,10.8,0.1817324
2021-04-03 17:00:00,10.6,0.2029977
2021-04-03 18:00:00,10.2,0.214981
2021-04-03 19:00:00,8.5,0.22462
2021-04-03 20:00:00,6.7,0.2260837
2021-04-03 21:00:00,6.0,0.218908
2021-04-03 22:00:00,4.5,0.2168612
2021-04-03 23:00:00,3.0,0.2132436
2021-04-04 00:00:00,0.9,0.2120774
2021-04-04 01:00:00,1.1,0.2050564
2021-04-04 02:00:00,2.6,0.2029977
2021-04-04 03:00:00,3.3,0.2030453
2021-04-04 04:00:00,3.6,0.2030572
2021-04-04 05:00:00,3.8,0.2017125
2021-04-04 06:00:00,3.8,0.1994039
2021-04-04 07:00:00,4.2,0.2013317
2021-04-04 08:00:00,4.6,0.2026407
2021-04-04 09:00:00,4.8,0.1984281
2021-04-04 10:00:00,5.2,0.1798403
2021-04-04 11:00:00,4.9,0.1749375
2021-04-04 12:00:00,5.3,0.1771033
2021-04-04 13:00:00,5.7,0.1627519
2021-04-04 14:00:00,5.6,0.1580038
2021-04-04 15:00:00,6.6,0.155719
2021-04-04 16:00:00,6.7,0.1568019
2021-04-04 17:00:00,6.5,0.1641442
2021-04-04 18:00:00,6.2,0.1925019
2021-04-04 19:00:00,6.1,0.2030453
2021-04-04 20:00:00,6.0,0.2120655
2021-04-04 21:00:00,5.9,0.203795
2021-04-04 22:00:00,5.8,0.1953222
2021-04-04 23:00:00,4.8,0.1594556
2021-04-05 00:00:00,5.1,0.1556595
2021-04-05 01:00:00,5.1,0.1437
2021-04-05 02:00:00,5.3,0.1200071
2021-04-05 03:00:00,5.2,0.1199238
2021-04-05 04:00:00,5.8,0.130134
2021-04-05 05:00:00,5.7,0.1139857
2021-04-05 06:00:00,5.9,0.1080357
2021-04-05 07:00:00,5.0,0.1021214
2021-04-05 08:00:00,5.2,0.1250289
2021-04-05 09:00:00,3.2,0.1345965
2021-04-05 10:00:00,3.2,0.1327639
2021-04-05 11:00:00,0.4,0.1401895
2021-04-05 12:00:00,1.4,0.1226608
2021-04-05 13:00:00,1.4,0.1020738
2021-04-05 14:00:00,0.0,0.0928513
2021-04-05 15:00:00,3.2,0.0971591
2021-04-05 16:00:00,3.4,0.1135335
2021-04-05 17:00:00,2.3,0.1443307
2021-04-05 18:00:00,1.2,0.1556952
2021-04-05 19:00:00,0.3,0.1807685
2021-04-05 20:00:00,-0.3,0.1887653
2021-04-05 21:00:00,-0.6,0.1793524
2021-04-05 22:00:00,-0.7,0.1775793
2021-04-05 23:00:00,-0.6,0.1680593
2021-04-06 00:00:00,-0.8,0.173093
2021-04-06 01:00:00,-0.6,0.172141
2021-04-06 02:00:00,-0.7,0.1703203
2021-04-06 03:00:00,-2.9,0.1724861
2021-04-06 04:00:00,-1.8,0.1733667
2021-04-06 05:00:00,-1.0,0.1891699
2021-04-06 06:00:00,-0.3,0.2105304
2021-04-06 07:00:00,0.1,0.2334974
2021-04-06 08:00:00,0.6,0.2269881
2021-04-06 09:00:00,1.2,0.2030215
2021-04-06 10:00:00,1.9,0.1959886
2021-04-06 11:00:00,3.3,0.1897173
2021-04-06 12:00:00,3.9,0.1804472
2021-04-06 13:00:00,3.4,0.1704988
2021-04-06 14:00:00,3.5,0.167381
2021-04-06 15:00:00,1.8,0.1760561
2021-04-06 16:00:00,4.2,0.1802092
2021-04-06 17:00:00,0.1,0.2016887
2021-04-06 18:00:00,1.6,0.2181702
2021-04-06 19:00:00,1.0,0.2347469
2021-04-06 20:00:00,0.6,0.2406136
2021-04-06 21:00:00,0.6,0.2284637
2021-04-06 22:00:00,0.9,0.2232872
2021-04-06 23:00:00,0.7,0.2129223
2021-04-07 00:00:00,0.5,0.2217402
2021-04-07 01:00:00,0.5,0.210697
2021-04-07 02:00:00,0.4,0.2107684
2021-04-07 03:00:00,0.0,0.2102686
2021-04-07 04:00:00,-0.6,0.2086502
2021-04-07 05:00:00,-0.6,0.212363
2021-04-07 06:00:00,-0.7,0.2293205
2021-04-07 07:00:00,0.0,0.2518234
2021-04-07 08:00:00,0.6,0.256155
2021-04-07 09:00:00,1.5,0.2340091
2021-04-07 10:00:00,2.1,0.2221686
2021-04-07 11:00:00,3.0,0.2178608
2021-04-07 12:00:00,4.0,0.204747
2021-04-07 13:00:00,4.1,0.2040092
2021-04-07 14:00:00,4.8,0.2031643
2021-04-07 15:00:00,4.3,0.2029977
2021-04-07 16:00:00,3.7,0.2039854
2021-04-07 17:00:00,4.9,0.2034975
2021-04-07 18:00:00,3.2,0.210816
2021-04-07 19:00:00,2.4,0.221645
2021-04-07 20:00:00,1.5,0.214267
2021-04-07 21:00:00,1.5,0.210578
2021-04-07 22:00:00,1.3,0.2054967
2021-04-07 23:00:00,1.3,0.2006058
2021-04-08 00:00:00,1.6,0.2026526
2021-04-08 01:00:00,1.3,0.2035094
2021-04-08 02:00:00,0.8,0.2041044
2021-04-08 03:00:00,0.9,0.209031
2021-04-08 04:00:00,0.6,0.2112563
2021-04-08 05:00:00,0.6,0.211768
2021-04-08 06:00:00,0.9,0.2281305
2021-04-08 07:00:00,1.3,0.2506334
2021-04-08 08:00:00,1.9,0.2737194
2021-04-08 09:00:00,2.9,0.2347231
2021-04-08 10:00:00,4.2,0.2266549
2021-04-08 11:00:00,4.5,0.2252507
2021-04-08 12:00:00,4.9,0.2234538
2021-04-08 13:00:00,5.0,0.2191341
2021-04-08 14:00:00,5.6,0.2168493
2021-04-08 15:00:00,5.3,0.2139338
2021-04-08 16:00:00,5.8,0.2122797
2021-04-08 17:00:00,5.8,0.219741
2021-04-08 18:00:00,5.6,0.2315934
2021-04-08 19:00:00,5.3,0.2462542
2021-04-08 20:00:00,4.1,0.2464089
2021-04-08 21:00:00,4.0,0.2292134
2021-04-08 22:00:00,3.4,0.2246676
2021-04-08 23:00:00,3.5,0.2139338
2021-04-09 00:00:00,2.7,0.205461
2021-04-09 01:00:00,2.2,0.205461
2021-04-09 02:00:00,2.2,0.2025812
2021-04-09 03:00:00,2.5,0.2007843
2021-04-09 04:00:00,3.3,0.2054372
2021-04-09 05:00:00,3.1,0.2074721
2021-04-09 06:00:00,3.4,0.2107684
2021-04-09 07:00:00,4.3,0.2210738
2021-04-09 08:00:00,5.9,0.2259052
2021-04-09 09:00:00,7.7,0.2119822
2021-04-09 10:00:00,9.6,0.2079719
2021-04-09 11:00:00,9.8,0.2057228
2021-04-09 12:00:00,10.2,0.2054134
2021-04-09 13:00:00,11.0,0.2095784
2021-04-09 14:00:00,11.1,0.2119822
2021-04-09 15:00:00,11.2,0.2109707
2021-04-09 16:00:00,11.5,0.2247509
2021-04-09 17:00:00,11.2,0.2316767
2021-04-09 18:00:00,10.9,0.2397092
2021-04-09 19:00:00,10.0,0.25437
2021-04-09 20:00:00,9.6,0.256631
2021-04-09 21:00:00,6.7,0.2466469
2021-04-09 22:00:00,5.1,0.2392451
2021-04-09 23:00:00,4.6,0.2327953
2021-04-10 00:00:00,3.7,0.2341638
2021-04-10 01:00:00,4.0,0.2284399
2021-04-10 02:00:00,3.9,0.2218235
2021-04-10 03:00:00,4.3,0.2217164
2021-04-10 04:00:00,4.2,0.2179441
2021-04-10 05:00:00,4.2,0.2199076
2021-04-10 06:00:00,4.1,0.2182892
2021-04-10 07:00:00,4.0,0.2265478
2021-04-10 08:00:00,4.1,0.234378
2021-04-10 09:00:00,4.5,0.2379361
2021-04-10 10:00:00,5.2,0.2323669
2021-04-10 11:00:00,5.5,0.2284399
2021-04-10 12:00:00,6.5,0.2257267
2021-04-10 13:00:00,6.4,0.218075
2021-04-10 14:00:00,7.4,0.2151952
2021-04-10 15:00:00,7.5,0.2151119
2021-04-10 16:00:00,7.7,0.2175276
2021-04-10 17:00:00,7.5,0.2268096
2021-04-10 18:00:00,6.9,0.233783
2021-04-10 19:00:00,6.5,0.2379956
2021-04-10 20:00:00,6.3,0.2376148
2021-04-10 21:00:00,6.5,0.2288564
2021-04-10 22:00:00,6.9,0.2205978
2021-04-10 23:00:00,7.0,0.2146359
2021-04-11 00:00:00,7.1,0.2193721
2021-04-11 01:00:00,7.1,0.2107327
2021-04-11 02:00:00,7.1,0.2060798
2021-04-11 03:00:00,7.4,0.2091976
2021-04-11 04:00:00,7.5,0.2087811
2021-04-11 05:00:00,7.8,0.2055562
2021-04-11 06:00:00,8.2,0.2065796
2021-04-11 07:00:00,8.6,0.2054372
2021-04-11 08:00:00,9.1,0.2099116
2021-04-11 09:00:00,10.2,0.2107922
2021-04-11 10:00:00,10.6,0.2102448
2021-04-11 11:00:00,8.3,0.2124344
2021-04-11 12:00:00,7.1,0.2099354
2021-04-11 13:00:00,6.4,0.2089239
2021-04-11 14:00:00,5.3,0.2054848
2021-04-11 15:00:00,4.8,0.2047351
2021-04-11 16:00:00,4.5,0.20558
2021-04-11 17:00:00,3.9,0.2083884
2021-04-11 18:00:00,3.8,0.212958
2021-04-11 19:00:00,4.1,0.2294276
2021-04-11 20:00:00,4.0,0.2356156
2021-04-11 21:00:00,3.8,0.235568
2021-04-11 22:00:00,3.6,0.2315815
2021-04-11 23:00:00,3.4,0.2216093
2021-04-12 00:00:00,3.3,0.2134816
2021-04-12 01:00:00,2.9,0.2140052
2021-04-12 02:00:00,2.0,0.2151
2021-04-12 03:00:00,1.6,0.2159568
2021-04-12 04:00:00,0.8,0.2151595
2021-04-12 05:00:00,0.6,0.219622
2021-04-12 06:00:00,0.6,0.2380075
2021-04-12 07:00:00,1.2,0.2575354
2021-04-12 08:00:00,2.6,0.2746
2021-04-12 09:00:00,4.0,0.2523827
2021-04-12 10:00:00,5.9,0.2338901
2021-04-12 11:00:00,6.1,0.2349016
2021-04-12 12:00:00,7.9,0.2278449
2021-04-12 13:00:00,6.4,0.2205383
2021-04-12 14:00:00,6.2,0.2130294
2021-04-12 15:00:00,8.1,0.2125772
2021-04-12 16:00:00,4.3,0.2138029
2021-04-12 17:00:00,4.4,0.2204907
2021-04-12 18:00:00,4.7,0.2397568
2021-04-12 19:00:00,4.8,0.2508
2021-04-12 20:00:00,2.7,0.250919
2021-04-12 21:00:00,2.6,0.2479916
2021-04-12 22:00:00,1.8,0.2326406
2021-04-12 23:00:00,1.4,0.2107446
2021-04-13 00:00:00,1.4,0.2176466
2021-04-13 01:00:00,1.1,0.217361
2021-04-13 02:00:00,0.8,0.2157069
2021-04-13 03:00:00,0.6,0.2143027
2021-04-13 04:00:00,0.5,0.2175038
2021-04-13 05:00:00,0.3,0.2187295
2021-04-13 06:00:00,0.3,0.2384478
2021-04-13 07:00:00,1.3,0.2566429
2021-04-13 08:00:00,3.2,0.2471824
2021-04-13 09:00:00,5.0,0.2183487
2021-04-13 10:00:00,5.5,0.2100663
2021-04-13 11:00:00,6.4,0.2111254
2021-04-13 12:00:00,8.1,0.2099116
2021-04-13 13:00:00,6.9,0.2076744
2021-04-13 14:00:00,6.8,0.2050802
2021-04-13 15:00:00,4.2,0.2064487
2021-04-13 16:00:00,5.4,0.2109945
2021-04-13 17:00:00,5.8,0.2173015
2021-04-13 18:00:00,5.4,0.2308794
2021-04-13 19:00:00,4.1,0.2475394
2021-04-13 20:00:00,2.1,0.2607008
2021-04-13 21:00:00,2.6,0.243303
2021-04-13 22:00:00,0.5,0.2336402
2021-04-13 23:00:00,0.3,0.2205264
2021-04-14 00:00:00,0.0,0.215219
2021-04-14 01:00:00,-0.5,0.2192174
2021-04-14 02:00:00,0.1,0.2199433
2021-04-14 03:00:00,-0.8,0.2196815
2021-04-14 04:00:00,-1.2,0.2198838
2021-04-14 05:00:00,-0.7,0.2209191
2021-04-14 06:00:00,-1.9,0.2496695
2021-04-14 07:00:00,0.0,0.2966388
2021-04-14 08:00:00,2.4,0.30435
2021-04-14 09:00:00,4.3,0.2454926
2021-04-14 10:00:00,5.0,0.2301178
2021-04-14 11:00:00,6.0,0.2294752
2021-04-14 12:00:00,7.7,0.2249651
2021-04-14 13:00:00,5.1,0.220931
2021-04-14 14:00:00,6.4,0.2158378
2021-04-14 15:00:00,8.5,0.2184201
2021-04-14 16:00:00,7.3,0.2175157
2021-04-14 17:00:00,7.6,0.2294276
2021-04-14 18:00:00,6.3,0.2426961
2021-04-14 19:00:00,4.7,0.2715655
2021-04-14 20:00:00,3.6,0.2746
2021-04-14 21:00:00,1.7,0.2574878
2021-04-14 22:00:00,1.1,0.2456354
2021-04-14 23:00:00,0.1,0.2294395
2021-04-15 00:00:00,0.4,0.2293324
2021-04-15 01:00:00,0.5,0.2243939
2021-04-15 02:00:00,0.8,0.2234419
2021-04-15 03:00:00,0.3,0.224025
2021-04-15 04:00:00,-0.9,0.2283804
2021-04-15 05:00:00,-1.7,0.2339139
2021-04-15 06:00:00,-2.5,0.254251
2021-04-15 07:00:00,-1.2,0.2806095
2021-04-15 08:00:00,1.3,0.29602
2021-04-15 09:00:00,3.7,0.2473966
2021-04-15 10:00:00,5.8,0.2340567
2021-04-15 11:00:00,7.4,0.231879
2021-04-15 12:00:00,7.9,0.2215498
2021-04-15 13:00:00,7.8,0.2166351
2021-04-15 14:00:00,8.5,0.214029
2021-04-15 15:00:00,8.8,0.2149096
2021-04-15 16:00:00,9.0,0.21748
2021-04-15 17:00:00,8.7,0.2220972
2021-04-15 18:00:00,8.5,0.2364486
2021-04-15 19:00:00,7.3,0.2525374
2021-04-15 20:00:00,6.1,0.2520495
2021-04-15 21:00:00,5.8,0.2405898
2021-04-15 22:00:00,5.7,0.2324978
2021-04-15 23:00:00,5.1,0.2186819
2021-04-16 00:00:00,5.0,0.2181583
2021-04-16 01:00:00,4.7,0.218075
2021-04-16 02:00:00,4.3,0.2167065
2021-04-16 03:00:00,3.5,0.2176704
2021-04-16 04:00:00,3.5,0.2202646
2021-04-16 05:00:00,2.6,0.2227279
2021-04-16 06:00:00,2.4,0.2398044
2021-04-16 07:00:00,3.5,0.2580471
2021-04-16 08:00:00,4.2,0.269959
2021-04-16 09:00:00,6.6,0.2336402
2021-04-16 10:00:00,7.7,0.2313316
2021-04-16 11:00:00,10.4,0.2266073
2021-04-16 12:00:00,10.3,0.2240369
2021-04-16 13:00:00,10.6,0.2213475
2021-04-16 14:00:00,11.1,0.218551
2021-04-16 15:00:00,11.5,0.2198838
2021-04-16 16:00:00,11.4,0.2194554
2021-04-16 17:00:00,11.0,0.2241321
2021-04-16 18:00:00,10.1,0.2366271
2021-04-16 19:00:00,8.2,0.2490269
2021-04-16 20:00:00,6.4,0.2485032999999999
2021-04-16 21:00:00,5.7,0.2361392
2021-04-16 22:00:00,3.6,0.2336521
2021-04-16 23:00:00,2.3,0.2306057
2021-04-17 00:00:00,0.3,0.2340329
2021-04-17 01:00:00,0.0,0.2217164
2021-04-17 02:00:00,-0.1,0.2235728
2021-04-17 03:00:00,0.7,0.2221567
2021-04-17 04:00:00,0.7,0.2222281
2021-04-17 05:00:00,0.3,0.2235966
2021-04-17 06:00:00,0.5,0.2336283
2021-04-17 07:00:00,2.1,0.2331761
2021-04-17 08:00:00,3.6,0.2428389
2021-04-17 09:00:00,4.8,0.237472
2021-04-17 10:00:00,6.6,0.2255244
2021-04-17 11:00:00,9.3,0.2229897
2021-04-17 12:00:00,9.5,0.2206097
2021-04-17 13:00:00,10.8,0.2158021
2021-04-17 14:00:00,11.7,0.2144455
2021-04-17 15:00:00,11.5,0.2143265
2021-04-17 16:00:00,12.1,0.2159568
2021-04-17 17:00:00,13.1,0.2192531
2021-04-17 18:00:00,12.1,0.2269762
2021-04-17 19:00:00,11.7,0.2442312
2021-04-17 20:00:00,10.1,0.2489793
2021-04-17 21:00:00,9.3,0.2473489999999999
2021-04-17 22:00:00,8.9,0.2383645
2021-04-17 23:00:00,9.1,0.2329262
2021-04-18 00:00:00,6.5,0.2369127
2021-04-18 01:00:00,5.7,0.2317362
2021-04-18 02:00:00,4.7,0.2301535
2021-04-18 03:00:00,4.6,0.229499
2021-04-18 04:00:00,4.7,0.2282138
2021-04-18 05:00:00,5.0,0.2276783
2021-04-18 06:00:00,4.8,0.2276426
2021-04-18 07:00:00,5.0,0.2301178
2021-04-18 08:00:00,7.5,0.2323788
2021-04-18 09:00:00,8.5,0.2312483
2021-04-18 10:00:00,9.7,0.2269167
2021-04-18 11:00:00,11.5,0.2233467
2021-04-18 12:00:00,12.7,0.2229421
2021-04-18 13:00:00,13.5,0.2174086
2021-04-18 14:00:00,14.4,0.2144098
2021-04-18 15:00:00,15.5,0.2138743
2021-04-18 16:00:00,13.7,0.2166946
2021-04-18 17:00:00,12.1,0.2205145
2021-04-18 18:00:00,10.8,0.2329381
2021-04-18 19:00:00,9.8,0.2461352
2021-04-18 20:00:00,9.7,0.2519067
2021-04-18 21:00:00,9.5,0.2508
2021-04-18 22:00:00,8.9,0.2464089
2021-04-18 23:00:00,8.5,0.2331999
2021-04-19 00:00:00,8.4,0.2303082
2021-04-19 01:00:00,7.7,0.2247271
2021-04-19 02:00:00,8.2,0.2247152
2021-04-19 03:00:00,8.2,0.2223471
2021-04-19 04:00:00,8.1,0.2245129
2021-04-19 05:00:00,7.0,0.2348302
2021-04-19 06:00:00,7.2,0.256631
2021-04-19 07:00:00,7.4,0.2730054
2021-04-19 08:00:00,7.6,0.2950442
2021-04-19 09:00:00,7.7,0.2779082
2021-04-19 10:00:00,7.9,0.2617361
2021-04-19 11:00:00,7.7,0.2449928
2021-04-19 12:00:00,8.7,0.234735
2021-04-19 13:00:00,9.7,0.227476
2021-04-19 14:00:00,11.9,0.2265597
2021-04-19 15:00:00,12.6,0.2271666
2021-04-19 16:00:00,13.2,0.2265716
2021-04-19 17:00:00,13.1,0.2388762
2021-04-19 18:00:00,12.7,0.2567976
2021-04-19 19:00:00,10.7,0.2738979
2021-04-19 20:00:00,9.8,0.2746
2021-04-19 21:00:00,7.9,0.262105
2021-04-19 22:00:00,6.9,0.2433744
2021-04-19 23:00:00,5.7,0.2325454
2021-04-20 00:00:00,5.3,0.2324026
2021-04-20 01:00:00,5.0,0.2301059
2021-04-20 02:00:00,3.3,0.2300107
2021-04-20 03:00:00,2.1,0.2316648
2021-04-20 04:00:00,2.0,0.2372459
2021-04-20 05:00:00,1.3,0.2412086
2021-04-20 06:00:00,1.3,0.2572617
2021-04-20 07:00:00,3.1,0.2734695
2021-04-20 08:00:00,6.5,0.2869879
2021-04-20 09:00:00,8.7,0.26508
2021-04-20 10:00:00,11.1,0.2383407
2021-04-20 11:00:00,13.1,0.2297013
2021-04-20 12:00:00,14.3,0.2275474
2021-04-20 13:00:00,15.0,0.2257862
2021-04-20 14:00:00,16.4,0.2244653
2021-04-20 15:00:00,16.9,0.2234538
2021-04-20 16:00:00,17.0,0.2256077
2021-04-20 17:00:00,17.5,0.2387572
2021-04-20 18:00:00,16.5,0.2567262
2021-04-20 19:00:00,13.9,0.2746
2021-04-20 20:00:00,11.7,0.2766587
2021-04-20 21:00:00,11.8,0.2673648
2021-04-20 22:00:00,10.4,0.2590229
2021-04-20 23:00:00,8.2,0.24485
2021-04-21 00:00:00,5.3,0.2350325
2021-04-21 01:00:00,4.2,0.2306652
2021-04-21 02:00:00,4.7,0.2296656
2021-04-21 03:00:00,1.9,0.2283923
2021-04-21 04:00:00,1.7,0.229856
2021-04-21 05:00:00,1.8,0.2307961
2021-04-21 06:00:00,2.1,0.2520019
2021-04-21 07:00:00,4.3,0.2598559
2021-04-21 08:00:00,8.1,0.2463256
2021-04-21 09:00:00,11.1,0.2259766
2021-04-21 10:00:00,14.0,0.2170992
2021-04-21 11:00:00,14.2,0.2243939
2021-04-21 12:00:00,14.7,0.2143741
2021-04-21 13:00:00,15.0,0.2113753
2021-04-21 14:00:00,14.9,0.2071984
2021-04-21 15:00:00,12.9,0.2051278
2021-04-21 16:00:00,11.8,0.1953222
2021-04-21 17:00:00,11.0,0.2056514
2021-04-21 18:00:00,9.7,0.2194316
2021-04-21 19:00:00,7.9,0.2431959
2021-04-21 20:00:00,6.5,0.2484438
2021-04-21 21:00:00,5.1,0.238781
2021-04-21 22:00:00,3.8,0.2297965
2021-04-21 23:00:00,3.9,0.2156831
2021-04-22 00:00:00,3.9,0.2112206
2021-04-22 01:00:00,4.2,0.2112801
2021-04-22 02:00:00,4.2,0.2083765
2021-04-22 03:00:00,4.2,0.2112682
2021-04-22 04:00:00,4.4,0.2117799
2021-04-22 05:00:00,4.5,0.2151
2021-04-22 06:00:00,4.4,0.2350087
2021-04-22 07:00:00,4.8,0.2538583
2021-04-22 08:00:00,6.1,0.2262146
2021-04-22 09:00:00,7.2,0.2064368
2021-04-22 10:00:00,7.8,0.1979997
2021-04-22 11:00:00,8.1,0.1900743
2021-04-22 12:00:00,8.7,0.1766273
2021-04-22 13:00:00,10.4,0.1556833
2021-04-22 14:00:00,9.9,0.1556714
2021-04-22 15:00:00,9.3,0.1574207
2021-04-22 16:00:00,9.7,0.1745805
2021-04-22 17:00:00,9.3,0.2111968
2021-04-22 18:00:00,9.0,0.2169683
2021-04-22 19:00:00,8.2,0.2480987
2021-04-22 20:00:00,5.7,0.2560598
2021-04-22 21:00:00,4.6,0.2487175
2021-04-22 22:00:00,3.4,0.2350325
2021-04-22 23:00:00,3.1,0.230689
2021-04-23 00:00:00,4.2,0.2350087
2021-04-23 01:00:00,4.8,0.225096
2021-04-23 02:00:00,4.9,0.2240012
2021-04-23 03:00:00,5.0,0.224501
2021-04-23 04:00:00,4.8,0.2240012
2021-04-23 05:00:00,4.8,0.23533
2021-04-23 06:00:00,4.9,0.24723
2021-04-23 07:00:00,5.4,0.2552387
2021-04-23 08:00:00,6.1,0.2545604
2021-04-23 09:00:00,6.8,0.2316291
2021-04-23 10:00:00,7.5,0.2203122
2021-04-23 11:00:00,9.4,0.2160996
2021-04-23 12:00:00,9.2,0.2111968
2021-04-23 13:00:00,10.5,0.2073888
2021-04-23 14:00:00,11.4,0.2016887
2021-04-23 15:00:00,12.3,0.2032714
2021-04-23 16:00:00,12.5,0.2094951
2021-04-23 17:00:00,12.2,0.2167184
2021-04-23 18:00:00,11.6,0.23176
2021-04-23 19:00:00,10.4,0.2484438
2021-04-23 20:00:00,8.1,0.2520138
2021-04-23 21:00:00,6.8,0.2488127
2021-04-23 22:00:00,5.0,0.239971
2021-04-23 23:00:00,3.8,0.2337711
2021-04-24 00:00:00,3.1,0.2371269
2021-04-24 01:00:00,1.2,0.232355
2021-04-24 02:00:00,1.4,0.228666
2021-04-24 03:00:00,1.9,0.2232634
2021-04-24 04:00:00,2.2,0.2209191
2021-04-24 05:00:00,1.5,0.2205145
2021-04-24 06:00:00,2.1,0.2245605
2021-04-24 07:00:00,4.1,0.2240369
2021-04-24 08:00:00,6.1,0.2219425
2021-04-24 09:00:00,6.9,0.2206692
2021-04-24 10:00:00,7.8,0.2151
2021-04-24 11:00:00,9.0,0.2126724
2021-04-24 12:00:00,9.5,0.207841
2021-04-24 13:00:00,9.9,0.1946796
2021-04-24 14:00:00,11.4,0.1796856
2021-04-24 15:00:00,11.3,0.1788169
2021-04-24 16:00:00,12.0,0.1891342
2021-04-24 17:00:00,12.2,0.2132674
2021-04-24 18:00:00,11.4,0.2233824
2021-04-24 19:00:00,10.2,0.2361035
2021-04-24 20:00:00,7.0,0.2429817
2021-04-24 21:00:00,6.4,0.2371864
2021-04-24 22:00:00,5.2,0.2355085
2021-04-24 23:00:00,3.3,0.2251198
2021-04-25 00:00:00,2.5,0.2160758
2021-04-25 01:00:00,1.3,0.2133745
2021-04-25 02:00:00,0.5,0.2135649
2021-04-25 03:00:00,0.0,0.213077
2021-04-25 04:00:00,-0.8,0.2127557
2021-04-25 05:00:00,-1.1,0.2119108
2021-04-25 06:00:00,0.8,0.2088644
2021-04-25 07:00:00,2.5,0.207722
2021-04-25 08:00:00,4.4,0.2073412
2021-04-25 09:00:00,6.0,0.1998799
2021-04-25 10:00:00,6.8,0.176782
2021-04-25 11:00:00,8.7,0.174045
2021-04-25 12:00:00,8.3,0.1738308
2021-04-25 13:00:00,9.2,0.1575159
2021-04-25 14:00:00,9.4,0.1473414
2021-04-25 15:00:00,10.5,0.1516849
2021-04-25 16:00:00,11.6,0.1557309
2021-04-25 17:00:00,11.1,0.1781029
2021-04-25 18:00:00,11.0,0.220693
2021-04-25 19:00:00,9.5,0.2340567
2021-04-25 20:00:00,7.6,0.2363772
2021-04-25 21:00:00,5.1,0.23414
2021-04-25 22:00:00,4.5,0.2329262
2021-04-25 23:00:00,3.4,0.2269762
2021-04-26 00:00:00,1.7,0.218075
2021-04-26 01:00:00,0.8,0.2164566
2021-04-26 02:00:00,-0.8,0.2180869
2021-04-26 03:00:00,-1.4,0.216409
2021-04-26 04:00:00,-1.7,0.2164923
2021-04-26 05:00:00,-2.0,0.2235014
2021-04-26 06:00:00,-1.5,0.2448024
2021-04-26 07:00:00,-0.1,0.2531324
2021-04-26 08:00:00,4.8,0.2553815
2021-04-26 09:00:00,7.6,0.2439337
2021-04-26 10:00:00,9.3,0.2181345
2021-04-26 11:00:00,9.3,0.2163733
2021-04-26 12:00:00,10.4,0.2152428
2021-04-26 13:00:00,10.6,0.2138981
2021-04-26 14:00:00,11.1,0.2131246
2021-04-26 15:00:00,11.2,0.2140766
2021-04-26 16:00:00,12.5,0.2159687
2021-04-26 17:00:00,11.8,0.2281543
2021-04-26 18:00:00,11.1,0.2434815
2021-04-26 19:00:00,10.2,0.2504073
2021-04-26 20:00:00,9.2,0.2520138
2021-04-26 21:00:00,6.8,0.2449095
2021-04-26 22:00:00,6.2,0.2397211
2021-04-26 23:00:00,5.2,0.2311531
2021-04-27 00:00:00,3.4,0.2194078
2021-04-27 01:00:00,2.1,0.2175038
2021-04-27 02:00:00,0.8,0.2169207
2021-04-27 03:00:00,0.6,0.2154808
2021-04-27 04:00:00,0.2,0.216528
2021-04-27 05:00:00,-0.6,0.2211214
2021-04-27 06:00:00,0.3,0.2455521
2021-04-27 07:00:00,2.8,0.2542986
2021-04-27 08:00:00,5.5,0.252823
2021-04-27 09:00:00,8.1,0.2353895
2021-04-27 10:00:00,8.7,0.2162067
2021-04-27 11:00:00,9.9,0.2150762
2021-04-27 12:00:00,9.7,0.213196
2021-04-27 13:00:00,11.2,0.2108279
2021-04-27 14:00:00,11.9,0.2100901
2021-04-27 15:00:00,12.2,0.2117918
2021-04-27 16:00:00,12.9,0.2139814
2021-04-27 17:00:00,12.7,0.2201337
2021-04-27 18:00:00,12.3,0.2419345
2021-04-27 19:00:00,11.4,0.2512165
2021-04-27 20:00:00,8.6,0.2518353
2021-04-27 21:00:00,6.9,0.2387929
2021-04-27 22:00:00,6.0,0.2237037
2021-04-27 23:00:00,4.7,0.2202884
2021-04-28 00:00:00,4.2,0.2227398
2021-04-28 01:00:00,3.1,0.2203003
2021-04-28 02:00:00,2.2,0.2189913
2021-04-28 03:00:00,2.2,0.2193483
2021-04-28 04:00:00,1.7,0.2200623
2021-04-28 05:00:00,1.3,0.221883
2021-04-28 06:00:00,2.1,0.2412562
2021-04-28 07:00:00,4.8,0.2525612
2021-04-28 08:00:00,6.4,0.2574283
2021-04-28 09:00:00,8.8,0.2388881
2021-04-28 10:00:00,10.2,0.2204193
2021-04-28 11:00:00,12.5,0.2168731
2021-04-28 12:00:00,13.8,0.2145645
2021-04-28 13:00:00,15.8,0.2144455
2021-04-28 14:00:00,17.3,0.2160996
2021-04-28 15:00:00,17.9,0.220217
2021-04-28 16:00:00,17.9,0.2221924
2021-04-28 17:00:00,17.7,0.2337949
2021-04-28 18:00:00,18.2,0.2404946
2021-04-28 19:00:00,16.7,0.2484081
2021-04-28 20:00:00,14.7,0.2473728
2021-04-28 21:00:00,14.8,0.2365557
2021-04-28 22:00:00,14.0,0.2321051
2021-04-28 23:00:00,11.8,0.2201099
2021-04-29 00:00:00,11.6,0.2181821
2021-04-29 01:00:00,11.4,0.2190984
2021-04-29 02:00:00,12.2,0.2185391
2021-04-29 03:00:00,11.6,0.2175633
2021-04-29 04:00:00,10.5,0.2175276
2021-04-29 05:00:00,9.6,0.2195744
2021-04-29 06:00:00,9.3,0.2348778
2021-04-29 07:00:00,9.0,0.250681
2021-04-29 08:00:00,8.8,0.2568452
2021-04-29 09:00:00,8.9,0.247111
2021-04-29 10:00:00,9.0,0.2317243
2021-04-29 11:00:00,9.6,0.225215
2021-04-29 12:00:00,10.8,0.2212523
2021-04-29 13:00:00,11.2,0.2143384
2021-04-29 14:00:00,14.4,0.211173
2021-04-29 15:00:00,15.1,0.20915
2021-04-29 16:00:00,15.0,0.212006
2021-04-29 17:00:00,9.4,0.2144574
2021-04-29 18:00:00,11.2,0.2229659
2021-04-29 19:00:00,9.4,0.245326
2021-04-29 20:00:00,8.4,0.2436124
2021-04-29 21:00:00,7.9,0.2383645
2021-04-29 22:00:00,7.0,0.2229064
2021-04-29 23:00:00,6.5,0.2195387
2021-04-30 00:00:00,6.3,0.2219663
2021-04-30 01:00:00,6.5,0.223311
2021-04-30 02:00:00,6.5,0.2237632
2021-04-30 03:00:00,6.8,0.2257386
2021-04-30 04:00:00,6.7,0.2273689
2021-04-30 05:00:00,6.7,0.2332594
2021-04-30 06:00:00,6.8,0.24366
2021-04-30 07:00:00,7.1,0.2527873
2021-04-30 08:00:00,7.8,0.2566667
2021-04-30 09:00:00,9.0,0.2487651
2021-04-30 10:00:00,9.2,0.2466469
2021-04-30 11:00:00,10.0,0.2431602
2021-04-30 12:00:00,10.1,0.2353776
2021-04-30 13:00:00,10.3,0.2291063
2021-04-30 14:00:00,10.2,0.2269048
2021-04-30 15:00:00,10.9,0.225691
2021-04-30 16:00:00,10.8,0.2274879
2021-04-30 17:00:00,10.9,0.2384716
2021-04-30 18:00:00,11.1,0.2455045
2021-04-30 19:00:00,10.5,0.2496814
2021-04-30 20:00:00,8.5,0.2519424
2021-04-30 21:00:00,8.4,0.2492649
2021-04-30 22:00:00,8.1,0.2451237
2021-04-30 23:00:00,6.9,0.2375434
2021-05-01 00:00:00,6.3,0.2380551
2021-05-01 01:00:00,6.6,0.232474
2021-05-01 02:00:00,6.4,0.2282852
2021-05-01 03:00:00,5.0,0.2269167
2021-05-01 04:00:00,4.7,0.226881
2021-05-01 05:00:00,4.4,0.22462
2021-05-01 06:00:00,4.6,0.2181226
2021-05-01 07:00:00,7.3,0.2197886
2021-05-01 08:00:00,8.9,0.2238822
2021-05-01 09:00:00,10.7,0.2224899
2021-05-01 10:00:00,11.2,0.220693
2021-05-01 11:00:00,11.0,0.2191341
2021-05-01 12:00:00,11.1,0.2188247
2021-05-01 13:00:00,12.5,0.2163495
2021-05-01 14:00:00,12.3,0.2130056
2021-05-01 15:00:00,12.5,0.2097807
2021-05-01 16:00:00,12.3,0.2138862
2021-05-01 17:00:00,13.0,0.2156593
2021-05-01 18:00:00,12.0,0.220336
2021-05-01 19:00:00,11.0,0.2282019
2021-05-01 20:00:00,9.3,0.2373411
2021-05-01 21:00:00,8.6,0.2330214
2021-05-01 22:00:00,7.0,0.2274046
2021-05-01 23:00:00,5.8,0.2181702
2021-05-02 00:00:00,5.6,0.2218473
2021-05-02 01:00:00,4.3,0.2175871
2021-05-02 02:00:00,4.1,0.2156474
2021-05-02 03:00:00,3.9,0.2139457
2021-05-02 04:00:00,4.0,0.2144217
2021-05-02 05:00:00,4.0,0.2141123
2021-05-02 06:00:00,4.3,0.2129699
2021-05-02 07:00:00,5.3,0.2143741
2021-05-02 08:00:00,6.4,0.2160044
2021-05-02 09:00:00,8.2,0.2128152
2021-05-02 10:00:00,8.7,0.2105542
2021-05-02 11:00:00,7.6,0.2104947
2021-05-02 12:00:00,7.9,0.2078529
2021-05-02 13:00:00,8.6,0.1757467
2021-05-02 14:00:00,10.2,0.15917
2021-05-02 15:00:00,9.4,0.1556119
2021-05-02 16:00:00,8.8,0.1587178
2021-05-02 17:00:00,9.9,0.1981663
2021-05-02 18:00:00,7.7,0.2157188
2021-05-02 19:00:00,7.5,0.222121
2021-05-02 20:00:00,6.5,0.2354609
2021-05-02 21:00:00,5.0,0.2347231
2021-05-02 22:00:00,4.5,0.2289992
2021-05-02 23:00:00,4.3,0.2185391
2021-05-03 00:00:00,3.5,0.2202408
2021-05-03 01:00:00,4.1,0.2183487
2021-05-03 02:00:00,3.6,0.2168136
2021-05-03 03:00:00,2.6,0.2170754
2021-05-03 04:00:00,2.4,0.217004
2021-05-03 05:00:00,2.1,0.2228469
2021-05-03 06:00:00,2.8,0.239733
2021-05-03 07:00:00,4.9,0.2584398
2021-05-03 08:00:00,6.5,0.2602367
2021-05-03 09:00:00,5.2,0.2357108
2021-05-03 10:00:00,7.7,0.2281662
2021-05-03 11:00:00,9.1,0.2235728
2021-05-03 12:00:00,10.4,0.2186581
2021-05-03 13:00:00,11.7,0.2150643
2021-05-03 14:00:00,12.5,0.2160877
2021-05-03 15:00:00,13.5,0.2152071
2021-05-03 16:00:00,13.5,0.2148501
2021-05-03 17:00:00,13.0,0.2224661
2021-05-03 18:00:00,9.9,0.2389714
2021-05-03 19:00:00,9.0,0.2539654
2021-05-03 20:00:00,7.7,0.25913
2021-05-03 21:00:00,8.1,0.2487175
2021-05-03 22:00:00,7.4,0.237353
2021-05-03 23:00:00,6.9,0.2186224
2021-05-04 00:00:00,8.1,0.2094832
2021-05-04 01:00:00,9.5,0.2006058
2021-05-04 02:00:00,10.0,0.1757943
2021-05-04 03:00:00,10.3,0.1557428
2021-05-04 04:00:00,10.7,0.155719
2021-05-04 05:00:00,11.0,0.1641799
2021-05-04 06:00:00,10.2,0.2055919
2021-05-04 07:00:00,8.6,0.2157307
2021-05-04 08:00:00,9.2,0.2158021
2021-05-04 09:00:00,9.1,0.2035332
2021-05-04 10:00:00,9.3,0.1980473
2021-05-04 11:00:00,10.7,0.19487
2021-05-04 12:00:00,10.9,0.1868137
2021-05-04 13:00:00,11.0,0.1781743
2021-05-04 14:00:00,10.4,0.1580514
2021-05-04 15:00:00,11.3,0.1566353
2021-05-04 16:00:00,11.5,0.16155
2021-05-04 17:00:00,12.0,0.1938109
2021-05-04 18:00:00,10.5,0.2101139
2021-05-04 19:00:00,8.6,0.2131484
2021-05-04 20:00:00,8.9,0.2157307
2021-05-04 21:00:00,8.8,0.2135887
2021-05-04 22:00:00,7.7,0.2123511
2021-05-04 23:00:00,7.6,0.2035451
2021-05-05 00:00:00,7.9,0.1837078
2021-05-05 01:00:00,7.9,0.1822203
2021-05-05 02:00:00,7.3,0.1818395
2021-05-05 03:00:00,7.1,0.1849811
2021-05-05 04:00:00,6.4,0.1940251
2021-05-05 05:00:00,5.7,0.2100544
2021-05-05 06:00:00,5.9,0.2267501
2021-05-05 07:00:00,6.6,0.2305819
2021-05-05 08:00:00,6.8,0.231641
2021-05-05 09:00:00,7.7,0.2175276
2021-05-05 10:00:00,8.3,0.2093642
2021-05-05 11:00:00,9.2,0.2007486
2021-05-05 12:00:00,9.1,0.1555762
2021-05-05 13:00:00,9.7,0.1410582
2021-05-05 14:00:00,7.9,0.1119151
2021-05-05 15:00:00,9.5,0.1199
2021-05-05 16:00:00,9.6,0.1263617
2021-05-05 17:00:00,8.5,0.1838506
2021-05-05 18:00:00,9.0,0.216171
2021-05-05 19:00:00,8.8,0.2367461
2021-05-05 20:00:00,7.5,0.2328905
2021-05-05 21:00:00,6.6,0.2254768
2021-05-05 22:00:00,6.2,0.2219187
2021-05-05 23:00:00,5.5,0.2174919
2021-05-06 00:00:00,4.8,0.2122321
2021-05-06 01:00:00,3.7,0.2138505
2021-05-06 02:00:00,3.2,0.213434
2021-05-06 03:00:00,3.0,0.2152904
2021-05-06 04:00:00,2.9,0.218789
2021-05-06 05:00:00,3.4,0.2182535
2021-05-06 06:00:00,4.7,0.2366628
2021-05-06 07:00:00,3.9,0.2447548
2021-05-06 08:00:00,3.9,0.239733
2021-05-06 09:00:00,5.3,0.2163614
2021-05-06 10:00:00,7.5,0.2209667
2021-05-06 11:00:00,7.5,0.2211452
2021-05-06 12:00:00,8.6,0.2288802
2021-05-06 13:00:00,8.8,0.2258219
2021-05-06 14:00:00,10.1,0.2270833
2021-05-06 15:00:00,10.8,0.2306295
2021-05-06 16:00:00,10.2,0.2329024
2021-05-06 17:00:00,10.3,0.241875
2021-05-06 18:00:00,9.6,0.2495743
2021-05-06 19:00:00,8.7,0.2639019
2021-05-06 20:00:00,7.7,0.2659487
2021-05-06 21:00:00,6.6,0.25675
2021-05-06 22:00:00,6.3,0.2508
2021-05-06 23:00:00,5.5,0.2441836
2021-05-07 00:00:00,5.1,0.2455283
2021-05-07 01:00:00,4.7,0.2374958
2021-05-07 02:00:00,5.0,0.23295
2021-05-07 03:00:00,4.6,0.2272975
2021-05-07 04:00:00,3.7,0.2270119
2021-05-07 05:00:00,3.0,0.238067
2021-05-07 06:00:00,3.5,0.2508
2021-05-07 07:00:00,4.1,0.2639733
2021-05-07 08:00:00,4.9,0.276385
2021-05-07 09:00:00,5.1,0.2557504
2021-05-07 10:00:00,5.8,0.2493125
2021-05-07 11:00:00,6.4,0.2472062
2021-05-07 12:00:00,7.5,0.2376386
2021-05-07 13:00:00,8.5,0.2290825
2021-05-07 14:00:00,8.9,0.2196696
2021-05-07 15:00:00,6.7,0.2177418
2021-05-07 16:00:00,10.3,0.2187414
2021-05-07 17:00:00,10.8,0.2215617
2021-05-07 18:00:00,9.7,0.2285232
2021-05-07 19:00:00,10.1,0.24723
2021-05-07 20:00:00,7.9,0.255798
2021-05-07 21:00:00,6.6,0.2521685
2021-05-07 22:00:00,4.7,0.2470396
2021-05-07 23:00:00,4.5,0.2437076
2021-05-08 00:00:00,5.2,0.2372697
2021-05-08 01:00:00,3.2,0.2270833
2021-05-08 02:00:00,3.8,0.2330333
2021-05-08 03:00:00,2.6,0.2301297
2021-05-08 04:00:00,3.2,0.2288683
2021-05-08 05:00:00,2.9,0.2263693
2021-05-08 06:00:00,3.5,0.2212404
2021-05-08 07:00:00,6.1,0.2222519
2021-05-08 08:00:00,8.4,0.22343
2021-05-08 09:00:00,9.5,0.2183844
2021-05-08 10:00:00,10.5,0.2093166
2021-05-08 11:00:00,12.1,0.2044376
2021-05-08 12:00:00,12.9,0.19963
2021-05-08 13:00:00,13.8,0.1839934
2021-05-08 14:00:00,14.9,0.1729264
2021-05-08 15:00:00,15.0,0.1772342
2021-05-08 16:00:00,14.5,0.1935491
2021-05-08 17:00:00,13.8,0.2175871
2021-05-08 18:00:00,12.4,0.2213832
2021-05-08 19:00:00,10.7,0.2388405
2021-05-08 20:00:00,10.1,0.2344613
2021-05-08 21:00:00,10.2,0.2278806
2021-05-08 22:00:00,10.7,0.2228707
2021-05-08 23:00:00,11.1,0.2113277
2021-05-09 00:00:00,11.2,0.1734738
2021-05-09 01:00:00,11.2,0.1635849
2021-05-09 02:00:00,11.4,0.15798
2021-05-09 03:00:00,12.2,0.1575159
2021-05-09 04:00:00,10.0,0.1557071
2021-05-09 05:00:00,10.7,0.155719
2021-05-09 06:00:00,11.9,0.1557071
2021-05-09 07:00:00,14.5,0.1556952
2021-05-09 08:00:00,16.2,0.1559808
2021-05-09 09:00:00,18.3,0.1556
2021-05-09 10:00:00,20.3,0.1497571
2021-05-09 11:00:00,21.8,0.1425457
2021-05-09 12:00:00,23.9,0.108119
2021-05-09 13:00:00,25.0,0.0935891
2021-05-09 14:00:00,25.4,0.0768458
2021-05-09 15:00:00,26.9,0.0912805
2021-05-09 16:00:00,27.4,0.128706
2021-05-09 17:00:00,27.3,0.1549217
2021-05-09 18:00:00,27.2,0.2013198
2021-05-09 19:00:00,25.9,0.2253935
2021-05-09 20:00:00,24.4,0.2278925
2021-05-09 21:00:00,23.6,0.2174681
2021-05-09 22:00:00,22.1,0.2195506
2021-05-09 23:00:00,21.1,0.2135411
2021-05-10 00:00:00,20.8,0.2092214
2021-05-10 01:00:00,21.0,0.2057109
2021-05-10 02:00:00,18.6,0.2032
2021-05-10 03:00:00,18.0,0.1977855
2021-05-10 04:00:00,18.3,0.1889557
2021-05-10 05:00:00,17.9,0.19963
2021-05-10 06:00:00,18.4,0.2235728
2021-05-10 07:00:00,17.7,0.2388881
2021-05-10 08:00:00,19.7,0.2437433
2021-05-10 09:00:00,21.4,0.2264764
2021-05-10 10:00:00,22.0,0.2161591
2021-05-10 11:00:00,23.6,0.2113872
2021-05-10 12:00:00,25.0,0.2057347
2021-05-10 13:00:00,25.0,0.2106732
2021-05-10 14:00:00,22.5,0.2120536
2021-05-10 15:00:00,22.3,0.2189675
2021-05-10 16:00:00,21.3,0.2241797
2021-05-10 17:00:00,21.4,0.2340448
2021-05-10 18:00:00,19.3,0.2438504
2021-05-10 19:00:00,18.9,0.2554886
2021-05-10 20:00:00,17.8,0.2628428
2021-05-10 21:00:00,17.3,0.25556
2021-05-10 22:00:00,15.1,0.2506929
2021-05-10 23:00:00,14.8,0.23652
2021-05-11 00:00:00,14.8,0.2389
2021-05-11 01:00:00,14.7,0.2328548
2021-05-11 02:00:00,14.5,0.2274641
2021-05-11 03:00:00,14.3,0.2230373
2021-05-11 04:00:00,14.2,0.2238703
2021-05-11 05:00:00,13.7,0.2306771
2021-05-11 06:00:00,13.4,0.2471943
2021-05-11 07:00:00,13.0,0.2579281
2021-05-11 08:00:00,13.2,0.2667103
2021-05-11 09:00:00,13.8,0.2575949
2021-05-11 10:00:00,14.2,0.2501812
2021-05-11 11:00:00,14.9,0.2480154
2021-05-11 12:00:00,15.3,0.2439575
2021-05-11 13:00:00,15.6,0.2379004
2021-05-11 14:00:00,15.5,0.2282614
2021-05-11 15:00:00,15.4,0.2294395
2021-05-11 16:00:00,15.4,0.2295228
2021-05-11 17:00:00,15.6,0.2382217
2021-05-11 18:00:00,15.1,0.2480154
2021-05-11 19:00:00,14.6,0.2522161
2021-05-11 20:00:00,13.9,0.2508
2021-05-11 21:00:00,13.5,0.2503478
2021-05-11 22:00:00,13.0,0.2452546
2021-05-11 23:00:00,12.6,0.2372578
2021-05-12 00:00:00,12.1,0.2296894
2021-05-12 01:00:00,12.1,0.224858
2021-05-12 02:00:00,11.9,0.2226089
2021-05-12 03:00:00,11.7,0.2208239
2021-05-12 04:00:00,11.6,0.2210619
2021-05-12 05:00:00,11.7,0.2256196
2021-05-12 06:00:00,12.0,0.2388881
2021-05-12 07:00:00,12.4,0.2500503
2021-05-12 08:00:00,12.1,0.2580828
2021-05-12 09:00:00,11.9,0.250919
2021-05-12 10:00:00,12.5,0.2457782
2021-05-12 11:00:00,13.3,0.2434696
2021-05-12 12:00:00,14.7,0.2375672
2021-05-12 13:00:00,15.4,0.2294514
2021-05-12 14:00:00,15.2,0.2270714
2021-05-12 15:00:00,15.2,0.227
2021-05-12 16:00:00,15.9,0.2302725
2021-05-12 17:00:00,15.6,0.2389
2021-05-12 18:00:00,14.8,0.2448143
2021-05-12 19:00:00,14.0,0.2519543
2021-05-12 20:00:00,12.9,0.2519543
2021-05-12 21:00:00,12.4,0.2485152
2021-05-12 22:00:00,12.0,0.2442669
2021-05-12 23:00:00,12.0,0.2341519
2021-05-13 00:00:00,11.2,0.2329976
2021-05-13 01:00:00,10.4,0.2307485
2021-05-13 02:00:00,9.8,0.2278806
2021-05-13 03:00:00,9.6,0.2280115
2021-05-13 04:00:00,9.3,0.226881
2021-05-13 05:00:00,8.9,0.2278211
2021-05-13 06:00:00,9.3,0.2273927
2021-05-13 07:00:00,10.1,0.2304153
2021-05-13 08:00:00,11.0,0.2360916
2021-05-13 09:00:00,12.2,0.23057
2021-05-13 10:00:00,13.2,0.2278211
2021-05-13 11:00:00,14.2,0.2245724
2021-05-13 12:00:00,15.2,0.2255482
2021-05-13 13:00:00,15.9,0.2170397
2021-05-13 14:00:00,15.8,0.2138624
2021-05-13 15:00:00,16.8,0.21272
2021-05-13 16:00:00,16.1,0.2148382
2021-05-13 17:00:00,16.3,0.22343
2021-05-13 18:00:00,15.7,0.2317957
2021-05-13 19:00:00,14.6,0.2459329
2021-05-13 20:00:00,13.0,0.2481344
2021-05-13 21:00:00,11.9,0.2507524
2021-05-13 22:00:00,11.5,0.2488365
2021-05-13 23:00:00,10.9,0.2420297
2021-05-14 00:00:00,10.1,0.2453022
2021-05-14 01:00:00,9.7,0.23771
2021-05-14 02:00:00,9.8,0.2337235
2021-05-14 03:00:00,9.5,0.229618
2021-05-14 04:00:00,9.2,0.229618
2021-05-14 05:00:00,8.8,0.23652
2021-05-14 06:00:00,8.6,0.2433982
2021-05-14 07:00:00,9.2,0.2508
2021-05-14 08:00:00,9.6,0.2533466
2021-05-14 09:00:00,10.4,0.2495624
2021-05-14 10:00:00,11.0,0.2389
2021-05-14 11:00:00,12.7,0.2355799
2021-05-14 12:00:00,13.6,0.2355799
2021-05-14 13:00:00,13.8,0.23057
2021-05-14 14:00:00,14.0,0.227833
2021-05-14 15:00:00,13.3,0.227
2021-05-14 16:00:00,13.1,0.2270595
2021-05-14 17:00:00,13.2,0.23295
2021-05-14 18:00:00,14.0,0.2471586
2021-05-14 19:00:00,14.2,0.2510499
2021-05-14 20:00:00,11.9,0.256631
2021-05-14 21:00:00,10.4,0.2591538
2021-05-14 22:00:00,8.9,0.25675
2021-05-14 23:00:00,8.2,0.2492411
2021-05-15 00:00:00,8.7,0.2417441
2021-05-15 01:00:00,6.8,0.2350325
2021-05-15 02:00:00,6.8,0.2279044
2021-05-15 03:00:00,7.5,0.2246081
2021-05-15 04:00:00,7.8,0.2230254
2021-05-15 05:00:00,7.6,0.2208953
2021-05-15 06:00:00,7.5,0.2212523
2021-05-15 07:00:00,7.9,0.2278925
2021-05-15 08:00:00,8.4,0.227714
2021-05-15 09:00:00,11.4,0.2271071
2021-05-15 10:00:00,13.3,0.2219187
2021-05-15 11:00:00,13.6,0.2186938
2021-05-15 12:00:00,13.9,0.2174324
2021-05-15 13:00:00,11.2,0.2133031
2021-05-15 14:00:00,13.5,0.2092095
2021-05-15 15:00:00,11.2,0.2123511
2021-05-15 16:00:00,13.6,0.2164804
2021-05-15 17:00:00,11.9,0.2215617
2021-05-15 18:00:00,12.5,0.2400424
2021-05-15 19:00:00,12.1,0.2451951
2021-05-15 20:00:00,11.5,0.2456235
2021-05-15 21:00:00,10.8,0.2420416
2021-05-15 22:00:00,10.6,0.2397687
2021-05-15 23:00:00,10.4,0.23295
2021-05-16 00:00:00,10.3,0.2187295
2021-05-16 01:00:00,10.1,0.2122797
2021-05-16 02:00:00,9.7,0.2047589
2021-05-16 03:00:00,9.5,0.1966431
2021-05-16 04:00:00,9.4,0.1909668
2021-05-16 05:00:00,9.7,0.1887534
2021-05-16 06:00:00,10.4,0.1818752
2021-05-16 07:00:00,10.1,0.1856475
2021-05-16 08:00:00,9.4,0.1929541
2021-05-16 09:00:00,10.9,0.1923829
2021-05-16 10:00:00,13.1,0.1844218
2021-05-16 11:00:00,14.0,0.190348
2021-05-16 12:00:00,14.8,0.1900624
2021-05-16 13:00:00,14.9,0.1674167
2021-05-16 14:00:00,14.5,0.158456
2021-05-16 15:00:00,15.8,0.15679
2021-05-16 16:00:00,16.2,0.167619
2021-05-16 17:00:00,15.9,0.2150524
2021-05-16 18:00:00,15.6,0.2358298
2021-05-16 19:00:00,15.4,0.25199
2021-05-16 20:00:00,14.3,0.2566191
2021-05-16 21:00:00,11.6,0.2501693
2021-05-16 22:00:00,10.7,0.2502883
2021-05-16 23:00:00,9.4,0.2330095
2021-05-17 00:00:00,9.3,0.2276069
2021-05-17 01:00:00,8.7,0.2187057
2021-05-17 02:00:00,7.9,0.2183844
2021-05-17 03:00:00,8.1,0.2195982
2021-05-17 04:00:00,8.2,0.2230968
2021-05-17 05:00:00,7.8,0.2278687
2021-05-17 06:00:00,9.0,0.2508833
2021-05-17 07:00:00,10.9,0.2680074
2021-05-17 08:00:00,11.8,0.2763969
2021-05-17 09:00:00,11.5,0.2587254
2021-05-17 10:00:00,12.9,0.25318
2021-05-17 11:00:00,12.9,0.2530134
2021-05-17 12:00:00,12.8,0.2484438
2021-05-17 13:00:00,13.7,0.24128
2021-05-17 14:00:00,15.2,0.23176
2021-05-17 15:00:00,15.5,0.2279044
2021-05-17 16:00:00,14.6,0.2264645
2021-05-17 17:00:00,13.2,0.2398401
2021-05-17 18:00:00,11.9,0.2483724
2021-05-17 19:00:00,11.9,0.2576663
2021-05-17 20:00:00,10.8,0.2614148
2021-05-17 21:00:00,11.0,0.2591776
2021-05-17 22:00:00,10.2,0.25318
2021-05-17 23:00:00,10.4,0.2484081
2021-05-18 00:00:00,9.9,0.23652
2021-05-18 01:00:00,10.1,0.22938
2021-05-18 02:00:00,9.7,0.2265954
2021-05-18 03:00:00,8.2,0.2230492
2021-05-18 04:00:00,8.5,0.2269048
2021-05-18 05:00:00,8.5,0.2355799
2021-05-18 06:00:00,9.0,0.2519781
2021-05-18 07:00:00,9.7,0.2602962
2021-05-18 08:00:00,10.6,0.2627833
2021-05-18 09:00:00,11.8,0.2594275
2021-05-18 10:00:00,12.3,0.2536798
2021-05-18 11:00:00,12.4,0.2508
2021-05-18 12:00:00,14.1,0.2425652
2021-05-18 13:00:00,14.1,0.2358774
2021-05-18 14:00:00,14.0,0.2300345
2021-05-18 15:00:00,12.6,0.2292848
2021-05-18 16:00:00,11.3,0.2271904
2021-05-18 17:00:00,12.9,0.2320575
2021-05-18 18:00:00,12.8,0.250681
2021-05-18 19:00:00,12.6,0.2606056
2021-05-18 20:00:00,11.0,0.2626405
2021-05-18 21:00:00,9.3,0.2602962
2021-05-18 22:00:00,9.1,0.255203
2021-05-18 23:00:00,9.1,0.2495148
2021-05-19 00:00:00,8.3,0.2419821
2021-05-19 01:00:00,8.3,0.2335331
2021-05-19 02:00:00,8.4,0.230689
2021-05-19 03:00:00,8.4,0.2294752
2021-05-19 04:00:00,8.5,0.2315458
2021-05-19 05:00:00,8.6,0.2386501
2021-05-19 06:00:00,8.6,0.2543224
2021-05-19 07:00:00,8.9,0.2748499
2021-05-19 08:00:00,10.6,0.2767658
2021-05-19 09:00:00,12.2,0.2618908
2021-05-19 10:00:00,13.5,0.2563335
2021-05-19 11:00:00,13.2,0.2531324
2021-05-19 12:00:00,13.5,0.2481463
2021-05-19 13:00:00,14.6,0.2389952
2021-05-19 14:00:00,15.1,0.23176
2021-05-19 15:00:00,14.6,0.2312245
2021-05-19 16:00:00,15.0,0.2316053
2021-05-19 17:00:00,11.9,0.24009
2021-05-19 18:00:00,9.3,0.251514
2021-05-19 19:00:00,10.0,0.258535
2021-05-19 20:00:00,9.8,0.2660439
2021-05-19 21:00:00,9.6,0.2627119
2021-05-19 22:00:00,9.2,0.2592133
2021-05-19 23:00:00,9.1,0.2508595
2021-05-20 00:00:00,8.8,0.2408873
2021-05-20 01:00:00,7.7,0.2289873
2021-05-20 02:00:00,6.4,0.229261
2021-05-20 03:00:00,6.2,0.2269405
2021-05-20 04:00:00,5.1,0.225453
2021-05-20 05:00:00,4.7,0.2338901
2021-05-20 06:00:00,6.1,0.2506929
2021-05-20 07:00:00,7.6,0.2629737
2021-05-20 08:00:00,8.5,0.268531
2021-05-20 09:00:00,10.7,0.2600582
2021-05-20 10:00:00,13.1,0.2425295
2021-05-20 11:00:00,13.0,0.2379123
2021-05-20 12:00:00,11.5,0.2262384
2021-05-20 13:00:00,13.5,0.22224
2021-05-20 14:00:00,15.6,0.2199433
2021-05-20 15:00:00,16.1,0.2221805
2021-05-20 16:00:00,16.6,0.223668
2021-05-20 17:00:00,15.8,0.2268096
2021-05-20 18:00:00,15.3,0.2445406
2021-05-20 19:00:00,14.7,0.2578567
2021-05-20 20:00:00,14.0,0.2592252
2021-05-20 21:00:00,12.8,0.2495743
2021-05-20 22:00:00,12.4,0.2471824
2021-05-20 23:00:00,11.1,0.2257267
2021-05-21 00:00:00,11.2,0.1999156
2021-05-21 01:00:00,11.1,0.182851
2021-05-21 02:00:00,11.4,0.1726051
2021-05-21 03:00:00,11.9,0.1649177
2021-05-21 04:00:00,12.1,0.1640252
2021-05-21 05:00:00,12.3,0.1805781
2021-05-21 06:00:00,12.9,0.2164566
2021-05-21 07:00:00,13.1,0.23295
2021-05-21 08:00:00,14.1,0.2344018
2021-05-21 09:00:00,15.3,0.2191579
2021-05-21 10:00:00,15.8,0.2003083
2021-05-21 11:00:00,14.7,0.1823155
2021-05-21 12:00:00,16.3,0.1722481
2021-05-21 13:00:00,14.4,0.1563973
2021-05-21 14:00:00,16.3,0.1443307
2021-05-21 15:00:00,16.3,0.1486623
2021-05-21 16:00:00,17.0,0.1583727
2021-05-21 17:00:00,16.8,0.1746519
2021-05-21 18:00:00,17.1,0.2122083
2021-05-21 19:00:00,15.6,0.2272737
2021-05-21 20:00:00,14.7,0.2316648
2021-05-21 21:00:00,13.1,0.225572
2021-05-21 22:00:00,12.0,0.221169
2021-05-21 23:00:00,11.7,0.2064011
2021-05-22 00:00:00,11.4,0.1794476
2021-05-22 01:00:00,10.8,0.1604433
2021-05-22 02:00:00,10.0,0.1566591
2021-05-22 03:00:00,10.4,0.1556357
2021-05-22 04:00:00,10.2,0.1555405
2021-05-22 05:00:00,9.8,0.1549574
2021-05-22 06:00:00,10.5,0.1544814
2021-05-22 07:00:00,11.4,0.1554929
2021-05-22 08:00:00,11.8,0.1554691
2021-05-22 09:00:00,13.2,0.1458896
2021-05-22 10:00:00,12.3,0.1156517
2021-05-22 11:00:00,12.0,0.0962071
2021-05-22 12:00:00,11.1,0.0952313
2021-05-22 13:00:00,11.2,0.07468
2021-05-22 14:00:00,11.5,0.07349
2021-05-22 15:00:00,11.4,0.0808323
2021-05-22 16:00:00,11.5,0.0961238
2021-05-22 17:00:00,11.6,0.1358936
2021-05-22 18:00:00,11.8,0.1639062
2021-05-22 19:00:00,11.7,0.2043305
2021-05-22 20:00:00,10.4,0.2100068
2021-05-22 21:00:00,10.1,0.213672
2021-05-22 22:00:00,10.3,0.2120536
2021-05-22 23:00:00,9.8,0.1872659
2021-05-23 00:00:00,9.1,0.1832556
2021-05-23 01:00:00,9.4,0.1740093
2021-05-23 02:00:00,9.4,0.1756158
2021-05-23 03:00:00,9.2,0.1643465
2021-05-23 04:00:00,8.3,0.1678689
2021-05-23 05:00:00,8.2,0.1616452
2021-05-23 06:00:00,8.6,0.1615857
2021-05-23 07:00:00,9.1,0.1734024
2021-05-23 08:00:00,10.0,0.1712604
2021-05-23 09:00:00,11.2,0.1719506
2021-05-23 10:00:00,11.9,0.1634302
2021-05-23 11:00:00,11.7,0.1589082
2021-05-23 12:00:00,12.6,0.1556952
2021-05-23 13:00:00,11.6,0.1462823
2021-05-23 14:00:00,13.3,0.1259333
2021-05-23 15:00:00,13.5,0.12585
2021-05-23 16:00:00,15.3,0.1460562
2021-05-23 17:00:00,14.6,0.169523
2021-05-23 18:00:00,14.0,0.2217521
2021-05-23 19:00:00,13.6,0.2474561
2021-05-23 20:00:00,12.4,0.2512046
2021-05-23 21:00:00,11.4,0.2477179
2021-05-23 22:00:00,11.2,0.2446715
2021-05-23 23:00:00,10.4,0.2288802
2021-05-24 00:00:00,9.9,0.2197529
2021-05-24 01:00:00,9.2,0.1860997
2021-05-24 02:00:00,8.3,0.1796618
2021-05-24 03:00:00,7.6,0.1742235
2021-05-24 04:00:00,8.1,0.1698443
2021-05-24 05:00:00,8.7,0.1752826
2021-05-24 06:00:00,10.1,0.1816134
2021-05-24 07:00:00,11.9,0.1876943
2021-05-24 08:00:00,13.7,0.19844
2021-05-24 09:00:00,15.3,0.1823988
2021-05-24 10:00:00,17.5,0.1560165
2021-05-24 11:00:00,18.8,0.1555643
2021-05-24 12:00:00,19.5,0.1556
2021-05-24 13:00:00,19.9,0.1581109
2021-05-24 14:00:00,19.5,0.1675
2021-05-24 15:00:00,19.4,0.174759
2021-05-24 16:00:00,20.3,0.1906336
2021-05-24 17:00:00,18.6,0.218313
2021-05-24 18:00:00,14.8,0.2414109
2021-05-24 19:00:00,14.1,0.2463137
2021-05-24 20:00:00,13.8,0.2397449
2021-05-24 21:00:00,12.3,0.2304748
2021-05-24 22:00:00,12.3,0.2294157
2021-05-24 23:00:00,11.9,0.2193245
2021-05-25 00:00:00,11.3,0.2182416
2021-05-25 01:00:00,10.5,0.2136482
2021-05-25 02:00:00,10.5,0.2105185
2021-05-25 03:00:00,10.4,0.2055919
2021-05-25 04:00:00,9.8,0.2043186
2021-05-25 05:00:00,9.7,0.2133507
2021-05-25 06:00:00,9.7,0.234616
2021-05-25 07:00:00,10.4,0.2531562
2021-05-25 08:00:00,11.8,0.2563335
2021-05-25 09:00:00,10.8,0.2469801
2021-05-25 10:00:00,11.8,0.23414
2021-05-25 11:00:00,13.1,0.2294157
2021-05-25 12:00:00,12.4,0.2216569
2021-05-25 13:00:00,10.4,0.2126843
2021-05-25 14:00:00,12.4,0.2056276
2021-05-25 15:00:00,13.6,0.203557
2021-05-25 16:00:00,10.0,0.2061512
2021-05-25 17:00:00,10.4,0.2152071
2021-05-25 18:00:00,11.2,0.2335212
2021-05-25 19:00:00,9.7,0.2464089
2021-05-25 20:00:00,9.5,0.2483962
2021-05-25 21:00:00,9.1,0.2474561
2021-05-25 22:00:00,9.0,0.2473371
2021-05-25 23:00:00,9.0,0.2334141
2021-05-26 00:00:00,9.0,0.2284875
2021-05-26 01:00:00,9.2,0.2207644
2021-05-26 02:00:00,8.8,0.2175157
2021-05-26 03:00:00,8.9,0.2164685
2021-05-26 04:00:00,8.6,0.2178132
2021-05-26 05:00:00,8.5,0.2266906
2021-05-26 06:00:00,8.7,0.2468492
2021-05-26 07:00:00,9.7,0.2562621
2021-05-26 08:00:00,10.5,0.2550364
2021-05-26 09:00:00,11.3,0.2431483
2021-05-26 10:00:00,11.4,0.2375553
2021-05-26 11:00:00,11.9,0.2398282
2021-05-26 12:00:00,12.4,0.2327953
2021-05-26 13:00:00,13.5,0.2270357
2021-05-26 14:00:00,13.7,0.2196934
2021-05-26 15:00:00,14.7,0.2193364
2021-05-26 16:00:00,14.0,0.2200623
2021-05-26 17:00:00,11.0,0.2277735
2021-05-26 18:00:00,12.9,0.2442788
2021-05-26 19:00:00,12.8,0.2508
2021-05-26 20:00:00,10.6,0.2508
2021-05-26 21:00:00,9.9,0.2475394
2021-05-26 22:00:00,10.7,0.2451832
2021-05-26 23:00:00,9.6,0.2163852
2021-05-27 00:00:00,9.4,0.2271547
2021-05-27 01:00:00,9.3,0.2247985
2021-05-27 02:00:00,9.4,0.2226803
2021-05-27 03:00:00,9.4,0.2183249
2021-05-27 04:00:00,9.2,0.218551
2021-05-27 05:00:00,9.2,0.2278925
2021-05-27 06:00:00,9.4,0.24723
2021-05-27 07:00:00,9.6,0.2561193
2021-05-27 08:00:00,9.8,0.2584755
2021-05-27 09:00:00,10.5,0.2505501
2021-05-27 10:00:00,9.8,0.2497647
2021-05-27 11:00:00,12.3,0.2485032999999999
2021-05-27 12:00:00,11.3,0.2447905
2021-05-27 13:00:00,13.0,0.2333308
2021-05-27 14:00:00,13.3,0.2279163
2021-05-27 15:00:00,12.2,0.2275355
2021-05-27 16:00:00,11.9,0.2280829
2021-05-27 17:00:00,11.4,0.2384478
2021-05-27 18:00:00,12.0,0.2507524
2021-05-27 19:00:00,12.6,0.2579281
2021-05-27 20:00:00,11.6,0.2613553
2021-05-27 21:00:00,11.2,0.2578329
2021-05-27 22:00:00,10.6,0.2556076
2021-05-27 23:00:00,10.6,0.2504549
2021-05-28 00:00:00,10.3,0.2404946
2021-05-28 01:00:00,9.9,0.23057
2021-05-28 02:00:00,9.7,0.2288921
2021-05-28 03:00:00,9.2,0.2294157
2021-05-28 04:00:00,8.3,0.2325216
2021-05-28 05:00:00,7.4,0.2364367
2021-05-28 06:00:00,8.2,0.2524184
2021-05-28 07:00:00,8.6,0.2662819
2021-05-28 08:00:00,9.1,0.2655798
2021-05-28 09:00:00,10.5,0.2560122
2021-05-28 10:00:00,12.9,0.2509071
2021-05-28 11:00:00,12.1,0.2496457
2021-05-28 12:00:00,13.2,0.2428151
2021-05-28 13:00:00,13.7,0.2277259
2021-05-28 14:00:00,14.9,0.2250246
2021-05-28 15:00:00,14.5,0.227
2021-05-28 16:00:00,15.6,0.2282138
2021-05-28 17:00:00,13.3,0.2413871
2021-05-28 18:00:00,11.7,0.2484081
2021-05-28 19:00:00,11.3,0.2551673
2021-05-28 20:00:00,11.0,0.254251
2021-05-28 21:00:00,10.5,0.250919
2021-05-28 22:00:00,10.0,0.2508357
2021-05-28 23:00:00,8.6,0.2455521
2021-05-29 00:00:00,6.8,0.2399591
2021-05-29 01:00:00,8.5,0.2369603
2021-05-29 02:00:00,8.8,0.2354133
2021-05-29 03:00:00,8.8,0.2326763
2021-05-29 04:00:00,8.7,0.2318671
2021-05-29 05:00:00,8.7,0.2298798
2021-05-29 06:00:00,8.8,0.2314863
2021-05-29 07:00:00,9.0,0.2328429
2021-05-29 08:00:00,9.2,0.23295
2021-05-29 09:00:00,9.3,0.2316886
2021-05-29 10:00:00,9.3,0.2251793
2021-05-29 11:00:00,9.8,0.217718
2021-05-29 12:00:00,10.4,0.2126724
2021-05-29 13:00:00,12.0,0.1925257
2021-05-29 14:00:00,13.6,0.1734619
2021-05-29 15:00:00,14.4,0.1744377
2021-05-29 16:00:00,15.6,0.1892413
2021-05-29 17:00:00,14.4,0.2102805
2021-05-29 18:00:00,14.5,0.2246795
2021-05-29 19:00:00,14.2,0.236401
2021-05-29 20:00:00,12.8,0.2411015
2021-05-29 21:00:00,10.1,0.2413038
2021-05-29 22:00:00,9.1,0.2400781
2021-05-29 23:00:00,7.3,0.2328905
2021-05-30 00:00:00,5.3,0.226881
2021-05-30 01:00:00,4.6,0.2211333
2021-05-30 02:00:00,5.4,0.2158854
2021-05-30 03:00:00,4.6,0.213791
2021-05-30 04:00:00,3.4,0.2138148
2021-05-30 05:00:00,3.8,0.2122559
2021-05-30 06:00:00,5.9,0.2099949
2021-05-30 07:00:00,8.3,0.20915
2021-05-30 08:00:00,11.0,0.202486
2021-05-30 09:00:00,13.1,0.1936324
2021-05-30 10:00:00,14.8,0.1765321
2021-05-30 11:00:00,16.3,0.16512
2021-05-30 12:00:00,17.9,0.1628352
2021-05-30 13:00:00,19.0,0.1519705
2021-05-30 14:00:00,19.9,0.1355366
2021-05-30 15:00:00,20.4,0.143819
2021-05-30 16:00:00,20.7,0.1544933
2021-05-30 17:00:00,20.9,0.1763893
2021-05-30 18:00:00,20.6,0.2151714
2021-05-30 19:00:00,20.3,0.2363891
2021-05-30 20:00:00,18.5,0.2485152
2021-05-30 21:00:00,16.4,0.2499551
2021-05-30 22:00:00,14.5,0.2453617
2021-05-30 23:00:00,13.3,0.2342233
2021-05-31 00:00:00,12.0,0.226524
2021-05-31 01:00:00,12.1,0.223787
2021-05-31 02:00:00,10.8,0.2225018
2021-05-31 03:00:00,10.0,0.2210738
2021-05-31 04:00:00,8.9,0.2252031
2021-05-31 05:00:00,9.2,0.2268691
2021-05-31 06:00:00,10.9,0.2468968
2021-05-31 07:00:00,12.5,0.2579162
2021-05-31 08:00:00,14.3,0.2588087
2021-05-31 09:00:00,15.5,0.248301
2021-05-31 10:00:00,16.2,0.2310222
2021-05-31 11:00:00,18.2,0.2278211
2021-05-31 12:00:00,18.9,0.225929
2021-05-31 13:00:00,20.0,0.2213594
2021-05-31 14:00:00,20.5,0.2199195
2021-05-31 15:00:00,21.0,0.2206811
2021-05-31 16:00:00,21.7,0.2197886
2021-05-31 17:00:00,21.3,0.229737
2021-05-31 18:00:00,21.2,0.24604
2021-05-31 19:00:00,20.7,0.2569166
2021-05-31 20:00:00,19.6,0.25794
2021-05-31 21:00:00,16.8,0.25318
2021-05-31 22:00:00,13.3,0.250681
2021-05-31 23:00:00,11.8,0.2420773
2021-06-01 00:00:00,11.2,0.2293562
2021-06-01 01:00:00,10.3,0.2257386
2021-06-01 02:00:00,9.6,0.222835
2021-06-01 03:00:00,8.1,0.2225137
2021-06-01 04:00:00,7.6,0.2233705
2021-06-01 05:00:00,7.0,0.22938
2021-06-01 06:00:00,10.1,0.2495981
2021-06-01 07:00:00,14.1,0.2576901
2021-06-01 08:00:00,17.8,0.259249
2021-06-01 09:00:00,19.4,0.248658
2021-06-01 10:00:00,20.5,0.2328905
2021-06-01 11:00:00,21.3,0.228309
2021-06-01 12:00:00,22.3,0.2247747
2021-06-01 13:00:00,22.5,0.2223828
2021-06-01 14:00:00,23.0,0.221526
2021-06-01 15:00:00,24.0,0.2233229
2021-06-01 16:00:00,24.5,0.2247747
2021-06-01 17:00:00,23.7,0.2395902
2021-06-01 18:00:00,24.5,0.2500384
2021-06-01 19:00:00,22.7,0.258773
2021-06-01 20:00:00,20.7,0.2569166
2021-06-01 21:00:00,18.5,0.251395
2021-06-01 22:00:00,18.1,0.2452189
2021-06-01 23:00:00,16.9,0.2354252
2021-06-02 00:00:00,16.0,0.23295
2021-06-02 01:00:00,14.8,0.2286303
2021-06-02 02:00:00,14.3,0.2260242
2021-06-02 03:00:00,13.1,0.227
2021-06-02 04:00:00,12.3,0.2268691
2021-06-02 05:00:00,12.2,0.2314149
2021-06-02 06:00:00,12.9,0.2490031
2021-06-02 07:00:00,13.9,0.252704
2021-06-02 08:00:00,14.9,0.2521328
2021-06-02 09:00:00,15.9,0.2416846
2021-06-02 10:00:00,17.7,0.2299036
2021-06-02 11:00:00,19.4,0.223787
2021-06-02 12:00:00,21.6,0.2219068
2021-06-02 13:00:00,22.9,0.2198838
2021-06-02 14:00:00,23.5,0.2196577
2021-06-02 15:00:00,24.7,0.219741
2021-06-02 16:00:00,25.1,0.2232753
2021-06-02 17:00:00,24.9,0.2358655
2021-06-02 18:00:00,24.8,0.2489912
2021-06-02 19:00:00,24.4,0.2547746
2021-06-02 20:00:00,22.9,0.2542629
2021-06-02 21:00:00,22.0,0.2486223
2021-06-02 22:00:00,20.9,0.2435767
2021-06-02 23:00:00,20.7,0.2262741
2021-06-03 00:00:00,20.4,0.2244772
2021-06-03 01:00:00,19.0,0.2199552
2021-06-03 02:00:00,18.1,0.21986
2021-06-03 03:00:00,15.2,0.215695
2021-06-03 04:00:00,14.5,0.2181583
2021-06-03 05:00:00,14.2,0.2199552
2021-06-03 06:00:00,14.9,0.219979
2021-06-03 07:00:00,17.7,0.2299036
2021-06-03 08:00:00,19.7,0.2269762
2021-06-03 09:00:00,21.8,0.2254054
2021-06-03 10:00:00,22.4,0.2197886
2021-06-03 11:00:00,22.9,0.2174324
2021-06-03 12:00:00,23.7,0.2156236
2021-06-03 13:00:00,24.9,0.2170397
2021-06-03 14:00:00,25.8,0.2208596
2021-06-03 15:00:00,26.6,0.2259409
2021-06-03 16:00:00,20.3,0.2338306
2021-06-03 17:00:00,16.7,0.238067
2021-06-03 18:00:00,17.1,0.24485
2021-06-03 19:00:00,17.3,0.2531681
2021-06-03 20:00:00,17.5,0.2532157
2021-06-03 21:00:00,17.1,0.2509666
2021-06-03 22:00:00,16.6,0.2499908
2021-06-03 23:00:00,16.2,0.242946
2021-06-04 00:00:00,16.8,0.2346279
2021-06-04 01:00:00,16.3,0.2304748
2021-06-04 02:00:00,15.8,0.2270476
2021-06-04 03:00:00,16.0,0.227119
2021-06-04 04:00:00,15.7,0.22581
2021-06-04 05:00:00,14.4,0.2285708
2021-06-04 06:00:00,15.7,0.2460162
2021-06-04 07:00:00,18.4,0.2543581
2021-06-04 08:00:00,19.7,0.257821
2021-06-04 09:00:00,21.3,0.2525255
2021-06-04 10:00:00,22.9,0.2455402
2021-06-04 11:00:00,23.8,0.2447072
2021-06-04 12:00:00,24.2,0.2388405
2021-06-04 13:00:00,24.9,0.2305819
2021-06-04 14:00:00,25.5,0.2304629
2021-06-04 15:00:00,25.8,0.2316767
2021-06-04 16:00:00,26.5,0.23533
2021-06-04 17:00:00,26.8,0.245921
2021-06-04 18:00:00,26.8,0.2506929
2021-06-04 19:00:00,22.1,0.2531205
2021-06-04 20:00:00,18.1,0.2528111
2021-06-04 21:00:00,18.5,0.2508
2021-06-04 22:00:00,17.8,0.2486699
2021-06-04 23:00:00,18.5,0.2413871
2021-06-05 00:00:00,17.8,0.2446953
2021-06-05 01:00:00,17.0,0.2332475
2021-06-05 02:00:00,16.6,0.2258219
2021-06-05 03:00:00,16.4,0.2233824
2021-06-05 04:00:00,16.1,0.2222757
2021-06-05 05:00:00,16.2,0.2222876
2021-06-05 06:00:00,16.8,0.2223233
2021-06-05 07:00:00,17.5,0.2258933
2021-06-05 08:00:00,18.1,0.2341638
2021-06-05 09:00:00,19.3,0.2365081
2021-06-05 10:00:00,20.0,0.2242987
2021-06-05 11:00:00,21.2,0.2246557
2021-06-05 12:00:00,22.4,0.2256077
2021-06-05 13:00:00,21.3,0.2216331
2021-06-05 14:00:00,19.8,0.217956
2021-06-05 15:00:00,20.7,0.219622
2021-06-05 16:00:00,21.1,0.2213475
2021-06-05 17:00:00,21.4,0.2275712
2021-06-05 18:00:00,20.6,0.239614
2021-06-05 19:00:00,19.6,0.2455878
2021-06-05 20:00:00,18.4,0.2460519
2021-06-05 21:00:00,18.0,0.245564
2021-06-05 22:00:00,18.1,0.2417203
2021-06-05 23:00:00,18.4,0.2292134
2021-06-06 00:00:00,18.1,0.2256791
2021-06-06 01:00:00,17.8,0.2247152
2021-06-06 02:00:00,17.7,0.2243106
2021-06-06 03:00:00,17.4,0.2236918
2021-06-06 04:00:00,17.1,0.2203241
2021-06-06 05:00:00,16.6,0.2170397
2021-06-06 06:00:00,16.1,0.217599
2021-06-06 07:00:00,16.2,0.218313
2021-06-06 08:00:00,16.5,0.2235728
2021-06-06 09:00:00,17.0,0.2244891
2021-06-06 10:00:00,16.9,0.2243344
2021-06-06 11:00:00,16.9,0.2251436
2021-06-06 12:00:00,16.6,0.2248104
2021-06-06 13:00:00,16.6,0.2215379
2021-06-06 14:00:00,16.7,0.21272
2021-06-06 15:00:00,16.9,0.2122559
2021-06-06 16:00:00,16.9,0.2159092
2021-06-06 17:00:00,16.7,0.2242511
2021-06-06 18:00:00,16.7,0.2270238
2021-06-06 19:00:00,16.8,0.2378528
2021-06-06 20:00:00,16.9,0.2464922
2021-06-06 21:00:00,16.2,0.2473252
2021-06-06 22:00:00,15.9,0.250919
2021-06-06 23:00:00,15.7,0.2416251
2021-06-07 00:00:00,15.4,0.23414
2021-06-07 01:00:00,14.5,0.2272618
2021-06-07 02:00:00,13.3,0.227952
2021-06-07 03:00:00,13.3,0.2269643
2021-06-07 04:00:00,12.2,0.227357
2021-06-07 05:00:00,11.9,0.2308318
2021-06-07 06:00:00,12.7,0.2510261
2021-06-07 07:00:00,13.7,0.2578686
2021-06-07 08:00:00,13.9,0.2627
2021-06-07 09:00:00,14.5,0.25794
2021-06-07 10:00:00,15.1,0.2538345
2021-06-07 11:00:00,15.7,0.25199
2021-06-07 12:00:00,15.8,0.2507405
2021-06-07 13:00:00,16.1,0.2480987
2021-06-07 14:00:00,16.3,0.2462185
2021-06-07 15:00:00,16.9,0.2471943
2021-06-07 16:00:00,16.9,0.2475275
2021-06-07 17:00:00,17.4,0.2502645
2021-06-07 18:00:00,17.8,0.2545842
2021-06-07 19:00:00,17.6,0.26032
2021-06-07 20:00:00,17.2,0.2626405
2021-06-07 21:00:00,16.5,0.2594156
2021-06-07 22:00:00,15.9,0.2566905
2021-06-07 23:00:00,15.3,0.24961
2021-06-08 00:00:00,14.1,0.2405065
2021-06-08 01:00:00,14.3,0.2320099
2021-06-08 02:00:00,14.4,0.2311412
2021-06-08 03:00:00,14.4,0.2293443
2021-06-08 04:00:00,14.3,0.2298084
2021-06-08 05:00:00,14.1,0.2346398
2021-06-08 06:00:00,14.2,0.2508833
2021-06-08 07:00:00,14.3,0.2627357
2021-06-08 08:00:00,14.7,0.2672815
2021-06-08 09:00:00,16.1,0.2571308
2021-06-08 10:00:00,17.5,0.2508238
2021-06-08 11:00:00,18.7,0.2477536
2021-06-08 12:00:00,20.2,0.241994
2021-06-08 13:00:00,21.4,0.2338782
2021-06-08 14:00:00,21.9,0.2330214
2021-06-08 15:00:00,23.2,0.2365557
2021-06-08 16:00:00,23.1,0.2442193
2021-06-08 17:00:00,21.8,0.2500027
2021-06-08 18:00:00,22.0,0.2553101
2021-06-08 19:00:00,21.2,0.2654727
2021-06-08 20:00:00,19.5,0.2737908
2021-06-08 21:00:00,18.7,0.2594156
2021-06-08 22:00:00,18.8,0.2555124
2021-06-08 23:00:00,17.8,0.2480154
2021-06-09 00:00:00,17.2,0.2370912
2021-06-09 01:00:00,17.5,0.2341876
2021-06-09 02:00:00,16.1,0.2324621
2021-06-09 03:00:00,16.2,0.23176
2021-06-09 04:00:00,15.1,0.232831
2021-06-09 05:00:00,15.2,0.23533
2021-06-09 06:00:00,16.1,0.2509785
2021-06-09 07:00:00,17.5,0.2584636
2021-06-09 08:00:00,18.3,0.2604509
2021-06-09 09:00:00,19.5,0.2535489
2021-06-09 10:00:00,20.8,0.2470039
2021-06-09 11:00:00,23.3,0.2412443
2021-06-09 12:00:00,23.6,0.2367818
2021-06-09 13:00:00,23.8,0.2389
2021-06-09 14:00:00,23.9,0.2372697
2021-06-09 15:00:00,23.9,0.2409944
2021-06-09 16:00:00,23.6,0.2417798
2021-06-09 17:00:00,24.0,0.2488008
2021-06-09 18:00:00,24.5,0.2543581
2021-06-09 19:00:00,23.8,0.2709943
2021-06-09 20:00:00,22.3,0.2728269
2021-06-09 21:00:00,19.7,0.2627714
2021-06-09 22:00:00,17.7,0.25675
2021-06-09 23:00:00,17.1,0.2483962
2021-06-10 00:00:00,16.4,0.2491102
2021-06-10 01:00:00,16.4,0.242113
2021-06-10 02:00:00,13.7,0.2369127
2021-06-10 03:00:00,13.6,0.233664
2021-06-10 04:00:00,12.9,0.2342471
2021-06-10 05:00:00,12.6,0.2380908
2021-06-10 06:00:00,14.6,0.2518829
2021-06-10 07:00:00,16.9,0.2618313
2021-06-10 08:00:00,19.1,0.265675
2021-06-10 09:00:00,21.0,0.2562621
2021-06-10 10:00:00,22.4,0.2441836
2021-06-10 11:00:00,23.8,0.2500384
2021-06-10 12:00:00,23.7,0.2533942
2021-06-10 13:00:00,24.9,0.2341995
2021-06-10 14:00:00,24.7,0.233188
2021-06-10 15:00:00,25.2,0.2344375
2021-06-10 16:00:00,25.2,0.240685
2021-06-10 17:00:00,25.3,0.252823
2021-06-10 18:00:00,24.7,0.2579519
2021-06-10 19:00:00,23.8,0.2712561
2021-06-10 20:00:00,22.1,0.2696972
2021-06-10 21:00:00,18.6,0.2628547
2021-06-10 22:00:00,16.0,0.2594275
2021-06-10 23:00:00,14.4,0.2519543
2021-06-11 00:00:00,15.7,0.2528825
2021-06-11 01:00:00,13.0,0.2446953
2021-06-11 02:00:00,12.1,0.236639
2021-06-11 03:00:00,12.4,0.2348302
2021-06-11 04:00:00,12.2,0.2345327
2021-06-11 05:00:00,12.2,0.2390785
2021-06-11 06:00:00,15.4,0.2603557
2021-06-11 07:00:00,18.3,0.2718511
2021-06-11 08:00:00,21.5,0.2653894
2021-06-11 09:00:00,23.2,0.2568095
2021-06-11 10:00:00,23.6,0.2471348
2021-06-11 11:00:00,24.3,0.24366
2021-06-11 12:00:00,25.0,0.2453617
2021-06-11 13:00:00,25.2,0.2364962
2021-06-11 14:00:00,25.7,0.2335331
2021-06-11 15:00:00,25.4,0.2327953
2021-06-11 16:00:00,25.9,0.2358655
2021-06-11 17:00:00,26.2,0.2471824
2021-06-11 18:00:00,24.7,0.2543462
2021-06-11 19:00:00,24.5,0.2604033
2021-06-11 20:00:00,22.2,0.2626048
2021-06-11 21:00:00,21.1,0.2604033
2021-06-11 22:00:00,20.1,0.2572974
2021-06-11 23:00:00,19.5,0.2506572
2021-06-12 00:00:00,17.6,0.2490864
2021-06-12 01:00:00,16.2,0.2395902
2021-06-12 02:00:00,16.6,0.2341162
2021-06-12 03:00:00,16.6,0.2274522
2021-06-12 04:00:00,17.1,0.2225018
2021-06-12 05:00:00,17.2,0.2228231
2021-06-12 06:00:00,17.5,0.2237156
2021-06-12 07:00:00,17.8,0.2324502
2021-06-12 08:00:00,18.1,0.2328786
2021-06-12 09:00:00,19.2,0.2287493
2021-06-12 10:00:00,19.3,0.2138029
2021-06-12 11:00:00,19.7,0.1929422
2021-06-12 12:00:00,21.1,0.1700109
2021-06-12 13:00:00,20.9,0.1531486
2021-06-12 14:00:00,20.2,0.129658
2021-06-12 15:00:00,20.1,0.124422
2021-06-12 16:00:00,20.1,0.1401657
2021-06-12 17:00:00,19.5,0.1556833
2021-06-12 18:00:00,19.0,0.179876
2021-06-12 19:00:00,18.0,0.2087335
2021-06-12 20:00:00,16.4,0.2199076
2021-06-12 21:00:00,14.1,0.2244534
2021-06-12 22:00:00,12.9,0.2209429
2021-06-12 23:00:00,10.7,0.2061512
2021-06-13 00:00:00,11.0,0.18535
2021-06-13 01:00:00,9.9,0.1677261
2021-06-13 02:00:00,9.4,0.1642037
2021-06-13 03:00:00,9.0,0.1615381
2021-06-13 04:00:00,8.9,0.1610145
2021-06-13 05:00:00,9.1,0.1592176
2021-06-13 06:00:00,10.9,0.1600744
2021-06-13 07:00:00,12.0,0.1654294
2021-06-13 08:00:00,14.2,0.1604195
2021-06-13 09:00:00,14.6,0.1585988
2021-06-13 10:00:00,15.2,0.1556119
2021-06-13 11:00:00,16.8,0.1556119
2021-06-13 12:00:00,17.5,0.1555881
2021-06-13 13:00:00,18.4,0.127754
2021-06-13 14:00:00,18.9,0.1119032
2021-06-13 15:00:00,19.7,0.1305981
2021-06-13 16:00:00,19.7,0.1532557
2021-06-13 17:00:00,20.8,0.1646678
2021-06-13 18:00:00,20.5,0.2271785
2021-06-13 19:00:00,20.0,0.2480511
2021-06-13 20:00:00,18.7,0.2551316
2021-06-13 21:00:00,16.0,0.2591657
2021-06-13 22:00:00,13.7,0.2555481
2021-06-13 23:00:00,12.3,0.2448619
2021-06-14 00:00:00,10.9,0.2371864
2021-06-14 01:00:00,10.4,0.2303677
2021-06-14 02:00:00,11.2,0.2273213
2021-06-14 03:00:00,10.6,0.2269167
2021-06-14 04:00:00,10.4,0.2267263
2021-06-14 05:00:00,11.1,0.2307247
2021-06-14 06:00:00,14.2,0.2555243
2021-06-14 07:00:00,16.9,0.2701137
2021-06-14 08:00:00,19.2,0.26627
2021-06-14 09:00:00,20.5,0.255203
2021-06-14 10:00:00,21.2,0.2374601
2021-06-14 11:00:00,22.0,0.2293681
2021-06-14 12:00:00,23.0,0.2173729
2021-06-14 13:00:00,24.4,0.216052
2021-06-14 14:00:00,25.0,0.2161591
2021-06-14 15:00:00,26.0,0.2266549
2021-06-14 16:00:00,26.6,0.2370793
2021-06-14 17:00:00,26.5,0.2532752
2021-06-14 18:00:00,26.0,0.2613315
2021-06-14 19:00:00,25.6,0.26865
2021-06-14 20:00:00,23.2,0.2773132
2021-06-14 21:00:00,20.2,0.26865
2021-06-14 22:00:00,19.0,0.2627
2021-06-14 23:00:00,17.1,0.2557742
2021-06-15 00:00:00,17.4,0.2486818
2021-06-15 01:00:00,15.8,0.2407088
2021-06-15 02:00:00,15.0,0.237829
2021-06-15 03:00:00,14.3,0.2365557
2021-06-15 04:00:00,13.5,0.2367342
2021-06-15 05:00:00,13.8,0.2401971
2021-06-15 06:00:00,14.7,0.2594632
2021-06-15 07:00:00,15.3,0.2669245
2021-06-15 08:00:00,15.6,0.2708039
2021-06-15 09:00:00,16.5,0.2627
2021-06-15 10:00:00,17.4,0.2555481
2021-06-15 11:00:00,19.5,0.252466
2021-06-15 12:00:00,19.9,0.2448381
2021-06-15 13:00:00,20.6,0.2412919
2021-06-15 14:00:00,21.8,0.241161
2021-06-15 15:00:00,22.1,0.24247
2021-06-15 16:00:00,22.2,0.2496219
2021-06-15 17:00:00,22.0,0.257464
2021-06-15 18:00:00,21.7,0.268174
2021-06-15 19:00:00,20.8,0.2746
2021-06-15 20:00:00,18.6,0.2746
2021-06-15 21:00:00,17.0,0.2714584
2021-06-15 22:00:00,15.8,0.2648063
2021-06-15 23:00:00,14.9,0.2545366
2021-06-16 00:00:00,13.4,0.2479321
2021-06-16 01:00:00,12.3,0.2398163
2021-06-16 02:00:00,11.9,0.2400305
2021-06-16 03:00:00,11.3,0.235211
2021-06-16 04:00:00,10.8,0.2371983
2021-06-16 05:00:00,11.3,0.2400662
2021-06-16 06:00:00,13.5,0.2574402
2021-06-16 07:00:00,15.5,0.2737551
2021-06-16 08:00:00,17.8,0.2746
2021-06-16 09:00:00,20.2,0.2650205
2021-06-16 10:00:00,22.6,0.2555481
2021-06-16 11:00:00,24.2,0.248301
2021-06-16 12:00:00,25.1,0.2433982
2021-06-16 13:00:00,25.9,0.2449214
2021-06-16 14:00:00,27.1,0.2507881
2021-06-16 15:00:00,27.4,0.2519543
2021-06-16 16:00:00,27.9,0.257345
2021-06-16 17:00:00,28.1,0.2658416
2021-06-16 18:00:00,27.7,0.2776107
2021-06-16 19:00:00,27.2,0.2960795
2021-06-16 20:00:00,26.2,0.2883207
2021-06-16 21:00:00,25.3,0.2755996
2021-06-16 22:00:00,24.3,0.2602843
2021-06-16 23:00:00,23.4,0.2350444
2021-06-17 00:00:00,22.3,0.2344732
2021-06-17 01:00:00,21.6,0.23414
2021-06-17 02:00:00,19.3,0.2319147
2021-06-17 03:00:00,18.6,0.2301773
2021-06-17 04:00:00,18.1,0.230332
2021-06-17 05:00:00,18.2,0.2330452
2021-06-17 06:00:00,20.6,0.2409468
2021-06-17 07:00:00,23.1,0.2675552
2021-06-17 08:00:00,25.5,0.27341
2021-06-17 09:00:00,27.0,0.2597964
2021-06-17 10:00:00,28.7,0.2486223
2021-06-17 11:00:00,30.3,0.236282
2021-06-17 12:00:00,31.6,0.2292372
2021-06-17 13:00:00,32.4,0.2256077
2021-06-17 14:00:00,32.6,0.2250365
2021-06-17 15:00:00,32.6,0.2270357
2021-06-17 16:00:00,32.5,0.2393641
2021-06-17 17:00:00,32.5,0.2564763
2021-06-17 18:00:00,32.2,0.2662105
2021-06-17 19:00:00,31.7,0.2891537
2021-06-17 20:00:00,30.6,0.2787174
2021-06-17 21:00:00,28.9,0.2733029
2021-06-17 22:00:00,27.6,0.2639257
2021-06-17 23:00:00,23.8,0.2533823
2021-06-18 00:00:00,22.7,0.2444335
2021-06-18 01:00:00,22.0,0.2388643
2021-06-18 02:00:00,21.0,0.2354133
2021-06-18 03:00:00,19.4,0.2331761
2021-06-18 04:00:00,18.8,0.2342471
2021-06-18 05:00:00,18.6,0.239019
2021-06-18 06:00:00,20.5,0.2574283
2021-06-18 07:00:00,21.6,0.2710895
2021-06-18 08:00:00,23.5,0.2746238
2021-06-18 09:00:00,26.2,0.26865
2021-06-18 10:00:00,28.2,0.255679
2021-06-18 11:00:00,30.3,0.25199
2021-06-18 12:00:00,31.8,0.2443621
2021-06-18 13:00:00,32.0,0.2326882
2021-06-18 14:00:00,31.7,0.2355085
2021-06-18 15:00:00,32.7,0.236163
2021-06-18 16:00:00,32.6,0.23414
2021-06-18 17:00:00,30.2,0.2553815
2021-06-18 18:00:00,29.0,0.264009
2021-06-18 19:00:00,27.3,0.27103
2021-06-18 20:00:00,25.9,0.2709229
2021-06-18 21:00:00,24.6,0.2655203
2021-06-18 22:00:00,24.4,0.2577734
2021-06-18 23:00:00,22.8,0.2505025
2021-06-19 00:00:00,22.9,0.2510023
2021-06-19 01:00:00,24.2,0.2439337
2021-06-19 02:00:00,21.2,0.2405065
2021-06-19 03:00:00,20.8,0.2389833
2021-06-19 04:00:00,21.6,0.235687
2021-06-19 05:00:00,22.2,0.2328429
2021-06-19 06:00:00,23.2,0.2341876
2021-06-19 07:00:00,24.4,0.243065
2021-06-19 08:00:00,25.0,0.2441003
2021-06-19 09:00:00,25.8,0.2328667
2021-06-19 10:00:00,26.5,0.2250722
2021-06-19 11:00:00,26.9,0.220812
2021-06-19 12:00:00,28.0,0.218194
2021-06-19 13:00:00,28.3,0.2143503
2021-06-19 14:00:00,28.6,0.2155522
2021-06-19 15:00:00,29.7,0.2266311
2021-06-19 16:00:00,29.7,0.2299631
2021-06-19 17:00:00,28.6,0.24247
2021-06-19 18:00:00,29.0,0.25199
2021-06-19 19:00:00,27.6,0.26151
2021-06-19 20:00:00,27.8,0.2659725
2021-06-19 21:00:00,23.9,0.2626762
2021-06-19 22:00:00,22.3,0.2555362
2021-06-19 23:00:00,21.5,0.2484795
2021-06-20 00:00:00,21.1,0.2460519
2021-06-20 01:00:00,20.4,0.235092
2021-06-20 02:00:00,20.7,0.2306176
2021-06-20 03:00:00,22.8,0.2270357
2021-06-20 04:00:00,21.1,0.2209667
2021-06-20 05:00:00,18.6,0.2152071
2021-06-20 06:00:00,18.9,0.2152309
2021-06-20 07:00:00,19.2,0.2183844
2021-06-20 08:00:00,22.2,0.22105
2021-06-20 09:00:00,23.3,0.22105
2021-06-20 10:00:00,22.7,0.215338
2021-06-20 11:00:00,24.3,0.2098997
2021-06-20 12:00:00,25.0,0.2030215
2021-06-20 13:00:00,25.7,0.187968
2021-06-20 14:00:00,25.6,0.1838268
2021-06-20 15:00:00,26.3,0.1877181
2021-06-20 16:00:00,26.0,0.212839
2021-06-20 17:00:00,26.3,0.2275712
2021-06-20 18:00:00,26.2,0.2389595
2021-06-20 19:00:00,24.9,0.2559765
2021-06-20 20:00:00,23.6,0.2581899
2021-06-20 21:00:00,21.4,0.258773
2021-06-20 22:00:00,21.3,0.2604747
2021-06-20 23:00:00,20.6,0.25199
2021-06-21 00:00:00,20.2,0.2341281
2021-06-21 01:00:00,19.6,0.2305224
2021-06-21 02:00:00,18.9,0.2282257
2021-06-21 03:00:00,17.9,0.225691
2021-06-21 04:00:00,17.4,0.2253578
2021-06-21 05:00:00,17.4,0.229975
2021-06-21 06:00:00,17.5,0.246159
2021-06-21 07:00:00,17.5,0.2614386
2021-06-21 08:00:00,17.9,0.26508
2021-06-21 09:00:00,17.4,0.2627
2021-06-21 10:00:00,17.8,0.2582732
2021-06-21 11:00:00,18.4,0.25318
2021-06-21 12:00:00,18.9,0.2489912
2021-06-21 13:00:00,21.1,0.2388167
2021-06-21 14:00:00,19.4,0.2357346
2021-06-21 15:00:00,21.2,0.2413395
2021-06-21 16:00:00,20.7,0.2450047
2021-06-21 17:00:00,18.6,0.2542986
2021-06-21 18:00:00,17.5,0.2614743
2021-06-21 19:00:00,15.5,0.2672101
2021-06-21 20:00:00,14.7,0.2675433
2021-06-21 21:00:00,14.0,0.2642113
2021-06-21 22:00:00,13.6,0.2580471
2021-06-21 23:00:00,13.4,0.248182
2021-06-22 00:00:00,13.2,0.2436957
2021-06-22 01:00:00,12.8,0.2369722
2021-06-22 02:00:00,12.3,0.235092
2021-06-22 03:00:00,12.3,0.2337592
2021-06-22 04:00:00,12.4,0.2327596
2021-06-22 05:00:00,12.2,0.2361273
2021-06-22 06:00:00,12.8,0.2544652
2021-06-22 07:00:00,13.3,0.2671744
2021-06-22 08:00:00,14.1,0.26984
2021-06-22 09:00:00,14.4,0.2670435
2021-06-22 10:00:00,16.2,0.2638543
2021-06-22 11:00:00,16.4,0.262819
2021-06-22 12:00:00,17.0,0.2608912
2021-06-22 13:00:00,16.9,0.255441
2021-06-22 14:00:00,17.8,0.2508833
2021-06-22 15:00:00,19.1,0.2528587
2021-06-22 16:00:00,18.2,0.2536679
2021-06-22 17:00:00,18.2,0.2626405
2021-06-22 18:00:00,17.8,0.2717321
2021-06-22 19:00:00,17.1,0.2751474
2021-06-22 20:00:00,16.3,0.274719
2021-06-22 21:00:00,15.6,0.2708753
2021-06-22 22:00:00,14.2,0.2635092
2021-06-22 23:00:00,13.0,0.2542986
2021-06-23 00:00:00,12.6,0.2419821
2021-06-23 01:00:00,12.0,0.2419107
2021-06-23 02:00:00,10.7,0.2392451
2021-06-23 03:00:00,11.4,0.2390071
2021-06-23 04:00:00,11.7,0.2403042
2021-06-23 05:00:00,11.3,0.2448619
2021-06-23 06:00:00,12.5,0.2601415
2021-06-23 07:00:00,13.4,0.2864167
2021-06-23 08:00:00,14.1,0.2984
2021-06-23 09:00:00,15.2,0.2792767
2021-06-23 10:00:00,16.5,0.2666865
2021-06-23 11:00:00,17.2,0.2651752
2021-06-23 12:00:00,17.7,0.2640447
2021-06-23 13:00:00,18.6,0.2597845
2021-06-23 14:00:00,19.2,0.2565358
2021-06-23 15:00:00,20.1,0.2504073
2021-06-23 16:00:00,19.2,0.2550959
2021-06-23 17:00:00,19.0,0.2638424
2021-06-23 18:00:00,18.7,0.2822636
2021-06-23 19:00:00,18.5,0.3218668
2021-06-23 20:00:00,17.6,0.3143222
2021-06-23 21:00:00,16.1,0.2894393
2021-06-23 22:00:00,15.9,0.2666865
2021-06-23 23:00:00,15.5,0.2583446
2021-06-24 00:00:00,15.4,0.2518591
2021-06-24 01:00:00,15.1,0.2499551
2021-06-24 02:00:00,14.7,0.2462661
2021-06-24 03:00:00,14.3,0.2428389
2021-06-24 04:00:00,14.0,0.2453736
2021-06-24 05:00:00,14.1,0.2493244
2021-06-24 06:00:00,14.1,0.2644493
2021-06-24 07:00:00,14.9,0.2796337
2021-06-24 08:00:00,14.9,0.2981739
2021-06-24 09:00:00,15.4,0.2936043
2021-06-24 10:00:00,16.8,0.2745881
2021-06-24 11:00:00,18.1,0.26865
2021-06-24 12:00:00,19.6,0.2628904
2021-06-24 13:00:00,20.6,0.2603795
2021-06-24 14:00:00,20.2,0.2576306
2021-06-24 15:00:00,19.4,0.2567024
2021-06-24 16:00:00,19.3,0.2600225
2021-06-24 17:00:00,19.5,0.2697686
2021-06-24 18:00:00,19.1,0.2845841
2021-06-24 19:00:00,18.2,0.3097526
2021-06-24 20:00:00,17.4,0.3036003
2021-06-24 21:00:00,17.0,0.2833703
2021-06-24 22:00:00,16.0,0.2678408
2021-06-24 23:00:00,15.2,0.2614029
2021-06-25 00:00:00,14.9,0.2563097
2021-06-25 01:00:00,14.5,0.2503478
2021-06-25 02:00:00,14.0,0.2472181
2021-06-25 03:00:00,13.4,0.2453736
2021-06-25 04:00:00,12.6,0.2457663
2021-06-25 05:00:00,13.1,0.248777
2021-06-25 06:00:00,13.5,0.262462
2021-06-25 07:00:00,15.4,0.2752426
2021-06-25 08:00:00,17.1,0.2811569
2021-06-25 09:00:00,18.1,0.2686738
2021-06-25 10:00:00,17.5,0.2663533
2021-06-25 11:00:00,17.7,0.2615814
2021-06-25 12:00:00,19.8,0.2584755
2021-06-25 13:00:00,21.3,0.2508833
2021-06-25 14:00:00,21.2,0.2499194
2021-06-25 15:00:00,22.1,0.2495624
2021-06-25 16:00:00,22.0,0.2505977
2021-06-25 17:00:00,21.9,0.2665913
2021-06-25 18:00:00,21.9,0.2840724
2021-06-25 19:00:00,21.5,0.2817281
2021-06-25 20:00:00,19.6,0.2854052
2021-06-25 21:00:00,16.6,0.2754568
2021-06-25 22:00:00,14.8,0.2726722
2021-06-25 23:00:00,14.0,0.2623549
2021-06-26 00:00:00,14.1,0.2614386
2021-06-26 01:00:00,12.9,0.2559527
2021-06-26 02:00:00,13.9,0.255917
2021-06-26 03:00:00,14.0,0.2522161
2021-06-26 04:00:00,13.8,0.2454212
2021-06-26 05:00:00,15.3,0.2436957
2021-06-26 06:00:00,16.5,0.253894
2021-06-26 07:00:00,17.7,0.2526326
2021-06-26 08:00:00,19.5,0.254132
2021-06-26 09:00:00,20.4,0.2526088
2021-06-26 10:00:00,21.5,0.2451356
2021-06-26 11:00:00,22.2,0.2429103
2021-06-26 12:00:00,23.0,0.2402923
2021-06-26 13:00:00,24.3,0.2376743
2021-06-26 14:00:00,24.1,0.2338306
2021-06-26 15:00:00,24.2,0.2327953
2021-06-26 16:00:00,23.0,0.234259
2021-06-26 17:00:00,23.6,0.2385906
2021-06-26 18:00:00,21.4,0.2552982
2021-06-26 19:00:00,21.5,0.2677456
2021-06-26 20:00:00,21.2,0.2697805
2021-06-26 21:00:00,18.9,0.2689951
2021-06-26 22:00:00,18.8,0.2639257
2021-06-26 23:00:00,17.4,0.2564882
2021-06-27 00:00:00,16.7,0.2470991
2021-06-27 01:00:00,15.7,0.24009
2021-06-27 02:00:00,15.3,0.2365795
2021-06-27 03:00:00,15.1,0.2367342
2021-06-27 04:00:00,14.2,0.2367104
2021-06-27 05:00:00,14.6,0.2340448
2021-06-27 06:00:00,16.7,0.2342233
2021-06-27 07:00:00,18.6,0.2329857
2021-06-27 08:00:00,21.0,0.2297251
2021-06-27 09:00:00,23.1,0.2265359
2021-06-27 10:00:00,23.7,0.2185391
2021-06-27 11:00:00,24.0,0.2186224
2021-06-27 12:00:00,24.8,0.2146002
2021-06-27 13:00:00,25.8,0.1930969
2021-06-27 14:00:00,25.8,0.1814587
2021-06-27 15:00:00,26.2,0.1879442
2021-06-27 16:00:00,26.8,0.2092095
2021-06-27 17:00:00,26.4,0.2353657
2021-06-27 18:00:00,26.6,0.2514545
2021-06-27 19:00:00,26.0,0.2637115
2021-06-27 20:00:00,24.1,0.26865
2021-06-27 21:00:00,21.6,0.2670792
2021-06-27 22:00:00,20.6,0.2661629
2021-06-27 23:00:00,19.1,0.2590824
2021-06-28 00:00:00,18.4,0.252228
2021-06-28 01:00:00,18.1,0.2429222
2021-06-28 02:00:00,18.2,0.239138
2021-06-28 03:00:00,17.8,0.2376148
2021-06-28 04:00:00,17.6,0.2378885
2021-06-28 05:00:00,17.6,0.24366
2021-06-28 06:00:00,18.4,0.2678051
2021-06-28 07:00:00,17.9,0.2783842
2021-06-28 08:00:00,20.7,0.2728031
2021-06-28 09:00:00,22.4,0.2677456
2021-06-28 10:00:00,25.3,0.262343
2021-06-28 11:00:00,26.5,0.2590705
2021-06-28 12:00:00,27.9,0.2588206
2021-06-28 13:00:00,27.9,0.2489793
2021-06-28 14:00:00,27.6,0.246516
2021-06-28 15:00:00,27.0,0.252228
2021-06-28 16:00:00,27.0,0.2567024
2021-06-28 17:00:00,27.3,0.2632355
2021-06-28 18:00:00,26.4,0.2741478
2021-06-28 19:00:00,25.3,0.3031124
2021-06-28 20:00:00,23.0,0.2959724
2021-06-28 21:00:00,22.5,0.2733862
2021-06-28 22:00:00,22.3,0.2716131
2021-06-28 23:00:00,20.6,0.2622121
2021-06-29 00:00:00,18.4,0.2520257
2021-06-29 01:00:00,17.6,0.2464327
2021-06-29 02:00:00,18.8,0.2448262
2021-06-29 03:00:00,19.6,0.2430055
2021-06-29 04:00:00,19.6,0.2442788
2021-06-29 05:00:00,19.3,0.2489674
2021-06-29 06:00:00,18.7,0.2672101
2021-06-29 07:00:00,19.0,0.2787412
2021-06-29 08:00:00,19.6,0.2877257
2021-06-29 09:00:00,20.6,0.2794076
2021-06-29 10:00:00,20.4,0.2735766
2021-06-29 11:00:00,20.4,0.2717678
2021-06-29 12:00:00,21.1,0.2689475
2021-06-29 13:00:00,23.9,0.2662462
2021-06-29 14:00:00,24.0,0.2627238
2021-06-29 15:00:00,24.0,0.2607841
2021-06-29 16:00:00,24.0,0.26151
2021-06-29 17:00:00,22.5,0.2717916
2021-06-29 18:00:00,23.5,0.2746476
2021-06-29 19:00:00,23.6,0.278646
2021-06-29 20:00:00,20.4,0.2734814
2021-06-29 21:00:00,18.5,0.2702327
2021-06-29 22:00:00,16.7,0.2686143
2021-06-29 23:00:00,15.9,0.2562621
2021-06-30 00:00:00,15.7,0.2517758
2021-06-30 01:00:00,16.4,0.2496338
2021-06-30 02:00:00,16.5,0.2455997
2021-06-30 03:00:00,16.1,0.2438147
2021-06-30 04:00:00,16.5,0.2436957
2021-06-30 05:00:00,16.4,0.2484557
2021-06-30 06:00:00,16.5,0.2696734
2021-06-30 07:00:00,16.9,0.2771585
2021-06-30 08:00:00,16.8,0.28412
2021-06-30 09:00:00,16.2,0.2821803
2021-06-30 10:00:00,16.5,0.2835964
2021-06-30 11:00:00,17.1,0.2772537
2021-06-30 12:00:00,17.4,0.27341
2021-06-30 13:00:00,17.9,0.2699352
2021-06-30 14:00:00,19.0,0.2655917
2021-06-30 15:00:00,18.5,0.2594751
2021-06-30 16:00:00,18.1,0.2595584
2021-06-30 17:00:00,18.2,0.2679836
2021-06-30 18:00:00,17.8,0.2749213
2021-06-30 19:00:00,17.4,0.2745643
2021-06-30 20:00:00,16.9,0.2733743
2021-06-30 21:00:00,16.1,0.2710538
2021-06-30 22:00:00,15.6,0.2698519
2021-06-30 23:00:00,14.8,0.2559884
2021-07-01 00:00:00,14.5,0.2526683
2021-07-01 01:00:00,14.2,0.245921
2021-07-01 02:00:00,13.6,0.2433387
2021-07-01 03:00:00,13.2,0.2412919
2021-07-01 04:00:00,12.8,0.2403756
2021-07-01 05:00:00,12.8,0.2436124
2021-07-01 06:00:00,12.9,0.2566429
2021-07-01 07:00:00,13.2,0.2697805
2021-07-01 08:00:00,13.2,0.272815
2021-07-01 09:00:00,13.4,0.270316
2021-07-01 10:00:00,13.6,0.2686024
2021-07-01 11:00:00,14.2,0.2704469
2021-07-01 12:00:00,14.9,0.2668769
2021-07-01 13:00:00,15.4,0.2629261
2021-07-01 14:00:00,15.3,0.2575473
2021-07-01 15:00:00,15.2,0.25675
2021-07-01 16:00:00,15.7,0.2575592
2021-07-01 17:00:00,16.7,0.2697329
2021-07-01 18:00:00,16.6,0.2745762
2021-07-01 19:00:00,16.7,0.2790863
2021-07-01 20:00:00,16.6,0.2750046
2021-07-01 21:00:00,16.2,0.2740169
2021-07-01 22:00:00,15.9,0.2724223
2021-07-01 23:00:00,15.7,0.2650681
2021-07-02 00:00:00,15.6,0.2636163
2021-07-02 01:00:00,15.6,0.2571784
2021-07-02 02:00:00,15.5,0.2533942
2021-07-02 03:00:00,15.2,0.2535965
2021-07-02 04:00:00,15.0,0.2546318
2021-07-02 05:00:00,14.9,0.2587492
2021-07-02 06:00:00,14.9,0.27698
2021-07-02 07:00:00,14.7,0.28888
2021-07-02 08:00:00,14.8,0.301375
2021-07-02 09:00:00,15.5,0.2832156
2021-07-02 10:00:00,16.3,0.2776226
2021-07-02 11:00:00,17.5,0.2746
2021-07-02 12:00:00,17.3,0.2741359
2021-07-02 13:00:00,17.7,0.2625096
2021-07-02 14:00:00,18.7,0.2536203
2021-07-02 15:00:00,18.1,0.2538107
2021-07-02 16:00:00,18.2,0.2538583
2021-07-02 17:00:00,18.5,0.2677337
2021-07-02 18:00:00,18.2,0.2745762
2021-07-02 19:00:00,17.8,0.2865
2021-07-02 20:00:00,17.3,0.2858931
2021-07-02 21:00:00,15.6,0.2812044999999999
2021-07-02 22:00:00,14.2,0.2805738
2021-07-02 23:00:00,13.1,0.2745762
2021-07-03 00:00:00,13.4,0.2658416
2021-07-03 01:00:00,12.8,0.2560241
2021-07-03 02:00:00,12.1,0.251871
2021-07-03 03:00:00,11.5,0.2479083
2021-07-03 04:00:00,10.4,0.2437195
2021-07-03 05:00:00,10.3,0.2437314
2021-07-03 06:00:00,12.3,0.2495743
2021-07-03 07:00:00,15.4,0.2525255
2021-07-03 08:00:00,17.3,0.2544057
2021-07-03 09:00:00,18.6,0.2500146
2021-07-03 10:00:00,19.7,0.2437314
2021-07-03 11:00:00,21.3,0.2389
2021-07-03 12:00:00,21.2,0.2353776
2021-07-03 13:00:00,22.3,0.23295
2021-07-03 14:00:00,22.1,0.234854
2021-07-03 15:00:00,23.0,0.24247
2021-07-03 16:00:00,23.9,0.245088
2021-07-03 17:00:00,23.1,0.2572855
2021-07-03 18:00:00,24.2,0.2691736
2021-07-03 19:00:00,23.5,0.2828824
2021-07-03 20:00:00,21.2,0.2834417
2021-07-03 21:00:00,18.4,0.2828943
2021-07-03 22:00:00,16.6,0.2828705
2021-07-03 23:00:00,15.6,0.2746
2021-07-04 00:00:00,14.7,0.2676742
2021-07-04 01:00:00,14.3,0.2588206
2021-07-04 02:00:00,13.5,0.2508595
2021-07-04 03:00:00,13.6,0.2455759
2021-07-04 04:00:00,13.1,0.2448857
2021-07-04 05:00:00,13.0,0.2436481
2021-07-04 06:00:00,15.8,0.244255
2021-07-04 07:00:00,16.2,0.2453498
2021-07-04 08:00:00,17.9,0.2492292
2021-07-04 09:00:00,20.8,0.2473252
2021-07-04 10:00:00,21.8,0.2451356
2021-07-04 11:00:00,23.1,0.2484557
2021-07-04 12:00:00,24.2,0.2484438
2021-07-04 13:00:00,25.4,0.24366
2021-07-04 14:00:00,25.5,0.2380194
2021-07-04 15:00:00,26.4,0.2377933
2021-07-04 16:00:00,25.6,0.2472657
2021-07-04 17:00:00,24.4,0.2544533
2021-07-04 18:00:00,18.3,0.2672815
2021-07-04 19:00:00,18.7,0.2740526
2021-07-04 20:00:00,18.1,0.2746
2021-07-04 21:00:00,17.4,0.2770871
2021-07-04 22:00:00,16.8,0.2804548
2021-07-04 23:00:00,16.9,0.2695187
2021-07-05 00:00:00,16.7,0.2526445
2021-07-05 01:00:00,16.1,0.2451118
2021-07-05 02:00:00,16.3,0.2436719
2021-07-05 03:00:00,16.2,0.2412919
2021-07-05 04:00:00,15.4,0.2407326
2021-07-05 05:00:00,14.9,0.2437671
2021-07-05 06:00:00,15.3,0.2645683
2021-07-05 07:00:00,16.8,0.2768967
2021-07-05 08:00:00,18.2,0.2813711
2021-07-05 09:00:00,19.7,0.2788245
2021-07-05 10:00:00,20.0,0.27579
2021-07-05 11:00:00,18.4,0.2747071
2021-07-05 12:00:00,16.5,0.2721129
2021-07-05 13:00:00,18.9,0.2677337
2021-07-05 14:00:00,19.1,0.2614267
2021-07-05 15:00:00,21.4,0.2554767
2021-07-05 16:00:00,20.8,0.260082
2021-07-05 17:00:00,21.7,0.2738384
2021-07-05 18:00:00,21.1,0.281264
2021-07-05 19:00:00,21.2,0.2924381
2021-07-05 20:00:00,19.7,0.29602
2021-07-05 21:00:00,19.1,0.2873806
2021-07-05 22:00:00,18.7,0.2793124
2021-07-05 23:00:00,18.4,0.2681502
2021-07-06 00:00:00,18.0,0.258892
2021-07-06 01:00:00,18.0,0.2485271
2021-07-06 02:00:00,18.2,0.2426366
2021-07-06 03:00:00,18.2,0.2399353
2021-07-06 04:00:00,18.1,0.2364486
2021-07-06 05:00:00,18.3,0.2407802
2021-07-06 06:00:00,19.1,0.2538226
2021-07-06 07:00:00,20.2,0.2705421
2021-07-06 08:00:00,21.2,0.2711014
2021-07-06 09:00:00,22.7,0.2594751
2021-07-06 10:00:00,23.1,0.246992
2021-07-06 11:00:00,23.2,0.2393046
2021-07-06 12:00:00,19.2,0.2270833
2021-07-06 13:00:00,19.9,0.2268929
2021-07-06 14:00:00,21.3,0.2252269
2021-07-06 15:00:00,22.1,0.2302606
2021-07-06 16:00:00,22.4,0.2370317
2021-07-06 17:00:00,21.9,0.2454331
2021-07-06 18:00:00,21.2,0.2644374
2021-07-06 19:00:00,21.5,0.2745286
2021-07-06 20:00:00,20.2,0.2787293
2021-07-06 21:00:00,19.8,0.2793243
2021-07-06 22:00:00,19.1,0.2768729
2021-07-06 23:00:00,18.5,0.2642232
2021-07-07 00:00:00,16.7,0.2535846
2021-07-07 01:00:00,17.1,0.2449214
2021-07-07 02:00:00,16.8,0.2449333
2021-07-07 03:00:00,16.6,0.244969
2021-07-07 04:00:00,15.5,0.2449333
2021-07-07 05:00:00,15.4,0.2504787
2021-07-07 06:00:00,16.1,0.2703874
2021-07-07 07:00:00,17.1,0.2802882
2021-07-07 08:00:00,18.3,0.2844889
2021-07-07 09:00:00,19.3,0.2804667
2021-07-07 10:00:00,21.3,0.2748737
2021-07-07 11:00:00,22.6,0.2741121
2021-07-07 12:00:00,23.0,0.2718035
2021-07-07 13:00:00,23.5,0.2714584
2021-07-07 14:00:00,24.1,0.2710062
2021-07-07 15:00:00,22.9,0.2708753
2021-07-07 16:00:00,24.0,0.2702803
2021-07-07 17:00:00,24.6,0.2749451
2021-07-07 18:00:00,24.0,0.2907483
2021-07-07 19:00:00,23.3,0.3144412
2021-07-07 20:00:00,20.5,0.3104547
2021-07-07 21:00:00,18.8,0.2991259
2021-07-07 22:00:00,16.9,0.2923429
2021-07-07 23:00:00,16.4,0.2789435
2021-07-08 00:00:00,16.5,0.2619146
2021-07-08 01:00:00,17.3,0.2544652
2021-07-08 02:00:00,15.3,0.2512522
2021-07-08 03:00:00,15.4,0.2503478
2021-07-08 04:00:00,16.3,0.2501931
2021-07-08 05:00:00,16.3,0.2537274
2021-07-08 06:00:00,16.3,0.2816448
2021-07-08 07:00:00,17.4,0.2989474
2021-07-08 08:00:00,18.6,0.3004111
2021-07-08 09:00:00,20.3,0.2959367
2021-07-08 10:00:00,21.2,0.2865119
2021-07-08 11:00:00,22.3,0.2845484
2021-07-08 12:00:00,23.6,0.2806333
2021-07-08 13:00:00,24.4,0.277932
2021-07-08 14:00:00,24.3,0.2829181
2021-07-08 15:00:00,24.9,0.2932711
2021-07-08 16:00:00,24.9,0.295544
2021-07-08 17:00:00,25.1,0.3023151
2021-07-08 18:00:00,22.4,0.3198081
2021-07-08 19:00:00,17.4,0.3341
2021-07-08 20:00:00,17.0,0.33053
2021-07-08 21:00:00,17.2,0.3032789999999999
2021-07-08 22:00:00,16.9,0.2877376
2021-07-08 23:00:00,16.8,0.270673
2021-07-09 00:00:00,16.8,0.2602843
2021-07-09 01:00:00,16.6,0.2485032999999999
2021-07-09 02:00:00,16.4,0.2470396
2021-07-09 03:00:00,16.2,0.2450285
2021-07-09 04:00:00,16.3,0.2451356
2021-07-09 05:00:00,16.3,0.2481939
2021-07-09 06:00:00,16.4,0.2661272
2021-07-09 07:00:00,16.4,0.2799431
2021-07-09 08:00:00,16.5,0.2840843
2021-07-09 09:00:00,16.9,0.2800978
2021-07-09 10:00:00,17.1,0.2810974
2021-07-09 11:00:00,17.9,0.2774322
2021-07-09 12:00:00,18.4,0.26865
2021-07-09 13:00:00,18.8,0.2649848
2021-07-09 14:00:00,18.5,0.25913
2021-07-09 15:00:00,18.1,0.2546199
2021-07-09 16:00:00,18.1,0.253775
2021-07-09 17:00:00,17.6,0.2604985
2021-07-09 18:00:00,17.6,0.2680193
2021-07-09 19:00:00,17.4,0.2718392
2021-07-09 20:00:00,16.7,0.2725175
2021-07-09 21:00:00,16.6,0.2727317
2021-07-09 22:00:00,16.0,0.2706611
2021-07-09 23:00:00,15.3,0.2650562
2021-07-10 00:00:00,14.7,0.2564287
2021-07-10 01:00:00,13.8,0.2518234
2021-07-10 02:00:00,13.3,0.2457425
2021-07-10 03:00:00,13.1,0.2437076
2021-07-10 04:00:00,13.1,0.2423153
2021-07-10 05:00:00,12.1,0.2418155
2021-07-10 06:00:00,13.4,0.2436838
2021-07-10 07:00:00,15.1,0.2508238
2021-07-10 08:00:00,16.7,0.2512879
2021-07-10 09:00:00,17.9,0.2498718
2021-07-10 10:00:00,18.7,0.2445287
2021-07-10 11:00:00,19.8,0.237115
2021-07-10 12:00:00,20.3,0.2389357
2021-07-10 13:00:00,22.4,0.2339139
2021-07-10 14:00:00,22.5,0.2375077
2021-07-10 15:00:00,22.8,0.239376
2021-07-10 16:00:00,22.3,0.24247
2021-07-10 17:00:00,21.4,0.2523589
2021-07-10 18:00:00,22.4,0.2664604
2021-07-10 19:00:00,20.5,0.2721129
2021-07-10 20:00:00,20.3,0.2736361
2021-07-10 21:00:00,18.4,0.2746595
2021-07-10 22:00:00,17.6,0.272815
2021-07-10 23:00:00,17.4,0.26865
2021-07-11 00:00:00,16.5,0.259606
2021-07-11 01:00:00,15.7,0.2497171
2021-07-11 02:00:00,15.8,0.2450166
2021-07-11 03:00:00,16.3,0.2390547
2021-07-11 04:00:00,16.1,0.2373768
2021-07-11 05:00:00,15.4,0.2373411
2021-07-11 06:00:00,16.3,0.2372697
2021-07-11 07:00:00,18.2,0.2389238
2021-07-11 08:00:00,20.7,0.2407564
2021-07-11 09:00:00,22.2,0.24128
2021-07-11 10:00:00,24.0,0.2404232
2021-07-11 11:00:00,23.9,0.2430055
2021-07-11 12:00:00,23.8,0.24247
2021-07-11 13:00:00,25.0,0.2366271
2021-07-11 14:00:00,25.3,0.23176
2021-07-11 15:00:00,25.0,0.2332118
2021-07-11 16:00:00,25.4,0.2364962
2021-07-11 17:00:00,24.3,0.2433625
2021-07-11 18:00:00,23.7,0.2518115
2021-07-11 19:00:00,21.4,0.2677575
2021-07-11 20:00:00,20.7,0.2743144
2021-07-11 21:00:00,20.9,0.278289
2021-07-11 22:00:00,18.6,0.2789197
2021-07-11 23:00:00,17.0,0.2698638
2021-07-12 00:00:00,16.8,0.254846
2021-07-12 01:00:00,16.3,0.2460876
2021-07-12 02:00:00,16.0,0.24366
2021-07-12 03:00:00,15.7,0.2423748
2021-07-12 04:00:00,14.5,0.2425414
2021-07-12 05:00:00,14.8,0.2461828
2021-07-12 06:00:00,16.9,0.2684477
2021-07-12 07:00:00,18.9,0.2812878
2021-07-12 08:00:00,20.9,0.2817519
2021-07-12 09:00:00,22.1,0.276742
2021-07-12 10:00:00,22.6,0.2697686
2021-07-12 11:00:00,23.1,0.2686381
2021-07-12 12:00:00,23.7,0.2640804
2021-07-12 13:00:00,24.9,0.25913
2021-07-12 14:00:00,23.6,0.2584993
2021-07-12 15:00:00,25.5,0.2613791
2021-07-12 16:00:00,25.1,0.264723
2021-07-12 17:00:00,25.3,0.2745167
2021-07-12 18:00:00,25.3,0.2846555
2021-07-12 19:00:00,25.4,0.2989831
2021-07-12 20:00:00,24.7,0.2893679
2021-07-12 21:00:00,22.8,0.279241
2021-07-12 22:00:00,21.1,0.2772894
2021-07-12 23:00:00,20.9,0.2691736
2021-07-13 00:00:00,19.7,0.2610459
2021-07-13 01:00:00,20.3,0.254846
2021-07-13 02:00:00,19.9,0.2520138
2021-07-13 03:00:00,19.0,0.2471824
2021-07-13 04:00:00,17.6,0.2471705
2021-07-13 05:00:00,17.7,0.2561193
2021-07-13 06:00:00,18.9,0.2722319
2021-07-13 07:00:00,21.1,0.2793957
2021-07-13 08:00:00,22.1,0.2863572
2021-07-13 09:00:00,22.9,0.28174
2021-07-13 10:00:00,24.7,0.2775869
2021-07-13 11:00:00,25.7,0.2797289
2021-07-13 12:00:00,26.2,0.2738741
2021-07-13 13:00:00,26.0,0.2721724
2021-07-13 14:00:00,26.0,0.2689832
2021-07-13 15:00:00,26.0,0.2652823
2021-07-13 16:00:00,25.5,0.2649848
2021-07-13 17:00:00,25.3,0.2731601
2021-07-13 18:00:00,25.0,0.2790744
2021-07-13 19:00:00,24.8,0.28055
2021-07-13 20:00:00,23.2,0.2749451
2021-07-13 21:00:00,22.1,0.2728388
2021-07-13 22:00:00,21.5,0.2686857
2021-07-13 23:00:00,20.8,0.258059
2021-07-14 00:00:00,20.5,0.24842
2021-07-14 01:00:00,19.9,0.245088
2021-07-14 02:00:00,19.6,0.2423034
2021-07-14 03:00:00,19.5,0.2420773
2021-07-14 04:00:00,19.4,0.2441122
2021-07-14 05:00:00,19.3,0.2494315
2021-07-14 06:00:00,19.3,0.2690546
2021-07-14 07:00:00,19.6,0.2805262
2021-07-14 08:00:00,20.1,0.2878209
2021-07-14 09:00:00,20.4,0.2865833
2021-07-14 10:00:00,19.8,0.2785508
2021-07-14 11:00:00,20.0,0.2759685
2021-07-14 12:00:00,21.6,0.2691379
2021-07-14 13:00:00,22.7,0.2609745
2021-07-14 14:00:00,22.4,0.2496695
2021-07-14 15:00:00,20.8,0.2441836
2021-07-14 16:00:00,20.3,0.2403042
2021-07-14 17:00:00,20.7,0.2530253
2021-07-14 18:00:00,19.6,0.2648777
2021-07-14 19:00:00,19.5,0.2668174
2021-07-14 20:00:00,19.4,0.2678527
2021-07-14 21:00:00,18.4,0.2604509
2021-07-14 22:00:00,18.0,0.257345
2021-07-14 23:00:00,18.3,0.2456592
2021-07-15 00:00:00,17.4,0.2483605
2021-07-15 01:00:00,15.8,0.2470277
2021-07-15 02:00:00,17.0,0.2458139
2021-07-15 03:00:00,16.8,0.2457068
2021-07-15 04:00:00,16.9,0.24842
2021-07-15 05:00:00,16.9,0.2525136
2021-07-15 06:00:00,17.0,0.2719106
2021-07-15 07:00:00,17.9,0.28055
2021-07-15 08:00:00,19.9,0.28055
2021-07-15 09:00:00,21.1,0.2783723
2021-07-15 10:00:00,21.2,0.2760637
2021-07-15 11:00:00,22.7,0.2755877
2021-07-15 12:00:00,24.0,0.2684001
2021-07-15 13:00:00,23.6,0.2637234
2021-07-15 14:00:00,24.2,0.25675
2021-07-15 15:00:00,24.6,0.2507762
2021-07-15 16:00:00,24.7,0.2485628
2021-07-15 17:00:00,25.7,0.2634259
2021-07-15 18:00:00,24.7,0.2682216
2021-07-15 19:00:00,24.7,0.270673
2021-07-15 20:00:00,23.7,0.270197
2021-07-15 21:00:00,21.3,0.2649729
2021-07-15 22:00:00,19.8,0.2637234
2021-07-15 23:00:00,19.2,0.2569523
2021-07-16 00:00:00,18.5,0.2497766
2021-07-16 01:00:00,17.9,0.2447428999999999
2021-07-16 02:00:00,17.8,0.2426247
2021-07-16 03:00:00,17.6,0.2410539
2021-07-16 04:00:00,17.4,0.2420178
2021-07-16 05:00:00,17.3,0.2469087
2021-07-16 06:00:00,17.1,0.2673172
2021-07-16 07:00:00,17.2,0.2768253
2021-07-16 08:00:00,17.4,0.2764921
2021-07-16 09:00:00,17.7,0.2721129
2021-07-16 10:00:00,17.8,0.2667103
2021-07-16 11:00:00,18.9,0.2631998
2021-07-16 12:00:00,19.9,0.2615814
2021-07-16 13:00:00,20.3,0.2484319
2021-07-16 14:00:00,21.3,0.2438385
2021-07-16 15:00:00,21.7,0.2392332
2021-07-16 16:00:00,22.9,0.2403994
2021-07-16 17:00:00,22.4,0.2483129
2021-07-16 18:00:00,22.4,0.2627
2021-07-16 19:00:00,22.8,0.2709467
2021-07-16 20:00:00,21.7,0.2709467
2021-07-16 21:00:00,20.3,0.268531
2021-07-16 22:00:00,18.9,0.2640923
2021-07-16 23:00:00,18.3,0.2521923
2021-07-17 00:00:00,17.9,0.2423153
2021-07-17 01:00:00,17.1,0.2389119
2021-07-17 02:00:00,16.9,0.2341638
2021-07-17 03:00:00,16.9,0.2274522
2021-07-17 04:00:00,16.8,0.2240012
2021-07-17 05:00:00,16.9,0.2232634
2021-07-17 06:00:00,17.2,0.2297013
2021-07-17 07:00:00,17.6,0.2389952
2021-07-17 08:00:00,18.7,0.2455164
2021-07-17 09:00:00,20.7,0.2434696
2021-07-17 10:00:00,22.3,0.239019
2021-07-17 11:00:00,24.0,0.2349968
2021-07-17 12:00:00,24.5,0.2218235
2021-07-17 13:00:00,25.4,0.2129937
2021-07-17 14:00:00,26.1,0.1913952
2021-07-17 15:00:00,25.7,0.1757348
2021-07-17 16:00:00,25.5,0.1901219
2021-07-17 17:00:00,25.0,0.2163733
2021-07-17 18:00:00,23.7,0.2365557
2021-07-17 19:00:00,22.3,0.2478964
2021-07-17 20:00:00,20.7,0.2520614
2021-07-17 21:00:00,18.6,0.2485509
2021-07-17 22:00:00,16.4,0.2455878
2021-07-17 23:00:00,16.3,0.2353657
2021-07-18 00:00:00,15.4,0.229737
2021-07-18 01:00:00,14.8,0.2219425
2021-07-18 02:00:00,15.5,0.2161234
2021-07-18 03:00:00,15.9,0.2153023
2021-07-18 04:00:00,16.1,0.2097331
2021-07-18 05:00:00,16.0,0.2107327
2021-07-18 06:00:00,16.3,0.2160877
2021-07-18 07:00:00,16.2,0.2216331
2021-07-18 08:00:00,16.9,0.2208358
2021-07-18 09:00:00,17.5,0.2110183
2021-07-18 10:00:00,18.6,0.1976427
2021-07-18 11:00:00,20.1,0.1862782
2021-07-18 12:00:00,21.2,0.1788764
2021-07-18 13:00:00,22.5,0.155719
2021-07-18 14:00:00,23.8,0.1543624
2021-07-18 15:00:00,24.5,0.14965
2021-07-18 16:00:00,25.9,0.1556119
2021-07-18 17:00:00,25.6,0.182375
2021-07-18 18:00:00,25.1,0.2246438
2021-07-18 19:00:00,23.9,0.2443978
2021-07-18 20:00:00,20.6,0.2507048
2021-07-18 21:00:00,19.2,0.2567857
2021-07-18 22:00:00,17.7,0.2676861
2021-07-18 23:00:00,16.2,0.2640447
2021-07-19 00:00:00,15.6,0.242589
2021-07-19 01:00:00,16.2,0.235568
2021-07-19 02:00:00,16.2,0.232236
2021-07-19 03:00:00,16.0,0.2327477
2021-07-19 04:00:00,15.4,0.2338068
2021-07-19 05:00:00,13.9,0.2430412
2021-07-19 06:00:00,13.9,0.269007
2021-07-19 07:00:00,15.3,0.2746
2021-07-19 08:00:00,16.0,0.2806095
2021-07-19 09:00:00,17.2,0.2733981
2021-07-19 10:00:00,18.3,0.26865
2021-07-19 11:00:00,18.7,0.266389
2021-07-19 12:00:00,18.4,0.2619384
2021-07-19 13:00:00,18.9,0.2549412
2021-07-19 14:00:00,19.1,0.248896
2021-07-19 15:00:00,18.6,0.2483605
2021-07-19 16:00:00,18.0,0.2568809
2021-07-19 17:00:00,17.3,0.267103
2021-07-19 18:00:00,16.8,0.2746
2021-07-19 19:00:00,16.6,0.2865
2021-07-19 20:00:00,16.3,0.292688
2021-07-19 21:00:00,15.5,0.2865238
2021-07-19 22:00:00,14.5,0.2791934
2021-07-19 23:00:00,13.3,0.2719582
2021-07-20 00:00:00,14.0,0.257583
2021-07-20 01:00:00,14.0,0.2523589
2021-07-20 02:00:00,13.9,0.250443
2021-07-20 03:00:00,13.8,0.2476822
2021-07-20 04:00:00,13.7,0.2483367
2021-07-20 05:00:00,13.8,0.251871
2021-07-20 06:00:00,13.9,0.2734457
2021-07-20 07:00:00,14.4,0.2922715
2021-07-20 08:00:00,15.1,0.2881184
2021-07-20 09:00:00,15.9,0.2771109
2021-07-20 10:00:00,16.8,0.2662819
2021-07-20 11:00:00,17.0,0.2614148
2021-07-20 12:00:00,17.1,0.25675
2021-07-20 13:00:00,17.7,0.248777
2021-07-20 14:00:00,19.6,0.2458853
2021-07-20 15:00:00,20.1,0.2489555
2021-07-20 16:00:00,20.5,0.251157
2021-07-20 17:00:00,20.9,0.2585588
2021-07-20 18:00:00,20.5,0.2726246
2021-07-20 19:00:00,19.7,0.28174
2021-07-20 20:00:00,19.0,0.289713
2021-07-20 21:00:00,18.2,0.2864643
2021-07-20 22:00:00,17.8,0.28174
2021-07-20 23:00:00,17.3,0.26389
2021-07-21 00:00:00,16.6,0.2531919
2021-07-21 01:00:00,16.4,0.2486342
2021-07-21 02:00:00,16.1,0.2462185
2021-07-21 03:00:00,15.8,0.246635
2021-07-21 04:00:00,15.8,0.246397
2021-07-21 05:00:00,15.7,0.2508
2021-07-21 06:00:00,16.0,0.2665794
2021-07-21 07:00:00,16.6,0.2824064
2021-07-21 08:00:00,17.3,0.2846555
2021-07-21 09:00:00,18.3,0.2697329
2021-07-21 10:00:00,20.1,0.2592133
2021-07-21 11:00:00,18.4,0.2507762
2021-07-21 12:00:00,19.6,0.2503359
2021-07-21 13:00:00,21.0,0.2465636
2021-07-21 14:00:00,21.6,0.2459567
2021-07-21 15:00:00,21.5,0.2472776
2021-07-21 16:00:00,22.2,0.2539297
2021-07-21 17:00:00,20.3,0.2635687
2021-07-21 18:00:00,20.4,0.2767182
2021-07-21 19:00:00,20.4,0.2907721
2021-07-21 20:00:00,19.5,0.2882136
2021-07-21 21:00:00,18.8,0.2865
2021-07-21 22:00:00,17.5,0.2800621
2021-07-21 23:00:00,17.7,0.269245
2021-07-22 00:00:00,17.4,0.2543819
2021-07-22 01:00:00,17.1,0.2476584
2021-07-22 02:00:00,16.4,0.2460281
2021-07-22 03:00:00,15.1,0.2448619
2021-07-22 04:00:00,16.1,0.2438028
2021-07-22 05:00:00,14.9,0.248539
2021-07-22 06:00:00,15.1,0.2687214
2021-07-22 07:00:00,15.9,0.2790863
2021-07-22 08:00:00,17.4,0.2808475
2021-07-22 09:00:00,17.3,0.2709348
2021-07-22 10:00:00,16.9,0.2604152
2021-07-22 11:00:00,17.9,0.2571903
2021-07-22 12:00:00,20.7,0.2523708
2021-07-22 13:00:00,20.9,0.2491221
2021-07-22 14:00:00,21.7,0.2456116
2021-07-22 15:00:00,22.0,0.24366
2021-07-22 16:00:00,22.6,0.2507048
2021-07-22 17:00:00,22.2,0.2602962
2021-07-22 18:00:00,21.8,0.2697924
2021-07-22 19:00:00,20.9,0.27698
2021-07-22 20:00:00,19.1,0.28055
2021-07-22 21:00:00,17.4,0.2770157
2021-07-22 22:00:00,15.7,0.2711014
2021-07-22 23:00:00,14.7,0.2554886
2021-07-23 00:00:00,12.9,0.2579757
2021-07-23 01:00:00,11.8,0.250919
2021-07-23 02:00:00,10.9,0.2466230999999999
2021-07-23 03:00:00,10.4,0.244969
2021-07-23 04:00:00,10.2,0.2468373
2021-07-23 05:00:00,9.5,0.2544057
2021-07-23 06:00:00,10.8,0.2679598
2021-07-23 07:00:00,13.1,0.2812997
2021-07-23 08:00:00,15.6,0.2828229
2021-07-23 09:00:00,17.2,0.2722914
2021-07-23 10:00:00,17.3,0.2662819
2021-07-23 11:00:00,17.5,0.2626405
2021-07-23 12:00:00,18.6,0.2604271
2021-07-23 13:00:00,19.4,0.2498361
2021-07-23 14:00:00,19.5,0.2442669
2021-07-23 15:00:00,20.4,0.2448619
2021-07-23 16:00:00,20.4,0.245802
2021-07-23 17:00:00,20.1,0.2572855
2021-07-23 18:00:00,20.1,0.2669245
2021-07-23 19:00:00,19.3,0.2786698
2021-07-23 20:00:00,17.9,0.2817519
2021-07-23 21:00:00,15.7,0.2742668
2021-07-23 22:00:00,14.8,0.2688285
2021-07-23 23:00:00,14.1,0.2626048
2021-07-24 00:00:00,13.5,0.25675
2021-07-24 01:00:00,12.9,0.2512998
2021-07-24 02:00:00,12.6,0.246397
2021-07-24 03:00:00,11.9,0.2404232
2021-07-24 04:00:00,11.3,0.2392927
2021-07-24 05:00:00,11.3,0.2387453
2021-07-24 06:00:00,12.4,0.240447
2021-07-24 07:00:00,14.9,0.2458734
2021-07-24 08:00:00,18.1,0.248777
2021-07-24 09:00:00,20.4,0.2493839
2021-07-24 10:00:00,21.8,0.2454807
2021-07-24 11:00:00,23.6,0.2413157
2021-07-24 12:00:00,25.3,0.239257
2021-07-24 13:00:00,26.8,0.2318076
2021-07-24 14:00:00,27.9,0.230689
2021-07-24 15:00:00,28.1,0.2329619
2021-07-24 16:00:00,28.2,0.2376029
2021-07-24 17:00:00,28.0,0.2480868
2021-07-24 18:00:00,26.7,0.2568333
2021-07-24 19:00:00,21.7,0.2629499
2021-07-24 20:00:00,21.9,0.2627476
2021-07-24 21:00:00,20.8,0.25913
2021-07-24 22:00:00,18.6,0.250205
2021-07-24 23:00:00,18.6,0.241756
2021-07-25 00:00:00,18.1,0.2258814
2021-07-25 01:00:00,18.6,0.2201456
2021-07-25 02:00:00,18.5,0.2192769
2021-07-25 03:00:00,18.3,0.2139814
2021-07-25 04:00:00,18.0,0.2140171
2021-07-25 05:00:00,17.4,0.214029
2021-07-25 06:00:00,17.9,0.2140052
2021-07-25 07:00:00,19.1,0.2140885
2021-07-25 08:00:00,20.4,0.2193602
2021-07-25 09:00:00,21.4,0.2179679
2021-07-25 10:00:00,22.2,0.2141837
2021-07-25 11:00:00,23.7,0.215457
2021-07-25 12:00:00,24.8,0.214981
2021-07-25 13:00:00,24.8,0.2133864
2021-07-25 14:00:00,25.6,0.2112206
2021-07-25 15:00:00,26.8,0.2125415
2021-07-25 16:00:00,26.6,0.2146835
2021-07-25 17:00:00,25.0,0.2355323
2021-07-25 18:00:00,26.1,0.251276
2021-07-25 19:00:00,25.7,0.2600463
2021-07-25 20:00:00,23.1,0.2644374
2021-07-25 21:00:00,20.4,0.2649015
2021-07-25 22:00:00,19.5,0.2649134
2021-07-25 23:00:00,18.3,0.2578567
2021-07-26 00:00:00,17.1,0.245326
2021-07-26 01:00:00,17.0,0.241994
2021-07-26 02:00:00,16.3,0.2388286
2021-07-26 03:00:00,16.9,0.2377933
2021-07-26 04:00:00,17.1,0.2418036
2021-07-26 05:00:00,16.6,0.2465636
2021-07-26 06:00:00,17.3,0.2633426
2021-07-26 07:00:00,19.5,0.2745524
2021-07-26 08:00:00,20.4,0.27698
2021-07-26 09:00:00,23.6,0.2734814
2021-07-26 10:00:00,25.0,0.2646992
2021-07-26 11:00:00,26.1,0.2626762
2021-07-26 12:00:00,25.5,0.2589277
2021-07-26 13:00:00,27.0,0.253656
2021-07-26 14:00:00,25.8,0.2531681
2021-07-26 15:00:00,27.1,0.2548817
2021-07-26 16:00:00,27.1,0.2548579
2021-07-26 17:00:00,23.5,0.2647587
2021-07-26 18:00:00,25.6,0.2786579
2021-07-26 19:00:00,25.1,0.28531
2021-07-26 20:00:00,23.3,0.28531
2021-07-26 21:00:00,22.2,0.2803358
2021-07-26 22:00:00,20.8,0.26865
2021-07-26 23:00:00,19.9,0.2554886
2021-07-27 00:00:00,18.7,0.2508952
2021-07-27 01:00:00,18.5,0.245207
2021-07-27 02:00:00,17.7,0.2419345
2021-07-27 03:00:00,18.1,0.2414823
2021-07-27 04:00:00,18.1,0.2401138
2021-07-27 05:00:00,16.4,0.2460638
2021-07-27 06:00:00,17.8,0.2640685
2021-07-27 07:00:00,18.7,0.2745048
2021-07-27 08:00:00,19.8,0.2757662
2021-07-27 09:00:00,20.2,0.2618313
2021-07-27 10:00:00,20.4,0.2556552
2021-07-27 11:00:00,21.8,0.2551673
2021-07-27 12:00:00,22.2,0.25437
2021-07-27 13:00:00,23.0,0.2501217
2021-07-27 14:00:00,24.1,0.24842
2021-07-27 15:00:00,26.1,0.250562
2021-07-27 16:00:00,25.5,0.2542034
2021-07-27 17:00:00,25.2,0.2659725
2021-07-27 18:00:00,24.1,0.2763136
2021-07-27 19:00:00,17.3,0.2888086
2021-07-27 20:00:00,17.3,0.2838701
2021-07-27 21:00:00,17.2,0.2802406
2021-07-27 22:00:00,17.0,0.2674481
2021-07-27 23:00:00,17.2,0.2524898
2021-07-28 00:00:00,17.2,0.2538821
2021-07-28 01:00:00,16.8,0.2453379
2021-07-28 02:00:00,16.7,0.240209
2021-07-28 03:00:00,15.7,0.2437076
2021-07-28 04:00:00,15.0,0.2441479
2021-07-28 05:00:00,15.5,0.2470039
2021-07-28 06:00:00,16.0,0.2685548
2021-07-28 07:00:00,17.2,0.2856551
2021-07-28 08:00:00,18.1,0.2887134
2021-07-28 09:00:00,18.9,0.2685905
2021-07-28 10:00:00,19.9,0.2568452
2021-07-28 11:00:00,20.8,0.2508119
2021-07-28 12:00:00,21.9,0.2401257
2021-07-28 13:00:00,21.9,0.2279401
2021-07-28 14:00:00,17.6,0.2253578
2021-07-28 15:00:00,20.6,0.2226684
2021-07-28 16:00:00,22.3,0.220574
2021-07-28 17:00:00,22.6,0.2319266
2021-07-28 18:00:00,23.1,0.2523351
2021-07-28 19:00:00,21.9,0.2640447
2021-07-28 20:00:00,20.6,0.2685667
2021-07-28 21:00:00,20.0,0.2606294
2021-07-28 22:00:00,18.9,0.2543938
2021-07-28 23:00:00,18.0,0.2406731
2021-07-29 00:00:00,16.7,0.2217402
2021-07-29 01:00:00,16.7,0.215219
2021-07-29 02:00:00,15.9,0.2103162
2021-07-29 03:00:00,15.9,0.2072817
2021-07-29 04:00:00,15.2,0.2088049
2021-07-29 05:00:00,15.2,0.2161115
2021-07-29 06:00:00,15.5,0.2266073
2021-07-29 07:00:00,15.9,0.2379837
2021-07-29 08:00:00,16.6,0.2340686
2021-07-29 09:00:00,17.8,0.2134221
2021-07-29 10:00:00,18.4,0.1672977
2021-07-29 11:00:00,18.3,0.1556833
2021-07-29 12:00:00,20.1,0.1556
2021-07-29 13:00:00,19.7,0.1497095
2021-07-29 14:00:00,20.6,0.1450566
2021-07-29 15:00:00,21.1,0.1543029
2021-07-29 16:00:00,20.5,0.1557071
2021-07-29 17:00:00,20.3,0.2087811
2021-07-29 18:00:00,20.1,0.2448262
2021-07-29 19:00:00,19.8,0.2643065
2021-07-29 20:00:00,18.7,0.2677694
2021-07-29 21:00:00,17.1,0.2698162
2021-07-29 22:00:00,16.6,0.2662105
2021-07-29 23:00:00,16.4,0.2543105
2021-07-30 00:00:00,15.1,0.2295347
2021-07-30 01:00:00,14.2,0.2185986
2021-07-30 02:00:00,14.3,0.2151833
2021-07-30 03:00:00,13.5,0.2113634
2021-07-30 04:00:00,13.1,0.2105899
2021-07-30 05:00:00,12.8,0.2232991
2021-07-30 06:00:00,13.7,0.241399
2021-07-30 07:00:00,15.5,0.2492887
2021-07-30 08:00:00,17.4,0.2509666
2021-07-30 09:00:00,18.4,0.2307009
2021-07-30 10:00:00,20.2,0.2224542
2021-07-30 11:00:00,21.6,0.2154689
2021-07-30 12:00:00,22.4,0.213553
2021-07-30 13:00:00,23.4,0.2073412
2021-07-30 14:00:00,24.1,0.2035213
2021-07-30 15:00:00,23.4,0.207365
2021-07-30 16:00:00,23.7,0.2113634
2021-07-30 17:00:00,25.1,0.2315339
2021-07-30 18:00:00,23.3,0.2451594
2021-07-30 19:00:00,23.5,0.28174
2021-07-30 20:00:00,21.7,0.2938423
2021-07-30 21:00:00,21.9,0.27579
2021-07-30 22:00:00,21.5,0.25675
2021-07-30 23:00:00,18.2,0.2384478
2021-07-31 00:00:00,17.4,0.22581
2021-07-31 01:00:00,16.9,0.2194197
2021-07-31 02:00:00,17.0,0.2052944
2021-07-31 03:00:00,16.4,0.2019505
2021-07-31 04:00:00,15.9,0.1983448
2021-07-31 05:00:00,15.7,0.1953103
2021-07-31 06:00:00,16.4,0.2037117
2021-07-31 07:00:00,17.0,0.2038783
2021-07-31 08:00:00,17.4,0.1986899
2021-07-31 09:00:00,17.4,0.1731644
2021-07-31 10:00:00,18.2,0.1556119
2021-07-31 11:00:00,18.3,0.1555167
2021-07-31 12:00:00,19.0,0.1437714
2021-07-31 13:00:00,18.7,0.1317643
2021-07-31 14:00:00,18.7,0.1317286
2021-07-31 15:00:00,19.0,0.1330376
2021-07-31 16:00:00,19.4,0.1539578
2021-07-31 17:00:00,19.2,0.1668336
2021-07-31 18:00:00,19.5,0.2158259
2021-07-31 19:00:00,19.2,0.2335807
2021-07-31 20:00:00,17.9,0.2388167
2021-07-31 21:00:00,17.3,0.2399829
2021-07-31 22:00:00,16.7,0.2336164
2021-07-31 23:00:00,16.0,0.226524
2021-08-01 00:00:00,15.3,0.2184558
2021-08-01 01:00:00,14.9,0.2143027
2021-08-01 02:00:00,14.3,0.2144098
2021-08-01 03:00:00,14.1,0.2148501
2021-08-01 04:00:00,14.6,0.2151
2021-08-01 05:00:00,13.9,0.2178965
2021-08-01 06:00:00,14.8,0.2151238
2021-08-01 07:00:00,15.4,0.2232991
2021-08-01 08:00:00,16.7,0.2243701
2021-08-01 09:00:00,18.2,0.2243344
2021-08-01 10:00:00,18.0,0.2260004
2021-08-01 11:00:00,18.9,0.2261075
2021-08-01 12:00:00,20.8,0.227119
2021-08-01 13:00:00,21.5,0.2222757
2021-08-01 14:00:00,21.8,0.2151714
2021-08-01 15:00:00,20.9,0.2138386
2021-08-01 16:00:00,19.3,0.2161353
2021-08-01 17:00:00,18.7,0.2277021
2021-08-01 18:00:00,18.5,0.2371388
2021-08-01 19:00:00,17.8,0.2459448
2021-08-01 20:00:00,17.0,0.2508
2021-08-01 21:00:00,15.3,0.2460519
2021-08-01 22:00:00,15.0,0.2423867
2021-08-01 23:00:00,14.9,0.227357
2021-08-02 00:00:00,14.4,0.2288564
2021-08-02 01:00:00,14.3,0.2222995
2021-08-02 02:00:00,13.5,0.2207049
2021-08-02 03:00:00,12.8,0.2165756
2021-08-02 04:00:00,12.2,0.2165994
2021-08-02 05:00:00,12.0,0.2260956
2021-08-02 06:00:00,12.5,0.2533942
2021-08-02 07:00:00,13.3,0.2626048
2021-08-02 08:00:00,14.7,0.2715893
2021-08-02 09:00:00,15.7,0.2600106
2021-08-02 10:00:00,16.4,0.254132
2021-08-02 11:00:00,17.1,0.2507405
2021-08-02 12:00:00,18.1,0.2470277
2021-08-02 13:00:00,20.3,0.2389952
2021-08-02 14:00:00,19.2,0.231998
2021-08-02 15:00:00,17.9,0.2373173
2021-08-02 16:00:00,20.2,0.2388643
2021-08-02 17:00:00,19.7,0.2535965
2021-08-02 18:00:00,19.0,0.269364
2021-08-02 19:00:00,18.4,0.2846079
2021-08-02 20:00:00,16.2,0.294473
2021-08-02 21:00:00,14.4,0.2954488
2021-08-02 22:00:00,13.9,0.2805143
2021-08-02 23:00:00,13.8,0.2661629
2021-08-03 00:00:00,14.4,0.2572498
2021-08-03 01:00:00,14.1,0.2491221
2021-08-03 02:00:00,13.7,0.2481701
2021-08-03 03:00:00,13.6,0.2448857
2021-08-03 04:00:00,13.5,0.2448619
2021-08-03 05:00:00,13.2,0.2493482
2021-08-03 06:00:00,13.6,0.2755758
2021-08-03 07:00:00,14.7,0.3103
2021-08-03 08:00:00,15.7,0.2966388
2021-08-03 09:00:00,16.3,0.2794314
2021-08-03 10:00:00,17.9,0.2701137
2021-08-03 11:00:00,18.0,0.2688998999999999
2021-08-03 12:00:00,19.2,0.2684001
2021-08-03 13:00:00,19.6,0.2614624
2021-08-03 14:00:00,19.1,0.2573212
2021-08-03 15:00:00,19.0,0.2572498
2021-08-03 16:00:00,19.2,0.2602367
2021-08-03 17:00:00,19.5,0.2743501
2021-08-03 18:00:00,19.3,0.2929498
2021-08-03 19:00:00,18.2,0.2978288
2021-08-03 20:00:00,17.2,0.2957344
2021-08-03 21:00:00,16.7,0.2865
2021-08-03 22:00:00,16.6,0.280431
2021-08-03 23:00:00,15.9,0.2636758
2021-08-04 00:00:00,15.6,0.258059
2021-08-04 01:00:00,14.4,0.2510737
2021-08-04 02:00:00,13.8,0.2472538
2021-08-04 03:00:00,13.6,0.2468135
2021-08-04 04:00:00,13.8,0.248182
2021-08-04 05:00:00,13.6,0.2549412
2021-08-04 06:00:00,14.0,0.2701375
2021-08-04 07:00:00,14.2,0.2843937
2021-08-04 08:00:00,14.4,0.3020176
2021-08-04 09:00:00,15.1,0.2920692
2021-08-04 10:00:00,16.1,0.2874163
2021-08-04 11:00:00,17.6,0.2769562
2021-08-04 12:00:00,20.3,0.2727436
2021-08-04 13:00:00,21.6,0.2697329
2021-08-04 14:00:00,22.3,0.2636877
2021-08-04 15:00:00,22.3,0.2627238
2021-08-04 16:00:00,21.4,0.2614029
2021-08-04 17:00:00,20.7,0.2698043
2021-08-04 18:00:00,18.6,0.2834774
2021-08-04 19:00:00,16.0,0.3090386
2021-08-04 20:00:00,15.7,0.30316
2021-08-04 21:00:00,15.2,0.286619
2021-08-04 22:00:00,15.1,0.2736718
2021-08-04 23:00:00,15.2,0.2627357
2021-08-05 00:00:00,14.7,0.2573807
2021-08-05 01:00:00,14.6,0.2519781
2021-08-05 02:00:00,13.5,0.2485985
2021-08-05 03:00:00,13.2,0.2485985
2021-08-05 04:00:00,14.0,0.2493244
2021-08-05 05:00:00,13.4,0.2543105
2021-08-05 06:00:00,13.8,0.2722676
2021-08-05 07:00:00,14.3,0.304469
2021-08-05 08:00:00,15.2,0.305778
2021-08-05 09:00:00,15.5,0.2927951
2021-08-05 10:00:00,16.5,0.2842866
2021-08-05 11:00:00,18.0,0.27579
2021-08-05 12:00:00,19.4,0.27341
2021-08-05 13:00:00,20.6,0.2612601
2021-08-05 14:00:00,22.0,0.2543581
2021-08-05 15:00:00,23.2,0.2525612
2021-08-05 16:00:00,19.9,0.2568809
2021-08-05 17:00:00,17.4,0.2646754
2021-08-05 18:00:00,17.2,0.2835012
2021-08-05 19:00:00,17.0,0.2876305
2021-08-05 20:00:00,16.4,0.2885706
2021-08-05 21:00:00,15.1,0.2711847
2021-08-05 22:00:00,14.6,0.25437
2021-08-05 23:00:00,14.3,0.239614
2021-08-06 00:00:00,14.7,0.2329857
2021-08-06 01:00:00,14.1,0.231165
2021-08-06 02:00:00,14.0,0.2305343
2021-08-06 03:00:00,13.3,0.2318433
2021-08-06 04:00:00,12.7,0.2320337
2021-08-06 05:00:00,13.1,0.2346755
2021-08-06 06:00:00,13.4,0.2525017
2021-08-06 07:00:00,15.6,0.2627
2021-08-06 08:00:00,17.2,0.2686262
2021-08-06 09:00:00,18.9,0.2580947
2021-08-06 10:00:00,19.9,0.2478488
2021-08-06 11:00:00,21.2,0.2378052
2021-08-06 12:00:00,20.6,0.2326406
2021-08-06 13:00:00,22.2,0.2259885
2021-08-06 14:00:00,20.0,0.2206216
2021-08-06 15:00:00,18.9,0.2213832
2021-08-06 16:00:00,20.4,0.2257267
2021-08-06 17:00:00,20.3,0.2331999
2021-08-06 18:00:00,20.3,0.2483724
2021-08-06 19:00:00,18.9,0.25675
2021-08-06 20:00:00,18.1,0.2558813
2021-08-06 21:00:00,17.5,0.2519662
2021-08-06 22:00:00,16.0,0.2498956
2021-08-06 23:00:00,16.9,0.2359845
2021-08-07 00:00:00,16.1,0.2323907
2021-08-07 01:00:00,16.1,0.2258457
2021-08-07 02:00:00,16.1,0.2243582
2021-08-07 03:00:00,16.2,0.2234419
2021-08-07 04:00:00,16.3,0.2247033
2021-08-07 05:00:00,15.9,0.2279044
2021-08-07 06:00:00,15.9,0.2279996
2021-08-07 07:00:00,16.9,0.2303677
2021-08-07 08:00:00,18.2,0.2319266
2021-08-07 09:00:00,18.5,0.226881
2021-08-07 10:00:00,20.4,0.2224066
2021-08-07 11:00:00,21.2,0.219503
2021-08-07 12:00:00,22.4,0.2193007
2021-08-07 13:00:00,22.0,0.2169564
2021-08-07 14:00:00,22.3,0.2193126
2021-08-07 15:00:00,22.6,0.2192888
2021-08-07 16:00:00,23.2,0.2234419
2021-08-07 17:00:00,22.5,0.2378052
2021-08-07 18:00:00,18.2,0.24723
2021-08-07 19:00:00,18.2,0.2508952
2021-08-07 20:00:00,18.4,0.244969
2021-08-07 21:00:00,17.7,0.23771
2021-08-07 22:00:00,17.6,0.2319861
2021-08-07 23:00:00,17.3,0.2246438
2021-08-08 00:00:00,16.9,0.1746638
2021-08-08 01:00:00,17.0,0.1571113
2021-08-08 02:00:00,16.7,0.1563973
2021-08-08 03:00:00,15.9,0.1563021
2021-08-08 04:00:00,15.8,0.1556833
2021-08-08 05:00:00,16.0,0.1556476
2021-08-08 06:00:00,16.1,0.1556476
2021-08-08 07:00:00,16.3,0.1552549
2021-08-08 08:00:00,17.0,0.1553977
2021-08-08 09:00:00,17.6,0.1503997
2021-08-08 10:00:00,18.0,0.1437476
2021-08-08 11:00:00,18.1,0.13894
2021-08-08 12:00:00,18.2,0.1317048
2021-08-08 13:00:00,18.7,0.104073
2021-08-08 14:00:00,19.5,0.0805943
2021-08-08 15:00:00,20.7,0.0932083
2021-08-08 16:00:00,20.4,0.1215779
2021-08-08 17:00:00,19.9,0.1504354
2021-08-08 18:00:00,19.5,0.2040806
2021-08-08 19:00:00,18.1,0.22938
2021-08-08 20:00:00,15.1,0.2365795
2021-08-08 21:00:00,14.8,0.234021
2021-08-08 22:00:00,14.1,0.2314387
2021-08-08 23:00:00,14.0,0.2229302
2021-08-09 00:00:00,14.2,0.2080076
2021-08-09 01:00:00,14.5,0.202248
2021-08-09 02:00:00,14.7,0.2011413
2021-08-09 03:00:00,14.2,0.1935848
2021-08-09 04:00:00,13.6,0.200225
2021-08-09 05:00:00,13.5,0.2161472
2021-08-09 06:00:00,14.8,0.2415537
2021-08-09 07:00:00,15.1,0.2536441
2021-08-09 08:00:00,15.8,0.259011
2021-08-09 09:00:00,17.7,0.2497647
2021-08-09 10:00:00,17.7,0.2335331
2021-08-09 11:00:00,17.9,0.2246438
2021-08-09 12:00:00,18.2,0.2261908
2021-08-09 13:00:00,19.4,0.2201456
2021-08-09 14:00:00,19.6,0.2161115
2021-08-09 15:00:00,19.6,0.2210143
2021-08-09 16:00:00,19.8,0.2233705
2021-08-09 17:00:00,20.7,0.2448024
2021-08-09 18:00:00,20.4,0.2643303
2021-08-09 19:00:00,16.2,0.2780629
2021-08-09 20:00:00,17.5,0.2836559
2021-08-09 21:00:00,16.6,0.27817
2021-08-09 22:00:00,16.1,0.2702446
2021-08-09 23:00:00,16.0,0.2551435
2021-08-10 00:00:00,15.3,0.2432435
2021-08-10 01:00:00,14.9,0.2400424
2021-08-10 02:00:00,14.7,0.2356751
2021-08-10 03:00:00,14.0,0.2330214
2021-08-10 04:00:00,14.7,0.2356156
2021-08-10 05:00:00,14.8,0.2395069
2021-08-10 06:00:00,14.6,0.2578924
2021-08-10 07:00:00,15.4,0.2808237
2021-08-10 08:00:00,15.3,0.29245
2021-08-10 09:00:00,16.9,0.2821565
2021-08-10 10:00:00,18.5,0.2713632
2021-08-10 11:00:00,19.9,0.2604628
2021-08-10 12:00:00,20.6,0.256274
2021-08-10 13:00:00,21.1,0.2506929
2021-08-10 14:00:00,20.8,0.2437433
2021-08-10 15:00:00,22.1,0.2454331
2021-08-10 16:00:00,20.9,0.2512165
2021-08-10 17:00:00,20.6,0.2621169
2021-08-10 18:00:00,18.2,0.2800026
2021-08-10 19:00:00,17.5,0.2939851
2021-08-10 20:00:00,15.8,0.3188323
2021-08-10 21:00:00,14.9,0.2984
2021-08-10 22:00:00,13.8,0.288404
2021-08-10 23:00:00,13.4,0.2653775
2021-08-11 00:00:00,12.2,0.2639733
2021-08-11 01:00:00,11.8,0.256869
2021-08-11 02:00:00,12.6,0.2554767
2021-08-11 03:00:00,10.9,0.253299
2021-08-11 04:00:00,11.0,0.2535608
2021-08-11 05:00:00,10.6,0.2609269
2021-08-11 06:00:00,10.9,0.2840724
2021-08-11 07:00:00,13.8,0.3151076
2021-08-11 08:00:00,16.4,0.3003159
2021-08-11 09:00:00,17.8,0.2852862
2021-08-11 10:00:00,18.8,0.2662343
2021-08-11 11:00:00,19.8,0.2610697
2021-08-11 12:00:00,20.2,0.256274
2021-08-11 13:00:00,21.6,0.2534299
2021-08-11 14:00:00,21.3,0.2511451
2021-08-11 15:00:00,22.8,0.2543224
2021-08-11 16:00:00,23.1,0.2603795
2021-08-11 17:00:00,22.2,0.2799193
2021-08-11 18:00:00,22.9,0.29245
2021-08-11 19:00:00,22.0,0.3084674
2021-08-11 20:00:00,19.5,0.3222238
2021-08-11 21:00:00,17.4,0.3043619
2021-08-11 22:00:00,15.8,0.29483
2021-08-11 23:00:00,15.4,0.27817
2021-08-12 00:00:00,14.8,0.2706373
2021-08-12 01:00:00,14.9,0.264723
2021-08-12 02:00:00,14.3,0.2627595
2021-08-12 03:00:00,15.0,0.25913
2021-08-12 04:00:00,14.5,0.2563216
2021-08-12 05:00:00,14.8,0.2591538
2021-08-12 06:00:00,13.6,0.2828348
2021-08-12 07:00:00,16.4,0.2984
2021-08-12 08:00:00,19.2,0.2993163
2021-08-12 09:00:00,21.0,0.28531
2021-08-12 10:00:00,22.6,0.2778368
2021-08-12 11:00:00,24.2,0.2722914
2021-08-12 12:00:00,25.7,0.26865
2021-08-12 13:00:00,25.2,0.2650086
2021-08-12 14:00:00,27.2,0.2662581
2021-08-12 15:00:00,27.3,0.2685905
2021-08-12 16:00:00,26.8,0.2756829
2021-08-12 17:00:00,26.5,0.288166
2021-08-12 18:00:00,25.7,0.3064801
2021-08-12 19:00:00,24.3,0.32815
2021-08-12 20:00:00,22.4,0.32696
2021-08-12 21:00:00,20.7,0.3143103
2021-08-12 22:00:00,18.7,0.29721
2021-08-12 23:00:00,17.5,0.2830728
2021-08-13 00:00:00,18.2,0.2684953
2021-08-13 01:00:00,18.0,0.2571903
2021-08-13 02:00:00,17.4,0.2520019
2021-08-13 03:00:00,16.2,0.2507524
2021-08-13 04:00:00,15.2,0.252347
2021-08-13 05:00:00,15.0,0.2570594
2021-08-13 06:00:00,15.2,0.29007
2021-08-13 07:00:00,17.9,0.30316
2021-08-13 08:00:00,21.5,0.3006967
2021-08-13 09:00:00,23.7,0.2860954
2021-08-13 10:00:00,24.9,0.2745762
2021-08-13 11:00:00,25.8,0.2603438
2021-08-13 12:00:00,26.9,0.2552625
2021-08-13 13:00:00,27.4,0.2437195
2021-08-13 14:00:00,27.9,0.2413276
2021-08-13 15:00:00,27.2,0.2411134
2021-08-13 16:00:00,25.7,0.2419702
2021-08-13 17:00:00,24.9,0.2580947
2021-08-13 18:00:00,23.8,0.2804429
2021-08-13 19:00:00,22.0,0.2954012
2021-08-13 20:00:00,20.8,0.2932592
2021-08-13 21:00:00,19.3,0.2933663
2021-08-13 22:00:00,17.2,0.2828229
2021-08-13 23:00:00,17.2,0.2653061
2021-08-14 00:00:00,16.5,0.2484438
2021-08-14 01:00:00,15.0,0.2456354
2021-08-14 02:00:00,15.1,0.2407445
2021-08-14 03:00:00,13.0,0.2382455
2021-08-14 04:00:00,12.6,0.2377814
2021-08-14 05:00:00,13.7,0.237948
2021-08-14 06:00:00,14.6,0.238543
2021-08-14 07:00:00,15.8,0.2430769
2021-08-14 08:00:00,17.9,0.2448738
2021-08-14 09:00:00,19.2,0.2434934
2021-08-14 10:00:00,20.4,0.2308794
2021-08-14 11:00:00,21.9,0.2247152
2021-08-14 12:00:00,23.1,0.2156236
2021-08-14 13:00:00,24.2,0.1573612
2021-08-14 14:00:00,24.6,0.1556
2021-08-14 15:00:00,25.1,0.1673691
2021-08-14 16:00:00,24.8,0.2155165
2021-08-14 17:00:00,24.5,0.2256315
2021-08-14 18:00:00,23.9,0.2471824
2021-08-14 19:00:00,22.1,0.2590586
2021-08-14 20:00:00,20.4,0.2609864
2021-08-14 21:00:00,19.5,0.260201
2021-08-14 22:00:00,17.4,0.2567857
2021-08-14 23:00:00,16.3,0.2485152
2021-08-15 00:00:00,15.0,0.243303
2021-08-15 01:00:00,14.1,0.2387572
2021-08-15 02:00:00,14.5,0.2328548
2021-08-15 03:00:00,13.5,0.2298917
2021-08-15 04:00:00,13.0,0.2266668
2021-08-15 05:00:00,13.7,0.2269762
2021-08-15 06:00:00,15.3,0.2258219
2021-08-15 07:00:00,15.9,0.2250246
2021-08-15 08:00:00,17.9,0.2240607
2021-08-15 09:00:00,19.6,0.2193126
2021-08-15 10:00:00,21.5,0.2194673
2021-08-15 11:00:00,22.1,0.2187295
2021-08-15 12:00:00,23.7,0.2186105
2021-08-15 13:00:00,23.5,0.1913714
2021-08-15 14:00:00,25.4,0.170475
2021-08-15 15:00:00,25.1,0.1798879
2021-08-15 16:00:00,25.5,0.2166708
2021-08-15 17:00:00,25.6,0.2353895
2021-08-15 18:00:00,24.8,0.253775
2021-08-15 19:00:00,23.7,0.2650681
2021-08-15 20:00:00,22.5,0.2685905
2021-08-15 21:00:00,21.2,0.2668055
2021-08-15 22:00:00,20.5,0.2588563
2021-08-15 23:00:00,18.7,0.2471705
2021-08-16 00:00:00,18.3,0.2367461
2021-08-16 01:00:00,17.1,0.2329857
2021-08-16 02:00:00,16.1,0.2294752
2021-08-16 03:00:00,16.4,0.2271547
2021-08-16 04:00:00,17.2,0.2279758
2021-08-16 05:00:00,16.3,0.2365914
2021-08-16 06:00:00,16.1,0.2629975
2021-08-16 07:00:00,16.4,0.2751712
2021-08-16 08:00:00,16.5,0.2707087
2021-08-16 09:00:00,16.8,0.2508
2021-08-16 10:00:00,18.1,0.2387096
2021-08-16 11:00:00,17.9,0.2188247
2021-08-16 12:00:00,16.7,0.224739
2021-08-16 13:00:00,15.5,0.2137791
2021-08-16 14:00:00,15.4,0.2064606
2021-08-16 15:00:00,15.7,0.2187533
2021-08-16 16:00:00,14.3,0.2188485
2021-08-16 17:00:00,13.7,0.2247985
2021-08-16 18:00:00,14.1,0.24009
2021-08-16 19:00:00,14.0,0.2485747
2021-08-16 20:00:00,13.7,0.2497528
2021-08-16 21:00:00,12.9,0.247111
2021-08-16 22:00:00,13.1,0.236996
2021-08-16 23:00:00,13.4,0.2270238
2021-08-17 00:00:00,13.4,0.2265716
2021-08-17 01:00:00,13.6,0.2150167
2021-08-17 02:00:00,13.0,0.2031286
2021-08-17 03:00:00,13.4,0.1728193
2021-08-17 04:00:00,13.6,0.1959172
2021-08-17 05:00:00,13.4,0.2151714
2021-08-17 06:00:00,13.2,0.2321765
2021-08-17 07:00:00,13.6,0.2430531
2021-08-17 08:00:00,13.6,0.2378171
2021-08-17 09:00:00,15.2,0.2202646
2021-08-17 10:00:00,16.2,0.2110778
2021-08-17 11:00:00,16.2,0.1919188
2021-08-17 12:00:00,16.6,0.1900029
2021-08-17 13:00:00,17.1,0.2045685
2021-08-17 14:00:00,17.4,0.2031881
2021-08-17 15:00:00,16.8,0.2140052
2021-08-17 16:00:00,16.4,0.2200742
2021-08-17 17:00:00,14.2,0.2378171
2021-08-17 18:00:00,13.8,0.2571784
2021-08-17 19:00:00,14.7,0.2655441
2021-08-17 20:00:00,14.2,0.2659249
2021-08-17 21:00:00,13.6,0.2614743
2021-08-17 22:00:00,13.3,0.2520257
2021-08-17 23:00:00,13.0,0.2367818
2021-08-18 00:00:00,13.6,0.2289635
2021-08-18 01:00:00,13.6,0.2277378
2021-08-18 02:00:00,13.7,0.2291777
2021-08-18 03:00:00,13.5,0.2309032
2021-08-18 04:00:00,13.6,0.2303677
2021-08-18 05:00:00,13.7,0.2339615
2021-08-18 06:00:00,13.8,0.2508595
2021-08-18 07:00:00,14.5,0.2698043
2021-08-18 08:00:00,15.3,0.272339
2021-08-18 09:00:00,16.0,0.2704588
2021-08-18 10:00:00,16.0,0.271268
2021-08-18 11:00:00,17.2,0.2697448
2021-08-18 12:00:00,17.0,0.2551911
2021-08-18 13:00:00,17.6,0.2419226
2021-08-18 14:00:00,17.8,0.2365319
2021-08-18 15:00:00,18.8,0.2350325
2021-08-18 16:00:00,19.3,0.2350563
2021-08-18 17:00:00,19.5,0.2448976
2021-08-18 18:00:00,19.1,0.2607722
2021-08-18 19:00:00,17.8,0.26984
2021-08-18 20:00:00,17.7,0.2695306
2021-08-18 21:00:00,17.3,0.2599749
2021-08-18 22:00:00,17.3,0.2508
2021-08-18 23:00:00,17.0,0.2353181
2021-08-19 00:00:00,16.6,0.233664
2021-08-19 01:00:00,16.3,0.2325811
2021-08-19 02:00:00,14.9,0.2302011
2021-08-19 03:00:00,15.0,0.2282019
2021-08-19 04:00:00,15.7,0.2276426
2021-08-19 05:00:00,15.6,0.2341519
2021-08-19 06:00:00,15.8,0.255441
2021-08-19 07:00:00,16.0,0.2734457
2021-08-19 08:00:00,16.3,0.2770038
2021-08-19 09:00:00,15.7,0.2677813
2021-08-19 10:00:00,16.1,0.2625929
2021-08-19 11:00:00,16.5,0.2635806
2021-08-19 12:00:00,17.7,0.2658535
2021-08-19 13:00:00,18.7,0.2676147
2021-08-19 14:00:00,18.5,0.262581
2021-08-19 15:00:00,18.7,0.2625929
2021-08-19 16:00:00,18.9,0.2649967
2021-08-19 17:00:00,18.4,0.2752069
2021-08-19 18:00:00,17.6,0.2923786
2021-08-19 19:00:00,17.1,0.3064682
2021-08-19 20:00:00,16.2,0.3080628
2021-08-19 21:00:00,16.0,0.2979359
2021-08-19 22:00:00,15.9,0.2865833
2021-08-19 23:00:00,15.5,0.2746
2021-08-20 00:00:00,15.3,0.26865
2021-08-20 01:00:00,15.0,0.2582018
2021-08-20 02:00:00,15.3,0.2552387
2021-08-20 03:00:00,14.8,0.254608
2021-08-20 04:00:00,15.0,0.2555124
2021-08-20 05:00:00,14.6,0.261153
2021-08-20 06:00:00,14.4,0.2783009
2021-08-20 07:00:00,15.1,0.29721
2021-08-20 08:00:00,15.4,0.3040406
2021-08-20 09:00:00,16.2,0.29126
2021-08-20 10:00:00,17.8,0.2829181
2021-08-20 11:00:00,18.0,0.28055
2021-08-20 12:00:00,19.6,0.2735409
2021-08-20 13:00:00,20.5,0.2627
2021-08-20 14:00:00,20.4,0.2569642
2021-08-20 15:00:00,20.3,0.2565239
2021-08-20 16:00:00,20.2,0.2627119
2021-08-20 17:00:00,21.1,0.2785389
2021-08-20 18:00:00,20.0,0.2903913
2021-08-20 19:00:00,19.4,0.3046118
2021-08-20 20:00:00,17.7,0.3057066
2021-08-20 21:00:00,16.2,0.3042667
2021-08-20 22:00:00,16.3,0.2873211
2021-08-20 23:00:00,16.2,0.28174
2021-08-21 00:00:00,15.9,0.2775869
2021-08-21 01:00:00,15.5,0.268888
2021-08-21 02:00:00,15.1,0.2609388
2021-08-21 03:00:00,13.9,0.2547389
2021-08-21 04:00:00,14.4,0.2524779
2021-08-21 05:00:00,14.1,0.2533823
2021-08-21 06:00:00,13.1,0.262938
2021-08-21 07:00:00,15.1,0.2664009
2021-08-21 08:00:00,16.5,0.2703517
2021-08-21 09:00:00,18.4,0.265556
2021-08-21 10:00:00,19.3,0.2531205
2021-08-21 11:00:00,21.0,0.2497409
2021-08-21 12:00:00,21.3,0.2493601
2021-08-21 13:00:00,21.8,0.2473014
2021-08-21 14:00:00,22.9,0.2467421
2021-08-21 15:00:00,23.1,0.2484914
2021-08-21 16:00:00,23.5,0.2507881
2021-08-21 17:00:00,23.2,0.2689713
2021-08-21 18:00:00,22.0,0.2840248
2021-08-21 19:00:00,19.9,0.2889752
2021-08-21 20:00:00,19.0,0.2890823
2021-08-21 21:00:00,18.9,0.28412
2021-08-21 22:00:00,19.1,0.28174
2021-08-21 23:00:00,19.2,0.2708634
2021-08-22 00:00:00,19.0,0.2566429
2021-08-22 01:00:00,17.9,0.249491
2021-08-22 02:00:00,16.1,0.2448381
2021-08-22 03:00:00,16.1,0.2414942
2021-08-22 04:00:00,15.8,0.2389595
2021-08-22 05:00:00,15.8,0.2357346
2021-08-22 06:00:00,16.3,0.236401
2021-08-22 07:00:00,15.6,0.2393403
2021-08-22 08:00:00,15.7,0.2442193
2021-08-22 09:00:00,16.4,0.2470396
2021-08-22 10:00:00,16.8,0.2462304
2021-08-22 11:00:00,18.4,0.2475989
2021-08-22 12:00:00,20.8,0.2465636
2021-08-22 13:00:00,20.1,0.240328
2021-08-22 14:00:00,20.5,0.237472
2021-08-22 15:00:00,20.3,0.2350325
2021-08-22 16:00:00,20.5,0.237234
2021-08-22 17:00:00,20.4,0.2526921
2021-08-22 18:00:00,19.7,0.2603438
2021-08-22 19:00:00,18.9,0.26865
2021-08-22 20:00:00,17.2,0.2721724
2021-08-22 21:00:00,15.6,0.2692212
2021-08-22 22:00:00,15.8,0.262819
2021-08-22 23:00:00,15.5,0.2531205
2021-08-23 00:00:00,15.4,0.2462185
2021-08-23 01:00:00,15.5,0.2459567
2021-08-23 02:00:00,15.4,0.245683
2021-08-23 03:00:00,15.2,0.2430888
2021-08-23 04:00:00,15.0,0.2458615
2021-08-23 05:00:00,14.9,0.2489436
2021-08-23 06:00:00,14.9,0.2679241
2021-08-23 07:00:00,15.0,0.2880351
2021-08-23 08:00:00,15.5,0.2935686
2021-08-23 09:00:00,15.9,0.2914742
2021-08-23 10:00:00,17.4,0.2829062
2021-08-23 11:00:00,19.0,0.2787293
2021-08-23 12:00:00,20.6,0.2739336
2021-08-23 13:00:00,21.3,0.26746
2021-08-23 14:00:00,21.9,0.2575711
2021-08-23 15:00:00,21.9,0.2555005
2021-08-23 16:00:00,21.1,0.2555005
2021-08-23 17:00:00,20.3,0.2686024
2021-08-23 18:00:00,19.9,0.28055
2021-08-23 19:00:00,19.4,0.2914742
2021-08-23 20:00:00,17.3,0.2876781
2021-08-23 21:00:00,16.4,0.2770752
2021-08-23 22:00:00,15.0,0.2673648
2021-08-23 23:00:00,13.5,0.254489
2021-08-24 00:00:00,12.4,0.2516925
2021-08-24 01:00:00,12.0,0.2492649
2021-08-24 02:00:00,11.5,0.248896
2021-08-24 03:00:00,10.7,0.2498599
2021-08-24 04:00:00,9.5,0.2517163
2021-08-24 05:00:00,9.6,0.2567619
2021-08-24 06:00:00,8.6,0.274838
2021-08-24 07:00:00,11.3,0.2870355
2021-08-24 08:00:00,13.5,0.30078
2021-08-24 09:00:00,15.7,0.2828943
2021-08-24 10:00:00,17.2,0.27579
2021-08-24 11:00:00,18.2,0.26984
2021-08-24 12:00:00,18.8,0.26032
2021-08-24 13:00:00,19.1,0.2528468
2021-08-24 14:00:00,20.1,0.2513117
2021-08-24 15:00:00,19.4,0.2527992
2021-08-24 16:00:00,19.8,0.2604271
2021-08-24 17:00:00,20.0,0.2779915
2021-08-24 18:00:00,19.5,0.2859288
2021-08-24 19:00:00,16.2,0.301375
2021-08-24 20:00:00,13.7,0.2977336
2021-08-24 21:00:00,14.4,0.282097
2021-08-24 22:00:00,14.1,0.2746
2021-08-24 23:00:00,13.2,0.2622121
2021-08-25 00:00:00,12.3,0.2542391
2021-08-25 01:00:00,11.7,0.252823
2021-08-25 02:00:00,10.0,0.2524184
2021-08-25 03:00:00,9.2,0.2522994
2021-08-25 04:00:00,9.4,0.2513355
2021-08-25 05:00:00,8.1,0.2581423
2021-08-25 06:00:00,8.7,0.2761589
2021-08-25 07:00:00,10.6,0.2832632
2021-08-25 08:00:00,12.6,0.2828586
2021-08-25 09:00:00,14.4,0.2687928
2021-08-25 10:00:00,16.6,0.2561074
2021-08-25 11:00:00,18.3,0.2528587
2021-08-25 12:00:00,19.3,0.2436957
2021-08-25 13:00:00,20.1,0.238186
2021-08-25 14:00:00,19.5,0.2309746
2021-08-25 15:00:00,19.3,0.2325216
2021-08-25 16:00:00,20.0,0.2410896
2021-08-25 17:00:00,18.9,0.2519305
2021-08-25 18:00:00,18.1,0.2636401
2021-08-25 19:00:00,17.2,0.2677456
2021-08-25 20:00:00,16.3,0.26984
2021-08-25 21:00:00,14.9,0.2649729
2021-08-25 22:00:00,14.7,0.2528587
2021-08-25 23:00:00,14.9,0.2435291
2021-08-26 00:00:00,14.6,0.243779
2021-08-26 01:00:00,14.6,0.2401495
2021-08-26 02:00:00,14.2,0.2400662
2021-08-26 03:00:00,13.8,0.2388405
2021-08-26 04:00:00,13.2,0.2412205
2021-08-26 05:00:00,13.3,0.248539
2021-08-26 06:00:00,13.5,0.2699233
2021-08-26 07:00:00,14.0,0.28888
2021-08-26 08:00:00,14.7,0.3039335
2021-08-26 09:00:00,15.6,0.2904865
2021-08-26 10:00:00,16.2,0.2796337
2021-08-26 11:00:00,17.2,0.2773965
2021-08-26 12:00:00,15.7,0.2747785
2021-08-26 13:00:00,16.9,0.2646278
2021-08-26 14:00:00,17.1,0.2574164
2021-08-26 15:00:00,17.4,0.2534418
2021-08-26 16:00:00,17.2,0.2506215
2021-08-26 17:00:00,16.0,0.2641399
2021-08-26 18:00:00,15.4,0.2756829
2021-08-26 19:00:00,15.3,0.2836797
2021-08-26 20:00:00,14.2,0.28531
2021-08-26 21:00:00,14.1,0.2780629
2021-08-26 22:00:00,13.5,0.2697448
2021-08-26 23:00:00,13.5,0.25913
2021-08-27 00:00:00,13.2,0.2592728
2021-08-27 01:00:00,13.4,0.2516568
2021-08-27 02:00:00,12.7,0.2504906
2021-08-27 03:00:00,12.7,0.2489912
2021-08-27 04:00:00,12.2,0.2485271
2021-08-27 05:00:00,12.0,0.2555362
2021-08-27 06:00:00,12.1,0.2765397
2021-08-27 07:00:00,12.9,0.29007
2021-08-27 08:00:00,13.5,0.2950561
2021-08-27 09:00:00,12.8,0.2852743
2021-08-27 10:00:00,13.4,0.2803358
2021-08-27 11:00:00,13.9,0.2776226
2021-08-27 12:00:00,14.9,0.2741121
2021-08-27 13:00:00,15.9,0.264961
2021-08-27 14:00:00,16.5,0.2559289
2021-08-27 15:00:00,15.7,0.2535608
2021-08-27 16:00:00,15.5,0.256512
2021-08-27 17:00:00,16.1,0.270554
2021-08-27 18:00:00,15.0,0.280312
2021-08-27 19:00:00,13.5,0.2909506
2021-08-27 20:00:00,12.4,0.2901533
2021-08-27 21:00:00,12.8,0.280312
2021-08-27 22:00:00,12.1,0.274481
2021-08-27 23:00:00,11.4,0.2623073
2021-08-28 00:00:00,11.8,0.2612125
2021-08-28 01:00:00,12.0,0.2523589
2021-08-28 02:00:00,12.1,0.248063
2021-08-28 03:00:00,12.1,0.2461828
2021-08-28 04:00:00,12.2,0.247587
2021-08-28 05:00:00,12.1,0.2467778
2021-08-28 06:00:00,12.4,0.2484557
2021-08-28 07:00:00,12.7,0.25675
2021-08-28 08:00:00,13.1,0.2627119
2021-08-28 09:00:00,13.8,0.2645445
2021-08-28 10:00:00,15.0,0.2602962
2021-08-28 11:00:00,14.9,0.2580352
2021-08-28 12:00:00,15.3,0.2520019
2021-08-28 13:00:00,17.2,0.2451713
2021-08-28 14:00:00,15.9,0.2392332
2021-08-28 15:00:00,16.7,0.2367818
2021-08-28 16:00:00,15.9,0.2443264
2021-08-28 17:00:00,15.9,0.2662223999999999
2021-08-28 18:00:00,15.6,0.272339
2021-08-28 19:00:00,15.2,0.2751831
2021-08-28 20:00:00,14.6,0.2761708
2021-08-28 21:00:00,14.6,0.2699471
2021-08-28 22:00:00,14.3,0.2675552
2021-08-28 23:00:00,14.2,0.2560836
2021-08-29 00:00:00,14.1,0.2484914
2021-08-29 01:00:00,14.1,0.2431483
2021-08-29 02:00:00,13.9,0.2395426
2021-08-29 03:00:00,13.9,0.2374125
2021-08-29 04:00:00,13.7,0.235687
2021-08-29 05:00:00,13.6,0.2381622
2021-08-29 06:00:00,13.6,0.2397568
2021-08-29 07:00:00,13.6,0.2428865
2021-08-29 08:00:00,13.8,0.2472776
2021-08-29 09:00:00,14.0,0.2516568
2021-08-29 10:00:00,14.3,0.2515735
2021-08-29 11:00:00,15.2,0.2550959
2021-08-29 12:00:00,15.4,0.2541796
2021-08-29 13:00:00,15.9,0.2487056
2021-08-29 14:00:00,16.4,0.2447428999999999
2021-08-29 15:00:00,16.6,0.2434577
2021-08-29 16:00:00,16.3,0.2445882
2021-08-29 17:00:00,16.8,0.2612125
2021-08-29 18:00:00,16.5,0.2698162
2021-08-29 19:00:00,16.1,0.2758614
2021-08-29 20:00:00,16.0,0.2765754
2021-08-29 21:00:00,15.8,0.2672934
2021-08-29 22:00:00,15.7,0.2646635
2021-08-29 23:00:00,15.8,0.2586183
2021-08-30 00:00:00,15.7,0.250443
2021-08-30 01:00:00,15.5,0.2489198
2021-08-30 02:00:00,15.3,0.2467183
2021-08-30 03:00:00,15.4,0.242232
2021-08-30 04:00:00,15.2,0.2436005
2021-08-30 05:00:00,15.3,0.2503716
2021-08-30 06:00:00,15.3,0.2867023
2021-08-30 07:00:00,15.5,0.30554
2021-08-30 08:00:00,15.7,0.3125848
2021-08-30 09:00:00,16.3,0.3137748
2021-08-30 10:00:00,17.3,0.3085507
2021-08-30 11:00:00,17.7,0.305659
2021-08-30 12:00:00,17.2,0.30078
2021-08-30 13:00:00,17.9,0.289594
2021-08-30 14:00:00,17.8,0.2804786
2021-08-30 15:00:00,17.9,0.27579
2021-08-30 16:00:00,18.0,0.2757781
2021-08-30 17:00:00,19.0,0.2860002
2021-08-30 18:00:00,18.5,0.2945206
2021-08-30 19:00:00,16.0,0.3084911999999999
2021-08-30 20:00:00,14.4,0.3103476
2021-08-30 21:00:00,14.2,0.2918193
2021-08-30 22:00:00,14.2,0.2825016
2021-08-30 23:00:00,12.7,0.266984
2021-08-31 00:00:00,14.0,0.2684953
2021-08-31 01:00:00,14.2,0.2627238
2021-08-31 02:00:00,13.8,0.2597726
2021-08-31 03:00:00,14.0,0.2592371
2021-08-31 04:00:00,13.9,0.2612482
2021-08-31 05:00:00,12.6,0.2664009
2021-08-31 06:00:00,12.2,0.29245
2021-08-31 07:00:00,12.4,0.3156074
2021-08-31 08:00:00,13.9,0.3186538
2021-08-31 09:00:00,15.3,0.3172496
2021-08-31 10:00:00,17.0,0.3045047
2021-08-31 11:00:00,19.3,0.2938661
2021-08-31 12:00:00,20.1,0.2907959
2021-08-31 13:00:00,20.8,0.2801454
2021-08-31 14:00:00,20.8,0.271268
2021-08-31 15:00:00,22.0,0.2689356
2021-08-31 16:00:00,20.5,0.2692569
2021-08-31 17:00:00,21.3,0.2870355
2021-08-31 18:00:00,19.9,0.3029339
2021-08-31 19:00:00,17.6,0.3151433
2021-08-31 20:00:00,16.3,0.316131
2021-08-31 21:00:00,15.9,0.3002802
2021-08-31 22:00:00,14.9,0.2818828
2021-08-31 23:00:00,13.8,0.273529
2021-09-01 00:00:00,13.0,0.2683882
2021-09-01 01:00:00,12.8,0.2661629
2021-09-01 02:00:00,12.8,0.2641399
2021-09-01 03:00:00,13.3,0.2628071
2021-09-01 04:00:00,13.6,0.2664128
2021-09-01 05:00:00,13.5,0.2752426
2021-09-01 06:00:00,13.6,0.296853
2021-09-01 07:00:00,13.7,0.3167736
2021-09-01 08:00:00,14.5,0.3230568
2021-09-01 09:00:00,15.3,0.3103
2021-09-01 10:00:00,16.2,0.2948181
2021-09-01 11:00:00,16.4,0.2862025
2021-09-01 12:00:00,17.5,0.2792172
2021-09-01 13:00:00,18.5,0.27222
2021-09-01 14:00:00,19.6,0.2686262
2021-09-01 15:00:00,20.4,0.2687214
2021-09-01 16:00:00,20.2,0.2717559
2021-09-01 17:00:00,19.5,0.2937828
2021-09-01 18:00:00,19.8,0.31149
2021-09-01 19:00:00,17.7,0.3292329
2021-09-01 20:00:00,16.0,0.3280667
2021-09-01 21:00:00,14.9,0.3052544
2021-09-01 22:00:00,14.4,0.2917241
2021-09-01 23:00:00,13.8,0.2778487
2021-09-02 00:00:00,12.8,0.2727079
2021-09-02 01:00:00,11.3,0.2708396
2021-09-02 02:00:00,11.7,0.2689475
2021-09-02 03:00:00,11.3,0.2694949
2021-09-02 04:00:00,11.9,0.2706016
2021-09-02 05:00:00,11.2,0.2805619
2021-09-02 06:00:00,10.9,0.3090386
2021-09-02 07:00:00,11.8,0.3341
2021-09-02 08:00:00,14.3,0.3297922
2021-09-02 09:00:00,15.8,0.311252
2021-09-02 10:00:00,16.6,0.2971148
2021-09-02 11:00:00,17.4,0.29007
2021-09-02 12:00:00,18.3,0.2839296
2021-09-02 13:00:00,19.3,0.2757781
2021-09-02 14:00:00,20.3,0.2721843
2021-09-02 15:00:00,20.5,0.2806095
2021-09-02 16:00:00,20.8,0.2894036
2021-09-02 17:00:00,21.0,0.3015654
2021-09-02 18:00:00,18.9,0.31982
2021-09-02 19:00:00,17.0,0.3442269
2021-09-02 20:00:00,15.1,0.3399786
2021-09-02 21:00:00,14.3,0.3108117
2021-09-02 22:00:00,14.1,0.2968411
2021-09-02 23:00:00,13.2,0.2903675
2021-09-03 00:00:00,13.0,0.27579
2021-09-03 01:00:00,12.4,0.2705897
2021-09-03 02:00:00,10.8,0.269364
2021-09-03 03:00:00,9.7,0.2645207
2021-09-03 04:00:00,9.8,0.2637591
2021-09-03 05:00:00,8.0,0.269602
2021-09-03 06:00:00,7.9,0.3013274
2021-09-03 07:00:00,9.0,0.3191536
2021-09-03 08:00:00,10.6,0.315893
2021-09-03 09:00:00,12.6,0.3021247
2021-09-03 10:00:00,15.0,0.2853457
2021-09-03 11:00:00,17.5,0.2734338
2021-09-03 12:00:00,19.4,0.2622478
2021-09-03 13:00:00,20.4,0.2608912
2021-09-03 14:00:00,21.0,0.2607841
2021-09-03 15:00:00,21.9,0.2626048
2021-09-03 16:00:00,21.7,0.2654608
2021-09-03 17:00:00,21.3,0.2972219
2021-09-03 18:00:00,19.9,0.3121683
2021-09-03 19:00:00,17.2,0.3268767
2021-09-03 20:00:00,15.6,0.3262222
2021-09-03 21:00:00,13.4,0.3102286
2021-09-03 22:00:00,12.4,0.2995424
2021-09-03 23:00:00,11.7,0.2958534
2021-09-04 00:00:00,11.1,0.2914385
2021-09-04 01:00:00,12.3,0.2817162
2021-09-04 02:00:00,12.6,0.2722795
2021-09-04 03:00:00,12.5,0.2694949
2021-09-04 04:00:00,12.8,0.2694354
2021-09-04 05:00:00,12.6,0.270078
2021-09-04 06:00:00,12.5,0.279122
2021-09-04 07:00:00,12.6,0.2995662
2021-09-04 08:00:00,12.8,0.30078
2021-09-04 09:00:00,13.4,0.2936281
2021-09-04 10:00:00,14.3,0.2694354
2021-09-04 11:00:00,15.3,0.2620693
2021-09-04 12:00:00,15.9,0.2621169
2021-09-04 13:00:00,17.3,0.2592014
2021-09-04 14:00:00,18.7,0.2557504
2021-09-04 15:00:00,19.5,0.2584874
2021-09-04 16:00:00,19.7,0.2618313
2021-09-04 17:00:00,18.5,0.2835726
2021-09-04 18:00:00,18.2,0.3071227
2021-09-04 19:00:00,15.2,0.3252345
2021-09-04 20:00:00,13.6,0.325056
2021-09-04 21:00:00,12.3,0.3078248
2021-09-04 22:00:00,11.5,0.3017439
2021-09-04 23:00:00,11.3,0.2797884
2021-09-05 00:00:00,10.7,0.2855599
2021-09-05 01:00:00,10.1,0.2744572
2021-09-05 02:00:00,9.4,0.2690665
2021-09-05 03:00:00,9.3,0.2657226
2021-09-05 04:00:00,8.6,0.2651276
2021-09-05 05:00:00,8.1,0.2657464
2021-09-05 06:00:00,7.9,0.2672339
2021-09-05 07:00:00,9.8,0.2661272
2021-09-05 08:00:00,10.8,0.2667936
2021-09-05 09:00:00,11.2,0.2651276
2021-09-05 10:00:00,11.8,0.2611292
2021-09-05 11:00:00,12.5,0.2555719
2021-09-05 12:00:00,13.5,0.2525493
2021-09-05 13:00:00,14.4,0.2337354
2021-09-05 14:00:00,15.7,0.2270714
2021-09-05 15:00:00,17.3,0.2378171
2021-09-05 16:00:00,19.0,0.256631
2021-09-05 17:00:00,18.9,0.2688642
2021-09-05 18:00:00,17.5,0.3072655
2021-09-05 19:00:00,15.1,0.3206411
2021-09-05 20:00:00,13.4,0.3210933
2021-09-05 21:00:00,12.3,0.30911
2021-09-05 22:00:00,11.4,0.3007681
2021-09-05 23:00:00,10.4,0.279479
2021-09-06 00:00:00,9.6,0.2809308
2021-09-06 01:00:00,9.1,0.2803001
2021-09-06 02:00:00,8.1,0.2768015
2021-09-06 03:00:00,7.9,0.2721843
2021-09-06 04:00:00,7.4,0.2746
2021-09-06 05:00:00,7.7,0.2865
2021-09-06 06:00:00,7.5,0.3174043
2021-09-06 07:00:00,8.2,0.35195
2021-09-06 08:00:00,9.7,0.346
2021-09-06 09:00:00,11.4,0.3213194
2021-09-06 10:00:00,14.1,0.3079676
2021-09-06 11:00:00,17.6,0.287333
2021-09-06 12:00:00,19.4,0.2812283
2021-09-06 13:00:00,20.0,0.2784794
2021-09-06 14:00:00,20.2,0.2811331
2021-09-06 15:00:00,20.9,0.2925452
2021-09-06 16:00:00,20.8,0.3087173
2021-09-06 17:00:00,19.6,0.3194987
2021-09-06 18:00:00,19.1,0.3341
2021-09-06 19:00:00,17.6,0.3825092
2021-09-06 20:00:00,16.8,0.3718468
2021-09-06 21:00:00,17.3,0.3307917999999999
2021-09-06 22:00:00,15.4,0.3134654
2021-09-06 23:00:00,13.8,0.2874401
2021-09-07 00:00:00,14.0,0.2873568
2021-09-07 01:00:00,12.6,0.28888
2021-09-07 02:00:00,11.8,0.2847388
2021-09-07 03:00:00,12.3,0.2839653
2021-09-07 04:00:00,12.5,0.2840962
2021-09-07 05:00:00,11.9,0.2874758
2021-09-07 06:00:00,11.6,0.3245324
2021-09-07 07:00:00,11.7,0.3470353
2021-09-07 08:00:00,14.0,0.3512836
2021-09-07 09:00:00,17.2,0.325175
2021-09-07 10:00:00,19.0,0.3156669
2021-09-07 11:00:00,19.7,0.2984476
2021-09-07 12:00:00,20.7,0.2848697
2021-09-07 13:00:00,21.7,0.2849887
2021-09-07 14:00:00,22.0,0.2844532
2021-09-07 15:00:00,22.7,0.2840962
2021-09-07 16:00:00,23.0,0.2901533
2021-09-07 17:00:00,22.9,0.3172377
2021-09-07 18:00:00,22.1,0.329221
2021-09-07 19:00:00,18.2,0.3698
2021-09-07 20:00:00,17.9,0.3507719
2021-09-07 21:00:00,17.2,0.3237708
2021-09-07 22:00:00,15.4,0.306135
2021-09-07 23:00:00,15.0,0.285429
2021-09-08 00:00:00,14.0,0.29245
2021-09-08 01:00:00,13.6,0.2865
2021-09-08 02:00:00,13.2,0.2824778
2021-09-08 03:00:00,12.8,0.280312
2021-09-08 04:00:00,11.9,0.2858336
2021-09-08 05:00:00,11.6,0.2923786
2021-09-08 06:00:00,11.3,0.32815
2021-09-08 07:00:00,12.4,0.3354804
2021-09-08 08:00:00,15.5,0.3340524
2021-09-08 09:00:00,17.7,0.31982
2021-09-08 10:00:00,20.6,0.3033623
2021-09-08 11:00:00,21.6,0.2858574
2021-09-08 12:00:00,22.8,0.2817757
2021-09-08 13:00:00,24.3,0.2781819
2021-09-08 14:00:00,24.6,0.2792767
2021-09-08 15:00:00,24.8,0.2854052
2021-09-08 16:00:00,24.8,0.2954488
2021-09-08 17:00:00,24.4,0.3174757
2021-09-08 18:00:00,23.2,0.3338025
2021-09-08 19:00:00,19.9,0.3528782
2021-09-08 20:00:00,18.0,0.3369084
2021-09-08 21:00:00,17.1,0.3187609
2021-09-08 22:00:00,17.8,0.3043619
2021-09-08 23:00:00,16.1,0.2871426
2021-09-09 00:00:00,15.2,0.2837987
2021-09-09 01:00:00,14.3,0.2837868
2021-09-09 02:00:00,14.1,0.2805857
2021-09-09 03:00:00,13.0,0.2768372
2021-09-09 04:00:00,12.5,0.2783604
2021-09-09 05:00:00,12.0,0.2853337999999999
2021-09-09 06:00:00,11.8,0.3202722
2021-09-09 07:00:00,12.7,0.3317795
2021-09-09 08:00:00,15.8,0.3334217
2021-09-09 09:00:00,19.2,0.3281381
2021-09-09 10:00:00,22.4,0.3193916
2021-09-09 11:00:00,23.7,0.296853
2021-09-09 12:00:00,25.4,0.2865714
2021-09-09 13:00:00,26.1,0.2880708
2021-09-09 14:00:00,26.9,0.290427
2021-09-09 15:00:00,27.2,0.3029577
2021-09-09 16:00:00,26.8,0.31863
2021-09-09 17:00:00,26.9,0.3293162
2021-09-09 18:00:00,25.4,0.343263
2021-09-09 19:00:00,22.4,0.3629337
2021-09-09 20:00:00,20.0,0.3560912
2021-09-09 21:00:00,19.4,0.33172
2021-09-09 22:00:00,18.7,0.3220334
2021-09-09 23:00:00,20.9,0.3032909
2021-09-10 00:00:00,20.6,0.2972219
2021-09-10 01:00:00,19.7,0.2917717
2021-09-10 02:00:00,19.6,0.2911172
2021-09-10 03:00:00,19.2,0.2884873
2021-09-10 04:00:00,19.2,0.2910458
2021-09-10 05:00:00,18.6,0.2955202
2021-09-10 06:00:00,18.7,0.3286855
2021-09-10 07:00:00,18.8,0.3437033
2021-09-10 08:00:00,19.3,0.3487013
2021-09-10 09:00:00,20.0,0.3420254
2021-09-10 10:00:00,21.1,0.3331718
2021-09-10 11:00:00,21.6,0.3272218
2021-09-10 12:00:00,22.8,0.3222
2021-09-10 13:00:00,23.2,0.30792
2021-09-10 14:00:00,24.0,0.2990188
2021-09-10 15:00:00,23.9,0.3110259
2021-09-10 16:00:00,24.1,0.3223071
2021-09-10 17:00:00,24.1,0.3370512
2021-09-10 18:00:00,22.6,0.3450242
2021-09-10 19:00:00,21.4,0.3455002
2021-09-10 20:00:00,21.2,0.3451789
2021-09-10 21:00:00,20.2,0.3324816
2021-09-10 22:00:00,19.2,0.3240088
2021-09-10 23:00:00,18.8,0.3134654
2021-09-11 00:00:00,18.4,0.3223904
2021-09-11 01:00:00,18.1,0.3100263
2021-09-11 02:00:00,17.5,0.2935924
2021-09-11 03:00:00,17.0,0.2862858
2021-09-11 04:00:00,17.1,0.2865238
2021-09-11 05:00:00,16.0,0.2879399
2021-09-11 06:00:00,16.8,0.3103714
2021-09-11 07:00:00,16.4,0.3175828
2021-09-11 08:00:00,18.5,0.3263174
2021-09-11 09:00:00,19.0,0.3281857
2021-09-11 10:00:00,19.6,0.3237708
2021-09-11 11:00:00,20.6,0.3146792
2021-09-11 12:00:00,20.5,0.3008038
2021-09-11 13:00:00,20.3,0.2883921
2021-09-11 14:00:00,20.4,0.2818352
2021-09-11 15:00:00,20.7,0.2838939
2021-09-11 16:00:00,20.7,0.2893084
2021-09-11 17:00:00,19.9,0.3093479999999999
2021-09-11 18:00:00,19.8,0.3305062
2021-09-11 19:00:00,19.0,0.3401571
2021-09-11 20:00:00,17.8,0.338741
2021-09-11 21:00:00,16.7,0.3281857
2021-09-11 22:00:00,16.4,0.3206292
2021-09-11 23:00:00,17.0,0.2996852
2021-09-12 00:00:00,16.9,0.2806095
2021-09-12 01:00:00,17.3,0.2736123
2021-09-12 02:00:00,17.2,0.2734338
2021-09-12 03:00:00,17.0,0.2691022
2021-09-12 04:00:00,16.8,0.2717083
2021-09-12 05:00:00,17.1,0.2717916
2021-09-12 06:00:00,17.2,0.2693521
2021-09-12 07:00:00,17.1,0.2761946
2021-09-12 08:00:00,17.3,0.2822279
2021-09-12 09:00:00,17.9,0.2831323
2021-09-12 10:00:00,17.9,0.2768848
2021-09-12 11:00:00,18.4,0.2742668
2021-09-12 12:00:00,20.3,0.2673886
2021-09-12 13:00:00,20.7,0.2520733
2021-09-12 14:00:00,20.5,0.2385192
2021-09-12 15:00:00,20.5,0.2418036
2021-09-12 16:00:00,21.2,0.2592847
2021-09-12 17:00:00,20.7,0.2745286
2021-09-12 18:00:00,19.4,0.3178803
2021-09-12 19:00:00,17.7,0.3341
2021-09-12 20:00:00,16.9,0.3390623
2021-09-12 21:00:00,15.4,0.3198319
2021-09-12 22:00:00,14.0,0.3091933
2021-09-12 23:00:00,14.6,0.2835726
2021-09-13 00:00:00,13.6,0.2900819
2021-09-13 01:00:00,12.9,0.284358
2021-09-13 02:00:00,12.0,0.2792648
2021-09-13 03:00:00,11.7,0.2791101
2021-09-13 04:00:00,11.7,0.2803715
2021-09-13 05:00:00,12.2,0.2865119
2021-09-13 06:00:00,12.8,0.3365752000000001
2021-09-13 07:00:00,13.3,0.3471067
2021-09-13 08:00:00,14.0,0.3539849
2021-09-13 09:00:00,14.4,0.34243
2021-09-13 10:00:00,14.9,0.3316367
2021-09-13 11:00:00,15.9,0.3222714
2021-09-13 12:00:00,16.7,0.2970196
2021-09-13 13:00:00,16.9,0.294711
2021-09-13 14:00:00,18.4,0.29721
2021-09-13 15:00:00,18.5,0.3241397
2021-09-13 16:00:00,18.0,0.3352067
2021-09-13 17:00:00,17.8,0.3449171
2021-09-13 18:00:00,17.3,0.3739055
2021-09-13 19:00:00,15.4,0.3946472
2021-09-13 20:00:00,14.1,0.3855199
2021-09-13 21:00:00,13.0,0.3470829
2021-09-13 22:00:00,12.9,0.3307085
2021-09-13 23:00:00,12.0,0.3117042
2021-09-14 00:00:00,11.5,0.3010537
2021-09-14 01:00:00,11.5,0.3002921
2021-09-14 02:00:00,10.8,0.2910577
2021-09-14 03:00:00,10.4,0.2839296
2021-09-14 04:00:00,9.9,0.2865357
2021-09-14 05:00:00,9.9,0.3008157
2021-09-14 06:00:00,9.6,0.3406569
2021-09-14 07:00:00,10.2,0.3534256
2021-09-14 08:00:00,12.9,0.3611011
2021-09-14 09:00:00,15.0,0.349451
2021-09-14 10:00:00,17.1,0.3366585
2021-09-14 11:00:00,19.0,0.3031719
2021-09-14 12:00:00,20.9,0.2996614
2021-09-14 13:00:00,21.9,0.2951513
2021-09-14 14:00:00,22.7,0.3048617
2021-09-14 15:00:00,23.1,0.3354804
2021-09-14 16:00:00,23.5,0.3444768
2021-09-14 17:00:00,22.7,0.35552
2021-09-14 18:00:00,20.7,0.3752145
2021-09-14 19:00:00,18.0,0.379558
2021-09-14 20:00:00,17.6,0.3629575
2021-09-14 21:00:00,18.6,0.340526
2021-09-14 22:00:00,18.0,0.3277335
2021-09-14 23:00:00,18.4,0.2959962
2021-09-15 00:00:00,17.5,0.3163452
2021-09-15 01:00:00,17.5,0.314346
2021-09-15 02:00:00,18.0,0.3090505
2021-09-15 03:00:00,16.8,0.302089
2021-09-15 04:00:00,16.4,0.3079319
2021-09-15 05:00:00,16.4,0.3186419
2021-09-15 06:00:00,16.5,0.3542586
2021-09-15 07:00:00,17.2,0.3700856
2021-09-15 08:00:00,18.1,0.3842109
2021-09-15 09:00:00,18.1,0.3832708
2021-09-15 10:00:00,19.8,0.3786298
2021-09-15 11:00:00,20.7,0.370752
2021-09-15 12:00:00,21.6,0.3698
2021-09-15 13:00:00,21.2,0.3647306
2021-09-15 14:00:00,21.9,0.3647544
2021-09-15 15:00:00,21.9,0.3687171
2021-09-15 16:00:00,19.3,0.3697643
2021-09-15 17:00:00,19.8,0.3817
2021-09-15 18:00:00,19.5,0.3850082
2021-09-15 19:00:00,19.1,0.3895302
2021-09-15 20:00:00,18.4,0.3817
2021-09-15 21:00:00,18.2,0.3659682
2021-09-15 22:00:00,18.0,0.3495462
2021-09-15 23:00:00,17.0,0.3376938
2021-09-16 00:00:00,16.5,0.3120254999999999
2021-09-16 01:00:00,16.2,0.309586
2021-09-16 02:00:00,15.9,0.2950323
2021-09-16 03:00:00,15.5,0.2935924
2021-09-16 04:00:00,15.0,0.2926761
2021-09-16 05:00:00,14.7,0.3162857
2021-09-16 06:00:00,14.7,0.3575668
2021-09-16 07:00:00,14.6,0.38646
2021-09-16 08:00:00,14.9,0.3909939
2021-09-16 09:00:00,14.4,0.3863529
2021-09-16 10:00:00,15.1,0.3777492
2021-09-16 11:00:00,16.3,0.37099
2021-09-16 12:00:00,16.5,0.3404784
2021-09-16 13:00:00,16.8,0.3282214
2021-09-16 14:00:00,17.0,0.3114186
2021-09-16 15:00:00,18.0,0.311966
2021-09-16 16:00:00,15.4,0.3148458
2021-09-16 17:00:00,16.3,0.3682649
2021-09-16 18:00:00,16.4,0.3794509
2021-09-16 19:00:00,15.0,0.3907321
2021-09-16 20:00:00,14.6,0.3912438
2021-09-16 21:00:00,15.5,0.3695382
2021-09-16 22:00:00,15.4,0.3583998
2021-09-16 23:00:00,14.9,0.319939
2021-09-17 00:00:00,14.4,0.3071227
2021-09-17 01:00:00,13.3,0.3048617
2021-09-17 02:00:00,13.7,0.3021009
2021-09-17 03:00:00,13.9,0.2958891
2021-09-17 04:00:00,13.9,0.3054448
2021-09-17 05:00:00,13.8,0.3160953
2021-09-17 06:00:00,13.5,0.3570313
2021-09-17 07:00:00,14.0,0.3721443
2021-09-17 08:00:00,14.3,0.3795223
2021-09-17 09:00:00,15.7,0.3732034000000001
2021-09-17 10:00:00,16.2,0.3642427
2021-09-17 11:00:00,16.3,0.3544847
2021-09-17 12:00:00,16.6,0.346357
2021-09-17 13:00:00,17.7,0.3229854
2021-09-17 14:00:00,16.7,0.3229854
2021-09-17 15:00:00,16.8,0.3229854
2021-09-17 16:00:00,16.6,0.3229854
2021-09-17 17:00:00,16.7,0.3525807
2021-09-17 18:00:00,16.1,0.3721086
2021-09-17 19:00:00,13.8,0.379201
2021-09-17 20:00:00,12.6,0.375988
2021-09-17 21:00:00,12.1,0.3686576
2021-09-17 22:00:00,10.9,0.3594113
2021-09-17 23:00:00,10.3,0.3387648
2021-09-18 00:00:00,9.2,0.3336121
2021-09-18 01:00:00,8.9,0.3110616
2021-09-18 02:00:00,9.2,0.3048617
2021-09-18 03:00:00,8.1,0.2991378
2021-09-18 04:00:00,7.7,0.2924738
2021-09-18 05:00:00,8.7,0.2948419
2021-09-18 06:00:00,9.7,0.3068014
2021-09-18 07:00:00,10.2,0.3330171
2021-09-18 08:00:00,11.2,0.348975
2021-09-18 09:00:00,12.0,0.3401571
2021-09-18 10:00:00,13.2,0.3137272
2021-09-18 11:00:00,14.7,0.3041596
2021-09-18 12:00:00,15.9,0.2935924
2021-09-18 13:00:00,16.5,0.2806809
2021-09-18 14:00:00,16.9,0.280669
2021-09-18 15:00:00,17.2,0.2866071
2021-09-18 16:00:00,16.9,0.3054686
2021-09-18 17:00:00,16.4,0.3184039
2021-09-18 18:00:00,15.8,0.3578643
2021-09-18 19:00:00,15.0,0.3696929
2021-09-18 20:00:00,14.4,0.3685743
2021-09-18 21:00:00,14.0,0.3356708
2021-09-18 22:00:00,14.0,0.3028387
2021-09-18 23:00:00,14.2,0.2717797
2021-09-19 00:00:00,14.1,0.2528349
2021-09-19 01:00:00,13.7,0.2508595
2021-09-19 02:00:00,13.4,0.247944
2021-09-19 03:00:00,12.3,0.2471705
2021-09-19 04:00:00,12.1,0.2422558
2021-09-19 05:00:00,11.8,0.2457663
2021-09-19 06:00:00,11.8,0.2467659
2021-09-19 07:00:00,11.9,0.2476465
2021-09-19 08:00:00,12.1,0.2526802
2021-09-19 09:00:00,12.6,0.2542034
2021-09-19 10:00:00,13.1,0.2510023
2021-09-19 11:00:00,13.6,0.2515735
2021-09-19 12:00:00,13.7,0.2541677
2021-09-19 13:00:00,14.1,0.2497528
2021-09-19 14:00:00,14.5,0.2438504
2021-09-19 15:00:00,14.4,0.248539
2021-09-19 16:00:00,14.3,0.2552625
2021-09-19 17:00:00,14.1,0.2806333
2021-09-19 18:00:00,13.6,0.33291
2021-09-19 19:00:00,12.6,0.3550797
2021-09-19 20:00:00,11.9,0.3586497
2021-09-19 21:00:00,11.9,0.2979597
2021-09-19 22:00:00,11.8,0.2850244
2021-09-19 23:00:00,11.6,0.2694592
2021-09-20 00:00:00,11.4,0.2767301
2021-09-20 01:00:00,11.5,0.2698876
2021-09-20 02:00:00,11.1,0.2731006
2021-09-20 03:00:00,11.0,0.2728864
2021-09-20 04:00:00,10.7,0.2673053
2021-09-20 05:00:00,11.0,0.296258
2021-09-20 06:00:00,10.9,0.3475827
2021-09-20 07:00:00,10.7,0.3692288
2021-09-20 08:00:00,11.1,0.3800816
2021-09-20 09:00:00,11.5,0.3698
2021-09-20 10:00:00,12.1,0.3610773
2021-09-20 11:00:00,13.3,0.35076
2021-09-20 12:00:00,14.0,0.34005
2021-09-20 13:00:00,14.3,0.3338144
2021-09-20 14:00:00,14.2,0.3249132
2021-09-20 15:00:00,14.4,0.3355518
2021-09-20 16:00:00,14.0,0.3494272
2021-09-20 17:00:00,13.8,0.3606727
2021-09-20 18:00:00,12.9,0.3697762
2021-09-20 19:00:00,12.0,0.39955
2021-09-20 20:00:00,11.8,0.376702
2021-09-20 21:00:00,11.7,0.3592685
2021-09-20 22:00:00,10.9,0.3394907
2021-09-20 23:00:00,10.5,0.3144412
2021-09-21 00:00:00,9.8,0.3104428
2021-09-21 01:00:00,9.9,0.3079319
2021-09-21 02:00:00,9.7,0.2999946
2021-09-21 03:00:00,8.9,0.2923786
2021-09-21 04:00:00,6.9,0.2972576
2021-09-21 05:00:00,6.8,0.3120374
2021-09-21 06:00:00,7.6,0.3579
2021-09-21 07:00:00,8.7,0.3812121
2021-09-21 08:00:00,9.7,0.3817
2021-09-21 09:00:00,10.9,0.3661348
2021-09-21 10:00:00,12.8,0.346119
2021-09-21 11:00:00,13.3,0.336242
2021-09-21 12:00:00,13.8,0.3282214
2021-09-21 13:00:00,14.1,0.313275
2021-09-21 14:00:00,15.0,0.3099549
2021-09-21 15:00:00,15.3,0.3085507
2021-09-21 16:00:00,15.8,0.313275
2021-09-21 17:00:00,15.2,0.3489512
2021-09-21 18:00:00,14.8,0.3637072
2021-09-21 19:00:00,14.2,0.3817
2021-09-21 20:00:00,14.2,0.3732153
2021-09-21 21:00:00,14.3,0.3496652
2021-09-21 22:00:00,13.7,0.323747
2021-09-21 23:00:00,13.0,0.3117042
2021-09-22 00:00:00,13.0,0.2807999
2021-09-22 01:00:00,12.0,0.2757662
2021-09-22 02:00:00,11.7,0.2713275
2021-09-22 03:00:00,11.5,0.268174
2021-09-22 04:00:00,11.3,0.2746476
2021-09-22 05:00:00,11.9,0.2973171
2021-09-22 06:00:00,11.7,0.3632669
2021-09-22 07:00:00,11.2,0.3936
2021-09-22 08:00:00,12.5,0.4100339
2021-09-22 09:00:00,13.7,0.3760594
2021-09-22 10:00:00,14.5,0.3580785
2021-09-22 11:00:00,15.3,0.3459167
2021-09-22 12:00:00,16.4,0.33529
2021-09-22 13:00:00,17.1,0.3218311
2021-09-22 14:00:00,16.7,0.3130608
2021-09-22 15:00:00,17.5,0.3130727
2021-09-22 16:00:00,17.8,0.3221643
2021-09-22 17:00:00,17.4,0.353021
2021-09-22 18:00:00,15.8,0.3743101
2021-09-22 19:00:00,15.0,0.3933382
2021-09-22 20:00:00,13.0,0.3660158
2021-09-22 21:00:00,12.5,0.3432035
2021-09-22 22:00:00,12.3,0.2904865
2021-09-22 23:00:00,12.4,0.2627119
2021-09-23 00:00:00,11.7,0.2692688
2021-09-23 01:00:00,11.9,0.2710895
2021-09-23 02:00:00,9.9,0.2558337
2021-09-23 03:00:00,11.0,0.2452308
2021-09-23 04:00:00,10.6,0.2389714
2021-09-23 05:00:00,10.5,0.2495029
2021-09-23 06:00:00,10.1,0.2984238
2021-09-23 07:00:00,12.2,0.3386934
2021-09-23 08:00:00,13.7,0.3215336
2021-09-23 09:00:00,14.7,0.2704588
2021-09-23 10:00:00,16.4,0.2369365
2021-09-23 11:00:00,17.2,0.2201575
2021-09-23 12:00:00,17.8,0.1836483
2021-09-23 13:00:00,18.3,0.1557428
2021-09-23 14:00:00,18.1,0.1556952
2021-09-23 15:00:00,17.7,0.1675595
2021-09-23 16:00:00,17.3,0.2188723
2021-09-23 17:00:00,17.3,0.2267501
2021-09-23 18:00:00,17.0,0.2650919
2021-09-23 19:00:00,15.8,0.2720534
2021-09-23 20:00:00,14.6,0.2652704
2021-09-23 21:00:00,14.3,0.2358893
2021-09-23 22:00:00,13.7,0.2372459
2021-09-23 23:00:00,13.3,0.2239179
2021-09-24 00:00:00,13.4,0.2309984
2021-09-24 01:00:00,13.1,0.2244058
2021-09-24 02:00:00,12.9,0.2244177
2021-09-24 03:00:00,12.1,0.2275355
2021-09-24 04:00:00,11.8,0.2363534
2021-09-24 05:00:00,11.6,0.2601415
2021-09-24 06:00:00,11.9,0.334219
2021-09-24 07:00:00,12.7,0.3590305
2021-09-24 08:00:00,13.8,0.3661705
2021-09-24 09:00:00,14.6,0.3335883
2021-09-24 10:00:00,15.2,0.3192726
2021-09-24 11:00:00,16.6,0.2829419
2021-09-24 12:00:00,17.6,0.2618194
2021-09-24 13:00:00,17.6,0.2592966
2021-09-24 14:00:00,17.6,0.253299
2021-09-24 15:00:00,17.6,0.2542986
2021-09-24 16:00:00,17.3,0.2605937
2021-09-24 17:00:00,17.1,0.2974837
2021-09-24 18:00:00,17.3,0.353497
2021-09-24 19:00:00,17.4,0.3712399
2021-09-24 20:00:00,17.6,0.3327196
2021-09-24 21:00:00,17.7,0.2859526
2021-09-24 22:00:00,17.6,0.2632117
2021-09-24 23:00:00,17.4,0.2544057
2021-09-25 00:00:00,17.3,0.2741121
2021-09-25 01:00:00,17.0,0.2789673
2021-09-25 02:00:00,16.8,0.2770871
2021-09-25 03:00:00,16.6,0.2769919
2021-09-25 04:00:00,16.4,0.2836559
2021-09-25 05:00:00,16.2,0.2739931
2021-09-25 06:00:00,16.1,0.283525
2021-09-25 07:00:00,16.1,0.2940446
2021-09-25 08:00:00,16.3,0.3086102
2021-09-25 09:00:00,16.6,0.3022199
2021-09-25 10:00:00,18.0,0.2858098
2021-09-25 11:00:00,18.1,0.2777178
2021-09-25 12:00:00,19.2,0.2675671
2021-09-25 13:00:00,19.8,0.2710776
2021-09-25 14:00:00,21.7,0.2754925
2021-09-25 15:00:00,21.8,0.2889633
2021-09-25 16:00:00,21.5,0.3055280999999999
2021-09-25 17:00:00,21.2,0.3493082
2021-09-25 18:00:00,18.6,0.3673724
2021-09-25 19:00:00,18.2,0.4031319
2021-09-25 20:00:00,16.1,0.3795223
2021-09-25 21:00:00,17.1,0.357781
2021-09-25 22:00:00,16.2,0.3518429
2021-09-25 23:00:00,14.3,0.343977
2021-09-26 00:00:00,13.8,0.3284832
2021-09-26 01:00:00,13.3,0.3042905
2021-09-26 02:00:00,13.4,0.2906174
2021-09-26 03:00:00,13.1,0.2818709
2021-09-26 04:00:00,12.0,0.2806571
2021-09-26 05:00:00,11.8,0.2801692
2021-09-26 06:00:00,11.6,0.2888324
2021-09-26 07:00:00,11.4,0.2901771
2021-09-26 08:00:00,12.9,0.2957939
2021-09-26 09:00:00,15.2,0.2928546
2021-09-26 10:00:00,19.2,0.2890109
2021-09-26 11:00:00,20.7,0.2821089
2021-09-26 12:00:00,22.0,0.2781462
2021-09-26 13:00:00,22.8,0.2664247
2021-09-26 14:00:00,24.2,0.2634735
2021-09-26 15:00:00,23.8,0.2684001
2021-09-26 16:00:00,23.5,0.2892727
2021-09-26 17:00:00,23.6,0.3190584
2021-09-26 18:00:00,20.9,0.358852
2021-09-26 19:00:00,19.3,0.3767614999999999
2021-09-26 20:00:00,19.1,0.3688242
2021-09-26 21:00:00,18.9,0.3537588
2021-09-26 22:00:00,18.9,0.3506886
2021-09-26 23:00:00,18.0,0.326365
2021-09-27 00:00:00,17.6,0.3141913
2021-09-27 01:00:00,17.2,0.2889157
2021-09-27 02:00:00,17.1,0.2817281
2021-09-27 03:00:00,17.2,0.2746
2021-09-27 04:00:00,17.3,0.2772537
2021-09-27 05:00:00,17.2,0.2901771
2021-09-27 06:00:00,17.2,0.3600182
2021-09-27 07:00:00,17.0,0.3754287
2021-09-27 08:00:00,17.3,0.3826996
2021-09-27 09:00:00,18.4,0.37099
2021-09-27 10:00:00,19.8,0.3604585
2021-09-27 11:00:00,20.0,0.3459762
2021-09-27 12:00:00,19.8,0.3281142999999999
2021-09-27 13:00:00,20.7,0.2975908
2021-09-27 14:00:00,20.2,0.2940327
2021-09-27 15:00:00,21.0,0.2994115
2021-09-27 16:00:00,20.7,0.3250917
2021-09-27 17:00:00,20.4,0.3502126
2021-09-27 18:00:00,19.7,0.361589
2021-09-27 19:00:00,19.5,0.3759761
2021-09-27 20:00:00,18.9,0.3578524
2021-09-27 21:00:00,18.6,0.3341
2021-09-27 22:00:00,13.7,0.3073012
2021-09-27 23:00:00,14.0,0.2710062
2021-09-28 00:00:00,13.6,0.2808237
2021-09-28 01:00:00,13.9,0.2744691
2021-09-28 02:00:00,13.2,0.2726603
2021-09-28 03:00:00,12.6,0.272339
2021-09-28 04:00:00,11.5,0.2817043
2021-09-28 05:00:00,11.2,0.2982929
2021-09-28 06:00:00,10.5,0.3585188
2021-09-28 07:00:00,10.8,0.3819499
2021-09-28 08:00:00,11.4,0.387769
2021-09-28 09:00:00,13.3,0.3792486
2021-09-28 10:00:00,14.3,0.3629099
2021-09-28 11:00:00,15.1,0.3480944
2021-09-28 12:00:00,16.1,0.3253416
2021-09-28 13:00:00,16.6,0.3168926
2021-09-28 14:00:00,17.0,0.3140366
2021-09-28 15:00:00,17.2,0.330292
2021-09-28 16:00:00,17.1,0.35195
2021-09-28 17:00:00,17.0,0.369919
2021-09-28 18:00:00,14.8,0.3908511
2021-09-28 19:00:00,13.5,0.4376419
2021-09-28 20:00:00,12.9,0.3880427
2021-09-28 21:00:00,12.0,0.3663847
2021-09-28 22:00:00,11.4,0.3518429
2021-09-28 23:00:00,10.9,0.3216883
2021-09-29 00:00:00,9.9,0.2990545
2021-09-29 01:00:00,10.0,0.2874877
2021-09-29 02:00:00,10.5,0.2690665
2021-09-29 03:00:00,10.9,0.2609507
2021-09-29 04:00:00,9.9,0.2599987
2021-09-29 05:00:00,10.7,0.2794314
2021-09-29 06:00:00,10.9,0.3491892
2021-09-29 07:00:00,11.2,0.3875667
2021-09-29 08:00:00,11.8,0.3989669
2021-09-29 09:00:00,13.5,0.3879832
2021-09-29 10:00:00,13.9,0.3740721
2021-09-29 11:00:00,15.9,0.356591
2021-09-29 12:00:00,17.4,0.3095979
2021-09-29 13:00:00,14.2,0.2880589
2021-09-29 14:00:00,15.5,0.2845364999999999
2021-09-29 15:00:00,12.3,0.2769919
2021-09-29 16:00:00,12.3,0.2824659
2021-09-29 17:00:00,12.6,0.3075868
2021-09-29 18:00:00,11.5,0.3617437
2021-09-29 19:00:00,11.1,0.3794628
2021-09-29 20:00:00,10.9,0.3477136
2021-09-29 21:00:00,10.1,0.2746833
2021-09-29 22:00:00,10.2,0.2671387
2021-09-29 23:00:00,10.1,0.2515021
2021-09-30 00:00:00,9.9,0.239257
2021-09-30 01:00:00,10.3,0.2332118
2021-09-30 02:00:00,10.3,0.2282852
2021-09-30 03:00:00,10.0,0.2259171
2021-09-30 04:00:00,10.0,0.2295347
2021-09-30 05:00:00,9.5,0.2387453
2021-09-30 06:00:00,9.4,0.2889395
2021-09-30 07:00:00,9.5,0.344453
2021-09-30 08:00:00,10.2,0.3347902
2021-09-30 09:00:00,11.2,0.3056233
2021-09-30 10:00:00,12.1,0.2770395
2021-09-30 11:00:00,13.5,0.2651038
2021-09-30 12:00:00,13.3,0.249729
2021-09-30 13:00:00,14.5,0.2503121
2021-09-30 14:00:00,13.9,0.2488603
2021-09-30 15:00:00,14.1,0.2687928
2021-09-30 16:00:00,14.0,0.2962461
2021-09-30 17:00:00,13.2,0.3658253999999999
2021-09-30 18:00:00,12.5,0.3948257
2021-09-30 19:00:00,12.2,0.4173167
2021-09-30 20:00:00,12.1,0.3879832
2021-09-30 21:00:00,11.5,0.3256986
2021-09-30 22:00:00,11.4,0.280312
2021-09-30 23:00:00,11.0,0.2526207
2021-10-01 00:00:00,10.7,0.2627
2021-10-01 01:00:00,10.4,0.2405541
2021-10-01 02:00:00,10.2,0.2269762
2021-10-01 03:00:00,10.2,0.2126486
2021-10-01 04:00:00,10.1,0.2204788
2021-10-01 05:00:00,10.1,0.2337711
2021-10-01 06:00:00,9.7,0.2991259
2021-10-01 07:00:00,9.9,0.3341
2021-10-01 08:00:00,10.8,0.3246395
2021-10-01 09:00:00,11.3,0.2840605
2021-10-01 10:00:00,12.4,0.2538583
2021-10-01 11:00:00,14.1,0.2404827
2021-10-01 12:00:00,16.3,0.2269286
2021-10-01 13:00:00,17.1,0.2175038
2021-10-01 14:00:00,18.2,0.2141361
2021-10-01 15:00:00,17.5,0.2309032
2021-10-01 16:00:00,18.0,0.2627238
2021-10-01 17:00:00,17.2,0.3445839
2021-10-01 18:00:00,16.8,0.3736913
2021-10-01 19:00:00,16.0,0.3865671
2021-10-01 20:00:00,15.8,0.3448219
2021-10-01 21:00:00,15.3,0.3026959
2021-10-01 22:00:00,15.0,0.2964127
2021-10-01 23:00:00,14.8,0.2653656
2021-10-02 00:00:00,14.6,0.2924738
2021-10-02 01:00:00,14.6,0.2809308
2021-10-02 02:00:00,14.2,0.2822636
2021-10-02 03:00:00,14.0,0.2773013
2021-10-02 04:00:00,12.3,0.2802049
2021-10-02 05:00:00,11.8,0.2889038
2021-10-02 06:00:00,12.0,0.3222
2021-10-02 07:00:00,12.2,0.3414542
2021-10-02 08:00:00,12.9,0.3518429
2021-10-02 09:00:00,13.5,0.3518548
2021-10-02 10:00:00,13.9,0.3169402
2021-10-02 11:00:00,14.2,0.3031838
2021-10-02 12:00:00,14.5,0.2808118
2021-10-02 13:00:00,16.5,0.2581899
2021-10-02 14:00:00,16.4,0.2465636
2021-10-02 15:00:00,16.8,0.2425771
2021-10-02 16:00:00,17.1,0.2470991
2021-10-02 17:00:00,16.7,0.2822874
2021-10-02 18:00:00,16.2,0.2984
2021-10-02 19:00:00,15.5,0.2931164
2021-10-02 20:00:00,16.5,0.2657345
2021-10-02 21:00:00,16.5,0.227357
2021-10-02 22:00:00,16.4,0.2021885
2021-10-02 23:00:00,16.3,0.1723552
2021-10-03 00:00:00,17.4,0.1556119
2021-10-03 01:00:00,18.2,0.1555643
2021-10-03 02:00:00,18.8,0.1543862
2021-10-03 03:00:00,19.4,0.1533271
2021-10-03 04:00:00,19.6,0.1531962
2021-10-03 05:00:00,20.6,0.1543743
2021-10-03 06:00:00,20.3,0.1555286
2021-10-03 07:00:00,20.2,0.1554929
2021-10-03 08:00:00,19.5,0.155719
2021-10-03 09:00:00,19.6,0.1590986
2021-10-03 10:00:00,19.3,0.1583727
2021-10-03 11:00:00,19.2,0.1710343
2021-10-03 12:00:00,19.9,0.1651676
2021-10-03 13:00:00,20.4,0.1611573
2021-10-03 14:00:00,21.0,0.1675238
2021-10-03 15:00:00,21.6,0.2032357
2021-10-03 16:00:00,22.5,0.2212523
2021-10-03 17:00:00,22.2,0.2847745
2021-10-03 18:00:00,21.4,0.3074321
2021-10-03 19:00:00,20.6,0.3386696
2021-10-03 20:00:00,19.7,0.3179398
2021-10-03 21:00:00,15.6,0.2984952
2021-10-03 22:00:00,13.9,0.298043
2021-10-03 23:00:00,13.1,0.2589039
2021-10-04 00:00:00,13.0,0.243898
2021-10-04 01:00:00,12.5,0.2402447
2021-10-04 02:00:00,12.3,0.2394355
2021-10-04 03:00:00,12.4,0.2357346
2021-10-04 04:00:00,12.2,0.235687
2021-10-04 05:00:00,12.0,0.262938
2021-10-04 06:00:00,12.2,0.3703712
2021-10-04 07:00:00,12.3,0.413949
2021-10-04 08:00:00,12.8,0.4197681
2021-10-04 09:00:00,13.5,0.409784
2021-10-04 10:00:00,13.9,0.3926123
2021-10-04 11:00:00,14.3,0.3860435
2021-10-04 12:00:00,14.8,0.3572098
2021-10-04 13:00:00,15.4,0.3506767
2021-10-04 14:00:00,15.7,0.3345165
2021-10-04 15:00:00,16.2,0.3400262
2021-10-04 16:00:00,16.5,0.3698
2021-10-04 17:00:00,16.1,0.3901014
2021-10-04 18:00:00,14.5,0.4085702
2021-10-04 19:00:00,13.8,0.4293
2021-10-04 20:00:00,12.8,0.402168
2021-10-04 21:00:00,12.2,0.358614
2021-10-04 22:00:00,11.8,0.3448933
2021-10-04 23:00:00,10.1,0.313989
2021-10-05 00:00:00,11.0,0.3003635
2021-10-05 01:00:00,11.0,0.289356
2021-10-05 02:00:00,11.0,0.2750522
2021-10-05 03:00:00,10.9,0.2681502
2021-10-05 04:00:00,10.6,0.2685429
2021-10-05 05:00:00,10.7,0.2876423999999999
2021-10-05 06:00:00,11.1,0.3556628
2021-10-05 07:00:00,11.0,0.4145559
2021-10-05 08:00:00,10.9,0.4281695
2021-10-05 09:00:00,12.0,0.4144726
2021-10-05 10:00:00,12.0,0.3984076
2021-10-05 11:00:00,11.9,0.3875548
2021-10-05 12:00:00,12.5,0.3706449
2021-10-05 13:00:00,13.7,0.3485942000000001
2021-10-05 14:00:00,14.1,0.34005
2021-10-05 15:00:00,14.6,0.3404189
2021-10-05 16:00:00,15.2,0.3454645
2021-10-05 17:00:00,14.6,0.373251
2021-10-05 18:00:00,14.1,0.4019062
2021-10-05 19:00:00,13.5,0.4144726
2021-10-05 20:00:00,13.7,0.3768448
2021-10-05 21:00:00,13.6,0.3234257
2021-10-05 22:00:00,13.7,0.2986142
2021-10-05 23:00:00,13.5,0.2746357
2021-10-06 00:00:00,13.1,0.2519781
2021-10-06 01:00:00,12.7,0.2448262
2021-10-06 02:00:00,12.3,0.2396854
2021-10-06 03:00:00,12.2,0.2274879
2021-10-06 04:00:00,11.6,0.2275712
2021-10-06 05:00:00,11.5,0.2474561
2021-10-06 06:00:00,11.5,0.332791
2021-10-06 07:00:00,11.2,0.4174
2021-10-06 08:00:00,11.9,0.4507557
2021-10-06 09:00:00,12.5,0.4413428
2021-10-06 10:00:00,13.4,0.4079038
2021-10-06 11:00:00,14.2,0.400145
2021-10-06 12:00:00,13.7,0.3936
2021-10-06 13:00:00,12.9,0.3857817
2021-10-06 14:00:00,14.0,0.386698
2021-10-06 15:00:00,14.1,0.3883997
2021-10-06 16:00:00,14.1,0.4101529
2021-10-06 17:00:00,13.6,0.4507914
2021-10-06 18:00:00,12.7,0.4562178
2021-10-06 19:00:00,12.8,0.5018543
2021-10-06 20:00:00,12.5,0.465
2021-10-06 21:00:00,12.4,0.4471262
2021-10-06 22:00:00,11.4,0.4176261
2021-10-06 23:00:00,11.1,0.400383
2021-10-07 00:00:00,11.4,0.46619
2021-10-07 01:00:00,11.1,0.4565034
2021-10-07 02:00:00,9.6,0.4531
2021-10-07 03:00:00,8.9,0.4374634
2021-10-07 04:00:00,9.3,0.4434372
2021-10-07 05:00:00,9.8,0.4701289
2021-10-07 06:00:00,9.9,0.5245595000000001
2021-10-07 07:00:00,9.6,0.5793470999999999
2021-10-07 08:00:00,10.2,0.623389
2021-10-07 09:00:00,12.1,0.5751345000000001
2021-10-07 10:00:00,13.8,0.5126
2021-10-07 11:00:00,14.5,0.5125048000000001
2021-10-07 12:00:00,14.7,0.5083279
2021-10-07 13:00:00,15.1,0.49713
2021-10-07 14:00:00,15.4,0.4888238
2021-10-07 15:00:00,16.4,0.4888
2021-10-07 16:00:00,15.8,0.5113386
2021-10-07 17:00:00,14.4,0.5335202
2021-10-07 18:00:00,12.9,0.5727188000000001
2021-10-07 19:00:00,11.5,0.6826509999999999
2021-10-07 20:00:00,9.3,0.5352456999999999
2021-10-07 21:00:00,9.3,0.5126
2021-10-07 22:00:00,9.1,0.5113029
2021-10-07 23:00:00,9.1,0.477733
2021-10-08 00:00:00,8.4,0.3657659
2021-10-08 01:00:00,7.3,0.3547584
2021-10-08 02:00:00,5.9,0.3511765
2021-10-08 03:00:00,5.5,0.3460952
2021-10-08 04:00:00,5.6,0.3492606
2021-10-08 05:00:00,5.0,0.3628028
2021-10-08 06:00:00,5.0,0.4334174
2021-10-08 07:00:00,4.5,0.476186
2021-10-08 08:00:00,5.7,0.5023898
2021-10-08 09:00:00,8.7,0.465
2021-10-08 10:00:00,11.1,0.4295856
2021-10-08 11:00:00,12.8,0.4070708
2021-10-08 12:00:00,14.5,0.3847939999999999
2021-10-08 13:00:00,15.1,0.357424
2021-10-08 14:00:00,16.0,0.346595
2021-10-08 15:00:00,15.8,0.3516168
2021-10-08 16:00:00,15.9,0.384437
2021-10-08 17:00:00,14.4,0.4281338
2021-10-08 18:00:00,13.2,0.4564438999999999
2021-10-08 19:00:00,12.0,0.476543
2021-10-08 20:00:00,10.3,0.4360473
2021-10-08 21:00:00,9.8,0.3867099
2021-10-08 22:00:00,9.1,0.371228
2021-10-08 23:00:00,9.0,0.3341
2021-10-09 00:00:00,7.6,0.3200342
2021-10-09 01:00:00,7.6,0.2987332
2021-10-09 02:00:00,6.1,0.3009228
2021-10-09 03:00:00,5.9,0.3163809
2021-10-09 04:00:00,5.2,0.3222
2021-10-09 05:00:00,4.0,0.3190227
2021-10-09 06:00:00,4.2,0.3188085
2021-10-09 07:00:00,3.6,0.3554129
2021-10-09 08:00:00,5.5,0.3736913
2021-10-09 09:00:00,6.9,0.3465236
2021-10-09 10:00:00,8.4,0.30316
2021-10-09 11:00:00,10.3,0.2755639
2021-10-09 12:00:00,12.2,0.249253
2021-10-09 13:00:00,13.6,0.2394236
2021-10-09 14:00:00,14.3,0.239495
2021-10-09 15:00:00,14.6,0.2672458
2021-10-09 16:00:00,14.6,0.3192488
2021-10-09 17:00:00,13.4,0.3936
2021-10-09 18:00:00,10.1,0.428348
2021-10-09 19:00:00,8.2,0.4402718
2021-10-09 20:00:00,7.9,0.3736318
2021-10-09 21:00:00,8.1,0.3208434
2021-10-09 22:00:00,6.7,0.3099549
2021-10-09 23:00:00,5.7,0.2865119
2021-10-10 00:00:00,5.5,0.3166665
2021-10-10 01:00:00,4.8,0.312918
2021-10-10 02:00:00,4.1,0.3009109
2021-10-10 03:00:00,3.1,0.2976979
2021-10-10 04:00:00,2.6,0.2970672
2021-10-10 05:00:00,2.0,0.2994472
2021-10-10 06:00:00,0.9,0.322795
2021-10-10 07:00:00,1.3,0.3507481
2021-10-10 08:00:00,4.2,0.3568409
2021-10-10 09:00:00,6.2,0.3360992
2021-10-10 10:00:00,9.2,0.3075511
2021-10-10 11:00:00,11.7,0.2978288
2021-10-10 12:00:00,12.6,0.2699233
2021-10-10 13:00:00,14.1,0.258297
2021-10-10 14:00:00,14.3,0.2379718
2021-10-10 15:00:00,15.2,0.2624858
2021-10-10 16:00:00,15.1,0.3029815
2021-10-10 17:00:00,14.1,0.3522950999999999
2021-10-10 18:00:00,11.3,0.4127114
2021-10-10 19:00:00,8.0,0.4418783
2021-10-10 20:00:00,7.2,0.419423
2021-10-10 21:00:00,6.4,0.38765
2021-10-10 22:00:00,4.8,0.3694668
2021-10-10 23:00:00,5.2,0.3450004
2021-10-11 00:00:00,5.3,0.3330766
2021-10-11 01:00:00,4.7,0.3239969
2021-10-11 02:00:00,4.9,0.3026245
2021-10-11 03:00:00,7.4,0.2908792
2021-10-11 04:00:00,9.2,0.296734
2021-10-11 05:00:00,9.1,0.3295304
2021-10-11 06:00:00,9.6,0.3936
2021-10-11 07:00:00,9.6,0.4560274
2021-10-11 08:00:00,10.0,0.4650238
2021-10-11 09:00:00,10.9,0.4376538
2021-10-11 10:00:00,11.6,0.4101886
2021-10-11 11:00:00,12.6,0.3701332
2021-10-11 12:00:00,13.9,0.3140961
2021-10-11 13:00:00,13.6,0.2856908
2021-10-11 14:00:00,12.3,0.276266
2021-10-11 15:00:00,14.2,0.2996614
2021-10-11 16:00:00,14.2,0.3282333
2021-10-11 17:00:00,11.2,0.3842347
2021-10-11 18:00:00,10.4,0.4270509
2021-10-11 19:00:00,10.4,0.4418783
2021-10-11 20:00:00,9.5,0.4283956
2021-10-11 21:00:00,8.9,0.3644093
2021-10-11 22:00:00,8.7,0.2980192
2021-10-11 23:00:00,8.4,0.2705302
2021-10-12 00:00:00,8.2,0.2750403
2021-10-12 01:00:00,8.7,0.2684715
2021-10-12 02:00:00,8.1,0.257821
2021-10-12 03:00:00,8.1,0.2627
2021-10-12 04:00:00,8.6,0.2666984
2021-10-12 05:00:00,9.0,0.286857
2021-10-12 06:00:00,9.1,0.32577
2021-10-12 07:00:00,8.9,0.4119498
2021-10-12 08:00:00,8.5,0.4366899
2021-10-12 09:00:00,8.8,0.4378442
2021-10-12 10:00:00,10.3,0.4174
2021-10-12 11:00:00,11.1,0.4042386
2021-10-12 12:00:00,11.4,0.3633621
2021-10-12 13:00:00,11.8,0.3355756
2021-10-12 14:00:00,12.2,0.3221405
2021-10-12 15:00:00,12.0,0.3215336
2021-10-12 16:00:00,11.6,0.3333384
2021-10-12 17:00:00,10.2,0.3936
2021-10-12 18:00:00,8.7,0.4357736
2021-10-12 19:00:00,8.0,0.4508152
2021-10-12 20:00:00,7.1,0.4254206
2021-10-12 21:00:00,7.3,0.3855079999999999
2021-10-12 22:00:00,6.0,0.3753692
2021-10-12 23:00:00,5.1,0.3223309
2021-10-13 00:00:00,5.1,0.3363967
2021-10-13 01:00:00,3.9,0.3364918999999999
2021-10-13 02:00:00,4.3,0.3222833
2021-10-13 03:00:00,4.9,0.3131917000000001
2021-10-13 04:00:00,5.2,0.31625
2021-10-13 05:00:00,5.2,0.3358255
2021-10-13 06:00:00,5.3,0.3890423
2021-10-13 07:00:00,5.7,0.428467
2021-10-13 08:00:00,6.5,0.4538021
2021-10-13 09:00:00,7.3,0.4399743
2021-10-13 10:00:00,8.7,0.4070589
2021-10-13 11:00:00,10.2,0.3883164
2021-10-13 12:00:00,11.2,0.3814025
2021-10-13 13:00:00,11.8,0.3564006
2021-10-13 14:00:00,12.1,0.3524498
2021-10-13 15:00:00,11.2,0.355044
2021-10-13 16:00:00,10.8,0.381581
2021-10-13 17:00:00,10.1,0.4102124
2021-10-13 18:00:00,9.6,0.4495181
2021-10-13 19:00:00,9.5,0.4974989
2021-10-13 20:00:00,9.5,0.4352499999999999
2021-10-13 21:00:00,9.8,0.3924933
2021-10-13 22:00:00,9.7,0.3378842
2021-10-13 23:00:00,10.0,0.2937828
2021-10-14 00:00:00,9.2,0.3301611
2021-10-14 01:00:00,9.3,0.3124777
2021-10-14 02:00:00,9.5,0.3132274
2021-10-14 03:00:00,9.7,0.2865
2021-10-14 04:00:00,9.9,0.2943659
2021-10-14 05:00:00,10.1,0.3233781
2021-10-14 06:00:00,10.1,0.40431
2021-10-14 07:00:00,10.5,0.4353095
2021-10-14 08:00:00,10.6,0.465
2021-10-14 09:00:00,11.0,0.44715
2021-10-14 10:00:00,11.3,0.4204345
2021-10-14 11:00:00,11.6,0.391577
2021-10-14 12:00:00,12.7,0.3816167
2021-10-14 13:00:00,12.7,0.35076
2021-10-14 14:00:00,12.7,0.3276145
2021-10-14 15:00:00,13.0,0.3272813
2021-10-14 16:00:00,13.0,0.3363848
2021-10-14 17:00:00,12.8,0.3925647
2021-10-14 18:00:00,12.4,0.4194587
2021-10-14 19:00:00,12.3,0.4170786999999999
2021-10-14 20:00:00,12.4,0.333862
2021-10-14 21:00:00,12.6,0.2943897
2021-10-14 22:00:00,13.0,0.2834417
2021-10-14 23:00:00,13.0,0.2386858
2021-10-15 00:00:00,12.9,0.2355918
2021-10-15 01:00:00,12.9,0.2228945
2021-10-15 02:00:00,12.9,0.2144098
2021-10-15 03:00:00,12.7,0.2138267
2021-10-15 04:00:00,12.4,0.2228469
2021-10-15 05:00:00,12.4,0.2355799
2021-10-15 06:00:00,12.2,0.272458
2021-10-15 07:00:00,12.0,0.3519619
2021-10-15 08:00:00,12.0,0.3412638
2021-10-15 09:00:00,12.3,0.2806809
2021-10-15 10:00:00,11.0,0.2556314
2021-10-15 11:00:00,10.5,0.2415061
2021-10-15 12:00:00,10.0,0.2364843
2021-10-15 13:00:00,11.6,0.2228231
2021-10-15 14:00:00,11.6,0.2301297
2021-10-15 15:00:00,10.9,0.2526683
2021-10-15 16:00:00,11.6,0.302684
2021-10-15 17:00:00,10.5,0.3884354
2021-10-15 18:00:00,8.4,0.4411167
2021-10-15 19:00:00,7.4,0.4521718
2021-10-15 20:00:00,7.1,0.4038816
2021-10-15 21:00:00,6.7,0.3918388
2021-10-15 22:00:00,6.0,0.3596017
2021-10-15 23:00:00,4.9,0.2954845
2021-10-16 00:00:00,4.9,0.3067776
2021-10-16 01:00:00,4.9,0.3058018
2021-10-16 02:00:00,5.5,0.3200104
2021-10-16 03:00:00,5.6,0.3171425
2021-10-16 04:00:00,5.5,0.3210338
2021-10-16 05:00:00,5.0,0.322557
2021-10-16 06:00:00,6.3,0.3158573
2021-10-16 07:00:00,6.4,0.3726917
2021-10-16 08:00:00,6.8,0.3815929
2021-10-16 09:00:00,7.7,0.3747742
2021-10-16 10:00:00,8.3,0.3875905
2021-10-16 11:00:00,9.5,0.2984119
2021-10-16 12:00:00,11.3,0.2779677
2021-10-16 13:00:00,10.7,0.2610697
2021-10-16 14:00:00,10.7,0.2554648
2021-10-16 15:00:00,10.6,0.2708396
2021-10-16 16:00:00,10.4,0.3171901
2021-10-16 17:00:00,10.0,0.3965988
2021-10-16 18:00:00,9.5,0.4353571
2021-10-16 19:00:00,9.2,0.4567414
2021-10-16 20:00:00,9.2,0.4316086
2021-10-16 21:00:00,8.9,0.3940046
2021-10-16 22:00:00,7.6,0.3792486
2021-10-16 23:00:00,6.8,0.311609
2021-10-17 00:00:00,6.3,0.2827991
2021-10-17 01:00:00,5.5,0.2837273
2021-10-17 02:00:00,7.0,0.2790387
2021-10-17 03:00:00,7.5,0.2842271
2021-10-17 04:00:00,8.1,0.2869998
2021-10-17 05:00:00,8.7,0.2944492
2021-10-17 06:00:00,8.7,0.2890347
2021-10-17 07:00:00,8.6,0.2961152
2021-10-17 08:00:00,8.7,0.3589353
2021-10-17 09:00:00,9.4,0.367539
2021-10-17 10:00:00,9.6,0.3540444
2021-10-17 11:00:00,10.6,0.3161548
2021-10-17 12:00:00,11.6,0.3021723
2021-10-17 13:00:00,12.0,0.2824183
2021-10-17 14:00:00,11.7,0.2762541
2021-10-17 15:00:00,11.9,0.289832
2021-10-17 16:00:00,11.6,0.3029815
2021-10-17 17:00:00,11.2,0.372775
2021-10-17 18:00:00,10.7,0.41264
2021-10-17 19:00:00,10.4,0.4391651
2021-10-17 20:00:00,10.2,0.4008471
2021-10-17 21:00:00,10.0,0.3440484
2021-10-17 22:00:00,9.7,0.364445
2021-10-17 23:00:00,9.4,0.3137272
2021-10-18 00:00:00,9.4,0.2916765
2021-10-18 01:00:00,9.0,0.2960676
2021-10-18 02:00:00,9.6,0.2850601
2021-10-18 03:00:00,9.6,0.2863096
2021-10-18 04:00:00,9.6,0.29602
2021-10-18 05:00:00,9.8,0.3422158
2021-10-18 06:00:00,9.6,0.413354
2021-10-18 07:00:00,8.0,0.4627747
2021-10-18 08:00:00,8.7,0.4749008
2021-10-18 09:00:00,10.3,0.453695
2021-10-18 10:00:00,12.2,0.41264
2021-10-18 11:00:00,13.8,0.3927313
2021-10-18 12:00:00,14.8,0.3698
2021-10-18 13:00:00,14.7,0.3540801
2021-10-18 14:00:00,14.6,0.3623506
2021-10-18 15:00:00,14.3,0.3828662
2021-10-18 16:00:00,14.0,0.403953
2021-10-18 17:00:00,13.1,0.4292643
2021-10-18 18:00:00,12.5,0.4566343
2021-10-18 19:00:00,11.9,0.4675228
2021-10-18 20:00:00,11.5,0.41026
2021-10-18 21:00:00,10.3,0.40074
2021-10-18 22:00:00,10.6,0.3714898
2021-10-18 23:00:00,10.6,0.3364443
2021-10-19 00:00:00,10.5,0.2906293
2021-10-19 01:00:00,10.4,0.2820732
2021-10-19 02:00:00,10.3,0.2770395
2021-10-19 03:00:00,10.5,0.2652228
2021-10-19 04:00:00,10.6,0.2712323
2021-10-19 05:00:00,11.0,0.2924143
2021-10-19 06:00:00,11.2,0.352069
2021-10-19 07:00:00,11.2,0.412521
2021-10-19 08:00:00,11.2,0.4360592
2021-10-19 09:00:00,12.3,0.422993
2021-10-19 10:00:00,13.1,0.4109145
2021-10-19 11:00:00,13.8,0.3929098
2021-10-19 12:00:00,14.0,0.3931716
2021-10-19 13:00:00,14.3,0.3801411
2021-10-19 14:00:00,14.1,0.37218
2021-10-19 15:00:00,14.5,0.359804
2021-10-19 16:00:00,15.3,0.3603871
2021-10-19 17:00:00,15.0,0.3736913
2021-10-19 18:00:00,15.1,0.375512
2021-10-19 19:00:00,14.7,0.3532947
2021-10-19 20:00:00,15.0,0.3197248
2021-10-19 21:00:00,16.2,0.2686262
2021-10-19 22:00:00,16.7,0.2381503
2021-10-19 23:00:00,14.5,0.2163138
2021-10-20 00:00:00,14.2,0.1727241
2021-10-20 01:00:00,15.1,0.1623235
2021-10-20 02:00:00,15.2,0.1605028
2021-10-20 03:00:00,15.3,0.1557071
2021-10-20 04:00:00,14.9,0.1557785
2021-10-20 05:00:00,15.0,0.1723433
2021-10-20 06:00:00,14.5,0.2305105
2021-10-20 07:00:00,15.0,0.3128823
2021-10-20 08:00:00,15.5,0.3109307
2021-10-20 09:00:00,15.1,0.2727317
2021-10-20 10:00:00,15.4,0.2285708
2021-10-20 11:00:00,15.7,0.2223352
2021-10-20 12:00:00,17.1,0.2128271
2021-10-20 13:00:00,17.3,0.2080314
2021-10-20 14:00:00,17.6,0.2177299
2021-10-20 15:00:00,17.6,0.2231444
2021-10-20 16:00:00,17.1,0.2285708
2021-10-20 17:00:00,17.2,0.2626881
2021-10-20 18:00:00,17.1,0.2906769
2021-10-20 19:00:00,17.2,0.2965436
2021-10-20 20:00:00,17.0,0.2601891
2021-10-20 21:00:00,16.9,0.2435053
2021-10-20 22:00:00,16.7,0.2320813
2021-10-20 23:00:00,17.0,0.2178251
2021-10-21 00:00:00,15.3,0.1913476
2021-10-21 01:00:00,15.0,0.1915023
2021-10-21 02:00:00,15.3,0.1781743
2021-10-21 03:00:00,15.7,0.177972
2021-10-21 04:00:00,13.9,0.1902766
2021-10-21 05:00:00,13.9,0.2124106
2021-10-21 06:00:00,13.7,0.2473489999999999
2021-10-21 07:00:00,12.7,0.2802406
2021-10-21 08:00:00,12.3,0.2842152
2021-10-21 09:00:00,11.8,0.2786698
2021-10-21 10:00:00,9.6,0.2622954
2021-10-21 11:00:00,9.8,0.2472895
2021-10-21 12:00:00,11.4,0.2178132
2021-10-21 13:00:00,12.0,0.1913
2021-10-21 14:00:00,11.6,0.178091
2021-10-21 15:00:00,8.1,0.1913238
2021-10-21 16:00:00,8.4,0.2139576
2021-10-21 17:00:00,8.3,0.2328429
2021-10-21 18:00:00,7.9,0.2750403
2021-10-21 19:00:00,7.3,0.2962699
2021-10-21 20:00:00,7.5,0.2604152
2021-10-21 21:00:00,7.0,0.2389952
2021-10-21 22:00:00,6.7,0.2331523
2021-10-21 23:00:00,6.4,0.2199909
2021-10-22 00:00:00,6.4,0.2310698
2021-10-22 01:00:00,5.9,0.2275355
2021-10-22 02:00:00,5.8,0.2211809
2021-10-22 03:00:00,6.1,0.2182416
2021-10-22 04:00:00,6.3,0.2288802
2021-10-22 05:00:00,6.7,0.2425295
2021-10-22 06:00:00,6.9,0.2650562
2021-10-22 07:00:00,7.1,0.2975432
2021-10-22 08:00:00,7.6,0.2996614
2021-10-22 09:00:00,7.9,0.2645802
2021-10-22 10:00:00,9.0,0.2371864
2021-10-22 11:00:00,9.2,0.2213356
2021-10-22 12:00:00,9.2,0.2080314
2021-10-22 13:00:00,8.8,0.1847074
2021-10-22 14:00:00,8.6,0.1832318
2021-10-22 15:00:00,8.8,0.1913952
2021-10-22 16:00:00,8.8,0.2213832
2021-10-22 17:00:00,8.4,0.2539654
2021-10-22 18:00:00,7.8,0.2865
2021-10-22 19:00:00,7.4,0.2982929
2021-10-22 20:00:00,7.2,0.2733267
2021-10-22 21:00:00,6.9,0.2492173
2021-10-22 22:00:00,6.4,0.251633
2021-10-22 23:00:00,6.0,0.2306414
2021-10-23 00:00:00,5.7,0.24247
2021-10-23 01:00:00,5.7,0.2379123
2021-10-23 02:00:00,5.3,0.2361154
2021-10-23 03:00:00,5.0,0.2432197
2021-10-23 04:00:00,5.0,0.2373054
2021-10-23 05:00:00,4.9,0.2418512
2021-10-23 06:00:00,5.3,0.2341876
2021-10-23 07:00:00,5.7,0.280669
2021-10-23 08:00:00,6.0,0.3190227
2021-10-23 09:00:00,7.1,0.32339
2021-10-23 10:00:00,8.3,0.3340881
2021-10-23 11:00:00,9.1,0.3200104
2021-10-23 12:00:00,10.5,0.2969244
2021-10-23 13:00:00,10.8,0.2811688
2021-10-23 14:00:00,10.9,0.304469
2021-10-23 15:00:00,10.9,0.3460833
2021-10-23 16:00:00,10.5,0.3702165
2021-10-23 17:00:00,9.8,0.4066781
2021-10-23 18:00:00,8.5,0.4390818
2021-10-23 19:00:00,7.6,0.4607993000000001
2021-10-23 20:00:00,8.1,0.4210414
2021-10-23 21:00:00,7.3,0.4054999999999999
2021-10-23 22:00:00,5.7,0.3841514
2021-10-23 23:00:00,5.4,0.3486537
2021-10-24 00:00:00,5.4,0.3191774
2021-10-24 01:00:00,4.9,0.2858217
2021-10-24 02:00:00,4.9,0.28055
2021-10-24 03:00:00,4.2,0.2919621
2021-10-24 04:00:00,3.8,0.2666032
2021-10-24 05:00:00,3.7,0.28055
2021-10-24 06:00:00,3.3,0.2553934
2021-10-24 07:00:00,2.6,0.2671625
2021-10-24 08:00:00,3.6,0.2975789
2021-10-24 09:00:00,5.8,0.2549055
2021-10-24 10:00:00,7.5,0.254251
2021-10-24 11:00:00,9.1,0.2601296
2021-10-24 12:00:00,10.6,0.2426723
2021-10-24 13:00:00,11.3,0.2291658
2021-10-24 14:00:00,12.2,0.2270119
2021-10-24 15:00:00,12.7,0.2472895
2021-10-24 16:00:00,12.3,0.2748499
2021-10-24 17:00:00,11.1,0.3198914
2021-10-24 18:00:00,8.3,0.3831161
2021-10-24 19:00:00,8.0,0.3172377
2021-10-24 20:00:00,8.0,0.2737551
2021-10-24 21:00:00,8.3,0.2449214
2021-10-24 22:00:00,8.3,0.2499432
2021-10-24 23:00:00,7.5,0.2496457
2021-10-25 00:00:00,5.0,0.2560003
2021-10-25 01:00:00,8.1,0.2526445
2021-10-25 02:00:00,7.4,0.2582018
2021-10-25 03:00:00,6.7,0.2560241
2021-10-25 04:00:00,6.9,0.261153
2021-10-25 05:00:00,5.7,0.2886658
2021-10-25 06:00:00,5.5,0.3995976
2021-10-25 07:00:00,5.4,0.4123663
2021-10-25 08:00:00,5.5,0.4440679
2021-10-25 09:00:00,7.0,0.4164956
2021-10-25 10:00:00,8.3,0.3651352
2021-10-25 11:00:00,10.0,0.3364205
2021-10-25 12:00:00,11.9,0.3377295
2021-10-25 13:00:00,13.1,0.3574121
2021-10-25 14:00:00,13.0,0.3626838
2021-10-25 15:00:00,13.3,0.3946829
2021-10-25 16:00:00,12.2,0.4137943
2021-10-25 17:00:00,12.2,0.4352499999999999
2021-10-25 18:00:00,11.3,0.459169
2021-10-25 19:00:00,11.1,0.46738
2021-10-25 20:00:00,11.1,0.4114024
2021-10-25 21:00:00,11.1,0.39122
2021-10-25 22:00:00,10.8,0.3722514
2021-10-25 23:00:00,10.7,0.3440841
2021-10-26 00:00:00,11.1,0.2932354
2021-10-26 01:00:00,11.3,0.3169283
2021-10-26 02:00:00,11.3,0.3035884
2021-10-26 03:00:00,11.3,0.2923548
2021-10-26 04:00:00,11.0,0.3008514
2021-10-26 05:00:00,11.0,0.340169
2021-10-26 06:00:00,11.3,0.410855
2021-10-26 07:00:00,11.2,0.4360949
2021-10-26 08:00:00,11.4,0.4482329
2021-10-26 09:00:00,11.5,0.4353214
2021-10-26 10:00:00,12.2,0.417281
2021-10-26 11:00:00,12.7,0.4081418
2021-10-26 12:00:00,13.8,0.3900657
2021-10-26 13:00:00,14.2,0.3762736
2021-10-26 14:00:00,14.2,0.3519619
2021-10-26 15:00:00,13.7,0.3667536
2021-10-26 16:00:00,13.6,0.381938
2021-10-26 17:00:00,13.2,0.4215293
2021-10-26 18:00:00,12.7,0.44477
2021-10-26 19:00:00,12.8,0.4215293
2021-10-26 20:00:00,13.2,0.3900657
2021-10-26 21:00:00,12.7,0.3201532
2021-10-26 22:00:00,12.7,0.2945325
2021-10-26 23:00:00,12.7,0.2558813
2021-10-27 00:00:00,12.6,0.2642827
2021-10-27 01:00:00,12.6,0.257226
2021-10-27 02:00:00,12.4,0.2388048
2021-10-27 03:00:00,12.3,0.235092
2021-10-27 04:00:00,12.2,0.2571784
2021-10-27 05:00:00,12.3,0.2665556
2021-10-27 06:00:00,12.7,0.3040882
2021-10-27 07:00:00,12.7,0.3900419
2021-10-27 08:00:00,12.7,0.4174
2021-10-27 09:00:00,13.1,0.3936
2021-10-27 10:00:00,14.0,0.3698
2021-10-27 11:00:00,14.4,0.3234019
2021-10-27 12:00:00,14.6,0.2975789
2021-10-27 13:00:00,15.1,0.2746
2021-10-27 14:00:00,15.9,0.2746357
2021-10-27 15:00:00,15.8,0.3055519
2021-10-27 16:00:00,15.4,0.3328981
2021-10-27 17:00:00,15.1,0.4025964
2021-10-27 18:00:00,14.6,0.4355713
2021-10-27 19:00:00,14.3,0.4275745
2021-10-27 20:00:00,12.8,0.3923505
2021-10-27 21:00:00,12.1,0.34838
2021-10-27 22:00:00,11.3,0.3326839
2021-10-27 23:00:00,10.6,0.3004825
2021-10-28 00:00:00,10.2,0.3138938
2021-10-28 01:00:00,9.4,0.3049807
2021-10-28 02:00:00,8.9,0.2971624
2021-10-28 03:00:00,8.4,0.3008038
2021-10-28 04:00:00,9.0,0.312323
2021-10-28 05:00:00,9.2,0.3234138
2021-10-28 06:00:00,8.6,0.3698
2021-10-28 07:00:00,9.0,0.4233738
2021-10-28 08:00:00,9.1,0.4535046
2021-10-28 09:00:00,10.6,0.3983362
2021-10-28 10:00:00,12.0,0.359566
2021-10-28 11:00:00,13.2,0.3254963
2021-10-28 12:00:00,14.9,0.3079319
2021-10-28 13:00:00,15.9,0.28888
2021-10-28 14:00:00,16.6,0.2900819
2021-10-28 15:00:00,16.5,0.3222
2021-10-28 16:00:00,16.4,0.3615295
2021-10-28 17:00:00,14.9,0.3923267
2021-10-28 18:00:00,12.9,0.4182211
2021-10-28 19:00:00,12.6,0.3920173
2021-10-28 20:00:00,11.2,0.3363134
2021-10-28 21:00:00,11.5,0.2748261
2021-10-28 22:00:00,10.0,0.2789911
2021-10-28 23:00:00,8.8,0.2735171
2021-10-29 00:00:00,8.0,0.2686262
2021-10-29 01:00:00,7.6,0.2555481
2021-10-29 02:00:00,7.5,0.2488365
2021-10-29 03:00:00,7.0,0.2381979
2021-10-29 04:00:00,6.7,0.2451951
2021-10-29 05:00:00,7.4,0.2622359
2021-10-29 06:00:00,7.8,0.3134535
2021-10-29 07:00:00,7.8,0.363136
2021-10-29 08:00:00,8.0,0.3928384
2021-10-29 09:00:00,9.4,0.3322198
2021-10-29 10:00:00,11.2,0.2819304
2021-10-29 11:00:00,13.3,0.271149
2021-10-29 12:00:00,15.2,0.2642351
2021-10-29 13:00:00,15.1,0.2573569
2021-10-29 14:00:00,15.4,0.2631046
2021-10-29 15:00:00,14.6,0.2758495
2021-10-29 16:00:00,14.5,0.319701
2021-10-29 17:00:00,13.2,0.3792724
2021-10-29 18:00:00,13.0,0.3579833
2021-10-29 19:00:00,13.1,0.3368727
2021-10-29 20:00:00,12.3,0.2819542
2021-10-29 21:00:00,12.2,0.2613791
2021-10-29 22:00:00,12.0,0.2562859
2021-10-29 23:00:00,12.2,0.2335569
2021-10-30 00:00:00,11.8,0.2449095
2021-10-30 01:00:00,11.2,0.2415418
2021-10-30 02:00:00,10.9,0.2454093
2021-10-30 03:00:00,9.8,0.2389
2021-10-30 04:00:00,9.7,0.2353657
2021-10-30 05:00:00,9.7,0.2382217
2021-10-30 06:00:00,9.8,0.252347
2021-10-30 07:00:00,9.8,0.2654489
2021-10-30 08:00:00,9.5,0.2956035
2021-10-30 09:00:00,10.8,0.2946991
2021-10-30 10:00:00,12.1,0.2853457
2021-10-30 11:00:00,12.2,0.2761589
2021-10-30 12:00:00,13.0,0.2520733
2021-10-30 13:00:00,13.5,0.2490864
2021-10-30 14:00:00,13.6,0.2407802
2021-10-30 15:00:00,12.9,0.2407921
2021-10-30 16:00:00,11.8,0.2508
2021-10-30 17:00:00,11.7,0.2591062
2021-10-30 18:00:00,12.0,0.2920573
2021-10-30 19:00:00,12.6,0.2839177
2021-10-30 20:00:00,12.8,0.2606056
2021-10-30 21:00:00,12.0,0.2357584
2021-10-30 22:00:00,12.1,0.2352467
2021-10-30 23:00:00,11.8,0.2236442
2021-10-31 00:00:00,12.3,0.2224066
2021-10-31 01:00:00,12.5,0.2280353
2021-10-31 02:00:00,12.6,0.2377457
2021-10-31 03:00:00,11.4,0.2235609
2021-10-31 04:00:00,10.9,0.2253935
2021-10-31 05:00:00,10.7,0.22224
2021-10-31 06:00:00,10.6,0.2207287
2021-10-31 07:00:00,10.8,0.2272856
2021-10-31 08:00:00,11.5,0.2282971
2021-10-31 09:00:00,13.0,0.2409349
2021-10-31 10:00:00,13.6,0.2329381
2021-10-31 11:00:00,14.9,0.2328429
2021-10-31 12:00:00,15.4,0.2289754
2021-10-31 13:00:00,16.0,0.2223828
2021-10-31 14:00:00,16.2,0.2224185
2021-10-31 15:00:00,16.9,0.230689
2021-10-31 16:00:00,16.1,0.2388048
2021-10-31 17:00:00,15.7,0.2497647
2021-10-31 18:00:00,14.1,0.2443026
2021-10-31 19:00:00,15.6,0.2270714
2021-10-31 20:00:00,15.8,0.217718
2021-10-31 21:00:00,16.8,0.2180631
2021-10-31 22:00:00,16.7,0.225215
2021-10-31 23:00:00,16.6,0.2178727
2021-11-01 00:00:00,15.1,0.2260718
2021-11-01 01:00:00,14.0,0.2211214
2021-11-01 02:00:00,12.7,0.2078648
2021-11-01 03:00:00,12.2,0.1818395
2021-11-01 04:00:00,11.8,0.1798284
2021-11-01 05:00:00,11.5,0.2053658
2021-11-01 06:00:00,11.5,0.2249651
2021-11-01 07:00:00,11.4,0.2478726
2021-11-01 08:00:00,11.8,0.2612839
2021-11-01 09:00:00,12.0,0.2602843
2021-11-01 10:00:00,12.6,0.254608
2021-11-01 11:00:00,12.6,0.2487889
2021-11-01 12:00:00,12.6,0.2495862
2021-11-01 13:00:00,12.8,0.2514545
2021-11-01 14:00:00,12.9,0.2526088
2021-11-01 15:00:00,12.6,0.2732077
2021-11-01 16:00:00,12.3,0.2880232
2021-11-01 17:00:00,11.3,0.350998
2021-11-01 18:00:00,10.5,0.37337
2021-11-01 19:00:00,9.7,0.369681
2021-11-01 20:00:00,9.7,0.3496652
2021-11-01 21:00:00,9.3,0.3358969
2021-11-01 22:00:00,8.9,0.3309703
2021-11-01 23:00:00,7.9,0.316131
2021-11-02 00:00:00,8.5,0.32815
2021-11-02 01:00:00,8.2,0.3126204999999999
2021-11-02 02:00:00,7.5,0.3090148
2021-11-02 03:00:00,6.9,0.287928
2021-11-02 04:00:00,5.8,0.3025769
2021-11-02 05:00:00,6.0,0.3257819
2021-11-02 06:00:00,5.9,0.3723585
2021-11-02 07:00:00,6.0,0.4136277
2021-11-02 08:00:00,7.3,0.4352262
2021-11-02 09:00:00,8.9,0.4269676
2021-11-02 10:00:00,9.3,0.4194706
2021-11-02 11:00:00,10.1,0.4212199
2021-11-02 12:00:00,10.4,0.4125804999999999
2021-11-02 13:00:00,10.5,0.4142465
2021-11-02 14:00:00,10.6,0.4232429
2021-11-02 15:00:00,10.9,0.429657
2021-11-02 16:00:00,8.3,0.4518267
2021-11-02 17:00:00,7.1,0.5113743
2021-11-02 18:00:00,6.4,0.5276773
2021-11-02 19:00:00,6.2,0.4888
2021-11-02 20:00:00,6.2,0.43049
2021-11-02 21:00:00,7.6,0.39479
2021-11-02 22:00:00,8.1,0.3697881
2021-11-02 23:00:00,7.8,0.35433
2021-11-03 00:00:00,7.7,0.3301492
2021-11-03 01:00:00,7.0,0.3258652
2021-11-03 02:00:00,6.2,0.3224975
2021-11-03 03:00:00,5.6,0.3112996
2021-11-03 04:00:00,5.0,0.3103357
2021-11-03 05:00:00,3.9,0.320653
2021-11-03 06:00:00,3.8,0.3578405
2021-11-03 07:00:00,3.1,0.3988003
2021-11-03 08:00:00,3.2,0.4294071
2021-11-03 09:00:00,6.2,0.4163171
2021-11-03 10:00:00,7.2,0.4026678
2021-11-03 11:00:00,8.2,0.4093794
2021-11-03 12:00:00,8.3,0.400978
2021-11-03 13:00:00,8.7,0.4068209
2021-11-03 14:00:00,8.7,0.412521
2021-11-03 15:00:00,8.5,0.4260632
2021-11-03 16:00:00,8.0,0.4352143
2021-11-03 17:00:00,7.7,0.4626081
2021-11-03 18:00:00,7.5,0.4820526999999999
2021-11-03 19:00:00,7.5,0.43644
2021-11-03 20:00:00,7.5,0.3971105
2021-11-03 21:00:00,7.4,0.3741197
2021-11-03 22:00:00,7.3,0.3530448
2021-11-03 23:00:00,7.2,0.3282333
2021-11-04 00:00:00,7.1,0.3524141
2021-11-04 01:00:00,7.0,0.3370868999999999
2021-11-04 02:00:00,6.9,0.3291853
2021-11-04 03:00:00,7.0,0.3258414
2021-11-04 04:00:00,7.0,0.3286022
2021-11-04 05:00:00,7.0,0.3455359
2021-11-04 06:00:00,7.0,0.3742863
2021-11-04 07:00:00,7.0,0.406452
2021-11-04 08:00:00,7.2,0.4099863
2021-11-04 09:00:00,7.3,0.3975627
2021-11-04 10:00:00,7.5,0.3947543
2021-11-04 11:00:00,7.4,0.3924338
2021-11-04 12:00:00,7.2,0.3861268
2021-11-04 13:00:00,7.4,0.369443
2021-11-04 14:00:00,7.4,0.3526283
2021-11-04 15:00:00,7.1,0.3506886
2021-11-04 16:00:00,7.0,0.3674319
2021-11-04 17:00:00,7.2,0.3947067
2021-11-04 18:00:00,7.3,0.3948019
2021-11-04 19:00:00,7.2,0.3858293
2021-11-04 20:00:00,7.4,0.3523308
2021-11-04 21:00:00,7.3,0.3163571
2021-11-04 22:00:00,7.2,0.3050164
2021-11-04 23:00:00,7.4,0.2803834
2021-11-05 00:00:00,7.3,0.2857979
2021-11-05 01:00:00,7.2,0.2877971
2021-11-05 02:00:00,7.2,0.2864405
2021-11-05 03:00:00,7.0,0.2976741
2021-11-05 04:00:00,6.7,0.3052068
2021-11-05 05:00:00,6.4,0.315893
2021-11-05 06:00:00,6.7,0.3711209
2021-11-05 07:00:00,6.9,0.3935048
2021-11-05 08:00:00,7.2,0.3971462
2021-11-05 09:00:00,7.8,0.3936
2021-11-05 10:00:00,8.5,0.394671
2021-11-05 11:00:00,8.7,0.3757024
2021-11-05 12:00:00,9.3,0.385627
2021-11-05 13:00:00,9.7,0.3757262
2021-11-05 14:00:00,9.9,0.3817952
2021-11-05 15:00:00,9.6,0.3889233
2021-11-05 16:00:00,9.2,0.3935524
2021-11-05 17:00:00,9.3,0.3936
2021-11-05 18:00:00,8.7,0.3688242
2021-11-05 19:00:00,8.6,0.341478
2021-11-05 20:00:00,7.9,0.3301254
2021-11-05 21:00:00,7.3,0.3018034
2021-11-05 22:00:00,7.4,0.2807285
2021-11-05 23:00:00,7.5,0.2597845
2021-11-06 00:00:00,7.1,0.2520971
2021-11-06 01:00:00,7.0,0.2484319
2021-11-06 02:00:00,7.2,0.2484319
2021-11-06 03:00:00,6.8,0.2404946
2021-11-06 04:00:00,7.3,0.2484319
2021-11-06 05:00:00,7.5,0.2570713
2021-11-06 06:00:00,7.5,0.2520019
2021-11-06 07:00:00,7.7,0.2563811
2021-11-06 08:00:00,7.9,0.2570832
2021-11-06 09:00:00,8.2,0.260558
2021-11-06 10:00:00,8.2,0.252585
2021-11-06 11:00:00,8.2,0.2508119
2021-11-06 12:00:00,8.7,0.2452308
2021-11-06 13:00:00,9.3,0.2460876
2021-11-06 14:00:00,9.5,0.2465755
2021-11-06 15:00:00,9.7,0.2508119
2021-11-06 16:00:00,9.8,0.2601891
2021-11-06 17:00:00,10.2,0.28055
2021-11-06 18:00:00,10.2,0.2599511
2021-11-06 19:00:00,10.0,0.2596893
2021-11-06 20:00:00,10.2,0.2297013
2021-11-06 21:00:00,10.1,0.2191103
2021-11-06 22:00:00,10.2,0.2151595
2021-11-06 23:00:00,10.5,0.1891342
2021-11-07 00:00:00,9.9,0.1636087
2021-11-07 01:00:00,9.8,0.1611692
2021-11-07 02:00:00,9.3,0.1596936
2021-11-07 03:00:00,9.4,0.1575516
2021-11-07 04:00:00,9.5,0.1573493
2021-11-07 05:00:00,9.1,0.1588963
2021-11-07 06:00:00,9.5,0.1595032
2021-11-07 07:00:00,9.7,0.1666432
2021-11-07 08:00:00,9.8,0.1685234
2021-11-07 09:00:00,10.1,0.1727717
2021-11-07 10:00:00,10.2,0.1706416
2021-11-07 11:00:00,10.5,0.1720696
2021-11-07 12:00:00,10.8,0.1724266
2021-11-07 13:00:00,10.9,0.174283
2021-11-07 14:00:00,9.8,0.1912405
2021-11-07 15:00:00,8.7,0.227
2021-11-07 16:00:00,8.3,0.2480868
2021-11-07 17:00:00,8.7,0.2668888
2021-11-07 18:00:00,8.0,0.2520495
2021-11-07 19:00:00,7.9,0.2537512
2021-11-07 20:00:00,7.5,0.2514783
2021-11-07 21:00:00,7.5,0.2468135
2021-11-07 22:00:00,7.6,0.2464327
2021-11-07 23:00:00,7.7,0.2467659
2021-11-08 00:00:00,7.8,0.2215141
2021-11-08 01:00:00,7.4,0.2245486
2021-11-08 02:00:00,7.2,0.2305105
2021-11-08 03:00:00,7.3,0.227
2021-11-08 04:00:00,7.1,0.2280948
2021-11-08 05:00:00,7.1,0.2448143
2021-11-08 06:00:00,6.7,0.362541
2021-11-08 07:00:00,6.4,0.4187685
2021-11-08 08:00:00,7.0,0.4103552
2021-11-08 09:00:00,7.8,0.3935405
2021-11-08 10:00:00,8.6,0.3819023
2021-11-08 11:00:00,9.3,0.3800221
2021-11-08 12:00:00,10.1,0.3963727
2021-11-08 13:00:00,10.4,0.4109502
2021-11-08 14:00:00,10.1,0.4090224
2021-11-08 15:00:00,9.1,0.4175071
2021-11-08 16:00:00,8.8,0.428824
2021-11-08 17:00:00,8.4,0.5011284
2021-11-08 18:00:00,8.4,0.512481
2021-11-08 19:00:00,8.4,0.4769
2021-11-08 20:00:00,8.2,0.420018
2021-11-08 21:00:00,8.0,0.39955
2021-11-08 22:00:00,7.9,0.36147
2021-11-08 23:00:00,8.0,0.3434891
2021-11-09 00:00:00,8.1,0.3376819
2021-11-09 01:00:00,8.0,0.3374915
2021-11-09 02:00:00,7.6,0.3353019
2021-11-09 03:00:00,7.6,0.3285784
2021-11-09 04:00:00,7.7,0.328745
2021-11-09 05:00:00,7.9,0.3375153
2021-11-09 06:00:00,8.2,0.3817
2021-11-09 07:00:00,8.3,0.4220172
2021-11-09 08:00:00,8.9,0.4121402
2021-11-09 09:00:00,9.5,0.3818071
2021-11-09 10:00:00,10.8,0.3363253
2021-11-09 11:00:00,11.6,0.3162857
2021-11-09 12:00:00,11.8,0.2984952
2021-11-09 13:00:00,12.2,0.3072774
2021-11-09 14:00:00,12.4,0.3305419
2021-11-09 15:00:00,11.5,0.3579
2021-11-09 16:00:00,10.3,0.398241
2021-11-09 17:00:00,9.5,0.4217673
2021-11-09 18:00:00,8.7,0.3817
2021-11-09 19:00:00,7.7,0.3752264
2021-11-09 20:00:00,7.0,0.3241278
2021-11-09 21:00:00,6.3,0.3242468
2021-11-09 22:00:00,5.5,0.3199866
2021-11-09 23:00:00,5.7,0.2984714
2021-11-10 00:00:00,5.6,0.2671506
2021-11-10 01:00:00,5.0,0.2685905
2021-11-10 02:00:00,2.9,0.2684834
2021-11-10 03:00:00,2.3,0.2697805
2021-11-10 04:00:00,2.1,0.293045
2021-11-10 05:00:00,1.8,0.3222595
2021-11-10 06:00:00,1.6,0.36385
2021-11-10 07:00:00,0.0,0.3995262
2021-11-10 08:00:00,1.8,0.393719
2021-11-10 09:00:00,5.4,0.3413114
2021-11-10 10:00:00,8.6,0.3318866
2021-11-10 11:00:00,9.1,0.334338
2021-11-10 12:00:00,9.0,0.3391099
2021-11-10 13:00:00,9.0,0.3565077
2021-11-10 14:00:00,8.8,0.4077967
2021-11-10 15:00:00,8.3,0.4371778
2021-11-10 16:00:00,5.9,0.4531714
2021-11-10 17:00:00,4.8,0.50665
2021-11-10 18:00:00,3.4,0.4829095
2021-11-10 19:00:00,4.1,0.4293
2021-11-10 20:00:00,3.9,0.4173167
2021-11-10 21:00:00,1.7,0.3860673
2021-11-10 22:00:00,1.2,0.357781
2021-11-10 23:00:00,2.7,0.340645
2021-11-11 00:00:00,3.6,0.3555557
2021-11-11 01:00:00,4.4,0.3476184
2021-11-11 02:00:00,4.9,0.346
2021-11-11 03:00:00,5.1,0.337075
2021-11-11 04:00:00,5.6,0.34005
2021-11-11 05:00:00,5.8,0.3461071
2021-11-11 06:00:00,5.8,0.3744053
2021-11-11 07:00:00,6.1,0.41026
2021-11-11 08:00:00,6.6,0.4173286
2021-11-11 09:00:00,7.6,0.4125804999999999
2021-11-11 10:00:00,8.5,0.392648
2021-11-11 11:00:00,9.5,0.356472
2021-11-11 12:00:00,10.2,0.3455002
2021-11-11 13:00:00,9.9,0.3543776
2021-11-11 14:00:00,9.6,0.3752026
2021-11-11 15:00:00,9.2,0.3952303
2021-11-11 16:00:00,9.0,0.4169121
2021-11-11 17:00:00,8.5,0.4412238
2021-11-11 18:00:00,8.0,0.4556228
2021-11-11 19:00:00,8.1,0.4317871
2021-11-11 20:00:00,8.1,0.41502
2021-11-11 21:00:00,7.9,0.39479
2021-11-11 22:00:00,7.8,0.3698119
2021-11-11 23:00:00,7.7,0.3414066
2021-11-12 00:00:00,7.7,0.3551868
2021-11-12 01:00:00,7.4,0.3510575
2021-11-12 02:00:00,7.5,0.3485704
2021-11-12 03:00:00,7.5,0.33767
2021-11-12 04:00:00,7.5,0.3400738
2021-11-12 05:00:00,7.5,0.3412281
2021-11-12 06:00:00,7.5,0.3705021
2021-11-12 07:00:00,6.8,0.4089034
2021-11-12 08:00:00,7.1,0.4111763
2021-11-12 09:00:00,7.7,0.4027273
2021-11-12 10:00:00,8.2,0.3836159
2021-11-12 11:00:00,8.8,0.3697285999999999
2021-11-12 12:00:00,8.9,0.3515811
2021-11-12 13:00:00,9.3,0.3422039
2021-11-12 14:00:00,9.4,0.3418945
2021-11-12 15:00:00,8.2,0.3697881
2021-11-12 16:00:00,7.3,0.3758571
2021-11-12 17:00:00,6.5,0.406928
2021-11-12 18:00:00,5.7,0.3855437
2021-11-12 19:00:00,5.1,0.3283761
2021-11-12 20:00:00,4.6,0.3425609
2021-11-12 21:00:00,4.4,0.2854409
2021-11-12 22:00:00,4.6,0.2859526
2021-11-12 23:00:00,5.1,0.2643898
2021-11-13 00:00:00,4.7,0.27341
2021-11-13 01:00:00,4.9,0.2658535
2021-11-13 02:00:00,5.2,0.27103
2021-11-13 03:00:00,6.0,0.2829538
2021-11-13 04:00:00,5.5,0.288404
2021-11-13 05:00:00,5.2,0.2738384
2021-11-13 06:00:00,5.3,0.3027316
2021-11-13 07:00:00,4.9,0.3404189
2021-11-13 08:00:00,4.8,0.335528
2021-11-13 09:00:00,5.3,0.3480825
2021-11-13 10:00:00,6.1,0.3625291
2021-11-13 11:00:00,6.8,0.3667893
2021-11-13 12:00:00,7.0,0.366825
2021-11-13 13:00:00,7.4,0.3656588
2021-11-13 14:00:00,7.4,0.3656588
2021-11-13 15:00:00,7.6,0.3656588
2021-11-13 16:00:00,7.6,0.370514
2021-11-13 17:00:00,7.5,0.4054999999999999
2021-11-13 18:00:00,7.4,0.4174
2021-11-13 19:00:00,7.5,0.4101291
2021-11-13 20:00:00,7.6,0.37456
2021-11-13 21:00:00,7.2,0.3561031
2021-11-13 22:00:00,7.1,0.3564958
2021-11-13 23:00:00,7.1,0.3493201
2021-11-14 00:00:00,7.1,0.3754287
2021-11-14 01:00:00,6.9,0.3579357
2021-11-14 02:00:00,6.8,0.3546156
2021-11-14 03:00:00,6.8,0.3406569
2021-11-14 04:00:00,6.9,0.3272218
2021-11-14 05:00:00,6.9,0.3238065
2021-11-14 06:00:00,6.9,0.295068
2021-11-14 07:00:00,7.0,0.3459048
2021-11-14 08:00:00,7.2,0.3448576
2021-11-14 09:00:00,7.6,0.3579833
2021-11-14 10:00:00,7.7,0.366468
2021-11-14 11:00:00,8.2,0.3685267
2021-11-14 12:00:00,8.1,0.3752502
2021-11-14 13:00:00,8.2,0.3579238
2021-11-14 14:00:00,7.8,0.3413828
2021-11-14 15:00:00,7.6,0.346
2021-11-14 16:00:00,7.5,0.3539492
2021-11-14 17:00:00,7.5,0.3911486
2021-11-14 18:00:00,7.2,0.3989193
2021-11-14 19:00:00,6.8,0.4009899
2021-11-14 20:00:00,6.5,0.3824259
2021-11-14 21:00:00,6.2,0.3563292
2021-11-14 22:00:00,5.7,0.3616842
2021-11-14 23:00:00,5.6,0.3450004
2021-11-15 00:00:00,5.5,0.3529615
2021-11-15 01:00:00,5.4,0.344691
2021-11-15 02:00:00,5.4,0.3410139
2021-11-15 03:00:00,5.6,0.3357065
2021-11-15 04:00:00,5.5,0.3336716
2021-11-15 05:00:00,5.1,0.3506648
2021-11-15 06:00:00,5.0,0.3830328
2021-11-15 07:00:00,5.0,0.4475665
2021-11-15 08:00:00,5.3,0.4675942
2021-11-15 09:00:00,5.2,0.47095
2021-11-15 10:00:00,5.5,0.4689627
2021-11-15 11:00:00,5.9,0.475591
2021-11-15 12:00:00,6.1,0.4650714
2021-11-15 13:00:00,5.9,0.462739
2021-11-15 14:00:00,5.7,0.4747223
2021-11-15 15:00:00,5.7,0.4721281
2021-11-15 16:00:00,5.6,0.4827786
2021-11-15 17:00:00,5.4,0.5126119
2021-11-15 18:00:00,5.3,0.5126
2021-11-15 19:00:00,5.4,0.4799583
2021-11-15 20:00:00,5.3,0.4397244
2021-11-15 21:00:00,5.2,0.4147701
2021-11-15 22:00:00,5.2,0.3873049
2021-11-15 23:00:00,5.0,0.3680626
2021-11-16 00:00:00,4.9,0.3727274
2021-11-16 01:00:00,4.8,0.3547703
2021-11-16 02:00:00,4.7,0.3490583
2021-11-16 03:00:00,4.6,0.3460119
2021-11-16 04:00:00,4.5,0.3434177
2021-11-16 05:00:00,4.4,0.3675866
2021-11-16 06:00:00,4.4,0.4178165
2021-11-16 07:00:00,4.3,0.4868246
2021-11-16 08:00:00,4.3,0.4888714
2021-11-16 09:00:00,4.4,0.4888356999999999
2021-11-16 10:00:00,4.4,0.48166
2021-11-16 11:00:00,4.4,0.4864795
2021-11-16 12:00:00,4.5,0.4888
2021-11-16 13:00:00,4.8,0.4894306999999999
2021-11-16 14:00:00,4.7,0.4877170999999999
2021-11-16 15:00:00,4.6,0.489157
2021-11-16 16:00:00,4.3,0.4888356999999999
2021-11-16 17:00:00,4.0,0.51379
2021-11-16 18:00:00,3.9,0.5090062
2021-11-16 19:00:00,3.8,0.487729
2021-11-16 20:00:00,3.6,0.4531
2021-11-16 21:00:00,3.7,0.4040006
2021-11-16 22:00:00,4.0,0.369562
2021-11-16 23:00:00,4.0,0.3512122
2021-11-17 00:00:00,4.0,0.3864719
2021-11-17 01:00:00,4.1,0.3692526
2021-11-17 02:00:00,4.2,0.3588401
2021-11-17 03:00:00,4.3,0.3461071
2021-11-17 04:00:00,4.4,0.3498318
2021-11-17 05:00:00,4.1,0.3419183
2021-11-17 06:00:00,4.1,0.37099
2021-11-17 07:00:00,4.2,0.4248375
2021-11-17 08:00:00,4.5,0.4317395
2021-11-17 09:00:00,5.9,0.439772
2021-11-17 10:00:00,6.0,0.4329176
2021-11-17 11:00:00,6.7,0.4221481
2021-11-17 12:00:00,6.7,0.4139609
2021-11-17 13:00:00,7.0,0.39955
2021-11-17 14:00:00,7.2,0.3736913
2021-11-17 15:00:00,7.5,0.394314
2021-11-17 16:00:00,7.4,0.3673486
2021-11-17 17:00:00,7.3,0.3961228
2021-11-17 18:00:00,7.2,0.3806171
2021-11-17 19:00:00,6.6,0.3581499
2021-11-17 20:00:00,6.3,0.3138819
2021-11-17 21:00:00,6.6,0.2745762
2021-11-17 22:00:00,6.8,0.2870712
2021-11-17 23:00:00,6.5,0.2582018
2021-11-18 00:00:00,6.4,0.274719
2021-11-18 01:00:00,6.5,0.2592133
2021-11-18 02:00:00,6.8,0.2592014
2021-11-18 03:00:00,6.7,0.2693164
2021-11-18 04:00:00,7.2,0.2865119
2021-11-18 05:00:00,7.0,0.2885111
2021-11-18 06:00:00,7.1,0.3425966
2021-11-18 07:00:00,7.2,0.4133659
2021-11-18 08:00:00,7.5,0.444889
2021-11-18 09:00:00,8.2,0.4055238
2021-11-18 10:00:00,8.8,0.3872573
2021-11-18 11:00:00,9.5,0.3614581
2021-11-18 12:00:00,9.9,0.345405
2021-11-18 13:00:00,10.2,0.34005
2021-11-18 14:00:00,10.1,0.3324935
2021-11-18 15:00:00,10.0,0.342787
2021-11-18 16:00:00,10.0,0.3439175
2021-11-18 17:00:00,9.9,0.3439413
2021-11-18 18:00:00,9.7,0.3341
2021-11-18 19:00:00,9.6,0.3150362
2021-11-18 20:00:00,9.6,0.2708991
2021-11-18 21:00:00,9.7,0.2551435
2021-11-18 22:00:00,9.1,0.2645921
2021-11-18 23:00:00,9.2,0.2491221
2021-11-19 00:00:00,9.4,0.2410539
2021-11-19 01:00:00,9.6,0.2324145
2021-11-19 02:00:00,9.7,0.2324502
2021-11-19 03:00:00,9.8,0.2351396
2021-11-19 04:00:00,10.0,0.2460995
2021-11-19 05:00:00,10.1,0.2510856
2021-11-19 06:00:00,10.3,0.2866071
2021-11-19 07:00:00,10.5,0.3219025
2021-11-19 08:00:00,10.7,0.3502959
2021-11-19 09:00:00,10.9,0.35909
2021-11-19 10:00:00,11.3,0.3578286
2021-11-19 11:00:00,11.4,0.3594589
2021-11-19 12:00:00,11.8,0.3523546
2021-11-19 13:00:00,11.9,0.3391337
2021-11-19 14:00:00,11.8,0.3491178
2021-11-19 15:00:00,11.7,0.3579952
2021-11-19 16:00:00,11.6,0.3547346
2021-11-19 17:00:00,11.4,0.3840443
2021-11-19 18:00:00,11.1,0.386103
2021-11-19 19:00:00,10.6,0.3571265
2021-11-19 20:00:00,11.1,0.3017558
2021-11-19 21:00:00,11.1,0.2889276
2021-11-19 22:00:00,10.9,0.2804905
2021-11-19 23:00:00,11.0,0.26865
2021-11-20 00:00:00,10.9,0.2829419
2021-11-20 01:00:00,10.9,0.2634616
2021-11-20 02:00:00,10.8,0.2590348
2021-11-20 03:00:00,10.9,0.260915
2021-11-20 04:00:00,10.8,0.2652347
2021-11-20 05:00:00,10.8,0.2716845
2021-11-20 06:00:00,10.6,0.2611292
2021-11-20 07:00:00,10.6,0.282216
2021-11-20 08:00:00,10.6,0.2915575
2021-11-20 09:00:00,10.7,0.3279001
2021-11-20 10:00:00,10.9,0.3078129
2021-11-20 11:00:00,11.0,0.2963056
2021-11-20 12:00:00,10.9,0.2865595
2021-11-20 13:00:00,10.8,0.2610816
2021-11-20 14:00:00,10.2,0.3012441
2021-11-20 15:00:00,9.6,0.2898914999999999
2021-11-20 16:00:00,9.5,0.3069204
2021-11-20 17:00:00,9.5,0.3935643
2021-11-20 18:00:00,9.5,0.3536636
2021-11-20 19:00:00,9.3,0.2899153
2021-11-20 20:00:00,8.7,0.2610459
2021-11-20 21:00:00,8.7,0.254608
2021-11-20 22:00:00,8.6,0.2567619
2021-11-20 23:00:00,8.4,0.2567619
2021-11-21 00:00:00,8.3,0.2420059
2021-11-21 01:00:00,8.2,0.2495981
2021-11-21 02:00:00,8.0,0.2477536
2021-11-21 03:00:00,7.8,0.247706
2021-11-21 04:00:00,7.6,0.2496814
2021-11-21 05:00:00,7.7,0.2535965
2021-11-21 06:00:00,7.7,0.2477893
2021-11-21 07:00:00,7.5,0.2511689
2021-11-21 08:00:00,7.8,0.2724342
2021-11-21 09:00:00,7.9,0.3043381
2021-11-21 10:00:00,8.5,0.3524022
2021-11-21 11:00:00,9.1,0.391934
2021-11-21 12:00:00,9.1,0.3821522
2021-11-21 13:00:00,9.1,0.3621126
2021-11-21 14:00:00,9.1,0.3708353
2021-11-21 15:00:00,6.4,0.39122
2021-11-21 16:00:00,6.3,0.4098197
2021-11-21 17:00:00,5.3,0.4412
2021-11-21 18:00:00,3.6,0.4504344
2021-11-21 19:00:00,4.1,0.42335
2021-11-21 20:00:00,2.3,0.37575
2021-11-21 21:00:00,3.0,0.3286141
2021-11-21 22:00:00,3.3,0.3303872
2021-11-21 23:00:00,4.8,0.2946158
2021-11-22 00:00:00,3.8,0.3648734
2021-11-22 01:00:00,3.9,0.3437152
2021-11-22 02:00:00,4.4,0.3280429
2021-11-22 03:00:00,3.6,0.3194272999999999
2021-11-22 04:00:00,2.5,0.3393954999999999
2021-11-22 05:00:00,1.8,0.35671
2021-11-22 06:00:00,1.0,0.4409382
2021-11-22 07:00:00,-0.6,0.5001764
2021-11-22 08:00:00,0.2,0.5126595
2021-11-22 09:00:00,2.0,0.5104818
2021-11-22 10:00:00,3.7,0.5002478
2021-11-22 11:00:00,5.2,0.4708905
2021-11-22 12:00:00,6.4,0.4508033
2021-11-22 13:00:00,6.2,0.4522432
2021-11-22 14:00:00,5.8,0.4608707
2021-11-22 15:00:00,4.2,0.4881693000000001
2021-11-22 16:00:00,2.7,0.4989269
2021-11-22 17:00:00,2.7,0.5350553
2021-11-22 18:00:00,2.3,0.51498
2021-11-22 19:00:00,1.9,0.4583241
2021-11-22 20:00:00,0.5,0.4327748
2021-11-22 21:00:00,2.3,0.3961109
2021-11-22 22:00:00,3.2,0.3962894
2021-11-22 23:00:00,3.9,0.3215217
2021-11-23 00:00:00,3.8,0.355996
2021-11-23 01:00:00,3.7,0.3435962
2021-11-23 02:00:00,4.3,0.3261865
2021-11-23 03:00:00,4.6,0.3250203
2021-11-23 04:00:00,4.4,0.346
2021-11-23 05:00:00,4.7,0.3606846
2021-11-23 06:00:00,4.8,0.3854604
2021-11-23 07:00:00,4.9,0.4580742
2021-11-23 08:00:00,5.1,0.5006999999999999
2021-11-23 09:00:00,5.4,0.4875981
2021-11-23 10:00:00,5.8,0.4652618
2021-11-23 11:00:00,6.4,0.4620845
2021-11-23 12:00:00,6.9,0.4507438
2021-11-23 13:00:00,7.2,0.4627033
2021-11-23 14:00:00,7.0,0.4872411
2021-11-23 15:00:00,6.6,0.5126
2021-11-23 16:00:00,6.5,0.5332345999999999
2021-11-23 17:00:00,6.5,0.5699699
2021-11-23 18:00:00,6.4,0.5627347
2021-11-23 19:00:00,6.3,0.5126
2021-11-23 20:00:00,6.4,0.4883716
2021-11-23 21:00:00,6.5,0.4356784
2021-11-23 22:00:00,6.6,0.4160315
2021-11-23 23:00:00,6.7,0.3936476
2021-11-24 00:00:00,6.6,0.3817714
2021-11-24 01:00:00,6.6,0.3755239
2021-11-24 02:00:00,6.5,0.3676104
2021-11-24 03:00:00,6.4,0.3598278
2021-11-24 04:00:00,6.3,0.3830685
2021-11-24 05:00:00,6.2,0.3996214
2021-11-24 06:00:00,5.8,0.4234452
2021-11-24 07:00:00,5.9,0.5195972
2021-11-24 08:00:00,6.3,0.5661262
2021-11-24 09:00:00,6.5,0.5483237999999999
2021-11-24 10:00:00,6.8,0.5380065
2021-11-24 11:00:00,7.1,0.5281295
2021-11-24 12:00:00,7.2,0.5125881000000001
2021-11-24 13:00:00,7.2,0.5126
2021-11-24 14:00:00,7.1,0.54592
2021-11-24 15:00:00,6.7,0.5627941999999999
2021-11-24 16:00:00,6.6,0.5731948
2021-11-24 17:00:00,6.4,0.61375
2021-11-24 18:00:00,6.3,0.5661499999999999
2021-11-24 19:00:00,6.2,0.5353171
2021-11-24 20:00:00,6.0,0.4928698
2021-11-24 21:00:00,5.7,0.4540282
2021-11-24 22:00:00,5.5,0.4134373
2021-11-24 23:00:00,5.0,0.3828543
2021-11-25 00:00:00,4.9,0.3936357
2021-11-25 01:00:00,5.4,0.3989193
2021-11-25 02:00:00,4.6,0.3858888
2021-11-25 03:00:00,4.4,0.3866147
2021-11-25 04:00:00,4.5,0.4020371
2021-11-25 05:00:00,4.5,0.4083322
2021-11-25 06:00:00,4.5,0.4900970999999999
2021-11-25 07:00:00,4.4,0.5483
2021-11-25 08:00:00,4.2,0.5746109
2021-11-25 09:00:00,5.2,0.5245
2021-11-25 10:00:00,5.3,0.5065667
2021-11-25 11:00:00,5.3,0.5011284
2021-11-25 12:00:00,5.4,0.5006999999999999
2021-11-25 13:00:00,5.5,0.5038416000000001
2021-11-25 14:00:00,4.6,0.5006999999999999
2021-11-25 15:00:00,4.1,0.4989031
2021-11-25 16:00:00,4.1,0.4922629
2021-11-25 17:00:00,4.2,0.4983438
2021-11-25 18:00:00,4.4,0.4658211
2021-11-25 19:00:00,4.3,0.3794033
2021-11-25 20:00:00,3.7,0.3370036
2021-11-25 21:00:00,3.6,0.3366109
2021-11-25 22:00:00,3.4,0.3403832
2021-11-25 23:00:00,3.2,0.3097645
2021-11-26 00:00:00,2.9,0.3405855
2021-11-26 01:00:00,2.5,0.3456906
2021-11-26 02:00:00,2.0,0.3326839
2021-11-26 03:00:00,3.0,0.332672
2021-11-26 04:00:00,3.3,0.338503
2021-11-26 05:00:00,3.9,0.351593
2021-11-26 06:00:00,4.1,0.409427
2021-11-26 07:00:00,4.2,0.4758052
2021-11-26 08:00:00,4.1,0.4994981
2021-11-26 09:00:00,4.1,0.4918463999999999
2021-11-26 10:00:00,4.0,0.4799107
2021-11-26 11:00:00,3.8,0.4126043
2021-11-26 12:00:00,3.8,0.434536
2021-11-26 13:00:00,4.1,0.3795461
2021-11-26 14:00:00,4.2,0.3731558
2021-11-26 15:00:00,3.9,0.3703355
2021-11-26 16:00:00,3.8,0.3833422
2021-11-26 17:00:00,3.4,0.4243972
2021-11-26 18:00:00,3.6,0.3722514
2021-11-26 19:00:00,3.8,0.3521285
2021-11-26 20:00:00,3.4,0.334219
2021-11-26 21:00:00,3.5,0.2974242
2021-11-26 22:00:00,3.5,0.2968054
2021-11-26 23:00:00,3.5,0.2854409
2021-11-27 00:00:00,3.6,0.3103952
2021-11-27 01:00:00,3.5,0.3380627
2021-11-27 02:00:00,3.3,0.335766
2021-11-27 03:00:00,3.3,0.3425609
2021-11-27 04:00:00,3.5,0.3465831
2021-11-27 05:00:00,3.8,0.3544252
2021-11-27 06:00:00,3.8,0.3569004
2021-11-27 07:00:00,3.1,0.380629
2021-11-27 08:00:00,3.2,0.4047741
2021-11-27 09:00:00,3.5,0.4163171
2021-11-27 10:00:00,4.0,0.4199347
2021-11-27 11:00:00,4.3,0.4239926
2021-11-27 12:00:00,4.3,0.4163171
2021-11-27 13:00:00,4.3,0.4126638
2021-11-27 14:00:00,4.1,0.416091
2021-11-27 15:00:00,4.0,0.42335
2021-11-27 16:00:00,4.0,0.4307994
2021-11-27 17:00:00,4.1,0.477852
2021-11-27 18:00:00,3.8,0.4720923999999999
2021-11-27 19:00:00,3.4,0.4412
2021-11-27 20:00:00,3.2,0.4094151
2021-11-27 21:00:00,2.4,0.408356
2021-11-27 22:00:00,1.7,0.3984552
2021-11-27 23:00:00,1.3,0.3922077
2021-11-28 00:00:00,-0.1,0.3864005
2021-11-28 01:00:00,-0.5,0.3803672
2021-11-28 02:00:00,-0.5,0.3794628
2021-11-28 03:00:00,-1.2,0.371228
2021-11-28 04:00:00,-0.3,0.36504
2021-11-28 05:00:00,-0.8,0.363255
2021-11-28 06:00:00,0.5,0.371466
2021-11-28 07:00:00,1.0,0.3754763
2021-11-28 08:00:00,1.2,0.3769281
2021-11-28 09:00:00,1.5,0.3935881
2021-11-28 10:00:00,1.9,0.3971819
2021-11-28 11:00:00,2.2,0.4052144
2021-11-28 12:00:00,2.5,0.4055833
2021-11-28 13:00:00,2.7,0.3915532
2021-11-28 14:00:00,2.7,0.3916246
2021-11-28 15:00:00,2.8,0.3996809
2021-11-28 16:00:00,2.8,0.4138657
2021-11-28 17:00:00,2.6,0.4473047
2021-11-28 18:00:00,2.5,0.4506486
2021-11-28 19:00:00,2.6,0.4389985
2021-11-28 20:00:00,2.6,0.4133897
2021-11-28 21:00:00,2.7,0.3991811
2021-11-28 22:00:00,2.6,0.395742
2021-11-28 23:00:00,2.6,0.3665156
2021-11-29 00:00:00,2.4,0.3405141
2021-11-29 01:00:00,2.3,0.3356589
2021-11-29 02:00:00,2.2,0.3235447
2021-11-29 03:00:00,2.2,0.3182135
2021-11-29 04:00:00,2.0,0.3262340999999999
2021-11-29 05:00:00,1.9,0.3466069
2021-11-29 06:00:00,2.0,0.4186733
2021-11-29 07:00:00,2.0,0.5000336
2021-11-29 08:00:00,2.1,0.5496566
2021-11-29 09:00:00,2.3,0.5365071
2021-11-29 10:00:00,2.7,0.5076377
2021-11-29 11:00:00,2.9,0.5108626000000001
2021-11-29 12:00:00,3.1,0.5114456999999999
2021-11-29 13:00:00,3.5,0.547348
2021-11-29 14:00:00,3.4,0.5634963
2021-11-29 15:00:00,3.1,0.5746109
2021-11-29 16:00:00,3.0,0.5840000000000001
2021-11-29 17:00:00,2.9,0.6576253000000001
2021-11-29 18:00:00,2.7,0.6436547
2021-11-29 19:00:00,1.8,0.5781214
2021-11-29 20:00:00,1.4,0.5246904000000001
2021-11-29 21:00:00,1.7,0.4348692
2021-11-29 22:00:00,1.9,0.3859007
2021-11-29 23:00:00,1.9,0.3103595
2021-11-30 00:00:00,1.8,0.291141
2021-11-30 01:00:00,3.2,0.2752069
2021-11-30 02:00:00,3.8,0.2649967
2021-11-30 03:00:00,3.7,0.2425414
2021-11-30 04:00:00,2.7,0.2327358
2021-11-30 05:00:00,2.4,0.2386025
2021-11-30 06:00:00,3.0,0.2407564
2021-11-30 07:00:00,3.3,0.2674243
2021-11-30 08:00:00,3.9,0.2655441
2021-11-30 09:00:00,5.1,0.2682335
2021-11-30 10:00:00,6.5,0.2706492
2021-11-30 11:00:00,7.5,0.2846436
2021-11-30 12:00:00,7.6,0.2891061
2021-11-30 13:00:00,7.3,0.2865595
2021-11-30 14:00:00,6.8,0.2900105
2021-11-30 15:00:00,5.9,0.3042429
2021-11-30 16:00:00,6.0,0.312442
2021-11-30 17:00:00,5.2,0.3784632
2021-11-30 18:00:00,5.2,0.4280148
2021-11-30 19:00:00,5.8,0.432394
2021-11-30 20:00:00,5.5,0.4115214
2021-11-30 21:00:00,5.5,0.3601491
2021-11-30 22:00:00,5.7,0.3292091
2021-11-30 23:00:00,5.6,0.3066586
2021-12-01 00:00:00,6.0,0.3070275
2021-12-01 01:00:00,5.8,0.28293
2021-12-01 02:00:00,5.9,0.2714941
2021-12-01 03:00:00,6.4,0.2674243
2021-12-01 04:00:00,7.7,0.2589634
2021-12-01 05:00:00,9.1,0.2677813
2021-12-01 06:00:00,9.0,0.2934258
2021-12-01 07:00:00,8.2,0.2865119
2021-12-01 08:00:00,8.4,0.2792767
2021-12-01 09:00:00,8.4,0.267817
2021-12-01 10:00:00,8.4,0.2589872
2021-12-01 11:00:00,8.9,0.2589991
2021-12-01 12:00:00,9.1,0.256393
2021-12-01 13:00:00,8.2,0.2578329
2021-12-01 14:00:00,8.8,0.2578567
2021-12-01 15:00:00,8.5,0.2563573
2021-12-01 16:00:00,8.3,0.2600106
2021-12-01 17:00:00,7.6,0.2707444
2021-12-01 18:00:00,7.2,0.2633307
2021-12-01 19:00:00,6.5,0.2472181
2021-12-01 20:00:00,6.2,0.240328
2021-12-01 21:00:00,5.1,0.2394117
2021-12-01 22:00:00,4.4,0.243065
2021-12-01 23:00:00,4.6,0.2402923
2021-12-02 00:00:00,4.1,0.1996062
2021-12-02 01:00:00,3.5,0.1897768
2021-12-02 02:00:00,3.4,0.1997252
2021-12-02 03:00:00,3.6,0.2314744
2021-12-02 04:00:00,2.9,0.2462185
2021-12-02 05:00:00,2.1,0.2658297
2021-12-02 06:00:00,1.8,0.3455835
2021-12-02 07:00:00,1.8,0.4022275
2021-12-02 08:00:00,1.9,0.435131
2021-12-02 09:00:00,2.0,0.4337625
2021-12-02 10:00:00,2.9,0.4031676
2021-12-02 11:00:00,3.7,0.4272651
2021-12-02 12:00:00,4.1,0.4318347
2021-12-02 13:00:00,2.9,0.4338934
2021-12-02 14:00:00,2.9,0.4627271
2021-12-02 15:00:00,1.9,0.5185024
2021-12-02 16:00:00,1.0,0.5457058
2021-12-02 17:00:00,-0.7,0.5780262
2021-12-02 18:00:00,-1.6,0.5483
2021-12-02 19:00:00,-1.6,0.4935362
2021-12-02 20:00:00,-1.8,0.4279315
2021-12-02 21:00:00,-1.5,0.3972652
2021-12-02 22:00:00,-1.2,0.3740126
2021-12-02 23:00:00,-1.5,0.3132631
2021-12-03 00:00:00,-1.1,0.3387767
2021-12-03 01:00:00,-0.9,0.3043381
2021-12-03 02:00:00,-0.3,0.2961271
2021-12-03 03:00:00,-0.6,0.2881541
2021-12-03 04:00:00,-0.5,0.2924738
2021-12-03 05:00:00,-0.3,0.3111686999999999
2021-12-03 06:00:00,-0.2,0.3578405
2021-12-03 07:00:00,0.3,0.4436752
2021-12-03 08:00:00,1.1,0.4607279
2021-12-03 09:00:00,1.5,0.4144488
2021-12-03 10:00:00,2.2,0.3697524
2021-12-03 11:00:00,2.8,0.3459048
2021-12-03 12:00:00,3.0,0.3222119
2021-12-03 13:00:00,3.3,0.323152
2021-12-03 14:00:00,3.4,0.3200937
2021-12-03 15:00:00,3.3,0.3266268
2021-12-03 16:00:00,3.4,0.3459762
2021-12-03 17:00:00,3.3,0.3579357
2021-12-03 18:00:00,3.4,0.3201175
2021-12-03 19:00:00,3.3,0.310657
2021-12-03 20:00:00,3.1,0.2927118
2021-12-03 21:00:00,3.5,0.2944849
2021-12-03 22:00:00,3.6,0.2979121
2021-12-03 23:00:00,3.7,0.2823112
2021-12-04 00:00:00,3.4,0.3044214
2021-12-04 01:00:00,3.2,0.3046832
2021-12-04 02:00:00,3.2,0.3596374
2021-12-04 03:00:00,3.2,0.37575
2021-12-04 04:00:00,2.9,0.3757619
2021-12-04 05:00:00,3.2,0.3743101
2021-12-04 06:00:00,3.1,0.378844
2021-12-04 07:00:00,3.2,0.39955
2021-12-04 08:00:00,3.3,0.4207201
2021-12-04 09:00:00,3.2,0.4352619
2021-12-04 10:00:00,3.7,0.4406645
2021-12-04 11:00:00,4.2,0.4352619
2021-12-04 12:00:00,4.4,0.4387248
2021-12-04 13:00:00,5.1,0.41978
2021-12-04 14:00:00,4.3,0.4158887
2021-12-04 15:00:00,4.4,0.4054999999999999
2021-12-04 16:00:00,4.3,0.41978
2021-12-04 17:00:00,4.2,0.4448295
2021-12-04 18:00:00,3.0,0.4299783
2021-12-04 19:00:00,2.2,0.3897563
2021-12-04 20:00:00,1.5,0.3939213
2021-12-04 21:00:00,1.0,0.3432749
2021-12-04 22:00:00,1.3,0.3351591
2021-12-04 23:00:00,1.7,0.2982334
2021-12-05 00:00:00,2.0,0.2597012
2021-12-05 01:00:00,2.9,0.2602248
2021-12-05 02:00:00,4.2,0.2563097
2021-12-05 03:00:00,4.3,0.2519781
2021-12-05 04:00:00,4.3,0.2518948
2021-12-05 05:00:00,4.2,0.2564763
2021-12-05 06:00:00,3.4,0.2519543
2021-12-05 07:00:00,3.6,0.264961
2021-12-05 08:00:00,4.3,0.2746595
2021-12-05 09:00:00,4.3,0.3001017
2021-12-05 10:00:00,5.1,0.3133464
2021-12-05 11:00:00,5.4,0.4054999999999999
2021-12-05 12:00:00,5.5,0.3936714
2021-12-05 13:00:00,5.5,0.3906964
2021-12-05 14:00:00,5.6,0.3948138
2021-12-05 15:00:00,4.7,0.4052382
2021-12-05 16:00:00,3.4,0.4281933
2021-12-05 17:00:00,3.5,0.4613229
2021-12-05 18:00:00,3.4,0.465
2021-12-05 19:00:00,3.6,0.4185662
2021-12-05 20:00:00,3.2,0.4038816
2021-12-05 21:00:00,2.9,0.3881022
2021-12-05 22:00:00,2.3,0.3889947
2021-12-05 23:00:00,2.1,0.3530448
2021-12-06 00:00:00,1.9,0.3906607
2021-12-06 01:00:00,1.6,0.3728583
2021-12-06 02:00:00,1.6,0.3747979999999999
2021-12-06 03:00:00,1.6,0.3628028
2021-12-06 04:00:00,1.5,0.3628266
2021-12-06 05:00:00,1.6,0.3721205
2021-12-06 06:00:00,1.5,0.4690341
2021-12-06 07:00:00,1.2,0.569839
2021-12-06 08:00:00,1.3,0.5977326000000001
2021-12-06 09:00:00,1.3,0.5883673
2021-12-06 10:00:00,1.5,0.5840000000000001
2021-12-06 11:00:00,1.7,0.5756819
2021-12-06 12:00:00,1.9,0.5503349
2021-12-06 13:00:00,1.9,0.5306047
2021-12-06 14:00:00,2.1,0.5303667000000001
2021-12-06 15:00:00,1.9,0.5329133
2021-12-06 16:00:00,1.7,0.529141
2021-12-06 17:00:00,1.6,0.5288316
2021-12-06 18:00:00,1.3,0.484516
2021-12-06 19:00:00,0.8,0.4531238
2021-12-06 20:00:00,0.8,0.424302
2021-12-06 21:00:00,1.1,0.39241
2021-12-06 22:00:00,0.9,0.388245
2021-12-06 23:00:00,1.1,0.348499
2021-12-07 00:00:00,2.2,0.3120254999999999
2021-12-07 01:00:00,1.4,0.2983405
2021-12-07 02:00:00,1.2,0.292331
2021-12-07 03:00:00,0.7,0.2919859
2021-12-07 04:00:00,0.7,0.3115019
2021-12-07 05:00:00,0.5,0.3286855
2021-12-07 06:00:00,0.9,0.4055714
2021-12-07 07:00:00,1.4,0.4888119
2021-12-07 08:00:00,1.8,0.5115885
2021-12-07 09:00:00,2.1,0.5066381
2021-12-07 10:00:00,2.6,0.4954164
2021-12-07 11:00:00,3.2,0.5027825
2021-12-07 12:00:00,3.5,0.4934886
2021-12-07 13:00:00,3.6,0.4890023
2021-12-07 14:00:00,3.6,0.497368
2021-12-07 15:00:00,3.6,0.5038178
2021-12-07 16:00:00,3.4,0.5065786
2021-12-07 17:00:00,2.7,0.4887524
2021-12-07 18:00:00,2.4,0.4532071
2021-12-07 19:00:00,1.9,0.4066543
2021-12-07 20:00:00,1.7,0.3916365
2021-12-07 21:00:00,2.0,0.3667417
2021-12-07 22:00:00,1.8,0.3014107
2021-12-07 23:00:00,2.3,0.2643184
2021-12-08 00:00:00,2.0,0.2572974
2021-12-08 01:00:00,2.6,0.2479916
2021-12-08 02:00:00,2.6,0.2388524
2021-12-08 03:00:00,2.5,0.2342352
2021-12-08 04:00:00,2.7,0.2507405
2021-12-08 05:00:00,3.0,0.2651038
2021-12-08 06:00:00,2.9,0.2953774
2021-12-08 07:00:00,3.1,0.3629932
2021-12-08 08:00:00,3.2,0.4268724
2021-12-08 09:00:00,3.5,0.4208748
2021-12-08 10:00:00,3.9,0.3959324
2021-12-08 11:00:00,4.4,0.3995262
2021-12-08 12:00:00,5.0,0.4110454
2021-12-08 13:00:00,5.2,0.4174119
2021-12-08 14:00:00,4.8,0.4412833
2021-12-08 15:00:00,4.4,0.4497561
2021-12-08 16:00:00,2.8,0.4668326
2021-12-08 17:00:00,3.0,0.50308
2021-12-08 18:00:00,1.8,0.4727112
2021-12-08 19:00:00,2.4,0.45548
2021-12-08 20:00:00,2.6,0.406333
2021-12-08 21:00:00,1.8,0.389673
2021-12-08 22:00:00,1.0,0.4188399
2021-12-08 23:00:00,1.5,0.3629099
2021-12-09 00:00:00,1.9,0.3813192
2021-12-09 01:00:00,1.4,0.3873406
2021-12-09 02:00:00,1.4,0.3585069
2021-12-09 03:00:00,1.4,0.3710733
2021-12-09 04:00:00,1.2,0.3876024
2021-12-09 05:00:00,1.1,0.3898277
2021-12-09 06:00:00,0.9,0.4503392
2021-12-09 07:00:00,0.7,0.522358
2021-12-09 08:00:00,0.9,0.5581651000000001
2021-12-09 09:00:00,1.2,0.567578
2021-12-09 10:00:00,1.8,0.5589980999999999
2021-12-09 11:00:00,2.7,0.5602
2021-12-09 12:00:00,3.2,0.5550116
2021-12-09 13:00:00,4.4,0.5536669
2021-12-09 14:00:00,4.4,0.5628061
2021-12-09 15:00:00,4.6,0.5637700000000001
2021-12-09 16:00:00,4.4,0.5711599
2021-12-09 17:00:00,4.4,0.5788711
2021-12-09 18:00:00,4.0,0.5661499999999999
2021-12-09 19:00:00,4.2,0.531997
2021-12-09 20:00:00,3.9,0.465714
2021-12-09 21:00:00,3.8,0.4174
2021-12-09 22:00:00,3.8,0.4232905
2021-12-09 23:00:00,3.5,0.3876143
2021-12-10 00:00:00,3.3,0.3911843
2021-12-10 01:00:00,3.1,0.3642427
2021-12-10 02:00:00,3.3,0.3372892
2021-12-10 03:00:00,3.1,0.3302682
2021-12-10 04:00:00,3.1,0.3400619
2021-12-10 05:00:00,3.3,0.3936238
2021-12-10 06:00:00,3.1,0.4387962
2021-12-10 07:00:00,2.7,0.4921677
2021-12-10 08:00:00,3.1,0.512005
2021-12-10 09:00:00,3.3,0.5016639
2021-12-10 10:00:00,4.0,0.4921082
2021-12-10 11:00:00,4.2,0.4727231
2021-12-10 12:00:00,4.6,0.4540401
2021-12-10 13:00:00,4.4,0.4472689999999999
2021-12-10 14:00:00,4.3,0.4445915
2021-12-10 15:00:00,2.9,0.4585859
2021-12-10 16:00:00,1.0,0.4825644
2021-12-10 17:00:00,-0.9,0.5126476
2021-12-10 18:00:00,-0.7,0.5094465
2021-12-10 19:00:00,-1.0,0.4714379000000001
2021-12-10 20:00:00,-0.6,0.4585383
2021-12-10 21:00:00,-0.3,0.4343932
2021-12-10 22:00:00,-0.2,0.4333222
2021-12-10 23:00:00,0.0,0.4095579
2021-12-11 00:00:00,-0.1,0.4187209
2021-12-11 01:00:00,-0.5,0.4097007
2021-12-11 02:00:00,-0.4,0.4031557
2021-12-11 03:00:00,-0.5,0.401454
2021-12-11 04:00:00,-0.4,0.395504
2021-12-11 05:00:00,-0.9,0.401573
2021-12-11 06:00:00,-1.0,0.4174833
2021-12-11 07:00:00,-1.0,0.445841
2021-12-11 08:00:00,-1.2,0.4806723
2021-12-11 09:00:00,-0.9,0.5066262
2021-12-11 10:00:00,1.0,0.5019495
2021-12-11 11:00:00,2.2,0.5056266
2021-12-11 12:00:00,3.8,0.5036631
2021-12-11 13:00:00,4.0,0.4572769
2021-12-11 14:00:00,3.7,0.4424971
2021-12-11 15:00:00,2.5,0.4496133
2021-12-11 16:00:00,1.5,0.4694387
2021-12-11 17:00:00,1.4,0.4906920999999999
2021-12-11 18:00:00,0.7,0.4899067
2021-12-11 19:00:00,-0.3,0.4344765
2021-12-11 20:00:00,-0.1,0.421446
2021-12-11 21:00:00,0.0,0.3916603
2021-12-11 22:00:00,-0.3,0.3637786
2021-12-11 23:00:00,0.5,0.3103119
2021-12-12 00:00:00,1.6,0.3177018
2021-12-12 01:00:00,2.2,0.298995
2021-12-12 02:00:00,2.6,0.2914623
2021-12-12 03:00:00,3.0,0.2864048
2021-12-12 04:00:00,3.0,0.2829062
2021-12-12 05:00:00,3.7,0.281621
2021-12-12 06:00:00,3.7,0.2816686
2021-12-12 07:00:00,3.6,0.2844413
2021-12-12 08:00:00,3.3,0.2933187
2021-12-12 09:00:00,3.3,0.3176661
2021-12-12 10:00:00,4.1,0.3638619
2021-12-12 11:00:00,4.6,0.39955
2021-12-12 12:00:00,5.4,0.39955
2021-12-12 13:00:00,5.4,0.3886377
2021-12-12 14:00:00,6.2,0.3990383
2021-12-12 15:00:00,6.3,0.4305852
2021-12-12 16:00:00,6.5,0.4570627
2021-12-12 17:00:00,6.9,0.49118
2021-12-12 18:00:00,7.3,0.5010570000000001
2021-12-12 19:00:00,7.7,0.4752816
2021-12-12 20:00:00,8.1,0.4718901
2021-12-12 21:00:00,8.3,0.4336197
2021-12-12 22:00:00,8.4,0.4370707
2021-12-12 23:00:00,8.7,0.3797722
2021-12-13 00:00:00,8.9,0.3742982
2021-12-13 01:00:00,9.0,0.3419778
2021-12-13 02:00:00,9.1,0.3267458
2021-12-13 03:00:00,9.2,0.3195939
2021-12-13 04:00:00,9.3,0.3283047
2021-12-13 05:00:00,9.6,0.3425609
2021-12-13 06:00:00,9.6,0.475948
2021-12-13 07:00:00,9.6,0.5287959
2021-12-13 08:00:00,9.6,0.5423500000000001
2021-12-13 09:00:00,9.6,0.5520961
2021-12-13 10:00:00,9.7,0.5445396
2021-12-13 11:00:00,10.0,0.5422667
2021-12-13 12:00:00,9.8,0.5371735
2021-12-13 13:00:00,9.6,0.5371140000000001
2021-12-13 14:00:00,9.5,0.5375186000000001
2021-12-13 15:00:00,9.3,0.5390775
2021-12-13 16:00:00,8.8,0.550561
2021-12-13 17:00:00,8.7,0.5765387000000001
2021-12-13 18:00:00,8.7,0.5394583
2021-12-13 19:00:00,8.8,0.5313901000000001
2021-12-13 20:00:00,8.7,0.4710214
2021-12-13 21:00:00,8.7,0.4325725
2021-12-13 22:00:00,8.4,0.4371302
2021-12-13 23:00:00,8.5,0.3841276
2021-12-14 00:00:00,8.1,0.3762855
2021-12-14 01:00:00,8.1,0.3461666
2021-12-14 02:00:00,7.9,0.3274597999999999
2021-12-14 03:00:00,8.0,0.3280667
2021-12-14 04:00:00,7.7,0.3470234
2021-12-14 05:00:00,7.6,0.3904227
2021-12-14 06:00:00,7.6,0.4139728
2021-12-14 07:00:00,7.7,0.5364952000000001
2021-12-14 08:00:00,7.6,0.5723975
2021-12-14 09:00:00,7.7,0.5889028000000001
2021-12-14 10:00:00,8.0,0.587094
2021-12-14 11:00:00,8.4,0.5959118999999999
2021-12-14 12:00:00,8.6,0.597923
2021-12-14 13:00:00,8.4,0.5964593
2021-12-14 14:00:00,8.1,0.6004339000000001
2021-12-14 15:00:00,8.1,0.5990773
2021-12-14 16:00:00,7.9,0.6078
2021-12-14 17:00:00,7.7,0.6316
2021-12-14 18:00:00,7.9,0.6238650000000001
2021-12-14 19:00:00,7.9,0.5839048
2021-12-14 20:00:00,7.9,0.5576890999999999
2021-12-14 21:00:00,7.8,0.4992362999999999
2021-12-14 22:00:00,7.8,0.458693
2021-12-14 23:00:00,7.9,0.4160791
2021-12-15 00:00:00,8.1,0.429538
2021-12-15 01:00:00,8.3,0.411212
2021-12-15 02:00:00,8.5,0.3935762
2021-12-15 03:00:00,8.6,0.3757619
2021-12-15 04:00:00,8.8,0.400383
2021-12-15 05:00:00,8.9,0.437868
2021-12-15 06:00:00,8.9,0.477971
2021-12-15 07:00:00,8.7,0.5582008
2021-12-15 08:00:00,8.6,0.5483714000000001
2021-12-15 09:00:00,8.9,0.5484070999999999
2021-12-15 10:00:00,9.0,0.5500136
2021-12-15 11:00:00,9.1,0.5492281999999999
2021-12-15 12:00:00,9.4,0.5483714000000001
2021-12-15 13:00:00,9.5,0.5482286000000001
2021-12-15 14:00:00,9.5,0.5669592
2021-12-15 15:00:00,9.4,0.5720048
2021-12-15 16:00:00,9.4,0.5723023
2021-12-15 17:00:00,9.1,0.63398
2021-12-15 18:00:00,9.0,0.5697081
2021-12-15 19:00:00,8.8,0.5510846
2021-12-15 20:00:00,8.7,0.5396606
2021-12-15 21:00:00,8.1,0.4611682
2021-12-15 22:00:00,7.1,0.4659044
2021-12-15 23:00:00,6.6,0.4554205
2021-12-16 00:00:00,7.4,0.4426161
2021-12-16 01:00:00,7.2,0.4305495
2021-12-16 02:00:00,7.3,0.4032985
2021-12-16 03:00:00,7.4,0.4300378
2021-12-16 04:00:00,8.0,0.4552182
2021-12-16 05:00:00,8.0,0.4727231
2021-12-16 06:00:00,8.0,0.5291767
2021-12-16 07:00:00,8.0,0.6358364000000001
2021-12-16 08:00:00,8.1,0.6448328
2021-12-16 09:00:00,8.3,0.651592
2021-12-16 10:00:00,8.3,0.642072
2021-12-16 11:00:00,8.6,0.6365860999999999
2021-12-16 12:00:00,8.8,0.6318142
2021-12-16 13:00:00,8.9,0.6204497
2021-12-16 14:00:00,9.0,0.6259356
2021-12-16 15:00:00,8.8,0.6312668000000001
2021-12-16 16:00:00,8.6,0.6509137
2021-12-16 17:00:00,8.5,0.6613499999999999
2021-12-16 18:00:00,8.3,0.6521275
2021-12-16 19:00:00,8.0,0.6370383
2021-12-16 20:00:00,7.8,0.5908544
2021-12-16 21:00:00,8.0,0.5346864
2021-12-16 22:00:00,7.9,0.4952855
2021-12-16 23:00:00,6.7,0.46143
2021-12-17 00:00:00,6.3,0.4998194
2021-12-17 01:00:00,5.8,0.4685938
2021-12-17 02:00:00,7.1,0.4531833
2021-12-17 03:00:00,7.4,0.4420687
2021-12-17 04:00:00,7.2,0.4531
2021-12-17 05:00:00,7.1,0.4770071
2021-12-17 06:00:00,7.1,0.5171339
2021-12-17 07:00:00,7.0,0.62089
2021-12-17 08:00:00,6.8,0.6362648
2021-12-17 09:00:00,6.6,0.6362648
2021-12-17 10:00:00,6.6,0.6303505
2021-12-17 11:00:00,6.8,0.6226274
2021-12-17 12:00:00,7.2,0.6031947
2021-12-17 13:00:00,7.2,0.5741349
2021-12-17 14:00:00,7.4,0.5857969000000001
2021-12-17 15:00:00,7.4,0.622199
2021-12-17 16:00:00,6.9,0.6105608
2021-12-17 17:00:00,6.8,0.628387
2021-12-17 18:00:00,6.6,0.6249598000000001
2021-12-17 19:00:00,6.6,0.619819
2021-12-17 20:00:00,6.9,0.5625562
2021-12-17 21:00:00,7.0,0.5206682
2021-12-17 22:00:00,7.1,0.5059122
2021-12-17 23:00:00,6.9,0.476186
2021-12-18 00:00:00,6.8,0.5246428000000001
2021-12-18 01:00:00,6.8,0.4866698999999999
2021-12-18 02:00:00,6.7,0.4629056
2021-12-18 03:00:00,6.5,0.4767691
2021-12-18 04:00:00,6.1,0.459526
2021-12-18 05:00:00,5.9,0.4386415
2021-12-18 06:00:00,6.0,0.486658
2021-12-18 07:00:00,6.0,0.512124
2021-12-18 08:00:00,6.3,0.5281652
2021-12-18 09:00:00,6.4,0.5545831999999999
2021-12-18 10:00:00,6.3,0.5412790000000001
2021-12-18 11:00:00,6.4,0.5277011
2021-12-18 12:00:00,6.4,0.4966302
2021-12-18 13:00:00,6.7,0.4973204
2021-12-18 14:00:00,7.0,0.496892
2021-12-18 15:00:00,7.1,0.482493
2021-12-18 16:00:00,7.2,0.5257019
2021-12-18 17:00:00,7.3,0.5513106999999999
2021-12-18 18:00:00,7.4,0.5018067
2021-12-18 19:00:00,7.4,0.393481
2021-12-18 20:00:00,7.4,0.3675033
2021-12-18 21:00:00,7.3,0.3075749
2021-12-18 22:00:00,7.2,0.2743382
2021-12-18 23:00:00,7.0,0.2513831
2021-12-19 00:00:00,6.8,0.25437
2021-12-19 01:00:00,6.7,0.2411848
2021-12-19 02:00:00,6.7,0.238781
2021-12-19 03:00:00,6.8,0.2151833
2021-12-19 04:00:00,7.1,0.2063892
2021-12-19 05:00:00,6.9,0.1923115
2021-12-19 06:00:00,7.0,0.1815777
2021-12-19 07:00:00,6.8,0.2269524
2021-12-19 08:00:00,6.9,0.2400543
2021-12-19 09:00:00,6.7,0.2579757
2021-12-19 10:00:00,6.6,0.258892
2021-12-19 11:00:00,6.5,0.2836559
2021-12-19 12:00:00,6.7,0.2746357
2021-12-19 13:00:00,6.9,0.2576782
2021-12-19 14:00:00,6.9,0.259963
2021-12-19 15:00:00,7.0,0.2745881
2021-12-19 16:00:00,7.1,0.3147982
2021-12-19 17:00:00,7.4,0.3719539
2021-12-19 18:00:00,6.8,0.3909344
2021-12-19 19:00:00,6.0,0.3984671
2021-12-19 20:00:00,4.4,0.4234928
2021-12-19 21:00:00,2.8,0.4400219
2021-12-19 22:00:00,3.0,0.54592
2021-12-19 23:00:00,1.9,0.4024893
2021-12-20 00:00:00,1.4,0.3451075
2021-12-20 01:00:00,0.3,0.3365395
2021-12-20 02:00:00,-0.9,0.3328029
2021-12-20 03:00:00,-1.4,0.3287569
2021-12-20 04:00:00,-1.9,0.318511
2021-12-20 05:00:00,-1.7,0.3201413
2021-12-20 06:00:00,-2.9,0.5186928
2021-12-20 07:00:00,-2.7,0.6279705
2021-12-20 08:00:00,-3.1,0.6749398
2021-12-20 09:00:00,-2.1,0.6435356999999999
2021-12-20 10:00:00,-0.4,0.6003981999999999
2021-12-20 11:00:00,0.8,0.5897715
2021-12-20 12:00:00,2.3,0.5519771
2021-12-20 13:00:00,3.0,0.5939365000000001
2021-12-20 14:00:00,3.0,0.6374548
2021-12-20 15:00:00,1.9,0.6658957999999999
2021-12-20 16:00:00,-0.1,0.6791643
2021-12-20 17:00:00,-0.8,0.7030951999999999
2021-12-20 18:00:00,-1.4,0.7101162000000001
2021-12-20 19:00:00,-2.4,0.6824487000000001
2021-12-20 20:00:00,-3.1,0.6601600000000001
2021-12-20 21:00:00,-2.9,0.5996842
2021-12-20 22:00:00,-2.6,0.5613781
2021-12-20 23:00:00,-4.2,0.5158606000000001
2021-12-21 00:00:00,-3.1,0.493441
2021-12-21 01:00:00,-4.2,0.5103271
2021-12-21 02:00:00,-4.4,0.504508
2021-12-21 03:00:00,-4.1,0.5056266
2021-12-21 04:00:00,-4.6,0.5020328000000001
2021-12-21 05:00:00,-4.3,0.5393512
2021-12-21 06:00:00,-3.9,0.6315762
2021-12-21 07:00:00,-4.0,0.7161138
2021-12-21 08:00:00,-4.1,0.7625238000000001
2021-12-21 09:00:00,-3.7,0.7667602
2021-12-21 10:00:00,-3.7,0.7546341000000001
2021-12-21 11:00:00,-3.2,0.7267999999999999
2021-12-21 12:00:00,-2.7,0.6997393999999999
2021-12-21 13:00:00,-2.8,0.7030000000000001
2021-12-21 14:00:00,-2.6,0.7222899
2021-12-21 15:00:00,-2.8,0.7567047
2021-12-21 16:00:00,-2.8,0.7980929000000001
2021-12-21 17:00:00,-2.7,0.8934
2021-12-21 18:00:00,-2.8,0.8697190000000001
2021-12-21 19:00:00,-2.4,0.7744
2021-12-21 20:00:00,-2.4,0.7156020999999999
2021-12-21 21:00:00,-3.0,0.6414175
2021-12-21 22:00:00,-3.5,0.5733614
2021-12-21 23:00:00,-3.4,0.5101843
2021-12-22 00:00:00,-3.6,0.5823935
2021-12-22 01:00:00,-3.5,0.5699461
2021-12-22 02:00:00,-3.8,0.5549997
2021-12-22 03:00:00,-3.7,0.5334845
2021-12-22 04:00:00,-4.0,0.53878
2021-12-22 05:00:00,-4.1,0.5760031999999999
2021-12-22 06:00:00,-3.9,0.6547574
2021-12-22 07:00:00,-3.7,0.7569546
2021-12-22 08:00:00,-3.9,0.7751021
2021-12-22 09:00:00,-3.4,0.7588467000000001
2021-12-22 10:00:00,-2.3,0.7333569
2021-12-22 11:00:00,-2.0,0.6664075
2021-12-22 12:00:00,-1.2,0.6264711000000001
2021-12-22 13:00:00,-1.0,0.6322426000000001
2021-12-22 14:00:00,-1.1,0.7162447000000001
2021-12-22 15:00:00,-1.5,0.7499217
2021-12-22 16:00:00,-1.9,0.757145
2021-12-22 17:00:00,-2.8,0.7853479999999999
2021-12-22 18:00:00,-2.7,0.7550148999999999
2021-12-22 19:00:00,-2.8,0.6914331999999999
2021-12-22 20:00:00,-2.5,0.6071455000000001
2021-12-22 21:00:00,-2.3,0.5695772000000001
2021-12-22 22:00:00,-2.1,0.5556185
2021-12-22 23:00:00,-2.2,0.4888
2021-12-23 00:00:00,-2.0,0.527713
2021-12-23 01:00:00,-1.7,0.5132069
2021-12-23 02:00:00,-1.4,0.4682963
2021-12-23 03:00:00,-1.4,0.4596569
2021-12-23 04:00:00,-0.9,0.4641432
2021-12-23 05:00:00,-0.8,0.5453964
2021-12-23 06:00:00,-0.6,0.6179269000000001
2021-12-23 07:00:00,-0.4,0.6518419
2021-12-23 08:00:00,0.0,0.6911714
2021-12-23 09:00:00,0.3,0.6558759999999999
2021-12-23 10:00:00,0.6,0.5892598
2021-12-23 11:00:00,0.8,0.6078
2021-12-23 12:00:00,1.1,0.5684348
2021-12-23 13:00:00,1.1,0.5129094000000001
2021-12-23 14:00:00,0.7,0.5117789
2021-12-23 15:00:00,0.8,0.5207039
2021-12-23 16:00:00,0.9,0.5721
2021-12-23 17:00:00,0.6,0.5780976
2021-12-23 18:00:00,1.3,0.5066262
2021-12-23 19:00:00,1.9,0.4304067
2021-12-23 20:00:00,4.0,0.4016801
2021-12-23 21:00:00,4.5,0.334695
2021-12-23 22:00:00,4.7,0.320177
2021-12-23 23:00:00,5.0,0.2732315
2021-12-24 00:00:00,5.2,0.2865714
2021-12-24 01:00:00,5.2,0.2728269
2021-12-24 02:00:00,5.5,0.2650086
2021-12-24 03:00:00,6.0,0.2748023
2021-12-24 04:00:00,6.4,0.2866071
2021-12-24 05:00:00,6.9,0.2865
2021-12-24 06:00:00,7.5,0.2613672
2021-12-24 07:00:00,8.4,0.34362
2021-12-24 08:00:00,8.6,0.4027987
2021-12-24 09:00:00,8.7,0.3957539
2021-12-24 10:00:00,8.9,0.397289
2021-12-24 11:00:00,8.9,0.434298
2021-12-24 12:00:00,5.1,0.4467335
2021-12-24 13:00:00,3.8,0.4185186
2021-12-24 14:00:00,2.2,0.4237546
2021-12-24 15:00:00,1.0,0.4276935
2021-12-24 16:00:00,0.1,0.4700456
2021-12-24 17:00:00,0.2,0.4870983
2021-12-24 18:00:00,0.3,0.4448771
2021-12-24 19:00:00,0.4,0.4517077
2021-12-24 20:00:00,0.1,0.4531
2021-12-24 21:00:00,-0.7,0.4733657
2021-12-24 22:00:00,-1.1,0.4820526999999999
2021-12-24 23:00:00,-1.9,0.4517315
2021-12-25 00:00:00,-2.7,0.3700975
2021-12-25 01:00:00,-3.2,0.3426085
2021-12-25 02:00:00,-4.1,0.3746433
2021-12-25 03:00:00,-4.6,0.3486418
2021-12-25 04:00:00,-5.1,0.31625
2021-12-25 05:00:00,-5.7,0.3047189
2021-12-25 06:00:00,-6.5,0.3079557
2021-12-25 07:00:00,-6.4,0.3251274
2021-12-25 08:00:00,-7.2,0.3632193
2021-12-25 09:00:00,-6.7,0.4013945
2021-12-25 10:00:00,-5.5,0.4150914
2021-12-25 11:00:00,-3.9,0.4259442
2021-12-25 12:00:00,-3.2,0.4293833
2021-12-25 13:00:00,-3.1,0.4196372
2021-12-25 14:00:00,-3.3,0.421089
2021-12-25 15:00:00,-4.4,0.42454
2021-12-25 16:00:00,-6.1,0.4311088
2021-12-25 17:00:00,-6.3,0.4469239
2021-12-25 18:00:00,-6.6,0.4472689999999999
2021-12-25 19:00:00,-7.8,0.4319418
2021-12-25 20:00:00,-8.1,0.4296808
2021-12-25 21:00:00,-8.5,0.4228383
2021-12-25 22:00:00,-8.6,0.4287764
2021-12-25 23:00:00,-9.0,0.3687528
2021-12-26 00:00:00,-9.5,0.3678603
2021-12-26 01:00:00,-10.4,0.3422634
2021-12-26 02:00:00,-9.9,0.3386577
2021-12-26 03:00:00,-9.5,0.3141794
2021-12-26 04:00:00,-10.4,0.3063253999999999
2021-12-26 05:00:00,-11.0,0.3105856
2021-12-26 06:00:00,-9.6,0.3129656
2021-12-26 07:00:00,-10.2,0.348975
2021-12-26 08:00:00,-10.2,0.3631241
2021-12-26 09:00:00,-8.5,0.3768686
2021-12-26 10:00:00,-7.2,0.3928265
2021-12-26 11:00:00,-5.6,0.3969439
2021-12-26 12:00:00,-4.1,0.392886
2021-12-26 13:00:00,-3.1,0.3861387
2021-12-26 14:00:00,-3.0,0.385627
2021-12-26 15:00:00,-3.7,0.3857340999999999
2021-12-26 16:00:00,-4.8,0.3884235
2021-12-26 17:00:00,-4.9,0.4144845
2021-12-26 18:00:00,-5.0,0.4061902
2021-12-26 19:00:00,-5.1,0.4028225
2021-12-26 20:00:00,-4.9,0.3825211
2021-12-26 21:00:00,-5.2,0.3406331
2021-12-26 22:00:00,-5.0,0.328031
2021-12-26 23:00:00,-4.5,0.2746952
2021-12-27 00:00:00,-4.1,0.2695901
2021-12-27 01:00:00,-3.7,0.2582137
2021-12-27 02:00:00,-3.3,0.2524184
2021-12-27 03:00:00,-2.9,0.2495624
2021-12-27 04:00:00,-2.7,0.2460876
2021-12-27 05:00:00,-2.5,0.2716607
2021-12-27 06:00:00,-2.3,0.2865595
2021-12-27 07:00:00,-2.2,0.3151909
2021-12-27 08:00:00,-1.9,0.3513788
2021-12-27 09:00:00,-1.4,0.3914223
2021-12-27 10:00:00,-0.8,0.3987884
2021-12-27 11:00:00,-0.3,0.3924576
2021-12-27 12:00:00,0.2,0.4055476
2021-12-27 13:00:00,0.6,0.3938142
2021-12-27 14:00:00,0.8,0.3798317
2021-12-27 15:00:00,0.9,0.3770114
2021-12-27 16:00:00,1.2,0.3702998
2021-12-27 17:00:00,1.5,0.39955
2021-12-27 18:00:00,1.3,0.402049
2021-12-27 19:00:00,1.7,0.3888995
2021-12-27 20:00:00,2.0,0.3475827
2021-12-27 21:00:00,2.4,0.2877495
2021-12-27 22:00:00,2.3,0.2901295
2021-12-27 23:00:00,2.2,0.25913
2021-12-28 00:00:00,2.2,0.244136
2021-12-28 01:00:00,2.3,0.2269881
2021-12-28 02:00:00,2.7,0.2114348
2021-12-28 03:00:00,3.0,0.1987018
2021-12-28 04:00:00,2.9,0.2006534
2021-12-28 05:00:00,3.0,0.213434
2021-12-28 06:00:00,3.0,0.2455521
2021-12-28 07:00:00,2.1,0.2769324
2021-12-28 08:00:00,3.6,0.3010537
2021-12-28 09:00:00,5.3,0.3257224
2021-12-28 10:00:00,5.9,0.3247704
2021-12-28 11:00:00,6.7,0.3164404
2021-12-28 12:00:00,6.9,0.3062421
2021-12-28 13:00:00,7.6,0.2928784
2021-12-28 14:00:00,7.3,0.2764445
2021-12-28 15:00:00,6.9,0.2638305
2021-12-28 16:00:00,6.3,0.276861
2021-12-28 17:00:00,6.1,0.32101
2021-12-28 18:00:00,6.2,0.3341714
2021-12-28 19:00:00,6.0,0.3339691
2021-12-28 20:00:00,6.2,0.3211171
2021-12-28 21:00:00,6.3,0.3046118
2021-12-28 22:00:00,6.5,0.3075392
2021-12-28 23:00:00,6.4,0.2865952
2021-12-29 00:00:00,5.7,0.2889514
2021-12-29 01:00:00,5.8,0.2665913
2021-12-29 02:00:00,5.5,0.2679003
2021-12-29 03:00:00,5.1,0.2636758
2021-12-29 04:00:00,5.4,0.2674719
2021-12-29 05:00:00,6.2,0.2955797
2021-12-29 06:00:00,6.1,0.3221762
2021-12-29 07:00:00,6.2,0.37932
2021-12-29 08:00:00,6.3,0.3936
2021-12-29 09:00:00,6.5,0.3977055
2021-12-29 10:00:00,7.2,0.398598
2021-12-29 11:00:00,7.3,0.3988122
2021-12-29 12:00:00,7.6,0.4002759
2021-12-29 13:00:00,7.6,0.4002878
2021-12-29 14:00:00,7.6,0.400383
2021-12-29 15:00:00,7.7,0.3936
2021-12-29 16:00:00,7.5,0.3888281
2021-12-29 17:00:00,7.2,0.3976936
2021-12-29 18:00:00,7.0,0.3744767
2021-12-29 19:00:00,7.2,0.3503197
2021-12-29 20:00:00,7.3,0.3103714
2021-12-29 21:00:00,7.2,0.2848816
2021-12-29 22:00:00,7.2,0.2821446
2021-12-29 23:00:00,7.8,0.2547865
2021-12-30 00:00:00,9.7,0.2425652
2021-12-30 01:00:00,10.2,0.2125534
2021-12-30 02:00:00,10.6,0.1950128
2021-12-30 03:00:00,9.6,0.1860164
2021-12-30 04:00:00,10.1,0.1810184
2021-12-30 05:00:00,10.0,0.206889
2021-12-30 06:00:00,9.7,0.2270119
2021-12-30 07:00:00,10.7,0.2713394
2021-12-30 08:00:00,11.3,0.2786103
2021-12-30 09:00:00,11.9,0.266984
2021-12-30 10:00:00,12.3,0.2722914
2021-12-30 11:00:00,12.8,0.2693045
2021-12-30 12:00:00,13.0,0.2713037
2021-12-30 13:00:00,13.1,0.2612125
2021-12-30 14:00:00,13.0,0.252823
2021-12-30 15:00:00,12.8,0.2453736
2021-12-30 16:00:00,12.6,0.2530848
2021-12-30 17:00:00,12.7,0.2650562
2021-12-30 18:00:00,12.5,0.2626762
2021-12-30 19:00:00,12.6,0.2531443
2021-12-30 20:00:00,12.7,0.2454212
2021-12-30 21:00:00,13.0,0.2399829
2021-12-30 22:00:00,13.1,0.2452665
2021-12-30 23:00:00,13.4,0.2218235
2021-12-31 00:00:00,13.5,0.1623949
2021-12-31 01:00:00,13.6,0.1557071
2021-12-31 02:00:00,13.2,0.1555643
2021-12-31 03:00:00,12.8,0.1555405
2021-12-31 04:00:00,12.9,0.1555643
2021-12-31 05:00:00,13.2,0.1556476
2021-12-31 06:00:00,13.2,0.1555405
2021-12-31 07:00:00,13.7,0.1555286
2021-12-31 08:00:00,13.9,0.1558023
2021-12-31 09:00:00,13.9,0.1566829
2021-12-31 10:00:00,13.7,0.1567067
2021-12-31 11:00:00,13.9,0.1675595
2021-12-31 12:00:00,14.0,0.1675119
2021-12-31 13:00:00,13.8,0.1675238
2021-12-31 14:00:00,13.9,0.1859331
2021-12-31 15:00:00,13.5,0.1799831
2021-12-31 16:00:00,12.8,0.2296537
2021-12-31 17:00:00,12.7,0.2281543
2021-12-31 18:00:00,12.9,0.2032119
2021-12-31 19:00:00,12.1,0.1942631
2021-12-31 20:00:00,12.4,0.1558142
2021-12-31 21:00:00,12.3,0.1556952
2021-12-31 22:00:00,12.3,0.161669
2021-12-31 23:00:00,12.4,0.1631208
2022-01-01 00:00:00,12.3,0.2151595
2022-01-01 01:00:00,12.4,0.2047827
2022-01-01 02:00:00,12.5,0.2070318
2022-01-01 03:00:00,12.3,0.2096974
2022-01-01 04:00:00,12.4,0.2004273
2022-01-01 05:00:00,12.2,0.202843
2022-01-01 06:00:00,12.2,0.2039021
2022-01-01 07:00:00,12.3,0.2070794
2022-01-01 08:00:00,12.2,0.2146954
2022-01-01 09:00:00,12.4,0.2389595
2022-01-01 10:00:00,12.6,0.2469801
2022-01-01 11:00:00,13.1,0.255679
2022-01-01 12:00:00,13.6,0.2683406
2022-01-01 13:00:00,13.8,0.270792
2022-01-01 14:00:00,13.1,0.2712323
2022-01-01 15:00:00,13.2,0.27579
2022-01-01 16:00:00,13.1,0.306254
2022-01-01 17:00:00,13.2,0.3340643
2022-01-01 18:00:00,13.2,0.3297327
2022-01-01 19:00:00,12.2,0.3225331999999999
2022-01-01 20:00:00,11.9,0.3006372
2022-01-01 21:00:00,11.0,0.2777059
2022-01-01 22:00:00,11.2,0.2715774
2022-01-01 23:00:00,10.3,0.2569404
2022-01-02 00:00:00,10.1,0.2235252
2022-01-02 01:00:00,9.8,0.2181821
2022-01-02 02:00:00,10.2,0.2138743
2022-01-02 03:00:00,11.1,0.1971786
2022-01-02 04:00:00,11.2,0.1907764
2022-01-02 05:00:00,11.4,0.1960243
2022-01-02 06:00:00,11.8,0.1966788
2022-01-02 07:00:00,12.1,0.205342
2022-01-02 08:00:00,12.8,0.2138505
2022-01-02 09:00:00,12.5,0.2270119
2022-01-02 10:00:00,12.0,0.2390071
2022-01-02 11:00:00,11.9,0.2344494
2022-01-02 12:00:00,13.3,0.2324026
2022-01-02 13:00:00,12.7,0.2114824
2022-01-02 14:00:00,12.9,0.2032119
2022-01-02 15:00:00,12.6,0.1902409
2022-01-02 16:00:00,12.3,0.1945844
2022-01-02 17:00:00,12.0,0.2067343
2022-01-02 18:00:00,11.5,0.2281424
2022-01-02 19:00:00,11.0,0.2281186
2022-01-02 20:00:00,11.0,0.2200028
2022-01-02 21:00:00,10.9,0.2105304
2022-01-02 22:00:00,11.5,0.2106851
2022-01-02 23:00:00,10.3,0.1947867
2022-01-03 00:00:00,9.6,0.1559689
2022-01-03 01:00:00,10.7,0.1555881
2022-01-03 02:00:00,9.1,0.1555167
2022-01-03 03:00:00,9.1,0.1543505
2022-01-03 04:00:00,9.6,0.15441
2022-01-03 05:00:00,9.7,0.1559808
2022-01-03 06:00:00,9.2,0.2002845
2022-01-03 07:00:00,9.3,0.2612244
2022-01-03 08:00:00,9.5,0.3018867
2022-01-03 09:00:00,9.6,0.2867023
2022-01-03 10:00:00,10.0,0.2667222
2022-01-03 11:00:00,10.5,0.2635687
2022-01-03 12:00:00,9.6,0.2536203
2022-01-03 13:00:00,10.7,0.251871
2022-01-03 14:00:00,10.5,0.2519781
2022-01-03 15:00:00,9.7,0.2722795
2022-01-03 16:00:00,9.2,0.3025769
2022-01-03 17:00:00,7.6,0.3323031
2022-01-03 18:00:00,7.1,0.31982
2022-01-03 19:00:00,6.8,0.2955916
2022-01-03 20:00:00,7.3,0.2956749
2022-01-03 21:00:00,7.1,0.2697805
2022-01-03 22:00:00,7.6,0.2813592
2022-01-03 23:00:00,7.9,0.2689594
2022-01-04 00:00:00,7.9,0.279003
2022-01-04 01:00:00,7.2,0.2844413
2022-01-04 02:00:00,7.1,0.2816448
2022-01-04 03:00:00,7.3,0.2786579
2022-01-04 04:00:00,7.2,0.2778249
2022-01-04 05:00:00,7.6,0.2915337
2022-01-04 06:00:00,7.6,0.3423229
2022-01-04 07:00:00,7.4,0.3729416
2022-01-04 08:00:00,7.4,0.3685028999999999
2022-01-04 09:00:00,7.5,0.3817
2022-01-04 10:00:00,7.7,0.3815572
2022-01-04 11:00:00,7.7,0.3726798
2022-01-04 12:00:00,7.9,0.3727274
2022-01-04 13:00:00,7.7,0.3693121
2022-01-04 14:00:00,7.9,0.36861
2022-01-04 15:00:00,5.6,0.3709067
2022-01-04 16:00:00,5.6,0.3539611
2022-01-04 17:00:00,5.6,0.3815572
2022-01-04 18:00:00,4.5,0.3756786
2022-01-04 19:00:00,3.5,0.3685981
2022-01-04 20:00:00,3.5,0.3413828
2022-01-04 21:00:00,3.7,0.3232948
2022-01-04 22:00:00,3.9,0.3197248
2022-01-04 23:00:00,3.8,0.2716964
2022-01-05 00:00:00,3.7,0.2809189
2022-01-05 01:00:00,3.6,0.2713751
2022-01-05 02:00:00,3.2,0.256155
2022-01-05 03:00:00,3.2,0.2453022
2022-01-05 04:00:00,2.6,0.2497409
2022-01-05 05:00:00,2.4,0.2684001
2022-01-05 06:00:00,2.2,0.2736004
2022-01-05 07:00:00,2.3,0.2759685
2022-01-05 08:00:00,2.3,0.3097764
2022-01-05 09:00:00,2.9,0.2905103
2022-01-05 10:00:00,3.3,0.2679717
2022-01-05 11:00:00,2.7,0.272339
2022-01-05 12:00:00,1.9,0.2694592
2022-01-05 13:00:00,2.9,0.270792
2022-01-05 14:00:00,3.8,0.2833108
2022-01-05 15:00:00,4.1,0.2977812
2022-01-05 16:00:00,4.5,0.3189632
2022-01-05 17:00:00,4.9,0.3318271
2022-01-05 18:00:00,5.2,0.3220572
2022-01-05 19:00:00,4.9,0.3171425
2022-01-05 20:00:00,4.6,0.2983167
2022-01-05 21:00:00,3.7,0.2723271
2022-01-05 22:00:00,4.2,0.2968649
2022-01-05 23:00:00,3.9,0.2742192
2022-01-06 00:00:00,3.6,0.2744215
2022-01-06 01:00:00,2.7,0.2761708
2022-01-06 02:00:00,1.1,0.2865119
2022-01-06 03:00:00,0.2,0.2883445
2022-01-06 04:00:00,-0.3,0.3024103
2022-01-06 05:00:00,-2.3,0.3340286
2022-01-06 06:00:00,-1.2,0.3768448
2022-01-06 07:00:00,-0.5,0.4272175
2022-01-06 08:00:00,-0.2,0.4280148
2022-01-06 09:00:00,0.7,0.408951
2022-01-06 10:00:00,1.4,0.412045
2022-01-06 11:00:00,2.6,0.431561
2022-01-06 12:00:00,3.4,0.42454
2022-01-06 13:00:00,4.1,0.404548
2022-01-06 14:00:00,4.6,0.4127114
2022-01-06 15:00:00,4.1,0.4302163
2022-01-06 16:00:00,3.0,0.4482805
2022-01-06 17:00:00,2.0,0.4817909
2022-01-06 18:00:00,1.3,0.4809936
2022-01-06 19:00:00,1.1,0.4477212
2022-01-06 20:00:00,1.0,0.4247066
2022-01-06 21:00:00,1.3,0.4034889
2022-01-06 22:00:00,1.5,0.3683125
2022-01-06 23:00:00,1.6,0.303993
2022-01-07 00:00:00,1.2,0.3090148
2022-01-07 01:00:00,1.1,0.296496
2022-01-07 02:00:00,1.8,0.2781819
2022-01-07 03:00:00,2.3,0.2768729
2022-01-07 04:00:00,2.7,0.2769562
2022-01-07 05:00:00,2.5,0.2924381
2022-01-07 06:00:00,2.3,0.3224261
2022-01-07 07:00:00,2.1,0.3372416
2022-01-07 08:00:00,1.7,0.3471543
2022-01-07 09:00:00,2.2,0.3482015
2022-01-07 10:00:00,2.5,0.3476303
2022-01-07 11:00:00,2.8,0.3532114
2022-01-07 12:00:00,3.3,0.3537826
2022-01-07 13:00:00,3.6,0.3531876
2022-01-07 14:00:00,3.5,0.3572217
2022-01-07 15:00:00,3.5,0.381343
2022-01-07 16:00:00,3.9,0.3959443
2022-01-07 17:00:00,3.3,0.4449009
2022-01-07 18:00:00,2.7,0.4576339
2022-01-07 19:00:00,2.8,0.4376895
2022-01-07 20:00:00,3.2,0.4225527
2022-01-07 21:00:00,2.3,0.4100339
2022-01-07 22:00:00,1.6,0.3768686
2022-01-07 23:00:00,1.3,0.3321008
2022-01-08 00:00:00,1.5,0.3509623
2022-01-08 01:00:00,1.7,0.3374677
2022-01-08 02:00:00,1.5,0.35314
2022-01-08 03:00:00,1.8,0.3470234
2022-01-08 04:00:00,1.7,0.346
2022-01-08 05:00:00,1.4,0.339217
2022-01-08 06:00:00,1.1,0.35314
2022-01-08 07:00:00,0.9,0.3732629
2022-01-08 08:00:00,0.5,0.4125091
2022-01-08 09:00:00,0.9,0.43049
2022-01-08 10:00:00,2.3,0.4280505
2022-01-08 11:00:00,3.3,0.4119141
2022-01-08 12:00:00,2.9,0.4015492
2022-01-08 13:00:00,3.2,0.37575
2022-01-08 14:00:00,3.1,0.3573288
2022-01-08 15:00:00,3.0,0.349332
2022-01-08 16:00:00,3.0,0.3475946
2022-01-08 17:00:00,2.5,0.381581
2022-01-08 18:00:00,2.6,0.3587449
2022-01-08 19:00:00,2.4,0.3224737
2022-01-08 20:00:00,2.8,0.2776226
2022-01-08 21:00:00,3.0,0.2771942
2022-01-08 22:00:00,3.2,0.2773251
2022-01-08 23:00:00,3.2,0.2627595
2022-01-09 00:00:00,3.4,0.2567857
2022-01-09 01:00:00,3.5,0.256036
2022-01-09 02:00:00,3.4,0.2510856
2022-01-09 03:00:00,3.1,0.2215974
2022-01-09 04:00:00,2.9,0.2142551
2022-01-09 05:00:00,3.1,0.2158616
2022-01-09 06:00:00,2.8,0.2440051
2022-01-09 07:00:00,2.8,0.2560836
2022-01-09 08:00:00,2.3,0.2713394
2022-01-09 09:00:00,2.0,0.2983643
2022-01-09 10:00:00,2.8,0.3162024
2022-01-09 11:00:00,4.5,0.333386
2022-01-09 12:00:00,5.1,0.3521047
2022-01-09 13:00:00,5.2,0.3520214
2022-01-09 14:00:00,5.0,0.3580071
2022-01-09 15:00:00,5.1,0.3805576
2022-01-09 16:00:00,5.0,0.3828424
2022-01-09 17:00:00,4.8,0.421327
2022-01-09 18:00:00,4.9,0.4458886
2022-01-09 19:00:00,4.5,0.4412
2022-01-09 20:00:00,4.4,0.4302758
2022-01-09 21:00:00,4.1,0.4102838
2022-01-09 22:00:00,3.8,0.4124972
2022-01-09 23:00:00,3.7,0.398122
2022-01-10 00:00:00,3.1,0.3891137
2022-01-10 01:00:00,3.0,0.3839015
2022-01-10 02:00:00,2.9,0.3887329
2022-01-10 03:00:00,3.0,0.3777254
2022-01-10 04:00:00,3.0,0.3674676
2022-01-10 05:00:00,2.5,0.3836635
2022-01-10 06:00:00,2.4,0.4381536
2022-01-10 07:00:00,2.9,0.5125405000000001
2022-01-10 08:00:00,3.3,0.5291648
2022-01-10 09:00:00,3.3,0.5304500000000001
2022-01-10 10:00:00,3.6,0.5249879000000001
2022-01-10 11:00:00,4.0,0.5245952
2022-01-10 12:00:00,4.4,0.5126
2022-01-10 13:00:00,4.7,0.5090418999999999
2022-01-10 14:00:00,5.4,0.5125524
2022-01-10 15:00:00,4.9,0.5202755
2022-01-10 16:00:00,4.1,0.5158487
2022-01-10 17:00:00,3.9,0.5310093
2022-01-10 18:00:00,3.6,0.5254757999999999
2022-01-10 19:00:00,3.4,0.5066262
2022-01-10 20:00:00,3.2,0.4738655
2022-01-10 21:00:00,3.1,0.4439251
2022-01-10 22:00:00,2.5,0.4138657
2022-01-10 23:00:00,1.1,0.3886377
2022-01-11 00:00:00,0.3,0.4059046
2022-01-11 01:00:00,-0.5,0.3964798
2022-01-11 02:00:00,-1.3,0.390744
2022-01-11 03:00:00,-1.4,0.38527
2022-01-11 04:00:00,-1.8,0.387531
2022-01-11 05:00:00,-1.3,0.3988955
2022-01-11 06:00:00,0.6,0.4377847
2022-01-11 07:00:00,1.4,0.5110292000000001
2022-01-11 08:00:00,1.6,0.5150037999999999
2022-01-11 09:00:00,1.6,0.5092204
2022-01-11 10:00:00,2.0,0.4852538
2022-01-11 11:00:00,2.4,0.4726517
2022-01-11 12:00:00,2.7,0.4589548
2022-01-11 13:00:00,3.1,0.4517791
2022-01-11 14:00:00,3.6,0.4590619
2022-01-11 15:00:00,3.1,0.486301
2022-01-11 16:00:00,2.1,0.5006286
2022-01-11 17:00:00,1.5,0.532116
2022-01-11 18:00:00,1.1,0.5315209999999999
2022-01-11 19:00:00,0.2,0.5235479999999999
2022-01-11 20:00:00,0.0,0.4951427
2022-01-11 21:00:00,1.0,0.4476736
2022-01-11 22:00:00,1.4,0.4379513
2022-01-11 23:00:00,0.9,0.4084631
2022-01-12 00:00:00,0.9,0.3896135
2022-01-12 01:00:00,1.6,0.378249
2022-01-12 02:00:00,1.0,0.3748813
2022-01-12 03:00:00,2.3,0.3693002
2022-01-12 04:00:00,2.9,0.3678127
2022-01-12 05:00:00,2.9,0.385865
2022-01-12 06:00:00,2.6,0.4418664
2022-01-12 07:00:00,2.4,0.4806842
2022-01-12 08:00:00,2.3,0.512719
2022-01-12 09:00:00,2.3,0.5039606000000001
2022-01-12 10:00:00,2.8,0.483445
2022-01-12 11:00:00,3.5,0.4633935
2022-01-12 12:00:00,3.7,0.4472809
2022-01-12 13:00:00,4.2,0.4317752
2022-01-12 14:00:00,4.5,0.4349763
2022-01-12 15:00:00,4.1,0.4412119
2022-01-12 16:00:00,2.7,0.45905
2022-01-12 17:00:00,1.2,0.4945358
2022-01-12 18:00:00,2.1,0.4959043
2022-01-12 19:00:00,2.5,0.4757457
2022-01-12 20:00:00,2.5,0.4355475
2022-01-12 21:00:00,2.0,0.383485
2022-01-12 22:00:00,2.2,0.3860911
2022-01-12 23:00:00,2.8,0.3604942
2022-01-13 00:00:00,2.3,0.3616366
2022-01-13 01:00:00,2.4,0.3480111
2022-01-13 02:00:00,2.1,0.3383602
2022-01-13 03:00:00,2.0,0.3306133
2022-01-13 04:00:00,2.2,0.3370393
2022-01-13 05:00:00,2.4,0.3593994
2022-01-13 06:00:00,2.5,0.3841157
2022-01-13 07:00:00,2.5,0.4117356
2022-01-13 08:00:00,2.6,0.436321
2022-01-13 09:00:00,2.8,0.4173881
2022-01-13 10:00:00,3.2,0.3698952
2022-01-13 11:00:00,3.4,0.3580904
2022-01-13 12:00:00,3.6,0.3371107
2022-01-13 13:00:00,3.7,0.3152147
2022-01-13 14:00:00,3.7,0.3591019
2022-01-13 15:00:00,3.5,0.3954921
2022-01-13 16:00:00,3.3,0.4000022
2022-01-13 17:00:00,3.1,0.417757
2022-01-13 18:00:00,3.1,0.4087844
2022-01-13 19:00:00,3.1,0.4054999999999999
2022-01-13 20:00:00,3.0,0.3849011
2022-01-13 21:00:00,3.2,0.3513074
2022-01-13 22:00:00,3.6,0.350998
2022-01-13 23:00:00,3.4,0.3008871
2022-01-14 00:00:00,3.1,0.2984476
2022-01-14 01:00:00,3.0,0.2865357
2022-01-14 02:00:00,3.0,0.2844056
2022-01-14 03:00:00,3.2,0.2834774
2022-01-14 04:00:00,3.3,0.2862858
2022-01-14 05:00:00,3.6,0.3228188
2022-01-14 06:00:00,3.5,0.3650876
2022-01-14 07:00:00,3.7,0.3828543
2022-01-14 08:00:00,3.9,0.4138181
2022-01-14 09:00:00,4.0,0.3899229
2022-01-14 10:00:00,4.4,0.3494748
2022-01-14 11:00:00,4.9,0.3460476
2022-01-14 12:00:00,5.2,0.3388719
2022-01-14 13:00:00,5.1,0.3368251
2022-01-14 14:00:00,4.9,0.3780586
2022-01-14 15:00:00,4.8,0.4140442
2022-01-14 16:00:00,4.8,0.4232429
2022-01-14 17:00:00,5.0,0.46738
2022-01-14 18:00:00,5.1,0.4650476
2022-01-14 19:00:00,5.2,0.4344408
2022-01-14 20:00:00,5.3,0.4114975999999999
2022-01-14 21:00:00,5.2,0.3988241
2022-01-14 22:00:00,5.3,0.3868051
2022-01-14 23:00:00,5.2,0.375631
2022-01-15 00:00:00,5.1,0.4197919
2022-01-15 01:00:00,5.0,0.3996452
2022-01-15 02:00:00,5.0,0.3871978
2022-01-15 03:00:00,4.9,0.3729416
2022-01-15 04:00:00,4.8,0.3791177
2022-01-15 05:00:00,4.7,0.3823902
2022-01-15 06:00:00,4.6,0.3820213
2022-01-15 07:00:00,4.5,0.3989074
2022-01-15 08:00:00,4.4,0.4088796
2022-01-15 09:00:00,4.5,0.4293
2022-01-15 10:00:00,4.9,0.4202440999999999
2022-01-15 11:00:00,5.1,0.4113548
2022-01-15 12:00:00,5.5,0.4036317
2022-01-15 13:00:00,5.7,0.3936
2022-01-15 14:00:00,5.9,0.3972771
2022-01-15 15:00:00,5.5,0.4102362
2022-01-15 16:00:00,5.2,0.4249208
2022-01-15 17:00:00,4.6,0.465
2022-01-15 18:00:00,4.6,0.4733657
2022-01-15 19:00:00,4.1,0.4666779
2022-01-15 20:00:00,3.7,0.4455078
2022-01-15 21:00:00,3.5,0.417519
2022-01-15 22:00:00,3.3,0.4088915
2022-01-15 23:00:00,2.5,0.4047979
2022-01-16 00:00:00,1.8,0.4244448
2022-01-16 01:00:00,1.5,0.41264
2022-01-16 02:00:00,1.4,0.3810931000000001
2022-01-16 03:00:00,1.0,0.3721562
2022-01-16 04:00:00,-0.3,0.3638262
2022-01-16 05:00:00,1.4,0.3530329
2022-01-16 06:00:00,1.3,0.2968649
2022-01-16 07:00:00,1.7,0.2977455
2022-01-16 08:00:00,1.9,0.3053734
2022-01-16 09:00:00,2.2,0.3096574
2022-01-16 10:00:00,2.7,0.3055280999999999
2022-01-16 11:00:00,2.9,0.3124777
2022-01-16 12:00:00,3.3,0.3019819
2022-01-16 13:00:00,4.0,0.3013631
2022-01-16 14:00:00,4.7,0.2777773
2022-01-16 15:00:00,4.9,0.3007205
2022-01-16 16:00:00,5.2,0.29245
2022-01-16 17:00:00,5.2,0.3048498
2022-01-16 18:00:00,5.3,0.289356
2022-01-16 19:00:00,5.1,0.2716131
2022-01-16 20:00:00,5.5,0.2628666
2022-01-16 21:00:00,5.6,0.2711371
2022-01-16 22:00:00,5.6,0.2672815
2022-01-16 23:00:00,5.7,0.259368
2022-01-17 00:00:00,6.1,0.2485152
2022-01-17 01:00:00,5.8,0.19606
2022-01-17 02:00:00,5.4,0.1702727
2022-01-17 03:00:00,5.5,0.1676071
2022-01-17 04:00:00,5.3,0.1708677
2022-01-17 05:00:00,5.4,0.1986304
2022-01-17 06:00:00,5.4,0.2651157
2022-01-17 07:00:00,5.3,0.277932
2022-01-17 08:00:00,5.3,0.30554
2022-01-17 09:00:00,5.2,0.275671
2022-01-17 10:00:00,5.8,0.2889157
2022-01-17 11:00:00,6.6,0.2879875
2022-01-17 12:00:00,6.6,0.2752902
2022-01-17 13:00:00,7.0,0.2884635
2022-01-17 14:00:00,7.1,0.3071822
2022-01-17 15:00:00,6.3,0.3565315
2022-01-17 16:00:00,5.1,0.3934215
2022-01-17 17:00:00,5.0,0.4530881
2022-01-17 18:00:00,4.9,0.4583003
2022-01-17 19:00:00,4.8,0.4379632
2022-01-17 20:00:00,3.2,0.4174
2022-01-17 21:00:00,2.3,0.4125686
2022-01-17 22:00:00,4.5,0.4045004
2022-01-17 23:00:00,4.9,0.3698
2022-01-18 00:00:00,5.0,0.3804386
2022-01-18 01:00:00,4.8,0.3848892
2022-01-18 02:00:00,4.8,0.3699071
2022-01-18 03:00:00,4.9,0.3794271
2022-01-18 04:00:00,5.0,0.3864481
2022-01-18 05:00:00,4.9,0.3996333
2022-01-18 06:00:00,5.2,0.428229
2022-01-18 07:00:00,5.2,0.4813148999999999
2022-01-18 08:00:00,5.5,0.5059359999999999
2022-01-18 09:00:00,5.8,0.5014616000000001
2022-01-18 10:00:00,6.9,0.483326
2022-01-18 11:00:00,6.7,0.471069
2022-01-18 12:00:00,6.8,0.4531
2022-01-18 13:00:00,7.0,0.4462813
2022-01-18 14:00:00,6.8,0.4447938
2022-01-18 15:00:00,6.4,0.4521718
2022-01-18 16:00:00,6.4,0.465
2022-01-18 17:00:00,5.7,0.48642
2022-01-18 18:00:00,5.5,0.4845041
2022-01-18 19:00:00,5.2,0.4590857
2022-01-18 20:00:00,5.1,0.4379632
2022-01-18 21:00:00,5.3,0.4223861
2022-01-18 22:00:00,5.5,0.3826282
2022-01-18 23:00:00,5.2,0.3644331
2022-01-19 00:00:00,4.9,0.3567219
2022-01-19 01:00:00,5.2,0.3501412
2022-01-19 02:00:00,3.7,0.3494867
2022-01-19 03:00:00,2.9,0.3460119
2022-01-19 04:00:00,1.5,0.3497604
2022-01-19 05:00:00,1.3,0.3526521
2022-01-19 06:00:00,1.2,0.3916841
2022-01-19 07:00:00,1.4,0.4262298
2022-01-19 08:00:00,-0.6,0.4669635
2022-01-19 09:00:00,2.2,0.4562773
2022-01-19 10:00:00,2.8,0.4194825
2022-01-19 11:00:00,3.2,0.3860078
2022-01-19 12:00:00,3.4,0.3580666
2022-01-19 13:00:00,3.6,0.3465593
2022-01-19 14:00:00,3.7,0.3509147
2022-01-19 15:00:00,3.3,0.370395
2022-01-19 16:00:00,3.6,0.3689194
2022-01-19 17:00:00,3.5,0.3626481
2022-01-19 18:00:00,3.5,0.3547346
2022-01-19 19:00:00,3.7,0.3169759
2022-01-19 20:00:00,4.1,0.3044095
2022-01-19 21:00:00,4.6,0.299471
2022-01-19 22:00:00,4.3,0.2961152
2022-01-19 23:00:00,3.8,0.2712204
2022-01-20 00:00:00,3.4,0.2627595
2022-01-20 01:00:00,3.2,0.2495386
2022-01-20 02:00:00,3.1,0.2449095
2022-01-20 03:00:00,3.4,0.2414347
2022-01-20 04:00:00,2.9,0.2400781
2022-01-20 05:00:00,2.4,0.259963
2022-01-20 06:00:00,2.0,0.2701494
2022-01-20 07:00:00,1.0,0.2971505
2022-01-20 08:00:00,0.8,0.3228069
2022-01-20 09:00:00,1.5,0.3106213
2022-01-20 10:00:00,1.3,0.3084793
2022-01-20 11:00:00,2.0,0.2888205
2022-01-20 12:00:00,1.7,0.2676385
2022-01-20 13:00:00,3.1,0.2573926
2022-01-20 14:00:00,1.9,0.2809903
2022-01-20 15:00:00,0.2,0.2880708
2022-01-20 16:00:00,0.8,0.3160834
2022-01-20 17:00:00,0.6,0.3650995
2022-01-20 18:00:00,0.8,0.3849606
2022-01-20 19:00:00,0.1,0.3698
2022-01-20 20:00:00,0.0,0.3368727
2022-01-20 21:00:00,-0.8,0.3197129
2022-01-20 22:00:00,-1.5,0.3123944
2022-01-20 23:00:00,-1.6,0.3000541
2022-01-21 00:00:00,-1.9,0.2974361
2022-01-21 01:00:00,-1.6,0.2958653
2022-01-21 02:00:00,-1.6,0.2875948
2022-01-21 03:00:00,-1.5,0.2902366
2022-01-21 04:00:00,-0.5,0.2973885
2022-01-21 05:00:00,-0.9,0.2992687
2022-01-21 06:00:00,0.2,0.3326244
2022-01-21 07:00:00,0.6,0.4026321
2022-01-21 08:00:00,0.6,0.4211485
2022-01-21 09:00:00,1.1,0.4123901
2022-01-21 10:00:00,1.6,0.4013469
2022-01-21 11:00:00,2.7,0.4012517
2022-01-21 12:00:00,3.0,0.3817
2022-01-21 13:00:00,3.2,0.3579952
2022-01-21 14:00:00,3.5,0.3570551
2022-01-21 15:00:00,3.7,0.3817
2022-01-21 16:00:00,4.1,0.3667536
2022-01-21 17:00:00,3.9,0.3697881
2022-01-21 18:00:00,3.8,0.3520095
2022-01-21 19:00:00,4.6,0.3291139
2022-01-21 20:00:00,5.2,0.3218787
2022-01-21 21:00:00,5.4,0.3129775
2022-01-21 22:00:00,5.6,0.3145721
2022-01-21 23:00:00,5.5,0.2984119
2022-01-22 00:00:00,5.5,0.3026602
2022-01-22 01:00:00,5.5,0.298757
2022-01-22 02:00:00,5.6,0.2983881
2022-01-22 03:00:00,5.7,0.300542
2022-01-22 04:00:00,5.8,0.3026483
2022-01-22 05:00:00,6.1,0.3027792
2022-01-22 06:00:00,6.2,0.2984
2022-01-22 07:00:00,6.1,0.3321365
2022-01-22 08:00:00,5.9,0.37694
2022-01-22 09:00:00,6.0,0.4024774
2022-01-22 10:00:00,6.3,0.4069875
2022-01-22 11:00:00,6.4,0.4051310999999999
2022-01-22 12:00:00,6.4,0.3945877
2022-01-22 13:00:00,6.4,0.3799626
2022-01-22 14:00:00,6.4,0.3767972
2022-01-22 15:00:00,6.2,0.389435
2022-01-22 16:00:00,5.8,0.3903275
2022-01-22 17:00:00,5.6,0.4201489
2022-01-22 18:00:00,5.3,0.4302758
2022-01-22 19:00:00,5.1,0.4106408
2022-01-22 20:00:00,4.8,0.4020966
2022-01-22 21:00:00,4.9,0.3820927
2022-01-22 22:00:00,4.9,0.3858888
2022-01-22 23:00:00,4.8,0.3639333
2022-01-23 00:00:00,4.6,0.3599111
2022-01-23 01:00:00,4.5,0.3733819
2022-01-23 02:00:00,4.5,0.3760118
2022-01-23 03:00:00,4.5,0.3694787
2022-01-23 04:00:00,4.3,0.3686576
2022-01-23 05:00:00,4.4,0.3691931
2022-01-23 06:00:00,4.4,0.3557937
2022-01-23 07:00:00,4.4,0.3608155
2022-01-23 08:00:00,4.5,0.3756667
2022-01-23 09:00:00,4.8,0.3880189
2022-01-23 10:00:00,5.3,0.3880546
2022-01-23 11:00:00,5.6,0.3886853
2022-01-23 12:00:00,5.9,0.3881379
2022-01-23 13:00:00,6.3,0.3772851
2022-01-23 14:00:00,6.2,0.3751431
2022-01-23 15:00:00,6.3,0.3817
2022-01-23 16:00:00,6.1,0.38646
2022-01-23 17:00:00,5.9,0.4113905
2022-01-23 18:00:00,5.8,0.4405931
2022-01-23 19:00:00,5.6,0.4447343
2022-01-23 20:00:00,5.3,0.4233024
2022-01-23 21:00:00,5.1,0.3993596
2022-01-23 22:00:00,5.1,0.39479
2022-01-23 23:00:00,5.0,0.3697643
2022-01-24 00:00:00,4.8,0.3737627
2022-01-24 01:00:00,4.8,0.3693359
2022-01-24 02:00:00,4.7,0.367777
2022-01-24 03:00:00,4.7,0.3667774
2022-01-24 04:00:00,4.5,0.3669559
2022-01-24 05:00:00,4.6,0.3787011999999999
2022-01-24 06:00:00,4.6,0.4235761
2022-01-24 07:00:00,4.5,0.47095
2022-01-24 08:00:00,4.7,0.5126238000000001
2022-01-24 09:00:00,4.9,0.5118741
2022-01-24 10:00:00,5.3,0.4838972
2022-01-24 11:00:00,5.7,0.4769
2022-01-24 12:00:00,5.6,0.4481496
2022-01-24 13:00:00,5.5,0.4412952
2022-01-24 14:00:00,5.4,0.44596
2022-01-24 15:00:00,5.3,0.4608231
2022-01-24 16:00:00,5.2,0.4811483
2022-01-24 17:00:00,4.9,0.5213822
2022-01-24 18:00:00,4.5,0.5624015
2022-01-24 19:00:00,4.1,0.5308189
2022-01-24 20:00:00,4.0,0.4828262
2022-01-24 21:00:00,3.8,0.4531
2022-01-24 22:00:00,4.1,0.4255039
2022-01-24 23:00:00,3.9,0.4018348
2022-01-25 00:00:00,3.9,0.4126162
2022-01-25 01:00:00,3.9,0.408951
2022-01-25 02:00:00,3.6,0.3980625
2022-01-25 03:00:00,3.4,0.3891256
2022-01-25 04:00:00,3.2,0.3923981
2022-01-25 05:00:00,3.0,0.4162457
2022-01-25 06:00:00,3.1,0.4887524
2022-01-25 07:00:00,3.1,0.5795256
2022-01-25 08:00:00,3.1,0.6314215000000001
2022-01-25 09:00:00,3.3,0.6304219
2022-01-25 10:00:00,3.4,0.5840000000000001
2022-01-25 11:00:00,3.3,0.569006
2022-01-25 12:00:00,3.6,0.5470148
2022-01-25 13:00:00,4.1,0.5185500000000001
2022-01-25 14:00:00,4.2,0.5245
2022-01-25 15:00:00,3.7,0.52807
2022-01-25 16:00:00,3.0,0.5348173
2022-01-25 17:00:00,3.0,0.5916517000000001
2022-01-25 18:00:00,3.1,0.6304814000000001
2022-01-25 19:00:00,3.1,0.6003625000000001
2022-01-25 20:00:00,3.0,0.5241192
2022-01-25 21:00:00,3.2,0.47095
2022-01-25 22:00:00,3.0,0.4422591
2022-01-25 23:00:00,2.9,0.4116523
2022-01-26 00:00:00,2.7,0.4049883
2022-01-26 01:00:00,2.8,0.4083084
2022-01-26 02:00:00,2.7,0.4119379
2022-01-26 03:00:00,2.5,0.4053691
2022-01-26 04:00:00,2.3,0.4044766
2022-01-26 05:00:00,2.2,0.4115571
2022-01-26 06:00:00,1.9,0.4413904
2022-01-26 07:00:00,1.7,0.5065071999999999
2022-01-26 08:00:00,1.3,0.5272608000000001
2022-01-26 09:00:00,1.4,0.5277011
2022-01-26 10:00:00,1.1,0.5126238000000001
2022-01-26 11:00:00,1.6,0.4919535
2022-01-26 12:00:00,1.8,0.4646192
2022-01-26 13:00:00,2.1,0.4430326
2022-01-26 14:00:00,2.0,0.4391056
2022-01-26 15:00:00,1.9,0.4373444
2022-01-26 16:00:00,2.0,0.4413309
2022-01-26 17:00:00,2.3,0.4746152
2022-01-26 18:00:00,2.4,0.4679274
2022-01-26 19:00:00,2.7,0.4226955
2022-01-26 20:00:00,3.0,0.4143417
2022-01-26 21:00:00,3.2,0.3594946
2022-01-26 22:00:00,3.2,0.3256986
2022-01-26 23:00:00,3.3,0.3011846
2022-01-27 00:00:00,3.6,0.3121921
2022-01-27 01:00:00,3.7,0.2924738
2022-01-27 02:00:00,3.7,0.2848935
2022-01-27 03:00:00,3.7,0.2757186
2022-01-27 04:00:00,3.5,0.2782414
2022-01-27 05:00:00,3.5,0.2865357
2022-01-27 06:00:00,3.5,0.2793957
2022-01-27 07:00:00,3.5,0.3207601
2022-01-27 08:00:00,3.7,0.3200937
2022-01-27 09:00:00,3.7,0.3088600999999999
2022-01-27 10:00:00,4.3,0.3088006
2022-01-27 11:00:00,4.9,0.307682
2022-01-27 12:00:00,5.4,0.3058256
2022-01-27 13:00:00,6.2,0.3171782
2022-01-27 14:00:00,6.7,0.3217954
2022-01-27 15:00:00,6.7,0.3206411
2022-01-27 16:00:00,6.1,0.3193202
2022-01-27 17:00:00,6.2,0.3235923
2022-01-27 18:00:00,4.1,0.3054924
2022-01-27 19:00:00,4.7,0.2921287
2022-01-27 20:00:00,4.8,0.2794076
2022-01-27 21:00:00,3.9,0.286619
2022-01-27 22:00:00,4.2,0.2760161
2022-01-27 23:00:00,4.1,0.2583089
2022-01-28 00:00:00,4.2,0.2532157
2022-01-28 01:00:00,4.1,0.2555957
2022-01-28 02:00:00,4.2,0.2526921
2022-01-28 03:00:00,3.9,0.2475394
2022-01-28 04:00:00,3.8,0.275433
2022-01-28 05:00:00,3.7,0.2754211
2022-01-28 06:00:00,2.8,0.3004111
2022-01-28 07:00:00,3.3,0.3641951
2022-01-28 08:00:00,3.3,0.3771423
2022-01-28 09:00:00,4.2,0.3912795
2022-01-28 10:00:00,4.7,0.3827948
2022-01-28 11:00:00,5.9,0.4174833
2022-01-28 12:00:00,5.9,0.4111406
2022-01-28 13:00:00,6.2,0.431204
2022-01-28 14:00:00,5.9,0.4336673
2022-01-28 15:00:00,5.9,0.4377252
2022-01-28 16:00:00,4.9,0.4387248
2022-01-28 17:00:00,3.5,0.465
2022-01-28 18:00:00,3.8,0.459764
2022-01-28 19:00:00,3.9,0.4202203
2022-01-28 20:00:00,3.6,0.4206606
2022-01-28 21:00:00,3.7,0.367182
2022-01-28 22:00:00,4.2,0.3328862
2022-01-28 23:00:00,4.9,0.3023984
2022-01-29 00:00:00,5.1,0.3105975
2022-01-29 01:00:00,5.4,0.2924619
2022-01-29 02:00:00,5.8,0.2813116
2022-01-29 03:00:00,5.4,0.2479083
2022-01-29 04:00:00,5.3,0.2079005
2022-01-29 05:00:00,5.5,0.2496933
2022-01-29 06:00:00,5.9,0.1947986
2022-01-29 07:00:00,6.3,0.2575116
2022-01-29 08:00:00,6.5,0.2569642
2022-01-29 09:00:00,6.8,0.2759447
2022-01-29 10:00:00,7.1,0.2609269
2022-01-29 11:00:00,7.6,0.2964008
2022-01-29 12:00:00,8.2,0.2758138
2022-01-29 13:00:00,8.4,0.2575116
2022-01-29 14:00:00,9.2,0.2812521
2022-01-29 15:00:00,9.3,0.2746119
2022-01-29 16:00:00,9.4,0.2842866
2022-01-29 17:00:00,9.9,0.2969125
2022-01-29 18:00:00,9.3,0.3019938
2022-01-29 19:00:00,8.3,0.2760161
2022-01-29 20:00:00,8.0,0.2561193
2022-01-29 21:00:00,7.2,0.2170278
2022-01-29 22:00:00,7.1,0.2612839
2022-01-29 23:00:00,6.6,0.2503597
2022-01-30 00:00:00,6.2,0.158337
2022-01-30 01:00:00,5.7,0.1609431
2022-01-30 02:00:00,5.6,0.1675952
2022-01-30 03:00:00,5.5,0.1675119
2022-01-30 04:00:00,5.2,0.1676785
2022-01-30 05:00:00,4.8,0.1691303
2022-01-30 06:00:00,4.5,0.1600387
2022-01-30 07:00:00,4.0,0.1674405
2022-01-30 08:00:00,4.6,0.1687971
2022-01-30 09:00:00,5.4,0.1698562
2022-01-30 10:00:00,5.6,0.1687971
2022-01-30 11:00:00,6.0,0.1696182
2022-01-30 12:00:00,6.1,0.1675
2022-01-30 13:00:00,6.2,0.1675
2022-01-30 14:00:00,6.0,0.1695111
2022-01-30 15:00:00,5.8,0.1723076
2022-01-30 16:00:00,5.6,0.2270714
2022-01-30 17:00:00,4.9,0.3599706
2022-01-30 18:00:00,4.7,0.3437033
2022-01-30 19:00:00,4.3,0.3500103
2022-01-30 20:00:00,3.4,0.3435486
2022-01-30 21:00:00,3.1,0.3437747
2022-01-30 22:00:00,3.0,0.3459286
2022-01-30 23:00:00,3.2,0.3272099
2022-01-31 00:00:00,3.1,0.3009703999999999
2022-01-31 01:00:00,3.1,0.2867023
2022-01-31 02:00:00,3.1,0.280907
2022-01-31 03:00:00,3.1,0.2746
2022-01-31 04:00:00,3.2,0.2747547
2022-01-31 05:00:00,1.8,0.316726
2022-01-31 06:00:00,1.3,0.3759166
2022-01-31 07:00:00,0.3,0.4412
2022-01-31 08:00:00,1.5,0.4518148
2022-01-31 09:00:00,2.8,0.4553848
2022-01-31 10:00:00,4.0,0.4508152
2022-01-31 11:00:00,4.8,0.4452698
2022-01-31 12:00:00,5.1,0.4389509
2022-01-31 13:00:00,5.2,0.4192088
2022-01-31 14:00:00,3.7,0.4010732
2022-01-31 15:00:00,3.0,0.3837825
2022-01-31 16:00:00,2.4,0.3859126
2022-01-31 17:00:00,2.4,0.4419973
2022-01-31 18:00:00,2.3,0.4577767
2022-01-31 19:00:00,2.1,0.441676
2022-01-31 20:00:00,2.1,0.4311921
2022-01-31 21:00:00,2.1,0.4090224
2022-01-31 22:00:00,2.1,0.3959324
2022-01-31 23:00:00,2.1,0.3477968999999999
2022-02-01 00:00:00,2.2,0.3461785
2022-02-01 01:00:00,2.1,0.3395026
2022-02-01 02:00:00,2.6,0.3415256
2022-02-01 03:00:00,2.0,0.3402522999999999
2022-02-01 04:00:00,2.2,0.3521047
2022-02-01 05:00:00,2.1,0.3495819
2022-02-01 06:00:00,1.9,0.4009185
2022-02-01 07:00:00,2.3,0.4402123
2022-02-01 08:00:00,3.0,0.4456268
2022-02-01 09:00:00,3.5,0.40907
2022-02-01 10:00:00,4.1,0.4054286
2022-02-01 11:00:00,3.8,0.3612439
2022-02-01 12:00:00,4.1,0.326603
2022-02-01 13:00:00,4.8,0.3194511
2022-02-01 14:00:00,5.1,0.311371
2022-02-01 15:00:00,5.9,0.3060398
2022-02-01 16:00:00,6.8,0.303398
2022-02-01 17:00:00,7.2,0.3071703
2022-02-01 18:00:00,7.2,0.3102405
2022-02-01 19:00:00,5.5,0.3003397
2022-02-01 20:00:00,6.2,0.2758257
2022-02-01 21:00:00,6.8,0.2563454
2022-02-01 22:00:00,5.8,0.2562859
2022-02-01 23:00:00,6.1,0.2207406
2022-02-02 00:00:00,6.2,0.1978926
2022-02-02 01:00:00,6.0,0.1696896
2022-02-02 02:00:00,4.6,0.1675595
2022-02-02 03:00:00,4.8,0.1679284
2022-02-02 04:00:00,4.5,0.1794357
2022-02-02 05:00:00,4.3,0.2356989
2022-02-02 06:00:00,4.8,0.2805857
2022-02-02 07:00:00,4.8,0.3185348
2022-02-02 08:00:00,5.0,0.3342785
2022-02-02 09:00:00,5.3,0.3176065999999999
2022-02-02 10:00:00,5.6,0.315774
2022-02-02 11:00:00,6.0,0.3170949
2022-02-02 12:00:00,6.5,0.313989
2022-02-02 13:00:00,6.3,0.3209148
2022-02-02 14:00:00,6.0,0.3402047
2022-02-02 15:00:00,6.3,0.3853771
2022-02-02 16:00:00,3.6,0.3954207
2022-02-02 17:00:00,3.4,0.4388319
2022-02-02 18:00:00,3.1,0.473211
2022-02-02 19:00:00,2.2,0.47095
2022-02-02 20:00:00,1.2,0.43763
2022-02-02 21:00:00,2.3,0.3977293
2022-02-02 22:00:00,1.9,0.3878999
2022-02-02 23:00:00,2.7,0.3748694
2022-02-03 00:00:00,2.8,0.3424062
2022-02-03 01:00:00,3.3,0.3448814
2022-02-03 02:00:00,3.2,0.3452027
2022-02-03 03:00:00,3.6,0.3430964
2022-02-03 04:00:00,4.2,0.3445839
2022-02-03 05:00:00,4.9,0.3494748
2022-02-03 06:00:00,5.6,0.3842822999999999
2022-02-03 07:00:00,6.7,0.4053929
2022-02-03 08:00:00,7.1,0.4256943
2022-02-03 09:00:00,7.4,0.4213627
2022-02-03 10:00:00,7.8,0.4093794
2022-02-03 11:00:00,7.6,0.40431
2022-02-03 12:00:00,7.4,0.3874715
2022-02-03 13:00:00,7.3,0.3834374
2022-02-03 14:00:00,7.5,0.3899943
2022-02-03 15:00:00,7.3,0.4051073
2022-02-03 16:00:00,7.2,0.4026559
2022-02-03 17:00:00,6.9,0.4223385
2022-02-03 18:00:00,6.6,0.4385582
2022-02-03 19:00:00,6.3,0.4233024
2022-02-03 20:00:00,6.1,0.4049407
2022-02-03 21:00:00,6.1,0.3779158
2022-02-03 22:00:00,6.0,0.3784156000000001
2022-02-03 23:00:00,6.0,0.3282095
2022-02-04 00:00:00,6.0,0.3206649
2022-02-04 01:00:00,6.1,0.30792
2022-02-04 02:00:00,6.2,0.3057423
2022-02-04 03:00:00,6.3,0.3075511
2022-02-04 04:00:00,6.3,0.3034813
2022-02-04 05:00:00,6.3,0.2988403
2022-02-04 06:00:00,6.6,0.3358255
2022-02-04 07:00:00,6.6,0.3845917
2022-02-04 08:00:00,6.9,0.4163528
2022-02-04 09:00:00,7.3,0.3574954
2022-02-04 10:00:00,7.6,0.3139295
2022-02-04 11:00:00,8.4,0.31387
2022-02-04 12:00:00,8.9,0.3115375999999999
2022-02-04 13:00:00,8.5,0.2990783
2022-02-04 14:00:00,8.2,0.2953655
2022-02-04 15:00:00,8.7,0.2957939
2022-02-04 16:00:00,8.1,0.2972576
2022-02-04 17:00:00,7.7,0.3084436
2022-02-04 18:00:00,6.9,0.3356232
2022-02-04 19:00:00,3.0,0.2975313
2022-02-04 20:00:00,2.2,0.2827634
2022-02-04 21:00:00,2.9,0.2843699
2022-02-04 22:00:00,3.4,0.2812283
2022-02-04 23:00:00,3.4,0.2595822
2022-02-05 00:00:00,3.6,0.2733624
2022-02-05 01:00:00,3.8,0.2612839
2022-02-05 02:00:00,3.5,0.2336164
2022-02-05 03:00:00,4.0,0.2150762
2022-02-05 04:00:00,4.0,0.2241321
2022-02-05 05:00:00,3.9,0.2307009
2022-02-05 06:00:00,3.7,0.2566905
2022-02-05 07:00:00,3.6,0.2919383
2022-02-05 08:00:00,3.5,0.2934972
2022-02-05 09:00:00,3.2,0.3164166
2022-02-05 10:00:00,4.6,0.2775869
2022-02-05 11:00:00,4.9,0.2916646
2022-02-05 12:00:00,5.3,0.2612363
2022-02-05 13:00:00,5.8,0.2440408
2022-02-05 14:00:00,5.6,0.2377457
2022-02-05 15:00:00,5.6,0.2601058
2022-02-05 16:00:00,5.5,0.2985428
2022-02-05 17:00:00,5.5,0.334814
2022-02-05 18:00:00,5.5,0.330054
2022-02-05 19:00:00,5.7,0.2934734
2022-02-05 20:00:00,6.0,0.2818828
2022-02-05 21:00:00,6.4,0.2030453
2022-02-05 22:00:00,6.5,0.1936562
2022-02-05 23:00:00,6.3,0.1686662
2022-02-06 00:00:00,6.0,0.1679284
2022-02-06 01:00:00,5.6,0.1665837
2022-02-06 02:00:00,5.9,0.162502
2022-02-06 03:00:00,5.7,0.1558023
2022-02-06 04:00:00,6.3,0.1572422
2022-02-06 05:00:00,6.4,0.1644655
2022-02-06 06:00:00,6.6,0.1557428
2022-02-06 07:00:00,6.7,0.160598
2022-02-06 08:00:00,7.0,0.1684996
2022-02-06 09:00:00,7.5,0.1703084
2022-02-06 10:00:00,7.8,0.1719625
2022-02-06 11:00:00,7.6,0.1802092
2022-02-06 12:00:00,7.3,0.256988
2022-02-06 13:00:00,6.5,0.2629737
2022-02-06 14:00:00,5.5,0.2389595
2022-02-06 15:00:00,4.2,0.2389238
2022-02-06 16:00:00,5.3,0.2685667
2022-02-06 17:00:00,5.4,0.2942588
2022-02-06 18:00:00,5.6,0.30435
2022-02-06 19:00:00,4.5,0.296853
2022-02-06 20:00:00,3.6,0.2770395
2022-02-06 21:00:00,3.4,0.2631165
2022-02-06 22:00:00,3.3,0.2894393
2022-02-06 23:00:00,2.4,0.2686024
2022-02-07 00:00:00,2.3,0.1794476
2022-02-07 01:00:00,2.1,0.1745329
2022-02-07 02:00:00,1.4,0.1725813
2022-02-07 03:00:00,2.1,0.1675952
2022-02-07 04:00:00,2.2,0.172022
2022-02-07 05:00:00,2.9,0.18059
2022-02-07 06:00:00,3.0,0.228071
2022-02-07 07:00:00,3.4,0.3080033
2022-02-07 08:00:00,3.6,0.3105023
2022-02-07 09:00:00,2.6,0.3070394
2022-02-07 10:00:00,4.6,0.26865
2022-02-07 11:00:00,5.5,0.2686024
2022-02-07 12:00:00,6.2,0.2394117
2022-02-07 13:00:00,4.5,0.1922877
2022-02-07 14:00:00,5.2,0.1818395
2022-02-07 15:00:00,4.4,0.2508476
2022-02-07 16:00:00,4.1,0.2842152
2022-02-07 17:00:00,4.2,0.3326006
2022-02-07 18:00:00,3.5,0.3578286
2022-02-07 19:00:00,3.2,0.346119
2022-02-07 20:00:00,3.6,0.3400619
2022-02-07 21:00:00,3.9,0.3098716
2022-02-07 22:00:00,4.3,0.3021604
2022-02-07 23:00:00,4.3,0.2778606
2022-02-08 00:00:00,4.4,0.3007324
2022-02-08 01:00:00,4.8,0.2889752
2022-02-08 02:00:00,5.0,0.2839534
2022-02-08 03:00:00,5.1,0.2805143
2022-02-08 04:00:00,5.1,0.2795028
2022-02-08 05:00:00,5.2,0.2856908
2022-02-08 06:00:00,5.8,0.3151195
2022-02-08 07:00:00,6.3,0.3085626
2022-02-08 08:00:00,6.8,0.3295304
2022-02-08 09:00:00,7.6,0.3116447
2022-02-08 10:00:00,8.5,0.2984714
2022-02-08 11:00:00,8.8,0.3047665
2022-02-08 12:00:00,9.3,0.3009466
2022-02-08 13:00:00,9.6,0.2976979
2022-02-08 14:00:00,9.0,0.3031005
2022-02-08 15:00:00,8.8,0.33291
2022-02-08 16:00:00,9.0,0.3483086
2022-02-08 17:00:00,8.9,0.3900061999999999
2022-02-08 18:00:00,8.8,0.4049764
2022-02-08 19:00:00,8.6,0.3935405
2022-02-08 20:00:00,8.8,0.3732986
2022-02-08 21:00:00,8.9,0.3219858
2022-02-08 22:00:00,8.4,0.3135249
2022-02-08 23:00:00,8.4,0.3024341
2022-02-09 00:00:00,8.8,0.2925452
2022-02-09 01:00:00,9.2,0.2922953
2022-02-09 02:00:00,9.1,0.2969601
2022-02-09 03:00:00,9.0,0.2860002
2022-02-09 04:00:00,9.0,0.2947705
2022-02-09 05:00:00,8.8,0.2976146
2022-02-09 06:00:00,8.8,0.3214622
2022-02-09 07:00:00,8.6,0.3664204
2022-02-09 08:00:00,8.8,0.3705616
2022-02-09 09:00:00,7.9,0.369205
2022-02-09 10:00:00,8.4,0.3068014
2022-02-09 11:00:00,8.6,0.3007919
2022-02-09 12:00:00,9.0,0.3023865
2022-02-09 13:00:00,9.1,0.3185229
2022-02-09 14:00:00,9.6,0.3334098
2022-02-09 15:00:00,9.4,0.3697048
2022-02-09 16:00:00,9.2,0.3816405
2022-02-09 17:00:00,9.1,0.41621
2022-02-09 18:00:00,9.0,0.4520528
2022-02-09 19:00:00,9.0,0.4617632
2022-02-09 20:00:00,8.8,0.4314301
2022-02-09 21:00:00,8.6,0.4124139
2022-02-09 22:00:00,8.7,0.4076301
2022-02-09 23:00:00,8.4,0.389673
2022-02-10 00:00:00,8.3,0.3941474
2022-02-10 01:00:00,8.3,0.3848059
2022-02-10 02:00:00,8.2,0.375869
2022-02-10 03:00:00,8.2,0.3605537
2022-02-10 04:00:00,8.2,0.3613629
2022-02-10 05:00:00,8.0,0.3637072
2022-02-10 06:00:00,7.9,0.3979673
2022-02-10 07:00:00,7.9,0.4334174
2022-02-10 08:00:00,7.8,0.4415808
2022-02-10 09:00:00,8.1,0.4240164
2022-02-10 10:00:00,7.3,0.3935881
2022-02-10 11:00:00,6.6,0.3860673
2022-02-10 12:00:00,6.5,0.3578643
2022-02-10 13:00:00,7.2,0.355401
2022-02-10 14:00:00,6.7,0.3654565
2022-02-10 15:00:00,6.8,0.3752145
2022-02-10 16:00:00,6.5,0.3888162
2022-02-10 17:00:00,6.3,0.4123663
2022-02-10 18:00:00,6.3,0.4288002
2022-02-10 19:00:00,5.9,0.4084631
2022-02-10 20:00:00,5.6,0.3784632
2022-02-10 21:00:00,5.2,0.3690503
2022-02-10 22:00:00,4.5,0.3661229
2022-02-10 23:00:00,4.2,0.3182254
2022-02-11 00:00:00,4.2,0.3698119
2022-02-11 01:00:00,3.9,0.3659087
2022-02-11 02:00:00,3.9,0.3565553
2022-02-11 03:00:00,4.0,0.3508671
2022-02-11 04:00:00,2.7,0.35195
2022-02-11 05:00:00,2.8,0.359447
2022-02-11 06:00:00,3.3,0.3899705
2022-02-11 07:00:00,3.5,0.4191374
2022-02-11 08:00:00,3.8,0.4195182
2022-02-11 09:00:00,4.0,0.3692407
2022-02-11 10:00:00,4.2,0.3357184000000001
2022-02-11 11:00:00,4.7,0.3162738
2022-02-11 12:00:00,5.0,0.3083365
2022-02-11 13:00:00,4.1,0.3146792
2022-02-11 14:00:00,4.1,0.3229259
2022-02-11 15:00:00,4.0,0.3556985
2022-02-11 16:00:00,3.9,0.3839848
2022-02-11 17:00:00,2.5,0.4180783
2022-02-11 18:00:00,1.8,0.4451865
2022-02-11 19:00:00,-0.8,0.4426042
2022-02-11 20:00:00,-0.4,0.4189589
2022-02-11 21:00:00,-0.1,0.4092247
2022-02-11 22:00:00,-0.1,0.4001212
2022-02-11 23:00:00,-1.0,0.381819
2022-02-12 00:00:00,-1.3,0.3887329
2022-02-12 01:00:00,-1.5,0.378368
2022-02-12 02:00:00,-2.2,0.3756191
2022-02-12 03:00:00,-2.3,0.3581856
2022-02-12 04:00:00,-1.8,0.35314
2022-02-12 05:00:00,-1.7,0.3489155
2022-02-12 06:00:00,-2.0,0.3467616
2022-02-12 07:00:00,-1.7,0.3490464
2022-02-12 08:00:00,0.1,0.3427156
2022-02-12 09:00:00,1.8,0.300542
2022-02-12 10:00:00,3.2,0.2933544
2022-02-12 11:00:00,3.7,0.2999113
2022-02-12 12:00:00,4.1,0.2715893
2022-02-12 13:00:00,4.9,0.2592728
2022-02-12 14:00:00,5.6,0.2624977
2022-02-12 15:00:00,5.6,0.2946515
2022-02-12 16:00:00,4.8,0.3597564
2022-02-12 17:00:00,3.5,0.3875191
2022-02-12 18:00:00,2.9,0.383842
2022-02-12 19:00:00,2.8,0.3232472
2022-02-12 20:00:00,2.5,0.2997328
2022-02-12 21:00:00,2.6,0.2802406
2022-02-12 22:00:00,2.9,0.2856551
2022-02-12 23:00:00,2.8,0.276623
2022-02-13 00:00:00,2.6,0.2604033
2022-02-13 01:00:00,2.5,0.2729935
2022-02-13 02:00:00,1.9,0.2743382
2022-02-13 03:00:00,1.7,0.2735766
2022-02-13 04:00:00,0.8,0.2796218
2022-02-13 05:00:00,1.5,0.2744929
2022-02-13 06:00:00,0.2,0.2674481
2022-02-13 07:00:00,0.1,0.2609745
2022-02-13 08:00:00,1.8,0.2603914
2022-02-13 09:00:00,3.2,0.227
2022-02-13 10:00:00,4.7,0.2425057
2022-02-13 11:00:00,5.7,0.2356037
2022-02-13 12:00:00,6.3,0.1913952
2022-02-13 13:00:00,7.7,0.2070675
2022-02-13 14:00:00,8.3,0.2152428
2022-02-13 15:00:00,8.3,0.2529182
2022-02-13 16:00:00,7.7,0.2656393
2022-02-13 17:00:00,7.1,0.2932949
2022-02-13 18:00:00,6.9,0.2973409
2022-02-13 19:00:00,6.9,0.2654727
2022-02-13 20:00:00,8.1,0.2593442
2022-02-13 21:00:00,8.3,0.2524541
2022-02-13 22:00:00,8.5,0.2610221
2022-02-13 23:00:00,8.6,0.2308437
2022-02-14 00:00:00,9.0,0.2109945
2022-02-14 01:00:00,9.3,0.1714627
2022-02-14 02:00:00,9.0,0.1709986
2022-02-14 03:00:00,8.9,0.1719982
2022-02-14 04:00:00,8.4,0.1975475
2022-02-14 05:00:00,8.2,0.2602129
2022-02-14 06:00:00,7.9,0.2796575
2022-02-14 07:00:00,8.0,0.2950561
2022-02-14 08:00:00,8.9,0.2949609
2022-02-14 09:00:00,9.4,0.2729102
2022-02-14 10:00:00,11.0,0.2685429
2022-02-14 11:00:00,11.4,0.2697091
2022-02-14 12:00:00,12.5,0.2728388
2022-02-14 13:00:00,12.3,0.2795742
2022-02-14 14:00:00,12.4,0.2829419
2022-02-14 15:00:00,11.2,0.2918669
2022-02-14 16:00:00,10.1,0.3275788
2022-02-14 17:00:00,9.1,0.3752502
2022-02-14 18:00:00,8.6,0.3901847
2022-02-14 19:00:00,8.4,0.354687
2022-02-14 20:00:00,8.0,0.3322436
2022-02-14 21:00:00,7.8,0.2930331
2022-02-14 22:00:00,7.3,0.3020295
2022-02-14 23:00:00,7.4,0.2876186
2022-02-15 00:00:00,7.0,0.2896892
2022-02-15 01:00:00,7.0,0.2922358
2022-02-15 02:00:00,6.3,0.289237
2022-02-15 03:00:00,6.1,0.2963532
2022-02-15 04:00:00,6.4,0.3065634
2022-02-15 05:00:00,6.5,0.3373368
2022-02-15 06:00:00,6.6,0.398598
2022-02-15 07:00:00,6.6,0.4341314
2022-02-15 08:00:00,6.7,0.4531714
2022-02-15 09:00:00,6.9,0.4412
2022-02-15 10:00:00,7.7,0.4179117
2022-02-15 11:00:00,7.6,0.3924457
2022-02-15 12:00:00,7.6,0.3728464
2022-02-15 13:00:00,8.4,0.3351115
2022-02-15 14:00:00,8.8,0.3332432
2022-02-15 15:00:00,8.6,0.3427513
2022-02-15 16:00:00,7.5,0.3284594
2022-02-15 17:00:00,6.7,0.3617437
2022-02-15 18:00:00,6.4,0.3630051
2022-02-15 19:00:00,6.7,0.2927832
2022-02-15 20:00:00,7.4,0.2809189
2022-02-15 21:00:00,6.8,0.2644969
2022-02-15 22:00:00,6.4,0.2768729
2022-02-15 23:00:00,6.4,0.2602129
2022-02-16 00:00:00,6.5,0.2682692
2022-02-16 01:00:00,6.9,0.2674243
2022-02-16 02:00:00,7.2,0.2739455
2022-02-16 03:00:00,7.3,0.2825373
2022-02-16 04:00:00,6.9,0.278884
2022-02-16 05:00:00,6.4,0.286976
2022-02-16 06:00:00,6.3,0.3150838
2022-02-16 07:00:00,6.7,0.375393
2022-02-16 08:00:00,6.7,0.3874477
2022-02-16 09:00:00,7.4,0.3632788
2022-02-16 10:00:00,7.9,0.3196296
2022-02-16 11:00:00,9.3,0.3174876
2022-02-16 12:00:00,10.4,0.2962818
2022-02-16 13:00:00,10.6,0.288166
2022-02-16 14:00:00,10.6,0.2813235
2022-02-16 15:00:00,10.8,0.2717083
2022-02-16 16:00:00,11.4,0.2735409
2022-02-16 17:00:00,11.9,0.2874044
2022-02-16 18:00:00,11.9,0.2967459
2022-02-16 19:00:00,11.8,0.2960081
2022-02-16 20:00:00,11.4,0.278051
2022-02-16 21:00:00,12.1,0.2686619
2022-02-16 22:00:00,12.6,0.2686619
2022-02-16 23:00:00,13.2,0.2438028
2022-02-17 00:00:00,12.2,0.1769248
2022-02-17 01:00:00,10.4,0.1734976
2022-02-17 02:00:00,11.2,0.1734738
2022-02-17 03:00:00,10.5,0.1722243
2022-02-17 04:00:00,9.1,0.1734976
2022-02-17 05:00:00,9.3,0.1948938
2022-02-17 06:00:00,8.8,0.2638067
2022-02-17 07:00:00,8.7,0.3022318
2022-02-17 08:00:00,8.4,0.2832037
2022-02-17 09:00:00,8.6,0.2776345
2022-02-17 10:00:00,6.5,0.2687214
2022-02-17 11:00:00,8.8,0.2477893
2022-02-17 12:00:00,8.2,0.2330214
2022-02-17 13:00:00,9.3,0.1984162
2022-02-17 14:00:00,8.5,0.2063892
2022-02-17 15:00:00,8.0,0.235687
2022-02-17 16:00:00,6.7,0.2580352
2022-02-17 17:00:00,6.3,0.2851077
2022-02-17 18:00:00,5.7,0.2872497
2022-02-17 19:00:00,6.1,0.2764326
2022-02-17 20:00:00,6.7,0.259011
2022-02-17 21:00:00,6.2,0.2585112
2022-02-17 22:00:00,5.8,0.258297
2022-02-17 23:00:00,5.4,0.2306176
2022-02-18 00:00:00,5.7,0.2406255
2022-02-18 01:00:00,4.7,0.2300583
2022-02-18 02:00:00,5.0,0.2445644
2022-02-18 03:00:00,4.8,0.2566548
2022-02-18 04:00:00,4.8,0.2688761
2022-02-18 05:00:00,5.2,0.2973171
2022-02-18 06:00:00,5.3,0.3233781
2022-02-18 07:00:00,5.7,0.3758095
2022-02-18 08:00:00,5.8,0.3808432
2022-02-18 09:00:00,6.4,0.3617556
2022-02-18 10:00:00,6.9,0.3341
2022-02-18 11:00:00,6.4,0.3114781
2022-02-18 12:00:00,8.1,0.3021723
2022-02-18 13:00:00,8.9,0.2827039
2022-02-18 14:00:00,10.3,0.2744691
2022-02-18 15:00:00,11.0,0.2737194
2022-02-18 16:00:00,11.3,0.2715298
2022-02-18 17:00:00,9.9,0.2910696
2022-02-18 18:00:00,10.2,0.311371
2022-02-18 19:00:00,9.6,0.3227831
2022-02-18 20:00:00,7.4,0.2934853
2022-02-18 21:00:00,6.5,0.2862025
2022-02-18 22:00:00,6.4,0.2932354
2022-02-18 23:00:00,7.1,0.2656274
2022-02-19 00:00:00,7.3,0.2433387
2022-02-19 01:00:00,6.9,0.2202408
2022-02-19 02:00:00,6.2,0.1753897
2022-02-19 03:00:00,5.2,0.1727122
2022-02-19 04:00:00,4.6,0.1686424
2022-02-19 05:00:00,3.8,0.1663814
2022-02-19 06:00:00,3.8,0.155719
2022-02-19 07:00:00,4.3,0.1599078
2022-02-19 08:00:00,4.8,0.1668098
2022-02-19 09:00:00,5.3,0.1579086
2022-02-19 10:00:00,5.4,0.1556
2022-02-19 11:00:00,5.4,0.1555048
2022-02-19 12:00:00,6.4,0.1551835
2022-02-19 13:00:00,6.3,0.1549812
2022-02-19 14:00:00,6.6,0.1555048
2022-02-19 15:00:00,6.8,0.1556952
2022-02-19 16:00:00,6.3,0.1742711
2022-02-19 17:00:00,6.0,0.2745405
2022-02-19 18:00:00,6.0,0.3007443
2022-02-19 19:00:00,6.3,0.2896297
2022-02-19 20:00:00,5.3,0.2775988
2022-02-19 21:00:00,4.8,0.2768491
2022-02-19 22:00:00,3.9,0.2769681
2022-02-19 23:00:00,3.4,0.2757067
2022-02-20 00:00:00,3.5,0.2798122
2022-02-20 01:00:00,3.7,0.274481
2022-02-20 02:00:00,4.7,0.2730649
2022-02-20 03:00:00,5.0,0.2650919
2022-02-20 04:00:00,4.9,0.2609507
2022-02-20 05:00:00,3.9,0.2593323
2022-02-20 06:00:00,3.5,0.2508
2022-02-20 07:00:00,3.6,0.2508952
2022-02-20 08:00:00,4.4,0.2606532
2022-02-20 09:00:00,4.1,0.2687214
2022-02-20 10:00:00,4.5,0.2724818
2022-02-20 11:00:00,6.4,0.2687571
2022-02-20 12:00:00,7.8,0.2604985
2022-02-20 13:00:00,9.1,0.217242
2022-02-20 14:00:00,9.3,0.2069009
2022-02-20 15:00:00,9.7,0.1808756
2022-02-20 16:00:00,9.8,0.1812564
2022-02-20 17:00:00,9.4,0.2307604
2022-02-20 18:00:00,9.3,0.2471467
2022-02-20 19:00:00,9.3,0.2166232
2022-02-20 20:00:00,9.5,0.1794238
2022-02-20 21:00:00,9.7,0.1739141
2022-02-20 22:00:00,10.1,0.2032714
2022-02-20 23:00:00,10.5,0.1729978
2022-02-21 00:00:00,10.3,0.1683687
2022-02-21 01:00:00,6.9,0.1645012
2022-02-21 02:00:00,6.4,0.1623949
2022-02-21 03:00:00,5.6,0.1573017
2022-02-21 04:00:00,4.5,0.164644
2022-02-21 05:00:00,4.6,0.1727003
2022-02-21 06:00:00,3.3,0.1791025
2022-02-21 07:00:00,2.8,0.2825611
2022-02-21 08:00:00,3.9,0.2865714
2022-02-21 09:00:00,4.7,0.2606532
2022-02-21 10:00:00,5.2,0.2335569
2022-02-21 11:00:00,5.3,0.2486818
2022-02-21 12:00:00,4.6,0.2651038
2022-02-21 13:00:00,3.6,0.274481
2022-02-21 14:00:00,4.2,0.2804548
2022-02-21 15:00:00,4.8,0.2850363
2022-02-21 16:00:00,4.3,0.2787174
2022-02-21 17:00:00,5.0,0.2957582
2022-02-21 18:00:00,4.7,0.3169521
2022-02-21 19:00:00,4.5,0.3027197
2022-02-21 20:00:00,4.9,0.2873449
2022-02-21 21:00:00,5.3,0.27698
2022-02-21 22:00:00,5.5,0.2779677
2022-02-21 23:00:00,5.5,0.2657345
2022-02-22 00:00:00,4.7,0.2626881
2022-02-22 01:00:00,4.5,0.2533466
2022-02-22 02:00:00,4.5,0.2512046
2022-02-22 03:00:00,4.4,0.250681
2022-02-22 04:00:00,3.5,0.2605104
2022-02-22 05:00:00,3.3,0.2690784
2022-02-22 06:00:00,2.9,0.2958534
2022-02-22 07:00:00,3.0,0.3766782
2022-02-22 08:00:00,4.0,0.4073921
2022-02-22 09:00:00,5.0,0.3701213
2022-02-22 10:00:00,5.6,0.3270552
2022-02-22 11:00:00,6.6,0.3162976
2022-02-22 12:00:00,6.8,0.2998875
2022-02-22 13:00:00,7.2,0.2956154
2022-02-22 14:00:00,7.6,0.2970553
2022-02-22 15:00:00,6.1,0.3046951
2022-02-22 16:00:00,6.5,0.318273
2022-02-22 17:00:00,7.3,0.3402999
2022-02-22 18:00:00,7.7,0.3491178
2022-02-22 19:00:00,8.2,0.3168331
2022-02-22 20:00:00,8.0,0.2848578
2022-02-22 21:00:00,6.4,0.2752426
2022-02-22 22:00:00,6.2,0.2745881
2022-02-22 23:00:00,5.8,0.2568452
2022-02-23 00:00:00,5.3,0.2529301
2022-02-23 01:00:00,5.0,0.2495624
2022-02-23 02:00:00,5.2,0.2535132
2022-02-23 03:00:00,4.8,0.2607246
2022-02-23 04:00:00,4.7,0.2714108
2022-02-23 05:00:00,4.3,0.276623
2022-02-23 06:00:00,4.1,0.2964484
2022-02-23 07:00:00,4.2,0.3311726
2022-02-23 08:00:00,4.9,0.3400857
2022-02-23 09:00:00,6.2,0.3060636
2022-02-23 10:00:00,7.3,0.2858217
2022-02-23 11:00:00,8.4,0.2787769
2022-02-23 12:00:00,9.0,0.262581
2022-02-23 13:00:00,9.2,0.262581
2022-02-23 14:00:00,9.3,0.275671
2022-02-23 15:00:00,9.8,0.2858931
2022-02-23 16:00:00,9.4,0.349332
2022-02-23 17:00:00,8.1,0.4004068
2022-02-23 18:00:00,6.9,0.4293
2022-02-23 19:00:00,6.5,0.4374634
2022-02-23 20:00:00,6.3,0.3781776
2022-02-23 21:00:00,6.7,0.351474
2022-02-23 22:00:00,6.8,0.3300778
2022-02-23 23:00:00,6.7,0.283644
2022-02-24 00:00:00,6.2,0.2925333
2022-02-24 01:00:00,7.1,0.2901176
2022-02-24 02:00:00,7.2,0.2868927
2022-02-24 03:00:00,7.1,0.2856551
2022-02-24 04:00:00,7.3,0.2893084
2022-02-24 05:00:00,7.3,0.2945563
2022-02-24 06:00:00,7.4,0.356115
2022-02-24 07:00:00,7.3,0.3754763
2022-02-24 08:00:00,7.5,0.346
2022-02-24 09:00:00,7.9,0.3190346
2022-02-24 10:00:00,8.4,0.2953893
2022-02-24 11:00:00,10.4,0.2898082
2022-02-24 12:00:00,11.0,0.2836202
2022-02-24 13:00:00,10.4,0.2805738
2022-02-24 14:00:00,10.0,0.280669
2022-02-24 15:00:00,9.9,0.289356
2022-02-24 16:00:00,9.8,0.2909387
2022-02-24 17:00:00,9.8,0.3300183
2022-02-24 18:00:00,3.9,0.3405022
2022-02-24 19:00:00,3.8,0.3159406
2022-02-24 20:00:00,3.7,0.2865833
2022-02-24 21:00:00,3.6,0.2799907
2022-02-24 22:00:00,2.9,0.2864405
2022-02-24 23:00:00,3.4,0.2728269
2022-02-25 00:00:00,3.0,0.2683882
2022-02-25 01:00:00,2.7,0.275076
2022-02-25 02:00:00,2.8,0.2730173
2022-02-25 03:00:00,2.4,0.2741359
2022-02-25 04:00:00,2.8,0.2748975
2022-02-25 05:00:00,3.3,0.2698162
2022-02-25 06:00:00,3.0,0.2948181
2022-02-25 07:00:00,2.8,0.3145007
2022-02-25 08:00:00,3.6,0.3043738
2022-02-25 09:00:00,4.0,0.2831204
2022-02-25 10:00:00,4.1,0.2726722
2022-02-25 11:00:00,4.2,0.2748975
2022-02-25 12:00:00,5.1,0.2626167
2022-02-25 13:00:00,5.7,0.2711133
2022-02-25 14:00:00,3.7,0.2670673
2022-02-25 15:00:00,4.5,0.2728388
2022-02-25 16:00:00,4.3,0.2978526
2022-02-25 17:00:00,3.6,0.3303753
2022-02-25 18:00:00,2.4,0.3817595
2022-02-25 19:00:00,2.3,0.3913033
2022-02-25 20:00:00,2.6,0.3468092
2022-02-25 21:00:00,2.6,0.3287926
2022-02-25 22:00:00,2.5,0.3164047
2022-02-25 23:00:00,2.7,0.3137391
2022-02-26 00:00:00,2.7,0.3342071
2022-02-26 01:00:00,3.2,0.337194
2022-02-26 02:00:00,3.2,0.3627195
2022-02-26 03:00:00,2.9,0.3792248
2022-02-26 04:00:00,1.7,0.3825211
2022-02-26 05:00:00,1.4,0.4378323
2022-02-26 06:00:00,0.8,0.4530762
2022-02-26 07:00:00,0.7,0.4691173999999999
2022-02-26 08:00:00,1.6,0.4835282999999999
2022-02-26 09:00:00,3.8,0.4737703
2022-02-26 10:00:00,5.0,0.4480425
2022-02-26 11:00:00,6.4,0.4090938
2022-02-26 12:00:00,7.2,0.3896016
2022-02-26 13:00:00,8.1,0.3685743
2022-02-26 14:00:00,8.3,0.3662776
2022-02-26 15:00:00,8.2,0.3905893
2022-02-26 16:00:00,8.0,0.4234452
2022-02-26 17:00:00,5.4,0.464881
2022-02-26 18:00:00,3.7,0.5114099999999999
2022-02-26 19:00:00,2.6,0.513433
2022-02-26 20:00:00,1.8,0.4863129
2022-02-26 21:00:00,1.1,0.436202
2022-02-26 22:00:00,-0.2,0.4437585
2022-02-26 23:00:00,-0.1,0.4079871
2022-02-27 00:00:00,-1.0,0.3884235
2022-02-27 01:00:00,-0.7,0.370633
2022-02-27 02:00:00,-2.0,0.3631836
2022-02-27 03:00:00,-2.0,0.3606489
2022-02-27 04:00:00,-2.2,0.363255
2022-02-27 05:00:00,-2.9,0.366349
2022-02-27 06:00:00,-2.7,0.3769995
2022-02-27 07:00:00,-1.9,0.3835326
2022-02-27 08:00:00,-0.2,0.3809503
2022-02-27 09:00:00,2.5,0.3623625
2022-02-27 10:00:00,5.0,0.3389433
2022-02-27 11:00:00,6.2,0.3278644
2022-02-27 12:00:00,7.7,0.2942707
2022-02-27 13:00:00,7.7,0.29126
2022-02-27 14:00:00,7.1,0.2884992
2022-02-27 15:00:00,7.5,0.3359326
2022-02-27 16:00:00,7.0,0.3652185
2022-02-27 17:00:00,5.9,0.429181
2022-02-27 18:00:00,5.0,0.4837544
2022-02-27 19:00:00,4.5,0.482255
2022-02-27 20:00:00,3.7,0.418233
2022-02-27 21:00:00,3.3,0.390982
2022-02-27 22:00:00,2.4,0.3909582
2022-02-27 23:00:00,0.8,0.3902918
2022-02-28 00:00:00,-0.3,0.3666941
2022-02-28 01:00:00,0.5,0.3627314
2022-02-28 02:00:00,0.5,0.3764283
2022-02-28 03:00:00,0.2,0.3677294
2022-02-28 04:00:00,-1.5,0.39003
2022-02-28 05:00:00,-1.8,0.41383
2022-02-28 06:00:00,-2.1,0.4947143
2022-02-28 07:00:00,-2.1,0.539851
2022-02-28 08:00:00,0.3,0.523191
2022-02-28 09:00:00,0.7,0.4736870000000001
2022-02-28 10:00:00,2.2,0.3505458
2022-02-28 11:00:00,1.9,0.3288045
2022-02-28 12:00:00,3.5,0.3187371
2022-02-28 13:00:00,5.0,0.316726
2022-02-28 14:00:00,6.0,0.3235923
2022-02-28 15:00:00,5.9,0.3915056
2022-02-28 16:00:00,4.8,0.4576101
2022-02-28 17:00:00,3.2,0.4894663999999999
2022-02-28 18:00:00,2.3,0.5126
2022-02-28 19:00:00,1.4,0.4914061
2022-02-28 20:00:00,1.5,0.4023108
2022-02-28 21:00:00,1.8,0.3189156
2022-02-28 22:00:00,1.4,0.349927
2022-02-28 23:00:00,1.2,0.3223071
2022-03-01 00:00:00,0.6,0.3259723
2022-03-01 01:00:00,0.3,0.3259485
2022-03-01 02:00:00,-0.4,0.3337906
2022-03-01 03:00:00,-0.6,0.350165
2022-03-01 04:00:00,-0.8,0.3616485
2022-03-01 05:00:00,-1.4,0.3864957
2022-03-01 06:00:00,-0.5,0.4745676
2022-03-01 07:00:00,0.5,0.4968087
2022-03-01 08:00:00,2.0,0.4946429
2022-03-01 09:00:00,4.2,0.4145202
2022-03-01 10:00:00,4.9,0.3690027
2022-03-01 11:00:00,5.7,0.4201727
2022-03-01 12:00:00,7.1,0.4174
2022-03-01 13:00:00,7.9,0.419185
2022-03-01 14:00:00,9.0,0.4352738
2022-03-01 15:00:00,8.6,0.4664756
2022-03-01 16:00:00,8.1,0.492608
2022-03-01 17:00:00,6.9,0.5314852999999999
2022-03-01 18:00:00,5.8,0.5872725000000001
2022-03-01 19:00:00,5.4,0.5769909
2022-03-01 20:00:00,4.5,0.5314852999999999
2022-03-01 21:00:00,3.4,0.49594
2022-03-01 22:00:00,2.6,0.4732586
2022-03-01 23:00:00,2.5,0.4477093
2022-03-02 00:00:00,2.2,0.4543376
2022-03-02 01:00:00,1.7,0.4512317
2022-03-02 02:00:00,1.7,0.4436514
2022-03-02 03:00:00,1.2,0.4330366
2022-03-02 04:00:00,0.5,0.4336078
2022-03-02 05:00:00,0.2,0.4531
2022-03-02 06:00:00,0.4,0.5025445000000001
2022-03-02 07:00:00,-0.3,0.5471933
2022-03-02 08:00:00,0.7,0.5567371000000001
2022-03-02 09:00:00,2.8,0.5103390000000001
2022-03-02 10:00:00,4.3,0.4743415
2022-03-02 11:00:00,7.0,0.4625605
2022-03-02 12:00:00,7.7,0.4481257999999999
2022-03-02 13:00:00,8.1,0.4352381
2022-03-02 14:00:00,8.5,0.4367851
2022-03-02 15:00:00,8.4,0.4526954
2022-03-02 16:00:00,7.9,0.4799702
2022-03-02 17:00:00,5.8,0.5323064
2022-03-02 18:00:00,4.6,0.6135477
2022-03-02 19:00:00,3.3,0.61375
2022-03-02 20:00:00,1.1,0.5376970999999999
2022-03-02 21:00:00,0.3,0.4988793
2022-03-02 22:00:00,0.6,0.4718781999999999
2022-03-02 23:00:00,0.1,0.4526954
2022-03-03 00:00:00,-0.8,0.5496804
2022-03-03 01:00:00,-1.1,0.5394106999999999
2022-03-03 02:00:00,-1.9,0.53164
2022-03-03 03:00:00,-2.0,0.5209419
2022-03-03 04:00:00,-2.8,0.5212870000000001
2022-03-03 05:00:00,-3.2,0.5510013
2022-03-03 06:00:00,-3.6,0.5975779000000001
2022-03-03 07:00:00,-3.0,0.6375500000000001
2022-03-03 08:00:00,-0.6,0.6316
2022-03-03 09:00:00,1.2,0.5839524
2022-03-03 10:00:00,3.9,0.5063644
2022-03-03 11:00:00,5.7,0.4851586
2022-03-03 12:00:00,6.9,0.4721876
2022-03-03 13:00:00,7.9,0.4768048
2022-03-03 14:00:00,8.5,0.5042938
2022-03-03 15:00:00,8.0,0.5359001999999999
2022-03-03 16:00:00,5.2,0.5560707
2022-03-03 17:00:00,2.7,0.6298507
2022-03-03 18:00:00,0.8,0.6435
2022-03-03 19:00:00,1.0,0.6376095
2022-03-03 20:00:00,0.4,0.6197
2022-03-03 21:00:00,0.1,0.5721
2022-03-03 22:00:00,0.1,0.5529172
2022-03-03 23:00:00,-0.2,0.536281
2022-03-04 00:00:00,0.0,0.5733733000000001
2022-03-04 01:00:00,0.0,0.5680540000000001
2022-03-04 02:00:00,0.2,0.5475859999999999
2022-03-04 03:00:00,0.8,0.5174194999999999
2022-03-04 04:00:00,1.0,0.5304500000000001
2022-03-04 05:00:00,0.6,0.5709933
2022-03-04 06:00:00,0.3,0.629934
2022-03-04 07:00:00,0.3,0.6435
2022-03-04 08:00:00,0.9,0.6435595000000001
2022-03-04 09:00:00,1.3,0.6139403999999999
2022-03-04 10:00:00,1.8,0.5875105
2022-03-04 11:00:00,2.8,0.5718382
2022-03-04 12:00:00,2.9,0.5253211
2022-03-04 13:00:00,1.3,0.5032704000000001
2022-03-04 14:00:00,3.2,0.5214417
2022-03-04 15:00:00,3.1,0.5482404999999999
2022-03-04 16:00:00,3.3,0.5789663
2022-03-04 17:00:00,3.2,0.6089186
2022-03-04 18:00:00,3.2,0.6435
2022-03-04 19:00:00,2.9,0.6435
2022-03-04 20:00:00,2.9,0.6316952
2022-03-04 21:00:00,2.2,0.6099777
2022-03-04 22:00:00,2.1,0.5828933000000001
2022-03-04 23:00:00,0.5,0.5852018999999999
2022-03-05 00:00:00,-0.3,0.5886053
2022-03-05 01:00:00,-1.5,0.5840000000000001
2022-03-05 02:00:00,-1.7,0.5721
2022-03-05 03:00:00,-2.8,0.5483
2022-03-05 04:00:00,-2.6,0.5588315000000001
2022-03-05 05:00:00,-2.5,0.5685776
2022-03-05 06:00:00,-2.8,0.5947100000000001
2022-03-05 07:00:00,-1.9,0.605539
2022-03-05 08:00:00,0.2,0.5965307
2022-03-05 09:00:00,2.3,0.5391846
2022-03-05 10:00:00,3.8,0.5052339
2022-03-05 11:00:00,4.2,0.5013783
2022-03-05 12:00:00,4.8,0.487967
2022-03-05 13:00:00,5.1,0.4654165
2022-03-05 14:00:00,5.4,0.4656664
2022-03-05 15:00:00,5.3,0.5142184000000001
2022-03-05 16:00:00,5.0,0.5601881
2022-03-05 17:00:00,4.6,0.6144997
2022-03-05 18:00:00,3.8,0.6384782
2022-03-05 19:00:00,3.7,0.6426670000000001
2022-03-05 20:00:00,1.0,0.6316
2022-03-05 21:00:00,1.6,0.6045275
2022-03-05 22:00:00,1.2,0.5954597
2022-03-05 23:00:00,0.7,0.586856
2022-03-06 00:00:00,-0.7,0.6204259000000001
2022-03-06 01:00:00,0.2,0.57567
2022-03-06 02:00:00,0.5,0.5663404000000001
2022-03-06 03:00:00,0.7,0.5533099
2022-03-06 04:00:00,0.4,0.5595336
2022-03-06 05:00:00,0.2,0.5626871
2022-03-06 06:00:00,0.0,0.5721714
2022-03-06 07:00:00,0.0,0.5607236
2022-03-06 08:00:00,0.6,0.5560588
2022-03-06 09:00:00,1.4,0.4055119
2022-03-06 10:00:00,1.9,0.4638337999999999
2022-03-06 11:00:00,2.8,0.4745795
2022-03-06 12:00:00,2.5,0.48761
2022-03-06 13:00:00,3.2,0.4521242
2022-03-06 14:00:00,3.8,0.4486851
2022-03-06 15:00:00,3.3,0.4904779000000001
2022-03-06 16:00:00,2.9,0.5222390000000001
2022-03-06 17:00:00,2.2,0.6139403999999999
2022-03-06 18:00:00,0.3,0.6733452
2022-03-06 19:00:00,-1.1,0.6961932
2022-03-06 20:00:00,-1.0,0.6748565
2022-03-06 21:00:00,-0.8,0.6459038
2022-03-06 22:00:00,-0.9,0.6459038
2022-03-06 23:00:00,-0.5,0.6454635
2022-03-07 00:00:00,-0.6,0.6048964
2022-03-07 01:00:00,-0.5,0.5956977
2022-03-07 02:00:00,-0.5,0.5946386
2022-03-07 03:00:00,-0.5,0.5830599000000001
2022-03-07 04:00:00,-1.8,0.5860349
2022-03-07 05:00:00,-2.5,0.6283037
2022-03-07 06:00:00,-2.8,0.7098663000000001
2022-03-07 07:00:00,-2.6,0.7653084000000001
2022-03-07 08:00:00,-1.4,0.7684618999999999
2022-03-07 09:00:00,-0.5,0.73037
2022-03-07 10:00:00,0.0,0.6204259000000001
2022-03-07 11:00:00,1.1,0.5623895999999999
2022-03-07 12:00:00,2.5,0.5604618000000001
2022-03-07 13:00:00,4.6,0.537352
2022-03-07 14:00:00,5.6,0.5278558
2022-03-07 15:00:00,6.9,0.5739326
2022-03-07 16:00:00,6.7,0.6316
2022-03-07 17:00:00,6.5,0.6915641000000001
2022-03-07 18:00:00,3.1,0.7595726
2022-03-07 19:00:00,1.0,0.7778628999999999
2022-03-07 20:00:00,-0.6,0.72085
2022-03-07 21:00:00,-1.0,0.6732142999999999
2022-03-07 22:00:00,-1.9,0.6499498
2022-03-07 23:00:00,-2.5,0.5931868
2022-03-08 00:00:00,-2.1,0.6982995000000001
2022-03-08 01:00:00,-2.8,0.6905049999999999
2022-03-08 02:00:00,-3.5,0.6905049999999999
2022-03-08 03:00:00,-3.4,0.6612072
2022-03-08 04:00:00,-3.2,0.6762368999999999
2022-03-08 05:00:00,-2.6,0.7001082999999999
2022-03-08 06:00:00,-3.0,0.896137
2022-03-08 07:00:00,-2.5,0.9767
2022-03-08 08:00:00,0.5,0.9291
2022-03-08 09:00:00,3.6,0.7999969
2022-03-08 10:00:00,5.8,0.5760389
2022-03-08 11:00:00,7.7,0.5528576999999999
2022-03-08 12:00:00,8.7,0.5322587999999999
2022-03-08 13:00:00,9.3,0.5063763
2022-03-08 14:00:00,9.8,0.5252140000000001
2022-03-08 15:00:00,10.0,0.5923181
2022-03-08 16:00:00,9.2,0.7676288999999998
2022-03-08 17:00:00,8.3,0.8732652000000001
2022-03-08 18:00:00,6.9,0.9587667
2022-03-08 19:00:00,5.9,0.9886
2022-03-08 20:00:00,4.7,0.8933047999999999
2022-03-08 21:00:00,4.1,0.8016509999999999
2022-03-08 22:00:00,3.1,0.7411395000000001
2022-03-08 23:00:00,-0.3,0.6312787
2022-03-09 00:00:00,0.3,0.6673833
2022-03-09 01:00:00,-0.3,0.6422029
2022-03-09 02:00:00,-0.5,0.6534722
2022-03-09 03:00:00,-1.6,0.6554357
2022-03-09 04:00:00,-2.1,0.6554357
2022-03-09 05:00:00,-2.6,0.6792
2022-03-09 06:00:00,-0.7,0.7788744000000001
2022-03-09 07:00:00,0.8,0.8451455000000001
2022-03-09 08:00:00,3.6,0.8157644
2022-03-09 09:00:00,6.7,0.6910881
2022-03-09 10:00:00,9.3,0.6185100000000001
2022-03-09 11:00:00,10.3,0.5730877
2022-03-09 12:00:00,11.3,0.5186809
2022-03-09 13:00:00,12.1,0.5325325
2022-03-09 14:00:00,12.2,0.5624134000000001
2022-03-09 15:00:00,12.1,0.6107036
2022-03-09 16:00:00,11.8,0.6614571
2022-03-09 17:00:00,10.9,0.7856216999999999
2022-03-09 18:00:00,7.0,0.8397667
2022-03-09 19:00:00,6.4,0.87555
2022-03-09 20:00:00,5.3,0.7839556999999999
2022-03-09 21:00:00,4.5,0.6896125
2022-03-09 22:00:00,3.9,0.6899814
2022-03-09 23:00:00,3.0,0.6535555
2022-03-10 00:00:00,2.4,0.5721
2022-03-10 01:00:00,1.5,0.5364
2022-03-10 02:00:00,0.6,0.5382921
2022-03-10 03:00:00,0.7,0.5246071
2022-03-10 04:00:00,0.3,0.5245833
2022-03-10 05:00:00,-0.6,0.5542619
2022-03-10 06:00:00,-0.9,0.6490454000000001
2022-03-10 07:00:00,0.5,0.6745114000000001
2022-03-10 08:00:00,4.2,0.6567923
2022-03-10 09:00:00,6.9,0.5268681
2022-03-10 10:00:00,9.4,0.4415927
2022-03-10 11:00:00,11.0,0.3933858
2022-03-10 12:00:00,12.0,0.359923
2022-03-10 13:00:00,13.0,0.3341119
2022-03-10 14:00:00,12.6,0.3491654
2022-03-10 15:00:00,12.4,0.3934215
2022-03-10 16:00:00,11.9,0.4847302
2022-03-10 17:00:00,10.7,0.6077405
2022-03-10 18:00:00,9.6,0.6463559999999999
2022-03-10 19:00:00,8.5,0.5440041
2022-03-10 20:00:00,7.3,0.3686219
2022-03-10 21:00:00,6.1,0.362184
2022-03-10 22:00:00,5.3,0.3611606
2022-03-10 23:00:00,4.2,0.3030767
2022-03-11 00:00:00,3.3,0.2614624
2022-03-11 01:00:00,2.4,0.2639138
2022-03-11 02:00:00,1.6,0.2614267
2022-03-11 03:00:00,1.3,0.2710657
2022-03-11 04:00:00,0.8,0.2640685
2022-03-11 05:00:00,0.1,0.2864048
2022-03-11 06:00:00,-0.2,0.3609583
2022-03-11 07:00:00,0.4,0.3758214
2022-03-11 08:00:00,1.4,0.2892965
2022-03-11 09:00:00,2.8,0.235687
2022-03-11 10:00:00,4.5,0.1830533
2022-03-11 11:00:00,5.8,0.1740688
2022-03-11 12:00:00,7.6,0.167619
2022-03-11 13:00:00,8.0,0.155719
2022-03-11 14:00:00,8.8,0.1556952
2022-03-11 15:00:00,9.0,0.1675476
2022-03-11 16:00:00,9.2,0.1840053
2022-03-11 17:00:00,8.0,0.2970434
2022-03-11 18:00:00,7.0,0.3579714
2022-03-11 19:00:00,6.4,0.3364562
2022-03-11 20:00:00,5.6,0.2561312
2022-03-11 21:00:00,4.8,0.2386263
2022-03-11 22:00:00,4.0,0.2520495
2022-03-11 23:00:00,3.2,0.2356513
2022-03-12 00:00:00,2.7,0.2376267
2022-03-12 01:00:00,2.0,0.2377933
2022-03-12 02:00:00,1.6,0.2424343
2022-03-12 03:00:00,0.9,0.2424581
2022-03-12 04:00:00,0.6,0.2423867
2022-03-12 05:00:00,0.5,0.2426009
2022-03-12 06:00:00,0.3,0.2615695
2022-03-12 07:00:00,1.9,0.2597488
2022-03-12 08:00:00,2.7,0.2496933
2022-03-12 09:00:00,5.3,0.249491
2022-03-12 10:00:00,8.1,0.2424105
2022-03-12 11:00:00,8.9,0.2363296
2022-03-12 12:00:00,11.0,0.2423629
2022-03-12 13:00:00,11.7,0.2376505
2022-03-12 14:00:00,12.6,0.2508833
2022-03-12 15:00:00,12.9,0.2971505
2022-03-12 16:00:00,12.3,0.380867
2022-03-12 17:00:00,10.3,0.497487
2022-03-12 18:00:00,6.7,0.540327
2022-03-12 19:00:00,8.0,0.4352499999999999
2022-03-12 20:00:00,6.6,0.36147
2022-03-12 21:00:00,6.2,0.365635
2022-03-12 22:00:00,4.7,0.3727869
2022-03-12 23:00:00,2.8,0.3565672
2022-03-13 00:00:00,0.6,0.346119
2022-03-13 01:00:00,0.7,0.3341119
2022-03-13 02:00:00,-0.1,0.3034813
2022-03-13 03:00:00,-0.7,0.2776226
2022-03-13 04:00:00,-1.9,0.3105975
2022-03-13 05:00:00,-1.7,0.299233
2022-03-13 06:00:00,-2.4,0.2746595
2022-03-13 07:00:00,0.2,0.2637948
2022-03-13 08:00:00,2.6,0.2478131
2022-03-13 09:00:00,5.5,0.2422558
2022-03-13 10:00:00,7.0,0.2224185
2022-03-13 11:00:00,9.2,0.1913833
2022-03-13 12:00:00,11.2,0.1850644
2022-03-13 13:00:00,12.5,0.1657745
2022-03-13 14:00:00,13.0,0.1675595
2022-03-13 15:00:00,13.3,0.1913833
2022-03-13 16:00:00,13.0,0.2793957
2022-03-13 17:00:00,11.5,0.4080228
2022-03-13 18:00:00,9.7,0.4343099
2022-03-13 19:00:00,9.2,0.393481
2022-03-13 20:00:00,8.6,0.3579952
2022-03-13 21:00:00,7.7,0.3497128
2022-03-13 22:00:00,6.0,0.3824973
2022-03-13 23:00:00,4.0,0.3929098
2022-03-14 00:00:00,3.8,0.400621
2022-03-14 01:00:00,1.7,0.3988836
2022-03-14 02:00:00,1.9,0.4074516
2022-03-14 03:00:00,1.7,0.4019657
2022-03-14 04:00:00,1.3,0.4172929
2022-03-14 05:00:00,0.8,0.4293714
2022-03-14 06:00:00,1.5,0.5148848
2022-03-14 07:00:00,2.5,0.5552972
2022-03-14 08:00:00,6.3,0.5652456
2022-03-14 09:00:00,8.3,0.5135877
2022-03-14 10:00:00,8.7,0.4720329
2022-03-14 11:00:00,7.8,0.4630245999999999
2022-03-14 12:00:00,8.9,0.4418783
2022-03-14 13:00:00,8.7,0.4224575
2022-03-14 14:00:00,8.7,0.4154246
2022-03-14 15:00:00,8.5,0.476662
2022-03-14 16:00:00,8.6,0.5042938
2022-03-14 17:00:00,8.2,0.5679350000000001
2022-03-14 18:00:00,8.2,0.6197119
2022-03-14 19:00:00,7.6,0.6737498
2022-03-14 20:00:00,7.2,0.5902594
2022-03-14 21:00:00,7.4,0.539613
2022-03-14 22:00:00,5.9,0.5134687
2022-03-14 23:00:00,5.0,0.4672134
2022-03-15 00:00:00,4.4,0.4518148
2022-03-15 01:00:00,3.7,0.4471857
2022-03-15 02:00:00,3.6,0.4433301
2022-03-15 03:00:00,2.8,0.4412833
2022-03-15 04:00:00,2.3,0.4444011
2022-03-15 05:00:00,1.5,0.467856
2022-03-15 06:00:00,3.1,0.5351267
2022-03-15 07:00:00,3.8,0.5605451000000001
2022-03-15 08:00:00,6.0,0.5720762
2022-03-15 09:00:00,7.9,0.5476455
2022-03-15 10:00:00,9.4,0.5345674
2022-03-15 11:00:00,9.9,0.5080423000000001
2022-03-15 12:00:00,10.8,0.4881931
2022-03-15 13:00:00,11.7,0.4926556
2022-03-15 14:00:00,11.4,0.4982724
2022-03-15 15:00:00,11.2,0.5092323000000001
2022-03-15 16:00:00,11.0,0.5334607
2022-03-15 17:00:00,10.0,0.5511083999999999
2022-03-15 18:00:00,7.5,0.60185
2022-03-15 19:00:00,7.1,0.6375738
2022-03-15 20:00:00,6.3,0.5545356
2022-03-15 21:00:00,6.0,0.5269870999999999
2022-03-15 22:00:00,4.6,0.4994981
2022-03-15 23:00:00,3.6,0.4705097
2022-03-16 00:00:00,4.3,0.4571579
2022-03-16 01:00:00,2.2,0.454766
2022-03-16 02:00:00,3.2,0.450125
2022-03-16 03:00:00,2.8,0.4412119
2022-03-16 04:00:00,1.9,0.439415
2022-03-16 05:00:00,2.1,0.4527668
2022-03-16 06:00:00,1.8,0.5089824000000001
2022-03-16 07:00:00,1.8,0.533663
2022-03-16 08:00:00,2.9,0.5292600000000001
2022-03-16 09:00:00,5.7,0.5077685999999999
2022-03-16 10:00:00,7.7,0.484754
2022-03-16 11:00:00,10.3,0.4651666
2022-03-16 12:00:00,11.7,0.4024535999999999
2022-03-16 13:00:00,12.4,0.3983719
2022-03-16 14:00:00,12.5,0.3936357
2022-03-16 15:00:00,13.0,0.3914818
2022-03-16 16:00:00,12.8,0.4518743
2022-03-16 17:00:00,11.6,0.5065548
2022-03-16 18:00:00,10.5,0.5353646999999999
2022-03-16 19:00:00,9.9,0.5084231000000001
2022-03-16 20:00:00,9.3,0.4121402
2022-03-16 21:00:00,8.8,0.3530924
2022-03-16 22:00:00,8.7,0.3522118
2022-03-16 23:00:00,9.0,0.3094313000000001
2022-03-17 00:00:00,8.4,0.3427513
2022-03-17 01:00:00,8.0,0.3079081
2022-03-17 02:00:00,7.4,0.2980549
2022-03-17 03:00:00,7.1,0.3062302
2022-03-17 04:00:00,6.9,0.3316843
2022-03-17 05:00:00,6.9,0.3698
2022-03-17 06:00:00,7.4,0.401335
2022-03-17 07:00:00,7.8,0.4684391
2022-03-17 08:00:00,9.7,0.4769
2022-03-17 09:00:00,9.5,0.4589786
2022-03-17 10:00:00,8.5,0.407404
2022-03-17 11:00:00,7.6,0.4174238
2022-03-17 12:00:00,7.8,0.4009899
2022-03-17 13:00:00,8.1,0.4103671
2022-03-17 14:00:00,7.7,0.4292643
2022-03-17 15:00:00,7.8,0.448578
2022-03-17 16:00:00,7.7,0.4618584
2022-03-17 17:00:00,6.6,0.4843018
2022-03-17 18:00:00,5.5,0.5245356999999999
2022-03-17 19:00:00,3.4,0.5687799
2022-03-17 20:00:00,3.9,0.5077448
2022-03-17 21:00:00,2.9,0.4641551
2022-03-17 22:00:00,1.5,0.4467454
2022-03-17 23:00:00,0.2,0.437868
2022-03-18 00:00:00,0.5,0.3972057
2022-03-18 01:00:00,-1.4,0.4018943
2022-03-18 02:00:00,-1.7,0.3952422
2022-03-18 03:00:00,-2.4,0.401335
2022-03-18 04:00:00,-1.8,0.405381
2022-03-18 05:00:00,-2.2,0.4139014
2022-03-18 06:00:00,-2.4,0.4685343
2022-03-18 07:00:00,-1.0,0.5024969
2022-03-18 08:00:00,3.2,0.4980939
2022-03-18 09:00:00,7.2,0.452981
2022-03-18 10:00:00,8.3,0.4276102
2022-03-18 11:00:00,10.2,0.3993953
2022-03-18 12:00:00,10.9,0.3995619
2022-03-18 13:00:00,12.0,0.3949566
2022-03-18 14:00:00,12.6,0.3939689
2022-03-18 15:00:00,12.2,0.3965512
2022-03-18 16:00:00,11.6,0.408356
2022-03-18 17:00:00,11.7,0.4477926
2022-03-18 18:00:00,8.9,0.4832189
2022-03-18 19:00:00,8.0,0.4965588
2022-03-18 20:00:00,6.6,0.4544685
2022-03-18 21:00:00,5.3,0.4137705
2022-03-18 22:00:00,3.9,0.427515
2022-03-18 23:00:00,4.5,0.3909939
2022-03-19 00:00:00,3.5,0.3896372999999999
2022-03-19 01:00:00,2.8,0.3874358
2022-03-19 02:00:00,2.1,0.3781538
2022-03-19 03:00:00,1.7,0.37813
2022-03-19 04:00:00,0.8,0.3758214
2022-03-19 05:00:00,0.3,0.382652
2022-03-19 06:00:00,0.3,0.3914937
2022-03-19 07:00:00,2.0,0.3985266
2022-03-19 08:00:00,4.5,0.3889709
2022-03-19 09:00:00,6.0,0.3163333
2022-03-19 10:00:00,8.1,0.2740645
2022-03-19 11:00:00,9.8,0.2568452
2022-03-19 12:00:00,10.8,0.2385549
2022-03-19 13:00:00,10.6,0.1675
2022-03-19 14:00:00,9.7,0.1661196
2022-03-19 15:00:00,10.1,0.1731406
2022-03-19 16:00:00,9.6,0.24961
2022-03-19 17:00:00,9.5,0.3353019
2022-03-19 18:00:00,7.6,0.385032
2022-03-19 19:00:00,6.9,0.3617913
2022-03-19 20:00:00,5.2,0.2983524
2022-03-19 21:00:00,5.2,0.2626881
2022-03-19 22:00:00,5.1,0.2640447
2022-03-19 23:00:00,4.5,0.2541915
2022-03-20 00:00:00,3.6,0.2556076
2022-03-20 01:00:00,3.1,0.2400781
2022-03-20 02:00:00,2.8,0.2445882
2022-03-20 03:00:00,1.9,0.2369722
2022-03-20 04:00:00,1.4,0.245921
2022-03-20 05:00:00,1.1,0.245921
2022-03-20 06:00:00,1.0,0.2371507
2022-03-20 07:00:00,2.2,0.1800664
2022-03-20 08:00:00,3.7,0.1660839
2022-03-20 09:00:00,6.1,0.1556833
2022-03-20 10:00:00,8.9,0.155481
2022-03-20 11:00:00,9.6,0.1492811
2022-03-20 12:00:00,10.8,0.1355961
2022-03-20 13:00:00,12.0,0.1329424
2022-03-20 14:00:00,12.3,0.1397135
2022-03-20 15:00:00,13.0,0.1543386
2022-03-20 16:00:00,13.0,0.1556714
2022-03-20 17:00:00,12.3,0.2388167
2022-03-20 18:00:00,11.2,0.3011608
2022-03-20 19:00:00,10.4,0.3019105
2022-03-20 20:00:00,9.9,0.2579043
2022-03-20 21:00:00,8.9,0.2508952
2022-03-20 22:00:00,8.0,0.2865833
2022-03-20 23:00:00,7.3,0.2666984
2022-03-21 00:00:00,6.7,0.2914742
2022-03-21 01:00:00,6.0,0.2969958
2022-03-21 02:00:00,3.5,0.2970315
2022-03-21 03:00:00,3.5,0.29721
2022-03-21 04:00:00,2.8,0.3186657
2022-03-21 05:00:00,1.7,0.3809979
2022-03-21 06:00:00,3.2,0.46976
2022-03-21 07:00:00,4.1,0.49832
2022-03-21 08:00:00,6.4,0.477614
2022-03-21 09:00:00,8.2,0.3893993
2022-03-21 10:00:00,10.0,0.3377414
2022-03-21 11:00:00,12.1,0.3503792
2022-03-21 12:00:00,12.5,0.3424181
2022-03-21 13:00:00,13.6,0.3595065
2022-03-21 14:00:00,14.9,0.3586973
2022-03-21 15:00:00,14.5,0.4086297
2022-03-21 16:00:00,14.3,0.4328462
2022-03-21 17:00:00,13.3,0.4812792000000001
2022-03-21 18:00:00,9.7,0.524024
2022-03-21 19:00:00,8.5,0.5566062
2022-03-21 20:00:00,7.5,0.4854204
2022-03-21 21:00:00,7.7,0.4422829
2022-03-21 22:00:00,6.6,0.4207439
2022-03-21 23:00:00,5.2,0.3927075
2022-03-22 00:00:00,4.5,0.42097
2022-03-22 01:00:00,3.4,0.41145
2022-03-22 02:00:00,3.5,0.40193
2022-03-22 03:00:00,3.1,0.4011684
2022-03-22 04:00:00,2.4,0.39717
2022-03-22 05:00:00,1.5,0.4184948
2022-03-22 06:00:00,2.1,0.481303
2022-03-22 07:00:00,3.7,0.4975346
2022-03-22 08:00:00,8.4,0.490109
2022-03-22 09:00:00,11.3,0.4413785
2022-03-22 10:00:00,14.2,0.393481
2022-03-22 11:00:00,15.9,0.384318
2022-03-22 12:00:00,16.4,0.3741554
2022-03-22 13:00:00,17.3,0.3759999
2022-03-22 14:00:00,17.5,0.3863648
2022-03-22 15:00:00,17.5,0.3934334
2022-03-22 16:00:00,17.0,0.4293119
2022-03-22 17:00:00,15.0,0.4768643000000001
2022-03-22 18:00:00,12.6,0.5138256999999999
2022-03-22 19:00:00,10.1,0.5732900000000001
2022-03-22 20:00:00,8.9,0.5016996
2022-03-22 21:00:00,7.0,0.460121
2022-03-22 22:00:00,6.6,0.4439013
2022-03-22 23:00:00,6.0,0.4202322
2022-03-23 00:00:00,4.1,0.4119141
2022-03-23 01:00:00,4.0,0.3936595
2022-03-23 02:00:00,2.0,0.3943378
2022-03-23 03:00:00,0.9,0.3913152
2022-03-23 04:00:00,0.3,0.3984671
2022-03-23 05:00:00,0.1,0.4247185
2022-03-23 06:00:00,0.2,0.4833854999999999
2022-03-23 07:00:00,2.5,0.5117075
2022-03-23 08:00:00,6.3,0.4896568
2022-03-23 09:00:00,10.2,0.4139609
2022-03-23 10:00:00,13.7,0.393243
2022-03-23 11:00:00,15.6,0.3835326
2022-03-23 12:00:00,16.8,0.3710733
2022-03-23 13:00:00,17.1,0.3720967
2022-03-23 14:00:00,17.8,0.3820689
2022-03-23 15:00:00,18.6,0.3963846
2022-03-23 16:00:00,17.3,0.4150081
2022-03-23 17:00:00,15.6,0.4721995
2022-03-23 18:00:00,13.2,0.5272131999999999
2022-03-23 19:00:00,8.9,0.6008266
2022-03-23 20:00:00,7.4,0.5257257
2022-03-23 21:00:00,8.0,0.4769
2022-03-23 22:00:00,6.7,0.4472928
2022-03-23 23:00:00,6.4,0.413116
2022-03-24 00:00:00,6.0,0.4090819
2022-03-24 01:00:00,3.6,0.4082727
2022-03-24 02:00:00,3.4,0.407285
2022-03-24 03:00:00,3.2,0.407642
2022-03-24 04:00:00,2.5,0.4089867
2022-03-24 05:00:00,2.1,0.4213508
2022-03-24 06:00:00,1.6,0.4923343
2022-03-24 07:00:00,3.3,0.5186333000000001
2022-03-24 08:00:00,6.8,0.4741987
2022-03-24 09:00:00,10.1,0.4161029
2022-03-24 10:00:00,12.9,0.3875548
2022-03-24 11:00:00,14.0,0.3875786
2022-03-24 12:00:00,15.0,0.3769043
2022-03-24 13:00:00,15.4,0.3721086
2022-03-24 14:00:00,15.8,0.384913
2022-03-24 15:00:00,16.2,0.4036198
2022-03-24 16:00:00,16.1,0.4323702
2022-03-24 17:00:00,15.4,0.4733181
2022-03-24 18:00:00,10.8,0.5254044
2022-03-24 19:00:00,9.5,0.5972208999999999
2022-03-24 20:00:00,9.3,0.507126
2022-03-24 21:00:00,7.4,0.4612634
2022-03-24 22:00:00,6.5,0.4412476
2022-03-24 23:00:00,5.9,0.4171144
2022-03-25 00:00:00,2.2,0.4679512
2022-03-25 01:00:00,2.5,0.4463289
2022-03-25 02:00:00,1.8,0.4344051
2022-03-25 03:00:00,1.1,0.4294785
2022-03-25 04:00:00,0.8,0.4245519
2022-03-25 05:00:00,-0.3,0.4589429
2022-03-25 06:00:00,-0.2,0.5304500000000001
2022-03-25 07:00:00,2.5,0.5528934000000001
2022-03-25 08:00:00,6.8,0.4948928
2022-03-25 09:00:00,10.6,0.4511603
2022-03-25 10:00:00,13.6,0.376464
2022-03-25 11:00:00,15.5,0.3767853
2022-03-25 12:00:00,16.1,0.3609583
2022-03-25 13:00:00,16.1,0.3576025
2022-03-25 14:00:00,16.5,0.3680983
2022-03-25 15:00:00,16.6,0.4054999999999999
2022-03-25 16:00:00,16.1,0.4543733
2022-03-25 17:00:00,14.7,0.4843732
2022-03-25 18:00:00,11.8,0.5135163
2022-03-25 19:00:00,10.2,0.560081
2022-03-25 20:00:00,9.2,0.4928222
2022-03-25 21:00:00,9.7,0.443818
2022-03-25 22:00:00,7.2,0.4466264
2022-03-25 23:00:00,5.1,0.3817833
2022-03-26 00:00:00,4.5,0.4363924
2022-03-26 01:00:00,4.2,0.4187804
2022-03-26 02:00:00,2.8,0.3764402
2022-03-26 03:00:00,3.2,0.3829138
2022-03-26 04:00:00,2.0,0.4014302
2022-03-26 05:00:00,2.7,0.4128542
2022-03-26 06:00:00,2.2,0.3930764
2022-03-26 07:00:00,5.1,0.3820332
2022-03-26 08:00:00,8.5,0.3366942
2022-03-26 09:00:00,11.5,0.3452503
2022-03-26 10:00:00,13.3,0.2865595
2022-03-26 11:00:00,14.7,0.2578686
2022-03-26 12:00:00,15.7,0.2545009
2022-03-26 13:00:00,16.2,0.2512522
2022-03-26 14:00:00,15.8,0.2619265
2022-03-26 15:00:00,15.5,0.3432749
2022-03-26 16:00:00,15.2,0.3935405
2022-03-26 17:00:00,13.8,0.4321798
2022-03-26 18:00:00,12.0,0.467975
2022-03-26 19:00:00,10.3,0.5033656
2022-03-26 20:00:00,8.6,0.4769833
2022-03-26 21:00:00,7.1,0.4471262
2022-03-26 22:00:00,6.6,0.4470786
2022-03-26 23:00:00,5.9,0.4385225
2022-03-27 00:00:00,5.7,0.4352499999999999
2022-03-27 01:00:00,5.5,0.4196967
2022-03-27 03:00:00,5.5,0.4102838
2022-03-27 04:00:00,5.4,0.40788
2022-03-27 05:00:00,5.2,0.4067971
2022-03-27 06:00:00,4.9,0.4058689
2022-03-27 07:00:00,4.9,0.4102957
2022-03-27 08:00:00,5.2,0.4103552
2022-03-27 09:00:00,5.5,0.4103433
2022-03-27 10:00:00,5.9,0.3995738
2022-03-27 11:00:00,6.5,0.386936
2022-03-27 12:00:00,7.9,0.347785
2022-03-27 13:00:00,9.2,0.262581
2022-03-27 14:00:00,12.1,0.2483843
2022-03-27 15:00:00,12.8,0.26508
2022-03-27 16:00:00,13.0,0.3240921
2022-03-27 17:00:00,13.3,0.3874477
2022-03-27 18:00:00,12.6,0.4174
2022-03-27 19:00:00,10.4,0.4685938
2022-03-27 20:00:00,7.6,0.4907992
2022-03-27 21:00:00,6.3,0.4716997
2022-03-27 22:00:00,5.0,0.4549921
2022-03-27 23:00:00,5.2,0.42692
2022-03-28 00:00:00,4.5,0.38884
2022-03-28 01:00:00,1.5,0.3841276
2022-03-28 02:00:00,3.0,0.3810455
2022-03-28 03:00:00,1.5,0.3875191
2022-03-28 04:00:00,1.5,0.3876619
2022-03-28 05:00:00,1.6,0.4038578
2022-03-28 06:00:00,1.6,0.4827904999999999
2022-03-28 07:00:00,1.8,0.5327705
2022-03-28 08:00:00,2.7,0.5292005
2022-03-28 09:00:00,3.2,0.4733062
2022-03-28 10:00:00,4.1,0.4232786
2022-03-28 11:00:00,5.0,0.3985266
2022-03-28 12:00:00,6.2,0.3625053
2022-03-28 13:00:00,7.5,0.3501769
2022-03-28 14:00:00,8.7,0.3114781
2022-03-28 15:00:00,10.5,0.347785
2022-03-28 16:00:00,11.0,0.3587092
2022-03-28 17:00:00,10.7,0.3906964
2022-03-28 18:00:00,9.8,0.4653689
2022-03-28 19:00:00,8.2,0.5180978
2022-03-28 20:00:00,7.0,0.4817314
2022-03-28 21:00:00,6.0,0.4562059
2022-03-28 22:00:00,5.8,0.4287407
2022-03-28 23:00:00,4.8,0.4180426
2022-03-29 00:00:00,5.0,0.4052977
2022-03-29 01:00:00,6.2,0.4057142
2022-03-29 02:00:00,5.5,0.4042624
2022-03-29 03:00:00,5.5,0.4054999999999999
2022-03-29 04:00:00,5.4,0.4053453
2022-03-29 05:00:00,5.5,0.4236713
2022-03-29 06:00:00,5.4,0.4772212999999999
2022-03-29 07:00:00,5.3,0.5151228000000001
2022-03-29 08:00:00,5.7,0.5349006000000001
2022-03-29 09:00:00,5.9,0.512481
2022-03-29 10:00:00,6.5,0.4869912
2022-03-29 11:00:00,7.1,0.4839686
2022-03-29 12:00:00,8.3,0.4369517
2022-03-29 13:00:00,9.4,0.4303115
2022-03-29 14:00:00,10.8,0.4215888
2022-03-29 15:00:00,10.9,0.4202679
2022-03-29 16:00:00,10.6,0.4269319
2022-03-29 17:00:00,10.1,0.4489707
2022-03-29 18:00:00,8.5,0.4888476
2022-03-29 19:00:00,6.7,0.5155631
2022-03-29 20:00:00,4.8,0.5098273
2022-03-29 21:00:00,3.4,0.4650476
2022-03-29 22:00:00,2.4,0.43763
2022-03-29 23:00:00,1.1,0.4172096
2022-03-30 00:00:00,0.1,0.4329533
2022-03-30 01:00:00,-1.1,0.4279434
2022-03-30 02:00:00,-0.5,0.4288359
2022-03-30 03:00:00,-1.4,0.4282052
2022-03-30 04:00:00,-0.6,0.4320727
2022-03-30 05:00:00,-0.7,0.44358
2022-03-30 06:00:00,-1.0,0.49237
2022-03-30 07:00:00,0.1,0.5304500000000001
2022-03-30 08:00:00,2.2,0.5684229000000001
2022-03-30 09:00:00,3.8,0.5460509
2022-03-30 10:00:00,5.0,0.5150633
2022-03-30 11:00:00,5.5,0.5275464000000001
2022-03-30 12:00:00,6.5,0.5078281
2022-03-30 13:00:00,6.7,0.4803390999999999
2022-03-30 14:00:00,7.5,0.486777
2022-03-30 15:00:00,7.2,0.4727588
2022-03-30 16:00:00,7.4,0.4606445999999999
2022-03-30 17:00:00,7.1,0.4766739
2022-03-30 18:00:00,6.6,0.506293
2022-03-30 19:00:00,5.9,0.5244643
2022-03-30 20:00:00,4.2,0.4956187000000001
2022-03-30 21:00:00,4.3,0.4570984
2022-03-30 22:00:00,4.5,0.4418188
2022-03-30 23:00:00,4.3,0.3911248
2022-03-31 00:00:00,1.8,0.3943854
2022-03-31 01:00:00,2.1,0.3987051
2022-03-31 02:00:00,2.0,0.3876738
2022-03-31 03:00:00,1.4,0.3720967
2022-03-31 04:00:00,0.6,0.377297
2022-03-31 05:00:00,1.6,0.3944211
2022-03-31 06:00:00,2.9,0.4769
2022-03-31 07:00:00,3.6,0.5194544
2022-03-31 08:00:00,3.8,0.5414337
2022-03-31 09:00:00,3.7,0.47809
2022-03-31 10:00:00,4.0,0.4539924999999999
2022-03-31 11:00:00,4.7,0.4168526
2022-03-31 12:00:00,5.6,0.3982648
2022-03-31 13:00:00,6.2,0.3857817
2022-03-31 14:00:00,6.1,0.382652
2022-03-31 15:00:00,5.8,0.3764878
2022-03-31 16:00:00,5.5,0.3757024
2022-03-31 17:00:00,5.2,0.3793319
2022-03-31 18:00:00,4.1,0.3936119
2022-03-31 19:00:00,2.9,0.4286931
2022-03-31 20:00:00,3.0,0.3925052
2022-03-31 21:00:00,4.0,0.3511765
2022-03-31 22:00:00,3.5,0.3348616
2022-03-31 23:00:00,2.8,0.2984952
2022-04-01 00:00:00,0.7,0.2885468
2022-04-01 01:00:00,-0.2,0.2741716
2022-04-01 02:00:00,-0.3,0.2680312
2022-04-01 03:00:00,-0.5,0.2741121
2022-04-01 04:00:00,-0.6,0.2853337999999999
2022-04-01 05:00:00,-0.7,0.3222119
2022-04-01 06:00:00,-1.0,0.3681697
2022-04-01 07:00:00,-1.0,0.3936357
2022-04-01 08:00:00,-0.4,0.4036793
2022-04-01 09:00:00,0.5,0.3940165
2022-04-01 10:00:00,1.3,0.3853652
2022-04-01 11:00:00,2.1,0.3711566
2022-04-01 12:00:00,2.8,0.3602086
2022-04-01 13:00:00,3.2,0.3458929
2022-04-01 14:00:00,3.5,0.3306489999999999
2022-04-01 15:00:00,3.9,0.3231758
2022-04-01 16:00:00,4.5,0.3249727
2022-04-01 17:00:00,4.6,0.360756
2022-04-01 18:00:00,4.2,0.383723
2022-04-01 19:00:00,3.6,0.4006924
2022-04-01 20:00:00,3.2,0.3938261
2022-04-01 21:00:00,2.8,0.3637548
2022-04-01 22:00:00,2.5,0.3553415
2022-04-01 23:00:00,2.1,0.3363134
2022-04-02 00:00:00,1.8,0.2888919
2022-04-02 01:00:00,1.4,0.3043619
2022-04-02 02:00:00,0.9,0.3123468
2022-04-02 03:00:00,-0.1,0.3228426
2022-04-02 04:00:00,-0.7,0.3124301
2022-04-02 05:00:00,-0.7,0.3282333
2022-04-02 06:00:00,-0.6,0.3172496
2022-04-02 07:00:00,-0.1,0.3555914
2022-04-02 08:00:00,0.8,0.382057
2022-04-02 09:00:00,1.8,0.3842585
2022-04-02 10:00:00,3.1,0.3576263
2022-04-02 11:00:00,3.2,0.3542586
2022-04-02 12:00:00,4.3,0.3467497
2022-04-02 13:00:00,4.2,0.3128942
2022-04-02 14:00:00,5.1,0.299114
2022-04-02 15:00:00,5.0,0.3084555
2022-04-02 16:00:00,5.5,0.3191655
2022-04-02 17:00:00,5.4,0.3594113
2022-04-02 18:00:00,4.7,0.426444
2022-04-02 19:00:00,3.1,0.4639885
2022-04-02 20:00:00,1.7,0.4431396999999999
2022-04-02 21:00:00,0.0,0.4054999999999999
2022-04-02 22:00:00,-0.2,0.4009066
2022-04-02 23:00:00,-3.0,0.3809622
2022-04-03 00:00:00,-3.4,0.3925052
2022-04-03 01:00:00,-3.3,0.3853652
2022-04-03 02:00:00,-3.7,0.3885543999999999
2022-04-03 03:00:00,-5.1,0.3869836
2022-04-03 04:00:00,-5.2,0.3883045
2022-04-03 05:00:00,-4.2,0.3862458
2022-04-03 06:00:00,-3.1,0.3827472
2022-04-03 07:00:00,-1.6,0.3847939999999999
2022-04-03 08:00:00,0.4,0.3903156
2022-04-03 09:00:00,2.9,0.3722632999999999
2022-04-03 10:00:00,4.3,0.3707044
2022-04-03 11:00:00,4.8,0.3687647
2022-04-03 12:00:00,5.7,0.362898
2022-04-03 13:00:00,5.9,0.2979716
2022-04-03 14:00:00,5.8,0.2711133
2022-04-03 15:00:00,3.4,0.27936
2022-04-03 16:00:00,3.1,0.3000541
2022-04-03 17:00:00,5.0,0.3129299
2022-04-03 18:00:00,4.9,0.3666941
2022-04-03 19:00:00,4.7,0.4076301
2022-04-03 20:00:00,3.5,0.3994905
2022-04-03 21:00:00,3.4,0.3694906
2022-04-03 22:00:00,2.3,0.3667655
2022-04-03 23:00:00,2.2,0.3400857
2022-04-04 00:00:00,2.2,0.2967697
2022-04-04 01:00:00,2.3,0.2648539
2022-04-04 02:00:00,2.2,0.26032
2022-04-04 03:00:00,2.2,0.2526564
2022-04-04 04:00:00,2.3,0.2597131
2022-04-04 05:00:00,2.3,0.264604
2022-04-04 06:00:00,2.1,0.31387
2022-04-04 07:00:00,2.9,0.299114
2022-04-04 08:00:00,3.9,0.2759804
2022-04-04 09:00:00,4.4,0.259844
2022-04-04 10:00:00,4.6,0.2443026
2022-04-04 11:00:00,4.2,0.2368413
2022-04-04 12:00:00,4.3,0.2032952
2022-04-04 13:00:00,3.9,0.1924662
2022-04-04 14:00:00,4.2,0.186064
2022-04-04 15:00:00,4.6,0.2002964
2022-04-04 16:00:00,4.7,0.2118156
2022-04-04 17:00:00,4.9,0.2386382
2022-04-04 18:00:00,5.1,0.2388167
2022-04-04 19:00:00,5.3,0.2446834
2022-04-04 20:00:00,5.6,0.2442788
2022-04-04 21:00:00,6.0,0.2388524
2022-04-04 22:00:00,6.2,0.2424462
2022-04-04 23:00:00,6.6,0.2152071
2022-04-05 00:00:00,6.6,0.1836007
2022-04-05 01:00:00,6.5,0.1913
2022-04-05 02:00:00,6.4,0.1973571
2022-04-05 03:00:00,6.3,0.2059965
2022-04-05 04:00:00,6.3,0.2442907
2022-04-05 05:00:00,6.0,0.2555243
2022-04-05 06:00:00,5.7,0.3498913
2022-04-05 07:00:00,5.6,0.4174833
2022-04-05 08:00:00,5.8,0.4317157
2022-04-05 09:00:00,6.9,0.4287169
2022-04-05 10:00:00,7.4,0.42573
2022-04-05 11:00:00,7.8,0.4294071
2022-04-05 12:00:00,7.5,0.4105456
2022-04-05 13:00:00,7.7,0.4209462
2022-04-05 14:00:00,8.4,0.4037031
2022-04-05 15:00:00,8.8,0.4209343
2022-04-05 16:00:00,10.0,0.4226479
2022-04-05 17:00:00,10.0,0.4676299
2022-04-05 18:00:00,9.6,0.4867056
2022-04-05 19:00:00,9.6,0.5244167
2022-04-05 20:00:00,9.4,0.4863129
2022-04-05 21:00:00,9.5,0.4250993
2022-04-05 22:00:00,9.4,0.3812835
2022-04-05 23:00:00,9.4,0.3503315999999999
2022-04-06 00:00:00,9.2,0.2899153
2022-04-06 01:00:00,9.1,0.3222
2022-04-06 02:00:00,9.1,0.3062064
2022-04-06 03:00:00,9.1,0.3003873
2022-04-06 04:00:00,9.4,0.3062421
2022-04-06 05:00:00,9.5,0.2965912
2022-04-06 06:00:00,9.4,0.352664
2022-04-06 07:00:00,8.5,0.3672296
2022-04-06 08:00:00,9.2,0.364207
2022-04-06 09:00:00,9.6,0.3452384
2022-04-06 10:00:00,9.7,0.2694711
2022-04-06 11:00:00,9.6,0.2446834
2022-04-06 12:00:00,9.8,0.248182
2022-04-06 13:00:00,10.0,0.2445287
2022-04-06 14:00:00,10.0,0.2412562
2022-04-06 15:00:00,10.1,0.2445525
2022-04-06 16:00:00,9.9,0.2446239
2022-04-06 17:00:00,9.7,0.3058494
2022-04-06 18:00:00,9.9,0.3525926
2022-04-06 19:00:00,10.3,0.3679317
2022-04-06 20:00:00,10.3,0.35909
2022-04-06 21:00:00,9.5,0.3131798
2022-04-06 22:00:00,9.7,0.2854409
2022-04-06 23:00:00,9.5,0.2274403
2022-04-07 00:00:00,9.7,0.2424938
2022-04-07 01:00:00,9.5,0.2362106
2022-04-07 02:00:00,9.9,0.2265716
2022-04-07 03:00:00,9.6,0.2360202
2022-04-07 04:00:00,9.3,0.2431602
2022-04-07 05:00:00,9.6,0.2438147
2022-04-07 06:00:00,9.7,0.244255
2022-04-07 07:00:00,10.2,0.2627357
2022-04-07 08:00:00,10.8,0.2903437
2022-04-07 09:00:00,11.1,0.2476465
2022-04-07 10:00:00,9.9,0.2411967
2022-04-07 11:00:00,9.5,0.2412086
2022-04-07 12:00:00,4.9,0.2476822
2022-04-07 13:00:00,6.4,0.2393522
2022-04-07 14:00:00,9.9,0.2390785
2022-04-07 15:00:00,10.3,0.2428865
2022-04-07 16:00:00,11.2,0.2446358
2022-04-07 17:00:00,10.9,0.2518829
2022-04-07 18:00:00,6.9,0.2532514
2022-04-07 19:00:00,7.3,0.2679479
2022-04-07 20:00:00,5.7,0.2502764
2022-04-07 21:00:00,7.0,0.2334855
2022-04-07 22:00:00,6.5,0.2379361
2022-04-07 23:00:00,7.1,0.1881465
2022-04-08 00:00:00,6.5,0.1580038
2022-04-08 01:00:00,6.2,0.1568257
2022-04-08 02:00:00,6.2,0.1568138
2022-04-08 03:00:00,5.8,0.1585393
2022-04-08 04:00:00,4.6,0.1658102
2022-04-08 05:00:00,5.0,0.2085669
2022-04-08 06:00:00,3.8,0.2690903
2022-04-08 07:00:00,3.5,0.3308394
2022-04-08 08:00:00,4.4,0.3341
2022-04-08 09:00:00,5.7,0.25913
2022-04-08 10:00:00,6.3,0.2530015
2022-04-08 11:00:00,6.4,0.2585826
2022-04-08 12:00:00,7.1,0.2605461
2022-04-08 13:00:00,7.5,0.2643779
2022-04-08 14:00:00,8.4,0.3112163
2022-04-08 15:00:00,7.9,0.3532709
2022-04-08 16:00:00,7.9,0.3770709
2022-04-08 17:00:00,8.0,0.3963489
2022-04-08 18:00:00,6.7,0.429181
2022-04-08 19:00:00,4.0,0.4742463
2022-04-08 20:00:00,3.9,0.4638576000000001
2022-04-08 21:00:00,3.8,0.419542
2022-04-08 22:00:00,2.9,0.3814620000000001
2022-04-08 23:00:00,2.2,0.3459762
2022-04-09 00:00:00,2.7,0.2975075
2022-04-09 01:00:00,2.9,0.2872139999999999
2022-04-09 02:00:00,2.8,0.2656869
2022-04-09 03:00:00,3.2,0.2546318
2022-04-09 04:00:00,3.0,0.2497528
2022-04-09 05:00:00,2.9,0.2462066
2022-04-09 06:00:00,2.7,0.2467064
2022-04-09 07:00:00,3.2,0.2604985
2022-04-09 08:00:00,4.5,0.254251
2022-04-09 09:00:00,5.4,0.2385668
2022-04-09 10:00:00,7.3,0.1855166
2022-04-09 11:00:00,7.8,0.1615976
2022-04-09 12:00:00,8.4,0.1555881
2022-04-09 13:00:00,6.7,0.1552668
2022-04-09 14:00:00,4.0,0.1526369
2022-04-09 15:00:00,6.1,0.155481
2022-04-09 16:00:00,5.1,0.1555643
2022-04-09 17:00:00,4.6,0.1579562
2022-04-09 18:00:00,4.4,0.2458139
2022-04-09 19:00:00,3.3,0.2709943
2022-04-09 20:00:00,2.7,0.28055
2022-04-09 21:00:00,2.9,0.2638305
2022-04-09 22:00:00,2.5,0.2624263
2022-04-09 23:00:00,2.2,0.2387572
2022-04-10 00:00:00,2.5,0.2400424
2022-04-10 01:00:00,2.5,0.1867185
2022-04-10 02:00:00,1.9,0.1848621
2022-04-10 03:00:00,2.4,0.1861473
2022-04-10 04:00:00,2.2,0.2032476
2022-04-10 05:00:00,1.5,0.1994515
2022-04-10 06:00:00,1.7,0.1864805
2022-04-10 07:00:00,2.2,0.2091738
2022-04-10 08:00:00,3.8,0.1981544
2022-04-10 09:00:00,4.7,0.1820537
2022-04-10 10:00:00,5.5,0.1702251
2022-04-10 11:00:00,6.3,0.17107
2022-04-10 12:00:00,6.9,0.1619189
2022-04-10 13:00:00,5.8,0.155719
2022-04-10 14:00:00,8.3,0.1557071
2022-04-10 15:00:00,7.2,0.1560998
2022-04-10 16:00:00,7.9,0.1657388
2022-04-10 17:00:00,7.5,0.2401257
2022-04-10 18:00:00,5.9,0.322081
2022-04-10 19:00:00,5.1,0.4334769
2022-04-10 20:00:00,3.6,0.4556942
2022-04-10 21:00:00,4.7,0.4406526
2022-04-10 22:00:00,4.5,0.4391532
2022-04-10 23:00:00,3.7,0.422517
2022-04-11 00:00:00,2.5,0.3726321999999999
2022-04-11 01:00:00,1.3,0.3757262
2022-04-11 02:00:00,1.2,0.375274
2022-04-11 03:00:00,1.2,0.3765592
2022-04-11 04:00:00,1.6,0.3883045
2022-04-11 05:00:00,2.2,0.4180664
2022-04-11 06:00:00,1.7,0.4708429
2022-04-11 07:00:00,2.2,0.5125167
2022-04-11 08:00:00,4.8,0.4947856999999999
2022-04-11 09:00:00,7.8,0.45905
2022-04-11 10:00:00,8.8,0.4113548
2022-04-11 11:00:00,9.7,0.3825449
2022-04-11 12:00:00,11.0,0.3791415
2022-04-11 13:00:00,11.3,0.3719896
2022-04-11 14:00:00,12.3,0.3697762
2022-04-11 15:00:00,12.6,0.3695263
2022-04-11 16:00:00,13.0,0.3732034000000001
2022-04-11 17:00:00,13.2,0.4166741
2022-04-11 18:00:00,12.5,0.4689508
2022-04-11 19:00:00,10.4,0.5090181
2022-04-11 20:00:00,8.6,0.5011403000000001
2022-04-11 21:00:00,7.9,0.4742939
2022-04-11 22:00:00,6.6,0.4507081
2022-04-11 23:00:00,5.6,0.398836
2022-04-12 00:00:00,5.5,0.385151
2022-04-12 01:00:00,4.9,0.3801649
2022-04-12 02:00:00,3.9,0.3747147
2022-04-12 03:00:00,3.1,0.37337
2022-04-12 04:00:00,2.7,0.3764045
2022-04-12 05:00:00,3.1,0.3835207
2022-04-12 06:00:00,3.0,0.4287526
2022-04-12 07:00:00,4.3,0.4754482
2022-04-12 08:00:00,6.7,0.4653927
2022-04-12 09:00:00,9.1,0.4162338
2022-04-12 10:00:00,11.6,0.3727869
2022-04-12 11:00:00,13.4,0.3606608
2022-04-12 12:00:00,15.4,0.3175828
2022-04-12 13:00:00,16.2,0.2865238
2022-04-12 14:00:00,17.4,0.2746119
2022-04-12 15:00:00,18.3,0.2961866
2022-04-12 16:00:00,18.3,0.322081
2022-04-12 17:00:00,17.7,0.369086
2022-04-12 18:00:00,17.3,0.4120093
2022-04-12 19:00:00,16.3,0.4353571
2022-04-12 20:00:00,15.6,0.4334293
2022-04-12 21:00:00,14.8,0.3806052
2022-04-12 22:00:00,13.7,0.3667774
2022-04-12 23:00:00,12.8,0.3195106
2022-04-13 00:00:00,12.5,0.3479873
2022-04-13 01:00:00,10.7,0.3529139
2022-04-13 02:00:00,8.7,0.3499389
2022-04-13 03:00:00,8.8,0.3550797
2022-04-13 04:00:00,8.0,0.3706687
2022-04-13 05:00:00,7.7,0.4082608
2022-04-13 06:00:00,7.9,0.4516006
2022-04-13 07:00:00,9.6,0.4739488
2022-04-13 08:00:00,13.0,0.4814577
2022-04-13 09:00:00,15.6,0.4581575
2022-04-13 10:00:00,17.9,0.408951
2022-04-13 11:00:00,19.3,0.3846155
2022-04-13 12:00:00,20.4,0.3801768
2022-04-13 13:00:00,21.0,0.3876976
2022-04-13 14:00:00,21.8,0.3936595
2022-04-13 15:00:00,21.6,0.38884
2022-04-13 16:00:00,21.6,0.3941593
2022-04-13 17:00:00,20.4,0.4426875
2022-04-13 18:00:00,19.2,0.472378
2022-04-13 19:00:00,18.1,0.5113505
2022-04-13 20:00:00,17.8,0.5145397
2022-04-13 21:00:00,16.4,0.4757457
2022-04-13 22:00:00,14.7,0.4531
2022-04-13 23:00:00,13.5,0.4316086
2022-04-14 00:00:00,13.0,0.4322155
2022-04-14 01:00:00,12.6,0.4026797
2022-04-14 02:00:00,12.3,0.3937665999999999
2022-04-14 03:00:00,12.0,0.3912795
2022-04-14 04:00:00,11.5,0.3935643
2022-04-14 05:00:00,11.3,0.3989074
2022-04-14 06:00:00,11.2,0.45786
2022-04-14 07:00:00,11.2,0.4796726999999999
2022-04-14 08:00:00,11.5,0.4913109
2022-04-14 09:00:00,12.5,0.4564082
2022-04-14 10:00:00,14.0,0.4130565
2022-04-14 11:00:00,14.3,0.4085226
2022-04-14 12:00:00,15.4,0.3962656
2022-04-14 13:00:00,16.4,0.3878761
2022-04-14 14:00:00,15.9,0.3860316
2022-04-14 15:00:00,16.1,0.3840681
2022-04-14 16:00:00,16.2,0.3870907
2022-04-14 17:00:00,15.7,0.408832
2022-04-14 18:00:00,15.6,0.4470786
2022-04-14 19:00:00,14.7,0.4781732999999999
2022-04-14 20:00:00,11.9,0.4796489
2022-04-14 21:00:00,10.5,0.4714974
2022-04-14 22:00:00,10.2,0.4574792
2022-04-14 23:00:00,9.7,0.4344884
2022-04-15 00:00:00,7.6,0.411331
2022-04-15 01:00:00,7.9,0.3917555
2022-04-15 02:00:00,7.7,0.3867932
2022-04-15 03:00:00,7.7,0.3822831
2022-04-15 04:00:00,7.5,0.3839134
2022-04-15 05:00:00,7.2,0.3898634
2022-04-15 06:00:00,7.2,0.3999427
2022-04-15 07:00:00,7.0,0.4183282
2022-04-15 08:00:00,7.5,0.4053572
2022-04-15 09:00:00,8.6,0.3816047999999999
2022-04-15 10:00:00,9.0,0.3824378
2022-04-15 11:00:00,9.6,0.3775945
2022-04-15 12:00:00,9.0,0.3460357
2022-04-15 13:00:00,9.1,0.3551035
2022-04-15 14:00:00,9.2,0.3428822
2022-04-15 15:00:00,10.4,0.3354209
2022-04-15 16:00:00,10.3,0.3400619
2022-04-15 17:00:00,10.4,0.3689908
2022-04-15 18:00:00,10.0,0.3890899
2022-04-15 19:00:00,9.8,0.4273365
2022-04-15 20:00:00,9.6,0.4364281
2022-04-15 21:00:00,9.3,0.4041196
2022-04-15 22:00:00,8.9,0.3996571
2022-04-15 23:00:00,8.5,0.3891256
2022-04-16 00:00:00,8.0,0.3830804
2022-04-16 01:00:00,7.6,0.3738103
2022-04-16 02:00:00,6.8,0.3674199999999999
2022-04-16 03:00:00,6.2,0.3629099
2022-04-16 04:00:00,4.3,0.3600539
2022-04-16 05:00:00,2.8,0.3692526
2022-04-16 06:00:00,1.7,0.3804862
2022-04-16 07:00:00,3.1,0.3830328
2022-04-16 08:00:00,4.8,0.381224
2022-04-16 09:00:00,6.4,0.3610178
2022-04-16 10:00:00,7.1,0.3300302
2022-04-16 11:00:00,8.9,0.3007681
2022-04-16 12:00:00,10.5,0.2536084
2022-04-16 13:00:00,11.4,0.218551
2022-04-16 14:00:00,12.0,0.1957982
2022-04-16 15:00:00,12.6,0.2035808
2022-04-16 16:00:00,12.8,0.2339496
2022-04-16 17:00:00,13.0,0.2837749
2022-04-16 18:00:00,12.6,0.3593161
2022-04-16 19:00:00,11.5,0.3877452
2022-04-16 20:00:00,8.6,0.4005139
2022-04-16 21:00:00,7.2,0.3870193
2022-04-16 22:00:00,6.0,0.3648496
2022-04-16 23:00:00,5.8,0.3541872
2022-04-17 00:00:00,3.9,0.3462618
2022-04-17 01:00:00,2.9,0.3221643
2022-04-17 02:00:00,2.7,0.3004944
2022-04-17 03:00:00,2.4,0.3024222
2022-04-17 04:00:00,1.5,0.3150123999999999
2022-04-17 05:00:00,1.3,0.3221524
2022-04-17 06:00:00,1.0,0.329459
2022-04-17 07:00:00,3.0,0.3269719
2022-04-17 08:00:00,5.9,0.3145245
2022-04-17 09:00:00,8.3,0.2746
2022-04-17 10:00:00,10.3,0.2459448
2022-04-17 11:00:00,11.5,0.2047351
2022-04-17 12:00:00,12.6,0.1802687
2022-04-17 13:00:00,13.3,0.1556833
2022-04-17 14:00:00,14.4,0.1556
2022-04-17 15:00:00,14.8,0.1556952
2022-04-17 16:00:00,15.0,0.17345
2022-04-17 17:00:00,14.8,0.234378
2022-04-17 18:00:00,14.3,0.3436438
2022-04-17 19:00:00,13.2,0.3728345
2022-04-17 20:00:00,10.9,0.3835326
2022-04-17 21:00:00,9.4,0.3791772
2022-04-17 22:00:00,8.0,0.3596374
2022-04-17 23:00:00,5.6,0.3437033
2022-04-18 00:00:00,5.4,0.269721
2022-04-18 01:00:00,5.0,0.25199
2022-04-18 02:00:00,4.5,0.25556
2022-04-18 03:00:00,2.7,0.25199
2022-04-18 04:00:00,1.4,0.2570475
2022-04-18 05:00:00,1.5,0.2654489
2022-04-18 06:00:00,1.7,0.2689237
2022-04-18 07:00:00,4.2,0.28055
2022-04-18 08:00:00,7.6,0.2848935
2022-04-18 09:00:00,10.9,0.2760042
2022-04-18 10:00:00,13.2,0.2692569
2022-04-18 11:00:00,13.9,0.2542748
2022-04-18 12:00:00,14.1,0.2460162
2022-04-18 13:00:00,15.0,0.2283923
2022-04-18 14:00:00,15.9,0.20915
2022-04-18 15:00:00,16.1,0.2276902
2022-04-18 16:00:00,16.0,0.2542748
2022-04-18 17:00:00,16.0,0.2998875
2022-04-18 18:00:00,15.5,0.3815096
2022-04-18 19:00:00,14.1,0.441557
2022-04-18 20:00:00,11.8,0.4539687
2022-04-18 21:00:00,10.9,0.425254
2022-04-18 22:00:00,9.6,0.4188637
2022-04-18 23:00:00,7.5,0.39598
2022-04-19 00:00:00,6.8,0.39955
2022-04-19 01:00:00,6.5,0.3852462
2022-04-19 02:00:00,5.3,0.3830565999999999
2022-04-19 03:00:00,5.0,0.3828304999999999
2022-04-19 04:00:00,4.4,0.3817
2022-04-19 05:00:00,3.1,0.3943259
2022-04-19 06:00:00,3.0,0.4546113
2022-04-19 07:00:00,4.8,0.5024017000000001
2022-04-19 08:00:00,7.1,0.5071617
2022-04-19 09:00:00,8.7,0.4598949
2022-04-19 10:00:00,10.4,0.4323226
2022-04-19 11:00:00,12.0,0.4027749
2022-04-19 12:00:00,12.9,0.3859364
2022-04-19 13:00:00,14.7,0.3782014
2022-04-19 14:00:00,15.1,0.3657183
2022-04-19 15:00:00,15.3,0.3651709
2022-04-19 16:00:00,15.5,0.3566386
2022-04-19 17:00:00,15.2,0.3856627
2022-04-19 18:00:00,14.5,0.4232667
2022-04-19 19:00:00,13.2,0.4400457
2022-04-19 20:00:00,10.3,0.4412119
2022-04-19 21:00:00,9.1,0.421684
2022-04-19 22:00:00,7.9,0.3936
2022-04-19 23:00:00,6.8,0.3747979999999999
2022-04-20 00:00:00,6.5,0.38289
2022-04-20 01:00:00,5.6,0.3811645
2022-04-20 02:00:00,4.6,0.373489
2022-04-20 03:00:00,4.5,0.3737032
2022-04-20 04:00:00,3.5,0.3738222
2022-04-20 05:00:00,3.0,0.3911724
2022-04-20 06:00:00,3.0,0.4260156
2022-04-20 07:00:00,3.4,0.4530048
2022-04-20 08:00:00,5.4,0.452981
2022-04-20 09:00:00,7.9,0.4054524
2022-04-20 10:00:00,10.4,0.385865
2022-04-20 11:00:00,12.5,0.3804029
2022-04-20 12:00:00,13.1,0.3648853
2022-04-20 13:00:00,14.1,0.3559603
2022-04-20 14:00:00,14.5,0.344691
2022-04-20 15:00:00,14.9,0.3602205
2022-04-20 16:00:00,15.6,0.3648615
2022-04-20 17:00:00,14.6,0.3890185
2022-04-20 18:00:00,14.6,0.4209105
2022-04-20 19:00:00,13.6,0.45191
2022-04-20 20:00:00,11.6,0.4531
2022-04-20 21:00:00,10.4,0.4402242
2022-04-20 22:00:00,9.7,0.417519
2022-04-20 23:00:00,8.5,0.3959443
2022-04-21 00:00:00,7.2,0.3799745
2022-04-21 01:00:00,5.5,0.3697048
2022-04-21 02:00:00,6.0,0.3710852
2022-04-21 03:00:00,5.6,0.3685148
2022-04-21 04:00:00,4.8,0.370395
2022-04-21 05:00:00,3.0,0.3935048
2022-04-21 06:00:00,2.0,0.4290144
2022-04-21 07:00:00,3.2,0.4602638
2022-04-21 08:00:00,5.9,0.4605375
2022-04-21 09:00:00,6.9,0.4319894
2022-04-21 10:00:00,8.9,0.4030367
2022-04-21 11:00:00,11.0,0.3900419
2022-04-21 12:00:00,12.5,0.3758214
2022-04-21 13:00:00,12.3,0.3653375
2022-04-21 14:00:00,13.1,0.3554367
2022-04-21 15:00:00,13.0,0.3555795
2022-04-21 16:00:00,13.4,0.361946
2022-04-21 17:00:00,12.9,0.3761546
2022-04-21 18:00:00,12.6,0.3995024
2022-04-21 19:00:00,12.3,0.4181378
2022-04-21 20:00:00,10.5,0.4216959
2022-04-21 21:00:00,9.6,0.4179236
2022-04-21 22:00:00,9.3,0.3932549
2022-04-21 23:00:00,8.9,0.3633978
2022-04-22 00:00:00,8.4,0.3829733
2022-04-22 01:00:00,8.7,0.3744767
2022-04-22 02:00:00,8.3,0.3781419
2022-04-22 03:00:00,8.3,0.3690979
2022-04-22 04:00:00,7.8,0.3651471
2022-04-22 05:00:00,7.2,0.3812002
2022-04-22 06:00:00,6.9,0.4151033
2022-04-22 07:00:00,6.7,0.4411405
2022-04-22 08:00:00,6.9,0.446079
2022-04-22 09:00:00,7.6,0.4186495
2022-04-22 10:00:00,9.1,0.3895064
2022-04-22 11:00:00,10.9,0.3420849
2022-04-22 12:00:00,12.1,0.3012917
2022-04-22 13:00:00,14.2,0.2728388
2022-04-22 14:00:00,15.3,0.2588563
2022-04-22 15:00:00,15.3,0.2588563
2022-04-22 16:00:00,14.9,0.2773846
2022-04-22 17:00:00,14.1,0.31863
2022-04-22 18:00:00,14.0,0.3701094
2022-04-22 19:00:00,13.3,0.4050359
2022-04-22 20:00:00,12.3,0.4054643
2022-04-22 21:00:00,12.2,0.37575
2022-04-22 22:00:00,12.0,0.3819023
2022-04-22 23:00:00,12.0,0.3309108
2022-04-23 00:00:00,11.7,0.3108474
2022-04-23 01:00:00,11.4,0.2941636
2022-04-23 02:00:00,9.5,0.2848935
2022-04-23 03:00:00,8.4,0.2972576
2022-04-23 04:00:00,7.4,0.297686
2022-04-23 05:00:00,6.9,0.3011608
2022-04-23 06:00:00,6.6,0.3083008
2022-04-23 07:00:00,7.9,0.3265316
2022-04-23 08:00:00,9.7,0.3239849999999999
2022-04-23 09:00:00,11.4,0.2540011
2022-04-23 10:00:00,12.4,0.2215617
2022-04-23 11:00:00,13.5,0.1745448
2022-04-23 12:00:00,14.9,0.1584917
2022-04-23 13:00:00,15.3,0.1556119
2022-04-23 14:00:00,16.4,0.1556952
2022-04-23 15:00:00,16.4,0.1616333
2022-04-23 16:00:00,16.9,0.1799355
2022-04-23 17:00:00,16.7,0.2684715
2022-04-23 18:00:00,16.2,0.3208553
2022-04-23 19:00:00,15.1,0.3557461
2022-04-23 20:00:00,11.9,0.3595184
2022-04-23 21:00:00,11.1,0.3198795
2022-04-23 22:00:00,11.1,0.2962937
2022-04-23 23:00:00,11.0,0.2721605
2022-04-24 00:00:00,9.4,0.2752902
2022-04-24 01:00:00,8.5,0.2664366
2022-04-24 02:00:00,7.1,0.2649848
2022-04-24 03:00:00,6.5,0.2601772
2022-04-24 04:00:00,5.4,0.2556314
2022-04-24 05:00:00,4.6,0.2601296
2022-04-24 06:00:00,4.8,0.2600939
2022-04-24 07:00:00,7.2,0.268769
2022-04-24 08:00:00,8.5,0.2704469
2022-04-24 09:00:00,9.7,0.2530372
2022-04-24 10:00:00,12.2,0.244731
2022-04-24 11:00:00,12.9,0.2425057
2022-04-24 12:00:00,13.9,0.2208834
2022-04-24 13:00:00,14.5,0.1966669
2022-04-24 14:00:00,15.3,0.196298
2022-04-24 15:00:00,14.9,0.2080671
2022-04-24 16:00:00,14.8,0.2422439
2022-04-24 17:00:00,14.7,0.2885587
2022-04-24 18:00:00,14.1,0.3519619
2022-04-24 19:00:00,13.7,0.3919935
2022-04-24 20:00:00,12.8,0.4232905
2022-04-24 21:00:00,11.3,0.4134254
2022-04-24 22:00:00,10.1,0.4004187
2022-04-24 23:00:00,8.9,0.3781181
2022-04-25 00:00:00,7.8,0.3757024
2022-04-25 01:00:00,7.3,0.3742982
2022-04-25 02:00:00,7.0,0.3764997
2022-04-25 03:00:00,6.8,0.377059
2022-04-25 04:00:00,6.7,0.3794628
2022-04-25 05:00:00,6.6,0.3936714
2022-04-25 06:00:00,6.5,0.4379037
2022-04-25 07:00:00,6.5,0.4672253
2022-04-25 08:00:00,6.1,0.4798393000000001
2022-04-25 09:00:00,6.3,0.4519814
2022-04-25 10:00:00,7.0,0.4323821
2022-04-25 11:00:00,7.4,0.4268843
2022-04-25 12:00:00,8.2,0.40669
2022-04-25 13:00:00,9.3,0.3936
2022-04-25 14:00:00,10.2,0.387531
2022-04-25 15:00:00,11.9,0.3840681
2022-04-25 16:00:00,11.9,0.381105
2022-04-25 17:00:00,11.6,0.4046075
2022-04-25 18:00:00,11.5,0.4563249
2022-04-25 19:00:00,10.5,0.4815172
2022-04-25 20:00:00,10.0,0.4836949
2022-04-25 21:00:00,9.9,0.4708667
2022-04-25 22:00:00,8.4,0.45786
2022-04-25 23:00:00,7.8,0.4357736
2022-04-26 00:00:00,6.5,0.4085226
2022-04-26 01:00:00,5.3,0.3995619
2022-04-26 02:00:00,6.2,0.3990621
2022-04-26 03:00:00,4.4,0.3948733
2022-04-26 04:00:00,3.4,0.3985504
2022-04-26 05:00:00,3.8,0.4328105
2022-04-26 06:00:00,2.2,0.4727588
2022-04-26 07:00:00,5.7,0.5006999999999999
2022-04-26 08:00:00,9.4,0.5006999999999999
2022-04-26 09:00:00,11.3,0.4655712000000001
2022-04-26 10:00:00,13.2,0.4362972
2022-04-26 11:00:00,13.9,0.4224932
2022-04-26 12:00:00,14.2,0.4166979
2022-04-26 13:00:00,13.9,0.4060831
2022-04-26 14:00:00,14.8,0.4104861
2022-04-26 15:00:00,14.9,0.4119498
2022-04-26 16:00:00,14.8,0.4067257
2022-04-26 17:00:00,13.9,0.4411167
2022-04-26 18:00:00,13.0,0.4657497
2022-04-26 19:00:00,12.1,0.48999
2022-04-26 20:00:00,11.8,0.4968444
2022-04-26 21:00:00,10.0,0.4769119
2022-04-26 22:00:00,8.8,0.45905
2022-04-26 23:00:00,8.6,0.4315729
2022-04-27 00:00:00,7.0,0.4015968
2022-04-27 01:00:00,5.6,0.3912319
2022-04-27 02:00:00,4.7,0.3892684
2022-04-27 03:00:00,4.3,0.3870907
2022-04-27 04:00:00,3.4,0.3906369
2022-04-27 05:00:00,2.2,0.4054286
2022-04-27 06:00:00,2.5,0.446198
2022-04-27 07:00:00,5.1,0.4781018999999999
2022-04-27 08:00:00,7.5,0.4721162
2022-04-27 09:00:00,9.5,0.4563606
2022-04-27 10:00:00,11.1,0.4236118
2022-04-27 11:00:00,11.9,0.4104028
2022-04-27 12:00:00,13.2,0.4027154
2022-04-27 13:00:00,13.7,0.3943378
2022-04-27 14:00:00,14.5,0.3855318
2022-04-27 15:00:00,15.0,0.3828424
2022-04-27 16:00:00,15.2,0.3833065
2022-04-27 17:00:00,14.5,0.4013231
2022-04-27 18:00:00,13.9,0.4403789
2022-04-27 19:00:00,12.5,0.4744009999999999
2022-04-27 20:00:00,10.6,0.4725327
2022-04-27 21:00:00,9.0,0.4589786
2022-04-27 22:00:00,8.0,0.4356427
2022-04-27 23:00:00,6.9,0.3966583
2022-04-28 00:00:00,4.9,0.4110097
2022-04-28 01:00:00,3.6,0.3959086
2022-04-28 02:00:00,2.6,0.39122
2022-04-28 03:00:00,2.1,0.3952303
2022-04-28 04:00:00,1.4,0.395385
2022-04-28 05:00:00,1.4,0.4154365
2022-04-28 06:00:00,1.1,0.45905
2022-04-28 07:00:00,4.1,0.4928103
2022-04-28 08:00:00,7.3,0.4879551000000001
2022-04-28 09:00:00,9.3,0.4545994
2022-04-28 10:00:00,10.2,0.4232667
2022-04-28 11:00:00,11.2,0.4097364
2022-04-28 12:00:00,12.3,0.40312
2022-04-28 13:00:00,13.1,0.3937071
2022-04-28 14:00:00,13.9,0.3900895
2022-04-28 15:00:00,15.0,0.389197
2022-04-28 16:00:00,15.4,0.3901847
2022-04-28 17:00:00,15.5,0.4145797
2022-04-28 18:00:00,15.3,0.45905
2022-04-28 19:00:00,13.8,0.4877170999999999
2022-04-28 20:00:00,11.4,0.4946429
2022-04-28 21:00:00,10.1,0.4756029
2022-04-28 22:00:00,8.9,0.4573364
2022-04-28 23:00:00,6.7,0.4207082
2022-04-29 00:00:00,5.2,0.4007995
2022-04-29 01:00:00,3.9,0.3973485
2022-04-29 02:00:00,3.1,0.3965988
2022-04-29 03:00:00,2.8,0.3974437
2022-04-29 04:00:00,2.9,0.3996571
2022-04-29 05:00:00,2.8,0.4100934
2022-04-29 06:00:00,2.2,0.4599663
2022-04-29 07:00:00,3.7,0.4888714
2022-04-29 08:00:00,6.6,0.5021518
2022-04-29 09:00:00,9.4,0.4606445999999999
2022-04-29 10:00:00,11.6,0.4296927
2022-04-29 11:00:00,13.3,0.414306
2022-04-29 12:00:00,14.6,0.4035603
2022-04-29 13:00:00,15.3,0.3903275
2022-04-29 14:00:00,13.9,0.3879356
2022-04-29 15:00:00,14.2,0.3876976
2022-04-29 16:00:00,14.3,0.40074
2022-04-29 17:00:00,13.9,0.412997
2022-04-29 18:00:00,13.5,0.4495062
2022-04-29 19:00:00,11.9,0.4674752
2022-04-29 20:00:00,11.0,0.4719853
2022-04-29 21:00:00,9.5,0.4590143
2022-04-29 22:00:00,8.7,0.4430564
2022-04-29 23:00:00,8.0,0.4149129
2022-04-30 00:00:00,7.4,0.3992882
2022-04-30 01:00:00,6.7,0.380629
2022-04-30 02:00:00,6.3,0.3815929
2022-04-30 03:00:00,6.1,0.3786893
2022-04-30 04:00:00,5.7,0.3816524
2022-04-30 05:00:00,5.4,0.3874239
2022-04-30 06:00:00,5.3,0.39479
2022-04-30 07:00:00,6.0,0.4014421
2022-04-30 08:00:00,7.0,0.4055119
2022-04-30 09:00:00,7.6,0.4005615
2022-04-30 10:00:00,8.4,0.3887805
2022-04-30 11:00:00,9.8,0.3776302
2022-04-30 12:00:00,10.2,0.3698476
2022-04-30 13:00:00,11.0,0.3613986
2022-04-30 14:00:00,11.6,0.3535565
2022-04-30 15:00:00,12.3,0.3456311
2022-04-30 16:00:00,12.4,0.3539135
2022-04-30 17:00:00,13.0,0.3841038
2022-04-30 18:00:00,12.6,0.4246471
2022-04-30 19:00:00,11.8,0.4494943
2022-04-30 20:00:00,11.2,0.4562415999999999
2022-04-30 21:00:00,10.4,0.4496609
2022-04-30 22:00:00,10.0,0.4401171
2022-04-30 23:00:00,9.4,0.41621
2022-05-01 00:00:00,9.1,0.40074
2022-05-01 01:00:00,8.7,0.393243
2022-05-01 02:00:00,8.1,0.3906964
2022-05-01 03:00:00,7.8,0.384318
2022-05-01 04:00:00,7.2,0.3905417
2022-05-01 05:00:00,7.0,0.3951708
2022-05-01 06:00:00,7.2,0.38765
2022-05-01 07:00:00,7.6,0.3875905
2022-05-01 08:00:00,8.4,0.3780586
2022-05-01 09:00:00,9.7,0.3722276
2022-05-01 10:00:00,11.5,0.3665989
2022-05-01 11:00:00,12.1,0.365635
2022-05-01 12:00:00,13.2,0.3637548
2022-05-01 13:00:00,13.7,0.3349806
2022-05-01 14:00:00,15.0,0.322676
2022-05-01 15:00:00,13.9,0.320891
2022-05-01 16:00:00,13.9,0.341121
2022-05-01 17:00:00,13.8,0.3781776
2022-05-01 18:00:00,13.4,0.4124615
2022-05-01 19:00:00,12.3,0.4524217
2022-05-01 20:00:00,10.9,0.4589786
2022-05-01 21:00:00,10.7,0.4448057
2022-05-01 22:00:00,10.3,0.4408668
2022-05-01 23:00:00,6.2,0.4126043
2022-05-02 00:00:00,6.5,0.4012874
2022-05-02 01:00:00,5.4,0.3934453
2022-05-02 02:00:00,4.7,0.3872811
2022-05-02 03:00:00,5.0,0.3861744
2022-05-02 04:00:00,2.9,0.3892446
2022-05-02 05:00:00,5.1,0.4054524
2022-05-02 06:00:00,5.3,0.4517672
2022-05-02 07:00:00,6.3,0.4769
2022-05-02 08:00:00,8.3,0.4704383
2022-05-02 09:00:00,11.4,0.4399862
2022-05-02 10:00:00,14.0,0.3867813
2022-05-02 11:00:00,15.5,0.3816643
2022-05-02 12:00:00,16.2,0.3825092
2022-05-02 13:00:00,17.5,0.3822355
2022-05-02 14:00:00,17.6,0.3789035
2022-05-02 15:00:00,17.5,0.3758095
2022-05-02 16:00:00,18.4,0.379558
2022-05-02 17:00:00,17.7,0.4158768
2022-05-02 18:00:00,16.4,0.4460909
2022-05-02 19:00:00,15.5,0.4697243
2022-05-02 20:00:00,13.3,0.4714379000000001
2022-05-02 21:00:00,12.4,0.4572888
2022-05-02 22:00:00,10.7,0.4425209
2022-05-02 23:00:00,9.2,0.4173048
2022-05-03 00:00:00,6.8,0.375155
2022-05-03 01:00:00,6.5,0.3722871
2022-05-03 02:00:00,4.7,0.3746552000000001
2022-05-03 03:00:00,3.7,0.3758928
2022-05-03 04:00:00,2.8,0.3781776
2022-05-03 05:00:00,1.9,0.3831161
2022-05-03 06:00:00,3.2,0.4367494
2022-05-03 07:00:00,6.2,0.4601924
2022-05-03 08:00:00,9.1,0.4601924
2022-05-03 09:00:00,11.1,0.432513
2022-05-03 10:00:00,12.5,0.4008233
2022-05-03 11:00:00,13.8,0.3938856
2022-05-03 12:00:00,15.2,0.3885901
2022-05-03 13:00:00,15.8,0.3903751
2022-05-03 14:00:00,17.1,0.3875191
2022-05-03 15:00:00,15.7,0.3882926
2022-05-03 16:00:00,14.7,0.3912081
2022-05-03 17:00:00,14.1,0.4161981
2022-05-03 18:00:00,13.5,0.4530524
2022-05-03 19:00:00,12.2,0.4768286
2022-05-03 20:00:00,10.2,0.4771737
2022-05-03 21:00:00,9.1,0.4671063
2022-05-03 22:00:00,6.5,0.4569199
2022-05-03 23:00:00,6.6,0.4280386
2022-05-04 00:00:00,4.7,0.40074
2022-05-04 01:00:00,3.6,0.3936
2022-05-04 02:00:00,2.5,0.3940046
2022-05-04 03:00:00,2.0,0.3949328
2022-05-04 04:00:00,1.9,0.3949566
2022-05-04 05:00:00,1.9,0.4225408
2022-05-04 06:00:00,2.6,0.4609302
2022-05-04 07:00:00,5.4,0.508911
2022-05-04 08:00:00,7.6,0.488919
2022-05-04 09:00:00,10.1,0.4591571
2022-05-04 10:00:00,10.4,0.4245519
2022-05-04 11:00:00,12.8,0.4047979
2022-05-04 12:00:00,14.1,0.3991215999999999
2022-05-04 13:00:00,15.5,0.3961585
2022-05-04 14:00:00,15.7,0.3930169
2022-05-04 15:00:00,16.4,0.394314
2022-05-04 16:00:00,16.9,0.4010256
2022-05-04 17:00:00,16.4,0.4306804
2022-05-04 18:00:00,15.5,0.4530762
2022-05-04 19:00:00,14.7,0.4833736
2022-05-04 20:00:00,12.9,0.4905731
2022-05-04 21:00:00,10.8,0.4690103
2022-05-04 22:00:00,10.2,0.449411
2022-05-04 23:00:00,8.6,0.4322393
2022-05-05 00:00:00,6.9,0.423588
2022-05-05 01:00:00,4.8,0.4036436
2022-05-05 02:00:00,4.5,0.4032628
2022-05-05 03:00:00,3.7,0.3996571
2022-05-05 04:00:00,3.1,0.399431
2022-05-05 05:00:00,2.5,0.4183163
2022-05-05 06:00:00,2.5,0.4590024
2022-05-05 07:00:00,6.6,0.4829214
2022-05-05 08:00:00,9.1,0.4745438
2022-05-05 09:00:00,11.1,0.4566224
2022-05-05 10:00:00,12.2,0.4352857
2022-05-05 11:00:00,14.0,0.4317871
2022-05-05 12:00:00,15.6,0.422755
2022-05-05 13:00:00,16.9,0.4114975999999999
2022-05-05 14:00:00,17.1,0.406571
2022-05-05 15:00:00,16.9,0.4054999999999999
2022-05-05 16:00:00,17.3,0.4059165
2022-05-05 17:00:00,17.7,0.42811
2022-05-05 18:00:00,16.6,0.4498632
2022-05-05 19:00:00,16.3,0.46857
2022-05-05 20:00:00,14.3,0.4847659
2022-05-05 21:00:00,13.6,0.4649524
2022-05-05 22:00:00,10.5,0.4552896
2022-05-05 23:00:00,10.3,0.4394388
2022-05-06 00:00:00,9.9,0.4182211
2022-05-06 01:00:00,8.1,0.4099506
2022-05-06 02:00:00,6.1,0.4025964
2022-05-06 03:00:00,6.6,0.3983838
2022-05-06 04:00:00,6.8,0.4014183
2022-05-06 05:00:00,5.6,0.4162933
2022-05-06 06:00:00,6.4,0.4601329
2022-05-06 07:00:00,10.5,0.4827548
2022-05-06 08:00:00,13.8,0.4685343
2022-05-06 09:00:00,16.5,0.437392
2022-05-06 10:00:00,17.4,0.4174
2022-05-06 11:00:00,18.4,0.4032747
2022-05-06 12:00:00,18.9,0.402406
2022-05-06 13:00:00,19.7,0.3838539
2022-05-06 14:00:00,20.2,0.3817119
2022-05-06 15:00:00,20.8,0.3781419
2022-05-06 16:00:00,19.7,0.384913
2022-05-06 17:00:00,19.0,0.4073921
2022-05-06 18:00:00,18.7,0.4401171
2022-05-06 19:00:00,18.5,0.4611801
2022-05-06 20:00:00,17.7,0.4682011
2022-05-06 21:00:00,14.7,0.4601329
2022-05-06 22:00:00,12.5,0.4504582
2022-05-06 23:00:00,11.4,0.4357974
2022-05-07 00:00:00,10.7,0.4234928
2022-05-07 01:00:00,9.4,0.4137586
2022-05-07 02:00:00,8.7,0.4023584
2022-05-07 03:00:00,9.8,0.3936119
2022-05-07 04:00:00,8.9,0.393005
2022-05-07 05:00:00,8.8,0.393719
2022-05-07 06:00:00,11.0,0.3957182
2022-05-07 07:00:00,12.5,0.4129732
2022-05-07 08:00:00,13.7,0.4138776
2022-05-07 09:00:00,14.5,0.4037983
2022-05-07 10:00:00,16.7,0.3866623
2022-05-07 11:00:00,18.3,0.3824973
2022-05-07 12:00:00,19.5,0.3775945
2022-05-07 13:00:00,20.2,0.3631003
2022-05-07 14:00:00,20.4,0.353973
2022-05-07 15:00:00,14.5,0.3450123
2022-05-07 16:00:00,16.1,0.3557818
2022-05-07 17:00:00,17.1,0.3761070000000001
2022-05-07 18:00:00,14.2,0.3955278
2022-05-07 19:00:00,14.2,0.4206606
2022-05-07 20:00:00,14.0,0.4311683
2022-05-07 21:00:00,13.3,0.42811
2022-05-07 22:00:00,11.8,0.4211128
2022-05-07 23:00:00,11.2,0.4035722
2022-05-08 00:00:00,10.5,0.403239
2022-05-08 01:00:00,9.2,0.385627
2022-05-08 02:00:00,7.4,0.3839848
2022-05-08 03:00:00,6.1,0.3769519
2022-05-08 04:00:00,5.4,0.3733461999999999
2022-05-08 05:00:00,4.3,0.3770114
2022-05-08 06:00:00,4.9,0.3757143
2022-05-08 07:00:00,6.8,0.3768567
2022-05-08 08:00:00,8.7,0.3741078
2022-05-08 09:00:00,10.1,0.3501054999999999
2022-05-08 10:00:00,11.3,0.3225927
2022-05-08 11:00:00,12.2,0.3021723
2022-05-08 12:00:00,13.8,0.2920335
2022-05-08 13:00:00,15.0,0.2581542
2022-05-08 14:00:00,15.9,0.249015
2022-05-08 15:00:00,17.0,0.2665794
2022-05-08 16:00:00,17.6,0.290784
2022-05-08 17:00:00,17.3,0.341002
2022-05-08 18:00:00,17.2,0.3888876
2022-05-08 19:00:00,16.1,0.434774
2022-05-08 20:00:00,14.1,0.4399981
2022-05-08 21:00:00,10.7,0.4392365
2022-05-08 22:00:00,8.5,0.4244329
2022-05-08 23:00:00,8.7,0.414901
2022-05-09 00:00:00,7.4,0.4044052
2022-05-09 01:00:00,7.4,0.3926599
2022-05-09 02:00:00,4.3,0.3889233
2022-05-09 03:00:00,4.7,0.3830209
2022-05-09 04:00:00,4.2,0.3860792
2022-05-09 05:00:00,4.4,0.4063568
2022-05-09 06:00:00,5.2,0.4412
2022-05-09 07:00:00,7.8,0.4605137
2022-05-09 08:00:00,11.7,0.4531476
2022-05-09 09:00:00,14.5,0.4164599
2022-05-09 10:00:00,17.0,0.3935405
2022-05-09 11:00:00,18.3,0.3869241
2022-05-09 12:00:00,19.0,0.3763569
2022-05-09 13:00:00,20.6,0.3739174
2022-05-09 14:00:00,21.3,0.3692645
2022-05-09 15:00:00,21.2,0.3744886
2022-05-09 16:00:00,21.8,0.3824497
2022-05-09 17:00:00,22.2,0.4185067
2022-05-09 18:00:00,22.6,0.4506843
2022-05-09 19:00:00,21.1,0.4888
2022-05-09 20:00:00,19.6,0.4888
2022-05-09 21:00:00,18.1,0.4536236
2022-05-09 22:00:00,17.2,0.4377252
2022-05-09 23:00:00,16.0,0.3986575
2022-05-10 00:00:00,14.9,0.4131279
2022-05-10 01:00:00,13.3,0.4002759
2022-05-10 02:00:00,14.8,0.3754168
2022-05-10 03:00:00,14.3,0.3578762
2022-05-10 04:00:00,13.7,0.3551987
2022-05-10 05:00:00,13.8,0.3782014
2022-05-10 06:00:00,14.2,0.4222552
2022-05-10 07:00:00,15.9,0.4387605
2022-05-10 08:00:00,18.6,0.4325368
2022-05-10 09:00:00,20.3,0.4057975
2022-05-10 10:00:00,21.1,0.37575
2022-05-10 11:00:00,22.8,0.3524974
2022-05-10 12:00:00,23.6,0.282811
2022-05-10 13:00:00,24.4,0.2608436
2022-05-10 14:00:00,24.3,0.2491935
2022-05-10 15:00:00,24.1,0.2609031
2022-05-10 16:00:00,24.2,0.2907602
2022-05-10 17:00:00,23.4,0.3750717
2022-05-10 18:00:00,23.2,0.4052382
2022-05-10 19:00:00,22.4,0.4351548
2022-05-10 20:00:00,21.4,0.4411405
2022-05-10 21:00:00,18.2,0.4375824
2022-05-10 22:00:00,15.8,0.4282171
2022-05-10 23:00:00,15.0,0.3953731
2022-05-11 00:00:00,15.1,0.4021085
2022-05-11 01:00:00,15.6,0.385032
2022-05-11 02:00:00,15.9,0.376345
2022-05-11 03:00:00,16.1,0.36861
2022-05-11 04:00:00,16.1,0.3691574
2022-05-11 05:00:00,16.0,0.3766068
2022-05-11 06:00:00,16.3,0.4130803
2022-05-11 07:00:00,17.2,0.4331318
2022-05-11 08:00:00,18.0,0.42216
2022-05-11 09:00:00,19.8,0.3936
2022-05-11 10:00:00,20.3,0.3322674
2022-05-11 11:00:00,22.4,0.2688761
2022-05-11 12:00:00,23.6,0.239019
2022-05-11 13:00:00,23.3,0.1856237
2022-05-11 14:00:00,23.9,0.1600506
2022-05-11 15:00:00,24.5,0.1927994
2022-05-11 16:00:00,25.0,0.2496695
2022-05-11 17:00:00,24.7,0.295544
2022-05-11 18:00:00,23.9,0.3747742
2022-05-11 19:00:00,22.6,0.416567
2022-05-11 20:00:00,20.1,0.4196967
2022-05-11 21:00:00,18.2,0.4174
2022-05-11 22:00:00,17.3,0.4007519
2022-05-11 23:00:00,17.5,0.3851867
2022-05-12 00:00:00,14.8,0.333981
2022-05-12 01:00:00,13.3,0.3281619
2022-05-12 02:00:00,13.5,0.3222119
2022-05-12 03:00:00,14.2,0.3289354
2022-05-12 04:00:00,12.4,0.3328029
2022-05-12 05:00:00,10.8,0.3607798
2022-05-12 06:00:00,10.8,0.4078086
2022-05-12 07:00:00,11.6,0.4299664
2022-05-12 08:00:00,12.5,0.4215174
2022-05-12 09:00:00,13.5,0.3807599
2022-05-12 10:00:00,14.1,0.3270076
2022-05-12 11:00:00,16.2,0.3015297
2022-05-12 12:00:00,16.9,0.2727674
2022-05-12 13:00:00,16.6,0.2536322
2022-05-12 14:00:00,18.5,0.253537
2022-05-12 15:00:00,17.6,0.2731006
2022-05-12 16:00:00,18.4,0.3190108
2022-05-12 17:00:00,18.0,0.3744529
2022-05-12 18:00:00,18.3,0.4098911
2022-05-12 19:00:00,17.7,0.433465
2022-05-12 20:00:00,16.0,0.4433063
2022-05-12 21:00:00,13.3,0.4330723
2022-05-12 22:00:00,12.4,0.4225408
2022-05-12 23:00:00,10.0,0.4002164
2022-05-13 00:00:00,10.1,0.4054999999999999
2022-05-13 01:00:00,9.5,0.3968249
2022-05-13 02:00:00,7.3,0.38051
2022-05-13 03:00:00,6.8,0.3635406
2022-05-13 04:00:00,5.9,0.3653494
2022-05-13 05:00:00,6.7,0.397408
2022-05-13 06:00:00,9.8,0.4256467
2022-05-13 07:00:00,11.6,0.4444606
2022-05-13 08:00:00,12.6,0.4439251
2022-05-13 09:00:00,13.5,0.423469
2022-05-13 10:00:00,13.8,0.3698476
2022-05-13 11:00:00,14.4,0.3019105
2022-05-13 12:00:00,15.0,0.2624739
2022-05-13 13:00:00,15.5,0.227595
2022-05-13 14:00:00,15.4,0.1861354
2022-05-13 15:00:00,17.3,0.191062
2022-05-13 16:00:00,17.3,0.214029
2022-05-13 17:00:00,17.2,0.290903
2022-05-13 18:00:00,17.4,0.3800221
2022-05-13 19:00:00,16.9,0.4183163
2022-05-13 20:00:00,15.4,0.4305971
2022-05-13 21:00:00,13.9,0.42811
2022-05-13 22:00:00,13.6,0.4178284
2022-05-13 23:00:00,11.4,0.3895183
2022-05-14 00:00:00,10.0,0.37099
2022-05-14 01:00:00,11.1,0.3444054
2022-05-14 02:00:00,11.0,0.3341119
2022-05-14 03:00:00,11.1,0.314941
2022-05-14 04:00:00,10.8,0.3402642
2022-05-14 05:00:00,11.4,0.3566981
2022-05-14 06:00:00,11.7,0.3746433
2022-05-14 07:00:00,12.7,0.386817
2022-05-14 08:00:00,13.8,0.3756786
2022-05-14 09:00:00,14.9,0.346
2022-05-14 10:00:00,16.1,0.3032195
2022-05-14 11:00:00,17.3,0.2620574
2022-05-14 12:00:00,18.3,0.2465874
2022-05-14 13:00:00,19.2,0.1795309
2022-05-14 14:00:00,19.4,0.1630732
2022-05-14 15:00:00,19.2,0.2222162
2022-05-14 16:00:00,19.2,0.261986
2022-05-14 17:00:00,19.7,0.3484038
2022-05-14 18:00:00,18.2,0.4011922
2022-05-14 19:00:00,17.6,0.42335
2022-05-14 20:00:00,15.6,0.4412476
2022-05-14 21:00:00,13.4,0.4434253
2022-05-14 22:00:00,12.5,0.44001
2022-05-14 23:00:00,9.8,0.4223385
2022-05-15 00:00:00,8.3,0.4113429
2022-05-15 01:00:00,7.5,0.3892565
2022-05-15 02:00:00,6.7,0.3762617
2022-05-15 03:00:00,5.9,0.3628385
2022-05-15 04:00:00,5.4,0.3581023
2022-05-15 05:00:00,5.6,0.3581975
2022-05-15 06:00:00,7.6,0.3494748
2022-05-15 07:00:00,10.9,0.3442983
2022-05-15 08:00:00,14.4,0.3400262
2022-05-15 09:00:00,15.9,0.2872139999999999
2022-05-15 10:00:00,17.2,0.2698162
2022-05-15 11:00:00,18.7,0.2627
2022-05-15 12:00:00,19.5,0.24485
2022-05-15 13:00:00,21.0,0.2095665
2022-05-15 14:00:00,21.2,0.1795785
2022-05-15 15:00:00,22.1,0.2027002
2022-05-15 16:00:00,22.2,0.2462899
2022-05-15 17:00:00,22.0,0.3142627
2022-05-15 18:00:00,21.6,0.3932906
2022-05-15 19:00:00,21.2,0.4246709
2022-05-15 20:00:00,18.0,0.4299783
2022-05-15 21:00:00,16.1,0.4247542
2022-05-15 22:00:00,14.0,0.4168883
2022-05-15 23:00:00,13.6,0.394195
2022-05-16 00:00:00,13.4,0.3700142
2022-05-16 01:00:00,11.8,0.3567814
2022-05-16 02:00:00,10.3,0.3568647
2022-05-16 03:00:00,9.5,0.3577691
2022-05-16 04:00:00,9.1,0.3573407
2022-05-16 05:00:00,8.9,0.3722276
2022-05-16 06:00:00,10.9,0.4292404999999999
2022-05-16 07:00:00,13.2,0.4508152
2022-05-16 08:00:00,15.3,0.4543971
2022-05-16 09:00:00,18.1,0.4305852
2022-05-16 10:00:00,21.5,0.4062378
2022-05-16 11:00:00,22.9,0.3932192
2022-05-16 12:00:00,23.9,0.3761546
2022-05-16 13:00:00,24.3,0.3725727
2022-05-16 14:00:00,24.1,0.3762141
2022-05-16 15:00:00,24.5,0.3772493999999999
2022-05-16 16:00:00,22.0,0.3974913
2022-05-16 17:00:00,21.9,0.4164123
2022-05-16 18:00:00,22.1,0.4480306
2022-05-16 19:00:00,20.7,0.4844089
2022-05-16 20:00:00,20.2,0.4832784
2022-05-16 21:00:00,19.8,0.464881
2022-05-16 22:00:00,18.4,0.441438
2022-05-16 23:00:00,16.2,0.4035722
2022-05-17 00:00:00,15.2,0.3976341
2022-05-17 01:00:00,14.8,0.3887686
2022-05-17 02:00:00,14.7,0.380629
2022-05-17 03:00:00,14.7,0.3758095
2022-05-17 04:00:00,14.2,0.380748
2022-05-17 05:00:00,14.2,0.3962656
2022-05-17 06:00:00,13.9,0.437273
2022-05-17 07:00:00,15.7,0.4708191
2022-05-17 08:00:00,16.9,0.4818623
2022-05-17 09:00:00,17.7,0.4470429
2022-05-17 10:00:00,19.2,0.4316681
2022-05-17 11:00:00,20.4,0.4129851
2022-05-17 12:00:00,21.7,0.4032271
2022-05-17 13:00:00,21.7,0.3905774
2022-05-17 14:00:00,22.6,0.3807956
2022-05-17 15:00:00,23.0,0.3792843
2022-05-17 16:00:00,23.6,0.3985028
2022-05-17 17:00:00,23.3,0.4377847
2022-05-17 18:00:00,21.3,0.4552658
2022-05-17 19:00:00,20.3,0.5006999999999999
2022-05-17 20:00:00,19.0,0.5104698999999999
2022-05-17 21:00:00,17.3,0.4719972
2022-05-17 22:00:00,16.4,0.4476974
2022-05-17 23:00:00,17.3,0.4039887
2022-05-18 00:00:00,15.4,0.4012993
2022-05-18 01:00:00,14.7,0.3791891
2022-05-18 02:00:00,14.4,0.3653137
2022-05-18 03:00:00,14.3,0.3590662
2022-05-18 04:00:00,14.7,0.3620412
2022-05-18 05:00:00,14.6,0.3693359
2022-05-18 06:00:00,15.7,0.4173405
2022-05-18 07:00:00,17.1,0.450244
2022-05-18 08:00:00,19.8,0.4427351
2022-05-18 09:00:00,21.2,0.4067733
2022-05-18 10:00:00,23.3,0.3688123
2022-05-18 11:00:00,24.6,0.363731
2022-05-18 12:00:00,25.6,0.3697285999999999
2022-05-18 13:00:00,26.3,0.3662657
2022-05-18 14:00:00,27.3,0.3658849
2022-05-18 15:00:00,27.8,0.368491
2022-05-18 16:00:00,27.7,0.3875786
2022-05-18 17:00:00,27.3,0.4136396
2022-05-18 18:00:00,26.0,0.442628
2022-05-18 19:00:00,26.2,0.4971181
2022-05-18 20:00:00,24.7,0.4888
2022-05-18 21:00:00,23.1,0.4481972
2022-05-18 22:00:00,22.9,0.4242187
2022-05-18 23:00:00,22.0,0.3870193
2022-05-19 00:00:00,21.5,0.3899824
2022-05-19 01:00:00,21.2,0.3757619
2022-05-19 02:00:00,20.7,0.3697285999999999
2022-05-19 03:00:00,19.9,0.3653613
2022-05-19 04:00:00,19.0,0.3673962
2022-05-19 05:00:00,19.2,0.3758214
2022-05-19 06:00:00,19.5,0.4201727
2022-05-19 07:00:00,21.0,0.4531476
2022-05-19 08:00:00,22.6,0.4522789
2022-05-19 09:00:00,23.1,0.4292167
2022-05-19 10:00:00,24.5,0.3914818
2022-05-19 11:00:00,25.3,0.3745481
2022-05-19 12:00:00,26.4,0.3733224
2022-05-19 13:00:00,27.7,0.370752
2022-05-19 14:00:00,26.9,0.365278
2022-05-19 15:00:00,28.2,0.3758571
2022-05-19 16:00:00,27.3,0.3923624
2022-05-19 17:00:00,18.6,0.4221838
2022-05-19 18:00:00,17.4,0.4328581
2022-05-19 19:00:00,17.8,0.4760313
2022-05-19 20:00:00,17.2,0.480946
2022-05-19 21:00:00,16.8,0.45667
2022-05-19 22:00:00,16.3,0.4345122
2022-05-19 23:00:00,16.5,0.4094389
2022-05-20 00:00:00,16.0,0.406809
2022-05-20 01:00:00,16.4,0.3888162
2022-05-20 02:00:00,16.2,0.3811764
2022-05-20 03:00:00,14.4,0.37932
2022-05-20 04:00:00,13.5,0.3811764
2022-05-20 05:00:00,13.0,0.4038578
2022-05-20 06:00:00,13.7,0.4379156
2022-05-20 07:00:00,14.2,0.4689508
2022-05-20 08:00:00,15.6,0.4531
2022-05-20 09:00:00,15.9,0.42216
2022-05-20 10:00:00,17.2,0.3995143
2022-05-20 11:00:00,19.0,0.395504
2022-05-20 12:00:00,19.9,0.390506
2022-05-20 13:00:00,20.7,0.3817833
2022-05-20 14:00:00,22.6,0.3761427
2022-05-20 15:00:00,23.6,0.3808194
2022-05-20 16:00:00,22.6,0.3817
2022-05-20 17:00:00,21.3,0.412997
2022-05-20 18:00:00,18.2,0.4265629999999999
2022-05-20 19:00:00,18.4,0.4304781
2022-05-20 20:00:00,19.1,0.4305257
2022-05-20 21:00:00,18.7,0.4150557
2022-05-20 22:00:00,15.4,0.3998713
2022-05-20 23:00:00,14.3,0.365397
2022-05-21 00:00:00,13.6,0.3152385
2022-05-21 01:00:00,12.7,0.304707
2022-05-21 02:00:00,11.5,0.2701851
2022-05-21 03:00:00,11.1,0.2682454
2022-05-21 04:00:00,10.8,0.2647944
2022-05-21 05:00:00,10.6,0.2627119
2022-05-21 06:00:00,11.3,0.2807166
2022-05-21 07:00:00,12.3,0.297091
2022-05-21 08:00:00,12.7,0.287452
2022-05-21 09:00:00,13.8,0.2554767
2022-05-21 10:00:00,14.7,0.2448381
2022-05-21 11:00:00,15.5,0.1724861
2022-05-21 12:00:00,17.2,0.1561712
2022-05-21 13:00:00,13.5,0.1555286
2022-05-21 14:00:00,17.8,0.1554929
2022-05-21 15:00:00,17.1,0.1556119
2022-05-21 16:00:00,16.4,0.1687019
2022-05-21 17:00:00,17.1,0.2525731
2022-05-21 18:00:00,17.0,0.3475113
2022-05-21 19:00:00,16.0,0.39479
2022-05-21 20:00:00,13.8,0.4165908
2022-05-21 21:00:00,13.6,0.4270509
2022-05-21 22:00:00,11.9,0.4219815
2022-05-21 23:00:00,11.5,0.4104742
2022-05-22 00:00:00,11.3,0.3776302
2022-05-22 01:00:00,9.6,0.369086
2022-05-22 02:00:00,8.7,0.360875
2022-05-22 03:00:00,8.0,0.3579
2022-05-22 04:00:00,8.0,0.35909
2022-05-22 05:00:00,8.7,0.3577929
2022-05-22 06:00:00,8.8,0.3542824
2022-05-22 07:00:00,11.5,0.3541872
2022-05-22 08:00:00,13.3,0.346
2022-05-22 09:00:00,14.0,0.3340524
2022-05-22 10:00:00,14.6,0.3201651
2022-05-22 11:00:00,15.7,0.3201175
2022-05-22 12:00:00,16.9,0.3185705
2022-05-22 13:00:00,16.8,0.2864048
2022-05-22 14:00:00,17.8,0.276266
2022-05-22 15:00:00,17.4,0.279003
2022-05-22 16:00:00,18.6,0.3140961
2022-05-22 17:00:00,18.1,0.3419778
2022-05-22 18:00:00,17.8,0.3879951
2022-05-22 19:00:00,18.3,0.4095103
2022-05-22 20:00:00,16.0,0.4240045
2022-05-22 21:00:00,13.7,0.426801
2022-05-22 22:00:00,12.1,0.4172929
2022-05-22 23:00:00,10.9,0.3831756
2022-05-23 00:00:00,11.2,0.3649091
2022-05-23 01:00:00,10.7,0.3514383
2022-05-23 02:00:00,9.9,0.3445125
2022-05-23 03:00:00,10.5,0.3401332999999999
2022-05-23 04:00:00,10.0,0.343858
2022-05-23 05:00:00,10.3,0.3609226
2022-05-23 06:00:00,12.0,0.3968129999999999
2022-05-23 07:00:00,13.7,0.4233024
2022-05-23 08:00:00,14.7,0.4293238
2022-05-23 09:00:00,15.6,0.4185543
2022-05-23 10:00:00,16.3,0.4140561
2022-05-23 11:00:00,18.3,0.3967892
2022-05-23 12:00:00,20.1,0.3803672
2022-05-23 13:00:00,21.6,0.3599587
2022-05-23 14:00:00,23.1,0.3598397
2022-05-23 15:00:00,23.5,0.3589472
2022-05-23 16:00:00,24.1,0.3641475
2022-05-23 17:00:00,23.5,0.390149
2022-05-23 18:00:00,22.0,0.4102957
2022-05-23 19:00:00,21.3,0.4113786
2022-05-23 20:00:00,20.7,0.4055833
2022-05-23 21:00:00,20.3,0.3817
2022-05-23 22:00:00,18.3,0.3696929
2022-05-23 23:00:00,16.5,0.3309465
2022-05-24 00:00:00,16.6,0.2651633
2022-05-24 01:00:00,17.3,0.2541915
2022-05-24 02:00:00,14.8,0.2529063
2022-05-24 03:00:00,14.3,0.2701256
2022-05-24 04:00:00,14.0,0.283406
2022-05-24 05:00:00,13.5,0.3411805
2022-05-24 06:00:00,13.5,0.3804029
2022-05-24 07:00:00,14.6,0.4058451
2022-05-24 08:00:00,15.2,0.4044766
2022-05-24 09:00:00,14.8,0.38527
2022-05-24 10:00:00,13.8,0.3698595
2022-05-24 11:00:00,13.5,0.3499984
2022-05-24 12:00:00,15.2,0.334695
2022-05-24 13:00:00,16.1,0.3192964
2022-05-24 14:00:00,17.7,0.303755
2022-05-24 15:00:00,16.5,0.3340881
2022-05-24 16:00:00,17.3,0.3489393
2022-05-24 17:00:00,17.7,0.3596017
2022-05-24 18:00:00,15.1,0.3916722
2022-05-24 19:00:00,13.3,0.4090462
2022-05-24 20:00:00,12.9,0.4173881
2022-05-24 21:00:00,12.0,0.417757
2022-05-24 22:00:00,11.0,0.4077729
2022-05-24 23:00:00,9.1,0.3812716
2022-05-25 00:00:00,9.4,0.3825687
2022-05-25 01:00:00,9.1,0.3698714
2022-05-25 02:00:00,10.8,0.3585069
2022-05-25 03:00:00,10.1,0.3554248
2022-05-25 04:00:00,9.7,0.357781
2022-05-25 05:00:00,9.4,0.3675866
2022-05-25 06:00:00,11.0,0.4068209
2022-05-25 07:00:00,12.7,0.4293
2022-05-25 08:00:00,13.8,0.4267772
2022-05-25 09:00:00,14.9,0.4021799
2022-05-25 10:00:00,16.1,0.3629694
2022-05-25 11:00:00,15.8,0.3566862
2022-05-25 12:00:00,17.6,0.3481777
2022-05-25 13:00:00,17.4,0.3283523
2022-05-25 14:00:00,18.1,0.3195582
2022-05-25 15:00:00,18.6,0.3032314
2022-05-25 16:00:00,18.6,0.3032552
2022-05-25 17:00:00,17.8,0.3361111
2022-05-25 18:00:00,17.7,0.3535208
2022-05-25 19:00:00,17.3,0.3849963
2022-05-25 20:00:00,16.5,0.4056547
2022-05-25 21:00:00,16.0,0.4078205
2022-05-25 22:00:00,16.1,0.3843894
2022-05-25 23:00:00,15.7,0.3521523
2022-05-26 00:00:00,15.6,0.3131441
2022-05-26 01:00:00,15.5,0.2539892
2022-05-26 02:00:00,14.0,0.2534061
2022-05-26 03:00:00,14.1,0.2472538
2022-05-26 04:00:00,14.5,0.2564287
2022-05-26 05:00:00,14.3,0.256512
2022-05-26 06:00:00,13.5,0.2473371
2022-05-26 07:00:00,14.2,0.2472776
2022-05-26 08:00:00,15.1,0.2173015
2022-05-26 09:00:00,16.4,0.1643703
2022-05-26 10:00:00,17.2,0.1579324
2022-05-26 11:00:00,18.4,0.1556833
2022-05-26 12:00:00,17.6,0.1556
2022-05-26 13:00:00,18.5,0.1555048
2022-05-26 14:00:00,17.7,0.150364
2022-05-26 15:00:00,17.9,0.1539816
2022-05-26 16:00:00,17.8,0.1556119
2022-05-26 17:00:00,18.1,0.1666551
2022-05-26 18:00:00,18.0,0.2903913
2022-05-26 19:00:00,17.9,0.3390028
2022-05-26 20:00:00,17.0,0.3556271
2022-05-26 21:00:00,16.4,0.3486894
2022-05-26 22:00:00,14.2,0.3450123
2022-05-26 23:00:00,14.0,0.2874758
2022-05-27 00:00:00,14.6,0.2474085
2022-05-27 01:00:00,14.4,0.2234181
2022-05-27 02:00:00,14.5,0.2151714
2022-05-27 03:00:00,13.7,0.2151238
2022-05-27 04:00:00,12.2,0.2465517
2022-05-27 05:00:00,12.2,0.263771
2022-05-27 06:00:00,12.7,0.2892132
2022-05-27 07:00:00,13.2,0.3205221
2022-05-27 08:00:00,13.0,0.2465636
2022-05-27 09:00:00,14.5,0.2083289
2022-05-27 10:00:00,15.3,0.1591819
2022-05-27 11:00:00,15.6,0.1556714
2022-05-27 12:00:00,16.2,0.1556357
2022-05-27 13:00:00,16.0,0.155481
2022-05-27 14:00:00,13.4,0.142748
2022-05-27 15:00:00,15.3,0.1468416
2022-05-27 16:00:00,15.4,0.1555524
2022-05-27 17:00:00,15.0,0.155719
2022-05-27 18:00:00,15.4,0.1640609
2022-05-27 19:00:00,13.9,0.2170635
2022-05-27 20:00:00,13.3,0.2460043
2022-05-27 21:00:00,12.7,0.2473728
2022-05-27 22:00:00,10.8,0.2459924
2022-05-27 23:00:00,11.4,0.2466230999999999
2022-05-28 00:00:00,11.1,0.1672501
2022-05-28 01:00:00,8.6,0.1652509
2022-05-28 02:00:00,9.4,0.1600982
2022-05-28 03:00:00,8.3,0.1588487
2022-05-28 04:00:00,8.7,0.1591581
2022-05-28 05:00:00,8.5,0.1578967
2022-05-28 06:00:00,9.2,0.1591343
2022-05-28 07:00:00,10.3,0.1579324
2022-05-28 08:00:00,9.9,0.1563021
2022-05-28 09:00:00,10.8,0.1556238
2022-05-28 10:00:00,12.7,0.1555405
2022-05-28 11:00:00,12.0,0.1552668
2022-05-28 12:00:00,11.6,0.1539816
2022-05-28 13:00:00,12.6,0.1391185
2022-05-28 14:00:00,13.7,0.1436881
2022-05-28 15:00:00,14.4,0.1518515
2022-05-28 16:00:00,13.7,0.1555643
2022-05-28 17:00:00,13.9,0.1705464
2022-05-28 18:00:00,13.3,0.2501336
2022-05-28 19:00:00,12.4,0.3167974
2022-05-28 20:00:00,10.6,0.3440127
2022-05-28 21:00:00,9.0,0.3512003
2022-05-28 22:00:00,9.7,0.3579
2022-05-28 23:00:00,9.4,0.3437152
2022-05-29 00:00:00,9.1,0.3485109
2022-05-29 01:00:00,9.6,0.3237232
2022-05-29 02:00:00,9.4,0.3231401
2022-05-29 03:00:00,8.8,0.3202603
2022-05-29 04:00:00,9.0,0.3222476
2022-05-29 05:00:00,8.7,0.3237708
2022-05-29 06:00:00,9.0,0.314822
2022-05-29 07:00:00,9.5,0.3202603
2022-05-29 08:00:00,9.9,0.3223785
2022-05-29 09:00:00,10.1,0.3222952
2022-05-29 10:00:00,10.9,0.3222
2022-05-29 11:00:00,10.1,0.3282214
2022-05-29 12:00:00,11.7,0.32339
2022-05-29 13:00:00,10.4,0.3144531
2022-05-29 14:00:00,13.2,0.3028982
2022-05-29 15:00:00,12.4,0.3002921
2022-05-29 16:00:00,12.0,0.2984
2022-05-29 17:00:00,11.0,0.3341
2022-05-29 18:00:00,10.7,0.3692764
2022-05-29 19:00:00,9.8,0.3952422
2022-05-29 20:00:00,9.1,0.4113786
2022-05-29 21:00:00,8.8,0.4233143
2022-05-29 22:00:00,8.8,0.42335
2022-05-29 23:00:00,8.5,0.4114024
2022-05-30 00:00:00,8.6,0.398241
2022-05-30 01:00:00,8.4,0.3873168
2022-05-30 02:00:00,8.2,0.3848535
2022-05-30 03:00:00,7.4,0.375155
2022-05-30 04:00:00,7.6,0.3732748
2022-05-30 05:00:00,7.7,0.3885306
2022-05-30 06:00:00,8.5,0.4301092
2022-05-30 07:00:00,9.0,0.4625605
2022-05-30 08:00:00,9.6,0.4653213
2022-05-30 09:00:00,10.5,0.4327748
2022-05-30 10:00:00,10.7,0.4293
2022-05-30 11:00:00,11.4,0.4290263
2022-05-30 12:00:00,10.3,0.41145
2022-05-30 13:00:00,11.8,0.402525
2022-05-30 14:00:00,13.1,0.3951232
2022-05-30 15:00:00,11.5,0.3963251
2022-05-30 16:00:00,12.8,0.406571
2022-05-30 17:00:00,12.5,0.424183
2022-05-30 18:00:00,12.9,0.4428184
2022-05-30 19:00:00,13.7,0.5020566
2022-05-30 20:00:00,11.5,0.50665
2022-05-30 21:00:00,9.0,0.4726874
2022-05-30 22:00:00,7.9,0.4455792
2022-05-30 23:00:00,6.6,0.426325
2022-05-31 00:00:00,6.1,0.3946829
2022-05-31 01:00:00,5.9,0.37337
2022-05-31 02:00:00,6.0,0.3693478
2022-05-31 03:00:00,4.8,0.3662538
2022-05-31 04:00:00,4.7,0.3698119
2022-05-31 05:00:00,5.0,0.3888281
2022-05-31 06:00:00,6.6,0.4277292
2022-05-31 07:00:00,9.9,0.4504463
2022-05-31 08:00:00,12.7,0.4449366
2022-05-31 09:00:00,14.6,0.424421
2022-05-31 10:00:00,15.5,0.3943497
2022-05-31 11:00:00,16.3,0.3863529
2022-05-31 12:00:00,17.0,0.3844013
2022-05-31 13:00:00,17.3,0.3746433
2022-05-31 14:00:00,17.3,0.3728226
2022-05-31 15:00:00,17.2,0.3722752
2022-05-31 16:00:00,16.9,0.3726321999999999
2022-05-31 17:00:00,14.9,0.3936
2022-05-31 18:00:00,16.2,0.4352143
2022-05-31 19:00:00,16.8,0.4590738
2022-05-31 20:00:00,15.1,0.4634173
2022-05-31 21:00:00,12.2,0.4501369
2022-05-31 22:00:00,12.6,0.4412119
2022-05-31 23:00:00,12.1,0.4268962
2022-06-01 00:00:00,11.2,0.4174
2022-06-01 01:00:00,10.5,0.4024655
2022-06-01 02:00:00,10.1,0.3925171
2022-06-01 03:00:00,9.9,0.3728107
2022-06-01 04:00:00,9.7,0.3725132
2022-06-01 05:00:00,9.7,0.3923505
2022-06-01 06:00:00,10.7,0.4293
2022-06-01 07:00:00,11.4,0.4527192
2022-06-01 08:00:00,13.6,0.4487684
2022-06-01 09:00:00,13.2,0.4278958
2022-06-01 10:00:00,14.5,0.407642
2022-06-01 11:00:00,15.5,0.401454
2022-06-01 12:00:00,13.8,0.3814263
2022-06-01 13:00:00,15.1,0.3755834
2022-06-01 14:00:00,17.0,0.3755834
2022-06-01 15:00:00,15.5,0.3698476
2022-06-01 16:00:00,14.3,0.371704
2022-06-01 17:00:00,13.9,0.3932549
2022-06-01 18:00:00,13.9,0.4292048
2022-06-01 19:00:00,13.4,0.4554562
2022-06-01 20:00:00,12.7,0.4622749
2022-06-01 21:00:00,11.4,0.468094
2022-06-01 22:00:00,10.6,0.4531
2022-06-01 23:00:00,9.9,0.4296927
2022-06-02 00:00:00,9.3,0.38289
2022-06-02 01:00:00,8.2,0.3638976
2022-06-02 02:00:00,7.0,0.3571027
2022-06-02 03:00:00,6.5,0.3483324
2022-06-02 04:00:00,6.4,0.3520095
2022-06-02 05:00:00,7.3,0.359923
2022-06-02 06:00:00,8.2,0.4050835
2022-06-02 07:00:00,9.0,0.421089
2022-06-02 08:00:00,11.5,0.4151747
2022-06-02 09:00:00,13.1,0.3820094
2022-06-02 10:00:00,14.1,0.3624339
2022-06-02 11:00:00,15.4,0.354925
2022-06-02 12:00:00,15.6,0.3489869
2022-06-02 13:00:00,16.2,0.337432
2022-06-02 14:00:00,17.0,0.334576
2022-06-02 15:00:00,16.9,0.339812
2022-06-02 16:00:00,17.4,0.3517834
2022-06-02 17:00:00,17.8,0.3635406
2022-06-02 18:00:00,18.3,0.4150795
2022-06-02 19:00:00,18.2,0.4300735
2022-06-02 20:00:00,18.1,0.4399743
2022-06-02 21:00:00,13.2,0.4280386
2022-06-02 22:00:00,11.7,0.4290382
2022-06-02 23:00:00,10.3,0.4053453
2022-06-03 00:00:00,9.0,0.3669559
2022-06-03 01:00:00,9.4,0.3497247
2022-06-03 02:00:00,8.9,0.3429179
2022-06-03 03:00:00,7.5,0.3455478
2022-06-03 04:00:00,7.1,0.3480229999999999
2022-06-03 05:00:00,7.4,0.3578286
2022-06-03 06:00:00,8.9,0.4052977
2022-06-03 07:00:00,12.3,0.4234809
2022-06-03 08:00:00,15.5,0.4140442
2022-06-03 09:00:00,17.4,0.3901728
2022-06-03 10:00:00,19.3,0.3697643
2022-06-03 11:00:00,20.0,0.3482015
2022-06-03 12:00:00,20.7,0.3479873
2022-06-03 13:00:00,21.7,0.3343737
2022-06-03 14:00:00,22.3,0.3364324
2022-06-03 15:00:00,22.8,0.3402166
2022-06-03 16:00:00,23.0,0.3496771
2022-06-03 17:00:00,22.6,0.3881379
2022-06-03 18:00:00,21.9,0.4130089
2022-06-03 19:00:00,22.2,0.42335
2022-06-03 20:00:00,20.3,0.4195777
2022-06-03 21:00:00,18.6,0.4089034
2022-06-03 22:00:00,17.9,0.4078324
2022-06-03 23:00:00,16.7,0.3735604
2022-06-04 00:00:00,15.7,0.3648139
2022-06-04 01:00:00,15.1,0.3554843
2022-06-04 02:00:00,13.5,0.3542348
2022-06-04 03:00:00,13.0,0.3424895
2022-06-04 04:00:00,12.2,0.340645
2022-06-04 05:00:00,10.6,0.3412519
2022-06-04 06:00:00,12.2,0.345762
2022-06-04 07:00:00,14.0,0.3577334
2022-06-04 08:00:00,16.1,0.3698
2022-06-04 09:00:00,17.9,0.368015
2022-06-04 10:00:00,19.9,0.3499627
2022-06-04 11:00:00,21.5,0.3221762
2022-06-04 12:00:00,22.1,0.3164166
2022-06-04 13:00:00,22.1,0.2915932
2022-06-04 14:00:00,23.3,0.2684834
2022-06-04 15:00:00,23.6,0.2971981
2022-06-04 16:00:00,24.6,0.3238898
2022-06-04 17:00:00,22.9,0.3447148
2022-06-04 18:00:00,23.0,0.3695977
2022-06-04 19:00:00,23.0,0.3924457
2022-06-04 20:00:00,20.9,0.4045956
2022-06-04 21:00:00,18.0,0.3923862
2022-06-04 22:00:00,15.8,0.3924814
2022-06-04 23:00:00,15.0,0.3690384
2022-06-05 00:00:00,13.6,0.3525688
2022-06-05 01:00:00,12.7,0.3427037
2022-06-05 02:00:00,11.9,0.3335883
2022-06-05 03:00:00,11.3,0.3184872
2022-06-05 04:00:00,10.8,0.3174876
2022-06-05 05:00:00,11.3,0.3079676
2022-06-05 06:00:00,13.8,0.3070513
2022-06-05 07:00:00,16.3,0.3146435000000001
2022-06-05 08:00:00,18.1,0.3177732
2022-06-05 09:00:00,19.8,0.3253535
2022-06-05 10:00:00,21.2,0.3238184
2022-06-05 11:00:00,22.2,0.3265078
2022-06-05 12:00:00,23.3,0.313275
2022-06-05 13:00:00,23.6,0.2631284
2022-06-05 14:00:00,24.1,0.2725889
2022-06-05 15:00:00,24.8,0.3007205
2022-06-05 16:00:00,23.9,0.3127157
2022-06-05 17:00:00,22.7,0.3341238
2022-06-05 18:00:00,23.2,0.3496057
2022-06-05 19:00:00,20.8,0.356472
2022-06-05 20:00:00,19.0,0.3572336
2022-06-05 21:00:00,19.0,0.3535684
2022-06-05 22:00:00,18.0,0.3569718
2022-06-05 23:00:00,18.3,0.3195106
2022-06-06 00:00:00,18.1,0.278646
2022-06-06 01:00:00,17.7,0.2637234
2022-06-06 02:00:00,16.5,0.2532633
2022-06-06 03:00:00,16.8,0.2603438
2022-06-06 04:00:00,16.8,0.2568095
2022-06-06 05:00:00,16.7,0.2604152
2022-06-06 06:00:00,16.6,0.2627714
2022-06-06 07:00:00,17.0,0.2677218
2022-06-06 08:00:00,17.9,0.2556195
2022-06-06 09:00:00,18.1,0.2234895
2022-06-06 10:00:00,19.0,0.1913
2022-06-06 11:00:00,21.2,0.1687614
2022-06-06 12:00:00,20.9,0.155719
2022-06-06 13:00:00,21.2,0.1555048
2022-06-06 14:00:00,21.7,0.1548979
2022-06-06 15:00:00,20.1,0.1555881
2022-06-06 16:00:00,17.9,0.1565639
2022-06-06 17:00:00,20.4,0.2532514
2022-06-06 18:00:00,20.3,0.3573645
2022-06-06 19:00:00,19.3,0.3936
2022-06-06 20:00:00,17.9,0.4114143
2022-06-06 21:00:00,17.3,0.4103076
2022-06-06 22:00:00,17.2,0.4143297999999999
2022-06-06 23:00:00,14.1,0.381343
2022-06-07 00:00:00,13.3,0.3504268
2022-06-07 01:00:00,12.7,0.3392646
2022-06-07 02:00:00,13.0,0.3348259
2022-06-07 03:00:00,13.3,0.3290068
2022-06-07 04:00:00,13.0,0.3303872
2022-06-07 05:00:00,14.1,0.3392527000000001
2022-06-07 06:00:00,14.4,0.364683
2022-06-07 07:00:00,15.6,0.4137467
2022-06-07 08:00:00,17.2,0.4175428
2022-06-07 09:00:00,17.5,0.4066781
2022-06-07 10:00:00,17.9,0.38289
2022-06-07 11:00:00,19.5,0.3618508
2022-06-07 12:00:00,19.3,0.356353
2022-06-07 13:00:00,19.6,0.356353
2022-06-07 14:00:00,18.3,0.3525688
2022-06-07 15:00:00,17.9,0.3506053
2022-06-07 16:00:00,20.3,0.3508433
2022-06-07 17:00:00,19.5,0.361589
2022-06-07 18:00:00,19.4,0.3936
2022-06-07 19:00:00,18.9,0.4150676
2022-06-07 20:00:00,17.5,0.4262774
2022-06-07 21:00:00,17.2,0.4278839
2022-06-07 22:00:00,16.1,0.4177094
2022-06-07 23:00:00,15.7,0.4066543
2022-06-08 00:00:00,13.7,0.3758095
2022-06-08 01:00:00,12.1,0.3566505
2022-06-08 02:00:00,11.9,0.352069
2022-06-08 03:00:00,11.8,0.3495224
2022-06-08 04:00:00,12.6,0.3518548
2022-06-08 05:00:00,13.2,0.36385
2022-06-08 06:00:00,15.1,0.3905298
2022-06-08 07:00:00,16.5,0.4101767
2022-06-08 08:00:00,17.1,0.4114619
2022-06-08 09:00:00,18.4,0.3998951
2022-06-08 10:00:00,19.4,0.38289
2022-06-08 11:00:00,20.2,0.3740602
2022-06-08 12:00:00,21.8,0.3704902
2022-06-08 13:00:00,22.3,0.3631717
2022-06-08 14:00:00,21.5,0.3655517
2022-06-08 15:00:00,19.6,0.3685981
2022-06-08 16:00:00,21.7,0.3718587
2022-06-08 17:00:00,20.8,0.3931954
2022-06-08 18:00:00,20.4,0.4051310999999999
2022-06-08 19:00:00,15.9,0.425968
2022-06-08 20:00:00,15.2,0.4083084
2022-06-08 21:00:00,15.0,0.4078562
2022-06-08 22:00:00,15.3,0.40669
2022-06-08 23:00:00,14.1,0.3651471
2022-06-09 00:00:00,13.6,0.3805218999999999
2022-06-09 01:00:00,14.3,0.3586497
2022-06-09 02:00:00,14.1,0.35195
2022-06-09 03:00:00,14.0,0.3517239
2022-06-09 04:00:00,13.8,0.3517715
2022-06-09 05:00:00,14.2,0.3633026
2022-06-09 06:00:00,14.5,0.4004425
2022-06-09 07:00:00,15.0,0.4115214
2022-06-09 08:00:00,15.6,0.4196847999999999
2022-06-09 09:00:00,16.0,0.4105099
2022-06-09 10:00:00,17.1,0.3997047
2022-06-09 11:00:00,18.2,0.3810217
2022-06-09 12:00:00,17.2,0.3735842
2022-06-09 13:00:00,20.1,0.3574597
2022-06-09 14:00:00,20.3,0.3473804
2022-06-09 15:00:00,21.1,0.3389076
2022-06-09 16:00:00,21.8,0.3380389
2022-06-09 17:00:00,19.5,0.3540444
2022-06-09 18:00:00,21.1,0.3670987
2022-06-09 19:00:00,19.0,0.3840443
2022-06-09 20:00:00,18.1,0.3963132
2022-06-09 21:00:00,16.1,0.4057856
2022-06-09 22:00:00,14.0,0.4044171
2022-06-09 23:00:00,12.8,0.3841633
2022-06-10 00:00:00,11.8,0.3895302
2022-06-10 01:00:00,10.8,0.3579
2022-06-10 02:00:00,9.8,0.3510456
2022-06-10 03:00:00,9.9,0.3505339
2022-06-10 04:00:00,9.7,0.3505696
2022-06-10 05:00:00,9.8,0.3687766
2022-06-10 06:00:00,13.3,0.4030129
2022-06-10 07:00:00,15.5,0.4099744
2022-06-10 08:00:00,17.6,0.4088796
2022-06-10 09:00:00,19.2,0.3875786
2022-06-10 10:00:00,20.4,0.3640404
2022-06-10 11:00:00,21.7,0.3509623
2022-06-10 12:00:00,21.7,0.3433463
2022-06-10 13:00:00,21.2,0.3448933
2022-06-10 14:00:00,22.1,0.3360159
2022-06-10 15:00:00,21.5,0.3410377
2022-06-10 16:00:00,21.4,0.349332
2022-06-10 17:00:00,22.2,0.3766782
2022-06-10 18:00:00,22.0,0.3965036
2022-06-10 19:00:00,21.4,0.4156268999999999
2022-06-10 20:00:00,20.7,0.4179474
2022-06-10 21:00:00,20.0,0.413711
2022-06-10 22:00:00,19.5,0.4120212
2022-06-10 23:00:00,19.1,0.3996333
2022-06-11 00:00:00,19.6,0.3968249
2022-06-11 01:00:00,19.4,0.3769519
2022-06-11 02:00:00,19.0,0.3619341
2022-06-11 03:00:00,18.8,0.3527592
2022-06-11 04:00:00,18.4,0.3442864
2022-06-11 05:00:00,18.0,0.3405974
2022-06-11 06:00:00,18.5,0.3434296
2022-06-11 07:00:00,19.4,0.3357898
2022-06-11 08:00:00,20.4,0.33291
2022-06-11 09:00:00,21.2,0.2877495
2022-06-11 10:00:00,22.5,0.2511451
2022-06-11 11:00:00,22.9,0.2416132
2022-06-11 12:00:00,23.6,0.2301178
2022-06-11 13:00:00,23.7,0.2128985
2022-06-11 14:00:00,24.3,0.1606337
2022-06-11 15:00:00,23.5,0.2002607
2022-06-11 16:00:00,24.5,0.2287731
2022-06-11 17:00:00,24.5,0.2460995
2022-06-11 18:00:00,24.5,0.3404784
2022-06-11 19:00:00,23.6,0.3893041
2022-06-11 20:00:00,22.2,0.4047027
2022-06-11 21:00:00,19.7,0.4067614
2022-06-11 22:00:00,17.3,0.4030248
2022-06-11 23:00:00,15.8,0.39241
2022-06-12 00:00:00,15.7,0.38765
2022-06-12 01:00:00,13.8,0.3512955
2022-06-12 02:00:00,13.5,0.3390742
2022-06-12 03:00:00,12.3,0.3290544
2022-06-12 04:00:00,9.9,0.3284832
2022-06-12 05:00:00,10.2,0.3125491
2022-06-12 06:00:00,13.7,0.2987808
2022-06-12 07:00:00,16.6,0.2948419
2022-06-12 08:00:00,18.6,0.2782057
2022-06-12 09:00:00,20.5,0.2517877
2022-06-12 10:00:00,21.1,0.2441003
2022-06-12 11:00:00,21.6,0.2137791
2022-06-12 12:00:00,22.3,0.1792929
2022-06-12 13:00:00,22.6,0.1613358
2022-06-12 14:00:00,23.1,0.1556952
2022-06-12 15:00:00,23.7,0.1674405
2022-06-12 16:00:00,24.2,0.2089001
2022-06-12 17:00:00,22.5,0.2571427
2022-06-12 18:00:00,22.5,0.3459405
2022-06-12 19:00:00,21.3,0.3761189
2022-06-12 20:00:00,19.7,0.4007162
2022-06-12 21:00:00,17.2,0.4066662
2022-06-12 22:00:00,16.0,0.4054999999999999
2022-06-12 23:00:00,15.0,0.3803077
2022-06-13 00:00:00,14.2,0.3626243
2022-06-13 01:00:00,12.2,0.3491773
2022-06-13 02:00:00,10.6,0.3401809
2022-06-13 03:00:00,9.9,0.3340048
2022-06-13 04:00:00,8.9,0.3304348
2022-06-13 05:00:00,9.4,0.3441793
2022-06-13 06:00:00,11.4,0.3936357
2022-06-13 07:00:00,13.7,0.4069161
2022-06-13 08:00:00,15.4,0.4080228
2022-06-13 09:00:00,16.1,0.3688717999999999
2022-06-13 10:00:00,16.4,0.352783
2022-06-13 11:00:00,16.8,0.3307323
2022-06-13 12:00:00,15.0,0.321724
2022-06-13 13:00:00,14.7,0.2818114
2022-06-13 14:00:00,17.0,0.2598321
2022-06-13 15:00:00,17.7,0.2570237
2022-06-13 16:00:00,17.1,0.2820494
2022-06-13 17:00:00,18.0,0.3256748
2022-06-13 18:00:00,16.0,0.3464165
2022-06-13 19:00:00,16.2,0.4024774
2022-06-13 20:00:00,15.7,0.423231
2022-06-13 21:00:00,13.3,0.4245043
2022-06-13 22:00:00,11.6,0.4215293
2022-06-13 23:00:00,9.6,0.3950756
2022-06-14 00:00:00,7.6,0.3631836
2022-06-14 01:00:00,8.1,0.3492368
2022-06-14 02:00:00,6.8,0.3480111
2022-06-14 03:00:00,6.4,0.3431202
2022-06-14 04:00:00,6.4,0.349451
2022-06-14 05:00:00,7.3,0.35909
2022-06-14 06:00:00,8.7,0.4117118
2022-06-14 07:00:00,10.9,0.4267772
2022-06-14 08:00:00,12.9,0.4078205
2022-06-14 09:00:00,15.4,0.3716683
2022-06-14 10:00:00,16.5,0.3508076
2022-06-14 11:00:00,16.9,0.3508671
2022-06-14 12:00:00,18.1,0.3493796
2022-06-14 13:00:00,18.7,0.3430369
2022-06-14 14:00:00,20.9,0.3361706
2022-06-14 15:00:00,20.4,0.3507004999999999
2022-06-14 16:00:00,20.3,0.3626243
2022-06-14 17:00:00,20.8,0.3968606
2022-06-14 18:00:00,19.2,0.4304543
2022-06-14 19:00:00,18.3,0.499391
2022-06-14 20:00:00,17.2,0.5074592
2022-06-14 21:00:00,15.4,0.4508985
2022-06-14 22:00:00,14.2,0.435131
2022-06-14 23:00:00,12.4,0.4092009
2022-06-15 00:00:00,10.9,0.3911724
2022-06-15 01:00:00,9.7,0.373965
2022-06-15 02:00:00,9.4,0.3670273
2022-06-15 03:00:00,9.9,0.3614938
2022-06-15 04:00:00,10.3,0.3616842
2022-06-15 05:00:00,12.6,0.3724537
2022-06-15 06:00:00,15.1,0.4169359
2022-06-15 07:00:00,17.8,0.4494705
2022-06-15 08:00:00,19.1,0.4564082
2022-06-15 09:00:00,20.7,0.4097602
2022-06-15 10:00:00,21.8,0.3885782
2022-06-15 11:00:00,23.2,0.3642903
2022-06-15 12:00:00,24.1,0.3588044
2022-06-15 13:00:00,25.2,0.360518
2022-06-15 14:00:00,25.4,0.3562459
2022-06-15 15:00:00,26.1,0.3581856
2022-06-15 16:00:00,26.9,0.3734414
2022-06-15 17:00:00,26.3,0.4183043999999999
2022-06-15 18:00:00,25.1,0.463929
2022-06-15 19:00:00,22.8,0.5194662999999999
2022-06-15 20:00:00,20.5,0.5215012000000001
2022-06-15 21:00:00,18.6,0.4697243
2022-06-15 22:00:00,16.6,0.4503511
2022-06-15 23:00:00,15.3,0.4205416
2022-06-16 00:00:00,14.6,0.4324416
2022-06-16 01:00:00,14.0,0.4192326
2022-06-16 02:00:00,13.5,0.4094746
2022-06-16 03:00:00,12.7,0.4098197
2022-06-16 04:00:00,12.7,0.4012874
2022-06-16 05:00:00,14.0,0.4020371
2022-06-16 06:00:00,15.3,0.4261465
2022-06-16 07:00:00,17.4,0.4590024
2022-06-16 08:00:00,18.7,0.44715
2022-06-16 09:00:00,19.4,0.4195539
2022-06-16 10:00:00,20.3,0.3766187
2022-06-16 11:00:00,21.3,0.3501412
2022-06-16 12:00:00,22.1,0.3376224
2022-06-16 13:00:00,23.3,0.2946991
2022-06-16 14:00:00,21.3,0.2746
2022-06-16 15:00:00,22.9,0.2728864
2022-06-16 16:00:00,22.6,0.2943897
2022-06-16 17:00:00,22.1,0.3521999
2022-06-16 18:00:00,22.1,0.420613
2022-06-16 19:00:00,20.1,0.4632864
2022-06-16 20:00:00,19.5,0.4711642
2022-06-16 21:00:00,17.1,0.4774593000000001
2022-06-16 22:00:00,15.3,0.4676775
2022-06-16 23:00:00,13.6,0.423231
2022-06-17 00:00:00,11.4,0.5080899
2022-06-17 01:00:00,11.4,0.453933
2022-06-17 02:00:00,9.1,0.4234571
2022-06-17 03:00:00,8.5,0.407166
2022-06-17 04:00:00,8.8,0.4017634
2022-06-17 05:00:00,9.6,0.4410929
2022-06-17 06:00:00,13.0,0.5034846
2022-06-17 07:00:00,16.3,0.5403389000000001
2022-06-17 08:00:00,18.7,0.543183
2022-06-17 09:00:00,20.0,0.5114933
2022-06-17 10:00:00,20.8,0.4536117
2022-06-17 11:00:00,22.2,0.387531
2022-06-17 12:00:00,23.5,0.3775945
2022-06-17 13:00:00,23.3,0.3705973
2022-06-17 14:00:00,24.1,0.3628028
2022-06-17 15:00:00,23.9,0.3703593
2022-06-17 16:00:00,24.2,0.3797246
2022-06-17 17:00:00,23.9,0.4584074
2022-06-17 18:00:00,24.6,0.5173481
2022-06-17 19:00:00,24.2,0.5453964
2022-06-17 20:00:00,23.4,0.5785141
2022-06-17 21:00:00,22.3,0.5352814
2022-06-17 22:00:00,21.0,0.4935956999999999
2022-06-17 23:00:00,20.7,0.4647501
2022-06-18 00:00:00,19.7,0.4591095
2022-06-18 01:00:00,19.1,0.4029534
2022-06-18 02:00:00,18.6,0.3750003
2022-06-18 03:00:00,18.4,0.3705616
2022-06-18 04:00:00,17.5,0.3605418
2022-06-18 05:00:00,18.2,0.3685981
2022-06-18 06:00:00,21.2,0.3816167
2022-06-18 07:00:00,23.1,0.3818785
2022-06-18 08:00:00,24.4,0.3795104
2022-06-18 09:00:00,25.6,0.3758214
2022-06-18 10:00:00,26.7,0.3429536
2022-06-18 11:00:00,28.0,0.3248894
2022-06-18 12:00:00,29.7,0.2823588
2022-06-18 13:00:00,30.2,0.2475632
2022-06-18 14:00:00,30.4,0.2468254
2022-06-18 15:00:00,31.0,0.2487651
2022-06-18 16:00:00,30.7,0.333386
2022-06-18 17:00:00,30.2,0.3816286
2022-06-18 18:00:00,28.0,0.4704859
2022-06-18 19:00:00,26.3,0.5459319
2022-06-18 20:00:00,24.9,0.5488593
2022-06-18 21:00:00,23.0,0.5354599
2022-06-18 22:00:00,21.4,0.4948452
2022-06-18 23:00:00,20.1,0.4553372
2022-06-19 00:00:00,19.3,0.4020133
2022-06-19 01:00:00,18.9,0.3817
2022-06-19 02:00:00,17.8,0.3525688
2022-06-19 03:00:00,17.0,0.321962
2022-06-19 04:00:00,16.6,0.299114
2022-06-19 05:00:00,16.3,0.2876423999999999
2022-06-19 06:00:00,16.7,0.2895345
2022-06-19 07:00:00,16.6,0.2728983
2022-06-19 08:00:00,17.3,0.2633307
2022-06-19 09:00:00,19.3,0.2677932
2022-06-19 10:00:00,20.1,0.2676385
2022-06-19 11:00:00,21.7,0.268888
2022-06-19 12:00:00,22.2,0.2538345
2022-06-19 13:00:00,21.6,0.24485
2022-06-19 14:00:00,22.8,0.2271071
2022-06-19 15:00:00,21.1,0.2516568
2022-06-19 16:00:00,18.0,0.2667222
2022-06-19 17:00:00,17.9,0.3428465
2022-06-19 18:00:00,18.2,0.4169478
2022-06-19 19:00:00,16.9,0.463453
2022-06-19 20:00:00,15.1,0.4920011
2022-06-19 21:00:00,14.4,0.5058051
2022-06-19 22:00:00,14.1,0.5208467
2022-06-19 23:00:00,13.3,0.490109
2022-06-20 00:00:00,12.6,0.4414618
2022-06-20 01:00:00,12.8,0.4178641
2022-06-20 02:00:00,12.4,0.416091
2022-06-20 03:00:00,12.3,0.417519
2022-06-20 04:00:00,12.2,0.409308
2022-06-20 05:00:00,11.9,0.4688913
2022-06-20 06:00:00,11.8,0.5145873000000001
2022-06-20 07:00:00,12.1,0.5960665999999999
2022-06-20 08:00:00,12.8,0.7505999999999999
2022-06-20 09:00:00,14.3,0.5700532
2022-06-20 10:00:00,15.8,0.5248332
2022-06-20 11:00:00,16.1,0.5197043000000001
2022-06-20 12:00:00,19.5,0.4692126
2022-06-20 13:00:00,18.9,0.4101053
2022-06-20 14:00:00,18.4,0.3853771
2022-06-20 15:00:00,19.9,0.3740602
2022-06-20 16:00:00,18.4,0.3703236
2022-06-20 17:00:00,18.0,0.391458
2022-06-20 18:00:00,18.2,0.4045837
2022-06-20 19:00:00,17.4,0.5021161000000001
2022-06-20 20:00:00,15.9,0.5320208
2022-06-20 21:00:00,13.7,0.5320208
2022-06-20 22:00:00,12.6,0.4991648999999999
2022-06-20 23:00:00,10.6,0.4531119
2022-06-21 00:00:00,10.9,0.4708429
2022-06-21 01:00:00,10.3,0.4440798
2022-06-21 02:00:00,9.7,0.4327629
2022-06-21 03:00:00,7.7,0.4173405
2022-06-21 04:00:00,8.0,0.4140322999999999
2022-06-21 05:00:00,8.0,0.4280029
2022-06-21 06:00:00,10.3,0.5097559
2022-06-21 07:00:00,12.3,0.558891
2022-06-21 08:00:00,14.1,0.5507038
2022-06-21 09:00:00,14.9,0.4881455
2022-06-21 10:00:00,15.8,0.4376657
2022-06-21 11:00:00,17.5,0.4235999
2022-06-21 12:00:00,18.8,0.4172334
2022-06-21 13:00:00,20.4,0.4086059
2022-06-21 14:00:00,21.2,0.4064639
2022-06-21 15:00:00,22.1,0.4301806
2022-06-21 16:00:00,22.0,0.4411167
2022-06-21 17:00:00,21.5,0.5179312
2022-06-21 18:00:00,21.7,0.6005767
2022-06-21 19:00:00,22.0,0.6913974999999999
2022-06-21 20:00:00,20.6,0.7006676000000001
2022-06-21 21:00:00,16.7,0.6439165
2022-06-21 22:00:00,13.8,0.5997675
2022-06-21 23:00:00,12.5,0.5429569
2022-06-22 00:00:00,13.7,0.4798155
2022-06-22 01:00:00,11.6,0.4751031
2022-06-22 02:00:00,9.8,0.475591
2022-06-22 03:00:00,9.0,0.451315
2022-06-22 04:00:00,9.4,0.4590738
2022-06-22 05:00:00,8.6,0.4939051
2022-06-22 06:00:00,11.8,0.5703031000000001
2022-06-22 07:00:00,16.0,0.6672404999999999
2022-06-22 08:00:00,18.5,0.6171772
2022-06-22 09:00:00,20.0,0.5599501
2022-06-22 10:00:00,21.3,0.5143731
2022-06-22 11:00:00,22.3,0.5036035999999999
2022-06-22 12:00:00,22.8,0.475591
2022-06-22 13:00:00,24.2,0.452743
2022-06-22 14:00:00,25.5,0.4465074
2022-06-22 15:00:00,25.8,0.4627628
2022-06-22 16:00:00,26.2,0.493679
2022-06-22 17:00:00,26.1,0.5500493000000001
2022-06-22 18:00:00,26.3,0.6296484
2022-06-22 19:00:00,25.4,0.7399376
2022-06-22 20:00:00,23.4,0.7064629
2022-06-22 21:00:00,20.9,0.6307670000000001
2022-06-22 22:00:00,19.6,0.6013145
2022-06-22 23:00:00,17.4,0.5121001999999999
2022-06-23 00:00:00,15.9,0.4990220999999999
2022-06-23 01:00:00,14.7,0.4625129
2022-06-23 02:00:00,12.5,0.4532309
2022-06-23 03:00:00,11.9,0.4481257999999999
2022-06-23 04:00:00,12.1,0.4591452
2022-06-23 05:00:00,12.5,0.4884192
2022-06-23 06:00:00,14.9,0.555559
2022-06-23 07:00:00,17.6,0.5879865
2022-06-23 08:00:00,19.7,0.5725640999999999
2022-06-23 09:00:00,22.2,0.5319137
2022-06-23 10:00:00,24.6,0.4862177
2022-06-23 11:00:00,26.6,0.4487446
2022-06-23 12:00:00,28.0,0.442033
2022-06-23 13:00:00,28.5,0.4268248
2022-06-23 14:00:00,28.8,0.42692
2022-06-23 15:00:00,30.3,0.451553
2022-06-23 16:00:00,30.4,0.4686414
2022-06-23 17:00:00,30.2,0.5530124000000001
2022-06-23 18:00:00,30.1,0.5928417000000001
2022-06-23 19:00:00,29.6,0.6661813999999999
2022-06-23 20:00:00,28.1,0.6482481
2022-06-23 21:00:00,26.2,0.5827505
2022-06-23 22:00:00,24.1,0.5035084000000001
2022-06-23 23:00:00,23.4,0.4059403
2022-06-24 00:00:00,21.1,0.4231596
2022-06-24 01:00:00,18.9,0.4075111
2022-06-24 02:00:00,17.8,0.3986099
2022-06-24 03:00:00,17.8,0.4161267
2022-06-24 04:00:00,19.4,0.4212437
2022-06-24 05:00:00,19.5,0.431204
2022-06-24 06:00:00,20.6,0.5159915
2022-06-24 07:00:00,23.0,0.5544523000000001
2022-06-24 08:00:00,24.9,0.5670306
2022-06-24 09:00:00,26.2,0.5482762
2022-06-24 10:00:00,26.4,0.5173957
2022-06-24 11:00:00,25.0,0.469522
2022-06-24 12:00:00,24.3,0.4459719
2022-06-24 13:00:00,22.8,0.4420567999999999
2022-06-24 14:00:00,24.0,0.4112239
2022-06-24 15:00:00,24.7,0.4449842
2022-06-24 16:00:00,25.2,0.4477093
2022-06-24 17:00:00,21.3,0.5083279
2022-06-24 18:00:00,21.6,0.53878
2022-06-24 19:00:00,22.2,0.5482286000000001
2022-06-24 20:00:00,21.1,0.5544880000000001
2022-06-24 21:00:00,19.2,0.5493948
2022-06-24 22:00:00,17.9,0.5364
2022-06-24 23:00:00,17.2,0.4703193
2022-06-25 00:00:00,16.2,0.4657735
2022-06-25 01:00:00,15.4,0.437511
2022-06-25 02:00:00,15.9,0.4113429
2022-06-25 03:00:00,15.8,0.4139252
2022-06-25 04:00:00,15.7,0.3980506
2022-06-25 05:00:00,16.1,0.4043814
2022-06-25 06:00:00,17.4,0.4254087
2022-06-25 07:00:00,20.0,0.4662971
2022-06-25 08:00:00,21.1,0.4757457
2022-06-25 09:00:00,22.7,0.4272294
2022-06-25 10:00:00,24.2,0.3766187
2022-06-25 11:00:00,23.8,0.3757024
2022-06-25 12:00:00,25.1,0.3908034999999999
2022-06-25 13:00:00,26.1,0.3703117
2022-06-25 14:00:00,26.4,0.3508314
2022-06-25 15:00:00,28.8,0.3756786
2022-06-25 16:00:00,27.9,0.4181854
2022-06-25 17:00:00,28.7,0.4757933
2022-06-25 18:00:00,28.8,0.4787683
2022-06-25 19:00:00,27.9,0.529379
2022-06-25 20:00:00,26.6,0.5449323
2022-06-25 21:00:00,25.1,0.5395892
2022-06-25 22:00:00,24.1,0.5411838
2022-06-25 23:00:00,21.4,0.5065786
2022-06-26 00:00:00,19.6,0.4994029
2022-06-26 01:00:00,18.3,0.4665827
2022-06-26 02:00:00,17.6,0.414901
2022-06-26 03:00:00,17.7,0.4014778
2022-06-26 04:00:00,17.3,0.3897682
2022-06-26 05:00:00,18.1,0.3700975
2022-06-26 06:00:00,20.1,0.3631836
2022-06-26 07:00:00,21.9,0.3551273
2022-06-26 08:00:00,24.1,0.3401571
2022-06-26 09:00:00,23.7,0.2890466
2022-06-26 10:00:00,24.5,0.2762184
2022-06-26 11:00:00,25.6,0.26865
2022-06-26 12:00:00,25.6,0.2543938
2022-06-26 13:00:00,25.6,0.2505857999999999
2022-06-26 14:00:00,26.1,0.2505857999999999
2022-06-26 15:00:00,25.6,0.2894155
2022-06-26 16:00:00,27.0,0.3653137
2022-06-26 17:00:00,27.0,0.4153889
2022-06-26 18:00:00,26.8,0.4995338
2022-06-26 19:00:00,24.9,0.5421001000000001
2022-06-26 20:00:00,23.6,0.5523222000000001
2022-06-26 21:00:00,22.7,0.5532861
2022-06-26 22:00:00,21.6,0.5550949
2022-06-26 23:00:00,22.1,0.5314852999999999
2022-06-27 00:00:00,21.1,0.5073878
2022-06-27 01:00:00,20.6,0.469403
2022-06-27 02:00:00,19.6,0.4627033
2022-06-27 03:00:00,18.2,0.4604066
2022-06-27 04:00:00,17.4,0.4585145
2022-06-27 05:00:00,17.1,0.4755553
2022-06-27 06:00:00,17.6,0.5493829000000001
2022-06-27 07:00:00,18.4,0.5815486
2022-06-27 08:00:00,18.5,0.5971733
2022-06-27 09:00:00,20.0,0.5701722
2022-06-27 10:00:00,21.0,0.5513226
2022-06-27 11:00:00,21.6,0.504865
2022-06-27 12:00:00,23.0,0.47452
2022-06-27 13:00:00,24.7,0.4541829
2022-06-27 14:00:00,23.6,0.4553253
2022-06-27 15:00:00,21.6,0.4648929
2022-06-27 16:00:00,19.6,0.4989983
2022-06-27 17:00:00,18.7,0.5612829000000001
2022-06-27 18:00:00,17.5,0.6061221
2022-06-27 19:00:00,17.4,0.683365
2022-06-27 20:00:00,17.4,0.6201403000000001
2022-06-27 21:00:00,17.2,0.6026115999999999
2022-06-27 22:00:00,16.2,0.5984823
2022-06-27 23:00:00,15.9,0.5694939000000001
2022-06-28 00:00:00,15.8,0.4721995
2022-06-28 01:00:00,16.3,0.4798393000000001
2022-06-28 02:00:00,15.8,0.4589429
2022-06-28 03:00:00,14.7,0.4606089
2022-06-28 04:00:00,14.2,0.4741154
2022-06-28 05:00:00,13.9,0.4916679000000001
2022-06-28 06:00:00,14.5,0.582929
2022-06-28 07:00:00,15.6,0.6100372000000001
2022-06-28 08:00:00,17.3,0.6327067
2022-06-28 09:00:00,19.4,0.5990178
2022-06-28 10:00:00,20.6,0.5292481
2022-06-28 11:00:00,21.6,0.4770071
2022-06-28 12:00:00,22.2,0.4535879
2022-06-28 13:00:00,22.8,0.464643
2022-06-28 14:00:00,22.3,0.4559917
2022-06-28 15:00:00,24.2,0.5114099999999999
2022-06-28 16:00:00,24.7,0.5411838
2022-06-28 17:00:00,24.7,0.5945077000000001
2022-06-28 18:00:00,25.0,0.6732381000000001
2022-06-28 19:00:00,23.3,0.7159709999999999
2022-06-28 20:00:00,22.9,0.6948365999999999
2022-06-28 21:00:00,18.7,0.6445948
2022-06-28 22:00:00,17.6,0.6272922000000001
2022-06-28 23:00:00,16.7,0.5569037000000001
2022-06-29 00:00:00,15.4,0.4829214
2022-06-29 01:00:00,14.6,0.4665113
2022-06-29 02:00:00,13.9,0.4488993
2022-06-29 03:00:00,13.5,0.43882
2022-06-29 04:00:00,12.5,0.4450913
2022-06-29 05:00:00,12.5,0.4578838
2022-06-29 06:00:00,14.7,0.5309974
2022-06-29 07:00:00,17.3,0.5731115
2022-06-29 08:00:00,21.1,0.6160705
2022-06-29 09:00:00,22.4,0.5904379
2022-06-29 10:00:00,23.7,0.5478716
2022-06-29 11:00:00,24.5,0.5375067
2022-06-29 12:00:00,25.9,0.5172529
2022-06-29 13:00:00,24.3,0.5023660000000001
2022-06-29 14:00:00,25.4,0.5061145
2022-06-29 15:00:00,25.7,0.5136115
2022-06-29 16:00:00,25.6,0.5232029
2022-06-29 17:00:00,25.7,0.5614733000000001
2022-06-29 18:00:00,25.2,0.5945434
2022-06-29 19:00:00,24.6,0.620771
2022-06-29 20:00:00,23.6,0.6197
2022-06-29 21:00:00,22.3,0.592211
2022-06-29 22:00:00,19.4,0.5753963
2022-06-29 23:00:00,18.1,0.4835402
2022-06-30 00:00:00,17.3,0.4947976
2022-06-30 01:00:00,16.6,0.4799702
2022-06-30 02:00:00,15.9,0.4825168
2022-06-30 03:00:00,14.9,0.48642
2022-06-30 04:00:00,14.3,0.4740797
2022-06-30 05:00:00,14.6,0.4862534
2022-06-30 06:00:00,16.9,0.5599263
2022-06-30 07:00:00,19.5,0.5957691
2022-06-30 08:00:00,21.4,0.6073597000000001
2022-06-30 09:00:00,23.5,0.5622825
2022-06-30 10:00:00,24.6,0.5114338
2022-06-30 11:00:00,26.3,0.4816838
2022-06-30 12:00:00,26.8,0.4844208
2022-06-30 13:00:00,28.4,0.4756743
2022-06-30 14:00:00,28.8,0.4865032999999999
2022-06-30 15:00:00,29.3,0.4956901000000001
2022-06-30 16:00:00,29.1,0.5412671
2022-06-30 17:00:00,28.5,0.5988036
2022-06-30 18:00:00,28.5,0.6427979000000001
2022-06-30 19:00:00,28.4,0.7256100000000001
2022-06-30 20:00:00,27.8,0.6911
2022-06-30 21:00:00,24.5,0.6247099
2022-06-30 22:00:00,23.4,0.5782523
2022-06-30 23:00:00,25.3,0.4627152
2022-07-01 00:00:00,20.1,0.4753649
2022-07-01 01:00:00,18.8,0.4719734
2022-07-01 02:00:00,18.0,0.4745318999999999
2022-07-01 03:00:00,16.5,0.4722828
2022-07-01 04:00:00,16.0,0.4714022
2022-07-01 05:00:00,15.0,0.4913347
2022-07-01 06:00:00,14.5,0.5782761000000001
2022-07-01 07:00:00,14.6,0.6064315
2022-07-01 08:00:00,14.9,0.6139760999999999
2022-07-01 09:00:00,14.7,0.6054200000000001
2022-07-01 10:00:00,14.7,0.5840714
2022-07-01 11:00:00,15.1,0.5777763
2022-07-01 12:00:00,16.2,0.5430997
2022-07-01 13:00:00,16.9,0.5134568
2022-07-01 14:00:00,17.0,0.4729492
2022-07-01 15:00:00,18.1,0.4662614
2022-07-01 16:00:00,18.3,0.4182211
2022-07-01 17:00:00,19.8,0.4649405
2022-07-01 18:00:00,20.3,0.4995933
2022-07-01 19:00:00,19.2,0.5475741
2022-07-01 20:00:00,19.5,0.5834764
2022-07-01 21:00:00,15.8,0.5803229000000001
2022-07-01 22:00:00,14.1,0.61375
2022-07-01 23:00:00,12.7,0.5867370000000001
2022-07-02 00:00:00,11.4,0.4956068
2022-07-02 01:00:00,11.9,0.45905
2022-07-02 02:00:00,11.3,0.437868
2022-07-02 03:00:00,11.0,0.4301449
2022-07-02 04:00:00,10.7,0.4201489
2022-07-02 05:00:00,10.9,0.410498
2022-07-02 06:00:00,14.1,0.4338696
2022-07-02 07:00:00,17.1,0.4466264
2022-07-02 08:00:00,19.1,0.403834
2022-07-02 09:00:00,20.8,0.3389552
2022-07-02 10:00:00,22.3,0.30435
2022-07-02 11:00:00,22.7,0.2910815
2022-07-02 12:00:00,24.2,0.2619503
2022-07-02 13:00:00,24.5,0.2464327
2022-07-02 14:00:00,24.8,0.2619146
2022-07-02 15:00:00,25.9,0.2617123
2022-07-02 16:00:00,26.4,0.3116209
2022-07-02 17:00:00,26.9,0.441557
2022-07-02 18:00:00,26.5,0.4947856999999999
2022-07-02 19:00:00,26.2,0.5721
2022-07-02 20:00:00,25.6,0.5873915000000001
2022-07-02 21:00:00,22.3,0.5839524
2022-07-02 22:00:00,19.7,0.5761936
2022-07-02 23:00:00,18.1,0.5151823
2022-07-03 00:00:00,20.7,0.4769952
2022-07-03 01:00:00,20.1,0.4387605
2022-07-03 02:00:00,19.1,0.3925052
2022-07-03 03:00:00,17.8,0.388364
2022-07-03 04:00:00,18.0,0.376464
2022-07-03 05:00:00,18.9,0.3730249
2022-07-03 06:00:00,19.8,0.3658849
2022-07-03 07:00:00,21.2,0.3844489
2022-07-03 08:00:00,22.9,0.3758333
2022-07-03 09:00:00,23.7,0.3582094
2022-07-03 10:00:00,25.4,0.308158
2022-07-03 11:00:00,26.7,0.2834417
2022-07-03 12:00:00,26.6,0.266389
2022-07-03 13:00:00,28.0,0.2371745
2022-07-03 14:00:00,27.8,0.2339258
2022-07-03 15:00:00,27.8,0.2442074
2022-07-03 16:00:00,28.7,0.302922
2022-07-03 17:00:00,28.8,0.3650281
2022-07-03 18:00:00,26.9,0.4801962999999999
2022-07-03 19:00:00,25.2,0.54473
2022-07-03 20:00:00,23.5,0.560319
2022-07-03 21:00:00,17.9,0.5702317000000001
2022-07-03 22:00:00,16.8,0.5702555
2022-07-03 23:00:00,16.3,0.5519414
2022-07-04 00:00:00,15.0,0.5359835
2022-07-04 01:00:00,13.7,0.4862177
2022-07-04 02:00:00,12.6,0.4711404
2022-07-04 03:00:00,11.8,0.4582765
2022-07-04 04:00:00,11.4,0.4626557
2022-07-04 05:00:00,11.4,0.5155036
2022-07-04 06:00:00,14.0,0.5862372
2022-07-04 07:00:00,16.0,0.60304
2022-07-04 08:00:00,17.5,0.6139523
2022-07-04 09:00:00,18.5,0.59114
2022-07-04 10:00:00,19.7,0.502723
2022-07-04 11:00:00,21.3,0.418947
2022-07-04 12:00:00,22.5,0.371942
2022-07-04 13:00:00,21.8,0.3749884
2022-07-04 14:00:00,22.4,0.3606965
2022-07-04 15:00:00,24.0,0.3593161
2022-07-04 16:00:00,24.4,0.3729416
2022-07-04 17:00:00,23.8,0.406809
2022-07-04 18:00:00,22.8,0.5482881
2022-07-04 19:00:00,22.3,0.6073478000000001
2022-07-04 20:00:00,21.4,0.6300768000000001
2022-07-04 21:00:00,19.8,0.6143688
2022-07-04 22:00:00,18.1,0.6279348
2022-07-04 23:00:00,16.3,0.6073716
2022-07-05 00:00:00,14.3,0.5839524
2022-07-05 01:00:00,12.4,0.5354956
2022-07-05 02:00:00,11.7,0.5237027000000001
2022-07-05 03:00:00,10.8,0.5138852
2022-07-05 04:00:00,10.7,0.5124929
2022-07-05 05:00:00,10.9,0.5421358000000001
2022-07-05 06:00:00,12.6,0.6083593
2022-07-05 07:00:00,15.7,0.6465821
2022-07-05 08:00:00,17.9,0.6430359000000001
2022-07-05 09:00:00,19.0,0.5586291999999999
2022-07-05 10:00:00,19.8,0.4932268
2022-07-05 11:00:00,21.1,0.496654
2022-07-05 12:00:00,20.4,0.4459005
2022-07-05 13:00:00,20.6,0.4268486
2022-07-05 14:00:00,22.4,0.4066305
2022-07-05 15:00:00,21.9,0.4091414
2022-07-05 16:00:00,22.3,0.438582
2022-07-05 17:00:00,22.6,0.5139566
2022-07-05 18:00:00,21.3,0.5557375
2022-07-05 19:00:00,20.7,0.5887362
2022-07-05 20:00:00,18.9,0.5959000000000001
2022-07-05 21:00:00,17.3,0.596376
2022-07-05 22:00:00,15.9,0.6057651000000001
2022-07-05 23:00:00,14.0,0.5853804
2022-07-06 00:00:00,12.9,0.5737540999999999
2022-07-06 01:00:00,12.5,0.5236670000000001
2022-07-06 02:00:00,13.6,0.5052696
2022-07-06 03:00:00,13.6,0.4890142
2022-07-06 04:00:00,12.5,0.5119336
2022-07-06 05:00:00,12.8,0.5397201
2022-07-06 06:00:00,13.4,0.6194977
2022-07-06 07:00:00,14.2,0.6481291
2022-07-06 08:00:00,14.8,0.6398467000000001
2022-07-06 09:00:00,15.6,0.5791090999999999
2022-07-06 10:00:00,17.4,0.498201
2022-07-06 11:00:00,17.6,0.4712951
2022-07-06 12:00:00,18.6,0.4301092
2022-07-06 13:00:00,17.9,0.3992763
2022-07-06 14:00:00,19.0,0.3608036
2022-07-06 15:00:00,18.9,0.3498199000000001
2022-07-06 16:00:00,19.9,0.3698476
2022-07-06 17:00:00,20.5,0.4401052
2022-07-06 18:00:00,20.2,0.5281414
2022-07-06 19:00:00,19.0,0.6031470999999999
2022-07-06 20:00:00,18.4,0.6166773999999999
2022-07-06 21:00:00,17.9,0.6096921
2022-07-06 22:00:00,16.2,0.6076929
2022-07-06 23:00:00,14.8,0.4886215000000001
2022-07-07 00:00:00,14.2,0.473925
2022-07-07 01:00:00,13.8,0.40431
2022-07-07 02:00:00,13.5,0.3885663
2022-07-07 03:00:00,13.7,0.3812002
2022-07-07 04:00:00,14.1,0.3779871999999999
2022-07-07 05:00:00,14.5,0.3826163
2022-07-07 06:00:00,14.7,0.421684
2022-07-07 07:00:00,15.0,0.4916322
2022-07-07 08:00:00,15.8,0.5086968000000001
2022-07-07 09:00:00,16.3,0.46024
2022-07-07 10:00:00,16.5,0.4358212
2022-07-07 11:00:00,16.3,0.4174
2022-07-07 12:00:00,17.3,0.3959681
2022-07-07 13:00:00,17.2,0.3822712
2022-07-07 14:00:00,19.1,0.3526878
2022-07-07 15:00:00,18.3,0.3448933
2022-07-07 16:00:00,16.7,0.3400738
2022-07-07 17:00:00,17.4,0.3575192
2022-07-07 18:00:00,16.5,0.3686219
2022-07-07 19:00:00,16.2,0.3903037
2022-07-07 20:00:00,15.6,0.4440798
2022-07-07 21:00:00,15.1,0.4637623999999999
2022-07-07 22:00:00,14.8,0.4485185
2022-07-07 23:00:00,14.7,0.3911486
2022-07-08 00:00:00,14.5,0.3936952
2022-07-08 01:00:00,14.2,0.4222195
2022-07-08 02:00:00,13.4,0.4275745
2022-07-08 03:00:00,12.6,0.4260394
2022-07-08 04:00:00,12.7,0.4058927
2022-07-08 05:00:00,13.4,0.4511127
2022-07-08 06:00:00,13.8,0.5982205
2022-07-08 07:00:00,14.2,0.6541148000000001
2022-07-08 08:00:00,15.5,0.6561973000000001
2022-07-08 09:00:00,17.0,0.574123
2022-07-08 10:00:00,16.7,0.5347221
2022-07-08 11:00:00,18.9,0.4796131999999999
2022-07-08 12:00:00,18.1,0.4115095
2022-07-08 13:00:00,18.2,0.4062021
2022-07-08 14:00:00,19.3,0.3680864
2022-07-08 15:00:00,19.1,0.4025964
2022-07-08 16:00:00,18.7,0.4055238
2022-07-08 17:00:00,19.5,0.4634649
2022-07-08 18:00:00,20.7,0.5355194
2022-07-08 19:00:00,20.7,0.6172248
2022-07-08 20:00:00,19.5,0.6445590999999999
2022-07-08 21:00:00,17.8,0.6584821000000001
2022-07-08 22:00:00,16.2,0.6507709
2022-07-08 23:00:00,15.3,0.5982799999999999
2022-07-09 00:00:00,14.1,0.5721
2022-07-09 01:00:00,13.0,0.4929293
2022-07-09 02:00:00,12.8,0.4189708
2022-07-09 03:00:00,12.9,0.4136039
2022-07-09 04:00:00,12.9,0.3973128
2022-07-09 05:00:00,13.8,0.4053334
2022-07-09 06:00:00,14.5,0.4435205
2022-07-09 07:00:00,15.9,0.4496966
2022-07-09 08:00:00,17.1,0.4429017
2022-07-09 09:00:00,17.8,0.3695977
2022-07-09 10:00:00,18.5,0.3397168
2022-07-09 11:00:00,20.6,0.3180469
2022-07-09 12:00:00,21.6,0.2669126
2022-07-09 13:00:00,21.8,0.2440765
2022-07-09 14:00:00,16.4,0.1817086
2022-07-09 15:00:00,19.7,0.1698086
2022-07-09 16:00:00,20.9,0.1746757
2022-07-09 17:00:00,20.3,0.2327596
2022-07-09 18:00:00,18.2,0.2627238
2022-07-09 19:00:00,17.7,0.2686262
2022-07-09 20:00:00,16.1,0.2756234
2022-07-09 21:00:00,15.5,0.2753021
2022-07-09 22:00:00,14.6,0.2985904
2022-07-09 23:00:00,14.4,0.2506691
2022-07-10 00:00:00,14.0,0.2473728
2022-07-10 01:00:00,13.6,0.2142908
2022-07-10 02:00:00,13.1,0.2151357
2022-07-10 03:00:00,13.0,0.1929541
2022-07-10 04:00:00,12.9,0.2309389
2022-07-10 05:00:00,13.0,0.2252983
2022-07-10 06:00:00,13.1,0.2361273
2022-07-10 07:00:00,13.8,0.2054491
2022-07-10 08:00:00,15.1,0.1993325
2022-07-10 09:00:00,16.1,0.1913119
2022-07-10 10:00:00,16.6,0.1913952
2022-07-10 11:00:00,18.9,0.2148263
2022-07-10 12:00:00,18.2,0.1794
2022-07-10 13:00:00,18.8,0.1783766
2022-07-10 14:00:00,17.3,0.1697015
2022-07-10 15:00:00,16.8,0.1809589
2022-07-10 16:00:00,17.9,0.2035451
2022-07-10 17:00:00,16.9,0.2473609
2022-07-10 18:00:00,17.4,0.3425847
2022-07-10 19:00:00,16.9,0.5389347
2022-07-10 20:00:00,16.2,0.5957809999999999
2022-07-10 21:00:00,14.5,0.6055033000000001
2022-07-10 22:00:00,14.9,0.6187123000000001
2022-07-10 23:00:00,14.6,0.5981848000000001
2022-07-11 00:00:00,14.0,0.5364952000000001
2022-07-11 01:00:00,13.8,0.48642
2022-07-11 02:00:00,13.7,0.4839924
2022-07-11 03:00:00,13.5,0.4760313
2022-07-11 04:00:00,13.5,0.4794585
2022-07-11 05:00:00,13.9,0.51022
2022-07-11 06:00:00,14.0,0.6267805
2022-07-11 07:00:00,15.5,0.6495451999999999
2022-07-11 08:00:00,15.8,0.6720243000000001
2022-07-11 09:00:00,16.2,0.6510208
2022-07-11 10:00:00,16.9,0.6375262
2022-07-11 11:00:00,18.5,0.627911
2022-07-11 12:00:00,19.0,0.6082998000000001
2022-07-11 13:00:00,18.0,0.5950432000000001
2022-07-11 14:00:00,16.5,0.5527744000000001
2022-07-11 15:00:00,16.4,0.5514059
2022-07-11 16:00:00,16.7,0.5361857999999999
2022-07-11 17:00:00,18.3,0.6024212
2022-07-11 18:00:00,17.9,0.6375500000000001
2022-07-11 19:00:00,18.2,0.7006557
2022-07-11 20:00:00,16.7,0.7147809999999999
2022-07-11 21:00:00,15.5,0.6936228
2022-07-11 22:00:00,14.3,0.6911594999999999
2022-07-11 23:00:00,13.6,0.6543885
2022-07-12 00:00:00,12.5,0.6262331000000001
2022-07-12 01:00:00,11.6,0.5715882999999999
2022-07-12 02:00:00,12.8,0.5483476
2022-07-12 03:00:00,13.5,0.550085
2022-07-12 04:00:00,13.8,0.5534646
2022-07-12 05:00:00,14.2,0.5864990000000001
2022-07-12 06:00:00,14.7,0.6549716000000001
2022-07-12 07:00:00,15.5,0.6954554
2022-07-12 08:00:00,16.7,0.689791
2022-07-12 09:00:00,17.5,0.6106798
2022-07-12 10:00:00,19.3,0.5468006000000001
2022-07-12 11:00:00,20.9,0.5582008
2022-07-12 12:00:00,22.2,0.5095893
2022-07-12 13:00:00,23.9,0.4650833
2022-07-12 14:00:00,25.7,0.4676537
2022-07-12 15:00:00,26.9,0.4973918
2022-07-12 16:00:00,27.1,0.5302239
2022-07-12 17:00:00,26.5,0.626721
2022-07-12 18:00:00,25.9,0.6662052
2022-07-12 19:00:00,24.2,0.7286921
2022-07-12 20:00:00,23.9,0.7585610999999999
2022-07-12 21:00:00,20.4,0.7267999999999999
2022-07-12 22:00:00,17.2,0.7148999999999999
2022-07-12 23:00:00,16.7,0.6364671
2022-07-13 00:00:00,17.4,0.6506995
2022-07-13 01:00:00,18.4,0.5906758999999999
2022-07-13 02:00:00,18.4,0.5427546
2022-07-13 03:00:00,17.7,0.5601881
2022-07-13 04:00:00,18.4,0.5423976
2022-07-13 05:00:00,19.8,0.5509418
2022-07-13 06:00:00,20.3,0.6458443
2022-07-13 07:00:00,21.6,0.6732499999999999
2022-07-13 08:00:00,24.1,0.6989182999999999
2022-07-13 09:00:00,25.9,0.6591366000000001
2022-07-13 10:00:00,26.8,0.5908544
2022-07-13 11:00:00,27.4,0.5723975
2022-07-13 12:00:00,27.9,0.4805295
2022-07-13 13:00:00,28.8,0.448459
2022-07-13 14:00:00,28.6,0.3817238
2022-07-13 15:00:00,29.9,0.3741197
2022-07-13 16:00:00,29.3,0.4071541
2022-07-13 17:00:00,28.7,0.5060312
2022-07-13 18:00:00,27.1,0.5964236
2022-07-13 19:00:00,24.8,0.6693229999999999
2022-07-13 20:00:00,23.0,0.6889818000000001
2022-07-13 21:00:00,20.6,0.6867445999999999
2022-07-13 22:00:00,18.6,0.6743566999999999
2022-07-13 23:00:00,16.8,0.6001483000000001
2022-07-14 00:00:00,15.4,0.6321236000000001
2022-07-14 01:00:00,14.2,0.6054914
2022-07-14 02:00:00,13.1,0.5667093000000001
2022-07-14 03:00:00,11.9,0.5531790000000001
2022-07-14 04:00:00,11.1,0.5542619
2022-07-14 05:00:00,11.4,0.5978397
2022-07-14 06:00:00,12.6,0.6569708000000001
2022-07-14 07:00:00,14.8,0.6712389000000001
2022-07-14 08:00:00,16.3,0.6721433000000001
2022-07-14 09:00:00,16.2,0.6553286
2022-07-14 10:00:00,18.4,0.6076809999999999
2022-07-14 11:00:00,19.7,0.5791567
2022-07-14 12:00:00,21.3,0.5143731
2022-07-14 13:00:00,21.4,0.4826715000000001
2022-07-14 14:00:00,20.6,0.4405336
2022-07-14 15:00:00,21.4,0.4590024
2022-07-14 16:00:00,20.6,0.491894
2022-07-14 17:00:00,20.2,0.5677803
2022-07-14 18:00:00,17.6,0.6252097
2022-07-14 19:00:00,17.0,0.6564947999999999
2022-07-14 20:00:00,16.1,0.6747612999999999
2022-07-14 21:00:00,14.6,0.6719767000000001
2022-07-14 22:00:00,12.9,0.6582440999999999
2022-07-14 23:00:00,12.5,0.6316476
2022-07-15 00:00:00,11.4,0.5721
2022-07-15 01:00:00,11.1,0.5364833
2022-07-15 02:00:00,11.3,0.5108031000000001
2022-07-15 03:00:00,10.5,0.5185619
2022-07-15 04:00:00,9.6,0.5215845
2022-07-15 05:00:00,10.7,0.5483
2022-07-15 06:00:00,12.4,0.6374310000000001
2022-07-15 07:00:00,13.9,0.6672047999999999
2022-07-15 08:00:00,15.5,0.6514135
2022-07-15 09:00:00,16.2,0.5531314
2022-07-15 10:00:00,16.4,0.4679155
2022-07-15 11:00:00,16.7,0.4458648
2022-07-15 12:00:00,18.3,0.415139
2022-07-15 13:00:00,18.4,0.3817
2022-07-15 14:00:00,18.2,0.383842
2022-07-15 15:00:00,17.4,0.4199585
2022-07-15 16:00:00,18.2,0.4238140999999999
2022-07-15 17:00:00,17.3,0.5546665000000001
2022-07-15 18:00:00,16.9,0.6423933
2022-07-15 19:00:00,17.9,0.6576134
2022-07-15 20:00:00,16.8,0.6678355
2022-07-15 21:00:00,14.7,0.6720481
2022-07-15 22:00:00,14.2,0.6707391
2022-07-15 23:00:00,14.8,0.6364671
2022-07-16 00:00:00,15.4,0.6136429000000001
2022-07-16 01:00:00,15.0,0.5720524
2022-07-16 02:00:00,15.7,0.500462
2022-07-16 03:00:00,15.8,0.4565034
2022-07-16 04:00:00,15.9,0.4366661
2022-07-16 05:00:00,16.2,0.432989
2022-07-16 06:00:00,13.5,0.4073445
2022-07-16 07:00:00,14.5,0.3932906
2022-07-16 08:00:00,15.1,0.3221167
2022-07-16 09:00:00,17.6,0.2180631
2022-07-16 10:00:00,18.7,0.1978807
2022-07-16 11:00:00,19.4,0.1568733
2022-07-16 12:00:00,18.9,0.1556833
2022-07-16 13:00:00,18.9,0.1555405
2022-07-16 14:00:00,20.9,0.155481
2022-07-16 15:00:00,19.7,0.1556
2022-07-16 16:00:00,20.7,0.1568257
2022-07-16 17:00:00,19.9,0.1932754
2022-07-16 18:00:00,19.5,0.3266624999999999
2022-07-16 19:00:00,18.7,0.470117
2022-07-16 20:00:00,17.2,0.5533575
2022-07-16 21:00:00,14.9,0.5651147000000001
2022-07-16 22:00:00,12.7,0.5810845
2022-07-16 23:00:00,10.5,0.5504063
2022-07-17 00:00:00,10.2,0.5007714
2022-07-17 01:00:00,8.6,0.442152
2022-07-17 02:00:00,8.0,0.3943616
2022-07-17 03:00:00,7.9,0.3848297
2022-07-17 04:00:00,6.6,0.3862339
2022-07-17 05:00:00,7.9,0.3822474
2022-07-17 06:00:00,10.2,0.3876738
2022-07-17 07:00:00,11.8,0.3818666
2022-07-17 08:00:00,14.0,0.3811169
2022-07-17 09:00:00,16.1,0.35076
2022-07-17 10:00:00,16.8,0.2933663
2022-07-17 11:00:00,17.4,0.2867499
2022-07-17 12:00:00,20.2,0.2598321
2022-07-17 13:00:00,21.6,0.2423748
2022-07-17 14:00:00,22.9,0.2032238
2022-07-17 15:00:00,23.0,0.2548698
2022-07-17 16:00:00,23.6,0.285667
2022-07-17 17:00:00,24.0,0.3946591
2022-07-17 18:00:00,23.3,0.5654598
2022-07-17 19:00:00,22.5,0.6494618999999999
2022-07-17 20:00:00,20.9,0.663016
2022-07-17 21:00:00,17.5,0.6731905
2022-07-17 22:00:00,16.7,0.6673237999999999
2022-07-17 23:00:00,14.6,0.6394183
2022-07-18 00:00:00,13.2,0.6194263
2022-07-18 01:00:00,12.3,0.5465031
2022-07-18 02:00:00,12.0,0.5116837000000001
2022-07-18 03:00:00,12.6,0.4917036000000001
2022-07-18 04:00:00,12.2,0.4972252
2022-07-18 05:00:00,12.1,0.5186809
2022-07-18 06:00:00,13.8,0.6234009
2022-07-18 07:00:00,17.8,0.6612785999999999
2022-07-18 08:00:00,20.0,0.6337658
2022-07-18 09:00:00,22.3,0.6005767
2022-07-18 10:00:00,24.2,0.5411957000000001
2022-07-18 11:00:00,26.1,0.5166936
2022-07-18 12:00:00,27.6,0.5023065
2022-07-18 13:00:00,29.1,0.4787683
2022-07-18 14:00:00,29.4,0.4862891
2022-07-18 15:00:00,31.1,0.4887643000000001
2022-07-18 16:00:00,31.1,0.6152375
2022-07-18 17:00:00,32.1,0.6975498
2022-07-18 18:00:00,31.8,0.7655463999999998
2022-07-18 19:00:00,29.9,0.9143916
2022-07-18 20:00:00,28.6,0.9642526
2022-07-18 21:00:00,23.6,0.8695999999999999
2022-07-18 22:00:00,20.1,0.7864547
2022-07-18 23:00:00,18.1,0.7147334000000001
2022-07-19 00:00:00,18.3,0.6345274000000001
2022-07-19 01:00:00,15.4,0.5946981
2022-07-19 02:00:00,14.9,0.5559041
2022-07-19 03:00:00,13.4,0.5426356000000001
2022-07-19 04:00:00,13.1,0.5348767999999999
2022-07-19 05:00:00,13.5,0.5732662
2022-07-19 06:00:00,15.3,0.6792
2022-07-19 07:00:00,19.4,0.7308817000000001
2022-07-19 08:00:00,24.4,0.6946105
2022-07-19 09:00:00,28.0,0.614464
2022-07-19 10:00:00,30.7,0.5888433
2022-07-19 11:00:00,32.4,0.5636272
2022-07-19 12:00:00,33.2,0.5653527
2022-07-19 13:00:00,34.3,0.5596407
2022-07-19 14:00:00,35.0,0.5396368
2022-07-19 15:00:00,36.3,0.5699223
2022-07-19 16:00:00,36.1,0.6078119
2022-07-19 17:00:00,35.3,0.6832698000000001
2022-07-19 18:00:00,35.3,0.731679
2022-07-19 19:00:00,33.7,0.8472875
2022-07-19 20:00:00,30.5,0.8339595
2022-07-19 21:00:00,27.1,0.7103184999999999
2022-07-19 22:00:00,26.9,0.622913
2022-07-19 23:00:00,25.3,0.4958329
2022-07-20 00:00:00,23.0,0.4749365
2022-07-20 01:00:00,22.0,0.4434848
2022-07-20 02:00:00,21.6,0.4348097
2022-07-20 03:00:00,20.8,0.4374991
2022-07-20 04:00:00,19.9,0.4364281
2022-07-20 05:00:00,19.2,0.4889071
2022-07-20 06:00:00,21.3,0.6042657
2022-07-20 07:00:00,25.0,0.6614333000000001
2022-07-20 08:00:00,29.0,0.6250074
2022-07-20 09:00:00,31.9,0.5531671
2022-07-20 10:00:00,33.7,0.5115885
2022-07-20 11:00:00,35.2,0.4304662
2022-07-20 12:00:00,36.3,0.4277768
2022-07-20 13:00:00,37.4,0.4363329
2022-07-20 14:00:00,37.7,0.4393674
2022-07-20 15:00:00,38.0,0.497606
2022-07-20 16:00:00,38.3,0.5363643
2022-07-20 17:00:00,39.2,0.6081808
2022-07-20 18:00:00,36.0,0.678129
2022-07-20 19:00:00,32.1,0.7672481
2022-07-20 20:00:00,29.0,0.7818494
2022-07-20 21:00:00,26.9,0.7121987000000001
2022-07-20 22:00:00,25.0,0.6477482999999999
2022-07-20 23:00:00,23.3,0.6016477
2022-07-21 00:00:00,21.3,0.55544
2022-07-21 01:00:00,22.5,0.5468006000000001
2022-07-21 02:00:00,21.6,0.5510251
2022-07-21 03:00:00,21.4,0.5550473
2022-07-21 04:00:00,20.5,0.5450156
2022-07-21 05:00:00,19.8,0.5530600000000001
2022-07-21 06:00:00,19.6,0.6755705000000001
2022-07-21 07:00:00,19.4,0.7433171999999999
2022-07-21 08:00:00,20.1,0.7366889000000001
2022-07-21 09:00:00,20.1,0.7065462
2022-07-21 10:00:00,20.5,0.6696205
2022-07-21 11:00:00,20.9,0.6090971000000001
2022-07-21 12:00:00,23.0,0.5674113999999999
2022-07-21 13:00:00,25.4,0.5363524
2022-07-21 14:00:00,21.2,0.5302358
2022-07-21 15:00:00,19.1,0.5220486
2022-07-21 16:00:00,21.4,0.5567252
2022-07-21 17:00:00,21.2,0.5675661000000001
2022-07-21 18:00:00,21.6,0.6647653
2022-07-21 19:00:00,22.1,0.7371649
2022-07-21 20:00:00,20.8,0.7689855000000001
2022-07-21 21:00:00,19.8,0.7448642000000001
2022-07-21 22:00:00,18.8,0.7664150999999999
2022-07-21 23:00:00,18.5,0.6553524
2022-07-22 00:00:00,18.1,0.5991011
2022-07-22 01:00:00,18.1,0.5531790000000001
2022-07-22 02:00:00,18.1,0.5523579000000001
2022-07-22 03:00:00,17.6,0.5451465
2022-07-22 04:00:00,16.1,0.5462175
2022-07-22 05:00:00,15.8,0.5565705
2022-07-22 06:00:00,15.6,0.6433572000000001
2022-07-22 07:00:00,15.7,0.6921709999999999
2022-07-22 08:00:00,15.8,0.6755348000000001
2022-07-22 09:00:00,16.8,0.6427860000000001
2022-07-22 10:00:00,18.1,0.5633535
2022-07-22 11:00:00,17.9,0.5530957000000001
2022-07-22 12:00:00,18.1,0.5215964
2022-07-22 13:00:00,18.5,0.4817076
2022-07-22 14:00:00,18.8,0.4835282999999999
2022-07-22 15:00:00,18.7,0.5137781000000001
2022-07-22 16:00:00,18.6,0.5138971
2022-07-22 17:00:00,18.8,0.6209376
2022-07-22 18:00:00,18.6,0.6917664000000001
2022-07-22 19:00:00,18.2,0.7267881
2022-07-22 20:00:00,17.8,0.7278709999999999
2022-07-22 21:00:00,17.1,0.7441740000000001
2022-07-22 22:00:00,15.7,0.7042375999999999
2022-07-22 23:00:00,14.3,0.6612548
2022-07-23 00:00:00,14.3,0.6370264
2022-07-23 01:00:00,13.4,0.5657573
2022-07-23 02:00:00,12.8,0.5744681
2022-07-23 03:00:00,11.9,0.5566419
2022-07-23 04:00:00,11.8,0.5507276000000001
2022-07-23 05:00:00,12.5,0.5498113
2022-07-23 06:00:00,12.8,0.5566656999999999
2022-07-23 07:00:00,14.3,0.5520128
2022-07-23 08:00:00,16.3,0.5646982
2022-07-23 09:00:00,17.2,0.5732424
2022-07-23 10:00:00,18.1,0.5566538
2022-07-23 11:00:00,19.3,0.5213584
2022-07-23 12:00:00,19.8,0.4948214
2022-07-23 13:00:00,21.2,0.4444487
2022-07-23 14:00:00,22.1,0.3745243
2022-07-23 15:00:00,22.7,0.3762855
2022-07-23 16:00:00,22.7,0.4250636
2022-07-23 17:00:00,22.3,0.4947856999999999
2022-07-23 18:00:00,22.1,0.5554638000000001
2022-07-23 19:00:00,21.7,0.5993153
2022-07-23 20:00:00,20.1,0.6341585
2022-07-23 21:00:00,17.8,0.6382759
2022-07-23 22:00:00,15.5,0.627911
2022-07-23 23:00:00,14.3,0.5918659
2022-07-24 00:00:00,13.3,0.6235794
2022-07-24 01:00:00,12.1,0.6068956000000001
2022-07-24 02:00:00,12.2,0.5781214
2022-07-24 03:00:00,12.2,0.54949
2022-07-24 04:00:00,12.1,0.5318542
2022-07-24 05:00:00,11.4,0.5159558
2022-07-24 06:00:00,15.2,0.4801844
2022-07-24 07:00:00,17.9,0.4661067
2022-07-24 08:00:00,19.9,0.4202798
2022-07-24 09:00:00,22.2,0.3494391
2022-07-24 10:00:00,24.6,0.3340881
2022-07-24 11:00:00,25.8,0.2747904
2022-07-24 12:00:00,26.9,0.2409468
2022-07-24 13:00:00,28.0,0.2251912
2022-07-24 14:00:00,28.7,0.2136363
2022-07-24 15:00:00,29.7,0.232236
2022-07-24 16:00:00,30.1,0.2984714
2022-07-24 17:00:00,30.4,0.4600972
2022-07-24 18:00:00,30.3,0.5780738000000001
2022-07-24 19:00:00,29.3,0.6201760000000001
2022-07-24 20:00:00,28.1,0.6540315000000001
2022-07-24 21:00:00,24.4,0.6710484999999999
2022-07-24 22:00:00,22.6,0.6520204
2022-07-24 23:00:00,22.1,0.6012312000000001
2022-07-25 00:00:00,21.4,0.567816
2022-07-25 01:00:00,22.4,0.4849444
2022-07-25 02:00:00,21.3,0.4709143
2022-07-25 03:00:00,20.5,0.4721757
2022-07-25 04:00:00,20.0,0.4670349
2022-07-25 05:00:00,19.0,0.4962851000000001
2022-07-25 06:00:00,21.1,0.6019452
2022-07-25 07:00:00,23.9,0.6436666
2022-07-25 08:00:00,26.0,0.6462846
2022-07-25 09:00:00,28.5,0.5728616
2022-07-25 10:00:00,31.4,0.5073402
2022-07-25 11:00:00,32.3,0.4712475
2022-07-25 12:00:00,33.4,0.4353571
2022-07-25 13:00:00,32.6,0.4308708
2022-07-25 14:00:00,30.7,0.4203155
2022-07-25 15:00:00,31.7,0.3978959
2022-07-25 16:00:00,32.3,0.4643217
2022-07-25 17:00:00,27.6,0.4724851
2022-07-25 18:00:00,25.6,0.5525245000000001
2022-07-25 19:00:00,24.3,0.606848
2022-07-25 20:00:00,23.3,0.6123339
2022-07-25 21:00:00,21.8,0.6159634
2022-07-25 22:00:00,20.8,0.6217111
2022-07-25 23:00:00,19.7,0.5494662
2022-07-26 00:00:00,18.5,0.5487522
2022-07-26 01:00:00,19.1,0.5316757
2022-07-26 02:00:00,19.1,0.4850515000000001
2022-07-26 03:00:00,19.1,0.5040201
2022-07-26 04:00:00,18.8,0.5129689000000001
2022-07-26 05:00:00,18.6,0.5684586
2022-07-26 06:00:00,18.5,0.6413937000000001
2022-07-26 07:00:00,18.8,0.6963003000000001
2022-07-26 08:00:00,19.6,0.6216516000000001
2022-07-26 09:00:00,20.4,0.504865
2022-07-26 10:00:00,16.1,0.4359521
2022-07-26 11:00:00,17.2,0.4683439
2022-07-26 12:00:00,18.5,0.3936119
2022-07-26 13:00:00,19.7,0.3800102000000001
2022-07-26 14:00:00,21.2,0.373489
2022-07-26 15:00:00,19.3,0.3693002
2022-07-26 16:00:00,19.8,0.3818904
2022-07-26 17:00:00,19.0,0.470117
2022-07-26 18:00:00,19.1,0.5721119
2022-07-26 19:00:00,19.0,0.6703345
2022-07-26 20:00:00,17.1,0.6779743
2022-07-26 21:00:00,16.5,0.6881250000000001
2022-07-26 22:00:00,14.6,0.6759632
2022-07-26 23:00:00,12.5,0.6033613
2022-07-27 00:00:00,11.8,0.6375500000000001
2022-07-27 01:00:00,11.2,0.5735161
2022-07-27 02:00:00,10.7,0.5686252
2022-07-27 03:00:00,10.4,0.5720881
2022-07-27 04:00:00,10.6,0.5701126999999999
2022-07-27 05:00:00,10.5,0.6043966000000001
2022-07-27 06:00:00,11.3,0.7030000000000001
2022-07-27 07:00:00,12.8,0.7505286
2022-07-27 08:00:00,15.7,0.7415679
2022-07-27 09:00:00,16.8,0.6732381000000001
2022-07-27 10:00:00,17.4,0.6620759
2022-07-27 11:00:00,17.9,0.6534960000000001
2022-07-27 12:00:00,19.0,0.6196048000000001
2022-07-27 13:00:00,19.4,0.5707791
2022-07-27 14:00:00,19.2,0.5577605
2022-07-27 15:00:00,21.5,0.5760389
2022-07-27 16:00:00,19.7,0.5973756000000001
2022-07-27 17:00:00,19.6,0.6668835
2022-07-27 18:00:00,18.9,0.7516829
2022-07-27 19:00:00,18.4,0.7894772999999999
2022-07-27 20:00:00,17.5,0.8099452999999999
2022-07-27 21:00:00,15.1,0.7855384000000001
2022-07-27 22:00:00,14.1,0.7565261999999999
2022-07-27 23:00:00,12.8,0.6660743
2022-07-28 00:00:00,11.6,0.6765701
2022-07-28 01:00:00,9.4,0.6326829
2022-07-28 02:00:00,7.2,0.6315643000000001
2022-07-28 03:00:00,7.0,0.6312549
2022-07-28 04:00:00,6.6,0.6315643000000001
2022-07-28 05:00:00,6.9,0.6316476
2022-07-28 06:00:00,8.8,0.7433767
2022-07-28 07:00:00,11.4,0.8211432000000001
2022-07-28 08:00:00,14.0,0.7976763999999998
2022-07-28 09:00:00,16.7,0.7522898
2022-07-28 10:00:00,17.3,0.6924804
2022-07-28 11:00:00,18.7,0.6535555
2022-07-28 12:00:00,19.6,0.6626232999999999
2022-07-28 13:00:00,20.6,0.6430002
2022-07-28 14:00:00,21.8,0.6614690000000001
2022-07-28 15:00:00,22.8,0.6716554000000001
2022-07-28 16:00:00,23.2,0.6963241
2022-07-28 17:00:00,23.2,0.7671767
2022-07-28 18:00:00,22.4,0.8265815000000001
2022-07-28 19:00:00,21.7,0.8683386
2022-07-28 20:00:00,19.5,0.8541181
2022-07-28 21:00:00,17.9,0.8189416999999999
2022-07-28 22:00:00,16.2,0.7913337
2022-07-28 23:00:00,15.3,0.6931468000000001
2022-07-29 00:00:00,14.5,0.6316238000000001
2022-07-29 01:00:00,13.8,0.612679
2022-07-29 02:00:00,14.4,0.6004339000000001
2022-07-29 03:00:00,13.7,0.6179269000000001
2022-07-29 04:00:00,13.8,0.6016477
2022-07-29 05:00:00,13.9,0.6347059
2022-07-29 06:00:00,14.2,0.7067604000000001
2022-07-29 07:00:00,15.0,0.7602866000000001
2022-07-29 08:00:00,16.8,0.7710322999999999
2022-07-29 09:00:00,18.3,0.7552767
2022-07-29 10:00:00,18.7,0.7070936000000001
2022-07-29 11:00:00,21.0,0.6898267
2022-07-29 12:00:00,21.9,0.6249836
2022-07-29 13:00:00,23.2,0.5916755
2022-07-29 14:00:00,24.4,0.5899976
2022-07-29 15:00:00,25.0,0.6375262
2022-07-29 16:00:00,26.0,0.6400252
2022-07-29 17:00:00,26.2,0.7048087999999999
2022-07-29 18:00:00,25.8,0.7385453
2022-07-29 19:00:00,24.9,0.7654869
2022-07-29 20:00:00,22.3,0.7557526999999999
2022-07-29 21:00:00,21.5,0.7326786000000001
2022-07-29 22:00:00,20.1,0.7292395
2022-07-29 23:00:00,19.2,0.6622306
2022-07-30 00:00:00,16.6,0.6613499999999999
2022-07-30 01:00:00,16.3,0.636717
2022-07-30 02:00:00,16.3,0.6375500000000001
2022-07-30 03:00:00,16.2,0.6266615
2022-07-30 04:00:00,16.0,0.6043014
2022-07-30 05:00:00,16.0,0.6125362000000001
2022-07-30 06:00:00,16.0,0.6396682
2022-07-30 07:00:00,15.9,0.6589938
2022-07-30 08:00:00,16.4,0.6467368
2022-07-30 09:00:00,19.2,0.6180935000000001
2022-07-30 10:00:00,19.5,0.5548212
2022-07-30 11:00:00,22.5,0.5227626000000001
2022-07-30 12:00:00,22.6,0.4750674
2022-07-30 13:00:00,23.6,0.4373682
2022-07-30 14:00:00,24.8,0.4504582
2022-07-30 15:00:00,25.6,0.5027587
2022-07-30 16:00:00,24.2,0.5321517
2022-07-30 17:00:00,23.2,0.6178436
2022-07-30 18:00:00,24.5,0.6623734000000001
2022-07-30 19:00:00,23.9,0.6960385
2022-07-30 20:00:00,22.4,0.7121748999999999
2022-07-30 21:00:00,19.6,0.7109611
2022-07-30 22:00:00,19.8,0.7104256
2022-07-30 23:00:00,17.7,0.6814967000000001
2022-07-31 00:00:00,16.7,0.6111201
2022-07-31 01:00:00,16.6,0.5600572
2022-07-31 02:00:00,16.5,0.512719
2022-07-31 03:00:00,16.5,0.5043295000000001
2022-07-31 04:00:00,16.1,0.478447
2022-07-31 05:00:00,15.6,0.4797679000000001
2022-07-31 06:00:00,16.6,0.4662257
2022-07-31 07:00:00,17.6,0.4707120000000001
2022-07-31 08:00:00,19.1,0.5126119
2022-07-31 09:00:00,21.4,0.4963803
2022-07-31 10:00:00,22.3,0.466309
2022-07-31 11:00:00,23.1,0.4599544
2022-07-31 12:00:00,25.0,0.4686652
2022-07-31 13:00:00,26.1,0.4163052
2022-07-31 14:00:00,25.8,0.4040006
2022-07-31 15:00:00,25.8,0.4246352
2022-07-31 16:00:00,24.7,0.4555633
2022-07-31 17:00:00,23.7,0.5316519
2022-07-31 18:00:00,17.5,0.6254001
2022-07-31 19:00:00,18.0,0.6905645
2022-07-31 20:00:00,18.4,0.6946105
2022-07-31 21:00:00,17.8,0.7083788
2022-07-31 22:00:00,18.1,0.7097473000000001
2022-07-31 23:00:00,18.6,0.6624091000000001
2022-08-01 00:00:00,18.6,0.6138214
2022-08-01 01:00:00,18.5,0.5650314000000001
2022-08-01 02:00:00,18.5,0.5587839
2022-08-01 03:00:00,18.1,0.5374234
2022-08-01 04:00:00,17.9,0.5479668
2022-08-01 05:00:00,17.6,0.6078
2022-08-01 06:00:00,17.8,0.6668954
2022-08-01 07:00:00,17.9,0.7124129000000001
2022-08-01 08:00:00,18.5,0.720731
2022-08-01 09:00:00,18.0,0.7018694999999999
2022-08-01 10:00:00,18.7,0.6885891
2022-08-01 11:00:00,18.6,0.6651818
2022-08-01 12:00:00,19.1,0.622199
2022-08-01 13:00:00,20.9,0.617558
2022-08-01 14:00:00,20.8,0.604706
2022-08-01 15:00:00,21.4,0.6138570999999999
2022-08-01 16:00:00,21.4,0.6302909999999999
2022-08-01 17:00:00,22.0,0.6759275
2022-08-01 18:00:00,21.0,0.7042614
2022-08-01 19:00:00,20.6,0.7632854
2022-08-01 20:00:00,18.3,0.7873471999999999
2022-08-01 21:00:00,16.4,0.7795527000000002
2022-08-01 22:00:00,15.1,0.7617026999999998
2022-08-01 23:00:00,13.8,0.7144002
2022-08-02 00:00:00,12.3,0.6803662000000001
2022-08-02 01:00:00,10.9,0.619819
2022-08-02 02:00:00,10.6,0.6102989999999999
2022-08-02 03:00:00,10.2,0.5838691
2022-08-02 04:00:00,9.8,0.5753011
2022-08-02 05:00:00,10.0,0.6233057
2022-08-02 06:00:00,10.4,0.6994776
2022-08-02 07:00:00,13.7,0.7266809999999999
2022-08-02 08:00:00,16.9,0.7254910000000001
2022-08-02 09:00:00,19.2,0.6291129000000001
2022-08-02 10:00:00,21.0,0.5462294000000001
2022-08-02 11:00:00,22.9,0.5218463
2022-08-02 12:00:00,24.0,0.4350953
2022-08-02 13:00:00,25.3,0.4262179
2022-08-02 14:00:00,26.1,0.3916841
2022-08-02 15:00:00,26.5,0.41621
2022-08-02 16:00:00,26.9,0.4825048999999999
2022-08-02 17:00:00,27.1,0.5412909
2022-08-02 18:00:00,27.2,0.6736784
2022-08-02 19:00:00,26.2,0.7499693000000001
2022-08-02 20:00:00,25.5,0.7637733
2022-08-02 21:00:00,22.7,0.7662722999999998
2022-08-02 22:00:00,22.5,0.7326429000000001
2022-08-02 23:00:00,23.2,0.6806994
2022-08-03 00:00:00,22.4,0.6125005000000001
2022-08-03 01:00:00,20.1,0.5936033000000001
2022-08-03 02:00:00,19.5,0.5603666
2022-08-03 03:00:00,18.6,0.5438970000000001
2022-08-03 04:00:00,19.6,0.5482524
2022-08-03 05:00:00,19.1,0.5944244000000001
2022-08-03 06:00:00,20.0,0.6797593
2022-08-03 07:00:00,22.3,0.6956934000000001
2022-08-03 08:00:00,24.5,0.6842098999999999
2022-08-03 09:00:00,26.2,0.5961856000000001
2022-08-03 10:00:00,28.3,0.5338058
2022-08-03 11:00:00,29.3,0.4466859
2022-08-03 12:00:00,30.4,0.4454364
2022-08-03 13:00:00,30.3,0.3727988
2022-08-03 14:00:00,30.9,0.3925052
2022-08-03 15:00:00,32.0,0.5029848
2022-08-03 16:00:00,32.3,0.5858920999999999
2022-08-03 17:00:00,31.8,0.6774388
2022-08-03 18:00:00,32.1,0.7510165
2022-08-03 19:00:00,30.8,0.8101714
2022-08-03 20:00:00,28.7,0.8301991
2022-08-03 21:00:00,25.0,0.8229044000000001
2022-08-03 22:00:00,23.1,0.7506238000000001
2022-08-03 23:00:00,22.0,0.6936942000000001
2022-08-04 00:00:00,20.7,0.691457
2022-08-04 01:00:00,20.7,0.6485694
2022-08-04 02:00:00,18.7,0.6019333
2022-08-04 03:00:00,18.3,0.5703031000000001
2022-08-04 04:00:00,17.9,0.5665070000000001
2022-08-04 05:00:00,18.8,0.6019333
2022-08-04 06:00:00,20.4,0.6938013000000001
2022-08-04 07:00:00,22.5,0.7269190000000001
2022-08-04 08:00:00,25.6,0.7265501000000001
2022-08-04 09:00:00,28.2,0.6909810000000001
2022-08-04 10:00:00,31.0,0.6414175
2022-08-04 11:00:00,32.9,0.5969829
2022-08-04 12:00:00,34.3,0.5652931999999999
2022-08-04 13:00:00,34.6,0.4935838
2022-08-04 14:00:00,33.9,0.5358169
2022-08-04 15:00:00,35.2,0.5633416
2022-08-04 16:00:00,34.7,0.5917469
2022-08-04 17:00:00,29.1,0.6517942999999999
2022-08-04 18:00:00,26.5,0.7419487
2022-08-04 19:00:00,25.6,0.7669505999999999
2022-08-04 20:00:00,24.5,0.7557526999999999
2022-08-04 21:00:00,23.7,0.7503977
2022-08-04 22:00:00,22.3,0.727514
2022-08-04 23:00:00,21.2,0.6613024000000001
2022-08-05 00:00:00,20.0,0.6388114
2022-08-05 01:00:00,18.8,0.5818342000000001
2022-08-05 02:00:00,18.2,0.5573916000000001
2022-08-05 03:00:00,17.8,0.5592123
2022-08-05 04:00:00,17.8,0.5584388
2022-08-05 05:00:00,17.3,0.6197595
2022-08-05 06:00:00,17.4,0.6909929000000001
2022-08-05 07:00:00,17.4,0.71252
2022-08-05 08:00:00,16.8,0.7314529000000001
2022-08-05 09:00:00,16.8,0.6876966
2022-08-05 10:00:00,17.6,0.6654435999999999
2022-08-05 11:00:00,17.5,0.637669
2022-08-05 12:00:00,16.4,0.624698
2022-08-05 13:00:00,17.6,0.5495495
2022-08-05 14:00:00,17.4,0.5091014
2022-08-05 15:00:00,18.4,0.4604899
2022-08-05 16:00:00,19.1,0.4560036
2022-08-05 17:00:00,20.5,0.5021042
2022-08-05 18:00:00,20.1,0.5780738000000001
2022-08-05 19:00:00,19.2,0.6548526000000001
2022-08-05 20:00:00,17.5,0.6612191000000001
2022-08-05 21:00:00,14.6,0.6759870000000001
2022-08-05 22:00:00,13.4,0.6671929000000001
2022-08-05 23:00:00,11.9,0.6155945
2022-08-06 00:00:00,11.2,0.5860943999999999
2022-08-06 01:00:00,10.4,0.5305095
2022-08-06 02:00:00,9.7,0.5228221
2022-08-06 03:00:00,9.4,0.4845755
2022-08-06 04:00:00,10.2,0.4742344
2022-08-06 05:00:00,9.5,0.4663566
2022-08-06 06:00:00,11.0,0.5016877
2022-08-06 07:00:00,12.5,0.5304857000000001
2022-08-06 08:00:00,14.3,0.5239764
2022-08-06 09:00:00,16.7,0.4808984
2022-08-06 10:00:00,17.8,0.4389509
2022-08-06 11:00:00,17.7,0.3962061
2022-08-06 12:00:00,19.7,0.3580428
2022-08-06 13:00:00,19.5,0.3332789
2022-08-06 14:00:00,19.9,0.2936638
2022-08-06 15:00:00,20.5,0.3219263
2022-08-06 16:00:00,20.8,0.3640404
2022-08-06 17:00:00,20.7,0.4400695
2022-08-06 18:00:00,19.7,0.5342104000000001
2022-08-06 19:00:00,19.2,0.5988631
2022-08-06 20:00:00,16.9,0.6278039
2022-08-06 21:00:00,14.6,0.6085616
2022-08-06 22:00:00,13.1,0.5948051999999999
2022-08-06 23:00:00,12.8,0.5423262
2022-08-07 00:00:00,12.6,0.4862891
2022-08-07 01:00:00,12.5,0.4326915
2022-08-07 02:00:00,10.2,0.4153532
2022-08-07 03:00:00,9.3,0.401216
2022-08-07 04:00:00,9.3,0.3941593
2022-08-07 05:00:00,8.5,0.3998237
2022-08-07 06:00:00,9.8,0.39955
2022-08-07 07:00:00,13.4,0.4010851
2022-08-07 08:00:00,16.5,0.3487013
2022-08-07 09:00:00,18.7,0.325413
2022-08-07 10:00:00,20.3,0.2746
2022-08-07 11:00:00,21.1,0.2599511
2022-08-07 12:00:00,22.1,0.2589158
2022-08-07 13:00:00,22.7,0.2385906
2022-08-07 14:00:00,22.9,0.2389238
2022-08-07 15:00:00,24.0,0.2581185
2022-08-07 16:00:00,23.5,0.2779558
2022-08-07 17:00:00,23.9,0.3929098
2022-08-07 18:00:00,24.2,0.5145873000000001
2022-08-07 19:00:00,22.6,0.623627
2022-08-07 20:00:00,20.5,0.6577681
2022-08-07 21:00:00,18.0,0.6553048
2022-08-07 22:00:00,17.1,0.6338134
2022-08-07 23:00:00,16.4,0.5833098000000001
2022-08-08 00:00:00,15.6,0.5245952
2022-08-08 01:00:00,13.3,0.4787683
2022-08-08 02:00:00,11.6,0.4905731
2022-08-08 03:00:00,10.6,0.4868841
2022-08-08 04:00:00,10.5,0.4803390999999999
2022-08-08 05:00:00,8.8,0.5249522
2022-08-08 06:00:00,10.1,0.6417626000000001
2022-08-08 07:00:00,12.4,0.6553881000000001
2022-08-08 08:00:00,16.1,0.6490692
2022-08-08 09:00:00,18.2,0.6132145
2022-08-08 10:00:00,20.8,0.5595336
2022-08-08 11:00:00,22.6,0.5210133
2022-08-08 12:00:00,23.5,0.5038654
2022-08-08 13:00:00,24.4,0.5054719000000001
2022-08-08 14:00:00,23.9,0.5062692
2022-08-08 15:00:00,24.2,0.5218463
2022-08-08 16:00:00,24.7,0.5481334
2022-08-08 17:00:00,24.3,0.6387638
2022-08-08 18:00:00,23.9,0.6791762000000001
2022-08-08 19:00:00,22.9,0.7457209999999999
2022-08-08 20:00:00,20.7,0.7432814999999999
2022-08-08 21:00:00,19.2,0.69705
2022-08-08 22:00:00,18.1,0.6662885000000001
2022-08-08 23:00:00,17.0,0.621128
2022-08-09 00:00:00,16.0,0.5492044
2022-08-09 01:00:00,15.2,0.5113148000000001
2022-08-09 02:00:00,14.7,0.5113505
2022-08-09 03:00:00,13.0,0.499748
2022-08-09 04:00:00,12.9,0.5075425
2022-08-09 05:00:00,12.1,0.5364119
2022-08-09 06:00:00,11.5,0.6112748000000001
2022-08-09 07:00:00,15.3,0.6494262
2022-08-09 08:00:00,18.0,0.6628018
2022-08-09 09:00:00,20.8,0.6125480999999999
2022-08-09 10:00:00,23.1,0.5246071
2022-08-09 11:00:00,23.3,0.4917036000000001
2022-08-09 12:00:00,24.3,0.4859083
2022-08-09 13:00:00,25.3,0.4637386
2022-08-09 14:00:00,26.0,0.4657616
2022-08-09 15:00:00,25.2,0.4731991
2022-08-09 16:00:00,26.9,0.4999503
2022-08-09 17:00:00,26.8,0.5736946
2022-08-09 18:00:00,26.4,0.6554
2022-08-09 19:00:00,25.3,0.7146619999999999
2022-08-09 20:00:00,22.3,0.7145668000000001
2022-08-09 21:00:00,19.8,0.6657173000000001
2022-08-09 22:00:00,18.8,0.6392755
2022-08-09 23:00:00,17.4,0.5641389000000001
2022-08-10 00:00:00,16.4,0.5090418999999999
2022-08-10 01:00:00,15.7,0.4971062
2022-08-10 02:00:00,15.3,0.5110649
2022-08-10 03:00:00,13.0,0.495464
2022-08-10 04:00:00,12.4,0.5054481000000001
2022-08-10 05:00:00,13.2,0.5099106
2022-08-10 06:00:00,13.3,0.5645673
2022-08-10 07:00:00,15.3,0.6232462000000001
2022-08-10 08:00:00,18.3,0.6262569
2022-08-10 09:00:00,21.0,0.5795494
2022-08-10 10:00:00,23.7,0.516051
2022-08-10 11:00:00,25.0,0.494631
2022-08-10 12:00:00,26.1,0.4825644
2022-08-10 13:00:00,26.6,0.45667
2022-08-10 14:00:00,26.5,0.4578124
2022-08-10 15:00:00,27.5,0.4796845999999999
2022-08-10 16:00:00,27.9,0.516289
2022-08-10 17:00:00,27.8,0.57567
2022-08-10 18:00:00,27.2,0.6434167
2022-08-10 19:00:00,26.5,0.68991
2022-08-10 20:00:00,23.1,0.6967287
2022-08-10 21:00:00,20.8,0.6554
2022-08-10 22:00:00,19.4,0.6397396
2022-08-10 23:00:00,18.7,0.5780619
2022-08-11 00:00:00,17.7,0.5244048000000001
2022-08-11 01:00:00,17.1,0.5126356999999999
2022-08-11 02:00:00,15.7,0.5245
2022-08-11 03:00:00,14.9,0.520097
2022-08-11 04:00:00,14.2,0.52688
2022-08-11 05:00:00,14.0,0.5686013999999999
2022-08-11 06:00:00,14.4,0.6395135
2022-08-11 07:00:00,16.5,0.6553643
2022-08-11 08:00:00,20.1,0.649331
2022-08-11 09:00:00,23.2,0.6282204
2022-08-11 10:00:00,26.3,0.578169
2022-08-11 11:00:00,27.7,0.5292243000000001
2022-08-11 12:00:00,28.4,0.5113743
2022-08-11 13:00:00,28.9,0.4767334
2022-08-11 14:00:00,29.5,0.4743534
2022-08-11 15:00:00,30.1,0.50546
2022-08-11 16:00:00,29.8,0.554012
2022-08-11 17:00:00,30.2,0.6331589
2022-08-11 18:00:00,29.8,0.6911
2022-08-11 19:00:00,28.4,0.798081
2022-08-11 20:00:00,25.3,0.7919525000000001
2022-08-11 21:00:00,22.5,0.68634
2022-08-11 22:00:00,21.2,0.6494381
2022-08-11 23:00:00,20.3,0.6197
2022-08-12 00:00:00,19.0,0.657899
2022-08-12 01:00:00,18.7,0.6375500000000001
2022-08-12 02:00:00,18.0,0.6264711000000001
2022-08-12 03:00:00,16.6,0.6220205
2022-08-12 04:00:00,16.0,0.6346464
2022-08-12 05:00:00,14.7,0.6411199999999999
2022-08-12 06:00:00,15.1,0.7139598999999999
2022-08-12 07:00:00,17.6,0.7664389
2022-08-12 08:00:00,21.1,0.7601200000000001
2022-08-12 09:00:00,24.4,0.7179464
2022-08-12 10:00:00,27.1,0.655281
2022-08-12 11:00:00,28.4,0.638264
2022-08-12 12:00:00,28.6,0.6035041000000001
2022-08-12 13:00:00,28.7,0.5464555
2022-08-12 14:00:00,29.5,0.5535003000000001
2022-08-12 15:00:00,29.3,0.5983871000000001
2022-08-12 16:00:00,30.0,0.6235556
2022-08-12 17:00:00,29.9,0.6888152000000001
2022-08-12 18:00:00,29.3,0.7386881000000001
2022-08-12 19:00:00,28.4,0.8220000000000001
2022-08-12 20:00:00,24.8,0.8284260000000001
2022-08-12 21:00:00,23.4,0.7598582
2022-08-12 22:00:00,21.4,0.7142693
2022-08-12 23:00:00,19.3,0.6601838
2022-08-13 00:00:00,17.8,0.6640037000000001
2022-08-13 01:00:00,17.7,0.6324449
2022-08-13 02:00:00,17.0,0.6171653
2022-08-13 03:00:00,16.6,0.6007671
2022-08-13 04:00:00,16.2,0.6027901
2022-08-13 05:00:00,15.6,0.6110844
2022-08-13 06:00:00,15.8,0.6076809999999999
2022-08-13 07:00:00,18.3,0.6182006
2022-08-13 08:00:00,21.1,0.631481
2022-08-13 09:00:00,23.7,0.6012550000000001
2022-08-13 10:00:00,27.2,0.5523579000000001
2022-08-13 11:00:00,28.4,0.5126238000000001
2022-08-13 12:00:00,28.3,0.4497918
2022-08-13 13:00:00,28.5,0.3842109
2022-08-13 14:00:00,30.2,0.4098078
2022-08-13 15:00:00,28.7,0.5031395000000001
2022-08-13 16:00:00,29.8,0.5622944000000001
2022-08-13 17:00:00,27.9,0.646237
2022-08-13 18:00:00,27.6,0.710378
2022-08-13 19:00:00,27.2,0.7544794000000001
2022-08-13 20:00:00,25.7,0.7561930000000001
2022-08-13 21:00:00,24.7,0.7267286
2022-08-13 22:00:00,23.7,0.7052729
2022-08-13 23:00:00,21.8,0.6624091000000001
2022-08-14 00:00:00,20.6,0.650997
2022-08-14 01:00:00,18.3,0.628268
2022-08-14 02:00:00,18.4,0.605301
2022-08-14 03:00:00,18.0,0.5768599999999999
2022-08-14 04:00:00,18.2,0.5721714
2022-08-14 05:00:00,17.1,0.5733018999999999
2022-08-14 06:00:00,18.1,0.5753963
2022-08-14 07:00:00,20.7,0.5721595
2022-08-14 08:00:00,22.9,0.5782523
2022-08-14 09:00:00,24.5,0.5601286000000001
2022-08-14 10:00:00,26.6,0.5233099999999999
2022-08-14 11:00:00,27.9,0.4526002
2022-08-14 12:00:00,28.2,0.3182968
2022-08-14 13:00:00,29.6,0.2566667
2022-08-14 14:00:00,30.8,0.2436838
2022-08-14 15:00:00,30.2,0.3512003
2022-08-14 16:00:00,30.5,0.4746747
2022-08-14 17:00:00,30.6,0.5643888
2022-08-14 18:00:00,30.3,0.650521
2022-08-14 19:00:00,29.8,0.6969429
2022-08-14 20:00:00,26.8,0.7029524
2022-08-14 21:00:00,25.1,0.706094
2022-08-14 22:00:00,24.5,0.6975498
2022-08-14 23:00:00,23.1,0.6405012000000001
2022-08-15 00:00:00,22.7,0.6018857
2022-08-15 01:00:00,21.7,0.5852971
2022-08-15 02:00:00,21.0,0.5847616
2022-08-15 03:00:00,19.8,0.5721
2022-08-15 04:00:00,18.8,0.5756581000000001
2022-08-15 05:00:00,18.4,0.5882721
2022-08-15 06:00:00,19.5,0.6094779000000001
2022-08-15 07:00:00,20.6,0.6662528000000001
2022-08-15 08:00:00,21.9,0.7117346
2022-08-15 09:00:00,23.5,0.6944320000000002
2022-08-15 10:00:00,27.2,0.6689779
2022-08-15 11:00:00,29.4,0.6400014
2022-08-15 12:00:00,29.5,0.6343489
2022-08-15 13:00:00,29.6,0.6222346999999999
2022-08-15 14:00:00,21.3,0.6229963000000001
2022-08-15 15:00:00,23.4,0.6079071
2022-08-15 16:00:00,23.5,0.6316595
2022-08-15 17:00:00,21.7,0.6897195999999999
2022-08-15 18:00:00,21.3,0.74465
2022-08-15 19:00:00,22.0,0.7744119
2022-08-15 20:00:00,21.0,0.8169067999999999
2022-08-15 21:00:00,20.4,0.7942610999999999
2022-08-15 22:00:00,19.6,0.7589300000000001
2022-08-15 23:00:00,20.1,0.7213498
2022-08-16 00:00:00,19.4,0.7092594000000001
2022-08-16 01:00:00,19.7,0.6680735
2022-08-16 02:00:00,20.0,0.6684186000000001
2022-08-16 03:00:00,19.5,0.6511398
2022-08-16 04:00:00,17.8,0.6584821000000001
2022-08-16 05:00:00,17.8,0.6803781
2022-08-16 06:00:00,17.5,0.7535988
2022-08-16 07:00:00,20.2,0.7720081000000001
2022-08-16 08:00:00,22.1,0.7683310000000001
2022-08-16 09:00:00,23.5,0.7368436
2022-08-16 10:00:00,25.2,0.6911
2022-08-16 11:00:00,26.2,0.6612905
2022-08-16 12:00:00,27.3,0.6519252
2022-08-16 13:00:00,28.2,0.6435713999999999
2022-08-16 14:00:00,26.9,0.6436070999999999
2022-08-16 15:00:00,27.6,0.6530914
2022-08-16 16:00:00,28.2,0.6822107
2022-08-16 17:00:00,28.6,0.7588229
2022-08-16 18:00:00,28.9,0.8696595
2022-08-16 19:00:00,27.3,0.9468191
2022-08-16 20:00:00,24.7,0.9434395
2022-08-16 21:00:00,22.7,0.9271722
2022-08-16 22:00:00,21.6,0.8457999999999999
2022-08-16 23:00:00,21.4,0.7664032000000001
2022-08-17 00:00:00,19.4,0.7790886000000001
2022-08-17 01:00:00,18.3,0.7314171999999999
2022-08-17 02:00:00,17.5,0.7174347000000001
2022-08-17 03:00:00,16.9,0.7020718000000001
2022-08-17 04:00:00,17.1,0.7070698
2022-08-17 05:00:00,16.5,0.7382716
2022-08-17 06:00:00,16.5,0.8074106000000001
2022-08-17 07:00:00,18.4,0.8660776000000001
2022-08-17 08:00:00,20.6,0.8890327
2022-08-17 09:00:00,23.4,0.8399690000000002
2022-08-17 10:00:00,25.9,0.8100643000000001
2022-08-17 11:00:00,28.4,0.7825990999999999
2022-08-17 12:00:00,29.8,0.7614170999999998
2022-08-17 13:00:00,28.9,0.7505999999999999
2022-08-17 14:00:00,29.4,0.7423770999999999
2022-08-17 15:00:00,29.9,0.7618693000000001
2022-08-17 16:00:00,28.9,0.8001039999999999
2022-08-17 17:00:00,21.4,0.8616269999999999
2022-08-17 18:00:00,24.0,0.9600876
2022-08-17 19:00:00,22.4,1.0456367
2022-08-17 20:00:00,20.0,0.96599
2022-08-17 21:00:00,18.8,0.9042171
2022-08-17 22:00:00,20.3,0.8125157000000001
2022-08-17 23:00:00,18.4,0.7612148000000001
2022-08-18 00:00:00,17.5,0.7790648
2022-08-18 01:00:00,18.0,0.7266809999999999
2022-08-18 02:00:00,17.4,0.7267999999999999
2022-08-18 03:00:00,17.2,0.7202074
2022-08-18 04:00:00,17.9,0.7245747
2022-08-18 05:00:00,16.7,0.7496956000000001
2022-08-18 06:00:00,16.6,0.8101
2022-08-18 07:00:00,17.4,0.8682909999999999
2022-08-18 08:00:00,18.3,0.893519
2022-08-18 09:00:00,18.4,0.8857721000000001
2022-08-18 10:00:00,19.6,0.8817261000000001
2022-08-18 11:00:00,20.6,0.8430035
2022-08-18 12:00:00,22.5,0.8218452999999999
2022-08-18 13:00:00,23.5,0.8257009
2022-08-18 14:00:00,24.5,0.8021746000000001
2022-08-18 15:00:00,24.6,0.8004609999999999
2022-08-18 16:00:00,24.9,0.8532137
2022-08-18 17:00:00,24.8,0.8624243
2022-08-18 18:00:00,24.3,0.9207581
2022-08-18 19:00:00,23.4,0.9385962
2022-08-18 20:00:00,21.7,0.9254824
2022-08-18 21:00:00,21.1,0.8696713999999999
2022-08-18 22:00:00,20.1,0.8253558000000001
2022-08-18 23:00:00,19.7,0.7802666999999999
2022-08-19 00:00:00,18.4,0.7626070999999999
2022-08-19 01:00:00,17.6,0.7120797000000001
2022-08-19 02:00:00,17.0,0.691219
2022-08-19 03:00:00,16.9,0.6722265999999999
2022-08-19 04:00:00,16.7,0.6784741000000001
2022-08-19 05:00:00,16.0,0.7144478000000001
2022-08-19 06:00:00,16.0,0.7841699000000002
2022-08-19 07:00:00,16.1,0.8353755999999999
2022-08-19 08:00:00,16.7,0.8547963999999999
2022-08-19 09:00:00,17.9,0.83985
2022-08-19 10:00:00,19.1,0.82914
2022-08-19 11:00:00,20.4,0.8068393999999999
2022-08-19 12:00:00,21.8,0.783682
2022-08-19 13:00:00,23.7,0.7366056000000001
2022-08-19 14:00:00,24.2,0.7043565999999999
2022-08-19 15:00:00,25.6,0.7043923000000001
2022-08-19 16:00:00,25.6,0.7397233999999999
2022-08-19 17:00:00,25.8,0.7713298
2022-08-19 18:00:00,25.7,0.8048164
2022-08-19 19:00:00,24.6,0.8326981
2022-08-19 20:00:00,22.4,0.833186
2022-08-19 21:00:00,20.2,0.8101
2022-08-19 22:00:00,18.8,0.7869902
2022-08-19 23:00:00,17.6,0.7564667
2022-08-20 00:00:00,16.8,0.7649871000000001
2022-08-20 01:00:00,16.6,0.7506595
2022-08-20 02:00:00,16.2,0.7269071
2022-08-20 03:00:00,17.1,0.7030476000000001
2022-08-20 04:00:00,17.0,0.6942059
2022-08-20 05:00:00,17.2,0.6936585
2022-08-20 06:00:00,17.3,0.7169110999999999
2022-08-20 07:00:00,17.1,0.7208857
2022-08-20 08:00:00,18.1,0.7326667
2022-08-20 09:00:00,19.6,0.7268238
2022-08-20 10:00:00,19.7,0.7083550000000001
2022-08-20 11:00:00,20.6,0.6829961
2022-08-20 12:00:00,18.7,0.6702512
2022-08-20 13:00:00,21.1,0.5895692
2022-08-20 14:00:00,23.2,0.5651147000000001
2022-08-20 15:00:00,22.8,0.5593432
2022-08-20 16:00:00,24.1,0.5854637
2022-08-20 17:00:00,23.2,0.6346464
2022-08-20 18:00:00,23.6,0.7209213999999999
2022-08-20 19:00:00,21.7,0.7861929000000001
2022-08-20 20:00:00,20.9,0.8130511999999999
2022-08-20 21:00:00,19.9,0.7983071000000002
2022-08-20 22:00:00,19.0,0.7674027999999999
2022-08-20 23:00:00,17.1,0.7017624
2022-08-21 00:00:00,16.8,0.6676213
2022-08-21 01:00:00,14.2,0.60899
2022-08-21 02:00:00,13.0,0.6017786
2022-08-21 03:00:00,12.6,0.5652813
2022-08-21 04:00:00,12.8,0.5399700000000001
2022-08-21 05:00:00,13.5,0.5412433
2022-08-21 06:00:00,16.1,0.5911280999999999
2022-08-21 07:00:00,15.2,0.5701365
2022-08-21 08:00:00,16.2,0.5506800000000001
2022-08-21 09:00:00,20.5,0.5331394
2022-08-21 10:00:00,21.5,0.4584788
2022-08-21 11:00:00,22.3,0.3660872
2022-08-21 12:00:00,22.9,0.2713989
2022-08-21 13:00:00,24.6,0.2477774
2022-08-21 14:00:00,24.4,0.2714346
2022-08-21 15:00:00,24.9,0.3986099
2022-08-21 16:00:00,25.4,0.5291172
2022-08-21 17:00:00,25.1,0.69705
2022-08-21 18:00:00,24.4,0.7863
2022-08-21 19:00:00,22.0,0.86008
2022-08-21 20:00:00,20.1,0.8980291
2022-08-21 21:00:00,17.3,0.8814524000000001
2022-08-21 22:00:00,15.9,0.8641973999999999
2022-08-21 23:00:00,14.5,0.8340309000000001
2022-08-22 00:00:00,14.0,0.7556575000000001
2022-08-22 01:00:00,13.4,0.7237298000000001
2022-08-22 02:00:00,12.8,0.7124486000000001
2022-08-22 03:00:00,12.3,0.6886367
2022-08-22 04:00:00,11.3,0.6911238
2022-08-22 05:00:00,11.3,0.7471251999999999
2022-08-22 06:00:00,10.7,0.8240706
2022-08-22 07:00:00,13.5,0.869481
2022-08-22 08:00:00,16.6,0.8815
2022-08-22 09:00:00,19.1,0.8643521000000001
2022-08-22 10:00:00,22.1,0.8499174
2022-08-22 11:00:00,24.5,0.8309249999999999
2022-08-22 12:00:00,25.1,0.791417
2022-08-22 13:00:00,26.3,0.7992828999999999
2022-08-22 14:00:00,26.6,0.8185013999999999
2022-08-22 15:00:00,27.2,0.842468
2022-08-22 16:00:00,27.7,0.8537372999999999
2022-08-22 17:00:00,27.0,0.8857245
2022-08-22 18:00:00,26.1,0.9172
2022-08-22 19:00:00,23.3,0.9595045
2022-08-22 20:00:00,21.3,0.9647643
2022-08-22 21:00:00,22.7,0.9048597
2022-08-22 22:00:00,22.2,0.8563434000000001
2022-08-22 23:00:00,21.5,0.8041500000000001
2022-08-23 00:00:00,21.3,0.8101
2022-08-23 01:00:00,20.7,0.7562287000000001
2022-08-23 02:00:00,20.4,0.7589300000000001
2022-08-23 03:00:00,19.7,0.7512782999999998
2022-08-23 04:00:00,18.7,0.7545508000000001
2022-08-23 05:00:00,17.7,0.7875137999999999
2022-08-23 06:00:00,17.8,0.9028605
2022-08-23 07:00:00,18.7,0.9507699
2022-08-23 08:00:00,19.5,0.9648
2022-08-23 09:00:00,22.4,0.917319
2022-08-23 10:00:00,23.9,0.8862718999999999
2022-08-23 11:00:00,25.0,0.811766
2022-08-23 12:00:00,26.4,0.7728649000000001
2022-08-23 13:00:00,27.2,0.7725674
2022-08-23 14:00:00,27.8,0.8098738999999999
2022-08-23 15:00:00,28.2,0.8372081999999998
2022-08-23 16:00:00,28.4,0.8748716999999999
2022-08-23 17:00:00,28.1,0.9268985
2022-08-23 18:00:00,27.7,1.0048435
2022-08-23 19:00:00,26.5,1.1015905
2022-08-23 20:00:00,24.5,1.07309
2022-08-23 21:00:00,23.9,0.9991077000000002
2022-08-23 22:00:00,22.8,0.92196
2022-08-23 23:00:00,22.5,0.8695881000000001
2022-08-24 00:00:00,20.4,0.847942
2022-08-24 01:00:00,17.9,0.8101
2022-08-24 02:00:00,17.6,0.8103261000000002
2022-08-24 03:00:00,17.1,0.7934162
2022-08-24 04:00:00,17.4,0.7970219000000001
2022-08-24 05:00:00,16.0,0.8388742
2022-08-24 06:00:00,15.9,0.92672
2022-08-24 07:00:00,18.0,0.9686675
2022-08-24 08:00:00,20.7,0.9817694
2022-08-24 09:00:00,23.5,0.9290048
2022-08-24 10:00:00,25.7,0.8553913999999998
2022-08-24 11:00:00,26.9,0.8420991
2022-08-24 12:00:00,27.6,0.7697828
2022-08-24 13:00:00,28.9,0.8005443000000001
2022-08-24 14:00:00,29.8,0.8042809
2022-08-24 15:00:00,30.2,0.8426346
2022-08-24 16:00:00,30.6,0.8856412
2022-08-24 17:00:00,30.0,0.9556727
2022-08-24 18:00:00,29.3,1.0481
2022-08-24 19:00:00,28.1,1.1670999999999998
2022-08-24 20:00:00,24.1,1.0880364
2022-08-24 21:00:00,22.9,1.0183024
2022-08-24 22:00:00,21.9,0.9402503
2022-08-24 23:00:00,20.8,0.8439197999999999
2022-08-25 00:00:00,20.2,0.7924880000000001
2022-08-25 01:00:00,18.9,0.7778748
2022-08-25 02:00:00,17.2,0.7744833
2022-08-25 03:00:00,16.8,0.7661414
2022-08-25 04:00:00,17.0,0.772734
2022-08-25 05:00:00,16.2,0.7863833
2022-08-25 06:00:00,16.5,0.8774659
2022-08-25 07:00:00,18.2,0.9508056
2022-08-25 08:00:00,20.2,0.9765453
2022-08-25 09:00:00,22.8,0.9164146
2022-08-25 10:00:00,24.7,0.8422181
2022-08-25 11:00:00,25.8,0.7922975999999999
2022-08-25 12:00:00,27.2,0.7575972
2022-08-25 13:00:00,27.0,0.7555861000000001
2022-08-25 14:00:00,27.6,0.7536821
2022-08-25 15:00:00,29.0,0.7803024000000001
2022-08-25 16:00:00,28.7,0.8271765
2022-08-25 17:00:00,28.5,0.972892
2022-08-25 18:00:00,28.1,1.0055337
2022-08-25 19:00:00,27.3,1.0680801
2022-08-25 20:00:00,25.2,1.06
2022-08-25 21:00:00,23.5,1.0005
2022-08-25 22:00:00,22.8,0.956946
2022-08-25 23:00:00,22.8,0.9014087
2022-08-26 00:00:00,21.7,0.8781085
2022-08-26 01:00:00,22.0,0.8458833000000001
2022-08-26 02:00:00,21.7,0.8369107
2022-08-26 03:00:00,20.9,0.8351375999999999
2022-08-26 04:00:00,21.2,0.8329599000000001
2022-08-26 05:00:00,20.1,0.8683981000000001
2022-08-26 06:00:00,19.9,1.0481
2022-08-26 07:00:00,20.4,1.0709837
2022-08-26 08:00:00,20.5,1.1111581
2022-08-26 09:00:00,21.3,1.0857278
2022-08-26 10:00:00,23.9,1.063808
2022-08-26 11:00:00,25.1,1.0481357
2022-08-26 12:00:00,27.2,0.9913727
2022-08-26 13:00:00,28.7,0.9610872
2022-08-26 14:00:00,28.8,0.9214245
2022-08-26 15:00:00,28.3,0.9480567
2022-08-26 16:00:00,28.3,0.9714163999999998
2022-08-26 17:00:00,26.9,1.0481119
2022-08-26 18:00:00,24.1,1.0719
2022-08-26 19:00:00,22.4,1.0838
2022-08-26 20:00:00,21.7,1.0820626
2022-08-26 21:00:00,21.6,1.0719
2022-08-26 22:00:00,20.7,1.0454106
2022-08-26 23:00:00,20.2,0.9886
2022-08-27 00:00:00,19.8,0.9709166
2022-08-27 01:00:00,19.6,0.922198
2022-08-27 02:00:00,19.1,0.913392
2022-08-27 03:00:00,18.9,0.8552009999999999
2022-08-27 04:00:00,18.8,0.8261293000000001
2022-08-27 05:00:00,18.5,0.8375890000000001
2022-08-27 06:00:00,18.3,0.8468709999999999
2022-08-27 07:00:00,18.4,0.91244
2022-08-27 08:00:00,18.5,0.9678821
2022-08-27 09:00:00,18.8,0.9718805
2022-08-27 10:00:00,19.0,0.9418925
2022-08-27 11:00:00,20.0,0.8717896
2022-08-27 12:00:00,21.1,0.8434557
2022-08-27 13:00:00,22.3,0.7372958000000001
2022-08-27 14:00:00,21.6,0.7507904000000001
2022-08-27 15:00:00,21.5,0.7050587000000001
2022-08-27 16:00:00,21.5,0.7377361
2022-08-27 17:00:00,21.0,0.8156573
2022-08-27 18:00:00,21.4,0.9527929
2022-08-27 19:00:00,20.4,0.9940978
2022-08-27 20:00:00,19.2,0.9886714
2022-08-27 21:00:00,18.3,0.9481162
2022-08-27 22:00:00,16.2,0.9409286
2022-08-27 23:00:00,14.4,0.8415040999999999
2022-08-28 00:00:00,14.0,0.8517857
2022-08-28 01:00:00,14.3,0.7403660000000001
2022-08-28 02:00:00,14.6,0.7121630000000001
2022-08-28 03:00:00,14.0,0.6673
2022-08-28 04:00:00,13.6,0.6625042999999999
2022-08-28 05:00:00,12.8,0.6434048000000001
2022-08-28 06:00:00,13.0,0.6640751
2022-08-28 07:00:00,14.0,0.6814728999999999
2022-08-28 08:00:00,14.8,0.7118655
2022-08-28 09:00:00,17.0,0.6763678
2022-08-28 10:00:00,18.8,0.4829571
2022-08-28 11:00:00,20.1,0.4612872
2022-08-28 12:00:00,20.5,0.2936162
2022-08-28 13:00:00,20.5,0.245802
2022-08-28 14:00:00,21.3,0.1714151
2022-08-28 15:00:00,21.9,0.2295704
2022-08-28 16:00:00,22.0,0.2816448
2022-08-28 17:00:00,21.4,0.555678
2022-08-28 18:00:00,20.4,0.8448956000000001
2022-08-28 19:00:00,18.4,0.960516
2022-08-28 20:00:00,16.3,0.9894925
2022-08-28 21:00:00,15.7,0.9244114
2022-08-28 22:00:00,13.8,0.8775729999999999
2022-08-28 23:00:00,13.1,0.8577356999999999
2022-08-29 00:00:00,11.7,0.8587115000000001
2022-08-29 01:00:00,11.0,0.8031265999999999
2022-08-29 02:00:00,10.6,0.778327
2022-08-29 03:00:00,10.0,0.7756257
2022-08-29 04:00:00,11.8,0.7697233000000001
2022-08-29 05:00:00,11.9,0.8486084
2022-08-29 06:00:00,12.7,0.9847325
2022-08-29 07:00:00,13.7,1.0718048
2022-08-29 08:00:00,14.6,1.1004481
2022-08-29 09:00:00,15.7,0.9505914
2022-08-29 10:00:00,16.2,0.9426184
2022-08-29 11:00:00,18.3,0.8389812999999999
2022-08-29 12:00:00,20.1,0.8086363000000001
2022-08-29 13:00:00,21.4,0.8141697999999999
2022-08-29 14:00:00,22.0,0.8000683
2022-08-29 15:00:00,23.0,0.8082079
2022-08-29 16:00:00,22.6,0.9240187
2022-08-29 17:00:00,23.0,1.0765529
2022-08-29 18:00:00,22.6,1.1524154
2022-08-29 19:00:00,20.7,1.19209
2022-08-29 20:00:00,18.4,1.1800590999999998
2022-08-29 21:00:00,16.9,1.1076
2022-08-29 22:00:00,16.2,1.0629512
2022-08-29 23:00:00,15.2,0.8885329
2022-08-30 00:00:00,13.9,0.8904131
2022-08-30 01:00:00,12.3,0.8637333
2022-08-30 02:00:00,11.6,0.8517619000000001
2022-08-30 03:00:00,10.9,0.8517024
2022-08-30 04:00:00,12.4,0.8636381
2022-08-30 05:00:00,11.7,0.8845345
2022-08-30 06:00:00,11.4,1.063927
2022-08-30 07:00:00,12.8,1.0814914
2022-08-30 08:00:00,13.1,1.0972589
2022-08-30 09:00:00,13.8,1.0599405
2022-08-30 10:00:00,15.0,0.9467001
2022-08-30 11:00:00,15.4,0.8461094
2022-08-30 12:00:00,19.1,0.8331146
2022-08-30 13:00:00,20.5,0.8362205
2022-08-30 14:00:00,22.6,0.8148362
2022-08-30 15:00:00,23.3,0.8473469999999999
2022-08-30 16:00:00,22.7,0.8385290999999999
2022-08-30 17:00:00,21.9,1.0442563
2022-08-30 18:00:00,21.2,1.1001149
2022-08-30 19:00:00,19.4,1.1735974
2022-08-30 20:00:00,18.5,1.0671281
2022-08-30 21:00:00,17.3,0.99455
2022-08-30 22:00:00,16.4,0.9014206
2022-08-30 23:00:00,15.4,0.838422
2022-08-31 00:00:00,15.5,0.7880612
2022-08-31 01:00:00,15.5,0.7783388999999998
2022-08-31 02:00:00,15.1,0.8004252999999999
2022-08-31 03:00:00,13.8,0.7484104
2022-08-31 04:00:00,11.9,0.8003777000000001
2022-08-31 05:00:00,12.0,0.8020794
2022-08-31 06:00:00,12.2,0.9290881
2022-08-31 07:00:00,13.1,1.0177074
2022-08-31 08:00:00,14.2,1.0325943
2022-08-31 09:00:00,16.7,0.9858868
2022-08-31 10:00:00,17.6,0.9092389
2022-08-31 11:00:00,19.0,0.9229477
2022-08-31 12:00:00,20.1,0.8135866999999999
2022-08-31 13:00:00,21.2,0.7852052
2022-08-31 14:00:00,21.9,0.7470062
2022-08-31 15:00:00,22.1,0.7739716000000001
2022-08-31 16:00:00,22.7,0.8003539
2022-08-31 17:00:00,22.3,0.9192706
2022-08-31 18:00:00,22.1,1.0131973
2022-08-31 19:00:00,19.1,1.0481
2022-08-31 20:00:00,17.0,1.0057955
2022-08-31 21:00:00,15.8,0.9615394
2022-08-31 22:00:00,14.4,0.8261888
2022-08-31 23:00:00,13.4,0.7892869
2022-09-01 00:00:00,12.7,0.7396163
2022-09-01 01:00:00,12.5,0.7319884000000001
2022-09-01 02:00:00,11.6,0.7343446
2022-09-01 03:00:00,10.7,0.7268238
2022-09-01 04:00:00,10.6,0.7448642000000001
2022-09-01 05:00:00,10.1,0.7896319999999999
2022-09-01 06:00:00,9.6,0.9228049
2022-09-01 07:00:00,11.7,0.9519599
2022-09-01 08:00:00,14.9,0.9474974
2022-09-01 09:00:00,17.4,0.8864384999999999
2022-09-01 10:00:00,18.9,0.8314367
2022-09-01 11:00:00,20.0,0.7768037999999999
2022-09-01 12:00:00,21.9,0.7449593999999999
2022-09-01 13:00:00,21.8,0.7405444999999999
2022-09-01 14:00:00,22.4,0.7639875
2022-09-01 15:00:00,22.3,0.7977835
2022-09-01 16:00:00,21.5,0.8219643000000001
2022-09-01 17:00:00,22.1,0.9070255
2022-09-01 18:00:00,21.9,0.9722137
2022-09-01 19:00:00,19.9,1.024181
2022-09-01 20:00:00,17.2,0.9910871
2022-09-01 21:00:00,15.1,0.9180568
2022-09-01 22:00:00,14.1,0.8369225999999998
2022-09-01 23:00:00,13.5,0.7448760999999999
2022-09-02 00:00:00,13.5,0.6982995000000001
2022-09-02 01:00:00,12.4,0.6539006
2022-09-02 02:00:00,11.3,0.6260665000000001
2022-09-02 03:00:00,10.3,0.5871892000000001
2022-09-02 04:00:00,10.1,0.6217587
2022-09-02 05:00:00,9.7,0.6856498
2022-09-02 06:00:00,9.3,0.7887751999999999
2022-09-02 07:00:00,11.1,0.829259
2022-09-02 08:00:00,13.9,0.8481443
2022-09-02 09:00:00,16.4,0.7861691
2022-09-02 10:00:00,19.1,0.7476607
2022-09-02 11:00:00,20.9,0.6366218000000001
2022-09-02 12:00:00,22.5,0.4650952
2022-09-02 13:00:00,23.1,0.4395221
2022-09-02 14:00:00,23.0,0.4461504
2022-09-02 15:00:00,23.4,0.5244762000000001
2022-09-02 16:00:00,23.9,0.5929606999999999
2022-09-02 17:00:00,22.6,0.7379741
2022-09-02 18:00:00,22.3,0.810219
2022-09-02 19:00:00,20.9,0.8390646000000002
2022-09-02 20:00:00,18.0,0.8254034000000001
2022-09-02 21:00:00,18.5,0.6339324
2022-09-02 22:00:00,17.7,0.5640674999999999
2022-09-02 23:00:00,16.4,0.4055714
2022-09-03 00:00:00,15.4,0.4295142
2022-09-03 01:00:00,15.4,0.4471143
2022-09-03 02:00:00,14.0,0.4679274
2022-09-03 03:00:00,14.0,0.4530881
2022-09-03 04:00:00,13.9,0.435607
2022-09-03 05:00:00,13.4,0.5026873000000001
2022-09-03 06:00:00,12.1,0.48285
2022-09-03 07:00:00,13.1,0.5959952
2022-09-03 08:00:00,14.8,0.6321117
2022-09-03 09:00:00,17.0,0.6062173
2022-09-03 10:00:00,18.2,0.4016087
2022-09-03 11:00:00,20.8,0.3082532
2022-09-03 12:00:00,22.5,0.2451713
2022-09-03 13:00:00,23.3,0.2163019
2022-09-03 14:00:00,23.6,0.2478845
2022-09-03 15:00:00,23.7,0.3530567
2022-09-03 16:00:00,23.5,0.4530762
2022-09-03 17:00:00,23.2,0.6334326
2022-09-03 18:00:00,22.5,0.6954197
2022-09-03 19:00:00,21.3,0.7863
2022-09-03 20:00:00,18.6,0.7683667000000001
2022-09-03 21:00:00,16.9,0.64469
2022-09-03 22:00:00,15.2,0.6098349000000001
2022-09-03 23:00:00,14.6,0.5360668
2022-09-04 00:00:00,13.6,0.4058213
2022-09-04 01:00:00,12.9,0.3992763
2022-09-04 02:00:00,13.2,0.3936595
2022-09-04 03:00:00,11.5,0.3985504
2022-09-04 04:00:00,11.4,0.4174952
2022-09-04 05:00:00,10.7,0.4206368
2022-09-04 06:00:00,10.5,0.4067733
2022-09-04 07:00:00,12.2,0.4250041
2022-09-04 08:00:00,15.1,0.4054405
2022-09-04 09:00:00,17.2,0.3742267999999999
2022-09-04 10:00:00,19.1,0.3054329
2022-09-04 11:00:00,20.3,0.2555243
2022-09-04 12:00:00,22.8,0.2420059
2022-09-04 13:00:00,23.8,0.2185629
2022-09-04 14:00:00,25.1,0.2335212
2022-09-04 15:00:00,24.9,0.2586897
2022-09-04 16:00:00,25.5,0.3985028
2022-09-04 17:00:00,25.6,0.60185
2022-09-04 18:00:00,25.0,0.6976093000000001
2022-09-04 19:00:00,22.6,0.7624167
2022-09-04 20:00:00,20.2,0.7624167
2022-09-04 21:00:00,19.3,0.6851499999999999
2022-09-04 22:00:00,20.6,0.6431073
2022-09-04 23:00:00,20.1,0.5545831999999999
2022-09-05 00:00:00,18.4,0.4760075
2022-09-05 01:00:00,17.3,0.4174
2022-09-05 02:00:00,15.8,0.4084155
2022-09-05 03:00:00,15.8,0.4207796
2022-09-05 04:00:00,15.7,0.4404027
2022-09-05 05:00:00,15.2,0.5929487999999999
2022-09-05 06:00:00,16.0,0.7028809999999999
2022-09-05 07:00:00,16.7,0.758335
2022-09-05 08:00:00,18.1,0.7743167
2022-09-05 09:00:00,19.0,0.7154830999999999
2022-09-05 10:00:00,21.8,0.6327781
2022-09-05 11:00:00,23.7,0.5222152
2022-09-05 12:00:00,26.0,0.4531119
2022-09-05 13:00:00,26.9,0.3728464
2022-09-05 14:00:00,27.2,0.398479
2022-09-05 15:00:00,27.7,0.4737703
2022-09-05 16:00:00,27.3,0.5679468999999999
2022-09-05 17:00:00,27.1,0.7351895000000002
2022-09-05 18:00:00,26.1,0.8270812999999999
2022-09-05 19:00:00,25.0,0.8715278
2022-09-05 20:00:00,23.2,0.7780057
2022-09-05 21:00:00,22.6,0.6555785000000001
2022-09-05 22:00:00,20.9,0.5238931
2022-09-05 23:00:00,19.8,0.4238854999999999
2022-09-06 00:00:00,19.8,0.4810769
2022-09-06 01:00:00,19.5,0.5105651
2022-09-06 02:00:00,19.2,0.4836592
2022-09-06 03:00:00,19.1,0.4922153
2022-09-06 04:00:00,18.7,0.4968325
2022-09-06 05:00:00,18.1,0.5612829000000001
2022-09-06 06:00:00,17.5,0.7661057
2022-09-06 07:00:00,17.2,0.8147172
2022-09-06 08:00:00,14.5,0.8240825
2022-09-06 09:00:00,14.6,0.7249673999999999
2022-09-06 10:00:00,14.5,0.6685733
2022-09-06 11:00:00,15.5,0.5179431
2022-09-06 12:00:00,16.1,0.4592523
2022-09-06 13:00:00,18.7,0.473449
2022-09-06 14:00:00,21.5,0.4887048
2022-09-06 15:00:00,23.4,0.5887243
2022-09-06 16:00:00,24.3,0.6831627
2022-09-06 17:00:00,23.9,0.7813139
2022-09-06 18:00:00,21.2,0.8272836000000001
2022-09-06 19:00:00,18.8,0.9100243
2022-09-06 20:00:00,17.9,0.86246
2022-09-06 21:00:00,18.1,0.7863357
2022-09-06 22:00:00,16.8,0.7325239000000001
2022-09-06 23:00:00,16.4,0.7163398999999999
2022-09-07 00:00:00,16.2,0.6497594
2022-09-07 01:00:00,15.3,0.6126433
2022-09-07 02:00:00,15.2,0.5928655
2022-09-07 03:00:00,15.8,0.5912709
2022-09-07 04:00:00,16.2,0.6169273
2022-09-07 05:00:00,16.5,0.6244719
2022-09-07 06:00:00,16.1,0.7323691999999999
2022-09-07 07:00:00,15.7,0.774281
2022-09-07 08:00:00,16.5,0.7800763
2022-09-07 09:00:00,18.6,0.7520042
2022-09-07 10:00:00,20.0,0.7148285999999999
2022-09-07 11:00:00,21.9,0.6915522000000001
2022-09-07 12:00:00,22.8,0.6232462000000001
2022-09-07 13:00:00,23.8,0.6201641
2022-09-07 14:00:00,25.6,0.6276135
2022-09-07 15:00:00,25.6,0.6315643000000001
2022-09-07 16:00:00,25.0,0.6855427000000001
2022-09-07 17:00:00,24.9,0.7764825
2022-09-07 18:00:00,24.1,0.8419325
2022-09-07 19:00:00,21.8,0.9094531
2022-09-07 20:00:00,21.1,0.8695762
2022-09-07 21:00:00,19.9,0.8116469999999998
2022-09-07 22:00:00,18.9,0.7344636
2022-09-07 23:00:00,17.9,0.6778553
2022-09-08 00:00:00,17.3,0.6817228
2022-09-08 01:00:00,15.6,0.6409176999999999
2022-09-08 02:00:00,14.9,0.6320165
2022-09-08 03:00:00,15.1,0.6102633
2022-09-08 04:00:00,14.4,0.6069551
2022-09-08 05:00:00,14.8,0.6365147
2022-09-08 06:00:00,14.1,0.7516829
2022-09-08 07:00:00,14.8,0.7744
2022-09-08 08:00:00,15.4,0.7792314
2022-09-08 09:00:00,16.2,0.7624762
2022-09-08 10:00:00,17.3,0.7311911
2022-09-08 11:00:00,17.8,0.6977164
2022-09-08 12:00:00,17.2,0.6707509999999999
2022-09-08 13:00:00,17.2,0.6315167
2022-09-08 14:00:00,16.8,0.6230796
2022-09-08 15:00:00,16.6,0.6256024
2022-09-08 16:00:00,16.7,0.6352176
2022-09-08 17:00:00,15.9,0.6912784999999999
2022-09-08 18:00:00,16.7,0.7564428999999999
2022-09-08 19:00:00,15.7,0.7813258000000001
2022-09-08 20:00:00,15.2,0.7627856
2022-09-08 21:00:00,15.4,0.7266929
2022-09-08 22:00:00,15.3,0.6251145
2022-09-08 23:00:00,15.5,0.5663523000000001
2022-09-09 00:00:00,14.8,0.5126119
2022-09-09 01:00:00,14.5,0.439058
2022-09-09 02:00:00,13.9,0.3995619
2022-09-09 03:00:00,13.8,0.3847939999999999
2022-09-09 04:00:00,13.9,0.4255753
2022-09-09 05:00:00,14.0,0.487253
2022-09-09 06:00:00,14.4,0.6025402
2022-09-09 07:00:00,15.0,0.66849
2022-09-09 08:00:00,15.7,0.6690373999999999
2022-09-09 09:00:00,17.2,0.6336706000000001
2022-09-09 10:00:00,18.3,0.5757533
2022-09-09 11:00:00,18.4,0.5481334
2022-09-09 12:00:00,20.3,0.5599144
2022-09-09 13:00:00,18.5,0.5036393
2022-09-09 14:00:00,19.2,0.5053171999999999
2022-09-09 15:00:00,19.0,0.5019138000000001
2022-09-09 16:00:00,20.8,0.5890337000000001
2022-09-09 17:00:00,20.1,0.6197
2022-09-09 18:00:00,19.8,0.6736188999999999
2022-09-09 19:00:00,16.6,0.7117465000000001
2022-09-09 20:00:00,16.4,0.70895
2022-09-09 21:00:00,14.5,0.6553405
2022-09-09 22:00:00,14.1,0.6295651
2022-09-09 23:00:00,14.4,0.6023736
2022-09-10 00:00:00,14.9,0.6326115000000001
2022-09-10 01:00:00,14.6,0.5829171
2022-09-10 02:00:00,14.7,0.5745871
2022-09-10 03:00:00,14.8,0.5698033
2022-09-10 04:00:00,14.9,0.5698270999999999
2022-09-10 05:00:00,14.7,0.5792876
2022-09-10 06:00:00,14.3,0.6093470000000001
2022-09-10 07:00:00,14.6,0.6447733
2022-09-10 08:00:00,15.7,0.6645868000000001
2022-09-10 09:00:00,16.5,0.6663242
2022-09-10 10:00:00,17.7,0.655281
2022-09-10 11:00:00,19.1,0.6534484
2022-09-10 12:00:00,18.8,0.6315762
2022-09-10 13:00:00,19.8,0.57805
2022-09-10 14:00:00,20.1,0.5708981
2022-09-10 15:00:00,18.7,0.5761341
2022-09-10 16:00:00,19.1,0.5982562
2022-09-10 17:00:00,19.2,0.6747255999999999
2022-09-10 18:00:00,18.9,0.7143288000000001
2022-09-10 19:00:00,17.7,0.7409133999999999
2022-09-10 20:00:00,17.2,0.7315362000000001
2022-09-10 21:00:00,16.7,0.7029405
2022-09-10 22:00:00,15.8,0.6839243000000002
2022-09-10 23:00:00,14.3,0.6756419
2022-09-11 00:00:00,13.5,0.6571255
2022-09-11 01:00:00,13.4,0.6138333
2022-09-11 02:00:00,12.3,0.6138214
2022-09-11 03:00:00,13.2,0.5949718000000002
2022-09-11 04:00:00,13.3,0.5822626
2022-09-11 05:00:00,13.6,0.5947338
2022-09-11 06:00:00,13.3,0.6066338
2022-09-11 07:00:00,13.5,0.6137619
2022-09-11 08:00:00,14.1,0.6341346999999999
2022-09-11 09:00:00,14.9,0.6341346999999999
2022-09-11 10:00:00,15.6,0.617915
2022-09-11 11:00:00,16.2,0.6078476000000002
2022-09-11 12:00:00,17.8,0.5840000000000001
2022-09-11 13:00:00,18.3,0.50665
2022-09-11 14:00:00,19.4,0.455242
2022-09-11 15:00:00,18.6,0.50903
2022-09-11 16:00:00,20.2,0.5638890000000001
2022-09-11 17:00:00,19.9,0.6367408000000001
2022-09-11 18:00:00,18.8,0.7029881
2022-09-11 19:00:00,17.3,0.7576685999999999
2022-09-11 20:00:00,14.7,0.7710680000000001
2022-09-11 21:00:00,13.8,0.7326786000000001
2022-09-11 22:00:00,13.4,0.6925994
2022-09-11 23:00:00,12.0,0.6316
2022-09-12 00:00:00,11.6,0.5686370999999999
2022-09-12 01:00:00,11.1,0.5786212000000001
2022-09-12 02:00:00,9.1,0.57805
2022-09-12 03:00:00,9.4,0.5719810000000001
2022-09-12 04:00:00,9.7,0.5761341
2022-09-12 05:00:00,9.2,0.6185695
2022-09-12 06:00:00,8.7,0.7102709
2022-09-12 07:00:00,9.6,0.7537891999999999
2022-09-12 08:00:00,13.8,0.7533251000000001
2022-09-12 09:00:00,16.7,0.7017743000000001
2022-09-12 10:00:00,19.2,0.6375738
2022-09-12 11:00:00,19.9,0.5832265000000001
2022-09-12 12:00:00,20.3,0.5736827
2022-09-12 13:00:00,20.9,0.5481929000000001
2022-09-12 14:00:00,21.7,0.5565586
2022-09-12 15:00:00,21.9,0.5652218
2022-09-12 16:00:00,22.4,0.6149043000000001
2022-09-12 17:00:00,21.9,0.7169349
2022-09-12 18:00:00,21.2,0.7684500000000001
2022-09-12 19:00:00,19.8,0.7989615999999999
2022-09-12 20:00:00,18.4,0.7692116
2022-09-12 21:00:00,17.7,0.6831388999999999
2022-09-12 22:00:00,16.8,0.5947100000000001
2022-09-12 23:00:00,16.1,0.5658406
2022-09-13 00:00:00,16.4,0.5662214
2022-09-13 01:00:00,15.9,0.5065667
2022-09-13 02:00:00,15.6,0.491537
2022-09-13 03:00:00,16.0,0.5066976000000001
2022-09-13 04:00:00,15.9,0.5160034
2022-09-13 05:00:00,15.7,0.5587006
2022-09-13 06:00:00,16.0,0.656709
2022-09-13 07:00:00,15.9,0.6878632
2022-09-13 08:00:00,17.0,0.7044161
2022-09-13 09:00:00,16.7,0.6908382
2022-09-13 10:00:00,16.4,0.6581250999999999
2022-09-13 11:00:00,18.0,0.6667645
2022-09-13 12:00:00,18.5,0.5553805
2022-09-13 13:00:00,17.7,0.5427665
2022-09-13 14:00:00,18.5,0.5495495
2022-09-13 15:00:00,19.8,0.5661024
2022-09-13 16:00:00,20.8,0.5893907
2022-09-13 17:00:00,20.5,0.6912309000000001
2022-09-13 18:00:00,18.8,0.7547174000000001
2022-09-13 19:00:00,16.7,0.7755305000000001
2022-09-13 20:00:00,15.7,0.7757685000000001
2022-09-13 21:00:00,14.6,0.7019647
2022-09-13 22:00:00,12.5,0.6615998999999999
2022-09-13 23:00:00,11.6,0.5660429
2022-09-14 00:00:00,11.1,0.5662452
2022-09-14 01:00:00,11.7,0.5476693000000001
2022-09-14 02:00:00,10.5,0.560081
2022-09-14 03:00:00,10.8,0.5550116
2022-09-14 04:00:00,10.9,0.5641151
2022-09-14 05:00:00,10.4,0.6051463
2022-09-14 06:00:00,9.7,0.7132339999999999
2022-09-14 07:00:00,10.4,0.7578114
2022-09-14 08:00:00,12.3,0.8356968999999999
2022-09-14 09:00:00,13.8,0.8042452
2022-09-14 10:00:00,16.5,0.7574544000000001
2022-09-14 11:00:00,16.9,0.7547649999999999
2022-09-14 12:00:00,17.6,0.7327737999999999
2022-09-14 13:00:00,17.9,0.6963479000000001
2022-09-14 14:00:00,17.4,0.6734285
2022-09-14 15:00:00,17.2,0.6890532
2022-09-14 16:00:00,16.9,0.7338686000000001
2022-09-14 17:00:00,16.9,0.7530752000000001
2022-09-14 18:00:00,16.1,0.8112543000000001
2022-09-14 19:00:00,14.3,0.9055975
2022-09-14 20:00:00,13.2,0.7985689
2022-09-14 21:00:00,12.5,0.7034046
2022-09-14 22:00:00,13.1,0.6574348999999999
2022-09-14 23:00:00,13.7,0.5761579
2022-09-15 00:00:00,13.1,0.6216397
2022-09-15 01:00:00,12.4,0.5587363
2022-09-15 02:00:00,11.2,0.5331275
2022-09-15 03:00:00,11.4,0.5148253
2022-09-15 04:00:00,11.4,0.4792681
2022-09-15 05:00:00,11.6,0.5394702
2022-09-15 06:00:00,11.4,0.6911
2022-09-15 07:00:00,12.0,0.7096164
2022-09-15 08:00:00,13.0,0.7507189999999999
2022-09-15 09:00:00,13.7,0.7157806
2022-09-15 10:00:00,14.5,0.6561259000000002
2022-09-15 11:00:00,16.0,0.6018737999999999
2022-09-15 12:00:00,16.8,0.5493353000000001
2022-09-15 13:00:00,15.6,0.515575
2022-09-15 14:00:00,17.0,0.5090657
2022-09-15 15:00:00,17.2,0.4659758
2022-09-15 16:00:00,16.9,0.482493
2022-09-15 17:00:00,15.4,0.5912352
2022-09-15 18:00:00,15.3,0.7003820000000001
2022-09-15 19:00:00,14.7,0.7079861000000001
2022-09-15 20:00:00,13.9,0.7033927
2022-09-15 21:00:00,13.4,0.6384901000000001
2022-09-15 22:00:00,12.7,0.5893074
2022-09-15 23:00:00,12.4,0.4579671
2022-09-16 00:00:00,11.3,0.372894
2022-09-16 01:00:00,11.0,0.3504387
2022-09-16 02:00:00,10.8,0.3232948
2022-09-16 03:00:00,11.0,0.3201294
2022-09-16 04:00:00,11.2,0.3252821
2022-09-16 05:00:00,11.0,0.4073088
2022-09-16 06:00:00,11.1,0.5769790000000001
2022-09-16 07:00:00,11.3,0.6566733
2022-09-16 08:00:00,12.0,0.68634
2022-09-16 09:00:00,13.4,0.5527982
2022-09-16 10:00:00,14.2,0.3820808
2022-09-16 11:00:00,15.2,0.2887134
2022-09-16 12:00:00,16.2,0.2519305
2022-09-16 13:00:00,15.5,0.2363296
2022-09-16 14:00:00,15.2,0.2010461
2022-09-16 15:00:00,15.4,0.2079243
2022-09-16 16:00:00,15.0,0.2544771
2022-09-16 17:00:00,15.2,0.3340048
2022-09-16 18:00:00,14.0,0.5289625
2022-09-16 19:00:00,12.2,0.5886767
2022-09-16 20:00:00,11.5,0.5721
2022-09-16 21:00:00,10.9,0.4168764
2022-09-16 22:00:00,11.2,0.3470234
2022-09-16 23:00:00,11.0,0.2982929
2022-09-17 00:00:00,11.2,0.2658178
2022-09-17 01:00:00,11.2,0.2510856
2022-09-17 02:00:00,11.1,0.2402923
2022-09-17 03:00:00,10.9,0.251038
2022-09-17 04:00:00,10.6,0.2402209
2022-09-17 05:00:00,10.2,0.2421011
2022-09-17 06:00:00,10.3,0.2534656
2022-09-17 07:00:00,10.2,0.25794
2022-09-17 08:00:00,10.5,0.2720772
2022-09-17 09:00:00,11.1,0.2436957
2022-09-17 10:00:00,13.3,0.2502645
2022-09-17 11:00:00,14.3,0.2270714
2022-09-17 12:00:00,14.6,0.2078648
2022-09-17 13:00:00,12.0,0.1616571
2022-09-17 14:00:00,10.0,0.1640847
2022-09-17 15:00:00,10.1,0.15798
2022-09-17 16:00:00,11.1,0.1974642
2022-09-17 17:00:00,10.9,0.2349968
2022-09-17 18:00:00,10.4,0.279955
2022-09-17 19:00:00,10.3,0.3273527
2022-09-17 20:00:00,10.4,0.2821684
2022-09-17 21:00:00,10.5,0.2420892
2022-09-17 22:00:00,10.0,0.2393998
2022-09-17 23:00:00,9.3,0.2082932
2022-09-18 00:00:00,9.2,0.1872778
2022-09-18 01:00:00,8.7,0.1878014
2022-09-18 02:00:00,9.6,0.1820061
2022-09-18 03:00:00,9.3,0.1879323
2022-09-18 04:00:00,9.1,0.1960838
2022-09-18 05:00:00,8.6,0.1931921
2022-09-18 06:00:00,8.9,0.18178
2022-09-18 07:00:00,9.1,0.2270595
2022-09-18 08:00:00,9.8,0.2443383
2022-09-18 09:00:00,10.5,0.2364605
2022-09-18 10:00:00,11.4,0.2419345
2022-09-18 11:00:00,12.0,0.2418274
2022-09-18 12:00:00,11.8,0.2371031
2022-09-18 13:00:00,11.7,0.1976903
2022-09-18 14:00:00,13.0,0.1794238
2022-09-18 15:00:00,12.9,0.1960243
2022-09-18 16:00:00,10.2,0.2126367
2022-09-18 17:00:00,9.5,0.2528587
2022-09-18 18:00:00,11.0,0.372775
2022-09-18 19:00:00,8.6,0.3958848
2022-09-18 20:00:00,10.0,0.4110692
2022-09-18 21:00:00,9.7,0.3730725
2022-09-18 22:00:00,9.6,0.333505
2022-09-18 23:00:00,9.6,0.2904032
2022-09-19 00:00:00,9.6,0.2553458
2022-09-19 01:00:00,9.9,0.2710538
2022-09-19 02:00:00,9.7,0.2558932
2022-09-19 03:00:00,9.1,0.2554291
2022-09-19 04:00:00,8.5,0.2726127
2022-09-19 05:00:00,8.1,0.357186
2022-09-19 06:00:00,8.1,0.5659953
2022-09-19 07:00:00,9.5,0.6316357
2022-09-19 08:00:00,10.7,0.6499022
2022-09-19 09:00:00,12.3,0.57805
2022-09-19 10:00:00,13.2,0.5435162
2022-09-19 11:00:00,14.7,0.4301211
2022-09-19 12:00:00,16.1,0.3826282
2022-09-19 13:00:00,16.2,0.3380865
2022-09-19 14:00:00,13.9,0.3580547
2022-09-19 15:00:00,14.9,0.4119379
2022-09-19 16:00:00,10.1,0.4270985
2022-09-19 17:00:00,10.6,0.5721
2022-09-19 18:00:00,11.4,0.6404417
2022-09-19 19:00:00,9.2,0.6816395
2022-09-19 20:00:00,10.8,0.6554595000000001
2022-09-19 21:00:00,9.4,0.60185
2022-09-19 22:00:00,9.4,0.5633892
2022-09-19 23:00:00,9.0,0.5086611000000001
2022-09-20 00:00:00,9.4,0.4671063
2022-09-20 01:00:00,9.2,0.465119
2022-09-20 02:00:00,8.4,0.4833140999999999
2022-09-20 03:00:00,8.4,0.4679393
2022-09-20 04:00:00,8.4,0.465119
2022-09-20 05:00:00,8.9,0.486777
2022-09-20 06:00:00,8.7,0.60185
2022-09-20 07:00:00,9.1,0.6708700000000001
2022-09-20 08:00:00,9.5,0.6801044
2022-09-20 09:00:00,11.5,0.6335635
2022-09-20 10:00:00,10.8,0.5889385
2022-09-20 11:00:00,12.5,0.5653170000000001
2022-09-20 12:00:00,13.5,0.5345912
2022-09-20 13:00:00,14.7,0.5206682
2022-09-20 14:00:00,14.8,0.5224889
2022-09-20 15:00:00,13.9,0.5430759000000001
2022-09-20 16:00:00,14.7,0.5788711
2022-09-20 17:00:00,14.7,0.6562330000000001
2022-09-20 18:00:00,12.9,0.7137695
2022-09-20 19:00:00,10.0,0.8465259
2022-09-20 20:00:00,9.5,0.7602390000000001
2022-09-20 21:00:00,8.7,0.667181
2022-09-20 22:00:00,7.4,0.617558
2022-09-20 23:00:00,7.0,0.5765982000000001
2022-09-21 00:00:00,6.4,0.5248570000000001
2022-09-21 01:00:00,5.9,0.5121001999999999
2022-09-21 02:00:00,6.1,0.5120526000000001
2022-09-21 03:00:00,4.9,0.5121001999999999
2022-09-21 04:00:00,4.7,0.5093632
2022-09-21 05:00:00,5.0,0.5613186000000001
2022-09-21 06:00:00,4.6,0.6637419
2022-09-21 07:00:00,3.6,0.7919525000000001
2022-09-21 08:00:00,5.9,0.7835749000000001
2022-09-21 09:00:00,9.2,0.6661933
2022-09-21 10:00:00,11.7,0.5817985
2022-09-21 11:00:00,13.6,0.5383278
2022-09-21 12:00:00,14.7,0.5106603000000001
2022-09-21 13:00:00,16.0,0.5152893999999999
2022-09-21 14:00:00,16.1,0.5261422
2022-09-21 15:00:00,16.4,0.5505372
2022-09-21 16:00:00,15.5,0.5891408
2022-09-21 17:00:00,15.9,0.6396206
2022-09-21 18:00:00,15.1,0.7148999999999999
2022-09-21 19:00:00,11.1,0.8392668999999999
2022-09-21 20:00:00,9.3,0.7393307
2022-09-21 21:00:00,8.4,0.6359554000000001
2022-09-21 22:00:00,7.2,0.5959000000000001
2022-09-21 23:00:00,6.4,0.5713741
2022-09-22 00:00:00,5.2,0.5995533
2022-09-22 01:00:00,5.8,0.5594979
2022-09-22 02:00:00,5.3,0.5483952000000001
2022-09-22 03:00:00,4.5,0.5256186
2022-09-22 04:00:00,3.9,0.539018
2022-09-22 05:00:00,3.8,0.5840000000000001
2022-09-22 06:00:00,3.9,0.6733690000000001
2022-09-22 07:00:00,3.9,0.7934757000000001
2022-09-22 08:00:00,7.7,0.749172
2022-09-22 09:00:00,12.1,0.6171772
2022-09-22 10:00:00,15.0,0.5529409999999999
2022-09-22 11:00:00,16.0,0.51379
2022-09-22 12:00:00,15.8,0.5058884
2022-09-22 13:00:00,17.0,0.4838496
2022-09-22 14:00:00,16.2,0.4984033
2022-09-22 15:00:00,16.5,0.5256186
2022-09-22 16:00:00,17.8,0.6041348
2022-09-22 17:00:00,17.3,0.6765106000000001
2022-09-22 18:00:00,16.4,0.7430791999999999
2022-09-22 19:00:00,14.8,0.8695999999999999
2022-09-22 20:00:00,13.6,0.7625
2022-09-22 21:00:00,10.8,0.6534722
2022-09-22 22:00:00,9.6,0.6272446
2022-09-22 23:00:00,9.7,0.6062411
2022-09-23 00:00:00,9.3,0.5751464
2022-09-23 01:00:00,9.5,0.5366737
2022-09-23 02:00:00,9.7,0.5275702
2022-09-23 03:00:00,10.8,0.5131712
2022-09-23 04:00:00,10.6,0.5163128
2022-09-23 05:00:00,9.9,0.5418383
2022-09-23 06:00:00,9.4,0.6442854
2022-09-23 07:00:00,9.6,0.6973951
2022-09-23 08:00:00,10.5,0.6608383
2022-09-23 09:00:00,12.5,0.6030637999999999
2022-09-23 10:00:00,14.6,0.5731948
2022-09-23 11:00:00,15.7,0.5584864
2022-09-23 12:00:00,17.4,0.5342104000000001
2022-09-23 13:00:00,17.5,0.507007
2022-09-23 14:00:00,17.3,0.5422548
2022-09-23 15:00:00,17.2,0.5492044
2022-09-23 16:00:00,17.2,0.5984465999999999
2022-09-23 17:00:00,16.8,0.6578871
2022-09-23 18:00:00,16.0,0.7031547
2022-09-23 19:00:00,15.8,0.7184938000000001
2022-09-23 20:00:00,14.3,0.6739759000000001
2022-09-23 21:00:00,13.5,0.6262212
2022-09-23 22:00:00,13.7,0.6100134
2022-09-23 23:00:00,14.0,0.5851067000000001
2022-09-24 00:00:00,12.6,0.6053486
2022-09-24 01:00:00,12.2,0.5651028
2022-09-24 02:00:00,11.7,0.5269157
2022-09-24 03:00:00,11.9,0.5212037
2022-09-24 04:00:00,11.3,0.5200851
2022-09-24 05:00:00,10.8,0.5277606
2022-09-24 06:00:00,11.1,0.566388
2022-09-24 07:00:00,11.5,0.5980182
2022-09-24 08:00:00,11.9,0.5966854000000001
2022-09-24 09:00:00,12.5,0.6020285000000001
2022-09-24 10:00:00,13.4,0.5958167
2022-09-24 11:00:00,13.8,0.5881531
2022-09-24 12:00:00,14.2,0.5483
2022-09-24 13:00:00,14.5,0.5105651
2022-09-24 14:00:00,14.5,0.5114099999999999
2022-09-24 15:00:00,14.3,0.5329609
2022-09-24 16:00:00,14.2,0.58043
2022-09-24 17:00:00,13.6,0.6012193000000001
2022-09-24 18:00:00,13.4,0.6430597
2022-09-24 19:00:00,13.3,0.6646344
2022-09-24 20:00:00,13.1,0.6407392000000001
2022-09-24 21:00:00,13.0,0.5977445
2022-09-24 22:00:00,13.0,0.5872487
2022-09-24 23:00:00,12.8,0.5304143000000001
2022-09-25 00:00:00,12.4,0.4753054
2022-09-25 01:00:00,12.1,0.4293
2022-09-25 02:00:00,11.8,0.4117356
2022-09-25 03:00:00,11.8,0.4116404
2022-09-25 04:00:00,11.5,0.386936
2022-09-25 05:00:00,11.4,0.390744
2022-09-25 06:00:00,11.3,0.4270866
2022-09-25 07:00:00,11.3,0.441081
2022-09-25 08:00:00,11.5,0.4873006
2022-09-25 09:00:00,11.9,0.502604
2022-09-25 10:00:00,12.1,0.4792443
2022-09-25 11:00:00,12.8,0.48523
2022-09-25 12:00:00,13.4,0.4727112
2022-09-25 13:00:00,14.6,0.4392246
2022-09-25 14:00:00,15.5,0.4070946
2022-09-25 15:00:00,15.2,0.4157221
2022-09-25 16:00:00,14.4,0.472378
2022-09-25 17:00:00,14.3,0.5460746999999999
2022-09-25 18:00:00,13.2,0.6079071
2022-09-25 19:00:00,11.4,0.6459157
2022-09-25 20:00:00,9.5,0.6243647999999999
2022-09-25 21:00:00,9.9,0.5958643000000001
2022-09-25 22:00:00,9.6,0.5699223
2022-09-25 23:00:00,9.0,0.5059717
2022-09-26 00:00:00,8.1,0.4516363
2022-09-26 01:00:00,9.2,0.3696215
2022-09-26 02:00:00,9.1,0.3422396
2022-09-26 03:00:00,9.5,0.2998756
2022-09-26 04:00:00,9.7,0.2724818
2022-09-26 05:00:00,9.8,0.3411447999999999
2022-09-26 06:00:00,10.0,0.4466621
2022-09-26 07:00:00,10.3,0.5529291000000001
2022-09-26 08:00:00,11.1,0.5482881
2022-09-26 09:00:00,12.3,0.5024850000000001
2022-09-26 10:00:00,12.5,0.4647025
2022-09-26 11:00:00,12.9,0.4144011999999999
2022-09-26 12:00:00,12.9,0.3495462
2022-09-26 13:00:00,12.5,0.3625767
2022-09-26 14:00:00,12.4,0.3391575
2022-09-26 15:00:00,12.1,0.3522356
2022-09-26 16:00:00,12.0,0.3904941
2022-09-26 17:00:00,12.3,0.5234052
2022-09-26 18:00:00,12.0,0.6185219
2022-09-26 19:00:00,11.9,0.6542219
2022-09-26 20:00:00,11.2,0.6275302
2022-09-26 21:00:00,10.4,0.5479430000000001
2022-09-26 22:00:00,10.5,0.5162652
2022-09-26 23:00:00,10.3,0.4696529
2022-09-27 00:00:00,10.0,0.3828304999999999
2022-09-27 01:00:00,10.1,0.3700856
2022-09-27 02:00:00,10.0,0.357662
2022-09-27 03:00:00,9.9,0.335647
2022-09-27 04:00:00,10.1,0.3547465
2022-09-27 05:00:00,10.2,0.4054643
2022-09-27 06:00:00,9.8,0.5453011999999999
2022-09-27 07:00:00,9.8,0.6505805
2022-09-27 08:00:00,9.8,0.6833769000000001
2022-09-27 09:00:00,10.0,0.6462251000000001
2022-09-27 10:00:00,10.0,0.5921634
2022-09-27 11:00:00,10.9,0.5737303
2022-09-27 12:00:00,11.8,0.5142303
2022-09-27 13:00:00,9.5,0.5045913
2022-09-27 14:00:00,9.8,0.4990934999999999
2022-09-27 15:00:00,10.9,0.5068999000000001
2022-09-27 16:00:00,9.8,0.5224651
2022-09-27 17:00:00,9.0,0.590307
2022-09-27 18:00:00,8.9,0.609585
2022-09-27 19:00:00,8.7,0.6541981000000001
2022-09-27 20:00:00,8.3,0.6322188
2022-09-27 21:00:00,7.7,0.5738017
2022-09-27 22:00:00,7.4,0.5526911
2022-09-27 23:00:00,8.4,0.5360549
2022-09-28 00:00:00,7.6,0.5202398
2022-09-28 01:00:00,7.7,0.4837782
2022-09-28 02:00:00,7.0,0.4482686
2022-09-28 03:00:00,7.5,0.4447462
2022-09-28 04:00:00,7.6,0.4813863
2022-09-28 05:00:00,7.6,0.5210847000000001
2022-09-28 06:00:00,7.3,0.6115723
2022-09-28 07:00:00,7.2,0.7180297
2022-09-28 08:00:00,7.3,0.7510522
2022-09-28 09:00:00,7.7,0.6671929000000001
2022-09-28 10:00:00,8.0,0.6434643
2022-09-28 11:00:00,7.8,0.625174
2022-09-28 12:00:00,7.7,0.5765743999999999
2022-09-28 13:00:00,8.2,0.5678755
2022-09-28 14:00:00,9.0,0.550442
2022-09-28 15:00:00,9.9,0.5815129000000001
2022-09-28 16:00:00,9.3,0.6137262000000001
2022-09-28 17:00:00,9.9,0.6739520999999999
2022-09-28 18:00:00,9.2,0.7634401
2022-09-28 19:00:00,6.8,0.9176998
2022-09-28 20:00:00,7.0,0.7625
2022-09-28 21:00:00,6.4,0.6553881000000001
2022-09-28 22:00:00,6.2,0.5990059000000001
2022-09-28 23:00:00,6.2,0.5861419999999999
2022-09-29 00:00:00,7.2,0.5738255
2022-09-29 01:00:00,6.8,0.5560468999999999
2022-09-29 02:00:00,5.1,0.5437065999999999
2022-09-29 03:00:00,3.9,0.5306761
2022-09-29 04:00:00,3.8,0.5364
2022-09-29 05:00:00,4.0,0.5667807
2022-09-29 06:00:00,4.1,0.6792833
2022-09-29 07:00:00,3.9,0.8338166999999999
2022-09-29 08:00:00,5.8,0.8498936000000001
2022-09-29 09:00:00,9.2,0.724658
2022-09-29 10:00:00,10.2,0.6832222000000001
2022-09-29 11:00:00,11.1,0.6052534
2022-09-29 12:00:00,12.9,0.6256262
2022-09-29 13:00:00,13.0,0.5652575
2022-09-29 14:00:00,12.9,0.5554281000000001
2022-09-29 15:00:00,14.2,0.5946386
2022-09-29 16:00:00,15.0,0.6194025000000001
2022-09-29 17:00:00,13.8,0.6851619
2022-09-29 18:00:00,12.2,0.7781961000000002
2022-09-29 19:00:00,9.5,0.87555
2022-09-29 20:00:00,7.9,0.7744
2022-09-29 21:00:00,8.0,0.6613381
2022-09-29 22:00:00,8.7,0.6280657000000001
2022-09-29 23:00:00,8.5,0.6012074000000001
2022-09-30 00:00:00,8.9,0.5714336
2022-09-30 01:00:00,8.5,0.555559
2022-09-30 02:00:00,8.4,0.5423857000000001
2022-09-30 03:00:00,7.4,0.5392798000000001
2022-09-30 04:00:00,6.4,0.542112
2022-09-30 05:00:00,5.0,0.5702436
2022-09-30 06:00:00,4.8,0.6672880999999999
2022-09-30 07:00:00,4.7,0.7791600000000001
2022-09-30 08:00:00,6.9,0.7969147999999999
2022-09-30 09:00:00,10.6,0.6689303
2022-09-30 10:00:00,12.4,0.6034565000000001
2022-09-30 11:00:00,14.0,0.5532623000000001
2022-09-30 12:00:00,14.9,0.4876219
2022-09-30 13:00:00,14.6,0.455718
2022-09-30 14:00:00,15.6,0.3936357
2022-09-30 15:00:00,15.8,0.3880784
2022-09-30 16:00:00,15.6,0.4152937
2022-09-30 17:00:00,15.2,0.5204659
2022-09-30 18:00:00,13.8,0.5909615
2022-09-30 19:00:00,12.3,0.5801087
2022-09-30 20:00:00,11.5,0.5223937000000001
2022-09-30 21:00:00,10.8,0.3846036
2022-09-30 22:00:00,10.7,0.35076
2022-09-30 23:00:00,10.9,0.2650205
2022-10-01 00:00:00,11.0,0.2322479
2022-10-01 01:00:00,11.2,0.2312721
2022-10-01 02:00:00,11.3,0.2151
2022-10-01 03:00:00,10.3,0.1811612
2022-10-01 04:00:00,11.5,0.1757229
2022-10-01 05:00:00,11.5,0.1734857
2022-10-01 06:00:00,10.6,0.1734738
2022-10-01 07:00:00,10.0,0.1839696
2022-10-01 08:00:00,10.0,0.2091738
2022-10-01 09:00:00,10.3,0.2425295
2022-10-01 10:00:00,10.6,0.2863215
2022-10-01 11:00:00,12.4,0.2826562999999999
2022-10-01 12:00:00,13.4,0.2627
2022-10-01 13:00:00,15.4,0.2437076
2022-10-01 14:00:00,15.6,0.2343304
2022-10-01 15:00:00,15.7,0.235211
2022-10-01 16:00:00,10.6,0.2386858
2022-10-01 17:00:00,12.7,0.319582
2022-10-01 18:00:00,12.5,0.3570908
2022-10-01 19:00:00,12.2,0.3885663
2022-10-01 20:00:00,12.1,0.3701213
2022-10-01 21:00:00,11.4,0.328031
2022-10-01 22:00:00,11.3,0.2868451
2022-10-01 23:00:00,11.1,0.2477655
2022-10-02 00:00:00,11.4,0.2324026
2022-10-02 01:00:00,11.9,0.2318076
2022-10-02 02:00:00,11.5,0.2249056
2022-10-02 03:00:00,11.3,0.2293205
2022-10-02 04:00:00,11.7,0.2260361
2022-10-02 05:00:00,11.6,0.2264407
2022-10-02 06:00:00,11.8,0.2262622
2022-10-02 07:00:00,11.6,0.2260123
2022-10-02 08:00:00,12.1,0.2567857
2022-10-02 09:00:00,13.5,0.26508
2022-10-02 10:00:00,14.2,0.2438385
2022-10-02 11:00:00,15.4,0.2294752
2022-10-02 12:00:00,15.5,0.2239893
2022-10-02 13:00:00,13.7,0.2226803
2022-10-02 14:00:00,14.8,0.2324145
2022-10-02 15:00:00,16.3,0.2353419
2022-10-02 16:00:00,12.3,0.2643184
2022-10-02 17:00:00,13.1,0.3841395
2022-10-02 18:00:00,12.4,0.4888
2022-10-02 19:00:00,11.4,0.5265468000000001
2022-10-02 20:00:00,11.2,0.5006762
2022-10-02 21:00:00,10.9,0.4298593
2022-10-02 22:00:00,10.5,0.349213
2022-10-02 23:00:00,10.2,0.3351948
2022-10-03 00:00:00,9.8,0.2517996
2022-10-03 01:00:00,9.4,0.2675076
2022-10-03 02:00:00,9.9,0.2542748
2022-10-03 03:00:00,9.6,0.2558813
2022-10-03 04:00:00,9.3,0.2688998999999999
2022-10-03 05:00:00,9.8,0.3066705
2022-10-03 06:00:00,9.4,0.3848892
2022-10-03 07:00:00,9.8,0.4887286
2022-10-03 08:00:00,10.2,0.517479
2022-10-03 09:00:00,11.8,0.4447938
2022-10-03 10:00:00,13.3,0.3861387
2022-10-03 11:00:00,14.4,0.294949
2022-10-03 12:00:00,15.8,0.2746
2022-10-03 13:00:00,15.2,0.3007324
2022-10-03 14:00:00,16.1,0.2548817
2022-10-03 15:00:00,15.9,0.322557
2022-10-03 16:00:00,15.9,0.3984433
2022-10-03 17:00:00,15.2,0.5394821000000001
2022-10-03 18:00:00,14.6,0.6210209
2022-10-03 19:00:00,13.8,0.7108778
2022-10-03 20:00:00,12.5,0.6076215
2022-10-03 21:00:00,10.7,0.5379470000000001
2022-10-03 22:00:00,10.9,0.5345198
2022-10-03 23:00:00,9.0,0.4887167
2022-10-04 00:00:00,9.4,0.4001212
2022-10-04 01:00:00,9.4,0.3800221
2022-10-04 02:00:00,9.9,0.3789272999999999
2022-10-04 03:00:00,9.1,0.356829
2022-10-04 04:00:00,9.6,0.3789511
2022-10-04 05:00:00,9.6,0.3899348
2022-10-04 06:00:00,9.5,0.5482643
2022-10-04 07:00:00,8.7,0.664325
2022-10-04 08:00:00,10.3,0.7474940999999999
2022-10-04 09:00:00,12.2,0.5329371
2022-10-04 10:00:00,13.8,0.4636909999999999
2022-10-04 11:00:00,15.8,0.4141156
2022-10-04 12:00:00,16.1,0.3482729
2022-10-04 13:00:00,16.9,0.3349210999999999
2022-10-04 14:00:00,17.1,0.3222833
2022-10-04 15:00:00,17.6,0.3270552
2022-10-04 16:00:00,17.5,0.3733461999999999
2022-10-04 17:00:00,17.2,0.466309
2022-10-04 18:00:00,15.4,0.6035636
2022-10-04 19:00:00,14.7,0.6876609
2022-10-04 20:00:00,14.4,0.5353171
2022-10-04 21:00:00,13.3,0.4284075
2022-10-04 22:00:00,12.8,0.3661943
2022-10-04 23:00:00,12.6,0.3199628
2022-10-05 00:00:00,12.2,0.3221881
2022-10-05 01:00:00,12.1,0.2785984
2022-10-05 02:00:00,12.2,0.2701613
2022-10-05 03:00:00,12.6,0.2616171
2022-10-05 04:00:00,12.8,0.286381
2022-10-05 05:00:00,12.6,0.2539773
2022-10-05 06:00:00,12.3,0.3674199999999999
2022-10-05 07:00:00,11.8,0.4248256
2022-10-05 08:00:00,12.7,0.42335
2022-10-05 09:00:00,13.4,0.382295
2022-10-05 10:00:00,15.1,0.2832037
2022-10-05 11:00:00,15.4,0.2246319
2022-10-05 12:00:00,15.6,0.1987137
2022-10-05 13:00:00,17.1,0.1602529
2022-10-05 14:00:00,18.0,0.1560522
2022-10-05 15:00:00,17.7,0.1704274
2022-10-05 16:00:00,18.4,0.2267977
2022-10-05 17:00:00,17.9,0.2893917
2022-10-05 18:00:00,16.8,0.3742625
2022-10-05 19:00:00,16.6,0.3579714
2022-10-05 20:00:00,16.3,0.2847269
2022-10-05 21:00:00,17.3,0.2315696
2022-10-05 22:00:00,17.9,0.2316648
2022-10-05 23:00:00,17.4,0.2210262
2022-10-06 00:00:00,17.4,0.1567067
2022-10-06 01:00:00,17.4,0.1560641
2022-10-06 02:00:00,13.4,0.155719
2022-10-06 03:00:00,13.4,0.1561831
2022-10-06 04:00:00,13.2,0.156195
2022-10-06 05:00:00,13.1,0.1984519
2022-10-06 06:00:00,13.4,0.262819
2022-10-06 07:00:00,12.6,0.3318271
2022-10-06 08:00:00,12.8,0.3330409
2022-10-06 09:00:00,13.5,0.2424343
2022-10-06 10:00:00,14.4,0.230451
2022-10-06 11:00:00,14.9,0.1665837
2022-10-06 12:00:00,15.5,0.1657626
2022-10-06 13:00:00,15.3,0.1663576
2022-10-06 14:00:00,16.5,0.1952151
2022-10-06 15:00:00,16.8,0.2284875
2022-10-06 16:00:00,16.3,0.2420535
2022-10-06 17:00:00,15.8,0.3826877
2022-10-06 18:00:00,14.1,0.5093513000000001
2022-10-06 19:00:00,12.6,0.5840952
2022-10-06 20:00:00,12.1,0.4817671
2022-10-06 21:00:00,9.9,0.3823664
2022-10-06 22:00:00,10.7,0.3643022
2022-10-06 23:00:00,10.3,0.3642903
2022-10-07 00:00:00,9.8,0.3685505
2022-10-07 01:00:00,9.9,0.328626
2022-10-07 02:00:00,8.7,0.3290187
2022-10-07 03:00:00,8.5,0.3323388
2022-10-07 04:00:00,8.4,0.33529
2022-10-07 05:00:00,7.8,0.3612677
2022-10-07 06:00:00,7.9,0.4049883
2022-10-07 07:00:00,7.4,0.5145754
2022-10-07 08:00:00,8.7,0.4532309
2022-10-07 09:00:00,11.2,0.3804624
2022-10-07 10:00:00,13.3,0.3467735
2022-10-07 11:00:00,14.9,0.246516
2022-10-07 12:00:00,15.5,0.2349016
2022-10-07 13:00:00,15.8,0.2317838
2022-10-07 14:00:00,16.7,0.232831
2022-10-07 15:00:00,16.8,0.2421249
2022-10-07 16:00:00,17.0,0.3268291
2022-10-07 17:00:00,16.3,0.3998832
2022-10-07 18:00:00,14.3,0.4561464
2022-10-07 19:00:00,11.4,0.5000693
2022-10-07 20:00:00,10.2,0.3907083
2022-10-07 21:00:00,9.3,0.3400738
2022-10-07 22:00:00,11.2,0.3572931
2022-10-07 23:00:00,10.0,0.3008157
2022-10-08 00:00:00,9.1,0.3118708
2022-10-08 01:00:00,10.4,0.2920573
2022-10-08 02:00:00,9.5,0.2955678
2022-10-08 03:00:00,9.7,0.3006729
2022-10-08 04:00:00,10.6,0.2983881
2022-10-08 05:00:00,11.6,0.3103595
2022-10-08 06:00:00,11.5,0.2946991
2022-10-08 07:00:00,11.6,0.3256034
2022-10-08 08:00:00,11.4,0.3551868
2022-10-08 09:00:00,12.1,0.3829971
2022-10-08 10:00:00,12.6,0.3522950999999999
2022-10-08 11:00:00,13.5,0.2817757
2022-10-08 12:00:00,13.8,0.2369484
2022-10-08 13:00:00,12.0,0.2146002
2022-10-08 14:00:00,14.1,0.2102329
2022-10-08 15:00:00,14.5,0.2488246
2022-10-08 16:00:00,13.5,0.2465398
2022-10-08 17:00:00,13.1,0.353616
2022-10-08 18:00:00,10.8,0.4467216
2022-10-08 19:00:00,8.7,0.5150157
2022-10-08 20:00:00,8.7,0.4292404999999999
2022-10-08 21:00:00,8.1,0.4305614
2022-10-08 22:00:00,8.8,0.3808908
2022-10-08 23:00:00,8.2,0.3705854
2022-10-09 00:00:00,7.6,0.4127947
2022-10-09 01:00:00,7.4,0.3876738
2022-10-09 02:00:00,7.4,0.3809979
2022-10-09 03:00:00,6.3,0.348499
2022-10-09 04:00:00,5.3,0.3245205
2022-10-09 05:00:00,5.1,0.3306728
2022-10-09 06:00:00,4.1,0.33767
2022-10-09 07:00:00,3.7,0.3884592
2022-10-09 08:00:00,6.1,0.389673
2022-10-09 09:00:00,9.7,0.3351115
2022-10-09 10:00:00,11.4,0.29364
2022-10-09 11:00:00,13.4,0.2599511
2022-10-09 12:00:00,14.0,0.227119
2022-10-09 13:00:00,15.2,0.217004
2022-10-09 14:00:00,15.8,0.2228469
2022-10-09 15:00:00,15.9,0.2509071
2022-10-09 16:00:00,15.8,0.3131322
2022-10-09 17:00:00,14.6,0.3734652
2022-10-09 18:00:00,11.6,0.3922196
2022-10-09 19:00:00,10.3,0.4635006
2022-10-09 20:00:00,10.9,0.3681102
2022-10-09 21:00:00,10.4,0.3312559
2022-10-09 22:00:00,9.6,0.3011965
2022-10-09 23:00:00,9.3,0.2744334
2022-10-10 00:00:00,8.3,0.2381503
2022-10-10 01:00:00,7.9,0.2399353
2022-10-10 02:00:00,5.9,0.2398877
2022-10-10 03:00:00,5.1,0.2399591
2022-10-10 04:00:00,4.9,0.2515973
2022-10-10 05:00:00,5.2,0.323866
2022-10-10 06:00:00,5.3,0.3552701
2022-10-10 07:00:00,6.5,0.4260394
2022-10-10 08:00:00,8.8,0.4725684
2022-10-10 09:00:00,10.7,0.4140442
2022-10-10 10:00:00,13.2,0.3519857
2022-10-10 11:00:00,14.7,0.3466902
2022-10-10 12:00:00,16.1,0.3144174
2022-10-10 13:00:00,17.2,0.3115852
2022-10-10 14:00:00,17.5,0.3116923
2022-10-10 15:00:00,17.7,0.3214503
2022-10-10 16:00:00,16.9,0.3446434
2022-10-10 17:00:00,16.7,0.4061902
2022-10-10 18:00:00,15.6,0.4504939
2022-10-10 19:00:00,12.9,0.4849206
2022-10-10 20:00:00,12.7,0.4268843
2022-10-10 21:00:00,11.4,0.3909582
2022-10-10 22:00:00,10.3,0.3552463
2022-10-10 23:00:00,9.5,0.3452146
2022-10-11 00:00:00,9.1,0.34005
2022-10-11 01:00:00,8.5,0.363017
2022-10-11 02:00:00,8.0,0.363017
2022-10-11 03:00:00,7.5,0.3597326
2022-10-11 04:00:00,7.4,0.3580547
2022-10-11 05:00:00,7.5,0.356948
2022-10-11 06:00:00,6.2,0.4578361999999999
2022-10-11 07:00:00,6.0,0.5124929
2022-10-11 08:00:00,7.7,0.5708862000000001
2022-10-11 09:00:00,9.9,0.5134568
2022-10-11 10:00:00,11.5,0.4634768
2022-10-11 11:00:00,13.0,0.4404265
2022-10-11 12:00:00,13.3,0.4016325
2022-10-11 13:00:00,14.0,0.3975865
2022-10-11 14:00:00,14.1,0.4030248
2022-10-11 15:00:00,13.6,0.4236594
2022-10-11 16:00:00,14.2,0.4637505
2022-10-11 17:00:00,13.3,0.541041
2022-10-11 18:00:00,10.4,0.6824368000000001
2022-10-11 19:00:00,8.7,0.7324525
2022-10-11 20:00:00,7.3,0.5740635000000001
2022-10-11 21:00:00,6.7,0.5066738
2022-10-11 22:00:00,6.2,0.4674157
2022-10-11 23:00:00,5.8,0.4632626000000001
2022-10-12 00:00:00,4.7,0.4371183
2022-10-12 01:00:00,4.3,0.4200299
2022-10-12 02:00:00,3.5,0.4025964
2022-10-12 03:00:00,3.3,0.3923981
2022-10-12 04:00:00,3.1,0.417281
2022-10-12 05:00:00,2.7,0.4420092
2022-10-12 06:00:00,2.8,0.5218225000000001
2022-10-12 07:00:00,2.5,0.7269428
2022-10-12 08:00:00,4.1,0.725967
2022-10-12 09:00:00,8.1,0.5530957000000001
2022-10-12 10:00:00,10.2,0.4932387000000001
2022-10-12 11:00:00,12.7,0.4317752
2022-10-12 12:00:00,14.2,0.4098316
2022-10-12 13:00:00,14.9,0.414901
2022-10-12 14:00:00,15.4,0.4145202
2022-10-12 15:00:00,16.0,0.4225289
2022-10-12 16:00:00,15.7,0.4430207
2022-10-12 17:00:00,15.1,0.5067571
2022-10-12 18:00:00,13.1,0.605896
2022-10-12 19:00:00,10.2,0.7267642999999999
2022-10-12 20:00:00,7.7,0.5416122000000001
2022-10-12 21:00:00,8.0,0.4804938
2022-10-12 22:00:00,8.8,0.4454245
2022-10-12 23:00:00,9.0,0.4275983
2022-10-13 00:00:00,9.1,0.4158054
2022-10-13 01:00:00,8.2,0.4054999999999999
2022-10-13 02:00:00,8.8,0.386222
2022-10-13 03:00:00,8.5,0.3733224
2022-10-13 04:00:00,8.4,0.3876738
2022-10-13 05:00:00,8.9,0.4155674
2022-10-13 06:00:00,9.2,0.4619893
2022-10-13 07:00:00,9.3,0.4957139
2022-10-13 08:00:00,9.9,0.5513106999999999
2022-10-13 09:00:00,11.4,0.5144564
2022-10-13 10:00:00,12.9,0.4888595
2022-10-13 11:00:00,14.1,0.486063
2022-10-13 12:00:00,15.1,0.468213
2022-10-13 13:00:00,16.2,0.4590381
2022-10-13 14:00:00,16.4,0.45905
2022-10-13 15:00:00,16.3,0.4692601999999999
2022-10-13 16:00:00,16.3,0.4733895
2022-10-13 17:00:00,15.4,0.5034965
2022-10-13 18:00:00,14.3,0.5359954
2022-10-13 19:00:00,14.5,0.564603
2022-10-13 20:00:00,13.8,0.5008190000000001
2022-10-13 21:00:00,12.9,0.4513626
2022-10-13 22:00:00,12.6,0.4235761
2022-10-13 23:00:00,12.5,0.3960514
2022-10-14 00:00:00,12.5,0.4308708
2022-10-14 01:00:00,12.3,0.416924
2022-10-14 02:00:00,12.4,0.4080228
2022-10-14 03:00:00,12.3,0.4074278
2022-10-14 04:00:00,12.4,0.4161148
2022-10-14 05:00:00,12.5,0.4286931
2022-10-14 06:00:00,12.6,0.4868603
2022-10-14 07:00:00,12.3,0.5721
2022-10-14 08:00:00,12.4,0.6466535
2022-10-14 09:00:00,12.9,0.5451941
2022-10-14 10:00:00,14.4,0.5093394
2022-10-14 11:00:00,14.5,0.4916679000000001
2022-10-14 12:00:00,15.6,0.4673918999999999
2022-10-14 13:00:00,16.1,0.4392603
2022-10-14 14:00:00,15.8,0.4190898
2022-10-14 15:00:00,16.0,0.4444011
2022-10-14 16:00:00,16.3,0.463334
2022-10-14 17:00:00,16.1,0.48166
2022-10-14 18:00:00,15.7,0.5006999999999999
2022-10-14 19:00:00,14.8,0.5117670000000001
2022-10-14 20:00:00,14.5,0.4733181
2022-10-14 21:00:00,14.3,0.4149486
2022-10-14 22:00:00,14.1,0.4174357
2022-10-14 23:00:00,14.1,0.38527
2022-10-15 00:00:00,14.2,0.3837944
2022-10-15 01:00:00,14.0,0.36266
2022-10-15 02:00:00,13.2,0.350522
2022-10-15 03:00:00,11.1,0.3278406
2022-10-15 04:00:00,11.7,0.322081
2022-10-15 05:00:00,11.5,0.3142984
2022-10-15 06:00:00,10.7,0.3311131
2022-10-15 07:00:00,9.0,0.3453336
2022-10-15 08:00:00,10.7,0.3776778
2022-10-15 09:00:00,12.1,0.3928027
2022-10-15 10:00:00,13.8,0.3758571
2022-10-15 11:00:00,16.0,0.346
2022-10-15 12:00:00,16.4,0.3280429
2022-10-15 13:00:00,16.8,0.3181183
2022-10-15 14:00:00,18.1,0.2969482
2022-10-15 15:00:00,18.3,0.2984
2022-10-15 16:00:00,18.2,0.3141199
2022-10-15 17:00:00,16.4,0.3572455
2022-10-15 18:00:00,16.5,0.3755477
2022-10-15 19:00:00,16.6,0.3885187
2022-10-15 20:00:00,16.2,0.3436675999999999
2022-10-15 21:00:00,16.1,0.3262340999999999
2022-10-15 22:00:00,16.2,0.3222952
2022-10-15 23:00:00,15.3,0.3087649
2022-10-16 00:00:00,14.1,0.2466826
2022-10-16 01:00:00,13.6,0.236401
2022-10-16 02:00:00,13.5,0.2341281
2022-10-16 03:00:00,13.2,0.2382336
2022-10-16 04:00:00,13.2,0.2497528
2022-10-16 05:00:00,12.5,0.2455045
2022-10-16 06:00:00,12.4,0.240566
2022-10-16 07:00:00,13.5,0.2459805
2022-10-16 08:00:00,14.0,0.2598202
2022-10-16 09:00:00,15.5,0.2565477
2022-10-16 10:00:00,16.2,0.2452308
2022-10-16 11:00:00,17.6,0.2359369
2022-10-16 12:00:00,17.5,0.2163019
2022-10-16 13:00:00,17.7,0.1704631
2022-10-16 14:00:00,18.2,0.1755206
2022-10-16 15:00:00,18.5,0.2329381
2022-10-16 16:00:00,18.2,0.2453736
2022-10-16 17:00:00,17.2,0.3555319
2022-10-16 18:00:00,14.5,0.3879713
2022-10-16 19:00:00,14.4,0.4208153
2022-10-16 20:00:00,13.4,0.3664204
2022-10-16 21:00:00,14.1,0.3281024
2022-10-16 22:00:00,13.2,0.3222476
2022-10-16 23:00:00,14.1,0.3157145
2022-10-17 00:00:00,13.5,0.3082889
2022-10-17 01:00:00,13.5,0.2917479
2022-10-17 02:00:00,13.6,0.2813235
2022-10-17 03:00:00,13.4,0.2622716
2022-10-17 04:00:00,12.7,0.2581066
2022-10-17 05:00:00,12.9,0.2846436
2022-10-17 06:00:00,13.4,0.3094432
2022-10-17 07:00:00,14.5,0.3443815999999999
2022-10-17 08:00:00,15.7,0.3726798
2022-10-17 09:00:00,17.0,0.347309
2022-10-17 10:00:00,18.7,0.3083008
2022-10-17 11:00:00,19.9,0.3090148
2022-10-17 12:00:00,21.2,0.2954131
2022-10-17 13:00:00,21.6,0.2955916
2022-10-17 14:00:00,22.0,0.3022913
2022-10-17 15:00:00,21.4,0.3214622
2022-10-17 16:00:00,20.7,0.3575549
2022-10-17 17:00:00,20.0,0.4201608
2022-10-17 18:00:00,19.5,0.4724137
2022-10-17 19:00:00,18.1,0.4795418
2022-10-17 20:00:00,17.8,0.4292167
2022-10-17 21:00:00,17.8,0.3643498
2022-10-17 22:00:00,17.3,0.3491535
2022-10-17 23:00:00,16.7,0.3281738
2022-10-18 00:00:00,16.2,0.3241516
2022-10-18 01:00:00,15.9,0.3170949
2022-10-18 02:00:00,15.6,0.3226165
2022-10-18 03:00:00,15.0,0.3221405
2022-10-18 04:00:00,14.9,0.334457
2022-10-18 05:00:00,14.4,0.3335169
2022-10-18 06:00:00,13.5,0.3917793
2022-10-18 07:00:00,13.7,0.4634887
2022-10-18 08:00:00,14.1,0.485587
2022-10-18 09:00:00,14.5,0.4437704
2022-10-18 10:00:00,15.3,0.3959324
2022-10-18 11:00:00,15.8,0.3698119
2022-10-18 12:00:00,16.6,0.3545085
2022-10-18 13:00:00,17.1,0.3375748
2022-10-18 14:00:00,17.6,0.3292567
2022-10-18 15:00:00,17.6,0.3383483
2022-10-18 16:00:00,16.7,0.3446077
2022-10-18 17:00:00,14.5,0.4171382
2022-10-18 18:00:00,11.9,0.4473404
2022-10-18 19:00:00,9.8,0.4548017
2022-10-18 20:00:00,10.3,0.3948495
2022-10-18 21:00:00,9.5,0.3544371
2022-10-18 22:00:00,10.4,0.3499151
2022-10-18 23:00:00,9.5,0.3387648
2022-10-19 00:00:00,10.3,0.3122278
2022-10-19 01:00:00,10.2,0.3045642
2022-10-19 02:00:00,9.0,0.3000898
2022-10-19 03:00:00,7.9,0.3044928
2022-10-19 04:00:00,9.3,0.3140842
2022-10-19 05:00:00,9.4,0.332434
2022-10-19 06:00:00,9.7,0.3572217
2022-10-19 07:00:00,9.7,0.4419735
2022-10-19 08:00:00,10.3,0.4504106
2022-10-19 09:00:00,10.9,0.4134611
2022-10-19 10:00:00,11.6,0.3784989
2022-10-19 11:00:00,11.9,0.3635644
2022-10-19 12:00:00,12.0,0.3372178
2022-10-19 13:00:00,12.4,0.3319461
2022-10-19 14:00:00,12.4,0.3251512
2022-10-19 15:00:00,12.2,0.3355994
2022-10-19 16:00:00,12.6,0.3566267
2022-10-19 17:00:00,11.8,0.3910296
2022-10-19 18:00:00,10.9,0.4413904
2022-10-19 19:00:00,9.0,0.4256348
2022-10-19 20:00:00,9.2,0.353735
2022-10-19 21:00:00,8.7,0.3300183
2022-10-19 22:00:00,8.4,0.3318985
2022-10-19 23:00:00,6.9,0.3121683
2022-10-20 00:00:00,5.2,0.3073607
2022-10-20 01:00:00,6.1,0.2923191
2022-10-20 02:00:00,5.2,0.2476941
2022-10-20 03:00:00,4.3,0.2460638
2022-10-20 04:00:00,4.0,0.2412443
2022-10-20 05:00:00,5.3,0.2892846
2022-10-20 06:00:00,4.8,0.3335288
2022-10-20 07:00:00,5.0,0.3611249
2022-10-20 08:00:00,4.9,0.3886139
2022-10-20 09:00:00,6.6,0.3551035
2022-10-20 10:00:00,9.0,0.3548179
2022-10-20 11:00:00,10.4,0.3406569
2022-10-20 12:00:00,11.3,0.312918
2022-10-20 13:00:00,12.6,0.3098954
2022-10-20 14:00:00,12.6,0.310657
2022-10-20 15:00:00,13.1,0.3205459
2022-10-20 16:00:00,13.1,0.3330766
2022-10-20 17:00:00,13.0,0.3571146
2022-10-20 18:00:00,12.3,0.3670392
2022-10-20 19:00:00,11.3,0.3746195
2022-10-20 20:00:00,11.3,0.3545442
2022-10-20 21:00:00,11.4,0.3239612
2022-10-20 22:00:00,11.8,0.3135487
2022-10-20 23:00:00,11.8,0.3032909
2022-10-21 00:00:00,12.1,0.3123587
2022-10-21 01:00:00,12.1,0.2967578
2022-10-21 02:00:00,12.1,0.2904984
2022-10-21 03:00:00,12.8,0.2877019
2022-10-21 04:00:00,12.8,0.2936043
2022-10-21 05:00:00,12.9,0.3178684
2022-10-21 06:00:00,13.1,0.3409663
2022-10-21 07:00:00,12.7,0.3708114999999999
2022-10-21 08:00:00,13.3,0.3871502
2022-10-21 09:00:00,13.8,0.3871978
2022-10-21 10:00:00,14.8,0.3718706
2022-10-21 11:00:00,16.3,0.3673724
2022-10-21 12:00:00,17.0,0.3627433
2022-10-21 13:00:00,16.6,0.353735
2022-10-21 14:00:00,16.7,0.3566624
2022-10-21 15:00:00,16.5,0.3591733
2022-10-21 16:00:00,15.8,0.3684077
2022-10-21 17:00:00,15.8,0.3902442
2022-10-21 18:00:00,15.2,0.3953731
2022-10-21 19:00:00,15.0,0.4054286
2022-10-21 20:00:00,14.2,0.3686576
2022-10-21 21:00:00,13.6,0.351474
2022-10-21 22:00:00,13.0,0.3404546
2022-10-21 23:00:00,12.7,0.3260199
2022-10-22 00:00:00,13.2,0.3260318
2022-10-22 01:00:00,12.4,0.3135249
2022-10-22 02:00:00,12.6,0.3091457
2022-10-22 03:00:00,11.5,0.3132631
2022-10-22 04:00:00,10.8,0.3135606
2022-10-22 05:00:00,11.5,0.316131
2022-10-22 06:00:00,11.4,0.314822
2022-10-22 07:00:00,11.0,0.323628
2022-10-22 08:00:00,12.3,0.3287331
2022-10-22 09:00:00,13.6,0.328864
2022-10-22 10:00:00,16.1,0.3227355
2022-10-22 11:00:00,17.6,0.3130965
2022-10-22 12:00:00,18.0,0.3092766
2022-10-22 13:00:00,18.4,0.2997923
2022-10-22 14:00:00,18.7,0.2922715
2022-10-22 15:00:00,17.5,0.294592
2022-10-22 16:00:00,17.6,0.313632
2022-10-22 17:00:00,16.5,0.3449528
2022-10-22 18:00:00,15.3,0.3687647
2022-10-22 19:00:00,14.8,0.3736437
2022-10-22 20:00:00,14.6,0.3509504
2022-10-22 21:00:00,13.7,0.32577
2022-10-22 22:00:00,13.1,0.3186419
2022-10-22 23:00:00,11.3,0.3131798
2022-10-23 00:00:00,11.8,0.2872854
2022-10-23 01:00:00,11.3,0.2735885
2022-10-23 02:00:00,11.1,0.2669126
2022-10-23 03:00:00,10.5,0.2627
2022-10-23 04:00:00,10.1,0.2653299
2022-10-23 05:00:00,9.3,0.2609745
2022-10-23 06:00:00,10.7,0.280312
2022-10-23 07:00:00,10.6,0.2865
2022-10-23 08:00:00,10.9,0.3001374
2022-10-23 09:00:00,11.9,0.2922834
2022-10-23 10:00:00,13.3,0.26984
2022-10-23 11:00:00,14.9,0.2665437
2022-10-23 12:00:00,15.8,0.2549293
2022-10-23 13:00:00,17.1,0.2462423
2022-10-23 14:00:00,18.5,0.2487889
2022-10-23 15:00:00,17.8,0.2508238
2022-10-23 16:00:00,17.6,0.2617837
2022-10-23 17:00:00,16.9,0.2792053
2022-10-23 18:00:00,16.1,0.2894036
2022-10-23 19:00:00,15.9,0.2930331
2022-10-23 20:00:00,15.3,0.2781462
2022-10-23 21:00:00,15.1,0.2595227
2022-10-23 22:00:00,14.4,0.2516449
2022-10-23 23:00:00,13.9,0.2431007
2022-10-24 00:00:00,13.8,0.2184439
2022-10-24 01:00:00,14.5,0.2148858
2022-10-24 02:00:00,14.9,0.2009152
2022-10-24 03:00:00,14.8,0.1854452
2022-10-24 04:00:00,14.7,0.2009033
2022-10-24 05:00:00,15.0,0.2178727
2022-10-24 06:00:00,15.3,0.2368651
2022-10-24 07:00:00,15.0,0.2789911
2022-10-24 08:00:00,15.4,0.300899
2022-10-24 09:00:00,16.7,0.2852029
2022-10-24 10:00:00,17.9,0.2802525
2022-10-24 11:00:00,18.6,0.2525731
2022-10-24 12:00:00,18.5,0.236639
2022-10-24 13:00:00,18.3,0.2363058
2022-10-24 14:00:00,18.1,0.2367461
2022-10-24 15:00:00,17.9,0.2462304
2022-10-24 16:00:00,17.6,0.253775
2022-10-24 17:00:00,16.8,0.2864762
2022-10-24 18:00:00,15.8,0.3011013
2022-10-24 19:00:00,15.6,0.315417
2022-10-24 20:00:00,14.9,0.2855837
2022-10-24 21:00:00,14.6,0.2588087
2022-10-24 22:00:00,13.4,0.2575473
2022-10-24 23:00:00,13.9,0.248896
2022-10-25 00:00:00,13.8,0.2233467
2022-10-25 01:00:00,14.1,0.2158021
2022-10-25 02:00:00,13.9,0.2228231
2022-10-25 03:00:00,14.2,0.2224661
2022-10-25 04:00:00,13.5,0.235806
2022-10-25 05:00:00,13.4,0.2396973
2022-10-25 06:00:00,14.0,0.2589872
2022-10-25 07:00:00,13.9,0.2967935
2022-10-25 08:00:00,13.7,0.3215217
2022-10-25 09:00:00,14.1,0.3057423
2022-10-25 10:00:00,14.7,0.2772299
2022-10-25 11:00:00,15.1,0.274719
2022-10-25 12:00:00,15.2,0.2672339
2022-10-25 13:00:00,15.7,0.2492768
2022-10-25 14:00:00,15.6,0.2507762
2022-10-25 15:00:00,16.2,0.2652109
2022-10-25 16:00:00,15.6,0.293164
2022-10-25 17:00:00,14.1,0.3398477
2022-10-25 18:00:00,13.5,0.3701689
2022-10-25 19:00:00,11.5,0.3773327000000001
2022-10-25 20:00:00,11.9,0.337313
2022-10-25 21:00:00,11.6,0.3108117
2022-10-25 22:00:00,9.5,0.2991973
2022-10-25 23:00:00,10.4,0.2892727
2022-10-26 00:00:00,10.2,0.271744
2022-10-26 01:00:00,8.8,0.2643541
2022-10-26 02:00:00,9.7,0.2605937
2022-10-26 03:00:00,8.8,0.2611411
2022-10-26 04:00:00,8.3,0.2704707
2022-10-26 05:00:00,8.1,0.2835369
2022-10-26 06:00:00,8.9,0.3079676
2022-10-26 07:00:00,7.6,0.3400262
2022-10-26 08:00:00,8.1,0.348499
2022-10-26 09:00:00,10.8,0.3341714
2022-10-26 10:00:00,12.4,0.3142389
2022-10-26 11:00:00,14.6,0.2967102
2022-10-26 12:00:00,15.3,0.2894631
2022-10-26 13:00:00,16.6,0.2935567
2022-10-26 14:00:00,17.3,0.2966507
2022-10-26 15:00:00,18.8,0.3042429
2022-10-26 16:00:00,17.8,0.3305062
2022-10-26 17:00:00,16.4,0.3278168
2022-10-26 18:00:00,15.3,0.339931
2022-10-26 19:00:00,14.7,0.3362539
2022-10-26 20:00:00,12.4,0.3075035
2022-10-26 21:00:00,12.3,0.2864881
2022-10-26 22:00:00,11.9,0.2727793
2022-10-26 23:00:00,11.8,0.262819
2022-10-27 00:00:00,11.5,0.2649729
2022-10-27 01:00:00,10.8,0.2699709
2022-10-27 02:00:00,11.1,0.2723866
2022-10-27 03:00:00,12.2,0.2698519
2022-10-27 04:00:00,12.1,0.2726246
2022-10-27 05:00:00,10.8,0.2917836
2022-10-27 06:00:00,11.2,0.3182968
2022-10-27 07:00:00,11.8,0.3659801
2022-10-27 08:00:00,12.5,0.3665275
2022-10-27 09:00:00,14.3,0.328269
2022-10-27 10:00:00,15.4,0.3107284
2022-10-27 11:00:00,17.6,0.2969839
2022-10-27 12:00:00,19.3,0.2836321
2022-10-27 13:00:00,19.1,0.2756234
2022-10-27 14:00:00,19.9,0.2814068
2022-10-27 15:00:00,19.9,0.2984714
2022-10-27 16:00:00,19.5,0.3230211
2022-10-27 17:00:00,18.5,0.3454764
2022-10-27 18:00:00,17.6,0.3399905
2022-10-27 19:00:00,17.5,0.3264959
2022-10-27 20:00:00,17.6,0.3124658
2022-10-27 21:00:00,17.1,0.30792
2022-10-27 22:00:00,17.3,0.2999946
2022-10-27 23:00:00,17.0,0.2725651
2022-10-28 00:00:00,16.8,0.2605342
2022-10-28 01:00:00,16.3,0.2597845
2022-10-28 02:00:00,16.3,0.2605342
2022-10-28 03:00:00,16.5,0.2603676
2022-10-28 04:00:00,16.4,0.2617599
2022-10-28 05:00:00,16.0,0.2660915
2022-10-28 06:00:00,15.9,0.2923429
2022-10-28 07:00:00,15.7,0.3074321
2022-10-28 08:00:00,16.0,0.3149886
2022-10-28 09:00:00,18.3,0.3026602
2022-10-28 10:00:00,19.3,0.297924
2022-10-28 11:00:00,21.1,0.2805381
2022-10-28 12:00:00,22.9,0.2745405
2022-10-28 13:00:00,23.2,0.261391
2022-10-28 14:00:00,23.5,0.2652942
2022-10-28 15:00:00,22.6,0.2700423
2022-10-28 16:00:00,21.7,0.2816448
2022-10-28 17:00:00,20.7,0.3045642
2022-10-28 18:00:00,20.3,0.3092052
2022-10-28 19:00:00,19.3,0.3075273
2022-10-28 20:00:00,18.6,0.289951
2022-10-28 21:00:00,19.7,0.2772299
2022-10-28 22:00:00,18.5,0.2765159
2022-10-28 23:00:00,17.8,0.2651157
2022-10-29 00:00:00,16.3,0.2666389
2022-10-29 01:00:00,17.0,0.2659963
2022-10-29 02:00:00,16.1,0.2631879
2022-10-29 03:00:00,15.5,0.2602962
2022-10-29 04:00:00,15.7,0.25913
2022-10-29 05:00:00,13.2,0.2587373
2022-10-29 06:00:00,12.9,0.2643541
2022-10-29 07:00:00,12.1,0.2761708
2022-10-29 08:00:00,14.3,0.2924976
2022-10-29 09:00:00,14.9,0.28531
2022-10-29 10:00:00,17.0,0.2692212
2022-10-29 11:00:00,18.4,0.25913
2022-10-29 12:00:00,19.2,0.2565715
2022-10-29 13:00:00,19.4,0.2525374
2022-10-29 14:00:00,19.9,0.2561669
2022-10-29 15:00:00,20.7,0.2626524
2022-10-29 16:00:00,20.9,0.2899748
2022-10-29 17:00:00,19.1,0.3019819
2022-10-29 18:00:00,17.9,0.3220929
2022-10-29 19:00:00,17.3,0.3201056
2022-10-29 20:00:00,16.6,0.3006015
2022-10-29 21:00:00,15.6,0.286381
2022-10-29 22:00:00,15.9,0.2794076
2022-10-29 23:00:00,16.2,0.2716131
2022-10-30 00:00:00,16.7,0.2781819
2022-10-30 01:00:00,16.7,0.2751831
2022-10-30 02:00:00,16.5,0.274838
2022-10-30 03:00:00,15.1,0.2725889
2022-10-30 04:00:00,13.3,0.2727674
2022-10-30 05:00:00,12.9,0.2733862
2022-10-30 06:00:00,12.7,0.2752545
2022-10-30 07:00:00,12.5,0.2865476
2022-10-30 08:00:00,13.9,0.2904627
2022-10-30 09:00:00,18.0,0.2795742
2022-10-30 10:00:00,19.4,0.2719939
2022-10-30 11:00:00,20.3,0.2746357
2022-10-30 12:00:00,21.3,0.2746
2022-10-30 13:00:00,21.7,0.2746
2022-10-30 14:00:00,21.6,0.2858217
2022-10-30 15:00:00,20.4,0.3038859
2022-10-30 16:00:00,18.4,0.3223785
2022-10-30 17:00:00,16.4,0.34124
2022-10-30 18:00:00,15.2,0.3583522
2022-10-30 19:00:00,14.6,0.35195
2022-10-30 20:00:00,14.1,0.3311488
2022-10-30 21:00:00,13.7,0.3209624
2022-10-30 22:00:00,12.5,0.30673
2022-10-30 23:00:00,13.3,0.2856194
2022-10-31 00:00:00,13.6,0.3095622
2022-10-31 01:00:00,13.8,0.2973171
2022-10-31 02:00:00,14.0,0.2940207999999999
2022-10-31 03:00:00,13.2,0.291974
2022-10-31 04:00:00,10.8,0.2925333
2022-10-31 05:00:00,11.1,0.3025055
2022-10-31 06:00:00,11.3,0.3288878
2022-10-31 07:00:00,9.8,0.3536041
2022-10-31 08:00:00,11.4,0.35552
2022-10-31 09:00:00,14.0,0.3380270000000001
2022-10-31 10:00:00,15.1,0.3261865
2022-10-31 11:00:00,15.2,0.3245205
2022-10-31 12:00:00,15.8,0.3245324
2022-10-31 13:00:00,16.5,0.3292924
2022-10-31 14:00:00,15.8,0.34005
2022-10-31 15:00:00,15.0,0.3568885
2022-10-31 16:00:00,13.9,0.3691812
2022-10-31 17:00:00,14.0,0.3953969
2022-10-31 18:00:00,14.4,0.3731796
2022-10-31 19:00:00,14.1,0.3552939
2022-10-31 20:00:00,14.0,0.3306371
2022-10-31 21:00:00,13.8,0.3183682
2022-10-31 22:00:00,13.3,0.2990069
2022-10-31 23:00:00,13.0,0.2754687
2022-11-01 00:00:00,12.2,0.2515735
2022-11-01 01:00:00,12.4,0.2468492
2022-11-01 02:00:00,12.3,0.2213594
2022-11-01 03:00:00,12.3,0.19963
2022-11-01 04:00:00,12.8,0.2017244
2022-11-01 05:00:00,12.8,0.2206097
2022-11-01 06:00:00,15.8,0.2269405
2022-11-01 07:00:00,16.7,0.2484081
2022-11-01 08:00:00,16.6,0.256036
2022-11-01 09:00:00,17.0,0.2361035
2022-11-01 10:00:00,17.2,0.2236442
2022-11-01 11:00:00,17.1,0.2138029
2022-11-01 12:00:00,17.2,0.2015221
2022-11-01 13:00:00,16.9,0.2046756
2022-11-01 14:00:00,16.9,0.2375791
2022-11-01 15:00:00,16.3,0.2508
2022-11-01 16:00:00,14.7,0.2619741
2022-11-01 17:00:00,13.8,0.291855
2022-11-01 18:00:00,13.4,0.3050997
2022-11-01 19:00:00,12.7,0.2770752
2022-11-01 20:00:00,12.8,0.2557861
2022-11-01 21:00:00,13.0,0.2408873
2022-11-01 22:00:00,12.2,0.2383883
2022-11-01 23:00:00,12.6,0.1885749
2022-11-02 00:00:00,11.9,0.2209548
2022-11-02 01:00:00,11.2,0.1845646
2022-11-02 02:00:00,11.8,0.1762822
2022-11-02 03:00:00,12.4,0.1737832
2022-11-02 04:00:00,11.9,0.179638
2022-11-02 05:00:00,11.4,0.1913119
2022-11-02 06:00:00,10.8,0.2385549
2022-11-02 07:00:00,11.0,0.2712561
2022-11-02 08:00:00,12.9,0.2711728
2022-11-02 09:00:00,13.6,0.2425057
2022-11-02 10:00:00,13.6,0.2116252
2022-11-02 11:00:00,13.4,0.2062702
2022-11-02 12:00:00,13.9,0.2031286
2022-11-02 13:00:00,14.0,0.2182654
2022-11-02 14:00:00,14.1,0.2414823
2022-11-02 15:00:00,13.0,0.264247
2022-11-02 16:00:00,11.9,0.2809784
2022-11-02 17:00:00,10.4,0.3303991
2022-11-02 18:00:00,10.0,0.3328267
2022-11-02 19:00:00,9.5,0.3103
2022-11-02 20:00:00,9.1,0.2712561
2022-11-02 21:00:00,8.7,0.2552268
2022-11-02 22:00:00,8.2,0.2611054
2022-11-02 23:00:00,8.2,0.2527754
2022-11-03 00:00:00,8.6,0.2457187
2022-11-03 01:00:00,9.1,0.2410301
2022-11-03 02:00:00,9.8,0.2108398
2022-11-03 03:00:00,9.9,0.2092571
2022-11-03 04:00:00,9.6,0.2077577
2022-11-03 05:00:00,9.3,0.2407802
2022-11-03 06:00:00,9.1,0.2599273
2022-11-03 07:00:00,9.3,0.2743263
2022-11-03 08:00:00,10.1,0.2900581
2022-11-03 09:00:00,11.3,0.282573
2022-11-03 10:00:00,11.9,0.2676385
2022-11-03 11:00:00,12.3,0.2844175
2022-11-03 12:00:00,12.8,0.2870117
2022-11-03 13:00:00,13.4,0.3090386
2022-11-03 14:00:00,13.4,0.3046594
2022-11-03 15:00:00,13.3,0.317797
2022-11-03 16:00:00,12.6,0.3146078
2022-11-03 17:00:00,12.7,0.3191774
2022-11-03 18:00:00,13.0,0.3087649
2022-11-03 19:00:00,11.9,0.3129299
2022-11-03 20:00:00,12.2,0.3082532
2022-11-03 21:00:00,12.3,0.2854052
2022-11-03 22:00:00,12.0,0.3036241
2022-11-03 23:00:00,11.0,0.290665
2022-11-04 00:00:00,11.2,0.2604509
2022-11-04 01:00:00,11.2,0.2663176
2022-11-04 02:00:00,11.2,0.2615814
2022-11-04 03:00:00,11.4,0.2677218
2022-11-04 04:00:00,11.1,0.2918431
2022-11-04 05:00:00,10.7,0.3096693
2022-11-04 06:00:00,10.0,0.3636001
2022-11-04 07:00:00,10.2,0.4007995
2022-11-04 08:00:00,10.4,0.4116285
2022-11-04 09:00:00,10.3,0.405381
2022-11-04 10:00:00,10.6,0.3995024
2022-11-04 11:00:00,11.1,0.3969082
2022-11-04 12:00:00,11.3,0.3972295
2022-11-04 13:00:00,11.9,0.3805218999999999
2022-11-04 14:00:00,11.5,0.4025964
2022-11-04 15:00:00,11.0,0.4090224
2022-11-04 16:00:00,9.3,0.4143297999999999
2022-11-04 17:00:00,8.4,0.4411881
2022-11-04 18:00:00,6.9,0.4418545
2022-11-04 19:00:00,6.6,0.4147106
2022-11-04 20:00:00,7.9,0.3883402
2022-11-04 21:00:00,6.4,0.37813
2022-11-04 22:00:00,5.1,0.369562
2022-11-04 23:00:00,5.2,0.3605299
2022-11-05 00:00:00,4.6,0.3348021
2022-11-05 01:00:00,4.7,0.3184991
2022-11-05 02:00:00,3.5,0.3133226
2022-11-05 03:00:00,3.3,0.3110735
2022-11-05 04:00:00,2.7,0.3110735
2022-11-05 05:00:00,2.6,0.31625
2022-11-05 06:00:00,4.3,0.3174281
2022-11-05 07:00:00,3.9,0.324818
2022-11-05 08:00:00,4.9,0.3255558
2022-11-05 09:00:00,8.0,0.3273765
2022-11-05 10:00:00,9.4,0.3187728
2022-11-05 11:00:00,10.2,0.308396
2022-11-05 12:00:00,10.7,0.3050164
2022-11-05 13:00:00,11.1,0.2924857
2022-11-05 14:00:00,11.3,0.3062897
2022-11-05 15:00:00,9.7,0.3198557
2022-11-05 16:00:00,9.1,0.3353495
2022-11-05 17:00:00,9.1,0.3542467
2022-11-05 18:00:00,9.0,0.3579
2022-11-05 19:00:00,8.8,0.3499151
2022-11-05 20:00:00,8.7,0.2900462
2022-11-05 21:00:00,8.7,0.2675314
2022-11-05 22:00:00,9.0,0.2642232
2022-11-05 23:00:00,7.9,0.2422915
2022-11-06 00:00:00,8.0,0.2244415
2022-11-06 01:00:00,8.5,0.183803
2022-11-06 02:00:00,8.7,0.1972857
2022-11-06 03:00:00,8.2,0.1813754
2022-11-06 04:00:00,7.3,0.2323907
2022-11-06 05:00:00,7.9,0.1878966
2022-11-06 06:00:00,7.8,0.219265
2022-11-06 07:00:00,7.6,0.192847
2022-11-06 08:00:00,8.2,0.2001536
2022-11-06 09:00:00,9.2,0.2090429
2022-11-06 10:00:00,10.4,0.2264169
2022-11-06 11:00:00,11.6,0.2156593
2022-11-06 12:00:00,11.0,0.2318195
2022-11-06 13:00:00,12.1,0.2025574
2022-11-06 14:00:00,12.0,0.2532633
2022-11-06 15:00:00,11.6,0.2567143
2022-11-06 16:00:00,10.8,0.2568095
2022-11-06 17:00:00,10.9,0.2755639
2022-11-06 18:00:00,11.1,0.2478726
2022-11-06 19:00:00,10.2,0.243303
2022-11-06 20:00:00,10.5,0.1995943
2022-11-06 21:00:00,9.2,0.1879085
2022-11-06 22:00:00,9.2,0.1884321
2022-11-06 23:00:00,9.6,0.1792215
2022-11-07 00:00:00,10.0,0.1557071
2022-11-07 01:00:00,10.4,0.1557071
2022-11-07 02:00:00,10.9,0.1557071
2022-11-07 03:00:00,11.2,0.155957
2022-11-07 04:00:00,11.5,0.16155
2022-11-07 05:00:00,11.4,0.1663933
2022-11-07 06:00:00,11.5,0.2202408
2022-11-07 07:00:00,11.4,0.2740288
2022-11-07 08:00:00,11.6,0.2805976
2022-11-07 09:00:00,12.2,0.256036
2022-11-07 10:00:00,12.7,0.2354966
2022-11-07 11:00:00,13.2,0.2375434
2022-11-07 12:00:00,14.2,0.2394474
2022-11-07 13:00:00,14.5,0.2559765
2022-11-07 14:00:00,14.0,0.2732553
2022-11-07 15:00:00,13.6,0.3360159
2022-11-07 16:00:00,13.4,0.3329695
2022-11-07 17:00:00,13.4,0.3407283
2022-11-07 18:00:00,12.9,0.3418231
2022-11-07 19:00:00,12.9,0.3223785
2022-11-07 20:00:00,13.2,0.2865833
2022-11-07 21:00:00,13.1,0.2559527
2022-11-07 22:00:00,12.9,0.2473014
2022-11-07 23:00:00,13.2,0.2202884
2022-11-08 00:00:00,13.2,0.2479202
2022-11-08 01:00:00,12.8,0.2502169
2022-11-08 02:00:00,12.2,0.2430055
2022-11-08 03:00:00,11.6,0.2403518
2022-11-08 04:00:00,11.3,0.2305581
2022-11-08 05:00:00,11.3,0.2469563
2022-11-08 06:00:00,11.3,0.2572379
2022-11-08 07:00:00,10.8,0.3093956
2022-11-08 08:00:00,10.9,0.3168331
2022-11-08 09:00:00,12.7,0.264247
2022-11-08 10:00:00,13.7,0.2405422
2022-11-08 11:00:00,15.4,0.2455878
2022-11-08 12:00:00,15.2,0.2423034
2022-11-08 13:00:00,16.5,0.2641637
2022-11-08 14:00:00,16.4,0.2668174
2022-11-08 15:00:00,16.0,0.2996257
2022-11-08 16:00:00,15.7,0.302327
2022-11-08 17:00:00,15.3,0.3165713
2022-11-08 18:00:00,14.8,0.324699
2022-11-08 19:00:00,14.8,0.2981382
2022-11-08 20:00:00,15.4,0.272934
2022-11-08 21:00:00,15.4,0.2567262
2022-11-08 22:00:00,15.3,0.2743263
2022-11-08 23:00:00,15.0,0.2405303
2022-11-09 00:00:00,15.2,0.2441598
2022-11-09 01:00:00,14.9,0.2441479
2022-11-09 02:00:00,14.8,0.2329143
2022-11-09 03:00:00,14.5,0.2365914
2022-11-09 04:00:00,14.5,0.2369722
2022-11-09 05:00:00,14.3,0.259487
2022-11-09 06:00:00,14.0,0.2948895
2022-11-09 07:00:00,13.6,0.3324697
2022-11-09 08:00:00,13.8,0.3466902
2022-11-09 09:00:00,14.1,0.330768
2022-11-09 10:00:00,14.2,0.3092647
2022-11-09 11:00:00,14.7,0.2958177
2022-11-09 12:00:00,15.1,0.2913432999999999
2022-11-09 13:00:00,15.5,0.2977931
2022-11-09 14:00:00,15.2,0.3273884
2022-11-09 15:00:00,14.7,0.3329933
2022-11-09 16:00:00,13.7,0.3448814
2022-11-09 17:00:00,13.3,0.3842109
2022-11-09 18:00:00,13.3,0.3935524
2022-11-09 19:00:00,13.2,0.3565196
2022-11-09 20:00:00,12.7,0.333029
2022-11-09 21:00:00,12.7,0.3230211
2022-11-09 22:00:00,12.2,0.3075987
2022-11-09 23:00:00,12.3,0.2969839
2022-11-10 00:00:00,11.8,0.2919026
2022-11-10 01:00:00,11.4,0.2865
2022-11-10 02:00:00,10.2,0.274362
2022-11-10 03:00:00,9.6,0.2771466
2022-11-10 04:00:00,9.3,0.2743263
2022-11-10 05:00:00,8.8,0.2895345
2022-11-10 06:00:00,9.3,0.3378961
2022-11-10 07:00:00,9.1,0.3722514
2022-11-10 08:00:00,10.2,0.3925528
2022-11-10 09:00:00,11.3,0.3549488
2022-11-10 10:00:00,12.1,0.3035646
2022-11-10 11:00:00,13.1,0.3023746
2022-11-10 12:00:00,13.7,0.2621288
2022-11-10 13:00:00,14.1,0.2760756
2022-11-10 14:00:00,14.2,0.3067062
2022-11-10 15:00:00,14.0,0.3379556
2022-11-10 16:00:00,12.6,0.3753335
2022-11-10 17:00:00,11.9,0.3905536
2022-11-10 18:00:00,11.6,0.3915056
2022-11-10 19:00:00,11.0,0.3721205
2022-11-10 20:00:00,10.8,0.3282333
2022-11-10 21:00:00,11.0,0.3047665
2022-11-10 22:00:00,11.0,0.3007562
2022-11-10 23:00:00,10.6,0.2507881
2022-11-11 00:00:00,9.7,0.2391975
2022-11-11 01:00:00,9.4,0.2364843
2022-11-11 02:00:00,9.4,0.2364843
2022-11-11 03:00:00,9.5,0.2367461
2022-11-11 04:00:00,10.0,0.2457663
2022-11-11 05:00:00,10.0,0.2522994
2022-11-11 06:00:00,9.0,0.28531
2022-11-11 07:00:00,9.2,0.3160239
2022-11-11 08:00:00,10.2,0.3329933
2022-11-11 09:00:00,11.6,0.3049688
2022-11-11 10:00:00,12.7,0.2880708
2022-11-11 11:00:00,13.9,0.2858455
2022-11-11 12:00:00,15.1,0.2799431
2022-11-11 13:00:00,15.4,0.2915218
2022-11-11 14:00:00,15.2,0.3159406
2022-11-11 15:00:00,14.6,0.362779
2022-11-11 16:00:00,13.0,0.3693359
2022-11-11 17:00:00,10.6,0.4037269
2022-11-11 18:00:00,8.2,0.4016801
2022-11-11 19:00:00,7.1,0.3666703
2022-11-11 20:00:00,6.0,0.3414899
2022-11-11 21:00:00,6.1,0.3140247
2022-11-11 22:00:00,5.8,0.3081937
2022-11-11 23:00:00,5.8,0.2996376
2022-11-12 00:00:00,3.6,0.3191179
2022-11-12 01:00:00,3.3,0.3153099
2022-11-12 02:00:00,2.7,0.3103119
2022-11-12 03:00:00,2.9,0.306492
2022-11-12 04:00:00,2.5,0.3096336
2022-11-12 05:00:00,2.7,0.3099192
2022-11-12 06:00:00,1.4,0.34362
2022-11-12 07:00:00,2.0,0.3606251
2022-11-12 08:00:00,2.4,0.3599468
2022-11-12 09:00:00,9.2,0.3542467
2022-11-12 10:00:00,11.3,0.3244015
2022-11-12 11:00:00,12.2,0.3113591
2022-11-12 12:00:00,13.1,0.3152504
2022-11-12 13:00:00,13.1,0.3198557
2022-11-12 14:00:00,12.3,0.3328386
2022-11-12 15:00:00,10.2,0.4018943
2022-11-12 16:00:00,9.3,0.3870907
2022-11-12 17:00:00,7.8,0.442033
2022-11-12 18:00:00,6.1,0.43882
2022-11-12 19:00:00,5.1,0.3932549
2022-11-12 20:00:00,4.9,0.3667536
2022-11-12 21:00:00,5.0,0.3541396
2022-11-12 22:00:00,5.5,0.3470234
2022-11-12 23:00:00,5.3,0.3444411
2022-11-13 00:00:00,4.6,0.356472
2022-11-13 01:00:00,4.5,0.3367299
2022-11-13 02:00:00,3.9,0.32577
2022-11-13 03:00:00,2.9,0.30673
2022-11-13 04:00:00,3.0,0.3151433
2022-11-13 05:00:00,3.2,0.3165951
2022-11-13 06:00:00,2.1,0.3165951
2022-11-13 07:00:00,1.7,0.3349925
2022-11-13 08:00:00,2.5,0.3411924
2022-11-13 09:00:00,5.2,0.3121683
2022-11-13 10:00:00,6.3,0.2987689
2022-11-13 11:00:00,5.2,0.31387
2022-11-13 12:00:00,5.6,0.3104547
2022-11-13 13:00:00,6.5,0.30435
2022-11-13 14:00:00,6.3,0.319106
2022-11-13 15:00:00,6.1,0.3244253
2022-11-13 16:00:00,6.2,0.3345521999999999
2022-11-13 17:00:00,6.8,0.3788559
2022-11-13 18:00:00,7.0,0.3910534
2022-11-13 19:00:00,7.1,0.3520928
2022-11-13 20:00:00,7.2,0.3341476
2022-11-13 21:00:00,6.9,0.3234376
2022-11-13 22:00:00,6.4,0.3238541
2022-11-13 23:00:00,6.1,0.3009109
2022-11-14 00:00:00,5.9,0.2746119
2022-11-14 01:00:00,5.9,0.2763017
2022-11-14 02:00:00,5.9,0.2673172
2022-11-14 03:00:00,5.8,0.2830846999999999
2022-11-14 04:00:00,5.7,0.2850125
2022-11-14 05:00:00,5.8,0.3006372
2022-11-14 06:00:00,5.9,0.3547822
2022-11-14 07:00:00,5.4,0.399669
2022-11-14 08:00:00,5.4,0.404191
2022-11-14 09:00:00,5.3,0.3536755
2022-11-14 10:00:00,5.6,0.325056
2022-11-14 11:00:00,5.8,0.310181
2022-11-14 12:00:00,6.3,0.3261627
2022-11-14 13:00:00,7.6,0.3527711
2022-11-14 14:00:00,8.1,0.4023108
2022-11-14 15:00:00,8.0,0.4082132
2022-11-14 16:00:00,6.3,0.4084036
2022-11-14 17:00:00,6.8,0.4580742
2022-11-14 18:00:00,5.7,0.4148772
2022-11-14 19:00:00,4.4,0.3786536
2022-11-14 20:00:00,4.5,0.3465831
2022-11-14 21:00:00,6.5,0.3218549
2022-11-14 22:00:00,7.4,0.3431202
2022-11-14 23:00:00,7.7,0.3312083
2022-11-15 00:00:00,6.9,0.317678
2022-11-15 01:00:00,6.5,0.3094789
2022-11-15 02:00:00,7.1,0.3089315
2022-11-15 03:00:00,8.6,0.2866785
2022-11-15 04:00:00,9.5,0.2878923
2022-11-15 05:00:00,10.7,0.3102048
2022-11-15 06:00:00,11.3,0.3503078
2022-11-15 07:00:00,9.2,0.4073207
2022-11-15 08:00:00,10.4,0.4206606
2022-11-15 09:00:00,12.0,0.4054999999999999
2022-11-15 10:00:00,13.3,0.3935048
2022-11-15 11:00:00,13.8,0.3921839
2022-11-15 12:00:00,14.4,0.3815096
2022-11-15 13:00:00,14.4,0.4003235
2022-11-15 14:00:00,14.1,0.4199942
2022-11-15 15:00:00,13.5,0.4222552
2022-11-15 16:00:00,13.8,0.4142465
2022-11-15 17:00:00,12.9,0.4174
2022-11-15 18:00:00,12.2,0.4105456
2022-11-15 19:00:00,11.7,0.4182211
2022-11-15 20:00:00,11.7,0.3638262
2022-11-15 21:00:00,11.9,0.3382888
2022-11-15 22:00:00,11.9,0.3197129
2022-11-15 23:00:00,11.6,0.3011013
2022-11-16 00:00:00,10.8,0.2498123
2022-11-16 01:00:00,10.6,0.2498242
2022-11-16 02:00:00,10.6,0.2497885
2022-11-16 03:00:00,10.5,0.2394831
2022-11-16 04:00:00,9.6,0.2394831
2022-11-16 05:00:00,9.1,0.2498242
2022-11-16 06:00:00,8.5,0.2984119
2022-11-16 07:00:00,7.8,0.3356827
2022-11-16 08:00:00,7.1,0.3556985
2022-11-16 09:00:00,6.7,0.3651471
2022-11-16 10:00:00,6.5,0.3631598
2022-11-16 11:00:00,6.5,0.3504982
2022-11-16 12:00:00,6.5,0.3703712
2022-11-16 13:00:00,6.8,0.3745718999999999
2022-11-16 14:00:00,6.9,0.3948733
2022-11-16 15:00:00,6.9,0.4180902
2022-11-16 16:00:00,6.9,0.436559
2022-11-16 17:00:00,6.9,0.4428779
2022-11-16 18:00:00,6.9,0.3970986
2022-11-16 19:00:00,6.8,0.3504268
2022-11-16 20:00:00,6.9,0.3294352
2022-11-16 21:00:00,6.6,0.291379
2022-11-16 22:00:00,6.3,0.2547508
2022-11-16 23:00:00,6.4,0.2328429
2022-11-17 00:00:00,6.3,0.2126605
2022-11-17 01:00:00,6.0,0.1840648
2022-11-17 02:00:00,5.8,0.1751755
2022-11-17 03:00:00,5.7,0.1679641
2022-11-17 04:00:00,5.6,0.1625972
2022-11-17 05:00:00,5.5,0.1687614
2022-11-17 06:00:00,5.2,0.2347945
2022-11-17 07:00:00,4.7,0.2565596
2022-11-17 08:00:00,4.3,0.2699352
2022-11-17 09:00:00,4.3,0.262581
2022-11-17 10:00:00,4.5,0.2551435
2022-11-17 11:00:00,4.7,0.2588682
2022-11-17 12:00:00,4.9,0.2894036
2022-11-17 13:00:00,5.1,0.2981977
2022-11-17 14:00:00,5.2,0.3259723
2022-11-17 15:00:00,5.4,0.338146
2022-11-17 16:00:00,5.3,0.3372535
2022-11-17 17:00:00,5.2,0.3875667
2022-11-17 18:00:00,5.3,0.371942
2022-11-17 19:00:00,5.3,0.3384197
2022-11-17 20:00:00,5.3,0.3182492
2022-11-17 21:00:00,5.3,0.3303396
2022-11-17 22:00:00,5.3,0.333862
2022-11-17 23:00:00,5.0,0.3090029
2022-11-18 00:00:00,4.8,0.2900938
2022-11-18 01:00:00,4.5,0.2980073
2022-11-18 02:00:00,4.4,0.3065277
2022-11-18 03:00:00,3.9,0.2934258
2022-11-18 04:00:00,3.7,0.2984595
2022-11-18 05:00:00,3.4,0.3102643
2022-11-18 06:00:00,2.9,0.3341595
2022-11-18 07:00:00,2.5,0.4266701
2022-11-18 08:00:00,2.2,0.4260037
2022-11-18 09:00:00,1.7,0.4275864
2022-11-18 10:00:00,1.4,0.4275864
2022-11-18 11:00:00,1.2,0.4250517
2022-11-18 12:00:00,1.0,0.3904703
2022-11-18 13:00:00,0.9,0.3875429
2022-11-18 14:00:00,0.5,0.4018229
2022-11-18 15:00:00,0.4,0.4114261999999999
2022-11-18 16:00:00,0.0,0.3971462
2022-11-18 17:00:00,-0.4,0.407642
2022-11-18 18:00:00,-0.1,0.3611844
2022-11-18 19:00:00,-0.2,0.3438223
2022-11-18 20:00:00,-0.3,0.3169759
2022-11-18 21:00:00,-1.0,0.2964365
2022-11-18 22:00:00,-1.5,0.3380627
2022-11-18 23:00:00,-1.9,0.3027435
2022-11-19 00:00:00,-2.8,0.3275193
2022-11-19 01:00:00,-3.5,0.3299112
2022-11-19 02:00:00,-3.9,0.332196
2022-11-19 03:00:00,-4.4,0.3229973
2022-11-19 04:00:00,-4.8,0.3269362
2022-11-19 05:00:00,-4.8,0.3341
2022-11-19 06:00:00,-4.9,0.3209862
2022-11-19 07:00:00,-5.9,0.3459167
2022-11-19 08:00:00,-4.9,0.400383
2022-11-19 09:00:00,-2.4,0.4115333
2022-11-19 10:00:00,-0.1,0.3707282
2022-11-19 11:00:00,1.3,0.3982529
2022-11-19 12:00:00,1.7,0.3778206
2022-11-19 13:00:00,2.1,0.3841038
2022-11-19 14:00:00,2.3,0.4094746
2022-11-19 15:00:00,1.6,0.4258609
2022-11-19 16:00:00,-1.0,0.4452341
2022-11-19 17:00:00,-2.0,0.4911562
2022-11-19 18:00:00,-2.1,0.4974751
2022-11-19 19:00:00,-2.8,0.465833
2022-11-19 20:00:00,-2.9,0.4412
2022-11-19 21:00:00,-3.1,0.4317871
2022-11-19 22:00:00,-3.2,0.4162695
2022-11-19 23:00:00,-3.0,0.3993358
2022-11-20 00:00:00,-2.7,0.3944806
2022-11-20 01:00:00,-2.4,0.3744648
2022-11-20 02:00:00,-2.0,0.3786298
2022-11-20 03:00:00,-1.8,0.3698
2022-11-20 04:00:00,-1.6,0.3586021
2022-11-20 05:00:00,-1.6,0.3648972
2022-11-20 06:00:00,-1.6,0.3698952
2022-11-20 07:00:00,-1.6,0.3866861
2022-11-20 08:00:00,-1.4,0.3936357
2022-11-20 09:00:00,-1.0,0.4114857
2022-11-20 10:00:00,-0.3,0.4079157
2022-11-20 11:00:00,0.3,0.4150081
2022-11-20 12:00:00,0.8,0.4055595
2022-11-20 13:00:00,0.7,0.3922315
2022-11-20 14:00:00,-0.4,0.3997285
2022-11-20 15:00:00,-0.7,0.422874
2022-11-20 16:00:00,-0.7,0.4435205
2022-11-20 17:00:00,-0.6,0.4737703
2022-11-20 18:00:00,-1.8,0.48047
2022-11-20 19:00:00,-2.4,0.4726636
2022-11-20 20:00:00,-2.3,0.447031
2022-11-20 21:00:00,-1.7,0.411569
2022-11-20 22:00:00,-1.5,0.4079157
2022-11-20 23:00:00,-1.2,0.3572455
2022-11-21 00:00:00,-1.0,0.3214265
2022-11-21 01:00:00,-1.3,0.3226522
2022-11-21 02:00:00,-1.7,0.3334931
2022-11-21 03:00:00,-3.0,0.3281262
2022-11-21 04:00:00,-3.7,0.339812
2022-11-21 05:00:00,-4.2,0.3549488
2022-11-21 06:00:00,-4.5,0.4773759999999999
2022-11-21 07:00:00,-5.3,0.5327586
2022-11-21 08:00:00,-5.7,0.5412195
2022-11-21 09:00:00,-4.5,0.5222985
2022-11-21 10:00:00,-3.7,0.5080542
2022-11-21 11:00:00,-2.4,0.5215607
2022-11-21 12:00:00,-1.1,0.5123858
2022-11-21 13:00:00,-0.1,0.5153608000000001
2022-11-21 14:00:00,0.7,0.5507038
2022-11-21 15:00:00,0.2,0.5526911
2022-11-21 16:00:00,-1.4,0.5538692000000001
2022-11-21 17:00:00,-2.1,0.5547141
2022-11-21 18:00:00,-2.2,0.5309379000000001
2022-11-21 19:00:00,-1.9,0.5024017000000001
2022-11-21 20:00:00,-2.2,0.4556823
2022-11-21 21:00:00,-2.5,0.4174
2022-11-21 22:00:00,-2.0,0.3935167
2022-11-21 23:00:00,-1.5,0.3400857
2022-11-22 00:00:00,-0.6,0.2908673
2022-11-22 01:00:00,0.1,0.2894155
2022-11-22 02:00:00,0.3,0.2745643
2022-11-22 03:00:00,0.4,0.2533585
2022-11-22 04:00:00,0.5,0.260201
2022-11-22 05:00:00,0.7,0.2790268
2022-11-22 06:00:00,0.8,0.3366942
2022-11-22 07:00:00,1.1,0.4291929
2022-11-22 08:00:00,1.3,0.4518743
2022-11-22 09:00:00,1.6,0.4370469
2022-11-22 10:00:00,2.1,0.443818
2022-11-22 11:00:00,2.7,0.4464479
2022-11-22 12:00:00,3.5,0.4473642
2022-11-22 13:00:00,4.0,0.4551944
2022-11-22 14:00:00,3.7,0.4637623999999999
2022-11-22 15:00:00,3.6,0.4649643
2022-11-22 16:00:00,2.4,0.4596926
2022-11-22 17:00:00,1.8,0.4947024
2022-11-22 18:00:00,2.1,0.5065310000000001
2022-11-22 19:00:00,2.4,0.4798631
2022-11-22 20:00:00,2.6,0.4518505
2022-11-22 21:00:00,2.8,0.3925647
2022-11-22 22:00:00,3.0,0.3930407
2022-11-22 23:00:00,3.6,0.3551392
2022-11-23 00:00:00,4.1,0.3375391
2022-11-23 01:00:00,4.4,0.3191536
2022-11-23 02:00:00,3.8,0.3031362
2022-11-23 03:00:00,4.3,0.2983286
2022-11-23 04:00:00,4.6,0.3030529
2022-11-23 05:00:00,4.9,0.3338382
2022-11-23 06:00:00,4.3,0.4045361
2022-11-23 07:00:00,3.3,0.4631673999999999
2022-11-23 08:00:00,4.5,0.4751745
2022-11-23 09:00:00,4.8,0.4292404999999999
2022-11-23 10:00:00,6.9,0.3905179
2022-11-23 11:00:00,8.1,0.3607798
2022-11-23 12:00:00,9.8,0.3539016
2022-11-23 13:00:00,10.5,0.3520809
2022-11-23 14:00:00,9.6,0.3698952
2022-11-23 15:00:00,9.2,0.3777492
2022-11-23 16:00:00,8.3,0.4010017999999999
2022-11-23 17:00:00,6.3,0.4215531
2022-11-23 18:00:00,5.2,0.4168169
2022-11-23 19:00:00,4.9,0.4054048
2022-11-23 20:00:00,5.0,0.3385386999999999
2022-11-23 21:00:00,6.8,0.3338263
2022-11-23 22:00:00,6.7,0.3248656
2022-11-23 23:00:00,6.6,0.3034218
2022-11-24 00:00:00,6.7,0.3241397
2022-11-24 01:00:00,6.1,0.3071703
2022-11-24 02:00:00,6.1,0.3009823
2022-11-24 03:00:00,6.6,0.2956987
2022-11-24 04:00:00,6.8,0.3057542
2022-11-24 05:00:00,6.5,0.3383364
2022-11-24 06:00:00,6.1,0.4023941
2022-11-24 07:00:00,5.6,0.5044604
2022-11-24 08:00:00,6.8,0.5234171
2022-11-24 09:00:00,8.4,0.5065786
2022-11-24 10:00:00,9.3,0.5066738
2022-11-24 11:00:00,9.7,0.5005809999999999
2022-11-24 12:00:00,10.0,0.4803867
2022-11-24 13:00:00,9.9,0.4768048
2022-11-24 14:00:00,9.4,0.4795656
2022-11-24 15:00:00,8.9,0.5130284
2022-11-24 16:00:00,8.1,0.5305095
2022-11-24 17:00:00,8.2,0.5396368
2022-11-24 18:00:00,7.8,0.5121121
2022-11-24 19:00:00,7.0,0.4958329
2022-11-24 20:00:00,6.3,0.4668564
2022-11-24 21:00:00,5.5,0.4292286
2022-11-24 22:00:00,5.0,0.413949
2022-11-24 23:00:00,4.7,0.3622316
2022-11-25 00:00:00,4.4,0.3784751
2022-11-25 01:00:00,4.4,0.3640761
2022-11-25 02:00:00,4.6,0.3496533
2022-11-25 03:00:00,4.4,0.3362658
2022-11-25 04:00:00,4.7,0.3449885
2022-11-25 05:00:00,5.1,0.3717516
2022-11-25 06:00:00,5.2,0.430014
2022-11-25 07:00:00,5.8,0.5091133000000001
2022-11-25 08:00:00,5.9,0.5217035
2022-11-25 09:00:00,6.8,0.5005215000000001
2022-11-25 10:00:00,7.5,0.4893355
2022-11-25 11:00:00,7.6,0.4691293000000001
2022-11-25 12:00:00,8.1,0.4602757
2022-11-25 13:00:00,9.1,0.4797917
2022-11-25 14:00:00,9.4,0.5009023000000001
2022-11-25 15:00:00,9.2,0.5344484
2022-11-25 16:00:00,7.9,0.5451584
2022-11-25 17:00:00,7.6,0.5719810000000001
2022-11-25 18:00:00,8.9,0.5577605
2022-11-25 19:00:00,8.8,0.5297003
2022-11-25 20:00:00,8.7,0.4818385
2022-11-25 21:00:00,8.4,0.4725208
2022-11-25 22:00:00,7.1,0.4768048
2022-11-25 23:00:00,6.6,0.4245757
2022-11-26 00:00:00,5.9,0.4087963
2022-11-26 01:00:00,4.2,0.406333
2022-11-26 02:00:00,3.1,0.3925647
2022-11-26 03:00:00,2.2,0.3936
2022-11-26 04:00:00,3.4,0.3912081
2022-11-26 05:00:00,4.4,0.4078086
2022-11-26 06:00:00,3.3,0.4113786
2022-11-26 07:00:00,2.8,0.4270033
2022-11-26 08:00:00,1.5,0.4709024
2022-11-26 09:00:00,3.6,0.488681
2022-11-26 10:00:00,5.8,0.4624177
2022-11-26 11:00:00,7.8,0.4570508
2022-11-26 12:00:00,9.0,0.4530881
2022-11-26 13:00:00,9.3,0.4381179
2022-11-26 14:00:00,8.5,0.4621559
2022-11-26 15:00:00,7.4,0.4697838
2022-11-26 16:00:00,5.6,0.498558
2022-11-26 17:00:00,4.7,0.5315448
2022-11-26 18:00:00,6.2,0.5198590000000001
2022-11-26 19:00:00,6.3,0.4769952
2022-11-26 20:00:00,6.2,0.4319418
2022-11-26 21:00:00,6.0,0.4095103
2022-11-26 22:00:00,5.4,0.3936
2022-11-26 23:00:00,4.8,0.3622911
2022-11-27 00:00:00,4.6,0.3280072
2022-11-27 01:00:00,4.0,0.31625
2022-11-27 02:00:00,3.8,0.3007919
2022-11-27 03:00:00,4.1,0.273886
2022-11-27 04:00:00,3.3,0.273886
2022-11-27 05:00:00,3.3,0.2813116
2022-11-27 06:00:00,3.4,0.30911
2022-11-27 07:00:00,3.3,0.3183443999999999
2022-11-27 08:00:00,4.3,0.3237946
2022-11-27 09:00:00,5.1,0.3362063
2022-11-27 10:00:00,6.1,0.338265
2022-11-27 11:00:00,6.5,0.3502007
2022-11-27 12:00:00,7.1,0.3455478
2022-11-27 13:00:00,7.4,0.3362896
2022-11-27 14:00:00,7.6,0.3425847
2022-11-27 15:00:00,7.8,0.34362
2022-11-27 16:00:00,7.9,0.3589591
2022-11-27 17:00:00,7.2,0.369919
2022-11-27 18:00:00,7.5,0.370276
2022-11-27 19:00:00,7.2,0.3720372
2022-11-27 20:00:00,7.1,0.3427632
2022-11-27 21:00:00,7.3,0.316369
2022-11-27 22:00:00,7.1,0.3400976
2022-11-27 23:00:00,6.9,0.3341832999999999
2022-11-28 00:00:00,6.3,0.3093718
2022-11-28 01:00:00,6.1,0.3108474
2022-11-28 02:00:00,6.3,0.307563
2022-11-28 03:00:00,6.6,0.2979002
2022-11-28 04:00:00,6.4,0.2984833
2022-11-28 05:00:00,6.4,0.309705
2022-11-28 06:00:00,6.4,0.3853771
2022-11-28 07:00:00,5.4,0.5175623
2022-11-28 08:00:00,5.0,0.5776097
2022-11-28 09:00:00,5.6,0.593163
2022-11-28 10:00:00,6.0,0.5959000000000001
2022-11-28 11:00:00,6.1,0.5910329000000001
2022-11-28 12:00:00,6.4,0.584119
2022-11-28 13:00:00,6.5,0.592568
2022-11-28 14:00:00,6.3,0.6124529000000001
2022-11-28 15:00:00,6.2,0.6291129000000001
2022-11-28 16:00:00,6.0,0.6227940000000001
2022-11-28 17:00:00,5.1,0.6501402000000001
2022-11-28 18:00:00,4.8,0.6303743
2022-11-28 19:00:00,4.8,0.601493
2022-11-28 20:00:00,4.8,0.5471576
2022-11-28 21:00:00,4.4,0.52688
2022-11-28 22:00:00,4.6,0.5066262
2022-11-28 23:00:00,4.8,0.4653094
2022-11-29 00:00:00,4.7,0.4791372
2022-11-29 01:00:00,4.8,0.4532071
2022-11-29 02:00:00,4.6,0.4271223
2022-11-29 03:00:00,4.5,0.4248256
2022-11-29 04:00:00,4.5,0.4354523
2022-11-29 05:00:00,4.3,0.4791491
2022-11-29 06:00:00,4.2,0.5173481
2022-11-29 07:00:00,4.4,0.6271018
2022-11-29 08:00:00,4.4,0.6850548000000001
2022-11-29 09:00:00,4.6,0.6855308
2022-11-29 10:00:00,5.0,0.6862329
2022-11-29 11:00:00,5.3,0.673964
2022-11-29 12:00:00,5.5,0.6530795
2022-11-29 13:00:00,5.7,0.6604694
2022-11-29 14:00:00,5.9,0.6867922
2022-11-29 15:00:00,5.8,0.6919329999999999
2022-11-29 16:00:00,5.7,0.7030476000000001
2022-11-29 17:00:00,5.5,0.7519089999999999
2022-11-29 18:00:00,5.1,0.7349634
2022-11-29 19:00:00,4.9,0.7075458000000001
2022-11-29 20:00:00,4.8,0.6316
2022-11-29 21:00:00,4.8,0.5541309999999999
2022-11-29 22:00:00,4.7,0.5098154000000001
2022-11-29 23:00:00,4.5,0.4890975
2022-11-30 00:00:00,4.5,0.4988555
2022-11-30 01:00:00,4.4,0.4878242
2022-11-30 02:00:00,4.3,0.4700813
2022-11-30 03:00:00,4.3,0.4659401
2022-11-30 04:00:00,4.3,0.4740797
2022-11-30 05:00:00,4.3,0.5006999999999999
2022-11-30 06:00:00,4.2,0.5510132
2022-11-30 07:00:00,4.2,0.6725717
2022-11-30 08:00:00,4.3,0.724539
2022-11-30 09:00:00,4.6,0.725134
2022-11-30 10:00:00,4.9,0.7205048999999999
2022-11-30 11:00:00,5.0,0.7297988
2022-11-30 12:00:00,5.1,0.6910881
2022-11-30 13:00:00,5.0,0.6916593
2022-11-30 14:00:00,4.9,0.7080455999999999
2022-11-30 15:00:00,4.6,0.7015244
2022-11-30 16:00:00,4.6,0.724896
2022-11-30 17:00:00,4.5,0.7548245
2022-11-30 18:00:00,4.5,0.744888
2022-11-30 19:00:00,4.4,0.7091166
2022-11-30 20:00:00,4.4,0.6481410000000001
2022-11-30 21:00:00,4.3,0.5651980000000001
2022-11-30 22:00:00,4.0,0.5326634000000001
2022-11-30 23:00:00,3.9,0.4854442
2022-12-01 00:00:00,3.7,0.5031513999999999
2022-12-01 01:00:00,3.7,0.5024017000000001
2022-12-01 02:00:00,3.5,0.4944644
2022-12-01 03:00:00,3.5,0.482612
2022-12-01 04:00:00,3.2,0.4791729
2022-12-01 05:00:00,2.5,0.4929531
2022-12-01 06:00:00,2.1,0.5758842
2022-12-01 07:00:00,1.5,0.6920995999999999
2022-12-01 08:00:00,1.6,0.7072245000000001
2022-12-01 09:00:00,1.7,0.7055585
2022-12-01 10:00:00,1.9,0.6947532999999999
2022-12-01 11:00:00,1.3,0.6868517000000001
2022-12-01 12:00:00,1.3,0.6766772000000001
2022-12-01 13:00:00,2.0,0.6869826000000001
2022-12-01 14:00:00,1.8,0.7078433
2022-12-01 15:00:00,1.6,0.7066890000000001
2022-12-01 16:00:00,1.6,0.7006676000000001
2022-12-01 17:00:00,1.7,0.7316433
2022-12-01 18:00:00,1.5,0.7146501000000001
2022-12-01 19:00:00,1.7,0.7004891
2022-12-01 20:00:00,1.6,0.6682520000000001
2022-12-01 21:00:00,1.5,0.6071930999999999
2022-12-01 22:00:00,1.3,0.5609497
2022-12-01 23:00:00,1.2,0.5180145
2022-12-02 00:00:00,1.0,0.5201327
2022-12-02 01:00:00,0.7,0.5056861
2022-12-02 02:00:00,0.4,0.5115290000000001
2022-12-02 03:00:00,0.3,0.5113743
2022-12-02 04:00:00,0.4,0.5134568
2022-12-02 05:00:00,0.5,0.5290458
2022-12-02 06:00:00,0.4,0.5858445000000001
2022-12-02 07:00:00,0.4,0.647784
2022-12-02 08:00:00,0.6,0.6823653999999999
2022-12-02 09:00:00,0.8,0.6710961
2022-12-02 10:00:00,0.9,0.6641345999999999
2022-12-02 11:00:00,1.2,0.6430954
2022-12-02 12:00:00,1.3,0.6363124
2022-12-02 13:00:00,1.3,0.612917
2022-12-02 14:00:00,0.8,0.5216202
2022-12-02 15:00:00,0.9,0.49832
2022-12-02 16:00:00,0.7,0.4909658
2022-12-02 17:00:00,0.7,0.6067766
2022-12-02 18:00:00,0.5,0.5530838
2022-12-02 19:00:00,0.6,0.5602476000000001
2022-12-02 20:00:00,0.3,0.4560274
2022-12-02 21:00:00,0.6,0.5525007
2022-12-02 22:00:00,0.7,0.4871578
2022-12-02 23:00:00,0.5,0.4605256
2022-12-03 00:00:00,0.1,0.4389985
2022-12-03 01:00:00,-0.1,0.435964
2022-12-03 02:00:00,-0.3,0.4314063
2022-12-03 03:00:00,-0.5,0.4220886
2022-12-03 04:00:00,-0.7,0.4300616
2022-12-03 05:00:00,-0.9,0.44715
2022-12-03 06:00:00,-1.0,0.4555514
2022-12-03 07:00:00,-1.1,0.4567295
2022-12-03 08:00:00,-1.3,0.4613467
2022-12-03 09:00:00,-1.4,0.4907873
2022-12-03 10:00:00,-1.2,0.526047
2022-12-03 11:00:00,-1.1,0.5317471
2022-12-03 12:00:00,-1.0,0.5214536000000001
2022-12-03 13:00:00,-0.9,0.515575
2022-12-03 14:00:00,-0.8,0.5315329
2022-12-03 15:00:00,-0.9,0.5315329
2022-12-03 16:00:00,-1.0,0.5493948
2022-12-03 17:00:00,-1.0,0.5824887000000001
2022-12-03 18:00:00,-1.0,0.5638890000000001
2022-12-03 19:00:00,-1.1,0.5265706000000001
2022-12-03 20:00:00,-1.0,0.5013545
2022-12-03 21:00:00,-1.0,0.5005809999999999
2022-12-03 22:00:00,-1.0,0.487253
2022-12-03 23:00:00,-0.9,0.4465431
2022-12-04 00:00:00,-1.0,0.430133
2022-12-04 01:00:00,-1.1,0.4173048
2022-12-04 02:00:00,-1.0,0.4307161
2022-12-04 03:00:00,-0.9,0.4040839
2022-12-04 04:00:00,-0.7,0.4037388
2022-12-04 05:00:00,-0.5,0.4091652
2022-12-04 06:00:00,-0.4,0.4076896
2022-12-04 07:00:00,-0.2,0.4160434
2022-12-04 08:00:00,-0.1,0.459407
2022-12-04 09:00:00,0.0,0.4993076999999999
2022-12-04 10:00:00,0.1,0.5134687
2022-12-04 11:00:00,0.2,0.5204183
2022-12-04 12:00:00,0.3,0.5183715
2022-12-04 13:00:00,0.5,0.5144207
2022-12-04 14:00:00,0.7,0.5198233000000001
2022-12-04 15:00:00,0.8,0.5224056
2022-12-04 16:00:00,0.9,0.5422309999999999
2022-12-04 17:00:00,1.1,0.5690298
2022-12-04 18:00:00,1.2,0.5183834
2022-12-04 19:00:00,1.3,0.51498
2022-12-04 20:00:00,1.4,0.4669397
2022-12-04 21:00:00,1.4,0.487848
2022-12-04 22:00:00,1.5,0.4720209999999999
2022-12-04 23:00:00,1.7,0.4449723
2022-12-05 00:00:00,1.7,0.3997404
2022-12-05 01:00:00,1.8,0.3887091
2022-12-05 02:00:00,1.8,0.3736318
2022-12-05 03:00:00,1.8,0.3717992
2022-12-05 04:00:00,1.8,0.3503554
2022-12-05 05:00:00,1.7,0.4538259
2022-12-05 06:00:00,1.6,0.50308
2022-12-05 07:00:00,1.3,0.5946981
2022-12-05 08:00:00,1.3,0.6391327
2022-12-05 09:00:00,1.5,0.6321831
2022-12-05 10:00:00,1.9,0.6311834999999999
2022-12-05 11:00:00,1.8,0.6576967
2022-12-05 12:00:00,1.7,0.6374429000000001
2022-12-05 13:00:00,1.9,0.6232224
2022-12-05 14:00:00,1.9,0.6476174
2022-12-05 15:00:00,1.9,0.6671929000000001
2022-12-05 16:00:00,1.8,0.6681687000000001
2022-12-05 17:00:00,1.8,0.6851262
2022-12-05 18:00:00,1.7,0.6710484999999999
2022-12-05 19:00:00,1.7,0.6648248000000001
2022-12-05 20:00:00,1.6,0.6224370000000001
2022-12-05 21:00:00,1.5,0.5520009000000001
2022-12-05 22:00:00,1.3,0.5418264
2022-12-05 23:00:00,1.3,0.5038178
2022-12-06 00:00:00,1.3,0.5103390000000001
2022-12-06 01:00:00,1.2,0.4863129
2022-12-06 02:00:00,1.0,0.483921
2022-12-06 03:00:00,0.7,0.4860511
2022-12-06 04:00:00,1.0,0.4975822
2022-12-06 05:00:00,1.2,0.5235837000000001
2022-12-06 06:00:00,1.4,0.5970781000000001
2022-12-06 07:00:00,1.9,0.6969666999999999
2022-12-06 08:00:00,2.2,0.6978592000000001
2022-12-06 09:00:00,2.8,0.7029405
2022-12-06 10:00:00,3.3,0.6949080000000001
2022-12-06 11:00:00,3.4,0.7032023000000001
2022-12-06 12:00:00,3.4,0.6958243000000002
2022-12-06 13:00:00,3.6,0.6864589999999999
2022-12-06 14:00:00,3.6,0.7021551000000001
2022-12-06 15:00:00,3.3,0.6956696
2022-12-06 16:00:00,2.8,0.7048207
2022-12-06 17:00:00,2.9,0.726086
2022-12-06 18:00:00,2.7,0.6957766999999999
2022-12-06 19:00:00,2.3,0.6533294000000001
2022-12-06 20:00:00,1.6,0.5946505
2022-12-06 21:00:00,1.3,0.53521
2022-12-06 22:00:00,2.5,0.5185262
2022-12-06 23:00:00,3.2,0.4819931999999999
2022-12-07 00:00:00,3.6,0.4704621
2022-12-07 01:00:00,3.9,0.4361068
2022-12-07 02:00:00,4.0,0.3982529
2022-12-07 03:00:00,3.6,0.3935524
2022-12-07 04:00:00,3.7,0.4295142
2022-12-07 05:00:00,3.3,0.464286
2022-12-07 06:00:00,2.7,0.4579195
2022-12-07 07:00:00,2.7,0.5661619
2022-12-07 08:00:00,2.6,0.6117151000000001
2022-12-07 09:00:00,3.1,0.566983
2022-12-07 10:00:00,3.1,0.5426237
2022-12-07 11:00:00,3.7,0.5185619
2022-12-07 12:00:00,3.5,0.5088515
2022-12-07 13:00:00,4.1,0.5401485
2022-12-07 14:00:00,3.9,0.6411914
2022-12-07 15:00:00,3.5,0.6753206
2022-12-07 16:00:00,3.0,0.6959432999999999
2022-12-07 17:00:00,2.8,0.6545194
2022-12-07 18:00:00,1.0,0.6316
2022-12-07 19:00:00,1.5,0.6177722000000001
2022-12-07 20:00:00,2.9,0.6420958000000001
2022-12-07 21:00:00,3.0,0.5449085
2022-12-07 22:00:00,3.0,0.5134568
2022-12-07 23:00:00,2.9,0.4894663999999999
2022-12-08 00:00:00,2.8,0.4966064
2022-12-08 01:00:00,2.9,0.4897282
2022-12-08 02:00:00,2.7,0.4765073
2022-12-08 03:00:00,2.7,0.4767929000000001
2022-12-08 04:00:00,2.7,0.4834331
2022-12-08 05:00:00,2.8,0.5123501
2022-12-08 06:00:00,3.0,0.54354
2022-12-08 07:00:00,2.7,0.6317071000000001
2022-12-08 08:00:00,2.1,0.6880417000000001
2022-12-08 09:00:00,2.6,0.6959671000000001
2022-12-08 10:00:00,2.9,0.6885415000000001
2022-12-08 11:00:00,3.1,0.6866018
2022-12-08 12:00:00,3.4,0.6892793000000002
2022-12-08 13:00:00,3.2,0.6890293999999999
2022-12-08 14:00:00,2.9,0.6959195
2022-12-08 15:00:00,2.3,0.6994180999999999
2022-12-08 16:00:00,1.3,0.7064748000000001
2022-12-08 17:00:00,0.1,0.7484698999999999
2022-12-08 18:00:00,0.4,0.7021313
2022-12-08 19:00:00,-0.5,0.6958838
2022-12-08 20:00:00,-0.4,0.6719529
2022-12-08 21:00:00,-1.8,0.5758247000000001
2022-12-08 22:00:00,-2.4,0.5462889
2022-12-08 23:00:00,-2.7,0.5116956
2022-12-09 00:00:00,-2.7,0.5530719
2022-12-09 01:00:00,-3.4,0.5202398
2022-12-09 02:00:00,-3.6,0.5154322
2022-12-09 03:00:00,-3.3,0.5108031000000001
2022-12-09 04:00:00,-3.6,0.5174076000000001
2022-12-09 05:00:00,-3.7,0.5336154
2022-12-09 06:00:00,-4.2,0.5825363
2022-12-09 07:00:00,-3.2,0.6975022
2022-12-09 08:00:00,-2.7,0.7200051000000001
2022-12-09 09:00:00,-2.0,0.720493
2022-12-09 10:00:00,-1.7,0.7164827
2022-12-09 11:00:00,-0.8,0.7317504000000001
2022-12-09 12:00:00,0.0,0.7281090000000001
2022-12-09 13:00:00,0.6,0.7148999999999999
2022-12-09 14:00:00,0.7,0.7225636
2022-12-09 15:00:00,0.2,0.7195529
2022-12-09 16:00:00,-1.1,0.7207071999999999
2022-12-09 17:00:00,-1.7,0.7600129
2022-12-09 18:00:00,-1.1,0.7236703
2022-12-09 19:00:00,-1.2,0.6928969
2022-12-09 20:00:00,-1.3,0.6792
2022-12-09 21:00:00,-1.8,0.60304
2022-12-09 22:00:00,-1.6,0.5578676
2022-12-09 23:00:00,-1.5,0.5319018
2022-12-10 00:00:00,-1.2,0.5274512
2022-12-10 01:00:00,-1.2,0.5197400000000001
2022-12-10 02:00:00,-1.2,0.5016400999999999
2022-12-10 03:00:00,-1.3,0.4974394
2022-12-10 04:00:00,-1.5,0.494631
2022-12-10 05:00:00,-1.7,0.4973085
2022-12-10 06:00:00,-1.9,0.5070665000000001
2022-12-10 07:00:00,-2.0,0.5287602
2022-12-10 08:00:00,-2.2,0.5675066
2022-12-10 09:00:00,-2.2,0.6275659
2022-12-10 10:00:00,-2.1,0.6546027
2022-12-10 11:00:00,-1.8,0.6463322
2022-12-10 12:00:00,-1.7,0.6293390000000001
2022-12-10 13:00:00,-1.6,0.602921
2022-12-10 14:00:00,-1.6,0.6043133
2022-12-10 15:00:00,-1.6,0.6238650000000001
2022-12-10 16:00:00,-1.6,0.6561021
2022-12-10 17:00:00,-1.6,0.6910048
2022-12-10 18:00:00,-1.6,0.6824129999999999
2022-12-10 19:00:00,-1.6,0.6562568
2022-12-10 20:00:00,-1.7,0.5853685
2022-12-10 21:00:00,-1.8,0.5410172
2022-12-10 22:00:00,-2.0,0.5217035
2022-12-10 23:00:00,-2.1,0.4986413
2022-12-11 00:00:00,-2.0,0.5133734999999999
2022-12-11 01:00:00,-2.0,0.504032
2022-12-11 02:00:00,-2.0,0.4984152
2022-12-11 03:00:00,-2.0,0.4798988
2022-12-11 04:00:00,-1.9,0.4750198
2022-12-11 05:00:00,-2.0,0.4759956000000001
2022-12-11 06:00:00,-2.1,0.4899662
2022-12-11 07:00:00,-2.2,0.4884787
2022-12-11 08:00:00,-2.2,0.5043770999999999
2022-12-11 09:00:00,-2.2,0.5365071
2022-12-11 10:00:00,-2.1,0.5441945
2022-12-11 11:00:00,-1.6,0.5663761
2022-12-11 12:00:00,-0.7,0.5693748999999999
2022-12-11 13:00:00,-0.5,0.5420406
2022-12-11 14:00:00,-0.8,0.5462889
2022-12-11 15:00:00,-1.8,0.5560468999999999
2022-12-11 16:00:00,-3.3,0.585904
2022-12-11 17:00:00,-4.5,0.6481886
2022-12-11 18:00:00,-5.6,0.6673594999999999
2022-12-11 19:00:00,-4.8,0.6467606
2022-12-11 20:00:00,-5.5,0.6125362000000001
2022-12-11 21:00:00,-6.3,0.5546665000000001
2022-12-11 22:00:00,-6.4,0.5409815
2022-12-11 23:00:00,-7.0,0.5200375
2022-12-12 00:00:00,-7.8,0.4890142
2022-12-12 01:00:00,-8.1,0.4860392
2022-12-12 02:00:00,-7.8,0.4820289
2022-12-12 03:00:00,-8.3,0.4766501000000001
2022-12-12 04:00:00,-8.7,0.4744248
2022-12-12 05:00:00,-8.8,0.4932148999999999
2022-12-12 06:00:00,-9.4,0.6223656000000001
2022-12-12 07:00:00,-8.5,0.7565500000000001
2022-12-12 08:00:00,-8.8,0.8044118
2022-12-12 09:00:00,-7.2,0.7672481
2022-12-12 10:00:00,-3.9,0.7571093
2022-12-12 11:00:00,-2.8,0.7477678000000001
2022-12-12 12:00:00,-0.8,0.7386405
2022-12-12 13:00:00,-0.2,0.730132
2022-12-12 14:00:00,-1.0,0.7577876000000001
2022-12-12 15:00:00,-2.2,0.7931187
2022-12-12 16:00:00,-4.2,0.8202626
2022-12-12 17:00:00,-5.0,0.8554271
2022-12-12 18:00:00,-5.5,0.8204053999999998
2022-12-12 19:00:00,-6.0,0.7601676000000002
2022-12-12 20:00:00,-6.4,0.7386999999999999
2022-12-12 21:00:00,-6.9,0.642191
2022-12-12 22:00:00,-7.1,0.5855708
2022-12-12 23:00:00,-7.2,0.528308
2022-12-13 00:00:00,-7.7,0.5199066
2022-12-13 01:00:00,-8.3,0.4984509
2022-12-13 02:00:00,-9.2,0.4950832
2022-12-13 03:00:00,-9.4,0.4852062
2022-12-13 04:00:00,-9.1,0.491537
2022-12-13 05:00:00,-9.3,0.5317233000000001
2022-12-13 06:00:00,-10.2,0.5945909999999999
2022-12-13 07:00:00,-9.9,0.750243
2022-12-13 08:00:00,-9.8,0.8359944000000001
2022-12-13 09:00:00,-8.5,0.8140151
2022-12-13 10:00:00,-4.6,0.7721152000000002
2022-12-13 11:00:00,-3.1,0.7567404
2022-12-13 12:00:00,-1.3,0.7301082000000001
2022-12-13 13:00:00,-1.1,0.7577757
2022-12-13 14:00:00,-1.7,0.8133249
2022-12-13 15:00:00,-2.1,0.8341975000000001
2022-12-13 16:00:00,-3.9,0.8576999999999999
2022-12-13 17:00:00,-4.1,0.9469619
2022-12-13 18:00:00,-4.6,0.8647686000000001
2022-12-13 19:00:00,-5.2,0.7774702
2022-12-13 20:00:00,-5.3,0.6940393
2022-12-13 21:00:00,-5.9,0.5766101
2022-12-13 22:00:00,-6.0,0.5376257
2022-12-13 23:00:00,-5.8,0.4924652
2022-12-14 00:00:00,-6.5,0.4826358
2022-12-14 01:00:00,-7.5,0.4774593000000001
2022-12-14 02:00:00,-7.9,0.4753411
2022-12-14 03:00:00,-8.2,0.486658
2022-12-14 04:00:00,-8.5,0.4890499
2022-12-14 05:00:00,-9.0,0.5258209
2022-12-14 06:00:00,-9.2,0.5944958
2022-12-14 07:00:00,-9.4,0.7446143000000001
2022-12-14 08:00:00,-9.3,0.7981881
2022-12-14 09:00:00,-9.4,0.8335668
2022-12-14 10:00:00,-9.6,0.8281641999999998
2022-12-14 11:00:00,-6.4,0.8315319000000001
2022-12-14 12:00:00,-3.7,0.7816233000000001
2022-12-14 13:00:00,-3.0,0.7690212000000001
2022-12-14 14:00:00,-3.2,0.7683905
2022-12-14 15:00:00,-4.2,0.7845507
2022-12-14 16:00:00,-5.3,0.8041500000000001
2022-12-14 17:00:00,-6.6,0.8576999999999999
2022-12-14 18:00:00,-7.4,0.81843
2022-12-14 19:00:00,-8.7,0.7750783000000001
2022-12-14 20:00:00,-9.4,0.7362010000000001
2022-12-14 21:00:00,-9.9,0.6276373
2022-12-14 22:00:00,-7.7,0.5741468000000001
2022-12-14 23:00:00,-8.1,0.5470386
2022-12-15 00:00:00,-8.7,0.5126
2022-12-15 01:00:00,-7.0,0.5015806
2022-12-15 02:00:00,-7.5,0.4881574
2022-12-15 03:00:00,-6.5,0.4771261
2022-12-15 04:00:00,-6.1,0.4818266
2022-12-15 05:00:00,-6.1,0.5002597
2022-12-15 06:00:00,-6.5,0.5563087
2022-12-15 07:00:00,-6.5,0.6705606
2022-12-15 08:00:00,-6.7,0.7387356999999999
2022-12-15 09:00:00,-5.2,0.7382954000000002
2022-12-15 10:00:00,-2.4,0.7203145
2022-12-15 11:00:00,0.1,0.6919568
2022-12-15 12:00:00,1.1,0.6394063999999999
2022-12-15 13:00:00,1.7,0.6274706999999999
2022-12-15 14:00:00,1.4,0.6971095
2022-12-15 15:00:00,0.6,0.7148167000000001
2022-12-15 16:00:00,-2.4,0.7327857
2022-12-15 17:00:00,-3.2,0.7505999999999999
2022-12-15 18:00:00,-3.3,0.7504929
2022-12-15 19:00:00,-3.7,0.7333806999999999
2022-12-15 20:00:00,-4.3,0.679081
2022-12-15 21:00:00,-4.9,0.5931868
2022-12-15 22:00:00,-5.7,0.5557851
2022-12-15 23:00:00,-7.8,0.5198114
2022-12-16 00:00:00,-7.6,0.508197
2022-12-16 01:00:00,-8.2,0.4984628
2022-12-16 02:00:00,-8.9,0.4890261
2022-12-16 03:00:00,-8.0,0.4772926999999999
2022-12-16 04:00:00,-9.3,0.4918345
2022-12-16 05:00:00,-9.8,0.5082565
2022-12-16 06:00:00,-11.0,0.5655669
2022-12-16 07:00:00,-9.7,0.7017386000000001
2022-12-16 08:00:00,-8.7,0.8023531000000002
2022-12-16 09:00:00,-5.8,0.8240468000000001
2022-12-16 10:00:00,-3.8,0.8023531000000002
2022-12-16 11:00:00,-3.9,0.7991877000000001
2022-12-16 12:00:00,-2.1,0.7413894000000001
2022-12-16 13:00:00,-1.6,0.7138528
2022-12-16 14:00:00,-1.5,0.709902
2022-12-16 15:00:00,-1.7,0.7091166
2022-12-16 16:00:00,-1.9,0.7250745000000001
2022-12-16 17:00:00,-2.3,0.7565500000000001
2022-12-16 18:00:00,-2.7,0.7389022999999999
2022-12-16 19:00:00,-3.1,0.7122820000000001
2022-12-16 20:00:00,-2.9,0.6338967
2022-12-16 21:00:00,-2.9,0.5543809
2022-12-16 22:00:00,-3.5,0.5227864
2022-12-16 23:00:00,-3.3,0.4950713
2022-12-17 00:00:00,-3.6,0.493441
2022-12-17 01:00:00,-4.3,0.4781852
2022-12-17 02:00:00,-4.1,0.4649405
2022-12-17 03:00:00,-4.3,0.4484947
2022-12-17 04:00:00,-4.2,0.4396887
2022-12-17 05:00:00,-4.8,0.4380584
2022-12-17 06:00:00,-6.3,0.4382369
2022-12-17 07:00:00,-6.6,0.4516363
2022-12-17 08:00:00,-6.9,0.5019495
2022-12-17 09:00:00,-7.3,0.5123739
2022-12-17 10:00:00,-4.0,0.5151347
2022-12-17 11:00:00,-2.0,0.4901804
2022-12-17 12:00:00,-0.2,0.4769833
2022-12-17 13:00:00,1.3,0.4587525
2022-12-17 14:00:00,1.0,0.4731753
2022-12-17 15:00:00,0.1,0.492965
2022-12-17 16:00:00,-1.7,0.5187047
2022-12-17 17:00:00,-2.9,0.5547498
2022-12-17 18:00:00,-3.6,0.5411718999999999
2022-12-17 19:00:00,-4.1,0.5030681000000001
2022-12-17 20:00:00,-4.6,0.4698432999999999
2022-12-17 21:00:00,-5.0,0.4482567
2022-12-17 22:00:00,-5.4,0.4127352
2022-12-17 23:00:00,-5.4,0.3934334
2022-12-18 00:00:00,-5.5,0.3653613
2022-12-18 01:00:00,-5.3,0.3563173
2022-12-18 02:00:00,-5.8,0.3582332
2022-12-18 03:00:00,-5.6,0.3604109
2022-12-18 04:00:00,-5.7,0.3607917
2022-12-18 05:00:00,-5.5,0.3572931
2022-12-18 06:00:00,-6.4,0.355877
2022-12-18 07:00:00,-6.9,0.3664918
2022-12-18 08:00:00,-8.5,0.4051668
2022-12-18 09:00:00,-7.1,0.4050835
2022-12-18 10:00:00,-4.1,0.4151271
2022-12-18 11:00:00,-2.5,0.4127828
2022-12-18 12:00:00,-1.3,0.376702
2022-12-18 13:00:00,-0.8,0.4226717
2022-12-18 14:00:00,-1.8,0.428705
2022-12-18 15:00:00,-3.5,0.4410334
2022-12-18 16:00:00,-3.0,0.4335483
2022-12-18 17:00:00,-3.1,0.4286693
2022-12-18 18:00:00,-2.5,0.4181735
2022-12-18 19:00:00,-2.3,0.4034651
2022-12-18 20:00:00,-2.0,0.3103238
2022-12-18 21:00:00,-0.4,0.3496652
2022-12-18 22:00:00,-0.4,0.3292567
2022-12-18 23:00:00,-0.4,0.2927832
2022-12-19 00:00:00,-0.2,0.298519
2022-12-19 01:00:00,-0.1,0.2815496
2022-12-19 02:00:00,0.3,0.2655084
2022-12-19 03:00:00,0.5,0.246159
2022-12-19 04:00:00,0.7,0.2480868
2022-12-19 05:00:00,1.0,0.2854409
2022-12-19 06:00:00,1.2,0.3642784
2022-12-19 07:00:00,1.2,0.4412357
2022-12-19 08:00:00,1.6,0.4525883
2022-12-19 09:00:00,2.4,0.4517315
2022-12-19 10:00:00,3.3,0.4517315
2022-12-19 11:00:00,3.9,0.4495895
2022-12-19 12:00:00,4.6,0.451553
2022-12-19 13:00:00,5.2,0.448102
2022-12-19 14:00:00,5.3,0.4524217
2022-12-19 15:00:00,5.1,0.4516839
2022-12-19 16:00:00,5.7,0.4519338
2022-12-19 17:00:00,6.0,0.4517315
2022-12-19 18:00:00,6.2,0.4517315
2022-12-19 19:00:00,6.4,0.4258609
2022-12-19 20:00:00,6.4,0.3789749
2022-12-19 21:00:00,6.8,0.3634335
2022-12-19 22:00:00,6.4,0.3535327
2022-12-19 23:00:00,6.6,0.2984714
2022-12-20 00:00:00,7.0,0.2843461
2022-12-20 01:00:00,7.3,0.2655679
2022-12-20 02:00:00,7.7,0.2656155
2022-12-20 03:00:00,7.8,0.2464565
2022-12-20 04:00:00,8.3,0.2531086
2022-12-20 05:00:00,8.6,0.2736599
2022-12-20 06:00:00,8.3,0.3340881
2022-12-20 07:00:00,8.6,0.3932192
2022-12-20 08:00:00,8.9,0.421446
2022-12-20 09:00:00,9.6,0.4235165999999999
2022-12-20 10:00:00,9.9,0.4178403
2022-12-20 11:00:00,10.3,0.4261346
2022-12-20 12:00:00,11.0,0.4164837
2022-12-20 13:00:00,10.9,0.4129018
2022-12-20 14:00:00,11.0,0.4271342
2022-12-20 15:00:00,10.6,0.4233619
2022-12-20 16:00:00,10.3,0.4265035
2022-12-20 17:00:00,10.2,0.4280981
2022-12-20 18:00:00,9.7,0.4345717
2022-12-20 19:00:00,9.2,0.4293
2022-12-20 20:00:00,8.6,0.4272056
2022-12-20 21:00:00,8.9,0.4286931
2022-12-20 22:00:00,8.9,0.4068804
2022-12-20 23:00:00,9.1,0.3753335
2022-12-21 00:00:00,8.7,0.3723109
2022-12-21 01:00:00,8.1,0.3635644
2022-12-21 02:00:00,8.1,0.3685267
2022-12-21 03:00:00,8.1,0.3554367
2022-12-21 04:00:00,7.8,0.3566624
2022-12-21 05:00:00,7.9,0.3698
2022-12-21 06:00:00,7.6,0.4156983
2022-12-21 07:00:00,7.8,0.4568604
2022-12-21 08:00:00,7.9,0.48047
2022-12-21 09:00:00,7.8,0.4767096
2022-12-21 10:00:00,8.1,0.4551349
2022-12-21 11:00:00,8.2,0.4510056
2022-12-21 12:00:00,8.2,0.4399624
2022-12-21 13:00:00,8.3,0.4327391
2022-12-21 14:00:00,8.2,0.4424138
2022-12-21 15:00:00,7.9,0.4280624
2022-12-21 16:00:00,7.3,0.4231001
2022-12-21 17:00:00,7.1,0.4483518999999999
2022-12-21 18:00:00,6.8,0.4352381
2022-12-21 19:00:00,6.7,0.4243139
2022-12-21 20:00:00,6.7,0.4069161
2022-12-21 21:00:00,7.4,0.3792129
2022-12-21 22:00:00,7.1,0.3585902
2022-12-21 23:00:00,7.3,0.3223071
2022-12-22 00:00:00,7.5,0.344691
2022-12-22 01:00:00,7.5,0.328864
2022-12-22 02:00:00,7.7,0.3224261
2022-12-22 03:00:00,7.7,0.3131679
2022-12-22 04:00:00,7.8,0.3081818
2022-12-22 05:00:00,7.8,0.3411447999999999
2022-12-22 06:00:00,7.8,0.3743934
2022-12-22 07:00:00,6.9,0.4230168
2022-12-22 08:00:00,7.8,0.422636
2022-12-22 09:00:00,7.7,0.4218268
2022-12-22 10:00:00,7.8,0.423826
2022-12-22 11:00:00,8.1,0.422636
2022-12-22 12:00:00,8.6,0.4222076
2022-12-22 13:00:00,8.6,0.4136158
2022-12-22 14:00:00,8.6,0.4094151
2022-12-22 15:00:00,7.7,0.4059641
2022-12-22 16:00:00,6.9,0.4092961
2022-12-22 17:00:00,6.2,0.4104861
2022-12-22 18:00:00,5.7,0.422636
2022-12-22 19:00:00,6.8,0.4195658
2022-12-22 20:00:00,6.7,0.3948733
2022-12-22 21:00:00,7.0,0.3742149
2022-12-22 22:00:00,6.9,0.3590424
2022-12-22 23:00:00,6.6,0.3479873
2022-12-23 00:00:00,6.6,0.3325768
2022-12-23 01:00:00,6.9,0.3325768
2022-12-23 02:00:00,7.1,0.3298041
2022-12-23 03:00:00,7.7,0.3196653
2022-12-23 04:00:00,7.5,0.32339
2022-12-23 05:00:00,7.3,0.3323745
2022-12-23 06:00:00,6.9,0.3572455
2022-12-23 07:00:00,6.5,0.3807361
2022-12-23 08:00:00,6.4,0.41383
2022-12-23 09:00:00,6.5,0.420018
2022-12-23 10:00:00,6.7,0.4234571
2022-12-23 11:00:00,6.9,0.4196967
2022-12-23 12:00:00,7.0,0.4220529
2022-12-23 13:00:00,7.4,0.4280029
2022-12-23 14:00:00,7.5,0.4244448
2022-12-23 15:00:00,7.3,0.4174595
2022-12-23 16:00:00,7.0,0.4198514
2022-12-23 17:00:00,6.8,0.4102838
2022-12-23 18:00:00,6.9,0.4054167
2022-12-23 19:00:00,6.8,0.3917436
2022-12-23 20:00:00,6.7,0.3713946
2022-12-23 21:00:00,6.6,0.33648
2022-12-23 22:00:00,6.5,0.3326006
2022-12-23 23:00:00,6.2,0.298281
2022-12-24 00:00:00,6.0,0.252228
2022-12-24 01:00:00,5.9,0.215576
2022-12-24 02:00:00,5.8,0.2151
2022-12-24 03:00:00,7.0,0.1942988
2022-12-24 04:00:00,7.9,0.19844
2022-12-24 05:00:00,9.3,0.2132912
2022-12-24 06:00:00,9.0,0.2240607
2022-12-24 07:00:00,9.0,0.272458
2022-12-24 08:00:00,8.9,0.301018
2022-12-24 09:00:00,8.6,0.3291853
2022-12-24 10:00:00,9.4,0.3206173
2022-12-24 11:00:00,9.8,0.3222476
2022-12-24 12:00:00,9.4,0.3195582
2022-12-24 13:00:00,9.2,0.3221524
2022-12-24 14:00:00,8.1,0.3352781
2022-12-24 15:00:00,8.2,0.3458691
2022-12-24 16:00:00,7.8,0.3496295
2022-12-24 17:00:00,8.4,0.3535446
2022-12-24 18:00:00,7.3,0.3337906
2022-12-24 19:00:00,7.6,0.3207601
2022-12-24 20:00:00,6.9,0.3099073
2022-12-24 21:00:00,6.4,0.2984
2022-12-24 22:00:00,4.7,0.294473
2022-12-24 23:00:00,4.3,0.2874282
2022-12-25 00:00:00,4.7,0.2987332
2022-12-25 01:00:00,4.5,0.2890109
2022-12-25 02:00:00,4.3,0.2825135
2022-12-25 03:00:00,4.8,0.2636996
2022-12-25 04:00:00,4.9,0.257583
2022-12-25 05:00:00,5.2,0.2575235
2022-12-25 06:00:00,6.1,0.2575116
2022-12-25 07:00:00,6.2,0.265913
2022-12-25 08:00:00,6.1,0.286619
2022-12-25 09:00:00,7.1,0.2904032
2022-12-25 10:00:00,8.2,0.297924
2022-12-25 11:00:00,8.7,0.3000184
2022-12-25 12:00:00,8.9,0.2758019
2022-12-25 13:00:00,8.9,0.269364
2022-12-25 14:00:00,8.6,0.2661391
2022-12-25 15:00:00,8.5,0.2865952
2022-12-25 16:00:00,8.3,0.2899629
2022-12-25 17:00:00,8.4,0.3107997999999999
2022-12-25 18:00:00,8.5,0.2988522
2022-12-25 19:00:00,8.9,0.2866071
2022-12-25 20:00:00,9.8,0.2962699
2022-12-25 21:00:00,10.0,0.2823588
2022-12-25 22:00:00,10.3,0.2772775
2022-12-25 23:00:00,9.5,0.2746
2022-12-26 00:00:00,9.1,0.215457
2022-12-26 01:00:00,8.9,0.1996062
2022-12-26 02:00:00,8.7,0.1877538
2022-12-26 03:00:00,8.6,0.180947
2022-12-26 04:00:00,8.5,0.176901
2022-12-26 05:00:00,8.7,0.1750327
2022-12-26 06:00:00,9.2,0.1771509
2022-12-26 07:00:00,8.9,0.1833151
2022-12-26 08:00:00,8.1,0.2016292
2022-12-26 09:00:00,9.3,0.2193483
2022-12-26 10:00:00,9.6,0.226167
2022-12-26 11:00:00,10.1,0.22581
2022-12-26 12:00:00,10.6,0.220931
2022-12-26 13:00:00,10.6,0.1912881
2022-12-26 14:00:00,8.5,0.1944416
2022-12-26 15:00:00,7.2,0.1960481
2022-12-26 16:00:00,6.0,0.2122797
2022-12-26 17:00:00,5.3,0.2210262
2022-12-26 18:00:00,4.2,0.217718
2022-12-26 19:00:00,3.8,0.2260123
2022-12-26 20:00:00,3.2,0.2251317
2022-12-26 21:00:00,2.9,0.2258576
2022-12-26 22:00:00,3.2,0.2133745
2022-12-26 23:00:00,3.9,0.1787812
2022-12-27 00:00:00,3.5,0.1833984
2022-12-27 01:00:00,3.6,0.1674762
2022-12-27 02:00:00,3.6,0.1623711
2022-12-27 03:00:00,3.6,0.16155
2022-12-27 04:00:00,4.0,0.1692374
2022-12-27 05:00:00,4.1,0.1789121
2022-12-27 06:00:00,3.9,0.1917998
2022-12-27 07:00:00,4.2,0.2519424
2022-12-27 08:00:00,3.8,0.269721
2022-12-27 09:00:00,4.3,0.2746952
2022-12-27 10:00:00,4.6,0.2697567
2022-12-27 11:00:00,4.9,0.2846198
2022-12-27 12:00:00,5.3,0.2869522
2022-12-27 13:00:00,5.6,0.3035884
2022-12-27 14:00:00,5.7,0.3211052
2022-12-27 15:00:00,4.8,0.3261508
2022-12-27 16:00:00,4.0,0.3311964
2022-12-27 17:00:00,4.4,0.3444411
2022-12-27 18:00:00,4.9,0.3515811
2022-12-27 19:00:00,5.5,0.3423467
2022-12-27 20:00:00,6.1,0.3311964
2022-12-27 21:00:00,6.8,0.308872
2022-12-27 22:00:00,6.0,0.2839296
2022-12-27 23:00:00,5.7,0.2574878
2022-12-28 00:00:00,5.5,0.2035332
2022-12-28 01:00:00,4.7,0.1950247
2022-12-28 02:00:00,4.9,0.1678689
2022-12-28 03:00:00,5.5,0.1556595
2022-12-28 04:00:00,4.8,0.1556357
2022-12-28 05:00:00,5.3,0.155719
2022-12-28 06:00:00,5.9,0.1757943
2022-12-28 07:00:00,5.9,0.1929779
2022-12-28 08:00:00,6.8,0.2070556
2022-12-28 09:00:00,8.1,0.2313197
2022-12-28 10:00:00,8.7,0.2369722
2022-12-28 11:00:00,9.3,0.2269405
2022-12-28 12:00:00,9.2,0.2175752
2022-12-28 13:00:00,9.0,0.2116371
2022-12-28 14:00:00,9.0,0.240209
2022-12-28 15:00:00,9.5,0.2401852
2022-12-28 16:00:00,9.2,0.2576663
2022-12-28 17:00:00,8.9,0.2623549
2022-12-28 18:00:00,9.1,0.2596417
2022-12-28 19:00:00,9.1,0.2410063
2022-12-28 20:00:00,8.6,0.221169
2022-12-28 21:00:00,8.2,0.2108398
2022-12-28 22:00:00,8.1,0.1977855
2022-12-28 23:00:00,8.4,0.1806495
2022-12-29 00:00:00,8.8,0.1543981
2022-12-29 01:00:00,9.1,0.1543505
2022-12-29 02:00:00,9.3,0.154291
2022-12-29 03:00:00,9.7,0.1530058
2022-12-29 04:00:00,10.0,0.1531605
2022-12-29 05:00:00,11.0,0.1544338
2022-12-29 06:00:00,10.9,0.1555405
2022-12-29 07:00:00,10.3,0.1557071
2022-12-29 08:00:00,9.3,0.1662862
2022-12-29 09:00:00,9.9,0.1627043
2022-12-29 10:00:00,10.2,0.1618832
2022-12-29 11:00:00,11.2,0.1603719
2022-12-29 12:00:00,11.5,0.1579681
2022-12-29 13:00:00,11.0,0.159646
2022-12-29 14:00:00,11.2,0.1793405
2022-12-29 15:00:00,10.9,0.1848026
2022-12-29 16:00:00,10.4,0.187968
2022-12-29 17:00:00,10.0,0.1967026
2022-12-29 18:00:00,10.0,0.2167779
2022-12-29 19:00:00,7.7,0.2126486
2022-12-29 20:00:00,8.3,0.1872778
2022-12-29 21:00:00,8.2,0.1853619
2022-12-29 22:00:00,8.2,0.1869089
2022-12-29 23:00:00,8.0,0.1806733
2022-12-30 00:00:00,8.0,0.1688923
2022-12-30 01:00:00,8.0,0.1616571
2022-12-30 02:00:00,7.4,0.1592771
2022-12-30 03:00:00,7.1,0.1563735
2022-12-30 04:00:00,6.7,0.1562783
2022-12-30 05:00:00,7.0,0.1614072
2022-12-30 06:00:00,6.7,0.1686067
2022-12-30 07:00:00,5.8,0.1843147
2022-12-30 08:00:00,6.0,0.1885511
2022-12-30 09:00:00,6.7,0.1902052
2022-12-30 10:00:00,7.3,0.1866471
2022-12-30 11:00:00,7.7,0.1850168
2022-12-30 12:00:00,8.2,0.1767106
2022-12-30 13:00:00,8.6,0.1792453
2022-12-30 14:00:00,8.8,0.1861116
2022-12-30 15:00:00,8.9,0.1888843
2022-12-30 16:00:00,9.1,0.1806019
2022-12-30 17:00:00,9.1,0.1922282
2022-12-30 18:00:00,8.9,0.182256
2022-12-30 19:00:00,9.5,0.1720101
2022-12-30 20:00:00,9.3,0.1587297
2022-12-30 21:00:00,10.0,0.1564211
2022-12-30 22:00:00,10.5,0.156076
2022-12-30 23:00:00,10.5,0.1556
2022-12-31 00:00:00,10.2,0.1555643
2022-12-31 01:00:00,10.9,0.1555167
2022-12-31 02:00:00,11.1,0.1555643
2022-12-31 03:00:00,11.2,0.1555524
2022-12-31 04:00:00,11.2,0.1555643
2022-12-31 05:00:00,11.3,0.1555762
2022-12-31 06:00:00,11.4,0.1555881
2022-12-31 07:00:00,11.2,0.1555405
2022-12-31 08:00:00,11.2,0.1563497
2022-12-31 09:00:00,11.4,0.1555643
2022-12-31 10:00:00,12.6,0.155243
2022-12-31 11:00:00,15.9,0.1536246
2022-12-31 12:00:00,14.4,0.1511018
2022-12-31 13:00:00,14.7,0.1515064
2022-12-31 14:00:00,16.1,0.1531367
2022-12-31 15:00:00,16.5,0.1532438
2022-12-31 16:00:00,16.3,0.154529
2022-12-31 17:00:00,15.9,0.1556
2022-12-31 18:00:00,15.7,0.1555881
2022-12-31 19:00:00,16.3,0.1543981
2022-12-31 20:00:00,16.5,0.1539459
2022-12-31 21:00:00,16.2,0.1543624
2022-12-31 22:00:00,16.4,0.1543267
2022-12-31 23:00:00,16.5,0.1547908
2023-01-01 00:00:00,16.4,0.1494477
2023-01-01 01:00:00,16.8,0.1543267
2023-01-01 02:00:00,16.7,0.1538507
2023-01-01 03:00:00,16.6,0.1495548
2023-01-01 04:00:00,16.5,0.1502569
2023-01-01 05:00:00,15.8,0.149174
2023-01-01 06:00:00,15.7,0.1496262
2023-01-01 07:00:00,15.1,0.154053
2023-01-01 08:00:00,15.2,0.1538864
2023-01-01 09:00:00,14.9,0.1543029
2023-01-01 10:00:00,13.8,0.1543267
2023-01-01 11:00:00,11.3,0.1543267
2023-01-01 12:00:00,11.6,0.1546599
2023-01-01 13:00:00,10.5,0.1552787
2023-01-01 14:00:00,11.0,0.1566115
2023-01-01 15:00:00,10.9,0.1836007
2023-01-01 16:00:00,11.3,0.1990826
2023-01-01 17:00:00,11.5,0.2103757
2023-01-01 18:00:00,12.0,0.2217283
2023-01-01 19:00:00,12.2,0.2209905
2023-01-01 20:00:00,12.2,0.2141837
2023-01-01 21:00:00,11.7,0.2091381
2023-01-01 22:00:00,11.6,0.2102924
2023-01-01 23:00:00,11.6,0.19725
2023-01-02 00:00:00,11.4,0.2245129
2023-01-02 01:00:00,12.0,0.2170873
2023-01-02 02:00:00,12.7,0.2185867
2023-01-02 03:00:00,12.9,0.2080671
2023-01-02 04:00:00,13.5,0.2151952
2023-01-02 05:00:00,13.1,0.2385668
2023-01-02 06:00:00,13.0,0.2806452
2023-01-02 07:00:00,12.5,0.3229616
2023-01-02 08:00:00,13.7,0.3293162
2023-01-02 09:00:00,13.8,0.3305895
2023-01-02 10:00:00,14.0,0.3288759
2023-01-02 11:00:00,12.9,0.3261865
2023-01-02 12:00:00,12.0,0.3274122
2023-01-02 13:00:00,10.6,0.3266744
2023-01-02 14:00:00,9.6,0.331958
2023-01-02 15:00:00,9.1,0.3404546
2023-01-02 16:00:00,9.2,0.3494391
2023-01-02 17:00:00,8.9,0.3579
2023-01-02 18:00:00,9.0,0.3635406
2023-01-02 19:00:00,8.8,0.3513074
2023-01-02 20:00:00,9.0,0.33767
2023-01-02 21:00:00,8.2,0.3241873
2023-01-02 22:00:00,7.4,0.3161429
2023-01-02 23:00:00,7.1,0.3034218
2023-01-03 00:00:00,6.1,0.3103119
2023-01-03 01:00:00,5.3,0.2984
2023-01-03 02:00:00,4.6,0.2969244
2023-01-03 03:00:00,4.3,0.29245
2023-01-03 04:00:00,4.4,0.2908197
2023-01-03 05:00:00,2.6,0.2939613
2023-01-03 06:00:00,4.4,0.3209148
2023-01-03 07:00:00,4.2,0.3459048
2023-01-03 08:00:00,3.4,0.3569123
2023-01-03 09:00:00,3.1,0.3593042
2023-01-03 10:00:00,5.8,0.3561983
2023-01-03 11:00:00,6.7,0.3572931
2023-01-03 12:00:00,7.6,0.351355
2023-01-03 13:00:00,8.0,0.3470829
2023-01-03 14:00:00,8.3,0.3496414
2023-01-03 15:00:00,8.3,0.3551987
2023-01-03 16:00:00,8.1,0.3538659
2023-01-03 17:00:00,8.0,0.3587568
2023-01-03 18:00:00,7.8,0.3566267
2023-01-03 19:00:00,7.6,0.3471781
2023-01-03 20:00:00,6.9,0.3336478
2023-01-03 21:00:00,6.6,0.3114781
2023-01-03 22:00:00,6.4,0.2915813
2023-01-03 23:00:00,7.3,0.2670554
2023-01-04 00:00:00,6.6,0.2518591
2023-01-04 01:00:00,6.9,0.2396973
2023-01-04 02:00:00,7.1,0.2032
2023-01-04 03:00:00,7.7,0.1659292
2023-01-04 04:00:00,7.2,0.1566115
2023-01-04 05:00:00,7.3,0.1687138
2023-01-04 06:00:00,7.8,0.2282138
2023-01-04 07:00:00,8.3,0.249848
2023-01-04 08:00:00,9.8,0.255798
2023-01-04 09:00:00,10.2,0.2547508
2023-01-04 10:00:00,10.5,0.2389833
2023-01-04 11:00:00,10.6,0.2504906
2023-01-04 12:00:00,10.6,0.2518591
2023-01-04 13:00:00,10.8,0.2504668
2023-01-04 14:00:00,11.2,0.2510618
2023-01-04 15:00:00,11.6,0.2504906
2023-01-04 16:00:00,12.2,0.2517758
2023-01-04 17:00:00,11.9,0.2581304
2023-01-04 18:00:00,12.1,0.2416132
2023-01-04 19:00:00,12.0,0.2348659
2023-01-04 20:00:00,11.2,0.207008
2023-01-04 21:00:00,10.7,0.1927875
2023-01-04 22:00:00,10.4,0.1972024
2023-01-04 23:00:00,9.8,0.1664171
2023-01-05 00:00:00,10.4,0.1556595
2023-01-05 01:00:00,10.4,0.1556833
2023-01-05 02:00:00,10.1,0.1556833
2023-01-05 03:00:00,9.7,0.1557428
2023-01-05 04:00:00,9.7,0.1582537
2023-01-05 05:00:00,9.4,0.1675833
2023-01-05 06:00:00,9.3,0.2282376
2023-01-05 07:00:00,8.9,0.2593561
2023-01-05 08:00:00,8.7,0.2696496
2023-01-05 09:00:00,9.2,0.3050045
2023-01-05 10:00:00,9.3,0.3125848
2023-01-05 11:00:00,8.2,0.3258533
2023-01-05 12:00:00,7.3,0.3232829
2023-01-05 13:00:00,8.1,0.3252702
2023-01-05 14:00:00,8.4,0.3353257
2023-01-05 15:00:00,7.9,0.3453812
2023-01-05 16:00:00,7.6,0.3611487
2023-01-05 17:00:00,7.8,0.387293
2023-01-05 18:00:00,7.8,0.3872573
2023-01-05 19:00:00,7.9,0.3673962
2023-01-05 20:00:00,8.0,0.3507481
2023-01-05 21:00:00,8.3,0.33648
2023-01-05 22:00:00,8.4,0.3277216
2023-01-05 23:00:00,8.7,0.30673
2023-01-06 00:00:00,8.7,0.2831799
2023-01-06 01:00:00,8.4,0.275909
2023-01-06 02:00:00,8.8,0.2707087
2023-01-06 03:00:00,9.1,0.2535846
2023-01-06 04:00:00,9.6,0.2530967
2023-01-06 05:00:00,10.0,0.2555957
2023-01-06 06:00:00,10.1,0.2713275
2023-01-06 07:00:00,10.3,0.2823469
2023-01-06 08:00:00,10.4,0.299233
2023-01-06 09:00:00,10.6,0.2946634
2023-01-06 10:00:00,10.5,0.2898914999999999
2023-01-06 11:00:00,10.0,0.2905103
2023-01-06 12:00:00,10.8,0.29245
2023-01-06 13:00:00,11.2,0.2862382
2023-01-06 14:00:00,10.5,0.2980549
2023-01-06 15:00:00,9.7,0.3053377
2023-01-06 16:00:00,9.1,0.3216883
2023-01-06 17:00:00,8.6,0.3411567
2023-01-06 18:00:00,7.9,0.350165
2023-01-06 19:00:00,7.7,0.3302206
2023-01-06 20:00:00,7.6,0.3214622
2023-01-06 21:00:00,7.6,0.312442
2023-01-06 22:00:00,8.0,0.3102286
2023-01-06 23:00:00,7.7,0.299947
2023-01-07 00:00:00,9.0,0.2712085
2023-01-07 01:00:00,9.2,0.2727317
2023-01-07 02:00:00,8.9,0.2698995
2023-01-07 03:00:00,9.1,0.2602843
2023-01-07 04:00:00,9.5,0.2543581
2023-01-07 05:00:00,9.6,0.2550721
2023-01-07 06:00:00,9.5,0.2636044
2023-01-07 07:00:00,8.7,0.2784199
2023-01-07 08:00:00,8.7,0.2887134
2023-01-07 09:00:00,9.3,0.28888
2023-01-07 10:00:00,10.0,0.2746
2023-01-07 11:00:00,10.5,0.2607008
2023-01-07 12:00:00,11.1,0.260201
2023-01-07 13:00:00,10.8,0.2675195
2023-01-07 14:00:00,10.3,0.2614862
2023-01-07 15:00:00,10.4,0.2574164
2023-01-07 16:00:00,9.9,0.267579
2023-01-07 17:00:00,9.6,0.2708039
2023-01-07 18:00:00,9.5,0.2740288
2023-01-07 19:00:00,8.5,0.2681502
2023-01-07 20:00:00,8.9,0.2601534
2023-01-07 21:00:00,9.2,0.2287493
2023-01-07 22:00:00,9.0,0.2151
2023-01-07 23:00:00,9.6,0.2011175
2023-01-08 00:00:00,10.0,0.1686067
2023-01-08 01:00:00,9.9,0.1663933
2023-01-08 02:00:00,9.9,0.166429
2023-01-08 03:00:00,10.0,0.1605504
2023-01-08 04:00:00,10.4,0.1622402
2023-01-08 05:00:00,10.0,0.1674048
2023-01-08 06:00:00,9.6,0.1663338
2023-01-08 07:00:00,9.0,0.1751993
2023-01-08 08:00:00,8.9,0.2144098
2023-01-08 09:00:00,8.9,0.254132
2023-01-08 10:00:00,9.8,0.267103
2023-01-08 11:00:00,10.3,0.2792053
2023-01-08 12:00:00,10.0,0.2766111
2023-01-08 13:00:00,11.0,0.27341
2023-01-08 14:00:00,10.3,0.2797051
2023-01-08 15:00:00,9.8,0.2789316
2023-01-08 16:00:00,9.3,0.2854409
2023-01-08 17:00:00,9.5,0.2960676
2023-01-08 18:00:00,7.2,0.3015059
2023-01-08 19:00:00,6.8,0.2854409
2023-01-08 20:00:00,7.3,0.2792767
2023-01-08 21:00:00,8.0,0.2727317
2023-01-08 22:00:00,8.0,0.2738503
2023-01-08 23:00:00,7.7,0.2523946
2023-01-09 00:00:00,7.6,0.2450047
2023-01-09 01:00:00,7.4,0.2322122
2023-01-09 02:00:00,8.0,0.2273332
2023-01-09 03:00:00,7.2,0.2024979
2023-01-09 04:00:00,7.2,0.2118275
2023-01-09 05:00:00,7.0,0.2377933
2023-01-09 06:00:00,6.7,0.2830846999999999
2023-01-09 07:00:00,6.6,0.346
2023-01-09 08:00:00,5.7,0.3698
2023-01-09 09:00:00,6.1,0.3663966
2023-01-09 10:00:00,7.1,0.3448933
2023-01-09 11:00:00,7.6,0.3466783
2023-01-09 12:00:00,8.0,0.3228664
2023-01-09 13:00:00,8.5,0.3194272999999999
2023-01-09 14:00:00,8.3,0.3264483
2023-01-09 15:00:00,7.6,0.3353138
2023-01-09 16:00:00,7.2,0.3483324
2023-01-09 17:00:00,6.8,0.3651233
2023-01-09 18:00:00,6.1,0.3723942
2023-01-09 19:00:00,5.6,0.3588401
2023-01-09 20:00:00,5.5,0.3466069
2023-01-09 21:00:00,6.5,0.3209267
2023-01-09 22:00:00,6.3,0.31268
2023-01-09 23:00:00,5.9,0.2844889
2023-01-10 00:00:00,6.2,0.2817638
2023-01-10 01:00:00,5.8,0.2706849
2023-01-10 02:00:00,6.2,0.2688166
2023-01-10 03:00:00,5.9,0.2631284
2023-01-10 04:00:00,5.8,0.2693759
2023-01-10 05:00:00,6.0,0.284834
2023-01-10 06:00:00,5.1,0.3199747
2023-01-10 07:00:00,5.0,0.3397287
2023-01-10 08:00:00,5.5,0.3523427
2023-01-10 09:00:00,6.1,0.3464998
2023-01-10 10:00:00,6.4,0.3397287
2023-01-10 11:00:00,6.8,0.3298755
2023-01-10 12:00:00,6.8,0.3236518
2023-01-10 13:00:00,7.1,0.3241992
2023-01-10 14:00:00,7.0,0.3286379
2023-01-10 15:00:00,6.7,0.3292448
2023-01-10 16:00:00,6.5,0.322795
2023-01-10 17:00:00,6.5,0.3297446
2023-01-10 18:00:00,6.4,0.3227355
2023-01-10 19:00:00,6.5,0.3036836
2023-01-10 20:00:00,6.0,0.2819185
2023-01-10 21:00:00,6.0,0.2585707
2023-01-10 22:00:00,5.6,0.252347
2023-01-10 23:00:00,6.3,0.2067224
2023-01-11 00:00:00,6.5,0.16155
2023-01-11 01:00:00,6.9,0.1557904
2023-01-11 02:00:00,7.0,0.1556952
2023-01-11 03:00:00,7.0,0.1556119
2023-01-11 04:00:00,7.3,0.1556476
2023-01-11 05:00:00,8.3,0.1588725
2023-01-11 06:00:00,7.7,0.2244772
2023-01-11 07:00:00,7.7,0.2640209
2023-01-11 08:00:00,7.8,0.3072536
2023-01-11 09:00:00,8.5,0.3099906
2023-01-11 10:00:00,9.1,0.3123349
2023-01-11 11:00:00,9.3,0.3103238
2023-01-11 12:00:00,9.0,0.2953893
2023-01-11 13:00:00,9.7,0.2871426
2023-01-11 14:00:00,9.8,0.2933306
2023-01-11 15:00:00,9.2,0.295663
2023-01-11 16:00:00,8.7,0.297448
2023-01-11 17:00:00,7.5,0.3131441
2023-01-11 18:00:00,7.3,0.3137272
2023-01-11 19:00:00,7.6,0.307682
2023-01-11 20:00:00,8.0,0.2919264
2023-01-11 21:00:00,8.1,0.2668293
2023-01-11 22:00:00,8.5,0.2647349
2023-01-11 23:00:00,8.5,0.2371626
2023-01-12 00:00:00,8.0,0.1792572
2023-01-12 01:00:00,7.7,0.1622045
2023-01-12 02:00:00,8.5,0.1611811
2023-01-12 03:00:00,8.0,0.155719
2023-01-12 04:00:00,8.3,0.1580157
2023-01-12 05:00:00,8.1,0.1852786
2023-01-12 06:00:00,8.3,0.2576068
2023-01-12 07:00:00,8.9,0.2883445
2023-01-12 08:00:00,8.3,0.2827277
2023-01-12 09:00:00,8.6,0.2720177
2023-01-12 10:00:00,8.9,0.2564406
2023-01-12 11:00:00,9.3,0.2595822
2023-01-12 12:00:00,10.0,0.2458972
2023-01-12 13:00:00,10.8,0.2529896
2023-01-12 14:00:00,10.8,0.260558
2023-01-12 15:00:00,10.6,0.2688642
2023-01-12 16:00:00,10.8,0.2735052
2023-01-12 17:00:00,10.6,0.2888919
2023-01-12 18:00:00,10.3,0.2977931
2023-01-12 19:00:00,10.2,0.2755401
2023-01-12 20:00:00,10.1,0.2738265
2023-01-12 21:00:00,9.8,0.2564763
2023-01-12 22:00:00,9.6,0.2394117
2023-01-12 23:00:00,10.2,0.2026883
2023-01-13 00:00:00,10.3,0.1944416
2023-01-13 01:00:00,10.0,0.1758181
2023-01-13 02:00:00,10.2,0.16631
2023-01-13 03:00:00,9.7,0.1580038
2023-01-13 04:00:00,8.9,0.1587059
2023-01-13 05:00:00,8.6,0.1856594
2023-01-13 06:00:00,8.0,0.2207406
2023-01-13 07:00:00,8.5,0.2601772
2023-01-13 08:00:00,8.4,0.2816805
2023-01-13 09:00:00,8.3,0.2753616
2023-01-13 10:00:00,8.6,0.2684715
2023-01-13 11:00:00,8.7,0.2566667
2023-01-13 12:00:00,9.0,0.2466707
2023-01-13 13:00:00,8.7,0.2391856
2023-01-13 14:00:00,8.1,0.2431245
2023-01-13 15:00:00,8.3,0.2506215
2023-01-13 16:00:00,8.3,0.2571189
2023-01-13 17:00:00,7.9,0.270911
2023-01-13 18:00:00,7.8,0.2709943
2023-01-13 19:00:00,7.3,0.2697329
2023-01-13 20:00:00,7.7,0.2566786
2023-01-13 21:00:00,5.1,0.2470991
2023-01-13 22:00:00,7.1,0.2466469
2023-01-13 23:00:00,7.0,0.236877
2023-01-14 00:00:00,6.7,0.1861592
2023-01-14 01:00:00,6.7,0.1967978
2023-01-14 02:00:00,6.4,0.208793
2023-01-14 03:00:00,6.7,0.2046637
2023-01-14 04:00:00,6.9,0.204033
2023-01-14 05:00:00,7.2,0.2040092
2023-01-14 06:00:00,6.7,0.209269
2023-01-14 07:00:00,6.6,0.2188366
2023-01-14 08:00:00,6.4,0.2178846
2023-01-14 09:00:00,6.9,0.2200504
2023-01-14 10:00:00,7.2,0.2156593
2023-01-14 11:00:00,6.9,0.2210619
2023-01-14 12:00:00,6.4,0.2138029
2023-01-14 13:00:00,6.7,0.1856475
2023-01-14 14:00:00,7.3,0.1715698
2023-01-14 15:00:00,7.7,0.1663695
2023-01-14 16:00:00,8.0,0.1663576
2023-01-14 17:00:00,8.3,0.1687376
2023-01-14 18:00:00,8.8,0.1718911
2023-01-14 19:00:00,8.7,0.1637396
2023-01-14 20:00:00,9.4,0.1663457
2023-01-14 21:00:00,10.0,0.1663933
2023-01-14 22:00:00,11.5,0.162621
2023-01-14 23:00:00,11.2,0.1617761
2023-01-15 00:00:00,8.1,0.1602886
2023-01-15 01:00:00,6.3,0.1576349
2023-01-15 02:00:00,6.1,0.160479
2023-01-15 03:00:00,5.8,0.1587535
2023-01-15 04:00:00,5.6,0.1590153
2023-01-15 05:00:00,5.9,0.1603719
2023-01-15 06:00:00,5.8,0.1574802
2023-01-15 07:00:00,6.0,0.1576706
2023-01-15 08:00:00,5.9,0.1664052
2023-01-15 09:00:00,6.2,0.1678689
2023-01-15 10:00:00,6.9,0.1663219
2023-01-15 11:00:00,6.7,0.1651557
2023-01-15 12:00:00,7.1,0.1636444
2023-01-15 13:00:00,7.0,0.1560998
2023-01-15 14:00:00,7.1,0.1559451
2023-01-15 15:00:00,7.1,0.1559808
2023-01-15 16:00:00,7.2,0.1561474
2023-01-15 17:00:00,7.0,0.1570875
2023-01-15 18:00:00,7.0,0.1876705
2023-01-15 19:00:00,7.1,0.1856713
2023-01-15 20:00:00,6.9,0.1700823
2023-01-15 21:00:00,6.4,0.1790311
2023-01-15 22:00:00,6.4,0.1938466
2023-01-15 23:00:00,6.0,0.2001893
2023-01-16 00:00:00,5.6,0.2270119
2023-01-16 01:00:00,5.6,0.2270119
2023-01-16 02:00:00,5.1,0.2302368
2023-01-16 03:00:00,4.6,0.222359
2023-01-16 04:00:00,4.6,0.230927
2023-01-16 05:00:00,4.7,0.25913
2023-01-16 06:00:00,3.9,0.3396097
2023-01-16 07:00:00,4.1,0.3639809
2023-01-16 08:00:00,4.0,0.3769281
2023-01-16 09:00:00,5.2,0.3579
2023-01-16 10:00:00,5.3,0.334338
2023-01-16 11:00:00,5.9,0.3351591
2023-01-16 12:00:00,6.1,0.3305776
2023-01-16 13:00:00,6.5,0.3232353
2023-01-16 14:00:00,6.3,0.3236756
2023-01-16 15:00:00,5.6,0.3289710999999999
2023-01-16 16:00:00,4.9,0.3350639
2023-01-16 17:00:00,4.5,0.3540801
2023-01-16 18:00:00,4.8,0.3623268
2023-01-16 19:00:00,5.0,0.334695
2023-01-16 20:00:00,4.9,0.3185943
2023-01-16 21:00:00,4.7,0.3076106
2023-01-16 22:00:00,4.2,0.3022556
2023-01-16 23:00:00,4.1,0.285786
2023-01-17 00:00:00,3.9,0.2725056
2023-01-17 01:00:00,3.8,0.2681859
2023-01-17 02:00:00,3.8,0.2649729
2023-01-17 03:00:00,3.2,0.2621169
2023-01-17 04:00:00,3.6,0.2648063
2023-01-17 05:00:00,3.6,0.2746
2023-01-17 06:00:00,2.1,0.2947824
2023-01-17 07:00:00,1.8,0.323152
2023-01-17 08:00:00,1.7,0.3364324
2023-01-17 09:00:00,1.9,0.317559
2023-01-17 10:00:00,2.8,0.3057423
2023-01-17 11:00:00,3.2,0.3016725
2023-01-17 12:00:00,3.7,0.2937233
2023-01-17 13:00:00,3.8,0.3097764
2023-01-17 14:00:00,3.4,0.3293995
2023-01-17 15:00:00,2.7,0.3505815
2023-01-17 16:00:00,1.5,0.3698595
2023-01-17 17:00:00,1.0,0.3803077
2023-01-17 18:00:00,0.6,0.366111
2023-01-17 19:00:00,0.0,0.3645164
2023-01-17 20:00:00,-0.2,0.3388838
2023-01-17 21:00:00,-0.5,0.3296494
2023-01-17 22:00:00,-0.3,0.3221286
2023-01-17 23:00:00,-1.1,0.3075987
2023-01-18 00:00:00,-1.3,0.3017915
2023-01-18 01:00:00,-2.5,0.3039692
2023-01-18 02:00:00,-3.1,0.3039216
2023-01-18 03:00:00,-3.7,0.3018153
2023-01-18 04:00:00,-3.6,0.2982929
2023-01-18 05:00:00,-3.9,0.306254
2023-01-18 06:00:00,-3.5,0.3373368
2023-01-18 07:00:00,-2.5,0.3599111
2023-01-18 08:00:00,-3.5,0.3801173
2023-01-18 09:00:00,-2.8,0.3735009
2023-01-18 10:00:00,-1.3,0.3474875
2023-01-18 11:00:00,0.2,0.3370155
2023-01-18 12:00:00,2.0,0.3232353
2023-01-18 13:00:00,2.2,0.3236756
2023-01-18 14:00:00,2.1,0.3249727
2023-01-18 15:00:00,1.7,0.3373011
2023-01-18 16:00:00,0.7,0.3386339
2023-01-18 17:00:00,-0.2,0.3515216
2023-01-18 18:00:00,-0.4,0.3447624
2023-01-18 19:00:00,-0.1,0.3145245
2023-01-18 20:00:00,0.1,0.3192012
2023-01-18 21:00:00,0.4,0.3120493
2023-01-18 22:00:00,0.3,0.3090981
2023-01-18 23:00:00,0.6,0.2896892
2023-01-19 00:00:00,0.6,0.2883207
2023-01-19 01:00:00,1.0,0.2829062
2023-01-19 02:00:00,0.9,0.2805143
2023-01-19 03:00:00,0.5,0.2766468
2023-01-19 04:00:00,1.0,0.2735766
2023-01-19 05:00:00,1.7,0.2876305
2023-01-19 06:00:00,1.9,0.2962818
2023-01-19 07:00:00,2.1,0.3336478
2023-01-19 08:00:00,1.9,0.3459167
2023-01-19 09:00:00,1.7,0.3410972
2023-01-19 10:00:00,1.2,0.3398239
2023-01-19 11:00:00,1.5,0.3205697
2023-01-19 12:00:00,2.2,0.3341832999999999
2023-01-19 13:00:00,1.4,0.3398953
2023-01-19 14:00:00,2.0,0.3465831
2023-01-19 15:00:00,2.7,0.368729
2023-01-19 16:00:00,2.6,0.3772851
2023-01-19 17:00:00,1.9,0.3920887
2023-01-19 18:00:00,1.3,0.3907083
2023-01-19 19:00:00,1.0,0.3772851
2023-01-19 20:00:00,0.2,0.3578167
2023-01-19 21:00:00,0.2,0.3457263
2023-01-19 22:00:00,-0.5,0.3485466
2023-01-19 23:00:00,-0.2,0.321605
2023-01-20 00:00:00,-0.5,0.3303991
2023-01-20 01:00:00,-0.7,0.327555
2023-01-20 02:00:00,-0.8,0.3251036
2023-01-20 03:00:00,-0.9,0.325532
2023-01-20 04:00:00,-1.9,0.3281262
2023-01-20 05:00:00,-1.2,0.334695
2023-01-20 06:00:00,-0.8,0.3650519
2023-01-20 07:00:00,-0.1,0.4032033
2023-01-20 08:00:00,-0.1,0.4353214
2023-01-20 09:00:00,-0.5,0.419423
2023-01-20 10:00:00,1.1,0.4052263
2023-01-20 11:00:00,2.2,0.3954088
2023-01-20 12:00:00,2.2,0.3808194
2023-01-20 13:00:00,2.6,0.3717397
2023-01-20 14:00:00,2.7,0.3726084
2023-01-20 15:00:00,2.3,0.38408
2023-01-20 16:00:00,2.1,0.3936
2023-01-20 17:00:00,1.5,0.4033818
2023-01-20 18:00:00,2.1,0.403596
2023-01-20 19:00:00,-1.1,0.39003
2023-01-20 20:00:00,-1.4,0.364683
2023-01-20 21:00:00,-2.2,0.3535803
2023-01-20 22:00:00,-2.6,0.349689
2023-01-20 23:00:00,-2.9,0.3311845
2023-01-21 00:00:00,-2.7,0.3271147
2023-01-21 01:00:00,-4.0,0.3222714
2023-01-21 02:00:00,-3.5,0.3224261
2023-01-21 03:00:00,-1.7,0.3147506
2023-01-21 04:00:00,-1.8,0.3117756
2023-01-21 05:00:00,-1.8,0.3127514
2023-01-21 06:00:00,-1.5,0.3108593
2023-01-21 07:00:00,-0.9,0.3224975
2023-01-21 08:00:00,-0.7,0.3370512
2023-01-21 09:00:00,-0.6,0.3598754
2023-01-21 10:00:00,-0.2,0.3579119
2023-01-21 11:00:00,0.5,0.3423586
2023-01-21 12:00:00,0.7,0.3316129
2023-01-21 13:00:00,1.4,0.3186538
2023-01-21 14:00:00,1.8,0.3181302
2023-01-21 15:00:00,1.2,0.317321
2023-01-21 16:00:00,1.2,0.3272218
2023-01-21 17:00:00,1.2,0.3625648
2023-01-21 18:00:00,1.3,0.3684791
2023-01-21 19:00:00,1.4,0.3263888
2023-01-21 20:00:00,1.2,0.3204507
2023-01-21 21:00:00,1.2,0.3174876
2023-01-21 22:00:00,1.3,0.3125372
2023-01-21 23:00:00,1.1,0.2957344
2023-01-22 00:00:00,0.2,0.307444
2023-01-22 01:00:00,0.2,0.2972219
2023-01-22 02:00:00,0.2,0.2945563
2023-01-22 03:00:00,0.2,0.2964365
2023-01-22 04:00:00,0.1,0.3009228
2023-01-22 05:00:00,0.0,0.2957701
2023-01-22 06:00:00,0.2,0.307444
2023-01-22 07:00:00,0.3,0.307444
2023-01-22 08:00:00,0.3,0.3192369
2023-01-22 09:00:00,0.3,0.3291258
2023-01-22 10:00:00,0.4,0.3356232
2023-01-22 11:00:00,0.7,0.3480825
2023-01-22 12:00:00,1.2,0.3478445
2023-01-22 13:00:00,1.3,0.3341
2023-01-22 14:00:00,1.4,0.339931
2023-01-22 15:00:00,1.3,0.3430131
2023-01-22 16:00:00,1.2,0.3591257
2023-01-22 17:00:00,1.3,0.3840681
2023-01-22 18:00:00,1.1,0.3960633
2023-01-22 19:00:00,1.2,0.3926361
2023-01-22 20:00:00,1.1,0.3686219
2023-01-22 21:00:00,1.2,0.3588163
2023-01-22 22:00:00,1.2,0.3494034
2023-01-22 23:00:00,1.3,0.3383364
2023-01-23 00:00:00,1.3,0.3328624
2023-01-23 01:00:00,1.1,0.33291
2023-01-23 02:00:00,1.2,0.332196
2023-01-23 03:00:00,1.3,0.3312321
2023-01-23 04:00:00,1.2,0.3339572
2023-01-23 05:00:00,1.3,0.3344808
2023-01-23 06:00:00,1.1,0.3816524
2023-01-23 07:00:00,1.1,0.4251826
2023-01-23 08:00:00,1.1,0.4625248
2023-01-23 09:00:00,1.2,0.4771618
2023-01-23 10:00:00,1.2,0.4530286
2023-01-23 11:00:00,1.2,0.4295737
2023-01-23 12:00:00,1.4,0.4185304999999999
2023-01-23 13:00:00,1.5,0.4164242
2023-01-23 14:00:00,1.7,0.4170311
2023-01-23 15:00:00,1.7,0.4161981
2023-01-23 16:00:00,1.7,0.4228502
2023-01-23 17:00:00,1.7,0.451791
2023-01-23 18:00:00,1.7,0.4508033
2023-01-23 19:00:00,1.6,0.4211961
2023-01-23 20:00:00,1.6,0.3978007
2023-01-23 21:00:00,1.5,0.3745718999999999
2023-01-23 22:00:00,1.5,0.3603871
2023-01-23 23:00:00,1.4,0.3501412
2023-01-24 00:00:00,1.3,0.3517715
2023-01-24 01:00:00,1.3,0.3460833
2023-01-24 02:00:00,1.5,0.3398001
2023-01-24 03:00:00,1.5,0.3329695
2023-01-24 04:00:00,1.5,0.3384435
2023-01-24 05:00:00,1.4,0.3499746
2023-01-24 06:00:00,1.4,0.3740959
2023-01-24 07:00:00,1.3,0.4055952
2023-01-24 08:00:00,1.1,0.454409
2023-01-24 09:00:00,1.0,0.4607517
2023-01-24 10:00:00,0.9,0.4396054
2023-01-24 11:00:00,1.0,0.4292762
2023-01-24 12:00:00,1.3,0.4149248
2023-01-24 13:00:00,1.3,0.4007995
2023-01-24 14:00:00,1.2,0.4117832
2023-01-24 15:00:00,1.2,0.4149962
2023-01-24 16:00:00,0.9,0.4228502
2023-01-24 17:00:00,0.9,0.4531
2023-01-24 18:00:00,0.8,0.4531
2023-01-24 19:00:00,0.7,0.4306685
2023-01-24 20:00:00,0.5,0.4102838
2023-01-24 21:00:00,0.1,0.3785703
2023-01-24 22:00:00,0.2,0.3607917
2023-01-24 23:00:00,0.0,0.3486656
2023-01-25 00:00:00,-0.1,0.3331123
2023-01-25 01:00:00,-0.2,0.3350877
2023-01-25 02:00:00,-0.2,0.3349449
2023-01-25 03:00:00,-0.2,0.3312083
2023-01-25 04:00:00,-0.3,0.330173
2023-01-25 05:00:00,-0.7,0.3351115
2023-01-25 06:00:00,-0.6,0.358614
2023-01-25 07:00:00,-0.5,0.3937071
2023-01-25 08:00:00,-0.6,0.4233976
2023-01-25 09:00:00,-0.7,0.42335
2023-01-25 10:00:00,-0.6,0.4083798
2023-01-25 11:00:00,-0.5,0.3947662
2023-01-25 12:00:00,-0.5,0.3855079999999999
2023-01-25 13:00:00,-0.3,0.375988
2023-01-25 14:00:00,-0.5,0.383723
2023-01-25 15:00:00,-0.6,0.390387
2023-01-25 16:00:00,-0.8,0.3926361
2023-01-25 17:00:00,-0.8,0.4011565
2023-01-25 18:00:00,-1.0,0.4038578
2023-01-25 19:00:00,-1.3,0.3855199
2023-01-25 20:00:00,-1.9,0.3630051
2023-01-25 21:00:00,-2.2,0.3530805
2023-01-25 22:00:00,-2.4,0.3502959
2023-01-25 23:00:00,-2.6,0.3379436999999999
2023-01-26 00:00:00,-2.7,0.3341
2023-01-26 01:00:00,-2.7,0.3225927
2023-01-26 02:00:00,-2.5,0.3187847
2023-01-26 03:00:00,-2.3,0.3158097
2023-01-26 04:00:00,-2.2,0.3174519
2023-01-26 05:00:00,-1.9,0.3267815
2023-01-26 06:00:00,-1.7,0.3527592
2023-01-26 07:00:00,-1.5,0.3781062
2023-01-26 08:00:00,-1.4,0.3923505
2023-01-26 09:00:00,-1.1,0.3970629
2023-01-26 10:00:00,-0.8,0.3901609
2023-01-26 11:00:00,-0.5,0.3867337
2023-01-26 12:00:00,-0.2,0.3783561
2023-01-26 13:00:00,-0.2,0.3754168
2023-01-26 14:00:00,0.0,0.3713232
2023-01-26 15:00:00,0.1,0.3645878
2023-01-26 16:00:00,0.2,0.3565434
2023-01-26 17:00:00,0.4,0.377178
2023-01-26 18:00:00,0.5,0.3706687
2023-01-26 19:00:00,0.7,0.3585545
2023-01-26 20:00:00,0.9,0.3447981
2023-01-26 21:00:00,1.2,0.3393836
2023-01-26 22:00:00,1.2,0.3338025
2023-01-26 23:00:00,1.4,0.3197129
2023-01-27 00:00:00,1.7,0.31625
2023-01-27 01:00:00,2.0,0.3129537
2023-01-27 02:00:00,2.2,0.3106808
2023-01-27 03:00:00,2.7,0.3044809
2023-01-27 04:00:00,2.8,0.3082889
2023-01-27 05:00:00,3.2,0.3152028
2023-01-27 06:00:00,3.4,0.3353019
2023-01-27 07:00:00,3.1,0.365159
2023-01-27 08:00:00,3.0,0.38765
2023-01-27 09:00:00,3.1,0.3926361
2023-01-27 10:00:00,3.4,0.38765
2023-01-27 11:00:00,3.5,0.3817
2023-01-27 12:00:00,3.3,0.3734414
2023-01-27 13:00:00,3.3,0.3698
2023-01-27 14:00:00,2.8,0.371585
2023-01-27 15:00:00,2.9,0.37575
2023-01-27 16:00:00,2.5,0.37932
2023-01-27 17:00:00,1.9,0.3912795
2023-01-27 18:00:00,1.7,0.394433
2023-01-27 19:00:00,1.5,0.386103
2023-01-27 20:00:00,1.5,0.371585
2023-01-27 21:00:00,1.4,0.3534375
2023-01-27 22:00:00,1.3,0.3401928
2023-01-27 23:00:00,1.1,0.32934
2023-01-28 00:00:00,0.8,0.322081
2023-01-28 01:00:00,0.7,0.3163214
2023-01-28 02:00:00,0.7,0.3143222
2023-01-28 03:00:00,0.8,0.3098121
2023-01-28 04:00:00,0.6,0.3046832
2023-01-28 05:00:00,0.3,0.3017676999999999
2023-01-28 06:00:00,0.0,0.3089315
2023-01-28 07:00:00,-0.1,0.3178208
2023-01-28 08:00:00,-0.2,0.3286617
2023-01-28 09:00:00,0.2,0.3461904
2023-01-28 10:00:00,0.0,0.3478683
2023-01-28 11:00:00,0.1,0.342787
2023-01-28 12:00:00,0.8,0.3240564
2023-01-28 13:00:00,0.9,0.3166308
2023-01-28 14:00:00,1.2,0.3200104
2023-01-28 15:00:00,0.9,0.3306966
2023-01-28 16:00:00,0.2,0.3391813
2023-01-28 17:00:00,-0.5,0.3518667
2023-01-28 18:00:00,-0.8,0.3627314
2023-01-28 19:00:00,-1.1,0.3502364
2023-01-28 20:00:00,-0.6,0.3340524
2023-01-28 21:00:00,-0.2,0.3294947
2023-01-28 22:00:00,0.3,0.3248537
2023-01-28 23:00:00,0.3,0.3219382
2023-01-29 00:00:00,0.4,0.3398715
2023-01-29 01:00:00,0.5,0.3098954
2023-01-29 02:00:00,0.5,0.3058137
2023-01-29 03:00:00,0.3,0.3027197
2023-01-29 04:00:00,0.5,0.3030053
2023-01-29 05:00:00,0.5,0.3021247
2023-01-29 06:00:00,0.8,0.3076106
2023-01-29 07:00:00,0.9,0.3141794
2023-01-29 08:00:00,0.8,0.3318033
2023-01-29 09:00:00,1.0,0.3409663
2023-01-29 10:00:00,1.5,0.3040644
2023-01-29 11:00:00,1.8,0.2996614
2023-01-29 12:00:00,1.9,0.2928189
2023-01-29 13:00:00,2.1,0.2924143
2023-01-29 14:00:00,2.1,0.2996257
2023-01-29 15:00:00,1.6,0.304945
2023-01-29 16:00:00,1.4,0.3104071
2023-01-29 17:00:00,1.6,0.3414066
2023-01-29 18:00:00,1.7,0.3380984
2023-01-29 19:00:00,1.3,0.3086935
2023-01-29 20:00:00,1.9,0.2744096
2023-01-29 21:00:00,2.1,0.25675
2023-01-29 22:00:00,2.5,0.2505977
2023-01-29 23:00:00,2.5,0.2321884
2023-01-30 00:00:00,3.1,0.20915
2023-01-30 01:00:00,3.2,0.162621
2023-01-30 02:00:00,3.2,0.1616333
2023-01-30 03:00:00,4.0,0.1580157
2023-01-30 04:00:00,4.1,0.1663457
2023-01-30 05:00:00,4.6,0.2001893
2023-01-30 06:00:00,5.2,0.260439
2023-01-30 07:00:00,5.5,0.2771942
2023-01-30 08:00:00,5.4,0.293045
2023-01-30 09:00:00,5.6,0.275552
2023-01-30 10:00:00,6.1,0.2708039
2023-01-30 11:00:00,6.8,0.2605937
2023-01-30 12:00:00,5.9,0.258059
2023-01-30 13:00:00,5.0,0.2548222
2023-01-30 14:00:00,5.8,0.2607484
2023-01-30 15:00:00,6.0,0.2580828
2023-01-30 16:00:00,6.3,0.2623311
2023-01-30 17:00:00,3.5,0.2729578
2023-01-30 18:00:00,5.0,0.2701851
2023-01-30 19:00:00,5.3,0.275433
2023-01-30 20:00:00,4.5,0.2626405
2023-01-30 21:00:00,4.8,0.2589515
2023-01-30 22:00:00,4.0,0.2604985
2023-01-30 23:00:00,4.3,0.263652
2023-01-31 00:00:00,3.5,0.2674719
2023-01-31 01:00:00,3.8,0.2723985
2023-01-31 02:00:00,3.6,0.2723985
2023-01-31 03:00:00,3.8,0.2756829
2023-01-31 04:00:00,3.1,0.2808951
2023-01-31 05:00:00,3.3,0.2859407
2023-01-31 06:00:00,3.2,0.3273646
2023-01-31 07:00:00,3.9,0.359566
2023-01-31 08:00:00,4.3,0.3733461999999999
2023-01-31 09:00:00,5.2,0.3578286
2023-01-31 10:00:00,4.3,0.3544609
2023-01-31 11:00:00,4.9,0.3297327
2023-01-31 12:00:00,5.3,0.3200937
2023-01-31 13:00:00,5.2,0.3028149
2023-01-31 14:00:00,5.1,0.2824778
2023-01-31 15:00:00,5.6,0.284239
2023-01-31 16:00:00,6.3,0.2766587
2023-01-31 17:00:00,5.8,0.2783842
2023-01-31 18:00:00,5.9,0.2852624
2023-01-31 19:00:00,6.4,0.2749332
2023-01-31 20:00:00,5.9,0.2685548
2023-01-31 21:00:00,5.3,0.2581661
2023-01-31 22:00:00,5.0,0.258059
2023-01-31 23:00:00,5.0,0.2383764
2023-02-01 00:00:00,5.0,0.2507286
2023-02-01 01:00:00,5.0,0.2359845
2023-02-01 02:00:00,4.6,0.2337711
2023-02-01 03:00:00,4.9,0.2351158
2023-02-01 04:00:00,5.0,0.2241321
2023-02-01 05:00:00,5.2,0.2448024
2023-02-01 06:00:00,4.7,0.2698162
2023-02-01 07:00:00,4.7,0.2897725
2023-02-01 08:00:00,5.2,0.2992806
2023-02-01 09:00:00,5.8,0.2880351
2023-02-01 10:00:00,6.3,0.2805857
2023-02-01 11:00:00,6.5,0.2763255
2023-02-01 12:00:00,6.3,0.2738146
2023-02-01 13:00:00,5.4,0.2728507
2023-02-01 14:00:00,3.1,0.2698043
2023-02-01 15:00:00,2.6,0.2728864
2023-02-01 16:00:00,3.2,0.2778011
2023-02-01 17:00:00,4.1,0.2854528
2023-02-01 18:00:00,4.6,0.2883802
2023-02-01 19:00:00,4.5,0.2756472
2023-02-01 20:00:00,4.7,0.2718035
2023-02-01 21:00:00,5.1,0.2683525
2023-02-01 22:00:00,4.8,0.2584398
2023-02-01 23:00:00,4.8,0.2491221
2023-02-02 00:00:00,4.8,0.244017
2023-02-02 01:00:00,4.6,0.2362463
2023-02-02 02:00:00,4.5,0.2405065
2023-02-02 03:00:00,4.1,0.2469325
2023-02-02 04:00:00,3.9,0.2609745
2023-02-02 05:00:00,3.7,0.2664009
2023-02-02 06:00:00,3.8,0.2938899
2023-02-02 07:00:00,4.0,0.3212718
2023-02-02 08:00:00,4.3,0.3577453
2023-02-02 09:00:00,5.2,0.367658
2023-02-02 10:00:00,5.8,0.3580071
2023-02-02 11:00:00,6.2,0.3545799
2023-02-02 12:00:00,6.1,0.3422634
2023-02-02 13:00:00,6.1,0.3373606
2023-02-02 14:00:00,6.9,0.3477136
2023-02-02 15:00:00,6.5,0.3500341
2023-02-02 16:00:00,5.9,0.3546632
2023-02-02 17:00:00,5.6,0.3676223
2023-02-02 18:00:00,4.8,0.3735128
2023-02-02 19:00:00,4.3,0.3604942
2023-02-02 20:00:00,4.2,0.3246871
2023-02-02 21:00:00,3.9,0.3264126
2023-02-02 22:00:00,4.3,0.3104785
2023-02-02 23:00:00,6.7,0.2792767
2023-02-03 00:00:00,7.4,0.284477
2023-02-03 01:00:00,7.7,0.2749213
2023-02-03 02:00:00,8.0,0.2672458
2023-02-03 03:00:00,8.2,0.2601177
2023-02-03 04:00:00,8.2,0.2555957
2023-02-03 05:00:00,8.5,0.2615338
2023-02-03 06:00:00,8.4,0.2749213
2023-02-03 07:00:00,7.5,0.2837987
2023-02-03 08:00:00,7.7,0.2869641
2023-02-03 09:00:00,8.3,0.2865119
2023-02-03 10:00:00,8.3,0.2718987
2023-02-03 11:00:00,8.2,0.2779439
2023-02-03 12:00:00,8.8,0.27698
2023-02-03 13:00:00,9.2,0.2736361
2023-02-03 14:00:00,9.1,0.2721129
2023-02-03 15:00:00,8.7,0.27698
2023-02-03 16:00:00,7.8,0.2837868
2023-02-03 17:00:00,7.5,0.289356
2023-02-03 18:00:00,7.5,0.2906888
2023-02-03 19:00:00,6.7,0.2842033
2023-02-03 20:00:00,6.3,0.279003
2023-02-03 21:00:00,6.3,0.2781105
2023-02-03 22:00:00,6.2,0.2902961
2023-02-03 23:00:00,6.2,0.283882
2023-02-04 00:00:00,5.5,0.2738384
2023-02-04 01:00:00,4.8,0.2820375
2023-02-04 02:00:00,4.6,0.2902485
2023-02-04 03:00:00,3.4,0.3005063
2023-02-04 04:00:00,2.4,0.3048022
2023-02-04 05:00:00,1.0,0.3072536
2023-02-04 06:00:00,-0.1,0.3190346
2023-02-04 07:00:00,-0.2,0.3416089
2023-02-04 08:00:00,-0.3,0.3509861
2023-02-04 09:00:00,1.4,0.3576977
2023-02-04 10:00:00,3.5,0.3508909
2023-02-04 11:00:00,3.9,0.3417040999999999
2023-02-04 12:00:00,4.1,0.3327196
2023-02-04 13:00:00,4.4,0.3143103
2023-02-04 14:00:00,4.6,0.3151671
2023-02-04 15:00:00,4.5,0.3241159
2023-02-04 16:00:00,2.6,0.3404784
2023-02-04 17:00:00,1.8,0.3582451
2023-02-04 18:00:00,1.9,0.3747504
2023-02-04 19:00:00,1.1,0.3697524
2023-02-04 20:00:00,1.3,0.3553891
2023-02-04 21:00:00,2.2,0.3437747
2023-02-04 22:00:00,1.2,0.3369322
2023-02-04 23:00:00,-1.1,0.3182373
2023-02-05 00:00:00,-1.3,0.3168569
2023-02-05 01:00:00,-0.3,0.3185943
2023-02-05 02:00:00,-0.6,0.3091457
2023-02-05 03:00:00,-0.5,0.3111092
2023-02-05 04:00:00,-0.2,0.293878
2023-02-05 05:00:00,0.0,0.2903913
2023-02-05 06:00:00,0.2,0.2915099
2023-02-05 07:00:00,0.5,0.293164
2023-02-05 08:00:00,1.2,0.2989712
2023-02-05 09:00:00,1.8,0.2956392
2023-02-05 10:00:00,1.7,0.295187
2023-02-05 11:00:00,2.0,0.3008871
2023-02-05 12:00:00,2.1,0.2937471
2023-02-05 13:00:00,2.4,0.2829419
2023-02-05 14:00:00,2.8,0.2862025
2023-02-05 15:00:00,2.3,0.2940207999999999
2023-02-05 16:00:00,2.2,0.3045404
2023-02-05 17:00:00,1.9,0.3312083
2023-02-05 18:00:00,1.7,0.3596136
2023-02-05 19:00:00,1.7,0.3589948
2023-02-05 20:00:00,1.6,0.353021
2023-02-05 21:00:00,1.8,0.3384673
2023-02-05 22:00:00,1.9,0.3409663
2023-02-05 23:00:00,2.1,0.3271742
2023-02-06 00:00:00,1.8,0.32815
2023-02-06 01:00:00,1.6,0.3266387
2023-02-06 02:00:00,0.7,0.3286379
2023-02-06 03:00:00,0.1,0.3246871
2023-02-06 04:00:00,-0.2,0.322319
2023-02-06 05:00:00,-0.9,0.3328267
2023-02-06 06:00:00,-1.1,0.3646473
2023-02-06 07:00:00,-1.1,0.3943735
2023-02-06 08:00:00,-0.6,0.4095341
2023-02-06 09:00:00,0.2,0.3943735
2023-02-06 10:00:00,0.7,0.3758452
2023-02-06 11:00:00,1.5,0.3696096
2023-02-06 12:00:00,2.2,0.3563768
2023-02-06 13:00:00,1.9,0.3473804
2023-02-06 14:00:00,2.6,0.350641
2023-02-06 15:00:00,3.3,0.3586973
2023-02-06 16:00:00,2.6,0.371942
2023-02-06 17:00:00,1.6,0.3923386
2023-02-06 18:00:00,1.0,0.409665
2023-02-06 19:00:00,-0.8,0.4000022
2023-02-06 20:00:00,-1.2,0.3771899
2023-02-06 21:00:00,-2.4,0.3537112
2023-02-06 22:00:00,-4.2,0.3457858
2023-02-06 23:00:00,-3.3,0.33886
2023-02-07 00:00:00,-4.1,0.3290782
2023-02-07 01:00:00,-4.1,0.3248299
2023-02-07 02:00:00,-2.6,0.3226998
2023-02-07 03:00:00,-3.7,0.3215336
2023-02-07 04:00:00,-3.8,0.324104
2023-02-07 05:00:00,-4.1,0.3291853
2023-02-07 06:00:00,-4.4,0.3585426
2023-02-07 07:00:00,-4.4,0.3912676
2023-02-07 08:00:00,-3.9,0.4104504
2023-02-07 09:00:00,-1.3,0.3839015
2023-02-07 10:00:00,0.7,0.3608988
2023-02-07 11:00:00,1.8,0.3243777
2023-02-07 12:00:00,3.2,0.3225927
2023-02-07 13:00:00,3.9,0.3160834
2023-02-07 14:00:00,4.6,0.3321246
2023-02-07 15:00:00,3.9,0.3601134
2023-02-07 16:00:00,2.7,0.3816762
2023-02-07 17:00:00,1.1,0.4200894
2023-02-07 18:00:00,-1.0,0.447864
2023-02-07 19:00:00,-1.6,0.42811
2023-02-07 20:00:00,-1.4,0.3924457
2023-02-07 21:00:00,-2.2,0.3795342
2023-02-07 22:00:00,-2.4,0.3618984
2023-02-07 23:00:00,-3.5,0.3496652
2023-02-08 00:00:00,-4.0,0.3460595
2023-02-08 01:00:00,-4.2,0.3402404
2023-02-08 02:00:00,-4.5,0.3341
2023-02-08 03:00:00,-4.6,0.3316843
2023-02-08 04:00:00,-4.7,0.3293043
2023-02-08 05:00:00,-5.3,0.3331242
2023-02-08 06:00:00,-5.5,0.3646711
2023-02-08 07:00:00,-5.5,0.3896016
2023-02-08 08:00:00,-4.4,0.4128661
2023-02-08 09:00:00,-1.6,0.3671225
2023-02-08 10:00:00,0.7,0.30792
2023-02-08 11:00:00,3.4,0.3059327
2023-02-08 12:00:00,3.9,0.3042905
2023-02-08 13:00:00,4.5,0.3043024
2023-02-08 14:00:00,5.2,0.3042905
2023-02-08 15:00:00,4.9,0.3156431
2023-02-08 16:00:00,3.3,0.3422634
2023-02-08 17:00:00,1.7,0.3745481
2023-02-08 18:00:00,0.7,0.3846155
2023-02-08 19:00:00,-0.5,0.33767
2023-02-08 20:00:00,-1.4,0.3286855
2023-02-08 21:00:00,-2.3,0.3148339
2023-02-08 22:00:00,-1.8,0.3075987
2023-02-08 23:00:00,-1.1,0.2971386
2023-02-09 00:00:00,-1.2,0.2859764
2023-02-09 01:00:00,-1.6,0.2964484
2023-02-09 02:00:00,-1.9,0.2925928
2023-02-09 03:00:00,-2.0,0.2929974
2023-02-09 04:00:00,-1.5,0.2989593
2023-02-09 05:00:00,-1.8,0.3133583
2023-02-09 06:00:00,-2.4,0.3403356
2023-02-09 07:00:00,-2.4,0.3632074
2023-02-09 08:00:00,-1.2,0.3614938
2023-02-09 09:00:00,0.3,0.2881184
2023-02-09 10:00:00,1.2,0.2912719
2023-02-09 11:00:00,2.4,0.2886063
2023-02-09 12:00:00,3.4,0.2879042
2023-02-09 13:00:00,4.0,0.2867261
2023-02-09 14:00:00,4.1,0.3001374
2023-02-09 15:00:00,3.7,0.3435129
2023-02-09 16:00:00,2.9,0.3519976
2023-02-09 17:00:00,2.2,0.3617675
2023-02-09 18:00:00,2.8,0.3535327
2023-02-09 19:00:00,3.1,0.3161191
2023-02-09 20:00:00,3.3,0.2933663
2023-02-09 21:00:00,2.9,0.3171663
2023-02-09 22:00:00,2.8,0.2983167
2023-02-09 23:00:00,2.6,0.2959605
2023-02-10 00:00:00,1.9,0.3016011
2023-02-10 01:00:00,2.0,0.3020771
2023-02-10 02:00:00,2.4,0.2940207999999999
2023-02-10 03:00:00,2.7,0.294473
2023-02-10 04:00:00,2.9,0.2966269
2023-02-10 05:00:00,2.7,0.3049093
2023-02-10 06:00:00,2.1,0.3388481
2023-02-10 07:00:00,1.5,0.3768329
2023-02-10 08:00:00,1.9,0.3891137
2023-02-10 09:00:00,3.3,0.3444768
2023-02-10 10:00:00,4.2,0.3226165
2023-02-10 11:00:00,5.4,0.3122992
2023-02-10 12:00:00,5.8,0.2970196
2023-02-10 13:00:00,6.0,0.2959486
2023-02-10 14:00:00,5.7,0.2866428
2023-02-10 15:00:00,5.8,0.3078605
2023-02-10 16:00:00,5.2,0.3028744
2023-02-10 17:00:00,4.2,0.3447267
2023-02-10 18:00:00,4.1,0.3097645
2023-02-10 19:00:00,3.5,0.2844651
2023-02-10 20:00:00,4.4,0.2844294
2023-02-10 21:00:00,4.4,0.2682454
2023-02-10 22:00:00,5.2,0.2617361
2023-02-10 23:00:00,5.5,0.20915
2023-02-11 00:00:00,5.6,0.2625691
2023-02-11 01:00:00,5.5,0.2572022
2023-02-11 02:00:00,5.2,0.2567857
2023-02-11 03:00:00,5.6,0.2530253
2023-02-11 04:00:00,5.8,0.2535489
2023-02-11 05:00:00,5.9,0.2518472
2023-02-11 06:00:00,6.0,0.2543105
2023-02-11 07:00:00,6.1,0.2586421
2023-02-11 08:00:00,6.1,0.2664247
2023-02-11 09:00:00,6.2,0.2674005
2023-02-11 10:00:00,6.6,0.2662819
2023-02-11 11:00:00,6.6,0.2626167
2023-02-11 12:00:00,6.9,0.2665437
2023-02-11 13:00:00,7.2,0.2637948
2023-02-11 14:00:00,7.3,0.2673291
2023-02-11 15:00:00,7.5,0.2759447
2023-02-11 16:00:00,7.7,0.2964484
2023-02-11 17:00:00,8.0,0.3387886
2023-02-11 18:00:00,8.1,0.3374201
2023-02-11 19:00:00,8.2,0.3230687
2023-02-11 20:00:00,8.2,0.3226998
2023-02-11 21:00:00,7.7,0.3201532
2023-02-11 22:00:00,7.5,0.3266744
2023-02-11 23:00:00,7.4,0.3198914
2023-02-12 00:00:00,7.5,0.3099668
2023-02-12 01:00:00,7.1,0.3049331
2023-02-12 02:00:00,6.9,0.3124301
2023-02-12 03:00:00,6.8,0.3074082999999999
2023-02-12 04:00:00,6.7,0.2965674
2023-02-12 05:00:00,6.6,0.2970791
2023-02-12 06:00:00,6.4,0.2841438
2023-02-12 07:00:00,6.3,0.2938423
2023-02-12 08:00:00,6.5,0.333386
2023-02-12 09:00:00,6.8,0.3272813
2023-02-12 10:00:00,7.4,0.3288164
2023-02-12 11:00:00,7.7,0.3222833
2023-02-12 12:00:00,8.0,0.3101691
2023-02-12 13:00:00,7.6,0.2984
2023-02-12 14:00:00,8.0,0.2984
2023-02-12 15:00:00,8.1,0.3039097
2023-02-12 16:00:00,7.9,0.3164404
2023-02-12 17:00:00,7.9,0.3442626
2023-02-12 18:00:00,7.5,0.3549369
2023-02-12 19:00:00,7.4,0.3572931
2023-02-12 20:00:00,7.1,0.346
2023-02-12 21:00:00,7.0,0.3232591
2023-02-12 22:00:00,6.8,0.3363729
2023-02-12 23:00:00,6.8,0.3197962
2023-02-13 00:00:00,6.4,0.319225
2023-02-13 01:00:00,6.3,0.3134892
2023-02-13 02:00:00,6.2,0.3134416
2023-02-13 03:00:00,6.3,0.3091576
2023-02-13 04:00:00,6.3,0.3112996
2023-02-13 05:00:00,6.9,0.3190584
2023-02-13 06:00:00,6.8,0.3497961
2023-02-13 07:00:00,6.9,0.3889352
2023-02-13 08:00:00,6.5,0.4124853
2023-02-13 09:00:00,7.3,0.389078
2023-02-13 10:00:00,7.6,0.3618865
2023-02-13 11:00:00,8.0,0.3393598
2023-02-13 12:00:00,8.5,0.3222
2023-02-13 13:00:00,8.7,0.3184753
2023-02-13 14:00:00,8.9,0.3222
2023-02-13 15:00:00,8.5,0.3429655
2023-02-13 16:00:00,8.3,0.3532114
2023-02-13 17:00:00,7.8,0.3793914
2023-02-13 18:00:00,7.0,0.419542
2023-02-13 19:00:00,5.6,0.401454
2023-02-13 20:00:00,4.5,0.3791534000000001
2023-02-13 21:00:00,3.3,0.3566505
2023-02-13 22:00:00,2.5,0.3471543
2023-02-13 23:00:00,1.9,0.3342428
2023-02-14 00:00:00,1.5,0.3169878
2023-02-14 01:00:00,1.2,0.3130608
2023-02-14 02:00:00,0.8,0.3128704
2023-02-14 03:00:00,0.4,0.3128228
2023-02-14 04:00:00,-0.4,0.3130608
2023-02-14 05:00:00,-0.5,0.3244967
2023-02-14 06:00:00,0.4,0.3534018
2023-02-14 07:00:00,0.0,0.3935881
2023-02-14 08:00:00,-0.4,0.4019062
2023-02-14 09:00:00,2.6,0.370514
2023-02-14 10:00:00,5.9,0.3201294
2023-02-14 11:00:00,8.6,0.3212004
2023-02-14 12:00:00,11.4,0.3107284
2023-02-14 13:00:00,12.2,0.3048379
2023-02-14 14:00:00,12.9,0.3066467
2023-02-14 15:00:00,13.0,0.3130608
2023-02-14 16:00:00,11.1,0.337313
2023-02-14 17:00:00,8.5,0.3707639
2023-02-14 18:00:00,7.0,0.3935881
2023-02-14 19:00:00,5.4,0.3852343
2023-02-14 20:00:00,3.5,0.3648139
2023-02-14 21:00:00,1.9,0.3461071
2023-02-14 22:00:00,0.5,0.3353257
2023-02-14 23:00:00,0.2,0.3242587
2023-02-15 00:00:00,1.0,0.3160239
2023-02-15 01:00:00,0.5,0.3114305
2023-02-15 02:00:00,0.4,0.3103
2023-02-15 03:00:00,-0.7,0.3103119
2023-02-15 04:00:00,-1.5,0.3063253999999999
2023-02-15 05:00:00,-1.9,0.3180707
2023-02-15 06:00:00,-2.3,0.3474279999999999
2023-02-15 07:00:00,-2.4,0.37575
2023-02-15 08:00:00,-1.1,0.3802244
2023-02-15 09:00:00,1.9,0.3593518
2023-02-15 10:00:00,5.6,0.3370988
2023-02-15 11:00:00,7.0,0.3128704
2023-02-15 12:00:00,8.8,0.2993401
2023-02-15 13:00:00,10.0,0.3001255
2023-02-15 14:00:00,10.9,0.3000422
2023-02-15 15:00:00,9.7,0.3087649
2023-02-15 16:00:00,8.7,0.3281381
2023-02-15 17:00:00,6.6,0.344572
2023-02-15 18:00:00,5.8,0.3620888
2023-02-15 19:00:00,5.4,0.3522475
2023-02-15 20:00:00,4.6,0.3264721
2023-02-15 21:00:00,4.6,0.3150243
2023-02-15 22:00:00,4.0,0.3140366
2023-02-15 23:00:00,3.6,0.297329
2023-02-16 00:00:00,2.1,0.2899034
2023-02-16 01:00:00,2.0,0.2954012
2023-02-16 02:00:00,2.5,0.2918788
2023-02-16 03:00:00,2.0,0.2904865
2023-02-16 04:00:00,1.8,0.29245
2023-02-16 05:00:00,0.7,0.2983524
2023-02-16 06:00:00,1.1,0.328864
2023-02-16 07:00:00,-0.1,0.353735
2023-02-16 08:00:00,3.7,0.3642546
2023-02-16 09:00:00,7.1,0.3536636
2023-02-16 10:00:00,8.0,0.3344332
2023-02-16 11:00:00,8.7,0.3137986
2023-02-16 12:00:00,8.9,0.2962342
2023-02-16 13:00:00,9.5,0.2967697
2023-02-16 14:00:00,9.5,0.3078367
2023-02-16 15:00:00,9.3,0.3161905
2023-02-16 16:00:00,8.5,0.3233424
2023-02-16 17:00:00,8.4,0.35314
2023-02-16 18:00:00,8.3,0.3542348
2023-02-16 19:00:00,7.7,0.3467021
2023-02-16 20:00:00,7.7,0.3264483
2023-02-16 21:00:00,7.6,0.3197724
2023-02-16 22:00:00,7.8,0.3073488
2023-02-16 23:00:00,7.5,0.2842033
2023-02-17 00:00:00,8.4,0.2817995
2023-02-17 01:00:00,8.9,0.2729459
2023-02-17 02:00:00,9.1,0.2659249
2023-02-17 03:00:00,9.5,0.2580828
2023-02-17 04:00:00,9.9,0.2515497
2023-02-17 05:00:00,9.8,0.263771
2023-02-17 06:00:00,10.2,0.2806928
2023-02-17 07:00:00,10.5,0.3015535
2023-02-17 08:00:00,10.6,0.310181
2023-02-17 09:00:00,10.9,0.2918788
2023-02-17 10:00:00,11.0,0.2764564
2023-02-17 11:00:00,11.1,0.2650324
2023-02-17 12:00:00,12.1,0.263652
2023-02-17 13:00:00,12.2,0.2360797
2023-02-17 14:00:00,11.0,0.1992492
2023-02-17 15:00:00,10.9,0.1957149
2023-02-17 16:00:00,11.0,0.2384597
2023-02-17 17:00:00,11.0,0.2507048
2023-02-17 18:00:00,10.2,0.2633307
2023-02-17 19:00:00,9.0,0.2568095
2023-02-17 20:00:00,7.9,0.2269524
2023-02-17 21:00:00,7.5,0.211411
2023-02-17 22:00:00,7.1,0.2077458
2023-02-17 23:00:00,7.0,0.1820418
2023-02-18 00:00:00,7.1,0.1890866
2023-02-18 01:00:00,7.1,0.1989636
2023-02-18 02:00:00,7.5,0.1982258
2023-02-18 03:00:00,7.6,0.2084479
2023-02-18 04:00:00,7.3,0.2305462
2023-02-18 05:00:00,6.4,0.239019
2023-02-18 06:00:00,6.2,0.2534894
2023-02-18 07:00:00,6.5,0.2667103
2023-02-18 08:00:00,7.9,0.2864405
2023-02-18 09:00:00,10.3,0.2923548
2023-02-18 10:00:00,10.7,0.2836916
2023-02-18 11:00:00,10.4,0.277932
2023-02-18 12:00:00,10.1,0.2680193
2023-02-18 13:00:00,9.9,0.2547151
2023-02-18 14:00:00,9.7,0.2583803
2023-02-18 15:00:00,9.9,0.270554
2023-02-18 16:00:00,9.9,0.2864762
2023-02-18 17:00:00,9.9,0.308872
2023-02-18 18:00:00,9.7,0.3306252
2023-02-18 19:00:00,9.8,0.3340405
2023-02-18 20:00:00,9.4,0.3168331
2023-02-18 21:00:00,9.1,0.2991616
2023-02-18 22:00:00,8.9,0.2948181
2023-02-18 23:00:00,8.8,0.2908554
2023-02-19 00:00:00,8.7,0.2853576
2023-02-19 01:00:00,8.9,0.2795028
2023-02-19 02:00:00,8.5,0.2740407
2023-02-19 03:00:00,8.3,0.26627
2023-02-19 04:00:00,5.6,0.2657345
2023-02-19 05:00:00,5.0,0.2719582
2023-02-19 06:00:00,4.1,0.272815
2023-02-19 07:00:00,3.0,0.2838463
2023-02-19 08:00:00,3.3,0.2910934
2023-02-19 09:00:00,3.7,0.2964008
2023-02-19 10:00:00,4.7,0.2938423
2023-02-19 11:00:00,5.6,0.2911053
2023-02-19 12:00:00,6.6,0.2847388
2023-02-19 13:00:00,7.0,0.2760042
2023-02-19 14:00:00,7.0,0.2728626
2023-02-19 15:00:00,6.9,0.283763
2023-02-19 16:00:00,6.2,0.2992568
2023-02-19 17:00:00,5.2,0.3235209
2023-02-19 18:00:00,4.8,0.344453
2023-02-19 19:00:00,4.5,0.3440722
2023-02-19 20:00:00,4.7,0.3201889
2023-02-19 21:00:00,4.5,0.306849
2023-02-19 22:00:00,5.3,0.2956392
2023-02-19 23:00:00,5.3,0.2684715
2023-02-20 00:00:00,5.9,0.2494553
2023-02-20 01:00:00,6.1,0.2163614
2023-02-20 02:00:00,5.9,0.2137434
2023-02-20 03:00:00,6.0,0.19606
2023-02-20 04:00:00,6.4,0.1902647
2023-02-20 05:00:00,7.1,0.2011056
2023-02-20 06:00:00,7.5,0.241637
2023-02-20 07:00:00,7.6,0.2486342
2023-02-20 08:00:00,6.9,0.2457425
2023-02-20 09:00:00,7.3,0.2150048
2023-02-20 10:00:00,7.4,0.2055324
2023-02-20 11:00:00,7.5,0.1840767
2023-02-20 12:00:00,7.7,0.1839339
2023-02-20 13:00:00,7.6,0.1817919
2023-02-20 14:00:00,7.9,0.2050088
2023-02-20 15:00:00,7.8,0.2178846
2023-02-20 16:00:00,7.8,0.2236085
2023-02-20 17:00:00,7.9,0.2686381
2023-02-20 18:00:00,8.3,0.2895226
2023-02-20 19:00:00,8.3,0.2853576
2023-02-20 20:00:00,8.4,0.2657583
2023-02-20 21:00:00,8.6,0.2599987
2023-02-20 22:00:00,8.4,0.2620693
2023-02-20 23:00:00,8.7,0.2372816
2023-02-21 00:00:00,8.8,0.215695
2023-02-21 01:00:00,8.7,0.2103519
2023-02-21 02:00:00,9.0,0.2124344
2023-02-21 03:00:00,8.6,0.2190032
2023-02-21 04:00:00,8.8,0.2378885
2023-02-21 05:00:00,8.8,0.2684953
2023-02-21 06:00:00,8.9,0.3075273
2023-02-21 07:00:00,8.9,0.3327553
2023-02-21 08:00:00,9.1,0.3388124
2023-02-21 09:00:00,9.3,0.311133
2023-02-21 10:00:00,9.7,0.3093956
2023-02-21 11:00:00,10.0,0.2942469
2023-02-21 12:00:00,11.1,0.2895107
2023-02-21 13:00:00,10.9,0.2914266
2023-02-21 14:00:00,10.6,0.297567
2023-02-21 15:00:00,10.1,0.3109664
2023-02-21 16:00:00,9.5,0.3328981
2023-02-21 17:00:00,9.2,0.3517715
2023-02-21 18:00:00,9.0,0.3675747
2023-02-21 19:00:00,8.6,0.366349
2023-02-21 20:00:00,8.3,0.3579
2023-02-21 21:00:00,8.1,0.344572
2023-02-21 22:00:00,8.1,0.337908
2023-02-21 23:00:00,8.0,0.3252702
2023-02-22 00:00:00,8.3,0.322081
2023-02-22 01:00:00,7.5,0.3085507
2023-02-22 02:00:00,6.5,0.304707
2023-02-22 03:00:00,5.8,0.3085507
2023-02-22 04:00:00,4.1,0.3097407
2023-02-22 05:00:00,3.9,0.3212361
2023-02-22 06:00:00,3.5,0.3430131
2023-02-22 07:00:00,3.7,0.3616247
2023-02-22 08:00:00,6.6,0.3654446
2023-02-22 09:00:00,8.9,0.3514145
2023-02-22 10:00:00,10.2,0.3371107
2023-02-22 11:00:00,11.4,0.3186181
2023-02-22 12:00:00,12.5,0.3097764
2023-02-22 13:00:00,12.9,0.3093242
2023-02-22 14:00:00,13.3,0.3174876
2023-02-22 15:00:00,13.6,0.3351829
2023-02-22 16:00:00,13.1,0.3423824
2023-02-22 17:00:00,12.0,0.3519619
2023-02-22 18:00:00,9.8,0.36385
2023-02-22 19:00:00,10.2,0.3611487
2023-02-22 20:00:00,8.7,0.3484514
2023-02-22 21:00:00,8.7,0.3388838
2023-02-22 22:00:00,7.1,0.333624
2023-02-22 23:00:00,6.3,0.3156193
2023-02-23 00:00:00,5.8,0.3158692
2023-02-23 01:00:00,5.6,0.311966
2023-02-23 02:00:00,7.2,0.30911
2023-02-23 03:00:00,7.6,0.3040882
2023-02-23 04:00:00,7.3,0.3045523
2023-02-23 05:00:00,7.2,0.3102167
2023-02-23 06:00:00,7.3,0.3388362
2023-02-23 07:00:00,7.5,0.3579
2023-02-23 08:00:00,7.4,0.3675152
2023-02-23 09:00:00,7.6,0.357424
2023-02-23 10:00:00,7.7,0.3395621
2023-02-23 11:00:00,7.7,0.3338977000000001
2023-02-23 12:00:00,7.9,0.3248418
2023-02-23 13:00:00,7.8,0.318273
2023-02-23 14:00:00,7.9,0.316607
2023-02-23 15:00:00,7.7,0.3167141
2023-02-23 16:00:00,7.2,0.3216526
2023-02-23 17:00:00,6.7,0.3369084
2023-02-23 18:00:00,6.1,0.3522118
2023-02-23 19:00:00,6.1,0.35195
2023-02-23 20:00:00,4.6,0.3411329
2023-02-23 21:00:00,4.3,0.3354566
2023-02-23 22:00:00,3.9,0.3288759
2023-02-23 23:00:00,3.6,0.3120374
2023-02-24 00:00:00,3.4,0.3146792
2023-02-24 01:00:00,3.1,0.2962342
2023-02-24 02:00:00,3.2,0.2954845
2023-02-24 03:00:00,3.2,0.2921644
2023-02-24 04:00:00,3.1,0.2954845
2023-02-24 05:00:00,3.0,0.2951037
2023-02-24 06:00:00,2.8,0.3187728
2023-02-24 07:00:00,3.0,0.3401095
2023-02-24 08:00:00,3.2,0.34005
2023-02-24 09:00:00,2.3,0.3344094
2023-02-24 10:00:00,1.8,0.3120017
2023-02-24 11:00:00,2.1,0.2853337999999999
2023-02-24 12:00:00,2.3,0.2897844
2023-02-24 13:00:00,2.0,0.2839772
2023-02-24 14:00:00,2.6,0.2763731
2023-02-24 15:00:00,3.3,0.2854052
2023-02-24 16:00:00,3.6,0.2870831
2023-02-24 17:00:00,3.8,0.2980311
2023-02-24 18:00:00,4.2,0.3179279
2023-02-24 19:00:00,4.3,0.2947824
2023-02-24 20:00:00,3.8,0.2643065
2023-02-24 21:00:00,3.9,0.2800859
2023-02-24 22:00:00,3.7,0.2664247
2023-02-24 23:00:00,3.6,0.2491102
2023-02-25 00:00:00,3.9,0.2633545
2023-02-25 01:00:00,3.5,0.2545366
2023-02-25 02:00:00,3.3,0.2495267
2023-02-25 03:00:00,3.2,0.2451237
2023-02-25 04:00:00,3.2,0.2532157
2023-02-25 05:00:00,2.9,0.2483843
2023-02-25 06:00:00,2.6,0.2469563
2023-02-25 07:00:00,2.3,0.2561193
2023-02-25 08:00:00,2.5,0.2625691
2023-02-25 09:00:00,3.4,0.2591538
2023-02-25 10:00:00,2.4,0.244136
2023-02-25 11:00:00,2.9,0.2331523
2023-02-25 12:00:00,3.3,0.2263217
2023-02-25 13:00:00,3.3,0.209031
2023-02-25 14:00:00,3.4,0.2301892
2023-02-25 15:00:00,3.7,0.2530015
2023-02-25 16:00:00,3.2,0.2704826
2023-02-25 17:00:00,2.8,0.302446
2023-02-25 18:00:00,0.1,0.3180112
2023-02-25 19:00:00,-1.0,0.3113115
2023-02-25 20:00:00,-1.5,0.2944016
2023-02-25 21:00:00,-1.6,0.2773013
2023-02-25 22:00:00,-1.6,0.2923667
2023-02-25 23:00:00,-1.7,0.2834417
2023-02-26 00:00:00,-2.6,0.2822041
2023-02-26 01:00:00,-2.3,0.2780986
2023-02-26 02:00:00,-1.7,0.2778963
2023-02-26 03:00:00,-1.5,0.2820494
2023-02-26 04:00:00,-1.4,0.279479
2023-02-26 05:00:00,-1.4,0.2811926
2023-02-26 06:00:00,-2.4,0.2829776
2023-02-26 07:00:00,-2.7,0.2859645
2023-02-26 08:00:00,-1.1,0.2853337999999999
2023-02-26 09:00:00,0.3,0.2811926
2023-02-26 10:00:00,1.5,0.2714346
2023-02-26 11:00:00,2.6,0.2661986
2023-02-26 12:00:00,2.4,0.25675
2023-02-26 13:00:00,3.9,0.22105
2023-02-26 14:00:00,4.1,0.2213832
2023-02-26 15:00:00,4.2,0.2567976
2023-02-26 16:00:00,3.1,0.2733148
2023-02-26 17:00:00,2.3,0.310181
2023-02-26 18:00:00,1.9,0.338503
2023-02-26 19:00:00,1.6,0.3423229
2023-02-26 20:00:00,0.3,0.3384316
2023-02-26 21:00:00,-0.3,0.3241516
2023-02-26 22:00:00,-2.2,0.3201651
2023-02-26 23:00:00,-3.1,0.3138461999999999
2023-02-27 00:00:00,-3.5,0.3017676999999999
2023-02-27 01:00:00,-4.5,0.3137629
2023-02-27 02:00:00,-5.3,0.313751
2023-02-27 03:00:00,-4.0,0.3043857
2023-02-27 04:00:00,-4.1,0.2984833
2023-02-27 05:00:00,-4.1,0.3219977
2023-02-27 06:00:00,-3.3,0.3510337
2023-02-27 07:00:00,-3.3,0.3777254
2023-02-27 08:00:00,-1.9,0.3780705
2023-02-27 09:00:00,0.6,0.3538183
2023-02-27 10:00:00,2.0,0.3375629
2023-02-27 11:00:00,2.9,0.3172853
2023-02-27 12:00:00,4.0,0.3205221
2023-02-27 13:00:00,5.5,0.3168688
2023-02-27 14:00:00,5.5,0.3120969
2023-02-27 15:00:00,4.2,0.312918
2023-02-27 16:00:00,4.6,0.3382055
2023-02-27 17:00:00,2.9,0.3587211
2023-02-27 18:00:00,2.3,0.3817119
2023-02-27 19:00:00,1.5,0.3913985
2023-02-27 20:00:00,1.4,0.3632431
2023-02-27 21:00:00,-0.6,0.346357
2023-02-27 22:00:00,-0.8,0.3382174
2023-02-27 23:00:00,-1.1,0.3334574
2023-02-28 00:00:00,-1.7,0.31506
2023-02-28 01:00:00,-2.5,0.3041358
2023-02-28 02:00:00,-3.3,0.3029577
2023-02-28 03:00:00,-3.9,0.3038621
2023-02-28 04:00:00,-4.3,0.3058375
2023-02-28 05:00:00,-5.0,0.3238779
2023-02-28 06:00:00,-4.9,0.3489393
2023-02-28 07:00:00,-4.3,0.3674081
2023-02-28 08:00:00,-1.4,0.3769876
2023-02-28 09:00:00,0.9,0.3463689
2023-02-28 10:00:00,3.1,0.3107522
2023-02-28 11:00:00,3.8,0.303398
2023-02-28 12:00:00,4.8,0.2944849
2023-02-28 13:00:00,4.9,0.2974361
2023-02-28 14:00:00,5.5,0.3024579
2023-02-28 15:00:00,5.4,0.314108
2023-02-28 16:00:00,4.9,0.3393598
2023-02-28 17:00:00,3.1,0.3616247
2023-02-28 18:00:00,1.4,0.3863053
2023-02-28 19:00:00,-0.5,0.3861982
2023-02-28 20:00:00,-0.6,0.3637191
2023-02-28 21:00:00,-0.8,0.3439413
2023-02-28 22:00:00,-2.1,0.3385982
2023-02-28 23:00:00,-3.2,0.3247466
2023-03-01 00:00:00,-3.7,0.3139652
2023-03-01 01:00:00,-4.6,0.3048974
2023-03-01 02:00:00,-4.9,0.3043024
2023-03-01 03:00:00,-5.5,0.3075154
2023-03-01 04:00:00,-5.9,0.3109902
2023-03-01 05:00:00,-5.9,0.3238065
2023-03-01 06:00:00,-6.1,0.3501054999999999
2023-03-01 07:00:00,-5.3,0.3769757
2023-03-01 08:00:00,-2.2,0.3769757
2023-03-01 09:00:00,0.8,0.337551
2023-03-01 10:00:00,2.8,0.3063611
2023-03-01 11:00:00,4.6,0.2968768
2023-03-01 12:00:00,5.2,0.2933901
2023-03-01 13:00:00,6.1,0.2914028
2023-03-01 14:00:00,6.9,0.2937471
2023-03-01 15:00:00,6.9,0.3017439
2023-03-01 16:00:00,6.8,0.3167974
2023-03-01 17:00:00,4.3,0.3492606
2023-03-01 18:00:00,3.5,0.3741911
2023-03-01 19:00:00,2.1,0.3727512
2023-03-01 20:00:00,1.2,0.3492606
2023-03-01 21:00:00,-0.5,0.3279715
2023-03-01 22:00:00,-0.3,0.3246395
2023-03-01 23:00:00,-1.4,0.3120969
2023-03-02 00:00:00,-1.3,0.3053258
2023-03-02 01:00:00,-1.7,0.3085983
2023-03-02 02:00:00,-2.3,0.3103357
2023-03-02 03:00:00,-2.4,0.3120493
2023-03-02 04:00:00,-2.1,0.3103119
2023-03-02 05:00:00,-1.5,0.3169402
2023-03-02 06:00:00,-1.4,0.3519381
2023-03-02 07:00:00,-1.3,0.3711209
2023-03-02 08:00:00,-1.3,0.3669678
2023-03-02 09:00:00,-0.7,0.3239136
2023-03-02 10:00:00,-0.6,0.3035884
2023-03-02 11:00:00,-0.3,0.2945801
2023-03-02 12:00:00,0.6,0.2929141
2023-03-02 13:00:00,1.2,0.2908316
2023-03-02 14:00:00,1.1,0.2956511
2023-03-02 15:00:00,1.2,0.3086578
2023-03-02 16:00:00,1.3,0.3372416
2023-03-02 17:00:00,0.8,0.3535922
2023-03-02 18:00:00,1.1,0.3756429
2023-03-02 19:00:00,0.9,0.3747147
2023-03-02 20:00:00,0.4,0.3500817
2023-03-02 21:00:00,0.3,0.3451789
2023-03-02 22:00:00,0.0,0.3335407
2023-03-02 23:00:00,-0.7,0.322081
2023-03-03 00:00:00,-0.6,0.322557
2023-03-03 01:00:00,-0.8,0.3105142000000001
2023-03-03 02:00:00,-0.6,0.3110021
2023-03-03 03:00:00,-0.4,0.3084317
2023-03-03 04:00:00,-0.3,0.3076582
2023-03-03 05:00:00,-0.2,0.31625
2023-03-03 06:00:00,-0.2,0.3486061
2023-03-03 07:00:00,-0.1,0.3781657
2023-03-03 08:00:00,0.2,0.3881141
2023-03-03 09:00:00,0.1,0.3537112
2023-03-03 10:00:00,0.7,0.3116328
2023-03-03 11:00:00,1.5,0.3019819
2023-03-03 12:00:00,1.8,0.2920811
2023-03-03 13:00:00,2.3,0.288999
2023-03-03 14:00:00,2.6,0.2875591
2023-03-03 15:00:00,2.2,0.2920811
2023-03-03 16:00:00,2.8,0.3094789
2023-03-03 17:00:00,2.3,0.3412161999999999
2023-03-03 18:00:00,2.6,0.35195
2023-03-03 19:00:00,2.8,0.3375985999999999
2023-03-03 20:00:00,3.3,0.3142389
2023-03-03 21:00:00,3.7,0.301018
2023-03-03 22:00:00,3.9,0.2889871
2023-03-03 23:00:00,3.4,0.2765397
2023-03-04 00:00:00,3.9,0.2844413
2023-03-04 01:00:00,4.1,0.2696734
2023-03-04 02:00:00,4.2,0.2652942
2023-03-04 03:00:00,4.5,0.2721724
2023-03-04 04:00:00,4.7,0.2718511
2023-03-04 05:00:00,3.9,0.2710062
2023-03-04 06:00:00,4.0,0.267579
2023-03-04 07:00:00,3.9,0.2731958
2023-03-04 08:00:00,4.3,0.2754211
2023-03-04 09:00:00,4.4,0.2708991
2023-03-04 10:00:00,5.2,0.2710776
2023-03-04 11:00:00,5.7,0.2683049
2023-03-04 12:00:00,5.4,0.2619503
2023-03-04 13:00:00,5.7,0.2641994
2023-03-04 14:00:00,5.4,0.2690665
2023-03-04 15:00:00,5.2,0.2767063
2023-03-04 16:00:00,4.6,0.282811
2023-03-04 17:00:00,4.1,0.3222
2023-03-04 18:00:00,3.9,0.3360754
2023-03-04 19:00:00,3.0,0.32815
2023-03-04 20:00:00,2.9,0.3206292
2023-03-04 21:00:00,2.5,0.2956749
2023-03-04 22:00:00,2.4,0.2996138
2023-03-04 23:00:00,2.0,0.2857979
2023-03-05 00:00:00,1.9,0.2835607
2023-03-05 01:00:00,1.8,0.2820375
2023-03-05 02:00:00,2.0,0.2812044999999999
2023-03-05 03:00:00,2.2,0.2827396
2023-03-05 04:00:00,1.8,0.2805381
2023-03-05 05:00:00,1.8,0.2815139
2023-03-05 06:00:00,2.0,0.2816686
2023-03-05 07:00:00,2.2,0.2845841
2023-03-05 08:00:00,2.5,0.2837868
2023-03-05 09:00:00,2.5,0.2837987
2023-03-05 10:00:00,3.5,0.2807642
2023-03-05 11:00:00,4.5,0.2835845
2023-03-05 12:00:00,4.4,0.2867975
2023-03-05 13:00:00,4.1,0.2837987
2023-03-05 14:00:00,5.6,0.2867618
2023-03-05 15:00:00,5.2,0.2926166
2023-03-05 16:00:00,4.6,0.3095503
2023-03-05 17:00:00,3.5,0.3283166
2023-03-05 18:00:00,3.0,0.3539373
2023-03-05 19:00:00,3.3,0.3607203
2023-03-05 20:00:00,3.5,0.3462737
2023-03-05 21:00:00,3.3,0.3370631
2023-03-05 22:00:00,3.5,0.3265554
2023-03-05 23:00:00,3.4,0.3104547
2023-03-06 00:00:00,3.2,0.317559
2023-03-06 01:00:00,3.0,0.3044571
2023-03-06 02:00:00,2.7,0.3023389
2023-03-06 03:00:00,2.5,0.3021128
2023-03-06 04:00:00,2.3,0.3028625
2023-03-06 05:00:00,0.9,0.3191536
2023-03-06 06:00:00,0.4,0.345762
2023-03-06 07:00:00,0.2,0.37575
2023-03-06 08:00:00,0.1,0.4139371
2023-03-06 09:00:00,0.1,0.3797365
2023-03-06 10:00:00,0.1,0.3582094
2023-03-06 11:00:00,1.4,0.3469996
2023-03-06 12:00:00,2.3,0.3340048
2023-03-06 13:00:00,2.9,0.3280905
2023-03-06 14:00:00,3.9,0.327317
2023-03-06 15:00:00,3.8,0.3290782
2023-03-06 16:00:00,3.9,0.33648
2023-03-06 17:00:00,2.7,0.3483919
2023-03-06 18:00:00,2.4,0.3755834
2023-03-06 19:00:00,1.9,0.3633859
2023-03-06 20:00:00,1.8,0.3316605
2023-03-06 21:00:00,1.9,0.3107641
2023-03-06 22:00:00,2.0,0.2991735
2023-03-06 23:00:00,2.3,0.2848102
2023-03-07 00:00:00,2.9,0.2722914
2023-03-07 01:00:00,2.6,0.2677694
2023-03-07 02:00:00,2.4,0.25675
2023-03-07 03:00:00,2.7,0.2495624
2023-03-07 04:00:00,3.5,0.2490388
2023-03-07 05:00:00,3.0,0.2574283
2023-03-07 06:00:00,2.6,0.2730649
2023-03-07 07:00:00,3.1,0.2740883
2023-03-07 08:00:00,3.5,0.2812521
2023-03-07 09:00:00,2.5,0.2649848
2023-03-07 10:00:00,1.1,0.2672934
2023-03-07 11:00:00,1.2,0.2677694
2023-03-07 12:00:00,1.9,0.2598083
2023-03-07 13:00:00,2.4,0.2672934
2023-03-07 14:00:00,1.4,0.2687333
2023-03-07 15:00:00,1.6,0.271744
2023-03-07 16:00:00,1.3,0.2855718
2023-03-07 17:00:00,1.3,0.3257343
2023-03-07 18:00:00,0.6,0.3508552
2023-03-07 19:00:00,1.1,0.3268529
2023-03-07 20:00:00,0.8,0.3366466
2023-03-07 21:00:00,0.4,0.3179517
2023-03-07 22:00:00,0.1,0.3010299
2023-03-07 23:00:00,-0.2,0.2930331
2023-03-08 00:00:00,0.4,0.291617
2023-03-08 01:00:00,-0.3,0.288999
2023-03-08 02:00:00,-0.2,0.2889038
2023-03-08 03:00:00,-0.8,0.28769
2023-03-08 04:00:00,-1.1,0.28769
2023-03-08 05:00:00,-0.7,0.2962937
2023-03-08 06:00:00,-1.2,0.3230092
2023-03-08 07:00:00,-0.9,0.3442507
2023-03-08 08:00:00,0.2,0.361589
2023-03-08 09:00:00,0.9,0.34957
2023-03-08 10:00:00,1.6,0.3376581
2023-03-08 11:00:00,2.1,0.3271623
2023-03-08 12:00:00,2.7,0.3188323
2023-03-08 13:00:00,2.5,0.3173567
2023-03-08 14:00:00,2.0,0.3191536
2023-03-08 15:00:00,1.4,0.3234971
2023-03-08 16:00:00,1.1,0.3275193
2023-03-08 17:00:00,0.5,0.3376819
2023-03-08 18:00:00,0.2,0.3541991
2023-03-08 19:00:00,0.0,0.3579238
2023-03-08 20:00:00,-0.1,0.3385863
2023-03-08 21:00:00,0.0,0.3158216
2023-03-08 22:00:00,0.1,0.3088958
2023-03-08 23:00:00,0.2,0.29721
2023-03-09 00:00:00,0.0,0.2908554
2023-03-09 01:00:00,-0.2,0.2881541
2023-03-09 02:00:00,-0.3,0.2877138
2023-03-09 03:00:00,-0.4,0.2857622
2023-03-09 04:00:00,-0.4,0.2879518
2023-03-09 05:00:00,-0.2,0.2900938
2023-03-09 06:00:00,-0.2,0.3190941
2023-03-09 07:00:00,0.0,0.3341
2023-03-09 08:00:00,0.2,0.3448814
2023-03-09 09:00:00,0.3,0.3352067
2023-03-09 10:00:00,0.8,0.3250084
2023-03-09 11:00:00,1.0,0.3124539
2023-03-09 12:00:00,1.2,0.30078
2023-03-09 13:00:00,1.5,0.2941755
2023-03-09 14:00:00,1.7,0.2938661
2023-03-09 15:00:00,1.4,0.2944968
2023-03-09 16:00:00,0.9,0.2964484
2023-03-09 17:00:00,0.4,0.3172615
2023-03-09 18:00:00,0.1,0.3307917999999999
2023-03-09 19:00:00,0.2,0.3281976
2023-03-09 20:00:00,0.3,0.316369
2023-03-09 21:00:00,0.3,0.3044571
2023-03-09 22:00:00,0.4,0.3029458
2023-03-09 23:00:00,0.4,0.286143
2023-03-10 00:00:00,0.5,0.2780391
2023-03-10 01:00:00,0.6,0.2754092
2023-03-10 02:00:00,0.7,0.2734814
2023-03-10 03:00:00,0.8,0.2732196
2023-03-10 04:00:00,0.8,0.2735171
2023-03-10 05:00:00,1.0,0.28055
2023-03-10 06:00:00,1.0,0.2981739
2023-03-10 07:00:00,1.1,0.3185229
2023-03-10 08:00:00,1.5,0.3232829
2023-03-10 09:00:00,1.6,0.3181659
2023-03-10 10:00:00,2.1,0.3125491
2023-03-10 11:00:00,2.5,0.304469
2023-03-10 12:00:00,2.8,0.2941398
2023-03-10 13:00:00,2.6,0.2898796
2023-03-10 14:00:00,2.3,0.2923429
2023-03-10 15:00:00,2.4,0.2896178
2023-03-10 16:00:00,2.4,0.286619
2023-03-10 17:00:00,1.9,0.3095146
2023-03-10 18:00:00,1.2,0.3168212
2023-03-10 19:00:00,0.3,0.3149648
2023-03-10 20:00:00,-0.1,0.2929379
2023-03-10 21:00:00,0.0,0.2852624
2023-03-10 22:00:00,-0.1,0.2750165
2023-03-10 23:00:00,0.0,0.2598321
2023-03-11 00:00:00,0.0,0.2391618
2023-03-11 01:00:00,-0.1,0.2402209
2023-03-11 02:00:00,-0.2,0.2425652
2023-03-11 03:00:00,-0.3,0.2536798
2023-03-11 04:00:00,-0.3,0.2601653
2023-03-11 05:00:00,-1.0,0.2700542
2023-03-11 06:00:00,-0.9,0.2796456
2023-03-11 07:00:00,-0.7,0.2866071
2023-03-11 08:00:00,-1.0,0.2912719
2023-03-11 09:00:00,0.1,0.2821803
2023-03-11 10:00:00,0.5,0.2672339
2023-03-11 11:00:00,1.0,0.2531205
2023-03-11 12:00:00,1.7,0.2492054
2023-03-11 13:00:00,2.6,0.227
2023-03-11 14:00:00,3.0,0.2274522
2023-03-11 15:00:00,3.4,0.2539297
2023-03-11 16:00:00,3.2,0.2760756
2023-03-11 17:00:00,2.7,0.3103238
2023-03-11 18:00:00,1.7,0.32815
2023-03-11 19:00:00,0.8,0.3181897
2023-03-11 20:00:00,-0.2,0.3121802
2023-03-11 21:00:00,0.4,0.2983524
2023-03-11 22:00:00,-0.3,0.2990664
2023-03-11 23:00:00,0.2,0.2847269
2023-03-12 00:00:00,-2.2,0.2996019
2023-03-12 01:00:00,-0.6,0.2760042
2023-03-12 02:00:00,-0.7,0.2760042
2023-03-12 03:00:00,-2.9,0.2632117
2023-03-12 04:00:00,-3.0,0.2648539
2023-03-12 05:00:00,-2.9,0.2651752
2023-03-12 06:00:00,-1.0,0.2636639
2023-03-12 07:00:00,-0.3,0.2615695
2023-03-12 08:00:00,1.2,0.2630213
2023-03-12 09:00:00,2.0,0.2674362
2023-03-12 10:00:00,2.6,0.26508
2023-03-12 11:00:00,3.3,0.2600701
2023-03-12 12:00:00,1.9,0.251276
2023-03-12 13:00:00,1.6,0.2376624
2023-03-12 14:00:00,2.2,0.2389
2023-03-12 15:00:00,2.9,0.244731
2023-03-12 16:00:00,3.6,0.2568095
2023-03-12 17:00:00,5.0,0.2756829
2023-03-12 18:00:00,6.2,0.2982215
2023-03-12 19:00:00,7.2,0.3234376
2023-03-12 20:00:00,7.9,0.3102643
2023-03-12 21:00:00,8.1,0.2801811
2023-03-12 22:00:00,7.4,0.2684953
2023-03-12 23:00:00,8.4,0.2514545
2023-03-13 00:00:00,8.6,0.2103281
2023-03-13 01:00:00,9.0,0.1997371
2023-03-13 02:00:00,9.2,0.1952984
2023-03-13 03:00:00,8.3,0.1756991
2023-03-13 04:00:00,8.1,0.1645369
2023-03-13 05:00:00,8.4,0.1756991
2023-03-13 06:00:00,8.3,0.2014031
2023-03-13 07:00:00,9.1,0.2480749
2023-03-13 08:00:00,11.4,0.2505739
2023-03-13 09:00:00,12.5,0.2061274
2023-03-13 10:00:00,13.1,0.1919069
2023-03-13 11:00:00,14.2,0.1821608
2023-03-13 12:00:00,15.5,0.1580633
2023-03-13 13:00:00,16.4,0.1555762
2023-03-13 14:00:00,17.2,0.1555643
2023-03-13 15:00:00,17.2,0.1559094
2023-03-13 16:00:00,16.2,0.1663457
2023-03-13 17:00:00,15.7,0.2191103
2023-03-13 18:00:00,14.7,0.2610221
2023-03-13 19:00:00,13.6,0.26865
2023-03-13 20:00:00,12.8,0.2535727
2023-03-13 21:00:00,12.5,0.2185986
2023-03-13 22:00:00,12.6,0.1977855
2023-03-13 23:00:00,11.4,0.1833508
2023-03-14 00:00:00,11.1,0.1669883
2023-03-14 01:00:00,12.0,0.1609074
2023-03-14 02:00:00,11.8,0.16036
2023-03-14 03:00:00,11.8,0.1577896
2023-03-14 04:00:00,11.3,0.159765
2023-03-14 05:00:00,9.3,0.1663457
2023-03-14 06:00:00,9.4,0.206294
2023-03-14 07:00:00,9.8,0.2631998
2023-03-14 08:00:00,9.9,0.2684596
2023-03-14 09:00:00,9.5,0.2548103
2023-03-14 10:00:00,11.0,0.2433982
2023-03-14 11:00:00,10.7,0.2281186
2023-03-14 12:00:00,5.2,0.2189794
2023-03-14 13:00:00,3.5,0.2282733
2023-03-14 14:00:00,5.1,0.2334855
2023-03-14 15:00:00,5.0,0.2267858
2023-03-14 16:00:00,5.2,0.2494077
2023-03-14 17:00:00,4.5,0.3017915
2023-03-14 18:00:00,4.0,0.3279834
2023-03-14 19:00:00,2.7,0.3367299
2023-03-14 20:00:00,1.9,0.3233067
2023-03-14 21:00:00,1.4,0.3099668
2023-03-14 22:00:00,1.8,0.3017796
2023-03-14 23:00:00,1.6,0.2809308
2023-03-15 00:00:00,1.5,0.2813116
2023-03-15 01:00:00,2.0,0.281502
2023-03-15 02:00:00,3.1,0.2793243
2023-03-15 03:00:00,2.6,0.2808237
2023-03-15 04:00:00,1.9,0.2813473
2023-03-15 05:00:00,2.0,0.3001017
2023-03-15 06:00:00,2.0,0.3263293
2023-03-15 07:00:00,1.9,0.346
2023-03-15 08:00:00,3.0,0.3455002
2023-03-15 09:00:00,4.6,0.3102881
2023-03-15 10:00:00,4.7,0.2914385
2023-03-15 11:00:00,6.0,0.27103
2023-03-15 12:00:00,6.6,0.2637115
2023-03-15 13:00:00,1.7,0.2636996
2023-03-15 14:00:00,3.9,0.2701375
2023-03-15 15:00:00,5.3,0.2779677
2023-03-15 16:00:00,5.4,0.2948181
2023-03-15 17:00:00,4.7,0.335052
2023-03-15 18:00:00,3.7,0.372537
2023-03-15 19:00:00,3.3,0.3927432
2023-03-15 20:00:00,2.3,0.3566862
2023-03-15 21:00:00,0.3,0.3309584
2023-03-15 22:00:00,0.6,0.3214265
2023-03-15 23:00:00,-0.1,0.3074797
2023-03-16 00:00:00,0.5,0.2952941
2023-03-16 01:00:00,0.4,0.2836559
2023-03-16 02:00:00,0.4,0.279122
2023-03-16 03:00:00,-0.4,0.2746
2023-03-16 04:00:00,-0.7,0.2723033
2023-03-16 05:00:00,-0.5,0.2791934
2023-03-16 06:00:00,0.6,0.3106808
2023-03-16 07:00:00,1.6,0.3249965
2023-03-16 08:00:00,3.6,0.3198557
2023-03-16 09:00:00,4.9,0.2949728
2023-03-16 10:00:00,6.5,0.278408
2023-03-16 11:00:00,7.6,0.2644969
2023-03-16 12:00:00,8.4,0.257226
2023-03-16 13:00:00,9.2,0.2490031
2023-03-16 14:00:00,9.3,0.2513712
2023-03-16 15:00:00,9.0,0.2566191
2023-03-16 16:00:00,8.6,0.2693402
2023-03-16 17:00:00,8.5,0.2974718
2023-03-16 18:00:00,8.0,0.3125015
2023-03-16 19:00:00,7.6,0.3102643
2023-03-16 20:00:00,7.1,0.2865
2023-03-16 21:00:00,7.2,0.2723866
2023-03-16 22:00:00,7.0,0.2580233
2023-03-16 23:00:00,6.7,0.2513236
2023-03-17 00:00:00,6.8,0.2132555
2023-03-17 01:00:00,6.3,0.2150643
2023-03-17 02:00:00,6.2,0.2151714
2023-03-17 03:00:00,6.0,0.2269167
2023-03-17 04:00:00,6.2,0.2303201
2023-03-17 05:00:00,5.6,0.2526921
2023-03-17 06:00:00,5.9,0.2806333
2023-03-17 07:00:00,6.6,0.2890823
2023-03-17 08:00:00,8.9,0.2800264
2023-03-17 09:00:00,10.3,0.2630451
2023-03-17 10:00:00,12.4,0.2556076
2023-03-17 11:00:00,13.6,0.2507405
2023-03-17 12:00:00,14.3,0.2457544
2023-03-17 13:00:00,15.4,0.2437195
2023-03-17 14:00:00,15.9,0.2603795
2023-03-17 15:00:00,16.5,0.2734457
2023-03-17 16:00:00,15.7,0.2859526
2023-03-17 17:00:00,14.5,0.3064801
2023-03-17 18:00:00,13.7,0.3154884
2023-03-17 19:00:00,13.5,0.3153337
2023-03-17 20:00:00,13.0,0.3059564999999999
2023-03-17 21:00:00,11.3,0.2864643
2023-03-17 22:00:00,11.2,0.2830371
2023-03-17 23:00:00,12.0,0.2772775
2023-03-18 00:00:00,11.8,0.2821565
2023-03-18 01:00:00,11.8,0.2725175
2023-03-18 02:00:00,11.9,0.2708396
2023-03-18 03:00:00,9.9,0.26865
2023-03-18 04:00:00,10.0,0.2700542
2023-03-18 05:00:00,9.9,0.274362
2023-03-18 06:00:00,10.2,0.278765
2023-03-18 07:00:00,10.6,0.2810617
2023-03-18 08:00:00,11.7,0.2754806
2023-03-18 09:00:00,12.8,0.2777535
2023-03-18 10:00:00,14.2,0.27103
2023-03-18 11:00:00,13.6,0.2640566
2023-03-18 12:00:00,15.4,0.2556314
2023-03-18 13:00:00,15.5,0.2512998
2023-03-18 14:00:00,15.5,0.2597488
2023-03-18 15:00:00,15.5,0.2651752
2023-03-18 16:00:00,15.3,0.2798717
2023-03-18 17:00:00,14.8,0.3111806
2023-03-18 18:00:00,12.0,0.3423705
2023-03-18 19:00:00,11.4,0.3573526
2023-03-18 20:00:00,11.0,0.3271385
2023-03-18 21:00:00,9.7,0.3137748
2023-03-18 22:00:00,9.9,0.3102405
2023-03-18 23:00:00,9.7,0.2965674
2023-03-19 00:00:00,9.9,0.2865357
2023-03-19 01:00:00,8.7,0.28174
2023-03-19 02:00:00,8.2,0.274124
2023-03-19 03:00:00,6.8,0.2736242
2023-03-19 04:00:00,7.1,0.2731006
2023-03-19 05:00:00,6.5,0.2785984
2023-03-19 06:00:00,6.9,0.2746
2023-03-19 07:00:00,8.8,0.2775155
2023-03-19 08:00:00,10.7,0.2763136
2023-03-19 09:00:00,13.1,0.2772894
2023-03-19 10:00:00,14.8,0.2750879
2023-03-19 11:00:00,15.5,0.2736242
2023-03-19 12:00:00,15.4,0.2714941
2023-03-19 13:00:00,15.2,0.2675076
2023-03-19 14:00:00,14.2,0.2686619
2023-03-19 15:00:00,14.7,0.2730173
2023-03-19 16:00:00,14.6,0.2818471
2023-03-19 17:00:00,13.4,0.3140722999999999
2023-03-19 18:00:00,12.6,0.32815
2023-03-19 19:00:00,12.5,0.3375629
2023-03-19 20:00:00,10.8,0.3278049
2023-03-19 21:00:00,11.0,0.3165713
2023-03-19 22:00:00,9.9,0.313751
2023-03-19 23:00:00,11.0,0.3103
2023-03-20 00:00:00,9.4,0.30316
2023-03-20 01:00:00,8.7,0.2923786
2023-03-20 02:00:00,8.8,0.2901414
2023-03-20 03:00:00,8.6,0.2867142
2023-03-20 04:00:00,7.8,0.2867975
2023-03-20 05:00:00,7.7,0.294116
2023-03-20 06:00:00,8.5,0.3171663
2023-03-20 07:00:00,8.9,0.3322317
2023-03-20 08:00:00,8.8,0.3323269
2023-03-20 09:00:00,8.9,0.3192964
2023-03-20 10:00:00,9.2,0.3016725
2023-03-20 11:00:00,9.8,0.2933901
2023-03-20 12:00:00,9.8,0.2800621
2023-03-20 13:00:00,10.4,0.2745524
2023-03-20 14:00:00,10.9,0.2766587
2023-03-20 15:00:00,10.0,0.2802406
2023-03-20 16:00:00,9.8,0.2910577
2023-03-20 17:00:00,9.3,0.3136796
2023-03-20 18:00:00,9.0,0.3352424
2023-03-20 19:00:00,8.4,0.3525093
2023-03-20 20:00:00,8.3,0.3369084
2023-03-20 21:00:00,7.9,0.3168331
2023-03-20 22:00:00,7.0,0.307325
2023-03-20 23:00:00,7.0,0.2948776
2023-03-21 00:00:00,7.3,0.2993401
2023-03-21 01:00:00,7.6,0.2892132
2023-03-21 02:00:00,7.7,0.2883564
2023-03-21 03:00:00,8.0,0.2848935
2023-03-21 04:00:00,8.2,0.2865
2023-03-21 05:00:00,8.1,0.2962699
2023-03-21 06:00:00,8.3,0.3100739
2023-03-21 07:00:00,8.4,0.3287331
2023-03-21 08:00:00,9.5,0.3263055
2023-03-21 09:00:00,9.7,0.3085507
2023-03-21 10:00:00,10.0,0.2924619
2023-03-21 11:00:00,10.7,0.2825968
2023-03-21 12:00:00,10.3,0.2769562
2023-03-21 13:00:00,10.5,0.2740764
2023-03-21 14:00:00,10.6,0.2730173
2023-03-21 15:00:00,10.2,0.2726008
2023-03-21 16:00:00,10.5,0.2760399
2023-03-21 17:00:00,10.6,0.2900581
2023-03-21 18:00:00,10.8,0.3127752
2023-03-21 19:00:00,10.1,0.3261151
2023-03-21 20:00:00,10.0,0.3046475
2023-03-21 21:00:00,9.4,0.2807047
2023-03-21 22:00:00,9.1,0.2742311
2023-03-21 23:00:00,8.9,0.2657821
2023-03-22 00:00:00,8.5,0.2473014
2023-03-22 01:00:00,8.4,0.2426961
2023-03-22 02:00:00,9.0,0.243065
2023-03-22 03:00:00,9.2,0.2377695
2023-03-22 04:00:00,9.5,0.2349373
2023-03-22 05:00:00,9.6,0.2436957
2023-03-22 06:00:00,9.7,0.2651157
2023-03-22 07:00:00,10.4,0.2853219
2023-03-22 08:00:00,10.8,0.2867499
2023-03-22 09:00:00,11.6,0.2536203
2023-03-22 10:00:00,12.8,0.2250365
2023-03-22 11:00:00,13.8,0.1952151
2023-03-22 12:00:00,14.2,0.1828867
2023-03-22 13:00:00,14.3,0.1758181
2023-03-22 14:00:00,14.3,0.2025217
2023-03-22 15:00:00,13.6,0.2370079
2023-03-22 16:00:00,13.5,0.2521328
2023-03-22 17:00:00,13.5,0.2753378
2023-03-22 18:00:00,13.0,0.2975075
2023-03-22 19:00:00,12.4,0.3220215
2023-03-22 20:00:00,12.6,0.3047189
2023-03-22 21:00:00,12.9,0.2846079
2023-03-22 22:00:00,12.8,0.274481
2023-03-22 23:00:00,12.7,0.2547151
2023-03-23 00:00:00,11.8,0.2365795
2023-03-23 01:00:00,11.3,0.2340091
2023-03-23 02:00:00,10.9,0.2213951
2023-03-23 03:00:00,11.2,0.2102686
2023-03-23 04:00:00,11.5,0.1950723
2023-03-23 05:00:00,11.4,0.2219782
2023-03-23 06:00:00,11.5,0.2515616
2023-03-23 07:00:00,11.9,0.2653418
2023-03-23 08:00:00,12.8,0.26865
2023-03-23 09:00:00,13.4,0.242232
2023-03-23 10:00:00,13.5,0.2040806
2023-03-23 11:00:00,14.0,0.1980592
2023-03-23 12:00:00,11.7,0.1990588
2023-03-23 13:00:00,11.2,0.1998561
2023-03-23 14:00:00,11.7,0.2166232
2023-03-23 15:00:00,12.6,0.2213832
2023-03-23 16:00:00,12.9,0.262581
2023-03-23 17:00:00,12.1,0.2977455
2023-03-23 18:00:00,11.9,0.3184634
2023-03-23 19:00:00,11.5,0.3274122
2023-03-23 20:00:00,11.9,0.3009228
2023-03-23 21:00:00,11.0,0.2658535
2023-03-23 22:00:00,11.5,0.2613315
2023-03-23 23:00:00,11.8,0.2476465
2023-03-24 00:00:00,11.8,0.2211928
2023-03-24 01:00:00,11.7,0.207722
2023-03-24 02:00:00,11.4,0.2039973
2023-03-24 03:00:00,11.6,0.2034142
2023-03-24 04:00:00,11.6,0.1973333
2023-03-24 05:00:00,11.7,0.2034261
2023-03-24 06:00:00,12.4,0.2299036
2023-03-24 07:00:00,12.0,0.2522637
2023-03-24 08:00:00,12.7,0.2522637
2023-03-24 09:00:00,11.9,0.2298084
2023-03-24 10:00:00,12.1,0.1995705
2023-03-24 11:00:00,12.3,0.1856832
2023-03-24 12:00:00,13.3,0.1692493
2023-03-24 13:00:00,13.9,0.1603481
2023-03-24 14:00:00,12.0,0.1580633
2023-03-24 15:00:00,12.9,0.1625496
2023-03-24 16:00:00,12.0,0.1908121
2023-03-24 17:00:00,8.9,0.2502407
2023-03-24 18:00:00,8.4,0.2758138
2023-03-24 19:00:00,9.0,0.2939137
2023-03-24 20:00:00,9.0,0.2709348
2023-03-24 21:00:00,9.3,0.253775
2023-03-24 22:00:00,8.8,0.246278
2023-03-24 23:00:00,9.2,0.232831
2023-03-25 00:00:00,9.4,0.173807
2023-03-25 01:00:00,9.5,0.1567543
2023-03-25 02:00:00,9.8,0.1557309
2023-03-25 03:00:00,8.9,0.1556952
2023-03-25 04:00:00,8.8,0.1559451
2023-03-25 05:00:00,8.6,0.155719
2023-03-25 06:00:00,8.3,0.1598007
2023-03-25 07:00:00,8.9,0.1647868
2023-03-25 08:00:00,9.4,0.1626567
2023-03-25 09:00:00,9.4,0.1556714
2023-03-25 10:00:00,9.6,0.1555286
2023-03-25 11:00:00,10.4,0.1541958
2023-03-25 12:00:00,10.2,0.1512922
2023-03-25 13:00:00,11.3,0.1484362
2023-03-25 14:00:00,10.3,0.1491978
2023-03-25 15:00:00,9.7,0.1545647
2023-03-25 16:00:00,8.9,0.1555762
2023-03-25 17:00:00,8.4,0.184041
2023-03-25 18:00:00,8.7,0.227
2023-03-25 19:00:00,7.8,0.2472776
2023-03-25 20:00:00,7.7,0.227
2023-03-25 21:00:00,7.9,0.2053896
2023-03-25 22:00:00,8.0,0.2019029
2023-03-25 23:00:00,7.6,0.1952984
2023-03-26 00:00:00,7.7,0.2027954
2023-03-26 01:00:00,7.8,0.2022837
2023-03-26 03:00:00,7.2,0.2033428
2023-03-26 04:00:00,7.0,0.2042472
2023-03-26 05:00:00,6.7,0.2048898
2023-03-26 06:00:00,6.5,0.2311531
2023-03-26 07:00:00,6.8,0.2425771
2023-03-26 08:00:00,7.2,0.2475156
2023-03-26 09:00:00,7.8,0.250324
2023-03-26 10:00:00,8.0,0.2491102
2023-03-26 11:00:00,8.2,0.24604
2023-03-26 12:00:00,9.3,0.2292491
2023-03-26 13:00:00,9.7,0.2215736
2023-03-26 14:00:00,9.0,0.2156474
2023-03-26 15:00:00,8.7,0.2103638
2023-03-26 16:00:00,8.3,0.2131365
2023-03-26 17:00:00,8.2,0.2473371
2023-03-26 18:00:00,7.6,0.2825135
2023-03-26 19:00:00,6.8,0.2958534
2023-03-26 20:00:00,5.3,0.2895821
2023-03-26 21:00:00,4.3,0.2801097
2023-03-26 22:00:00,3.2,0.2739098
2023-03-26 23:00:00,3.4,0.2682216
2023-03-27 00:00:00,3.1,0.26984
2023-03-27 01:00:00,2.6,0.2664485
2023-03-27 02:00:00,0.8,0.2597012
2023-03-27 03:00:00,-0.5,0.2555481
2023-03-27 04:00:00,-1.0,0.256631
2023-03-27 05:00:00,-0.6,0.2660915
2023-03-27 06:00:00,-0.6,0.29245
2023-03-27 07:00:00,0.2,0.3257581
2023-03-27 08:00:00,1.4,0.3356589
2023-03-27 09:00:00,3.5,0.2969244
2023-03-27 10:00:00,4.6,0.2684715
2023-03-27 11:00:00,4.8,0.2519067
2023-03-27 12:00:00,1.6,0.2368294
2023-03-27 13:00:00,4.3,0.2209429
2023-03-27 14:00:00,4.6,0.2064606
2023-03-27 15:00:00,5.0,0.2105304
2023-03-27 16:00:00,4.5,0.2146478
2023-03-27 17:00:00,5.4,0.2441003
2023-03-27 18:00:00,4.2,0.2697805
2023-03-27 19:00:00,3.4,0.3036122
2023-03-27 20:00:00,1.2,0.2937233
2023-03-27 21:00:00,2.8,0.2817281
2023-03-27 22:00:00,2.4,0.2787888
2023-03-27 23:00:00,2.6,0.2644374
2023-03-28 00:00:00,2.0,0.2492292
2023-03-28 01:00:00,1.4,0.253537
2023-03-28 02:00:00,1.2,0.2563573
2023-03-28 03:00:00,1.3,0.2660677
2023-03-28 04:00:00,1.2,0.265675
2023-03-28 05:00:00,0.7,0.2739336
2023-03-28 06:00:00,0.5,0.3103595
2023-03-28 07:00:00,1.0,0.3459048
2023-03-28 08:00:00,2.4,0.3459048
2023-03-28 09:00:00,2.8,0.3068966
2023-03-28 10:00:00,4.3,0.2796932
2023-03-28 11:00:00,5.6,0.2685191
2023-03-28 12:00:00,5.9,0.2684596
2023-03-28 13:00:00,7.1,0.2662581
2023-03-28 14:00:00,6.7,0.2647944
2023-03-28 15:00:00,7.0,0.2682573
2023-03-28 16:00:00,7.9,0.2701018
2023-03-28 17:00:00,7.0,0.2848221
2023-03-28 18:00:00,6.7,0.3184753
2023-03-28 19:00:00,6.2,0.3471662
2023-03-28 20:00:00,6.0,0.34719
2023-03-28 21:00:00,5.8,0.3138938
2023-03-28 22:00:00,5.5,0.3068371
2023-03-28 23:00:00,5.7,0.2876662
2023-03-29 00:00:00,5.9,0.2716607
2023-03-29 01:00:00,5.8,0.268769
2023-03-29 02:00:00,5.8,0.2711847
2023-03-29 03:00:00,5.5,0.2731482
2023-03-29 04:00:00,5.1,0.2724342
2023-03-29 05:00:00,4.9,0.273648
2023-03-29 06:00:00,4.9,0.2948776
2023-03-29 07:00:00,4.9,0.3271147
2023-03-29 08:00:00,5.8,0.33648
2023-03-29 09:00:00,6.8,0.3271623
2023-03-29 10:00:00,7.5,0.3103357
2023-03-29 11:00:00,7.8,0.2972695
2023-03-29 12:00:00,8.4,0.2876662
2023-03-29 13:00:00,9.8,0.281264
2023-03-29 14:00:00,11.2,0.2764445
2023-03-29 15:00:00,10.0,0.2804786
2023-03-29 16:00:00,10.7,0.281978
2023-03-29 17:00:00,10.7,0.3080985
2023-03-29 18:00:00,10.7,0.3286379
2023-03-29 19:00:00,10.3,0.3339453
2023-03-29 20:00:00,10.2,0.3130132
2023-03-29 21:00:00,10.2,0.2923548
2023-03-29 22:00:00,9.2,0.286381
2023-03-29 23:00:00,9.9,0.268412
2023-03-30 00:00:00,9.3,0.2623549
2023-03-30 01:00:00,9.5,0.2534775
2023-03-30 02:00:00,9.1,0.2516925
2023-03-30 03:00:00,9.3,0.2493363
2023-03-30 04:00:00,10.1,0.2483129
2023-03-30 05:00:00,11.3,0.246992
2023-03-30 06:00:00,12.1,0.2624263
2023-03-30 07:00:00,12.4,0.2976503
2023-03-30 08:00:00,13.5,0.309467
2023-03-30 09:00:00,14.3,0.2865
2023-03-30 10:00:00,14.7,0.2634854
2023-03-30 11:00:00,13.9,0.2508
2023-03-30 12:00:00,13.1,0.2327477
2023-03-30 13:00:00,14.4,0.1860521
2023-03-30 14:00:00,14.5,0.1624425
2023-03-30 15:00:00,15.2,0.1675595
2023-03-30 16:00:00,14.7,0.2027478
2023-03-30 17:00:00,13.0,0.2418036
2023-03-30 18:00:00,11.8,0.2716845
2023-03-30 19:00:00,11.8,0.2984
2023-03-30 20:00:00,11.6,0.2976503
2023-03-30 21:00:00,11.7,0.2785032
2023-03-30 22:00:00,11.4,0.2746595
2023-03-30 23:00:00,11.0,0.2636044
2023-03-31 00:00:00,11.3,0.2331047
2023-03-31 01:00:00,11.5,0.232831
2023-03-31 02:00:00,10.6,0.223549
2023-03-31 03:00:00,10.4,0.2134578
2023-03-31 04:00:00,10.2,0.2375196
2023-03-31 05:00:00,10.1,0.2507643
2023-03-31 06:00:00,9.7,0.2885468
2023-03-31 07:00:00,10.1,0.3128228
2023-03-31 08:00:00,9.9,0.3193916
2023-03-31 09:00:00,10.0,0.3129061
2023-03-31 10:00:00,10.9,0.303398
2023-03-31 11:00:00,10.7,0.2980073
2023-03-31 12:00:00,10.6,0.2790863
2023-03-31 13:00:00,10.3,0.2711966
2023-03-31 14:00:00,11.4,0.2663295
2023-03-31 15:00:00,11.7,0.2683168
2023-03-31 16:00:00,12.1,0.2768491
2023-03-31 17:00:00,10.8,0.2787769
2023-03-31 18:00:00,10.7,0.2924143
2023-03-31 19:00:00,10.2,0.2931164
2023-03-31 20:00:00,10.4,0.2864762
2023-03-31 21:00:00,10.1,0.2732077
2023-03-31 22:00:00,10.1,0.2588087
2023-03-31 23:00:00,9.6,0.2508
2023-04-01 00:00:00,9.4,0.2534061
2023-04-01 01:00:00,9.7,0.231641
2023-04-01 02:00:00,9.8,0.2196696
2023-04-01 03:00:00,9.2,0.2018077
2023-04-01 04:00:00,9.4,0.1984995
2023-04-01 05:00:00,9.2,0.1976427
2023-04-01 06:00:00,9.0,0.1964884
2023-04-01 07:00:00,9.1,0.2171349
2023-04-01 08:00:00,9.9,0.2283804
2023-04-01 09:00:00,10.2,0.2274879
2023-04-01 10:00:00,11.0,0.2145883
2023-04-01 11:00:00,11.2,0.2104471
2023-04-01 12:00:00,11.1,0.2043424
2023-04-01 13:00:00,11.4,0.2015578
2023-04-01 14:00:00,11.5,0.195465
2023-04-01 15:00:00,9.4,0.1988803
2023-04-01 16:00:00,8.4,0.2038783
2023-04-01 17:00:00,7.7,0.2175514
2023-04-01 18:00:00,6.6,0.2566191
2023-04-01 19:00:00,6.0,0.2637591
2023-04-01 20:00:00,5.4,0.2566191
2023-04-01 21:00:00,4.9,0.245564
2023-04-01 22:00:00,4.2,0.2507405
2023-04-01 23:00:00,3.8,0.2349016
2023-04-02 00:00:00,3.1,0.2384121
2023-04-02 01:00:00,2.7,0.2275474
2023-04-02 02:00:00,2.4,0.2252269
2023-04-02 03:00:00,2.2,0.2275474
2023-04-02 04:00:00,2.0,0.2252269
2023-04-02 05:00:00,2.0,0.2275474
2023-04-02 06:00:00,2.1,0.2254768
2023-04-02 07:00:00,2.3,0.2389952
2023-04-02 08:00:00,2.6,0.2455045
2023-04-02 09:00:00,3.1,0.2342471
2023-04-02 10:00:00,3.4,0.2170754
2023-04-02 11:00:00,3.8,0.2153856
2023-04-02 12:00:00,5.1,0.2063416
2023-04-02 13:00:00,6.4,0.1866233
2023-04-02 14:00:00,7.8,0.1725099
2023-04-02 15:00:00,8.6,0.1732001
2023-04-02 16:00:00,8.9,0.1935015
2023-04-02 17:00:00,7.8,0.2052706
2023-04-02 18:00:00,7.7,0.2750879
2023-04-02 19:00:00,6.6,0.3103
2023-04-02 20:00:00,4.3,0.312085
2023-04-02 21:00:00,3.0,0.299114
2023-04-02 22:00:00,1.7,0.2896892
2023-04-02 23:00:00,1.8,0.2854528
2023-04-03 00:00:00,0.7,0.2847507
2023-04-03 01:00:00,-0.3,0.2837392
2023-04-03 02:00:00,-1.4,0.2841676
2023-04-03 03:00:00,-2.3,0.279241
2023-04-03 04:00:00,-2.5,0.2751117
2023-04-03 05:00:00,-2.5,0.2865833
2023-04-03 06:00:00,-3.0,0.3212718
2023-04-03 07:00:00,-1.6,0.3549725999999999
2023-04-03 08:00:00,0.6,0.3505101
2023-04-03 09:00:00,3.0,0.3083722
2023-04-03 10:00:00,4.4,0.279122
2023-04-03 11:00:00,5.1,0.2612244
2023-04-03 12:00:00,5.5,0.2519662
2023-04-03 13:00:00,6.7,0.244731
2023-04-03 14:00:00,6.5,0.2408754
2023-04-03 15:00:00,6.8,0.2495029
2023-04-03 16:00:00,6.5,0.25318
2023-04-03 17:00:00,7.0,0.2750165
2023-04-03 18:00:00,5.2,0.3147863
2023-04-03 19:00:00,4.2,0.3437509
2023-04-03 20:00:00,3.0,0.3415375
2023-04-03 21:00:00,2.8,0.3256986
2023-04-03 22:00:00,0.8,0.3127038
2023-04-03 23:00:00,0.0,0.2902128
2023-04-04 00:00:00,-0.5,0.2875115
2023-04-04 01:00:00,-1.7,0.2865
2023-04-04 02:00:00,-2.1,0.2908792
2023-04-04 03:00:00,-2.1,0.2929498
2023-04-04 04:00:00,-2.2,0.2944016
2023-04-04 05:00:00,-2.5,0.3006729
2023-04-04 06:00:00,-2.7,0.3285665
2023-04-04 07:00:00,-2.2,0.3702522
2023-04-04 08:00:00,-0.4,0.3680507
2023-04-04 09:00:00,2.6,0.3312797
2023-04-04 10:00:00,3.4,0.2965317
2023-04-04 11:00:00,5.0,0.2889038
2023-04-04 12:00:00,5.9,0.2851434
2023-04-04 13:00:00,6.0,0.2842628
2023-04-04 14:00:00,6.8,0.2832989
2023-04-04 15:00:00,6.4,0.2849648999999999
2023-04-04 16:00:00,7.1,0.2897487
2023-04-04 17:00:00,6.6,0.30078
2023-04-04 18:00:00,6.5,0.3306489999999999
2023-04-04 19:00:00,5.9,0.3698
2023-04-04 20:00:00,4.4,0.3666108
2023-04-04 21:00:00,3.4,0.3407164
2023-04-04 22:00:00,2.4,0.3236161
2023-04-04 23:00:00,0.9,0.3102167
2023-04-05 00:00:00,0.1,0.3073369
2023-04-05 01:00:00,-0.9,0.2963294
2023-04-05 02:00:00,-0.6,0.2979359
2023-04-05 03:00:00,-1.1,0.2963175
2023-04-05 04:00:00,-2.0,0.3043381
2023-04-05 05:00:00,-2.7,0.3156074
2023-04-05 06:00:00,-3.0,0.3529258
2023-04-05 07:00:00,-1.9,0.4030248
2023-04-05 08:00:00,-0.8,0.3694906
2023-04-05 09:00:00,3.3,0.3247704
2023-04-05 10:00:00,5.9,0.297924
2023-04-05 11:00:00,5.7,0.29245
2023-04-05 12:00:00,6.3,0.2907721
2023-04-05 13:00:00,8.0,0.2910696
2023-04-05 14:00:00,8.4,0.2910339
2023-04-05 15:00:00,9.0,0.2907721
2023-04-05 16:00:00,8.8,0.293997
2023-04-05 17:00:00,8.9,0.3169759
2023-04-05 18:00:00,7.6,0.3418588
2023-04-05 19:00:00,7.0,0.3930764
2023-04-05 20:00:00,5.5,0.3836992
2023-04-05 21:00:00,3.8,0.3519261999999999
2023-04-05 22:00:00,2.6,0.3357541
2023-04-05 23:00:00,1.4,0.3211647
2023-04-06 00:00:00,0.6,0.3168926
2023-04-06 01:00:00,0.3,0.3033028
2023-04-06 02:00:00,-0.8,0.2984
2023-04-06 03:00:00,-0.4,0.2928427
2023-04-06 04:00:00,-0.5,0.2922715
2023-04-06 05:00:00,-1.4,0.3042429
2023-04-06 06:00:00,-1.2,0.3251869
2023-04-06 07:00:00,0.9,0.3479397
2023-04-06 08:00:00,3.5,0.3411924
2023-04-06 09:00:00,6.4,0.3096455
2023-04-06 10:00:00,8.4,0.2920097
2023-04-06 11:00:00,9.9,0.280669
2023-04-06 12:00:00,11.8,0.2793838
2023-04-06 13:00:00,12.5,0.278289
2023-04-06 14:00:00,12.6,0.2817519
2023-04-06 15:00:00,12.9,0.2842747
2023-04-06 16:00:00,13.5,0.2863453
2023-04-06 17:00:00,13.2,0.2997804
2023-04-06 18:00:00,12.7,0.3222
2023-04-06 19:00:00,11.3,0.3341
2023-04-06 20:00:00,9.8,0.3270552
2023-04-06 21:00:00,9.2,0.3096217
2023-04-06 22:00:00,8.4,0.2929022
2023-04-06 23:00:00,7.1,0.2836678
2023-04-07 00:00:00,6.2,0.2749689
2023-04-07 01:00:00,5.4,0.2730887
2023-04-07 02:00:00,4.7,0.2746833
2023-04-07 03:00:00,2.6,0.2767301
2023-04-07 04:00:00,2.1,0.2783485
2023-04-07 05:00:00,0.9,0.2828705
2023-04-07 06:00:00,0.1,0.2780986
2023-04-07 07:00:00,2.1,0.2825254
2023-04-07 08:00:00,4.5,0.2873806
2023-04-07 09:00:00,6.0,0.2793005
2023-04-07 10:00:00,9.0,0.2766944
2023-04-07 11:00:00,11.0,0.275671
2023-04-07 12:00:00,11.4,0.2650324
2023-04-07 13:00:00,12.1,0.2588563
2023-04-07 14:00:00,12.3,0.25675
2023-04-07 15:00:00,13.5,0.2652228
2023-04-07 16:00:00,12.9,0.2755639
2023-04-07 17:00:00,12.5,0.2838106
2023-04-07 18:00:00,11.4,0.3076582
2023-04-07 19:00:00,9.6,0.3204745
2023-04-07 20:00:00,6.6,0.3163333
2023-04-07 21:00:00,6.0,0.31625
2023-04-07 22:00:00,6.0,0.318154
2023-04-07 23:00:00,5.6,0.3124182
2023-04-08 00:00:00,5.4,0.3029815
2023-04-08 01:00:00,5.1,0.2909506
2023-04-08 02:00:00,5.0,0.2915694
2023-04-08 03:00:00,4.9,0.2873925
2023-04-08 04:00:00,5.0,0.2874282
2023-04-08 05:00:00,5.1,0.2890704
2023-04-08 06:00:00,5.0,0.2921406
2023-04-08 07:00:00,5.2,0.3095265
2023-04-08 08:00:00,5.4,0.314108
2023-04-08 09:00:00,5.6,0.3095265
2023-04-08 10:00:00,6.3,0.2921406
2023-04-08 11:00:00,6.8,0.2828705
2023-04-08 12:00:00,6.9,0.2767896
2023-04-08 13:00:00,7.6,0.27341
2023-04-08 14:00:00,7.6,0.2690784
2023-04-08 15:00:00,8.0,0.267936
2023-04-08 16:00:00,8.2,0.2723628
2023-04-08 17:00:00,8.4,0.28293
2023-04-08 18:00:00,8.1,0.300661
2023-04-08 19:00:00,7.6,0.3162619
2023-04-08 20:00:00,7.5,0.3219263
2023-04-08 21:00:00,7.2,0.3189989
2023-04-08 22:00:00,5.5,0.316131
2023-04-08 23:00:00,5.1,0.3067062
2023-04-09 00:00:00,4.5,0.3079081
2023-04-09 01:00:00,2.8,0.2958534
2023-04-09 02:00:00,3.7,0.2981977
2023-04-09 03:00:00,3.2,0.2960081
2023-04-09 04:00:00,2.9,0.2963056
2023-04-09 05:00:00,2.1,0.2958534
2023-04-09 06:00:00,1.4,0.2984
2023-04-09 07:00:00,2.1,0.297091
2023-04-09 08:00:00,3.1,0.3019462
2023-04-09 09:00:00,4.9,0.2891299
2023-04-09 10:00:00,5.9,0.2746
2023-04-09 11:00:00,7.1,0.25913
2023-04-09 12:00:00,8.5,0.2531324
2023-04-09 13:00:00,8.8,0.2270119
2023-04-09 14:00:00,9.1,0.22105
2023-04-09 15:00:00,9.8,0.22224
2023-04-09 16:00:00,10.8,0.24366
2023-04-09 17:00:00,11.8,0.2583565
2023-04-09 18:00:00,11.7,0.292688
2023-04-09 19:00:00,10.0,0.3102643
2023-04-09 20:00:00,8.0,0.3144174
2023-04-09 21:00:00,7.6,0.3060041
2023-04-09 22:00:00,6.3,0.29245
2023-04-09 23:00:00,6.0,0.2828586
2023-04-10 00:00:00,4.9,0.2724699
2023-04-10 01:00:00,4.3,0.2530015
2023-04-10 02:00:00,3.5,0.2485866
2023-04-10 03:00:00,3.0,0.241161
2023-04-10 04:00:00,2.8,0.2389
2023-04-10 05:00:00,3.7,0.2424224
2023-04-10 06:00:00,3.2,0.2508
2023-04-10 07:00:00,5.8,0.2479559
2023-04-10 08:00:00,7.9,0.2382217
2023-04-10 09:00:00,11.0,0.2209072
2023-04-10 10:00:00,13.1,0.1818633
2023-04-10 11:00:00,14.9,0.155838
2023-04-10 12:00:00,15.8,0.1543981
2023-04-10 13:00:00,16.6,0.1451042
2023-04-10 14:00:00,16.7,0.1463537
2023-04-10 15:00:00,17.4,0.1507567
2023-04-10 16:00:00,17.5,0.1555167
2023-04-10 17:00:00,16.9,0.1787931
2023-04-10 18:00:00,16.4,0.2086502
2023-04-10 19:00:00,15.7,0.2335926
2023-04-10 20:00:00,15.2,0.2041996
2023-04-10 21:00:00,15.1,0.1815539
2023-04-10 22:00:00,14.5,0.1693088
2023-04-10 23:00:00,12.1,0.155719
2023-04-11 00:00:00,10.4,0.1573255
2023-04-11 01:00:00,9.7,0.1567781
2023-04-11 02:00:00,9.2,0.1564568
2023-04-11 03:00:00,9.3,0.1568971
2023-04-11 04:00:00,8.8,0.162859
2023-04-11 05:00:00,5.9,0.1960838
2023-04-11 06:00:00,7.0,0.267222
2023-04-11 07:00:00,7.4,0.2812997
2023-04-11 08:00:00,7.1,0.2844294
2023-04-11 09:00:00,8.1,0.267222
2023-04-11 10:00:00,7.7,0.2201575
2023-04-11 11:00:00,8.2,0.1663457
2023-04-11 12:00:00,9.7,0.1556833
2023-04-11 13:00:00,10.8,0.155481
2023-04-11 14:00:00,8.9,0.1554929
2023-04-11 15:00:00,9.5,0.1555881
2023-04-11 16:00:00,9.3,0.1634659
2023-04-11 17:00:00,9.6,0.253418
2023-04-11 18:00:00,10.3,0.311252
2023-04-11 19:00:00,8.8,0.3489274
2023-04-11 20:00:00,6.0,0.3524022
2023-04-11 21:00:00,6.0,0.3238541
2023-04-11 22:00:00,4.8,0.311252
2023-04-11 23:00:00,4.0,0.28769
2023-04-12 00:00:00,4.4,0.271744
2023-04-12 01:00:00,2.4,0.2582137
2023-04-12 02:00:00,4.2,0.2515497
2023-04-12 03:00:00,4.0,0.2492649
2023-04-12 04:00:00,4.4,0.251038
2023-04-12 05:00:00,4.8,0.257702
2023-04-12 06:00:00,5.6,0.2843818
2023-04-12 07:00:00,6.4,0.3041953
2023-04-12 08:00:00,8.4,0.3179279
2023-04-12 09:00:00,9.9,0.3126681
2023-04-12 10:00:00,9.6,0.2984
2023-04-12 11:00:00,8.6,0.2883564
2023-04-12 12:00:00,9.0,0.2754568
2023-04-12 13:00:00,9.3,0.2714584
2023-04-12 14:00:00,9.6,0.2717678
2023-04-12 15:00:00,10.1,0.2711133
2023-04-12 16:00:00,10.5,0.2750046
2023-04-12 17:00:00,10.8,0.2864048
2023-04-12 18:00:00,10.5,0.3158454
2023-04-12 19:00:00,10.0,0.32815
2023-04-12 20:00:00,7.1,0.3099429999999999
2023-04-12 21:00:00,5.5,0.3016844
2023-04-12 22:00:00,5.7,0.285667
2023-04-12 23:00:00,5.4,0.2721605
2023-04-13 00:00:00,5.3,0.2713037
2023-04-13 01:00:00,5.1,0.2568571
2023-04-13 02:00:00,5.3,0.2500027
2023-04-13 03:00:00,5.2,0.2423034
2023-04-13 04:00:00,5.5,0.2404113
2023-04-13 05:00:00,5.4,0.253775
2023-04-13 06:00:00,6.4,0.2770514
2023-04-13 07:00:00,6.5,0.2924976
2023-04-13 08:00:00,8.0,0.2971624
2023-04-13 09:00:00,8.3,0.2779439
2023-04-13 10:00:00,8.2,0.2579162
2023-04-13 11:00:00,8.1,0.2617718
2023-04-13 12:00:00,10.2,0.2628428
2023-04-13 13:00:00,11.6,0.2671863
2023-04-13 14:00:00,12.3,0.2656512
2023-04-13 15:00:00,11.7,0.2805738
2023-04-13 16:00:00,11.6,0.2665437
2023-04-13 17:00:00,11.7,0.2866666
2023-04-13 18:00:00,10.1,0.3101334
2023-04-13 19:00:00,9.3,0.3596136
2023-04-13 20:00:00,7.4,0.3709067
2023-04-13 21:00:00,7.0,0.3467021
2023-04-13 22:00:00,6.2,0.3213432
2023-04-13 23:00:00,6.3,0.3135368
2023-04-14 00:00:00,5.0,0.2961271
2023-04-14 01:00:00,4.3,0.289832
2023-04-14 02:00:00,2.7,0.2942826
2023-04-14 03:00:00,2.2,0.289832
2023-04-14 04:00:00,1.2,0.2902366
2023-04-14 05:00:00,1.9,0.307206
2023-04-14 06:00:00,0.9,0.3278406
2023-04-14 07:00:00,1.4,0.3599944
2023-04-14 08:00:00,7.1,0.3651709
2023-04-14 09:00:00,9.3,0.3351472
2023-04-14 10:00:00,11.1,0.3101334
2023-04-14 11:00:00,12.2,0.2968054
2023-04-14 12:00:00,11.8,0.2835726
2023-04-14 13:00:00,13.9,0.281502
2023-04-14 14:00:00,13.7,0.2820018
2023-04-14 15:00:00,12.0,0.285667
2023-04-14 16:00:00,11.4,0.2808356
2023-04-14 17:00:00,11.5,0.2942826
2023-04-14 18:00:00,11.5,0.3200104
2023-04-14 19:00:00,9.4,0.3361111
2023-04-14 20:00:00,7.5,0.3367299
2023-04-14 21:00:00,6.5,0.33529
2023-04-14 22:00:00,6.1,0.3154527
2023-04-14 23:00:00,6.6,0.2987451
2023-04-15 00:00:00,6.4,0.303041
2023-04-15 01:00:00,4.4,0.28888
2023-04-15 02:00:00,4.9,0.2917122
2023-04-15 03:00:00,5.9,0.28412
2023-04-15 04:00:00,6.0,0.2807166
2023-04-15 05:00:00,6.1,0.2788245
2023-04-15 06:00:00,6.0,0.2812164
2023-04-15 07:00:00,6.2,0.2803715
2023-04-15 08:00:00,6.4,0.2819899
2023-04-15 09:00:00,6.7,0.2767777
2023-04-15 10:00:00,7.2,0.2721724
2023-04-15 11:00:00,7.7,0.2674005
2023-04-15 12:00:00,8.2,0.2609745
2023-04-15 13:00:00,8.8,0.2551197
2023-04-15 14:00:00,9.4,0.2533823
2023-04-15 15:00:00,11.4,0.256631
2023-04-15 16:00:00,12.6,0.2662343
2023-04-15 17:00:00,12.1,0.2731839
2023-04-15 18:00:00,11.7,0.2896654
2023-04-15 19:00:00,11.4,0.3136201
2023-04-15 20:00:00,11.0,0.3156669
2023-04-15 21:00:00,10.4,0.307682
2023-04-15 22:00:00,9.2,0.3075749
2023-04-15 23:00:00,9.1,0.297567
2023-04-16 00:00:00,9.0,0.2883445
2023-04-16 01:00:00,8.7,0.2787531
2023-04-16 02:00:00,8.1,0.2777892
2023-04-16 03:00:00,7.6,0.2758971
2023-04-16 04:00:00,7.1,0.2777297
2023-04-16 05:00:00,7.0,0.278765
2023-04-16 06:00:00,7.1,0.278765
2023-04-16 07:00:00,7.3,0.2786103
2023-04-16 08:00:00,7.6,0.2870117
2023-04-16 09:00:00,8.4,0.2920692
2023-04-16 10:00:00,8.7,0.2877376
2023-04-16 11:00:00,9.0,0.2839177
2023-04-16 12:00:00,8.7,0.2794195
2023-04-16 13:00:00,9.7,0.2724104
2023-04-16 14:00:00,11.6,0.2683049
2023-04-16 15:00:00,12.2,0.2677694
2023-04-16 16:00:00,12.3,0.2698876
2023-04-16 17:00:00,12.2,0.2757543
2023-04-16 18:00:00,11.2,0.2926999
2023-04-16 19:00:00,10.6,0.3137272
2023-04-16 20:00:00,9.7,0.3222
2023-04-16 21:00:00,9.3,0.31625
2023-04-16 22:00:00,9.2,0.3102643
2023-04-16 23:00:00,8.7,0.3047665
2023-04-17 00:00:00,8.4,0.2921525
2023-04-17 01:00:00,8.2,0.2878566
2023-04-17 02:00:00,7.4,0.2852624
2023-04-17 03:00:00,6.8,0.2870236
2023-04-17 04:00:00,6.6,0.2865
2023-04-17 05:00:00,6.2,0.2924857
2023-04-17 06:00:00,6.1,0.3231758
2023-04-17 07:00:00,6.4,0.3682292
2023-04-17 08:00:00,8.0,0.3942069
2023-04-17 09:00:00,9.7,0.3497365999999999
2023-04-17 10:00:00,11.2,0.3169759
2023-04-17 11:00:00,12.9,0.2962342
2023-04-17 12:00:00,13.7,0.2809665
2023-04-17 13:00:00,13.8,0.2772775
2023-04-17 14:00:00,14.2,0.2712204
2023-04-17 15:00:00,15.7,0.2709586
2023-04-17 16:00:00,15.0,0.2707444
2023-04-17 17:00:00,14.3,0.2757781
2023-04-17 18:00:00,13.7,0.3011727
2023-04-17 19:00:00,12.4,0.3264959
2023-04-17 20:00:00,9.2,0.3255082
2023-04-17 21:00:00,7.7,0.3153575
2023-04-17 22:00:00,7.9,0.3017558
2023-04-17 23:00:00,7.9,0.2855004
2023-04-18 00:00:00,7.7,0.2809189
2023-04-18 01:00:00,6.8,0.2770633
2023-04-18 02:00:00,6.2,0.275909
2023-04-18 03:00:00,5.7,0.2761351
2023-04-18 04:00:00,5.3,0.2752545
2023-04-18 05:00:00,5.3,0.2761113
2023-04-18 06:00:00,5.5,0.30673
2023-04-18 07:00:00,5.8,0.3225213
2023-04-18 08:00:00,6.2,0.3399072
2023-04-18 09:00:00,6.7,0.3150481
2023-04-18 10:00:00,8.9,0.2819899
2023-04-18 11:00:00,10.5,0.2788602
2023-04-18 12:00:00,10.1,0.2685786
2023-04-18 13:00:00,11.1,0.2567024
2023-04-18 14:00:00,12.1,0.256393
2023-04-18 15:00:00,11.7,0.2479797
2023-04-18 16:00:00,12.0,0.2500741
2023-04-18 17:00:00,12.3,0.2679241
2023-04-18 18:00:00,12.1,0.2843699
2023-04-18 19:00:00,11.5,0.3108474
2023-04-18 20:00:00,11.4,0.3162619
2023-04-18 21:00:00,11.2,0.3001612
2023-04-18 22:00:00,10.8,0.2850244
2023-04-18 23:00:00,10.3,0.2745524
2023-04-19 00:00:00,9.9,0.277337
2023-04-19 01:00:00,8.9,0.2716726
2023-04-19 02:00:00,7.6,0.2745048
2023-04-19 03:00:00,5.1,0.2733505
2023-04-19 04:00:00,3.8,0.2761827
2023-04-19 05:00:00,3.4,0.2815853
2023-04-19 06:00:00,3.2,0.3103
2023-04-19 07:00:00,4.5,0.3209624
2023-04-19 08:00:00,7.6,0.3213432
2023-04-19 09:00:00,9.3,0.2970077
2023-04-19 10:00:00,10.8,0.2631641
2023-04-19 11:00:00,11.7,0.2325692
2023-04-19 12:00:00,13.2,0.190824
2023-04-19 13:00:00,13.2,0.1618951
2023-04-19 14:00:00,12.2,0.1557071
2023-04-19 15:00:00,12.0,0.1588249
2023-04-19 16:00:00,12.3,0.1826606
2023-04-19 17:00:00,12.4,0.2416489
2023-04-19 18:00:00,11.8,0.2684001
2023-04-19 19:00:00,10.5,0.2980311
2023-04-19 20:00:00,9.7,0.3111686999999999
2023-04-19 21:00:00,8.7,0.3017558
2023-04-19 22:00:00,8.6,0.286381
2023-04-19 23:00:00,8.5,0.2765754
2023-04-20 00:00:00,7.7,0.2748261
2023-04-20 01:00:00,5.7,0.2678765
2023-04-20 02:00:00,5.3,0.2707444
2023-04-20 03:00:00,5.2,0.2686262
2023-04-20 04:00:00,5.2,0.2712442
2023-04-20 05:00:00,5.2,0.2779082
2023-04-20 06:00:00,5.3,0.3078843
2023-04-20 07:00:00,5.7,0.3275312
2023-04-20 08:00:00,6.5,0.327793
2023-04-20 09:00:00,6.9,0.3103833
2023-04-20 10:00:00,7.4,0.2840843
2023-04-20 11:00:00,8.4,0.2709586
2023-04-20 12:00:00,9.1,0.2677337
2023-04-20 13:00:00,11.0,0.2622359
2023-04-20 14:00:00,11.4,0.2611649
2023-04-20 15:00:00,11.0,0.2587492
2023-04-20 16:00:00,9.4,0.2651871
2023-04-20 17:00:00,8.2,0.2790744
2023-04-20 18:00:00,8.3,0.3090981
2023-04-20 19:00:00,8.9,0.324699
2023-04-20 20:00:00,9.3,0.3298755
2023-04-20 21:00:00,9.2,0.3157383
2023-04-20 22:00:00,8.5,0.3093242
2023-04-20 23:00:00,7.8,0.2819899
2023-04-21 00:00:00,7.9,0.2727198
2023-04-21 01:00:00,8.0,0.2649372
2023-04-21 02:00:00,8.5,0.2639019
2023-04-21 03:00:00,8.6,0.2662462
2023-04-21 04:00:00,8.2,0.265794
2023-04-21 05:00:00,7.8,0.2689237
2023-04-21 06:00:00,7.6,0.2994948
2023-04-21 07:00:00,9.1,0.31625
2023-04-21 08:00:00,10.6,0.315655
2023-04-21 09:00:00,13.0,0.2820375
2023-04-21 10:00:00,14.9,0.2627
2023-04-21 11:00:00,17.3,0.2477417
2023-04-21 12:00:00,18.4,0.1893365
2023-04-21 13:00:00,19.2,0.1557071
2023-04-21 14:00:00,19.3,0.1556595
2023-04-21 15:00:00,19.9,0.1618951
2023-04-21 16:00:00,19.8,0.2252983
2023-04-21 17:00:00,20.1,0.2627833
2023-04-21 18:00:00,19.4,0.30197
2023-04-21 19:00:00,17.9,0.3228783
2023-04-21 20:00:00,15.8,0.3268172
2023-04-21 21:00:00,13.8,0.3058018
2023-04-21 22:00:00,11.9,0.2817757
2023-04-21 23:00:00,12.4,0.2734814
2023-04-22 00:00:00,10.8,0.2734576
2023-04-22 01:00:00,10.5,0.2688761
2023-04-22 02:00:00,11.3,0.265199
2023-04-22 03:00:00,11.5,0.2662105
2023-04-22 04:00:00,10.8,0.2642351
2023-04-22 05:00:00,10.4,0.2698281
2023-04-22 06:00:00,10.0,0.2743858
2023-04-22 07:00:00,11.5,0.2776702
2023-04-22 08:00:00,14.6,0.273529
2023-04-22 09:00:00,16.8,0.25794
2023-04-22 10:00:00,19.2,0.2465279
2023-04-22 11:00:00,20.3,0.2092214
2023-04-22 12:00:00,21.3,0.186778
2023-04-22 13:00:00,22.3,0.1675238
2023-04-22 14:00:00,22.3,0.1622878
2023-04-22 15:00:00,22.2,0.1912405
2023-04-22 16:00:00,21.9,0.2468492
2023-04-22 17:00:00,23.0,0.26865
2023-04-22 18:00:00,22.2,0.2900343
2023-04-22 19:00:00,20.4,0.3124896
2023-04-22 20:00:00,19.8,0.3105618
2023-04-22 21:00:00,15.1,0.30673
2023-04-22 22:00:00,13.8,0.28055
2023-04-22 23:00:00,14.4,0.2760042
2023-04-23 00:00:00,14.4,0.280669
2023-04-23 01:00:00,14.2,0.2713989
2023-04-23 02:00:00,13.3,0.2686143
2023-04-23 03:00:00,12.2,0.2619741
2023-04-23 04:00:00,11.6,0.2586897
2023-04-23 05:00:00,11.0,0.2612006
2023-04-23 06:00:00,10.0,0.2625572
2023-04-23 07:00:00,9.7,0.2671982
2023-04-23 08:00:00,10.4,0.2667817
2023-04-23 09:00:00,11.8,0.2631879
2023-04-23 10:00:00,13.4,0.2500027
2023-04-23 11:00:00,15.3,0.2129104
2023-04-23 12:00:00,17.3,0.197845
2023-04-23 13:00:00,16.9,0.1675238
2023-04-23 14:00:00,17.6,0.1614072
2023-04-23 15:00:00,12.1,0.1969049
2023-04-23 16:00:00,13.9,0.2319385
2023-04-23 17:00:00,16.1,0.2748975
2023-04-23 18:00:00,15.1,0.3052306
2023-04-23 19:00:00,15.1,0.3199866
2023-04-23 20:00:00,13.8,0.3187847
2023-04-23 21:00:00,14.0,0.3043738
2023-04-23 22:00:00,13.7,0.2947705
2023-04-23 23:00:00,12.3,0.286024
2023-04-24 00:00:00,11.8,0.259963
2023-04-24 01:00:00,12.0,0.2550602
2023-04-24 02:00:00,12.2,0.2532871
2023-04-24 03:00:00,11.4,0.246516
2023-04-24 04:00:00,11.1,0.2449452
2023-04-24 05:00:00,10.7,0.2585945
2023-04-24 06:00:00,10.2,0.291974
2023-04-24 07:00:00,11.3,0.314822
2023-04-24 08:00:00,11.2,0.31625
2023-04-24 09:00:00,11.5,0.3066348
2023-04-24 10:00:00,11.2,0.2874639
2023-04-24 11:00:00,11.5,0.2841319
2023-04-24 12:00:00,11.2,0.2723033
2023-04-24 13:00:00,11.1,0.268531
2023-04-24 14:00:00,10.3,0.25913
2023-04-24 15:00:00,9.1,0.2566429
2023-04-24 16:00:00,8.0,0.2578091
2023-04-24 17:00:00,8.3,0.2717559
2023-04-24 18:00:00,8.7,0.2953179
2023-04-24 19:00:00,8.5,0.3157383
2023-04-24 20:00:00,7.9,0.3174043
2023-04-24 21:00:00,7.3,0.3128347
2023-04-24 22:00:00,7.4,0.2986737
2023-04-24 23:00:00,7.7,0.2760875
2023-04-25 00:00:00,6.9,0.2703279
2023-04-25 01:00:00,6.9,0.2689713
2023-04-25 02:00:00,6.9,0.2670196999999999
2023-04-25 03:00:00,6.6,0.2651038
2023-04-25 04:00:00,5.9,0.2648658
2023-04-25 05:00:00,5.6,0.2715179
2023-04-25 06:00:00,5.7,0.300304
2023-04-25 07:00:00,6.2,0.315179
2023-04-25 08:00:00,6.7,0.3161667
2023-04-25 09:00:00,6.8,0.2862144
2023-04-25 10:00:00,7.5,0.2701256
2023-04-25 11:00:00,8.8,0.2568333
2023-04-25 12:00:00,8.0,0.2490864
2023-04-25 13:00:00,7.6,0.2426009
2023-04-25 14:00:00,6.8,0.2323312
2023-04-25 15:00:00,5.4,0.2325811
2023-04-25 16:00:00,7.1,0.2438742
2023-04-25 17:00:00,7.9,0.2552387
2023-04-25 18:00:00,7.6,0.2760637
2023-04-25 19:00:00,6.7,0.3128228
2023-04-25 20:00:00,4.7,0.3271504
2023-04-25 21:00:00,3.5,0.3145007
2023-04-25 22:00:00,3.2,0.303874
2023-04-25 23:00:00,3.0,0.2760994
2023-04-26 00:00:00,2.8,0.2692212
2023-04-26 01:00:00,2.4,0.2665675
2023-04-26 02:00:00,2.1,0.267698
2023-04-26 03:00:00,1.6,0.265437
2023-04-26 04:00:00,1.1,0.2666627
2023-04-26 05:00:00,1.0,0.2753021
2023-04-26 06:00:00,1.7,0.3045404
2023-04-26 07:00:00,3.0,0.3220929
2023-04-26 08:00:00,4.3,0.3102643
2023-04-26 09:00:00,6.0,0.2688998999999999
2023-04-26 10:00:00,7.5,0.2605937
2023-04-26 11:00:00,7.1,0.269126
2023-04-26 12:00:00,8.4,0.2677813
2023-04-26 13:00:00,9.1,0.2681026
2023-04-26 14:00:00,8.6,0.2679003
2023-04-26 15:00:00,9.0,0.2660915
2023-04-26 16:00:00,8.5,0.272458
2023-04-26 17:00:00,8.8,0.2891061
2023-04-26 18:00:00,8.0,0.3077772
2023-04-26 19:00:00,7.3,0.3318509
2023-04-26 20:00:00,6.0,0.3400143
2023-04-26 21:00:00,6.2,0.3294828
2023-04-26 22:00:00,6.1,0.3103
2023-04-26 23:00:00,5.2,0.2993163
2023-04-27 00:00:00,5.1,0.2830728
2023-04-27 01:00:00,4.8,0.2752902
2023-04-27 02:00:00,3.9,0.27222
2023-04-27 03:00:00,1.7,0.2703874
2023-04-27 04:00:00,1.7,0.2715298
2023-04-27 05:00:00,1.6,0.2831561
2023-04-27 06:00:00,1.2,0.305659
2023-04-27 07:00:00,3.7,0.3255201
2023-04-27 08:00:00,5.6,0.3169759
2023-04-27 09:00:00,7.1,0.2847507
2023-04-27 10:00:00,7.9,0.2682216
2023-04-27 11:00:00,9.1,0.2676861
2023-04-27 12:00:00,9.9,0.2660082
2023-04-27 13:00:00,10.5,0.2638543
2023-04-27 14:00:00,11.0,0.2657345
2023-04-27 15:00:00,11.7,0.2682216
2023-04-27 16:00:00,12.6,0.2701732
2023-04-27 17:00:00,12.2,0.2773965
2023-04-27 18:00:00,11.0,0.3055162
2023-04-27 19:00:00,10.2,0.3386814999999999
2023-04-27 20:00:00,8.4,0.3502483
2023-04-27 21:00:00,7.8,0.3239849999999999
2023-04-27 22:00:00,7.3,0.3048498
2023-04-27 23:00:00,5.8,0.2764326
2023-04-28 00:00:00,5.8,0.2770157
2023-04-28 01:00:00,5.3,0.2662343
2023-04-28 02:00:00,5.4,0.2631165
2023-04-28 03:00:00,6.3,0.2658892
2023-04-28 04:00:00,6.0,0.2661629
2023-04-28 05:00:00,6.2,0.2696615
2023-04-28 06:00:00,6.5,0.2909863
2023-04-28 07:00:00,7.7,0.3029458
2023-04-28 08:00:00,9.4,0.3065039
2023-04-28 09:00:00,10.4,0.2992211
2023-04-28 10:00:00,11.7,0.2902842
2023-04-28 11:00:00,12.1,0.2819423
2023-04-28 12:00:00,12.7,0.2770395
2023-04-28 13:00:00,13.3,0.2663771
2023-04-28 14:00:00,13.4,0.2629261
2023-04-28 15:00:00,13.3,0.26151
2023-04-28 16:00:00,13.1,0.2634259
2023-04-28 17:00:00,13.0,0.2748856
2023-04-28 18:00:00,12.2,0.293283
2023-04-28 19:00:00,12.2,0.2984476
2023-04-28 20:00:00,12.1,0.304826
2023-04-28 21:00:00,11.6,0.3035646
2023-04-28 22:00:00,11.7,0.2944849
2023-04-28 23:00:00,12.7,0.2811212
2023-04-29 00:00:00,12.5,0.2931521
2023-04-29 01:00:00,11.9,0.2847864
2023-04-29 02:00:00,11.4,0.281859
2023-04-29 03:00:00,11.0,0.28055
2023-04-29 04:00:00,9.7,0.2760756
2023-04-29 05:00:00,9.3,0.2778725
2023-04-29 06:00:00,9.0,0.2784556
2023-04-29 07:00:00,8.7,0.285786
2023-04-29 08:00:00,9.5,0.2932116
2023-04-29 09:00:00,10.1,0.2824659
2023-04-29 10:00:00,11.9,0.2788721
2023-04-29 11:00:00,11.6,0.2661153
2023-04-29 12:00:00,13.1,0.2534537
2023-04-29 13:00:00,13.9,0.2495624
2023-04-29 14:00:00,13.2,0.234378
2023-04-29 15:00:00,13.3,0.2377695
2023-04-29 16:00:00,14.0,0.2508
2023-04-29 17:00:00,13.6,0.25675
2023-04-29 18:00:00,13.7,0.274719
2023-04-29 19:00:00,12.1,0.2964484
2023-04-29 20:00:00,10.5,0.2977455
2023-04-29 21:00:00,8.7,0.2984
2023-04-29 22:00:00,6.9,0.2931283
2023-04-29 23:00:00,5.1,0.2865
2023-04-30 00:00:00,4.7,0.2737432
2023-04-30 01:00:00,4.0,0.2639971
2023-04-30 02:00:00,3.3,0.2607722
2023-04-30 03:00:00,2.2,0.2574759
2023-04-30 04:00:00,1.5,0.2573688
2023-04-30 05:00:00,0.9,0.2606413
2023-04-30 06:00:00,2.3,0.2577496
2023-04-30 07:00:00,4.5,0.25318
2023-04-30 08:00:00,7.1,0.24485
2023-04-30 09:00:00,8.1,0.2151
2023-04-30 10:00:00,9.2,0.188563
2023-04-30 11:00:00,10.1,0.1623116
2023-04-30 12:00:00,11.6,0.1525655
2023-04-30 13:00:00,12.6,0.1492573
2023-04-30 14:00:00,13.7,0.1519348
2023-04-30 15:00:00,14.5,0.1570161
2023-04-30 16:00:00,15.2,0.17226
2023-04-30 17:00:00,14.9,0.2395783
2023-04-30 18:00:00,16.1,0.2828824
2023-04-30 19:00:00,14.3,0.2997804
2023-04-30 20:00:00,12.4,0.302684
2023-04-30 21:00:00,8.6,0.301018
2023-04-30 22:00:00,7.2,0.2949728
2023-04-30 23:00:00,6.2,0.2849648999999999
2023-05-01 00:00:00,5.4,0.286381
2023-05-01 01:00:00,5.5,0.274481
2023-05-01 02:00:00,4.4,0.2692331
2023-05-01 03:00:00,4.6,0.2626762
2023-05-01 04:00:00,3.9,0.2594751
2023-05-01 05:00:00,3.7,0.26032
2023-05-01 06:00:00,4.4,0.2593204
2023-05-01 07:00:00,7.2,0.255798
2023-05-01 08:00:00,9.7,0.2545366
2023-05-01 09:00:00,12.1,0.2556076
2023-05-01 10:00:00,14.0,0.2440051
2023-05-01 11:00:00,15.7,0.2365081
2023-05-01 12:00:00,17.1,0.2206097
2023-05-01 13:00:00,17.7,0.1968811
2023-05-01 14:00:00,18.5,0.1912881
2023-05-01 15:00:00,18.4,0.2046161
2023-05-01 16:00:00,19.5,0.2463375
2023-05-01 17:00:00,19.0,0.2693402
2023-05-01 18:00:00,17.4,0.2940803
2023-05-01 19:00:00,16.2,0.3039216
2023-05-01 20:00:00,14.9,0.305302
2023-05-01 21:00:00,13.5,0.3004468
2023-05-01 22:00:00,13.2,0.295901
2023-05-01 23:00:00,12.3,0.2877376
2023-05-02 00:00:00,10.5,0.2727912
2023-05-02 01:00:00,9.9,0.257464
2023-05-02 02:00:00,10.6,0.254727
2023-05-02 03:00:00,10.3,0.251871
2023-05-02 04:00:00,10.5,0.2522518
2023-05-02 05:00:00,10.5,0.2631641
2023-05-02 06:00:00,9.8,0.2877614
2023-05-02 07:00:00,8.1,0.3072655
2023-05-02 08:00:00,8.1,0.3164523
2023-05-02 09:00:00,8.6,0.3019581
2023-05-02 10:00:00,8.6,0.2932711
2023-05-02 11:00:00,9.0,0.2852624
2023-05-02 12:00:00,9.5,0.2727674
2023-05-02 13:00:00,10.1,0.2659844
2023-05-02 14:00:00,10.5,0.2583208
2023-05-02 15:00:00,10.1,0.2531443
2023-05-02 16:00:00,9.7,0.259368
2023-05-02 17:00:00,9.6,0.2679717
2023-05-02 18:00:00,9.1,0.2952822
2023-05-02 19:00:00,8.8,0.3103
2023-05-02 20:00:00,7.5,0.3256034
2023-05-02 21:00:00,5.5,0.3146911
2023-05-02 22:00:00,4.5,0.3031838
2023-05-02 23:00:00,4.1,0.2937947
2023-05-03 00:00:00,2.2,0.2837035
2023-05-03 01:00:00,2.2,0.2777297
2023-05-03 02:00:00,0.8,0.2757543
2023-05-03 03:00:00,0.4,0.271982
2023-05-03 04:00:00,0.0,0.2808475
2023-05-03 05:00:00,-0.4,0.2887848
2023-05-03 06:00:00,0.4,0.3049688
2023-05-03 07:00:00,3.7,0.314227
2023-05-03 08:00:00,7.2,0.304469
2023-05-03 09:00:00,7.7,0.286619
2023-05-03 10:00:00,9.7,0.2640804
2023-05-03 11:00:00,10.0,0.2557504
2023-05-03 12:00:00,11.0,0.2482177
2023-05-03 13:00:00,12.2,0.2508238
2023-05-03 14:00:00,12.8,0.2450047
2023-05-03 15:00:00,14.1,0.243065
2023-05-03 16:00:00,14.3,0.2553934
2023-05-03 17:00:00,15.0,0.2717321
2023-05-03 18:00:00,14.5,0.3032671
2023-05-03 19:00:00,13.6,0.3222952
2023-05-03 20:00:00,11.7,0.3597802
2023-05-03 21:00:00,9.1,0.3129775
2023-05-03 22:00:00,7.7,0.2995305
2023-05-03 23:00:00,6.8,0.2921287
2023-05-04 00:00:00,5.6,0.2747547
2023-05-04 01:00:00,4.8,0.2689356
2023-05-04 02:00:00,3.9,0.2676504
2023-05-04 03:00:00,3.1,0.2689594
2023-05-04 04:00:00,2.9,0.2697329
2023-05-04 05:00:00,2.6,0.2828586
2023-05-04 06:00:00,3.8,0.30435
2023-05-04 07:00:00,6.6,0.3103
2023-05-04 08:00:00,9.6,0.298281
2023-05-04 09:00:00,11.1,0.2798598
2023-05-04 10:00:00,12.9,0.2627
2023-05-04 11:00:00,14.9,0.250324
2023-05-04 12:00:00,15.9,0.2389714
2023-05-04 13:00:00,16.6,0.2272499
2023-05-04 14:00:00,17.4,0.2230611
2023-05-04 15:00:00,17.8,0.2332832
2023-05-04 16:00:00,18.1,0.2494672
2023-05-04 17:00:00,18.0,0.274124
2023-05-04 18:00:00,17.7,0.2931283
2023-05-04 19:00:00,16.9,0.3007919
2023-05-04 20:00:00,14.0,0.2992806
2023-05-04 21:00:00,12.5,0.2921763
2023-05-04 22:00:00,11.5,0.281145
2023-05-04 23:00:00,10.7,0.2676028
2023-05-05 00:00:00,9.5,0.264485
2023-05-05 01:00:00,9.2,0.252942
2023-05-05 02:00:00,9.4,0.2490031
2023-05-05 03:00:00,8.7,0.2502169
2023-05-05 04:00:00,8.3,0.2490031
2023-05-05 05:00:00,7.6,0.2597488
2023-05-05 06:00:00,8.2,0.2760518
2023-05-05 07:00:00,9.9,0.2909625
2023-05-05 08:00:00,11.3,0.287333
2023-05-05 09:00:00,12.5,0.2713632
2023-05-05 10:00:00,13.8,0.2628428
2023-05-05 11:00:00,15.7,0.2519186
2023-05-05 12:00:00,16.7,0.2489436
2023-05-05 13:00:00,18.1,0.2472419
2023-05-05 14:00:00,18.5,0.249491
2023-05-05 15:00:00,19.2,0.2520852
2023-05-05 16:00:00,18.7,0.2640804
2023-05-05 17:00:00,18.1,0.2748023
2023-05-05 18:00:00,14.5,0.289832
2023-05-05 19:00:00,13.1,0.2990426
2023-05-05 20:00:00,12.8,0.3085983
2023-05-05 21:00:00,12.8,0.3059089
2023-05-05 22:00:00,12.8,0.2931164
2023-05-05 23:00:00,12.5,0.2785746
2023-05-06 00:00:00,11.7,0.2825849
2023-05-06 01:00:00,12.0,0.2741478
2023-05-06 02:00:00,11.8,0.2694949
2023-05-06 03:00:00,11.2,0.264723
2023-05-06 04:00:00,10.3,0.2626167
2023-05-06 05:00:00,10.5,0.264723
2023-05-06 06:00:00,10.5,0.271268
2023-05-06 07:00:00,11.4,0.2734338
2023-05-06 08:00:00,12.2,0.2688047
2023-05-06 09:00:00,12.9,0.2666032
2023-05-06 10:00:00,13.0,0.2538107
2023-05-06 11:00:00,14.3,0.2441598
2023-05-06 12:00:00,14.4,0.2401138
2023-05-06 13:00:00,14.9,0.2219425
2023-05-06 14:00:00,16.5,0.2151
2023-05-06 15:00:00,17.1,0.2307604
2023-05-06 16:00:00,17.4,0.2444216
2023-05-06 17:00:00,17.3,0.263057
2023-05-06 18:00:00,17.2,0.277813
2023-05-06 19:00:00,13.7,0.2841795
2023-05-06 20:00:00,11.4,0.2886539
2023-05-06 21:00:00,10.9,0.2849648999999999
2023-05-06 22:00:00,10.2,0.2783128
2023-05-06 23:00:00,10.0,0.2655322
2023-05-07 00:00:00,9.9,0.2658535
2023-05-07 01:00:00,9.5,0.2581423
2023-05-07 02:00:00,9.1,0.2539654
2023-05-07 03:00:00,9.0,0.2549769
2023-05-07 04:00:00,9.3,0.2542986
2023-05-07 05:00:00,9.0,0.2556433
2023-05-07 06:00:00,9.1,0.2545366
2023-05-07 07:00:00,9.0,0.2530253
2023-05-07 08:00:00,9.7,0.2458853
2023-05-07 09:00:00,10.2,0.236044
2023-05-07 10:00:00,11.7,0.195941
2023-05-07 11:00:00,11.7,0.1616571
2023-05-07 12:00:00,12.2,0.1555524
2023-05-07 13:00:00,13.1,0.1544219
2023-05-07 14:00:00,13.1,0.1555643
2023-05-07 15:00:00,14.2,0.1739736
2023-05-07 16:00:00,13.8,0.2229778
2023-05-07 17:00:00,14.3,0.2460043
2023-05-07 18:00:00,13.3,0.2685786
2023-05-07 19:00:00,12.5,0.2738384
2023-05-07 20:00:00,11.7,0.2822755
2023-05-07 21:00:00,11.2,0.2805738
2023-05-07 22:00:00,10.9,0.273767
2023-05-07 23:00:00,10.3,0.2699233
2023-05-08 00:00:00,9.6,0.2578448
2023-05-08 01:00:00,8.7,0.2554767
2023-05-08 02:00:00,7.6,0.2552982
2023-05-08 03:00:00,7.8,0.2545247
2023-05-08 04:00:00,7.8,0.2556671
2023-05-08 05:00:00,6.5,0.2637829
2023-05-08 06:00:00,7.3,0.2795028
2023-05-08 07:00:00,8.8,0.2977455
2023-05-08 08:00:00,9.6,0.2876543
2023-05-08 09:00:00,11.7,0.2746119
2023-05-08 10:00:00,13.4,0.2648777
2023-05-08 11:00:00,14.9,0.2527516
2023-05-08 12:00:00,16.5,0.2512879
2023-05-08 13:00:00,17.2,0.2440408
2023-05-08 14:00:00,18.0,0.2437671
2023-05-08 15:00:00,18.3,0.24842
2023-05-08 16:00:00,18.9,0.2555719
2023-05-08 17:00:00,19.0,0.2710895
2023-05-08 18:00:00,19.0,0.2865476
2023-05-08 19:00:00,18.2,0.313751
2023-05-08 20:00:00,16.9,0.3084079
2023-05-08 21:00:00,15.8,0.3007681
2023-05-08 22:00:00,15.1,0.2895464
2023-05-08 23:00:00,14.2,0.2738622
2023-05-09 00:00:00,13.0,0.2697924
2023-05-09 01:00:00,12.2,0.2597488
2023-05-09 02:00:00,11.2,0.256274
2023-05-09 03:00:00,9.7,0.2557623
2023-05-09 04:00:00,7.8,0.2570475
2023-05-09 05:00:00,8.8,0.2656155
2023-05-09 06:00:00,9.1,0.2883802
2023-05-09 07:00:00,11.3,0.29959
2023-05-09 08:00:00,14.0,0.2958772
2023-05-09 09:00:00,16.1,0.2805024
2023-05-09 10:00:00,18.2,0.2613196
2023-05-09 11:00:00,19.7,0.2400305
2023-05-09 12:00:00,19.9,0.2338544
2023-05-09 13:00:00,20.4,0.2292729
2023-05-09 14:00:00,21.5,0.2368651
2023-05-09 15:00:00,21.1,0.251752
2023-05-09 16:00:00,21.2,0.2560836
2023-05-09 17:00:00,20.5,0.2746714
2023-05-09 18:00:00,20.0,0.2940446
2023-05-09 19:00:00,19.1,0.3006967
2023-05-09 20:00:00,18.1,0.2996495
2023-05-09 21:00:00,17.2,0.2876543
2023-05-09 22:00:00,16.4,0.2801573
2023-05-09 23:00:00,15.5,0.2626167
2023-05-10 00:00:00,14.5,0.2684001
2023-05-10 01:00:00,13.8,0.2627595
2023-05-10 02:00:00,12.3,0.2607722
2023-05-10 03:00:00,12.8,0.2581661
2023-05-10 04:00:00,11.2,0.2607841
2023-05-10 05:00:00,12.0,0.2629142
2023-05-10 06:00:00,11.7,0.2836083
2023-05-10 07:00:00,11.1,0.299114
2023-05-10 08:00:00,11.5,0.31387
2023-05-10 09:00:00,12.2,0.2867618
2023-05-10 10:00:00,13.1,0.2816091
2023-05-10 11:00:00,13.6,0.2757186
2023-05-10 12:00:00,14.6,0.2708277
2023-05-10 13:00:00,16.1,0.2661629
2023-05-10 14:00:00,17.2,0.2647468
2023-05-10 15:00:00,14.2,0.270197
2023-05-10 16:00:00,15.6,0.2840248
2023-05-10 17:00:00,16.2,0.2954012
2023-05-10 18:00:00,15.8,0.2988641
2023-05-10 19:00:00,14.8,0.3226522
2023-05-10 20:00:00,14.3,0.3311131
2023-05-10 21:00:00,13.6,0.315536
2023-05-10 22:00:00,13.2,0.2955321
2023-05-10 23:00:00,12.8,0.2863096
2023-05-11 00:00:00,12.7,0.2746
2023-05-11 01:00:00,12.5,0.2709586
2023-05-11 02:00:00,12.4,0.26984
2023-05-11 03:00:00,12.2,0.2713632
2023-05-11 04:00:00,12.0,0.272101
2023-05-11 05:00:00,11.8,0.2796337
2023-05-11 06:00:00,11.9,0.2997209
2023-05-11 07:00:00,12.2,0.3321127
2023-05-11 08:00:00,12.8,0.3552582
2023-05-11 09:00:00,13.4,0.3168093
2023-05-11 10:00:00,13.4,0.3063849
2023-05-11 11:00:00,13.4,0.2933901
2023-05-11 12:00:00,13.9,0.2799907
2023-05-11 13:00:00,13.5,0.2746119
2023-05-11 14:00:00,13.9,0.2738503
2023-05-11 15:00:00,14.4,0.2859169
2023-05-11 16:00:00,14.3,0.2907126
2023-05-11 17:00:00,14.9,0.2927713
2023-05-11 18:00:00,14.9,0.3027197
2023-05-11 19:00:00,15.0,0.33053
2023-05-11 20:00:00,14.5,0.313632
2023-05-11 21:00:00,13.8,0.296496
2023-05-11 22:00:00,13.4,0.2912481
2023-05-11 23:00:00,12.3,0.2765754
2023-05-12 00:00:00,12.2,0.2728507
2023-05-12 01:00:00,12.4,0.2633545
2023-05-12 02:00:00,11.8,0.2625096
2023-05-12 03:00:00,10.7,0.2627
2023-05-12 04:00:00,11.7,0.2636996
2023-05-12 05:00:00,11.7,0.2733981
2023-05-12 06:00:00,12.1,0.2948181
2023-05-12 07:00:00,13.0,0.3103
2023-05-12 08:00:00,13.7,0.3197962
2023-05-12 09:00:00,15.1,0.290427
2023-05-12 10:00:00,16.7,0.276504
2023-05-12 11:00:00,19.7,0.2716012
2023-05-12 12:00:00,21.0,0.2548698
2023-05-12 13:00:00,21.5,0.2468373
2023-05-12 14:00:00,21.4,0.2424105
2023-05-12 15:00:00,21.5,0.2459091
2023-05-12 16:00:00,22.1,0.2519186
2023-05-12 17:00:00,21.4,0.2674719
2023-05-12 18:00:00,21.2,0.2840962
2023-05-12 19:00:00,19.9,0.3010418
2023-05-12 20:00:00,16.5,0.3043262
2023-05-12 21:00:00,14.4,0.2960081
2023-05-12 22:00:00,13.9,0.2760042
2023-05-12 23:00:00,13.0,0.2720058
2023-05-13 00:00:00,12.4,0.2804429
2023-05-13 01:00:00,11.7,0.2745762
2023-05-13 02:00:00,10.9,0.2696615
2023-05-13 03:00:00,9.3,0.2728745
2023-05-13 04:00:00,7.7,0.2739931
2023-05-13 05:00:00,6.5,0.2748142
2023-05-13 06:00:00,8.9,0.2709824
2023-05-13 07:00:00,12.3,0.2683168
2023-05-13 08:00:00,14.2,0.2680193
2023-05-13 09:00:00,16.6,0.2616052
2023-05-13 10:00:00,18.7,0.242589
2023-05-13 11:00:00,19.3,0.1914428
2023-05-13 12:00:00,20.3,0.1740807
2023-05-13 13:00:00,21.4,0.1622045
2023-05-13 14:00:00,21.7,0.1616214
2023-05-13 15:00:00,21.3,0.1629423
2023-05-13 16:00:00,21.4,0.1885868
2023-05-13 17:00:00,21.4,0.2475394
2023-05-13 18:00:00,20.8,0.2817162
2023-05-13 19:00:00,19.9,0.2878328
2023-05-13 20:00:00,16.6,0.2975908
2023-05-13 21:00:00,14.4,0.2917717
2023-05-13 22:00:00,13.8,0.2864524
2023-05-13 23:00:00,12.8,0.2805143
2023-05-14 00:00:00,12.5,0.2774203
2023-05-14 01:00:00,11.0,0.2724342
2023-05-14 02:00:00,10.2,0.267817
2023-05-14 03:00:00,9.5,0.2578805
2023-05-14 04:00:00,8.9,0.2594751
2023-05-14 05:00:00,8.2,0.2687452
2023-05-14 06:00:00,9.9,0.2523827
2023-05-14 07:00:00,13.1,0.2435053
2023-05-14 08:00:00,14.9,0.2456711
2023-05-14 09:00:00,16.8,0.220931
2023-05-14 10:00:00,17.9,0.1854571
2023-05-14 11:00:00,19.1,0.1721291
2023-05-14 12:00:00,18.8,0.1671787
2023-05-14 13:00:00,18.8,0.1578015
2023-05-14 14:00:00,20.6,0.1557904
2023-05-14 15:00:00,19.5,0.1577182
2023-05-14 16:00:00,19.2,0.1940251
2023-05-14 17:00:00,20.3,0.263295
2023-05-14 18:00:00,20.1,0.2812997
2023-05-14 19:00:00,18.6,0.29364
2023-05-14 20:00:00,15.9,0.3068847
2023-05-14 21:00:00,13.2,0.3079081
2023-05-14 22:00:00,12.4,0.2973766
2023-05-14 23:00:00,10.7,0.2840248
2023-05-15 00:00:00,9.2,0.2972576
2023-05-15 01:00:00,8.9,0.2836559
2023-05-15 02:00:00,7.8,0.2788126
2023-05-15 03:00:00,7.3,0.2851553
2023-05-15 04:00:00,6.9,0.2841557
2023-05-15 05:00:00,7.7,0.3057185
2023-05-15 06:00:00,8.6,0.3353257
2023-05-15 07:00:00,10.5,0.3564601
2023-05-15 08:00:00,11.8,0.3330528
2023-05-15 09:00:00,13.7,0.3041239
2023-05-15 10:00:00,16.6,0.2812402
2023-05-15 11:00:00,19.0,0.2741478
2023-05-15 12:00:00,20.0,0.2683525
2023-05-15 13:00:00,19.3,0.2636163
2023-05-15 14:00:00,19.0,0.2620098
2023-05-15 15:00:00,19.6,0.2633426
2023-05-15 16:00:00,17.7,0.2643541
2023-05-15 17:00:00,16.1,0.2746595
2023-05-15 18:00:00,15.7,0.2958296
2023-05-15 19:00:00,15.0,0.3043262
2023-05-15 20:00:00,13.0,0.3124301
2023-05-15 21:00:00,11.5,0.3032433
2023-05-15 22:00:00,9.6,0.2872021
2023-05-15 23:00:00,9.4,0.2672101
2023-05-16 00:00:00,9.7,0.2495624
2023-05-16 01:00:00,9.7,0.242589
2023-05-16 02:00:00,9.9,0.2389119
2023-05-16 03:00:00,9.8,0.2312364
2023-05-16 04:00:00,9.2,0.234021
2023-05-16 05:00:00,9.1,0.2441241
2023-05-16 06:00:00,9.0,0.2743263
2023-05-16 07:00:00,8.8,0.2924381
2023-05-16 08:00:00,10.0,0.2978526
2023-05-16 09:00:00,10.8,0.2779677
2023-05-16 10:00:00,11.6,0.2540963
2023-05-16 11:00:00,12.4,0.24604
2023-05-16 12:00:00,12.9,0.2351396
2023-05-16 13:00:00,12.5,0.2175871
2023-05-16 14:00:00,13.9,0.1808875
2023-05-16 15:00:00,13.2,0.1705821
2023-05-16 16:00:00,12.9,0.2070437
2023-05-16 17:00:00,11.4,0.24366
2023-05-16 18:00:00,12.8,0.2596536
2023-05-16 19:00:00,11.6,0.28055
2023-05-16 20:00:00,10.5,0.2866071
2023-05-16 21:00:00,8.2,0.2823588
2023-05-16 22:00:00,8.7,0.2805381
2023-05-16 23:00:00,8.1,0.2713037
2023-05-17 00:00:00,7.9,0.2480035
2023-05-17 01:00:00,7.6,0.2393641
2023-05-17 02:00:00,7.7,0.2396735
2023-05-17 03:00:00,7.4,0.2389
2023-05-17 04:00:00,7.3,0.2418988
2023-05-17 05:00:00,6.2,0.2505977
2023-05-17 06:00:00,7.0,0.2807404
2023-05-17 07:00:00,8.3,0.2902842
2023-05-17 08:00:00,9.4,0.2864881
2023-05-17 09:00:00,9.7,0.268293
2023-05-17 10:00:00,10.0,0.2461352
2023-05-17 11:00:00,10.4,0.2251079
2023-05-17 12:00:00,11.3,0.1884083
2023-05-17 13:00:00,12.0,0.1741878
2023-05-17 14:00:00,11.3,0.1657983
2023-05-17 15:00:00,11.2,0.1675833
2023-05-17 16:00:00,12.5,0.2117561
2023-05-17 17:00:00,12.0,0.2497171
2023-05-17 18:00:00,10.8,0.2771585
2023-05-17 19:00:00,10.4,0.2979121
2023-05-17 20:00:00,8.4,0.314465
2023-05-17 21:00:00,6.6,0.3104904
2023-05-17 22:00:00,6.0,0.28769
2023-05-17 23:00:00,3.9,0.2780986
2023-05-18 00:00:00,2.6,0.2753021
2023-05-18 01:00:00,1.9,0.2702565
2023-05-18 02:00:00,0.8,0.2617956
2023-05-18 03:00:00,0.5,0.2627119
2023-05-18 04:00:00,0.0,0.2709467
2023-05-18 05:00:00,-0.2,0.2751593
2023-05-18 06:00:00,1.0,0.2750998
2023-05-18 07:00:00,6.2,0.2684477
2023-05-18 08:00:00,8.3,0.2630451
2023-05-18 09:00:00,9.7,0.2512046
2023-05-18 10:00:00,10.5,0.2413514
2023-05-18 11:00:00,11.2,0.2329857
2023-05-18 12:00:00,12.6,0.2304153
2023-05-18 13:00:00,13.8,0.2073888
2023-05-18 14:00:00,14.5,0.1905979
2023-05-18 15:00:00,14.9,0.2068652
2023-05-18 16:00:00,15.6,0.2407564
2023-05-18 17:00:00,15.3,0.2562621
2023-05-18 18:00:00,15.7,0.2782652
2023-05-18 19:00:00,14.8,0.2930807
2023-05-18 20:00:00,13.3,0.3053853
2023-05-18 21:00:00,11.1,0.2950442
2023-05-18 22:00:00,9.3,0.2860359
2023-05-18 23:00:00,8.8,0.2731244
2023-05-19 00:00:00,8.2,0.2662938
2023-05-19 01:00:00,7.5,0.254608
2023-05-19 02:00:00,7.5,0.2510737
2023-05-19 03:00:00,7.3,0.2472657
2023-05-19 04:00:00,6.9,0.2557504
2023-05-19 05:00:00,5.5,0.2738027
2023-05-19 06:00:00,6.0,0.28769
2023-05-19 07:00:00,7.7,0.2864643
2023-05-19 08:00:00,10.9,0.28174
2023-05-19 09:00:00,13.9,0.2673291
2023-05-19 10:00:00,15.3,0.2393403
2023-05-19 11:00:00,16.4,0.2276664
2023-05-19 12:00:00,17.1,0.2280829
2023-05-19 13:00:00,18.0,0.2243701
2023-05-19 14:00:00,18.5,0.2245367
2023-05-19 15:00:00,18.3,0.2313078
2023-05-19 16:00:00,18.7,0.2414585
2023-05-19 17:00:00,18.2,0.2593561
2023-05-19 18:00:00,18.0,0.2789673
2023-05-19 19:00:00,17.3,0.2939851
2023-05-19 20:00:00,16.1,0.2935567
2023-05-19 21:00:00,15.1,0.2805738
2023-05-19 22:00:00,14.3,0.2743501
2023-05-19 23:00:00,12.9,0.2576782
2023-05-20 00:00:00,12.2,0.2493006
2023-05-20 01:00:00,11.2,0.24366
2023-05-20 02:00:00,10.0,0.2366152
2023-05-20 03:00:00,9.1,0.2339377
2023-05-20 04:00:00,8.8,0.2330095
2023-05-20 05:00:00,8.8,0.233783
2023-05-20 06:00:00,9.6,0.2294752
2023-05-20 07:00:00,11.2,0.2299274
2023-05-20 08:00:00,12.6,0.2267144
2023-05-20 09:00:00,14.8,0.2032476
2023-05-20 10:00:00,15.8,0.1608836
2023-05-20 11:00:00,15.2,0.1559332
2023-05-20 12:00:00,15.0,0.1538983
2023-05-20 13:00:00,16.2,0.1540887
2023-05-20 14:00:00,16.5,0.1554929
2023-05-20 15:00:00,16.5,0.1556
2023-05-20 16:00:00,16.4,0.1571708
2023-05-20 17:00:00,16.3,0.1864686
2023-05-20 18:00:00,16.3,0.2194792
2023-05-20 19:00:00,16.4,0.2489436
2023-05-20 20:00:00,16.2,0.2599511
2023-05-20 21:00:00,15.3,0.2520614
2023-05-20 22:00:00,14.1,0.249134
2023-05-20 23:00:00,13.8,0.2424938
2023-05-21 00:00:00,13.4,0.217718
2023-05-21 01:00:00,13.0,0.2032476
2023-05-21 02:00:00,12.1,0.1959172
2023-05-21 03:00:00,11.8,0.1898244
2023-05-21 04:00:00,11.2,0.1912405
2023-05-21 05:00:00,10.3,0.1892294
2023-05-21 06:00:00,11.5,0.1922401
2023-05-21 07:00:00,12.7,0.1883845
2023-05-21 08:00:00,14.0,0.1794
2023-05-21 09:00:00,15.9,0.1581466
2023-05-21 10:00:00,17.4,0.1556
2023-05-21 11:00:00,19.5,0.1550288
2023-05-21 12:00:00,21.3,0.1461752
2023-05-21 13:00:00,22.8,0.1258143
2023-05-21 14:00:00,24.0,0.1063697
2023-05-21 15:00:00,25.4,0.1322998
2023-05-21 16:00:00,25.0,0.1551121
2023-05-21 17:00:00,25.3,0.1582418
2023-05-21 18:00:00,25.0,0.2047946
2023-05-21 19:00:00,23.3,0.2573331
2023-05-21 20:00:00,21.8,0.2637353
2023-05-21 21:00:00,21.2,0.26389
2023-05-21 22:00:00,20.5,0.2626286
2023-05-21 23:00:00,18.7,0.254965
2023-05-22 00:00:00,18.0,0.2606651
2023-05-22 01:00:00,17.3,0.2508714
2023-05-22 02:00:00,17.1,0.2487889
2023-05-22 03:00:00,16.3,0.248182
2023-05-22 04:00:00,15.9,0.25199
2023-05-22 05:00:00,14.9,0.2734457
2023-05-22 06:00:00,16.5,0.2933782
2023-05-22 07:00:00,17.6,0.2984
2023-05-22 08:00:00,18.9,0.2905698
2023-05-22 09:00:00,20.6,0.2797289
2023-05-22 10:00:00,22.5,0.2626643
2023-05-22 11:00:00,24.3,0.2488841
2023-05-22 12:00:00,24.9,0.2369722
2023-05-22 13:00:00,26.0,0.2330214
2023-05-22 14:00:00,26.3,0.2365319
2023-05-22 15:00:00,25.3,0.2415299
2023-05-22 16:00:00,25.4,0.2558694
2023-05-22 17:00:00,24.3,0.2763493
2023-05-22 18:00:00,19.7,0.2871545
2023-05-22 19:00:00,19.5,0.3272694
2023-05-22 20:00:00,18.1,0.3442983
2023-05-22 21:00:00,17.2,0.3043976
2023-05-22 22:00:00,16.3,0.2868927
2023-05-22 23:00:00,16.4,0.2763255
2023-05-23 00:00:00,14.9,0.2643541
2023-05-23 01:00:00,15.5,0.2491459
2023-05-23 02:00:00,15.6,0.2473371
2023-05-23 03:00:00,13.9,0.2384002
2023-05-23 04:00:00,13.2,0.2389
2023-05-23 05:00:00,13.3,0.2491816
2023-05-23 06:00:00,13.3,0.2758971
2023-05-23 07:00:00,13.3,0.2810141
2023-05-23 08:00:00,13.3,0.27579
2023-05-23 09:00:00,12.6,0.2649253
2023-05-23 10:00:00,12.1,0.256274
2023-05-23 11:00:00,11.6,0.2442907
2023-05-23 12:00:00,11.2,0.2078172
2023-05-23 13:00:00,11.6,0.1842076
2023-05-23 14:00:00,12.9,0.1622045
2023-05-23 15:00:00,13.6,0.1598126
2023-05-23 16:00:00,12.7,0.1708439
2023-05-23 17:00:00,12.9,0.2290468
2023-05-23 18:00:00,13.5,0.2485271
2023-05-23 19:00:00,11.9,0.2689713
2023-05-23 20:00:00,10.3,0.2757305
2023-05-23 21:00:00,8.6,0.2785746
2023-05-23 22:00:00,6.7,0.2747071
2023-05-23 23:00:00,6.9,0.2671982
2023-05-24 00:00:00,6.6,0.25437
2023-05-24 01:00:00,6.7,0.2461471
2023-05-24 02:00:00,6.3,0.2450047
2023-05-24 03:00:00,7.2,0.2464089
2023-05-24 04:00:00,7.3,0.2467302
2023-05-24 05:00:00,7.6,0.258416
2023-05-24 06:00:00,8.1,0.2846555
2023-05-24 07:00:00,8.2,0.3033385
2023-05-24 08:00:00,9.5,0.2860954
2023-05-24 09:00:00,9.3,0.2734219
2023-05-24 10:00:00,9.6,0.2578448
2023-05-24 11:00:00,10.2,0.25199
2023-05-24 12:00:00,10.6,0.2514902
2023-05-24 13:00:00,11.6,0.25437
2023-05-24 14:00:00,12.2,0.2450999
2023-05-24 15:00:00,13.4,0.2603914
2023-05-24 16:00:00,13.4,0.269364
2023-05-24 17:00:00,13.5,0.2838582
2023-05-24 18:00:00,13.6,0.2939256
2023-05-24 19:00:00,13.0,0.3585664
2023-05-24 20:00:00,12.3,0.3729892
2023-05-24 21:00:00,11.1,0.3382769
2023-05-24 22:00:00,10.2,0.2939256
2023-05-24 23:00:00,8.2,0.278646
2023-05-25 00:00:00,7.4,0.2772418
2023-05-25 01:00:00,5.8,0.2672696
2023-05-25 02:00:00,5.3,0.2638305
2023-05-25 03:00:00,4.8,0.2613672
2023-05-25 04:00:00,5.4,0.2635449
2023-05-25 05:00:00,6.9,0.2741716
2023-05-25 06:00:00,8.0,0.3014702
2023-05-25 07:00:00,8.5,0.3037312
2023-05-25 08:00:00,9.5,0.27936
2023-05-25 09:00:00,10.9,0.2547865
2023-05-25 10:00:00,11.3,0.2399115
2023-05-25 11:00:00,12.3,0.2217164
2023-05-25 12:00:00,12.7,0.2047232
2023-05-25 13:00:00,13.9,0.175473
2023-05-25 14:00:00,14.8,0.1797094
2023-05-25 15:00:00,15.5,0.1678213
2023-05-25 16:00:00,16.9,0.2043781
2023-05-25 17:00:00,16.6,0.2428627
2023-05-25 18:00:00,16.4,0.2676504
2023-05-25 19:00:00,15.7,0.2872616
2023-05-25 20:00:00,13.8,0.304112
2023-05-25 21:00:00,11.8,0.2849411
2023-05-25 22:00:00,10.5,0.2751712
2023-05-25 23:00:00,9.8,0.2638186
2023-05-26 00:00:00,8.4,0.2604509
2023-05-26 01:00:00,7.7,0.246516
2023-05-26 02:00:00,6.8,0.2443383
2023-05-26 03:00:00,5.6,0.2444097
2023-05-26 04:00:00,5.2,0.2495981
2023-05-26 05:00:00,5.1,0.2622121
2023-05-26 06:00:00,6.1,0.2804786
2023-05-26 07:00:00,8.2,0.281264
2023-05-26 08:00:00,9.7,0.2753735
2023-05-26 09:00:00,11.5,0.2525136
2023-05-26 10:00:00,12.1,0.2225375
2023-05-26 11:00:00,13.7,0.1950604
2023-05-26 12:00:00,14.8,0.1806138
2023-05-26 13:00:00,15.7,0.1567543
2023-05-26 14:00:00,16.3,0.1556
2023-05-26 15:00:00,17.0,0.1556833
2023-05-26 16:00:00,17.4,0.1828748
2023-05-26 17:00:00,17.0,0.2193721
2023-05-26 18:00:00,16.0,0.2606532
2023-05-26 19:00:00,14.7,0.2874758
2023-05-26 20:00:00,12.8,0.2931878
2023-05-26 21:00:00,11.0,0.2865
2023-05-26 22:00:00,10.1,0.274005
2023-05-26 23:00:00,8.5,0.265675
2023-05-27 00:00:00,7.6,0.2623311
2023-05-27 01:00:00,6.9,0.2550007
2023-05-27 02:00:00,6.0,0.2564287
2023-05-27 03:00:00,4.4,0.2583327
2023-05-27 04:00:00,4.6,0.2641875
2023-05-27 05:00:00,3.9,0.2627
2023-05-27 06:00:00,6.0,0.254013
2023-05-27 07:00:00,9.2,0.2543581
2023-05-27 08:00:00,11.2,0.2420059
2023-05-27 09:00:00,13.6,0.2211214
2023-05-27 10:00:00,15.6,0.1750803
2023-05-27 11:00:00,16.3,0.1573255
2023-05-27 12:00:00,17.9,0.1556
2023-05-27 13:00:00,17.9,0.1484243
2023-05-27 14:00:00,18.1,0.1527559
2023-05-27 15:00:00,19.8,0.1562069
2023-05-27 16:00:00,20.6,0.1582894
2023-05-27 17:00:00,20.5,0.2211452
2023-05-27 18:00:00,20.2,0.2565715
2023-05-27 19:00:00,19.6,0.2750522
2023-05-27 20:00:00,17.7,0.3042667
2023-05-27 21:00:00,15.1,0.2901652
2023-05-27 22:00:00,12.7,0.2746357
2023-05-27 23:00:00,10.9,0.2683049
2023-05-28 00:00:00,10.2,0.2592371
2023-05-28 01:00:00,9.4,0.25556
2023-05-28 02:00:00,8.6,0.2530848
2023-05-28 03:00:00,8.3,0.2482653
2023-05-28 04:00:00,7.3,0.2482534
2023-05-28 05:00:00,7.5,0.2465993
2023-05-28 06:00:00,9.7,0.2413038
2023-05-28 07:00:00,12.3,0.2327596
2023-05-28 08:00:00,16.1,0.200463
2023-05-28 09:00:00,19.0,0.1556
2023-05-28 10:00:00,20.1,0.1519348
2023-05-28 11:00:00,20.8,0.1341205
2023-05-28 12:00:00,21.1,0.0976232
2023-05-28 13:00:00,21.8,0.0010071
2023-05-28 14:00:00,23.1,0.0009475999999999
2023-05-28 15:00:00,23.1,0.0388848
2023-05-28 16:00:00,24.0,0.1333708
2023-05-28 17:00:00,23.0,0.1555286
2023-05-28 18:00:00,22.6,0.2151
2023-05-28 19:00:00,21.4,0.242351
2023-05-28 20:00:00,19.5,0.2508119
2023-05-28 21:00:00,17.2,0.2482296
2023-05-28 22:00:00,15.6,0.243422
2023-05-28 23:00:00,14.0,0.238305
2023-05-29 00:00:00,12.4,0.2260837
2023-05-29 01:00:00,11.5,0.219741
2023-05-29 02:00:00,10.6,0.2172658
2023-05-29 03:00:00,9.3,0.2133269
2023-05-29 04:00:00,9.3,0.2204788
2023-05-29 05:00:00,9.4,0.2309984
2023-05-29 06:00:00,10.0,0.2361035
2023-05-29 07:00:00,10.6,0.2254649
2023-05-29 08:00:00,11.6,0.1912048
2023-05-29 09:00:00,13.0,0.1556
2023-05-29 10:00:00,14.5,0.1530891
2023-05-29 11:00:00,15.6,0.1305148
2023-05-29 12:00:00,16.9,0.0901262
2023-05-29 13:00:00,17.6,0.0424191
2023-05-29 14:00:00,18.6,0.0253545
2023-05-29 15:00:00,19.3,0.0595789
2023-05-29 16:00:00,19.5,0.1318357
2023-05-29 17:00:00,19.3,0.1496738
2023-05-29 18:00:00,18.5,0.178448
2023-05-29 19:00:00,17.3,0.2413752
2023-05-29 20:00:00,15.5,0.2552625
2023-05-29 21:00:00,13.9,0.2577972
2023-05-29 22:00:00,11.9,0.2513712
2023-05-29 23:00:00,10.1,0.2439694
2023-05-30 00:00:00,8.8,0.2448738
2023-05-30 01:00:00,7.9,0.2401495
2023-05-30 02:00:00,7.3,0.237591
2023-05-30 03:00:00,7.0,0.2389357
2023-05-30 04:00:00,6.3,0.2468492
2023-05-30 05:00:00,6.4,0.2568333
2023-05-30 06:00:00,7.9,0.2721129
2023-05-30 07:00:00,9.9,0.2959724
2023-05-30 08:00:00,11.2,0.2848816
2023-05-30 09:00:00,12.1,0.2627714
2023-05-30 10:00:00,13.4,0.2536203
2023-05-30 11:00:00,13.4,0.2392213
2023-05-30 12:00:00,14.4,0.2323431
2023-05-30 13:00:00,14.2,0.2238584
2023-05-30 14:00:00,14.2,0.2228112
2023-05-30 15:00:00,15.1,0.2301654
2023-05-30 16:00:00,16.3,0.2413633
2023-05-30 17:00:00,17.4,0.2609745
2023-05-30 18:00:00,17.7,0.2721843
2023-05-30 19:00:00,17.2,0.304231
2023-05-30 20:00:00,16.0,0.3395264
2023-05-30 21:00:00,13.8,0.3052663
2023-05-30 22:00:00,12.7,0.2713989
2023-05-30 23:00:00,11.9,0.2622835
2023-05-31 00:00:00,10.9,0.2578448
2023-05-31 01:00:00,8.9,0.2533823
2023-05-31 02:00:00,8.3,0.243898
2023-05-31 03:00:00,7.3,0.2508238
2023-05-31 04:00:00,6.2,0.2570594
2023-05-31 05:00:00,6.3,0.2650562
2023-05-31 06:00:00,8.3,0.2972219
2023-05-31 07:00:00,12.5,0.2965198
2023-05-31 08:00:00,14.8,0.2815377
2023-05-31 09:00:00,17.9,0.2584279
2023-05-31 10:00:00,19.5,0.2352348
2023-05-31 11:00:00,20.7,0.2108398
2023-05-31 12:00:00,21.4,0.1663814
2023-05-31 13:00:00,22.6,0.1555762
2023-05-31 14:00:00,22.5,0.1546361
2023-05-31 15:00:00,23.4,0.1553977
2023-05-31 16:00:00,23.5,0.1795904
2023-05-31 17:00:00,23.5,0.2382455
2023-05-31 18:00:00,23.1,0.2584517
2023-05-31 19:00:00,22.4,0.2844294
2023-05-31 20:00:00,19.7,0.297924
2023-05-31 21:00:00,16.9,0.2789911
2023-05-31 22:00:00,14.4,0.2677932
2023-05-31 23:00:00,11.7,0.2545247
2023-06-01 00:00:00,9.9,0.2557385
2023-06-01 01:00:00,10.1,0.244017
2023-06-01 02:00:00,10.2,0.239019
2023-06-01 03:00:00,10.1,0.2349968
2023-06-01 04:00:00,10.2,0.236163
2023-06-01 05:00:00,10.1,0.2513355
2023-06-01 06:00:00,10.3,0.2710776
2023-06-01 07:00:00,11.0,0.2843937
2023-06-01 08:00:00,11.4,0.2734933
2023-06-01 09:00:00,11.4,0.259487
2023-06-01 10:00:00,11.8,0.2367461
2023-06-01 11:00:00,12.4,0.2269048
2023-06-01 12:00:00,13.1,0.2018434
2023-06-01 13:00:00,13.0,0.1667265
2023-06-01 14:00:00,14.3,0.1591819
2023-06-01 15:00:00,15.0,0.1714865
2023-06-01 16:00:00,15.1,0.2224066
2023-06-01 17:00:00,14.5,0.24128
2023-06-01 18:00:00,14.1,0.2601534
2023-06-01 19:00:00,13.1,0.2751474
2023-06-01 20:00:00,12.5,0.2984476
2023-06-01 21:00:00,11.5,0.2786817
2023-06-01 22:00:00,10.8,0.2691379
2023-06-01 23:00:00,10.2,0.2585707
2023-06-02 00:00:00,10.1,0.2550721
2023-06-02 01:00:00,10.0,0.250086
2023-06-02 02:00:00,9.7,0.2506215
2023-06-02 03:00:00,9.3,0.2477298
2023-06-02 04:00:00,9.5,0.2521328
2023-06-02 05:00:00,9.5,0.2637472
2023-06-02 06:00:00,9.9,0.2971743
2023-06-02 07:00:00,10.4,0.3050402
2023-06-02 08:00:00,10.9,0.2700661
2023-06-02 09:00:00,11.7,0.2560003
2023-06-02 10:00:00,13.6,0.2413871
2023-06-02 11:00:00,15.1,0.2307485
2023-06-02 12:00:00,16.8,0.2223114
2023-06-02 13:00:00,16.1,0.2063059
2023-06-02 14:00:00,16.7,0.1994158
2023-06-02 15:00:00,18.2,0.209031
2023-06-02 16:00:00,18.0,0.2249413
2023-06-02 17:00:00,17.3,0.2467778
2023-06-02 18:00:00,17.7,0.2578924
2023-06-02 19:00:00,16.8,0.2759328
2023-06-02 20:00:00,14.6,0.287095
2023-06-02 21:00:00,12.8,0.2761589
2023-06-02 22:00:00,11.6,0.2657464
2023-06-02 23:00:00,10.7,0.2568214
2023-06-03 00:00:00,8.8,0.2566905
2023-06-03 01:00:00,7.8,0.251157
2023-06-03 02:00:00,7.0,0.2481701
2023-06-03 03:00:00,6.8,0.245088
2023-06-03 04:00:00,5.2,0.2516449
2023-06-03 05:00:00,5.3,0.2491816
2023-06-03 06:00:00,7.6,0.2481344
2023-06-03 07:00:00,10.6,0.2432197
2023-06-03 08:00:00,12.8,0.2389
2023-06-03 09:00:00,14.8,0.2269643
2023-06-03 10:00:00,15.8,0.1881584
2023-06-03 11:00:00,17.0,0.16155
2023-06-03 12:00:00,17.6,0.1555881
2023-06-03 13:00:00,18.5,0.1497571
2023-06-03 14:00:00,18.8,0.1515659
2023-06-03 15:00:00,19.8,0.1555405
2023-06-03 16:00:00,19.9,0.1620022
2023-06-03 17:00:00,19.8,0.2099354
2023-06-03 18:00:00,19.8,0.24485
2023-06-03 19:00:00,19.1,0.2567024
2023-06-03 20:00:00,17.1,0.268531
2023-06-03 21:00:00,13.9,0.268531
2023-06-03 22:00:00,11.1,0.2601891
2023-06-03 23:00:00,10.8,0.2521923
2023-06-04 00:00:00,10.1,0.2521328
2023-06-04 01:00:00,9.4,0.244731
2023-06-04 02:00:00,9.2,0.2418869
2023-06-04 03:00:00,7.7,0.2408635
2023-06-04 04:00:00,5.9,0.2426366
2023-06-04 05:00:00,5.3,0.2415537
2023-06-04 06:00:00,8.4,0.2377933
2023-06-04 07:00:00,11.5,0.2326763
2023-06-04 08:00:00,14.3,0.2160639
2023-06-04 09:00:00,16.7,0.1816967
2023-06-04 10:00:00,19.0,0.1616809
2023-06-04 11:00:00,20.1,0.1556
2023-06-04 12:00:00,21.2,0.1496738
2023-06-04 13:00:00,21.9,0.1205545
2023-06-04 14:00:00,21.8,0.1123435
2023-06-04 15:00:00,22.3,0.1504473
2023-06-04 16:00:00,22.9,0.1556
2023-06-04 17:00:00,22.7,0.196655
2023-06-04 18:00:00,22.5,0.2486699
2023-06-04 19:00:00,22.1,0.2733386
2023-06-04 20:00:00,19.4,0.2862501
2023-06-04 21:00:00,18.3,0.277694
2023-06-04 22:00:00,15.8,0.27341
2023-06-04 23:00:00,14.2,0.2591062
2023-06-05 00:00:00,12.4,0.2492649
2023-06-05 01:00:00,10.3,0.240209
2023-06-05 02:00:00,8.8,0.2389833
2023-06-05 03:00:00,7.8,0.2402566
2023-06-05 04:00:00,6.9,0.2439694
2023-06-05 05:00:00,6.8,0.2607484
2023-06-05 06:00:00,8.7,0.3008871
2023-06-05 07:00:00,12.2,0.2910101
2023-06-05 08:00:00,14.5,0.2745405
2023-06-05 09:00:00,17.0,0.2584279
2023-06-05 10:00:00,19.4,0.24485
2023-06-05 11:00:00,21.8,0.2389952
2023-06-05 12:00:00,23.7,0.2381503
2023-06-05 13:00:00,23.5,0.2381027
2023-06-05 14:00:00,23.7,0.2366033
2023-06-05 15:00:00,24.8,0.2387215
2023-06-05 16:00:00,25.0,0.2494791
2023-06-05 17:00:00,24.9,0.262462
2023-06-05 18:00:00,24.5,0.2755044
2023-06-05 19:00:00,23.3,0.3166665
2023-06-05 20:00:00,19.7,0.3428703
2023-06-05 21:00:00,17.4,0.308396
2023-06-05 22:00:00,15.4,0.2758376
2023-06-05 23:00:00,15.8,0.2614862
2023-06-06 00:00:00,15.6,0.2510737
2023-06-06 01:00:00,13.8,0.2500503
2023-06-06 02:00:00,11.2,0.2499313
2023-06-06 03:00:00,11.1,0.2534537
2023-06-06 04:00:00,9.7,0.258178
2023-06-06 05:00:00,9.6,0.2633545
2023-06-06 06:00:00,11.4,0.329816
2023-06-06 07:00:00,14.2,0.3380032
2023-06-06 08:00:00,17.0,0.3014226
2023-06-06 09:00:00,18.7,0.268531
2023-06-06 10:00:00,20.2,0.2588087
2023-06-06 11:00:00,22.3,0.2532514
2023-06-06 12:00:00,24.1,0.2480511
2023-06-06 13:00:00,23.3,0.2443621
2023-06-06 14:00:00,24.0,0.2396259
2023-06-06 15:00:00,23.1,0.2456116
2023-06-06 16:00:00,23.3,0.2521923
2023-06-06 17:00:00,23.0,0.2602129
2023-06-06 18:00:00,22.4,0.2732196
2023-06-06 19:00:00,21.3,0.3152623
2023-06-06 20:00:00,20.4,0.336956
2023-06-06 21:00:00,20.7,0.3061707
2023-06-06 22:00:00,19.1,0.2770276
2023-06-06 23:00:00,17.9,0.2626881
2023-06-07 00:00:00,17.0,0.2669364
2023-06-07 01:00:00,16.3,0.2624977
2023-06-07 02:00:00,15.5,0.2630094
2023-06-07 03:00:00,14.5,0.262938
2023-06-07 04:00:00,13.6,0.2635092
2023-06-07 05:00:00,13.1,0.272101
2023-06-07 06:00:00,12.9,0.3075154
2023-06-07 07:00:00,13.0,0.3299231
2023-06-07 08:00:00,13.1,0.2920454
2023-06-07 09:00:00,14.1,0.2728507
2023-06-07 10:00:00,15.6,0.2664247
2023-06-07 11:00:00,17.1,0.258654
2023-06-07 12:00:00,19.0,0.2507405
2023-06-07 13:00:00,20.4,0.248301
2023-06-07 14:00:00,21.9,0.2465755
2023-06-07 15:00:00,22.3,0.2496695
2023-06-07 16:00:00,22.7,0.2504549
2023-06-07 17:00:00,23.8,0.2677218
2023-06-07 18:00:00,23.9,0.2758733
2023-06-07 19:00:00,23.4,0.3204388
2023-06-07 20:00:00,21.9,0.331363
2023-06-07 21:00:00,20.0,0.3073845
2023-06-07 22:00:00,18.9,0.2815258
2023-06-07 23:00:00,17.4,0.268531
2023-06-08 00:00:00,16.1,0.2673767
2023-06-08 01:00:00,14.6,0.2618194
2023-06-08 02:00:00,13.3,0.2544176
2023-06-08 03:00:00,11.6,0.250681
2023-06-08 04:00:00,12.4,0.2532276
2023-06-08 05:00:00,12.3,0.2608436
2023-06-08 06:00:00,12.5,0.2674719
2023-06-08 07:00:00,12.7,0.2665794
2023-06-08 08:00:00,14.1,0.264366
2023-06-08 09:00:00,16.5,0.2552982
2023-06-08 10:00:00,19.0,0.2444216
2023-06-08 11:00:00,19.3,0.237115
2023-06-08 12:00:00,20.2,0.2320218
2023-06-08 13:00:00,21.4,0.2315696
2023-06-08 14:00:00,22.5,0.2318314
2023-06-08 15:00:00,24.8,0.2364367
2023-06-08 16:00:00,26.2,0.2402923
2023-06-08 17:00:00,26.1,0.246159
2023-06-08 18:00:00,25.0,0.2632474
2023-06-08 19:00:00,24.0,0.2770157
2023-06-08 20:00:00,22.7,0.2910696
2023-06-08 21:00:00,19.9,0.28055
2023-06-08 22:00:00,21.2,0.2705302
2023-06-08 23:00:00,18.4,0.26389
2023-06-09 00:00:00,17.3,0.26865
2023-06-09 01:00:00,17.8,0.262343
2023-06-09 02:00:00,17.5,0.2504787
2023-06-09 03:00:00,17.0,0.24604
2023-06-09 04:00:00,16.6,0.2463613
2023-06-09 05:00:00,16.6,0.2615814
2023-06-09 06:00:00,16.5,0.2790506
2023-06-09 07:00:00,17.0,0.2793243
2023-06-09 08:00:00,17.4,0.2792886
2023-06-09 09:00:00,17.9,0.2643541
2023-06-09 10:00:00,19.4,0.2534894
2023-06-09 11:00:00,22.8,0.2453617
2023-06-09 12:00:00,24.6,0.2389357
2023-06-09 13:00:00,23.8,0.23295
2023-06-09 14:00:00,26.1,0.2318314
2023-06-09 15:00:00,27.4,0.2369841
2023-06-09 16:00:00,25.7,0.2420416
2023-06-09 17:00:00,25.9,0.2515497
2023-06-09 18:00:00,26.6,0.26865
2023-06-09 19:00:00,26.5,0.2795028
2023-06-09 20:00:00,23.9,0.2822755
2023-06-09 21:00:00,22.1,0.2795028
2023-06-09 22:00:00,20.6,0.2716012
2023-06-09 23:00:00,18.2,0.25794
2023-06-10 00:00:00,16.7,0.2615457
2023-06-10 01:00:00,16.3,0.255679
2023-06-10 02:00:00,13.8,0.2557147
2023-06-10 03:00:00,13.3,0.2511808
2023-06-10 04:00:00,12.1,0.2477536
2023-06-10 05:00:00,11.7,0.2506453
2023-06-10 06:00:00,12.3,0.2501217
2023-06-10 07:00:00,13.0,0.25675
2023-06-10 08:00:00,15.0,0.252942
2023-06-10 09:00:00,16.9,0.2317481
2023-06-10 10:00:00,20.2,0.1876229
2023-06-10 11:00:00,22.3,0.1704869
2023-06-10 12:00:00,24.1,0.1556952
2023-06-10 13:00:00,25.8,0.1318476
2023-06-10 14:00:00,27.4,0.1317643
2023-06-10 15:00:00,27.7,0.1496857
2023-06-10 16:00:00,28.3,0.1586226
2023-06-10 17:00:00,28.1,0.208555
2023-06-10 18:00:00,28.0,0.2448143
2023-06-10 19:00:00,24.2,0.2581304
2023-06-10 20:00:00,21.1,0.2580233
2023-06-10 21:00:00,20.4,0.2491697
2023-06-10 22:00:00,18.6,0.2519781
2023-06-10 23:00:00,18.5,0.2383645
2023-06-11 00:00:00,17.8,0.2326763
2023-06-11 01:00:00,17.4,0.2247033
2023-06-11 02:00:00,16.7,0.2185272
2023-06-11 03:00:00,15.0,0.2150167
2023-06-11 04:00:00,14.0,0.2173848
2023-06-11 05:00:00,13.8,0.2140647
2023-06-11 06:00:00,15.4,0.2150643
2023-06-11 07:00:00,17.4,0.2111968
2023-06-11 08:00:00,19.7,0.1894436
2023-06-11 09:00:00,21.9,0.174521
2023-06-11 10:00:00,24.1,0.1556119
2023-06-11 11:00:00,26.2,0.1536008
2023-06-11 12:00:00,26.7,0.1322522
2023-06-11 13:00:00,27.1,0.1139619
2023-06-11 14:00:00,27.4,0.1140095
2023-06-11 15:00:00,27.7,0.1425933
2023-06-11 16:00:00,28.1,0.1554929
2023-06-11 17:00:00,27.7,0.1888248
2023-06-11 18:00:00,27.1,0.2553458
2023-06-11 19:00:00,26.3,0.2744929
2023-06-11 20:00:00,24.4,0.2828705
2023-06-11 21:00:00,20.4,0.282454
2023-06-11 22:00:00,17.8,0.2726365
2023-06-11 23:00:00,17.4,0.2613791
2023-06-12 00:00:00,16.7,0.2678527
2023-06-12 01:00:00,15.8,0.2568452
2023-06-12 02:00:00,14.7,0.2567738
2023-06-12 03:00:00,14.7,0.2527397
2023-06-12 04:00:00,14.3,0.2555005
2023-06-12 05:00:00,14.2,0.2687452
2023-06-12 06:00:00,15.6,0.2834417
2023-06-12 07:00:00,18.9,0.3065396
2023-06-12 08:00:00,21.5,0.3036241
2023-06-12 09:00:00,23.2,0.2817519
2023-06-12 10:00:00,25.3,0.2626643
2023-06-12 11:00:00,25.5,0.2459924
2023-06-12 12:00:00,25.6,0.2348897
2023-06-12 13:00:00,26.1,0.2282019
2023-06-12 14:00:00,26.6,0.2320218
2023-06-12 15:00:00,26.6,0.2459924
2023-06-12 16:00:00,26.9,0.2565358
2023-06-12 17:00:00,26.4,0.271744
2023-06-12 18:00:00,26.3,0.2861192
2023-06-12 19:00:00,25.6,0.3139176
2023-06-12 20:00:00,22.9,0.3256391
2023-06-12 21:00:00,19.9,0.2947467
2023-06-12 22:00:00,18.8,0.28293
2023-06-12 23:00:00,17.8,0.272339
2023-06-13 00:00:00,17.9,0.2616409
2023-06-13 01:00:00,17.2,0.2541082
2023-06-13 02:00:00,15.3,0.2547151
2023-06-13 03:00:00,14.4,0.2540725
2023-06-13 04:00:00,12.7,0.2564763
2023-06-13 05:00:00,12.3,0.2627476
2023-06-13 06:00:00,14.3,0.2926166
2023-06-13 07:00:00,15.8,0.2978407
2023-06-13 08:00:00,17.7,0.2984476
2023-06-13 09:00:00,20.1,0.2783128
2023-06-13 10:00:00,21.6,0.2568452
2023-06-13 11:00:00,23.5,0.2475513
2023-06-13 12:00:00,24.6,0.2223828
2023-06-13 13:00:00,26.0,0.215338
2023-06-13 14:00:00,25.8,0.213315
2023-06-13 15:00:00,26.2,0.2306533
2023-06-13 16:00:00,25.9,0.2429222
2023-06-13 17:00:00,25.4,0.2563097
2023-06-13 18:00:00,23.8,0.2762422
2023-06-13 19:00:00,24.1,0.2888681
2023-06-13 20:00:00,22.2,0.2984952
2023-06-13 21:00:00,19.8,0.29245
2023-06-13 22:00:00,18.2,0.28055
2023-06-13 23:00:00,16.2,0.2726722
2023-06-14 00:00:00,16.2,0.2701732
2023-06-14 01:00:00,14.2,0.2611292
2023-06-14 02:00:00,13.4,0.2591062
2023-06-14 03:00:00,12.5,0.2582375
2023-06-14 04:00:00,11.4,0.2606413
2023-06-14 05:00:00,11.6,0.2723866
2023-06-14 06:00:00,13.6,0.3066467
2023-06-14 07:00:00,15.5,0.3176899
2023-06-14 08:00:00,16.9,0.30792
2023-06-14 09:00:00,17.9,0.2785508
2023-06-14 10:00:00,19.4,0.2599154
2023-06-14 11:00:00,21.3,0.2489079
2023-06-14 12:00:00,21.1,0.2438147
2023-06-14 13:00:00,21.3,0.2451475
2023-06-14 14:00:00,23.1,0.2483367
2023-06-14 15:00:00,23.4,0.2489674
2023-06-14 16:00:00,23.8,0.2549888
2023-06-14 17:00:00,22.7,0.2728864
2023-06-14 18:00:00,21.8,0.2921763
2023-06-14 19:00:00,23.3,0.3246633
2023-06-14 20:00:00,21.0,0.3366942
2023-06-14 21:00:00,17.9,0.3220929
2023-06-14 22:00:00,17.8,0.2981263
2023-06-14 23:00:00,16.6,0.2851553
2023-06-15 00:00:00,15.2,0.2830728
2023-06-15 01:00:00,15.0,0.2778963
2023-06-15 02:00:00,14.1,0.2753378
2023-06-15 03:00:00,13.4,0.2750522
2023-06-15 04:00:00,11.1,0.2750403
2023-06-15 05:00:00,10.9,0.2912124
2023-06-15 06:00:00,14.5,0.3506648
2023-06-15 07:00:00,16.4,0.353259
2023-06-15 08:00:00,18.7,0.3222833
2023-06-15 09:00:00,21.3,0.29364
2023-06-15 10:00:00,22.3,0.2789554
2023-06-15 11:00:00,22.3,0.2722438
2023-06-15 12:00:00,23.5,0.2653656
2023-06-15 13:00:00,24.0,0.2627
2023-06-15 14:00:00,24.3,0.2627
2023-06-15 15:00:00,23.9,0.2650919
2023-06-15 16:00:00,24.0,0.2707325
2023-06-15 17:00:00,22.7,0.280431
2023-06-15 18:00:00,22.0,0.3048141
2023-06-15 19:00:00,21.0,0.3416208
2023-06-15 20:00:00,18.7,0.3689432
2023-06-15 21:00:00,17.7,0.3609226
2023-06-15 22:00:00,14.5,0.3340524
2023-06-15 23:00:00,13.4,0.3043738
2023-06-16 00:00:00,13.7,0.3057304
2023-06-16 01:00:00,12.7,0.3003278
2023-06-16 02:00:00,11.8,0.2931521
2023-06-16 03:00:00,11.1,0.289713
2023-06-16 04:00:00,11.0,0.2901652
2023-06-16 05:00:00,11.4,0.2957463
2023-06-16 06:00:00,12.9,0.325651
2023-06-16 07:00:00,14.3,0.3385506
2023-06-16 08:00:00,15.2,0.3288521
2023-06-16 09:00:00,17.8,0.3033504
2023-06-16 10:00:00,19.6,0.289118
2023-06-16 11:00:00,21.2,0.2852981
2023-06-16 12:00:00,23.4,0.2833465
2023-06-16 13:00:00,22.7,0.276266
2023-06-16 14:00:00,24.0,0.2737789
2023-06-16 15:00:00,23.8,0.2765635
2023-06-16 16:00:00,20.2,0.2846793
2023-06-16 17:00:00,21.8,0.2924976
2023-06-16 18:00:00,21.7,0.3166665
2023-06-16 19:00:00,20.8,0.3474161
2023-06-16 20:00:00,20.1,0.363969
2023-06-16 21:00:00,19.5,0.3583640999999999
2023-06-16 22:00:00,17.7,0.3365276
2023-06-16 23:00:00,17.5,0.3206411
2023-06-17 00:00:00,15.2,0.3112639
2023-06-17 01:00:00,14.7,0.301732
2023-06-17 02:00:00,12.8,0.2984119
2023-06-17 03:00:00,12.2,0.2941755
2023-06-17 04:00:00,12.1,0.2877733
2023-06-17 05:00:00,12.1,0.2865
2023-06-17 06:00:00,13.9,0.2868689
2023-06-17 07:00:00,14.2,0.2841795
2023-06-17 08:00:00,14.7,0.27579
2023-06-17 09:00:00,15.9,0.269364
2023-06-17 10:00:00,16.6,0.25675
2023-06-17 11:00:00,17.8,0.2388881
2023-06-17 12:00:00,19.7,0.2262384
2023-06-17 13:00:00,21.3,0.213196
2023-06-17 14:00:00,23.8,0.2024622
2023-06-17 15:00:00,24.0,0.2223352
2023-06-17 16:00:00,24.5,0.25675
2023-06-17 17:00:00,24.9,0.2764088
2023-06-17 18:00:00,25.0,0.2928189
2023-06-17 19:00:00,24.6,0.3195701
2023-06-17 20:00:00,22.7,0.3304943
2023-06-17 21:00:00,19.9,0.34005
2023-06-17 22:00:00,18.9,0.3297803
2023-06-17 23:00:00,16.8,0.3182135
2023-06-18 00:00:00,14.3,0.308634
2023-06-18 01:00:00,13.2,0.2964841
2023-06-18 02:00:00,13.8,0.2877019
2023-06-18 03:00:00,12.4,0.2851434
2023-06-18 04:00:00,11.1,0.27936
2023-06-18 05:00:00,12.1,0.2776821
2023-06-18 06:00:00,14.6,0.2722557
2023-06-18 07:00:00,18.9,0.2651514
2023-06-18 08:00:00,21.0,0.25675
2023-06-18 09:00:00,22.9,0.2485747
2023-06-18 10:00:00,23.9,0.2309984
2023-06-18 11:00:00,25.2,0.2194435
2023-06-18 12:00:00,26.4,0.2100901
2023-06-18 13:00:00,27.5,0.1905622
2023-06-18 14:00:00,27.0,0.1853381
2023-06-18 15:00:00,26.8,0.2138862
2023-06-18 16:00:00,27.8,0.24485
2023-06-18 17:00:00,27.8,0.2670196999999999
2023-06-18 18:00:00,27.1,0.2832037
2023-06-18 19:00:00,26.2,0.311609
2023-06-18 20:00:00,25.3,0.3224975
2023-06-18 21:00:00,23.4,0.3191893
2023-06-18 22:00:00,21.9,0.3191893
2023-06-18 23:00:00,21.4,0.2955678
2023-06-19 00:00:00,21.3,0.2746238
2023-06-19 01:00:00,19.8,0.2671268
2023-06-19 02:00:00,21.2,0.2610697
2023-06-19 03:00:00,21.4,0.2623668
2023-06-19 04:00:00,21.1,0.2677575
2023-06-19 05:00:00,20.1,0.2697805
2023-06-19 06:00:00,19.5,0.2959843
2023-06-19 07:00:00,20.1,0.3152147
2023-06-19 08:00:00,21.4,0.3134297
2023-06-19 09:00:00,24.2,0.2932235
2023-06-19 10:00:00,25.5,0.2795028
2023-06-19 11:00:00,25.5,0.2713513
2023-06-19 12:00:00,26.0,0.2666507999999999
2023-06-19 13:00:00,26.0,0.2627714
2023-06-19 14:00:00,25.2,0.2608317
2023-06-19 15:00:00,25.6,0.2677337
2023-06-19 16:00:00,25.7,0.2724223
2023-06-19 17:00:00,26.3,0.2865952
2023-06-19 18:00:00,26.3,0.31863
2023-06-19 19:00:00,25.9,0.3582689
2023-06-19 20:00:00,25.1,0.3909463
2023-06-19 21:00:00,21.4,0.3679912
2023-06-19 22:00:00,19.6,0.3344689
2023-06-19 23:00:00,17.8,0.3164047
2023-06-20 00:00:00,19.1,0.2998161
2023-06-20 01:00:00,18.4,0.2873568
2023-06-20 02:00:00,17.4,0.2795861
2023-06-20 03:00:00,16.8,0.2762303
2023-06-20 04:00:00,16.6,0.275909
2023-06-20 05:00:00,16.9,0.2825611
2023-06-20 06:00:00,18.1,0.3102405
2023-06-20 07:00:00,19.8,0.3286022
2023-06-20 08:00:00,20.4,0.3302801
2023-06-20 09:00:00,20.9,0.3114186
2023-06-20 10:00:00,21.1,0.2913671
2023-06-20 11:00:00,22.2,0.2812759
2023-06-20 12:00:00,24.4,0.2747428
2023-06-20 13:00:00,25.5,0.2694235
2023-06-20 14:00:00,25.7,0.2681978
2023-06-20 15:00:00,27.6,0.2760042
2023-06-20 16:00:00,27.0,0.2809903
2023-06-20 17:00:00,27.3,0.2967816
2023-06-20 18:00:00,27.5,0.3222
2023-06-20 19:00:00,27.1,0.3467021
2023-06-20 20:00:00,26.1,0.3520452
2023-06-20 21:00:00,25.1,0.3341
2023-06-20 22:00:00,24.6,0.31982
2023-06-20 23:00:00,24.1,0.2987213
2023-06-21 00:00:00,21.6,0.298043
2023-06-21 01:00:00,20.3,0.2874401
2023-06-21 02:00:00,20.2,0.2803596
2023-06-21 03:00:00,19.6,0.2792767
2023-06-21 04:00:00,19.6,0.2790863
2023-06-21 05:00:00,19.3,0.2829657
2023-06-21 06:00:00,19.9,0.3069323
2023-06-21 07:00:00,20.3,0.3194272999999999
2023-06-21 08:00:00,21.3,0.3276383
2023-06-21 09:00:00,22.6,0.305778
2023-06-21 10:00:00,22.9,0.2864286
2023-06-21 11:00:00,24.0,0.2781819
2023-06-21 12:00:00,24.3,0.2724699
2023-06-21 13:00:00,24.9,0.2684001
2023-06-21 14:00:00,24.7,0.2655084
2023-06-21 15:00:00,26.3,0.2720772
2023-06-21 16:00:00,26.8,0.2748499
2023-06-21 17:00:00,27.2,0.2908554
2023-06-21 18:00:00,26.0,0.3200699
2023-06-21 19:00:00,25.6,0.3549369
2023-06-21 20:00:00,24.6,0.3825449
2023-06-21 21:00:00,22.0,0.3712518
2023-06-21 22:00:00,19.3,0.34005
2023-06-21 23:00:00,18.4,0.3161072
2023-06-22 00:00:00,18.0,0.3138105
2023-06-22 01:00:00,17.7,0.3025888
2023-06-22 02:00:00,17.3,0.2930331
2023-06-22 03:00:00,17.0,0.2880946
2023-06-22 04:00:00,16.7,0.2829538
2023-06-22 05:00:00,16.1,0.2933425
2023-06-22 06:00:00,17.7,0.3193678
2023-06-22 07:00:00,19.2,0.3373368
2023-06-22 08:00:00,22.5,0.3387886
2023-06-22 09:00:00,24.6,0.3104428
2023-06-22 10:00:00,26.2,0.29364
2023-06-22 11:00:00,24.6,0.2838106
2023-06-22 12:00:00,25.3,0.2825968
2023-06-22 13:00:00,26.1,0.2826801
2023-06-22 14:00:00,26.8,0.2822874
2023-06-22 15:00:00,25.4,0.2827039
2023-06-22 16:00:00,24.1,0.2843461
2023-06-22 17:00:00,20.4,0.3052663
2023-06-22 18:00:00,19.8,0.318987
2023-06-22 19:00:00,19.7,0.3429417
2023-06-22 20:00:00,19.0,0.34005
2023-06-22 21:00:00,18.5,0.3307442
2023-06-22 22:00:00,18.4,0.3154646
2023-06-22 23:00:00,18.2,0.2994353
2023-06-23 00:00:00,18.3,0.279122
2023-06-23 01:00:00,18.0,0.268888
2023-06-23 02:00:00,18.0,0.2648301
2023-06-23 03:00:00,18.0,0.2642232
2023-06-23 04:00:00,17.8,0.2638186
2023-06-23 05:00:00,17.5,0.2681264
2023-06-23 06:00:00,16.2,0.2925571
2023-06-23 07:00:00,15.5,0.3090386
2023-06-23 08:00:00,15.0,0.3113353
2023-06-23 09:00:00,15.6,0.3003635
2023-06-23 10:00:00,15.7,0.2820613
2023-06-23 11:00:00,16.0,0.272339
2023-06-23 12:00:00,16.7,0.26627
2023-06-23 13:00:00,17.7,0.2589753
2023-06-23 14:00:00,18.6,0.2507762
2023-06-23 15:00:00,19.6,0.249967
2023-06-23 16:00:00,21.6,0.2589753
2023-06-23 17:00:00,23.0,0.27103
2023-06-23 18:00:00,22.9,0.2835130999999999
2023-06-23 19:00:00,23.0,0.3098954
2023-06-23 20:00:00,20.8,0.318749
2023-06-23 21:00:00,17.8,0.3162381
2023-06-23 22:00:00,16.4,0.3111092
2023-06-23 23:00:00,15.5,0.3011608
2023-06-24 00:00:00,14.7,0.2952346
2023-06-24 01:00:00,14.3,0.2861668
2023-06-24 02:00:00,13.5,0.2780272
2023-06-24 03:00:00,11.9,0.2749689
2023-06-24 04:00:00,11.6,0.2678527
2023-06-24 05:00:00,12.2,0.2656869
2023-06-24 06:00:00,13.6,0.2654251
2023-06-24 07:00:00,16.3,0.265437
2023-06-24 08:00:00,17.8,0.2633783
2023-06-24 09:00:00,19.9,0.2528111
2023-06-24 10:00:00,20.9,0.2241916
2023-06-24 11:00:00,22.4,0.18535
2023-06-24 12:00:00,23.7,0.1734381
2023-06-24 13:00:00,24.7,0.157861
2023-06-24 14:00:00,25.9,0.1559689
2023-06-24 15:00:00,25.3,0.1675
2023-06-24 16:00:00,25.7,0.189158
2023-06-24 17:00:00,25.5,0.2519662
2023-06-24 18:00:00,25.8,0.2743263
2023-06-24 19:00:00,25.6,0.3102405
2023-06-24 20:00:00,25.0,0.3239136
2023-06-24 21:00:00,21.3,0.3349568
2023-06-24 22:00:00,19.6,0.3108474
2023-06-24 23:00:00,18.3,0.2963889
2023-06-25 00:00:00,17.4,0.2996614
2023-06-25 01:00:00,16.6,0.29007
2023-06-25 02:00:00,16.6,0.2840605
2023-06-25 03:00:00,16.1,0.2823231
2023-06-25 04:00:00,15.5,0.2768491
2023-06-25 05:00:00,15.6,0.2768967
2023-06-25 06:00:00,18.3,0.2611054
2023-06-25 07:00:00,20.7,0.2500503
2023-06-25 08:00:00,23.0,0.21986
2023-06-25 09:00:00,24.9,0.1943345
2023-06-25 10:00:00,26.3,0.1671311
2023-06-25 11:00:00,26.7,0.155719
2023-06-25 12:00:00,27.4,0.1556
2023-06-25 13:00:00,27.7,0.155481
2023-06-25 14:00:00,28.0,0.155481
2023-06-25 15:00:00,28.5,0.1555881
2023-06-25 16:00:00,27.5,0.1671311
2023-06-25 17:00:00,29.0,0.2403756
2023-06-25 18:00:00,28.3,0.2823826
2023-06-25 19:00:00,28.3,0.3056471
2023-06-25 20:00:00,26.7,0.3386339
2023-06-25 21:00:00,25.8,0.3500936
2023-06-25 22:00:00,22.8,0.328507
2023-06-25 23:00:00,23.4,0.2972219
2023-06-26 00:00:00,22.4,0.2973171
2023-06-26 01:00:00,21.0,0.2848697
2023-06-26 02:00:00,21.1,0.269364
2023-06-26 03:00:00,21.0,0.2620812
2023-06-26 04:00:00,20.8,0.2598797
2023-06-26 05:00:00,20.6,0.2769443
2023-06-26 06:00:00,22.0,0.30792
2023-06-26 07:00:00,23.6,0.3127395
2023-06-26 08:00:00,25.1,0.2990902
2023-06-26 09:00:00,26.4,0.2764088
2023-06-26 10:00:00,26.4,0.260201
2023-06-26 11:00:00,25.4,0.2541796
2023-06-26 12:00:00,23.2,0.2447548
2023-06-26 13:00:00,23.3,0.2255244
2023-06-26 14:00:00,23.5,0.2162067
2023-06-26 15:00:00,24.2,0.2198957
2023-06-26 16:00:00,23.1,0.2321408
2023-06-26 17:00:00,22.6,0.2549412
2023-06-26 18:00:00,21.9,0.27103
2023-06-26 19:00:00,21.0,0.2858217
2023-06-26 20:00:00,20.0,0.29602
2023-06-26 21:00:00,16.6,0.3057304
2023-06-26 22:00:00,16.6,0.3095503
2023-06-26 23:00:00,15.1,0.2960914
2023-06-27 00:00:00,14.0,0.2915337
2023-06-27 01:00:00,13.4,0.2755282
2023-06-27 02:00:00,13.1,0.2665318
2023-06-27 03:00:00,12.6,0.2676028
2023-06-27 04:00:00,11.9,0.2618313
2023-06-27 05:00:00,12.1,0.2652823
2023-06-27 06:00:00,13.6,0.2927951
2023-06-27 07:00:00,15.5,0.3103
2023-06-27 08:00:00,17.5,0.3067895
2023-06-27 09:00:00,19.3,0.2772656
2023-06-27 10:00:00,19.6,0.2627
2023-06-27 11:00:00,20.8,0.2511213
2023-06-27 12:00:00,20.0,0.2416013
2023-06-27 13:00:00,20.8,0.2311174
2023-06-27 14:00:00,20.9,0.2366628
2023-06-27 15:00:00,15.9,0.2483605
2023-06-27 16:00:00,22.0,0.2615695
2023-06-27 17:00:00,19.0,0.270316
2023-06-27 18:00:00,20.4,0.2907483
2023-06-27 19:00:00,18.4,0.3107879
2023-06-27 20:00:00,17.7,0.3160001
2023-06-27 21:00:00,16.7,0.3112877
2023-06-27 22:00:00,15.2,0.3044214
2023-06-27 23:00:00,13.8,0.2938304
2023-06-28 00:00:00,13.0,0.2723152
2023-06-28 01:00:00,12.6,0.2634021
2023-06-28 02:00:00,11.1,0.2592371
2023-06-28 03:00:00,10.5,0.2582851
2023-06-28 04:00:00,10.5,0.2594156
2023-06-28 05:00:00,11.2,0.2679241
2023-06-28 06:00:00,12.7,0.2936757
2023-06-28 07:00:00,14.7,0.312085
2023-06-28 08:00:00,16.8,0.3080985
2023-06-28 09:00:00,18.1,0.2908435
2023-06-28 10:00:00,19.6,0.2768491
2023-06-28 11:00:00,20.3,0.273767
2023-06-28 12:00:00,21.0,0.2760042
2023-06-28 13:00:00,21.7,0.2715298
2023-06-28 14:00:00,21.1,0.2693521
2023-06-28 15:00:00,21.4,0.2691141
2023-06-28 16:00:00,21.9,0.271744
2023-06-28 17:00:00,21.3,0.2830252
2023-06-28 18:00:00,21.6,0.3090148
2023-06-28 19:00:00,20.8,0.3402642
2023-06-28 20:00:00,20.2,0.3550678
2023-06-28 21:00:00,19.4,0.344929
2023-06-28 22:00:00,18.7,0.3222
2023-06-28 23:00:00,18.0,0.299709
2023-06-29 00:00:00,18.0,0.2977574
2023-06-29 01:00:00,18.1,0.2865714
2023-06-29 02:00:00,18.0,0.2766468
2023-06-29 03:00:00,17.7,0.2723152
2023-06-29 04:00:00,17.8,0.2745048
2023-06-29 05:00:00,17.9,0.2799788
2023-06-29 06:00:00,18.6,0.3005539
2023-06-29 07:00:00,19.4,0.3109545
2023-06-29 08:00:00,19.7,0.3106689
2023-06-29 09:00:00,20.2,0.2941041
2023-06-29 10:00:00,21.3,0.2816805
2023-06-29 11:00:00,21.9,0.272934
2023-06-29 12:00:00,22.3,0.2744096
2023-06-29 13:00:00,22.6,0.2725056
2023-06-29 14:00:00,22.9,0.272934
2023-06-29 15:00:00,23.2,0.2746
2023-06-29 16:00:00,23.3,0.2759328
2023-06-29 17:00:00,20.9,0.2889157
2023-06-29 18:00:00,20.3,0.3117994
2023-06-29 19:00:00,19.9,0.3534375
2023-06-29 20:00:00,20.3,0.3597802
2023-06-29 21:00:00,19.7,0.3397287
2023-06-29 22:00:00,19.3,0.3243539
2023-06-29 23:00:00,18.6,0.2997209
2023-06-30 00:00:00,17.6,0.293164
2023-06-30 01:00:00,17.1,0.278646
2023-06-30 02:00:00,16.9,0.2705064
2023-06-30 03:00:00,17.1,0.2717916
2023-06-30 04:00:00,16.7,0.2699709
2023-06-30 05:00:00,16.0,0.2837511
2023-06-30 06:00:00,15.8,0.3064325
2023-06-30 07:00:00,15.3,0.3209743
2023-06-30 08:00:00,15.6,0.3143579
2023-06-30 09:00:00,16.3,0.3059089
2023-06-30 10:00:00,16.6,0.2863334
2023-06-30 11:00:00,17.6,0.2784556
2023-06-30 12:00:00,18.1,0.2756234
2023-06-30 13:00:00,19.3,0.2647111
2023-06-30 14:00:00,20.3,0.2608674
2023-06-30 15:00:00,21.2,0.2627
2023-06-30 16:00:00,21.7,0.2650919
2023-06-30 17:00:00,22.2,0.2726484
2023-06-30 18:00:00,20.4,0.2861787
2023-06-30 19:00:00,20.7,0.2959724
2023-06-30 20:00:00,19.2,0.3143817
2023-06-30 21:00:00,16.7,0.3111806
2023-06-30 22:00:00,15.1,0.3012441
2023-06-30 23:00:00,14.1,0.2858693
2023-07-01 00:00:00,14.8,0.2861906
2023-07-01 01:00:00,14.7,0.2852029
2023-07-01 02:00:00,15.1,0.2797289
2023-07-01 03:00:00,15.7,0.2735766
2023-07-01 04:00:00,15.0,0.2723509
2023-07-01 05:00:00,15.7,0.2556909
2023-07-01 06:00:00,16.2,0.2491697
2023-07-01 07:00:00,17.3,0.2576425
2023-07-01 08:00:00,17.6,0.2484557
2023-07-01 09:00:00,18.0,0.232831
2023-07-01 10:00:00,19.1,0.2077101
2023-07-01 11:00:00,19.8,0.1848859
2023-07-01 12:00:00,18.7,0.1756277
2023-07-01 13:00:00,18.4,0.1608717
2023-07-01 14:00:00,18.8,0.1556833
2023-07-01 15:00:00,18.2,0.1567543
2023-07-01 16:00:00,17.7,0.1702489
2023-07-01 17:00:00,18.1,0.2205621
2023-07-01 18:00:00,18.2,0.2473966
2023-07-01 19:00:00,18.1,0.2536084
2023-07-01 20:00:00,17.3,0.262224
2023-07-01 21:00:00,17.2,0.2660201
2023-07-01 22:00:00,16.2,0.2662343
2023-07-01 23:00:00,15.3,0.2625334
2023-07-02 00:00:00,15.9,0.1751755
2023-07-02 01:00:00,15.7,0.1593723
2023-07-02 02:00:00,14.9,0.1556119
2023-07-02 03:00:00,14.5,0.1556
2023-07-02 04:00:00,15.3,0.1555643
2023-07-02 05:00:00,15.3,0.1555405
2023-07-02 06:00:00,15.3,0.1555405
2023-07-02 07:00:00,15.9,0.155005
2023-07-02 08:00:00,16.8,0.1520895
2023-07-02 09:00:00,17.4,0.1376667
2023-07-02 10:00:00,17.3,0.11157
2023-07-02 11:00:00,18.2,0.0388491
2023-07-02 12:00:00,18.4,-0.0442723999999999
2023-07-02 13:00:00,18.8,-0.1620347999999999
2023-07-02 14:00:00,19.3,-0.4393999999999999
2023-07-02 15:00:00,19.4,-0.31921
2023-07-02 16:00:00,20.3,0.0077901
2023-07-02 17:00:00,20.2,0.1137358
2023-07-02 18:00:00,19.8,0.1484481
2023-07-02 19:00:00,19.3,0.1613477
2023-07-02 20:00:00,18.0,0.2378171
2023-07-02 21:00:00,16.0,0.2574759
2023-07-02 22:00:00,15.0,0.268531
2023-07-02 23:00:00,14.9,0.2580352
2023-07-03 00:00:00,14.9,0.23414
2023-07-03 01:00:00,15.1,0.207365
2023-07-03 02:00:00,14.7,0.1842671
2023-07-03 03:00:00,15.2,0.1678094
2023-07-03 04:00:00,15.2,0.174402
2023-07-03 05:00:00,15.4,0.21986
2023-07-03 06:00:00,15.3,0.25794
2023-07-03 07:00:00,15.6,0.2875591
2023-07-03 08:00:00,15.5,0.2804429
2023-07-03 09:00:00,16.3,0.2290349
2023-07-03 10:00:00,16.6,0.15679
2023-07-03 11:00:00,18.6,0.1555286
2023-07-03 12:00:00,18.1,0.152149
2023-07-03 13:00:00,17.8,0.1488408
2023-07-03 14:00:00,20.0,0.1496619
2023-07-03 15:00:00,19.0,0.1523275
2023-07-03 16:00:00,18.1,0.1555167
2023-07-03 17:00:00,17.6,0.182375
2023-07-03 18:00:00,17.2,0.2607365
2023-07-03 19:00:00,16.3,0.2940922
2023-07-03 20:00:00,16.4,0.3038026
2023-07-03 21:00:00,16.2,0.3080271
2023-07-03 22:00:00,16.4,0.2998637
2023-07-03 23:00:00,16.9,0.291855
2023-07-04 00:00:00,16.7,0.2703993
2023-07-04 01:00:00,17.5,0.251752
2023-07-04 02:00:00,15.2,0.24009
2023-07-04 03:00:00,12.6,0.2322122
2023-07-04 04:00:00,12.7,0.2406969
2023-07-04 05:00:00,12.8,0.2568571
2023-07-04 06:00:00,13.4,0.2909387
2023-07-04 07:00:00,14.5,0.2983643
2023-07-04 08:00:00,15.5,0.2904151
2023-07-04 09:00:00,16.3,0.2461352
2023-07-04 10:00:00,17.7,0.1956316
2023-07-04 11:00:00,16.8,0.1675952
2023-07-04 12:00:00,17.5,0.1556833
2023-07-04 13:00:00,17.4,0.1556714
2023-07-04 14:00:00,16.9,0.1673929
2023-07-04 15:00:00,18.3,0.2022718
2023-07-04 16:00:00,18.0,0.2553696
2023-07-04 17:00:00,19.2,0.2670792
2023-07-04 18:00:00,18.8,0.294711
2023-07-04 19:00:00,18.6,0.331958
2023-07-04 20:00:00,17.2,0.3626481
2023-07-04 21:00:00,16.6,0.3601967
2023-07-04 22:00:00,15.2,0.3281857
2023-07-04 23:00:00,15.9,0.3032671
2023-07-05 00:00:00,16.2,0.3035408
2023-07-05 01:00:00,16.4,0.2869879
2023-07-05 02:00:00,15.7,0.2683644
2023-07-05 03:00:00,16.2,0.2589039
2023-07-05 04:00:00,15.4,0.235687
2023-07-05 05:00:00,15.5,0.2363653
2023-07-05 06:00:00,15.0,0.2468016
2023-07-05 07:00:00,14.4,0.2657821
2023-07-05 08:00:00,15.5,0.2726365
2023-07-05 09:00:00,15.8,0.253656
2023-07-05 10:00:00,17.9,0.2429936
2023-07-05 11:00:00,17.8,0.201058
2023-07-05 12:00:00,18.5,0.1556595
2023-07-05 13:00:00,17.7,0.1519229
2023-07-05 14:00:00,18.1,0.1437833
2023-07-05 15:00:00,18.4,0.143819
2023-07-05 16:00:00,19.3,0.1514112
2023-07-05 17:00:00,16.6,0.1833627
2023-07-05 18:00:00,17.0,0.254608
2023-07-05 19:00:00,17.0,0.2800859
2023-07-05 20:00:00,16.3,0.2965436
2023-07-05 21:00:00,14.9,0.3016725
2023-07-05 22:00:00,15.1,0.2999946
2023-07-05 23:00:00,14.1,0.2922239
2023-07-06 00:00:00,13.4,0.2646278
2023-07-06 01:00:00,13.1,0.25556
2023-07-06 02:00:00,13.6,0.253656
2023-07-06 03:00:00,13.8,0.2544295
2023-07-06 04:00:00,13.2,0.2567619
2023-07-06 05:00:00,12.8,0.2679003
2023-07-06 06:00:00,13.8,0.2909625
2023-07-06 07:00:00,15.3,0.3058851
2023-07-06 08:00:00,16.6,0.3041715
2023-07-06 09:00:00,17.2,0.2876543
2023-07-06 10:00:00,19.1,0.2686857
2023-07-06 11:00:00,20.4,0.2582851
2023-07-06 12:00:00,20.5,0.2486223
2023-07-06 13:00:00,19.8,0.2465398
2023-07-06 14:00:00,21.6,0.2485985
2023-07-06 15:00:00,21.3,0.2556195
2023-07-06 16:00:00,21.1,0.260439
2023-07-06 17:00:00,22.0,0.2732077
2023-07-06 18:00:00,22.2,0.2941398
2023-07-06 19:00:00,21.9,0.334814
2023-07-06 20:00:00,21.5,0.3747147
2023-07-06 21:00:00,17.3,0.3743934
2023-07-06 22:00:00,15.7,0.3193083
2023-07-06 23:00:00,15.2,0.2971862
2023-07-07 00:00:00,14.3,0.29126
2023-07-07 01:00:00,13.9,0.2792172
2023-07-07 02:00:00,13.2,0.271744
2023-07-07 03:00:00,12.7,0.2697567
2023-07-07 04:00:00,12.5,0.2722319
2023-07-07 05:00:00,13.2,0.2769086
2023-07-07 06:00:00,15.2,0.3168093
2023-07-07 07:00:00,17.9,0.300423
2023-07-07 08:00:00,20.5,0.2851077
2023-07-07 09:00:00,22.0,0.2648301
2023-07-07 10:00:00,23.5,0.25556
2023-07-07 11:00:00,24.2,0.2497528
2023-07-07 12:00:00,25.4,0.244731
2023-07-07 13:00:00,25.5,0.2348183
2023-07-07 14:00:00,26.2,0.2329262
2023-07-07 15:00:00,26.6,0.2343542
2023-07-07 16:00:00,27.1,0.2511451
2023-07-07 17:00:00,27.5,0.2627
2023-07-07 18:00:00,27.5,0.2956035
2023-07-07 19:00:00,26.1,0.3302682
2023-07-07 20:00:00,23.4,0.3617556
2023-07-07 21:00:00,20.7,0.3216526
2023-07-07 22:00:00,19.1,0.2951513
2023-07-07 23:00:00,18.0,0.2764564
2023-07-08 00:00:00,16.5,0.2749213
2023-07-08 01:00:00,15.7,0.2652466
2023-07-08 02:00:00,14.9,0.2626643
2023-07-08 03:00:00,14.0,0.2592014
2023-07-08 04:00:00,13.6,0.2613196
2023-07-08 05:00:00,13.7,0.2609983
2023-07-08 06:00:00,15.8,0.2566786
2023-07-08 07:00:00,18.1,0.2570594
2023-07-08 08:00:00,20.3,0.2552863
2023-07-08 09:00:00,23.2,0.2460876
2023-07-08 10:00:00,25.0,0.228071
2023-07-08 11:00:00,28.3,0.2107208
2023-07-08 12:00:00,29.3,0.1975118
2023-07-08 13:00:00,30.1,0.1754849
2023-07-08 14:00:00,30.8,0.1755087
2023-07-08 15:00:00,31.1,0.2032
2023-07-08 16:00:00,31.3,0.228071
2023-07-08 17:00:00,31.0,0.254846
2023-07-08 18:00:00,30.8,0.283287
2023-07-08 19:00:00,30.3,0.29959
2023-07-08 20:00:00,27.4,0.3088244
2023-07-08 21:00:00,24.0,0.3137034
2023-07-08 22:00:00,22.0,0.3099668
2023-07-08 23:00:00,21.9,0.2935448
2023-07-09 00:00:00,20.3,0.2858336
2023-07-09 01:00:00,19.4,0.2766706
2023-07-09 02:00:00,18.8,0.2767658
2023-07-09 03:00:00,17.7,0.2691736
2023-07-09 04:00:00,16.9,0.2695901
2023-07-09 05:00:00,17.0,0.2709348
2023-07-09 06:00:00,18.9,0.2682692
2023-07-09 07:00:00,20.8,0.264128
2023-07-09 08:00:00,22.8,0.2582256
2023-07-09 09:00:00,24.9,0.2473609
2023-07-09 10:00:00,27.5,0.2271785
2023-07-09 11:00:00,29.2,0.2152428
2023-07-09 12:00:00,30.8,0.2099711
2023-07-09 13:00:00,31.6,0.1996181
2023-07-09 14:00:00,32.5,0.2089715
2023-07-09 15:00:00,32.6,0.2212285
2023-07-09 16:00:00,33.1,0.2424581
2023-07-09 17:00:00,32.8,0.253656
2023-07-09 18:00:00,31.7,0.280669
2023-07-09 19:00:00,29.3,0.3010299
2023-07-09 20:00:00,27.7,0.3128228
2023-07-09 21:00:00,20.4,0.315179
2023-07-09 22:00:00,19.6,0.3128228
2023-07-09 23:00:00,20.4,0.297924
2023-07-10 00:00:00,19.9,0.2894631
2023-07-10 01:00:00,19.9,0.27698
2023-07-10 02:00:00,19.9,0.267817
2023-07-10 03:00:00,19.2,0.2650086
2023-07-10 04:00:00,18.6,0.2666389
2023-07-10 05:00:00,18.5,0.2807166
2023-07-10 06:00:00,19.1,0.3003873
2023-07-10 07:00:00,18.6,0.3136082
2023-07-10 08:00:00,19.0,0.3153813
2023-07-10 09:00:00,19.1,0.2959605
2023-07-10 10:00:00,19.7,0.2808832
2023-07-10 11:00:00,21.7,0.2686381
2023-07-10 12:00:00,22.7,0.2617837
2023-07-10 13:00:00,22.9,0.2509904
2023-07-10 14:00:00,25.1,0.2442312
2023-07-10 15:00:00,25.0,0.2415418
2023-07-10 16:00:00,25.4,0.2525374
2023-07-10 17:00:00,25.5,0.2640566
2023-07-10 18:00:00,25.5,0.3015773
2023-07-10 19:00:00,24.5,0.3525331
2023-07-10 20:00:00,22.3,0.3650519
2023-07-10 21:00:00,19.9,0.3698833
2023-07-10 22:00:00,18.3,0.3494748
2023-07-10 23:00:00,16.9,0.314703
2023-07-11 00:00:00,16.2,0.3036478999999999
2023-07-11 01:00:00,15.7,0.2933306
2023-07-11 02:00:00,16.1,0.2808951
2023-07-11 03:00:00,15.4,0.2754092
2023-07-11 04:00:00,15.6,0.274243
2023-07-11 05:00:00,17.0,0.2897606
2023-07-11 06:00:00,17.6,0.3026245
2023-07-11 07:00:00,19.5,0.3048141
2023-07-11 08:00:00,22.4,0.2995305
2023-07-11 09:00:00,23.9,0.280669
2023-07-11 10:00:00,25.9,0.2672458
2023-07-11 11:00:00,27.3,0.2520971
2023-07-11 12:00:00,27.9,0.2243344
2023-07-11 13:00:00,29.1,0.2108041
2023-07-11 14:00:00,28.8,0.2119941
2023-07-11 15:00:00,29.2,0.2349135
2023-07-11 16:00:00,30.1,0.2605818
2023-07-11 17:00:00,29.9,0.2691379
2023-07-11 18:00:00,30.3,0.3002802
2023-07-11 19:00:00,28.9,0.3602919
2023-07-11 20:00:00,26.0,0.3709781
2023-07-11 21:00:00,24.5,0.31625
2023-07-11 22:00:00,22.9,0.2983405
2023-07-11 23:00:00,22.0,0.2783842
2023-07-12 00:00:00,22.2,0.2727793
2023-07-12 01:00:00,20.8,0.26389
2023-07-12 02:00:00,20.6,0.2627
2023-07-12 03:00:00,19.7,0.2532871
2023-07-12 04:00:00,18.3,0.2550602
2023-07-12 05:00:00,17.5,0.2569047
2023-07-12 06:00:00,18.9,0.2770395
2023-07-12 07:00:00,18.9,0.2960676
2023-07-12 08:00:00,19.4,0.2984
2023-07-12 09:00:00,20.2,0.2803596
2023-07-12 10:00:00,19.5,0.2583684
2023-07-12 11:00:00,21.8,0.2386263
2023-07-12 12:00:00,21.9,0.1744853
2023-07-12 13:00:00,21.9,0.1709748
2023-07-12 14:00:00,22.8,0.1786027
2023-07-12 15:00:00,23.7,0.1877657
2023-07-12 16:00:00,24.7,0.2198243
2023-07-12 17:00:00,23.3,0.2537988
2023-07-12 18:00:00,23.2,0.2738384
2023-07-12 19:00:00,21.4,0.2976622
2023-07-12 20:00:00,19.0,0.3296494
2023-07-12 21:00:00,17.8,0.3363491
2023-07-12 22:00:00,17.5,0.3060279
2023-07-12 23:00:00,17.0,0.2911529
2023-07-13 00:00:00,16.4,0.2806571
2023-07-13 01:00:00,15.9,0.2710657
2023-07-13 02:00:00,16.0,0.2686976
2023-07-13 03:00:00,15.1,0.2653775
2023-07-13 04:00:00,15.0,0.265199
2023-07-13 05:00:00,15.6,0.2670196999999999
2023-07-13 06:00:00,16.2,0.2833941
2023-07-13 07:00:00,17.4,0.3011251
2023-07-13 08:00:00,18.4,0.297329
2023-07-13 09:00:00,19.0,0.2799669
2023-07-13 10:00:00,19.9,0.2640923
2023-07-13 11:00:00,20.5,0.2557266
2023-07-13 12:00:00,21.7,0.247587
2023-07-13 13:00:00,21.3,0.2279282
2023-07-13 14:00:00,22.5,0.2151238
2023-07-13 15:00:00,17.6,0.2295347
2023-07-13 16:00:00,15.5,0.246397
2023-07-13 17:00:00,16.1,0.2598083
2023-07-13 18:00:00,16.1,0.267103
2023-07-13 19:00:00,16.8,0.2952584
2023-07-13 20:00:00,16.4,0.3113234
2023-07-13 21:00:00,15.5,0.3196891
2023-07-13 22:00:00,14.9,0.3099073
2023-07-13 23:00:00,15.3,0.2956868
2023-07-14 00:00:00,15.7,0.27579
2023-07-14 01:00:00,14.2,0.2702684
2023-07-14 02:00:00,12.6,0.2661629
2023-07-14 03:00:00,12.4,0.2674719
2023-07-14 04:00:00,11.7,0.2666865
2023-07-14 05:00:00,12.0,0.2738265
2023-07-14 06:00:00,13.7,0.29126
2023-07-14 07:00:00,16.5,0.29126
2023-07-14 08:00:00,17.8,0.2790744
2023-07-14 09:00:00,19.9,0.2568333
2023-07-14 10:00:00,21.6,0.2504549
2023-07-14 11:00:00,22.5,0.2466826
2023-07-14 12:00:00,22.2,0.2436005
2023-07-14 13:00:00,23.6,0.2388881
2023-07-14 14:00:00,24.8,0.2450047
2023-07-14 15:00:00,24.7,0.2508595
2023-07-14 16:00:00,24.9,0.256869
2023-07-14 17:00:00,26.4,0.2715774
2023-07-14 18:00:00,25.8,0.2927475
2023-07-14 19:00:00,25.6,0.3224261
2023-07-14 20:00:00,24.7,0.3221047999999999
2023-07-14 21:00:00,22.9,0.3030648
2023-07-14 22:00:00,23.0,0.2689475
2023-07-14 23:00:00,21.7,0.2519186
2023-07-15 00:00:00,21.3,0.2416132
2023-07-15 01:00:00,20.3,0.2192174
2023-07-15 02:00:00,19.7,0.1902885
2023-07-15 03:00:00,19.9,0.1793405
2023-07-15 04:00:00,19.4,0.1758062
2023-07-15 05:00:00,19.1,0.1718911
2023-07-15 06:00:00,20.4,0.179281
2023-07-15 07:00:00,22.1,0.182494
2023-07-15 08:00:00,24.8,0.1912405
2023-07-15 09:00:00,26.2,0.1763179
2023-07-15 10:00:00,28.4,0.161074
2023-07-15 11:00:00,29.2,0.1556
2023-07-15 12:00:00,28.6,0.1555762
2023-07-15 13:00:00,23.0,0.1554453
2023-07-15 14:00:00,22.3,0.1543743
2023-07-15 15:00:00,24.1,0.155481
2023-07-15 16:00:00,26.0,0.1556238
2023-07-15 17:00:00,25.9,0.1740926
2023-07-15 18:00:00,27.3,0.2442669
2023-07-15 19:00:00,26.1,0.2557742
2023-07-15 20:00:00,24.8,0.2607484
2023-07-15 21:00:00,23.9,0.2551197
2023-07-15 22:00:00,22.7,0.2543938
2023-07-15 23:00:00,21.9,0.2410658
2023-07-16 00:00:00,21.6,0.2233586
2023-07-16 01:00:00,19.3,0.179043
2023-07-16 02:00:00,18.3,0.1587892
2023-07-16 03:00:00,18.4,0.1556833
2023-07-16 04:00:00,18.1,0.1556
2023-07-16 05:00:00,18.1,0.1551002
2023-07-16 06:00:00,18.2,0.1531367
2023-07-16 07:00:00,19.7,0.154291
2023-07-16 08:00:00,20.0,0.1531129
2023-07-16 09:00:00,21.8,0.1437952
2023-07-16 10:00:00,22.5,0.1325854
2023-07-16 11:00:00,22.7,0.126088
2023-07-16 12:00:00,23.5,0.1099159
2023-07-16 13:00:00,23.5,0.0959929
2023-07-16 14:00:00,23.9,0.0841524
2023-07-16 15:00:00,24.7,0.0981111
2023-07-16 16:00:00,24.7,0.1239817
2023-07-16 17:00:00,24.3,0.1496381
2023-07-16 18:00:00,24.1,0.1920259
2023-07-16 19:00:00,22.8,0.2656869
2023-07-16 20:00:00,21.8,0.2755044
2023-07-16 21:00:00,19.6,0.2855599
2023-07-16 22:00:00,18.7,0.2917122
2023-07-16 23:00:00,19.1,0.2865
2023-07-17 00:00:00,16.5,0.2856194
2023-07-17 01:00:00,16.3,0.2771823
2023-07-17 02:00:00,16.8,0.2688761
2023-07-17 03:00:00,16.5,0.260439
2023-07-17 04:00:00,16.1,0.2634021
2023-07-17 05:00:00,15.9,0.2713037
2023-07-17 06:00:00,16.5,0.2984238
2023-07-17 07:00:00,17.0,0.3098954
2023-07-17 08:00:00,18.2,0.2894393
2023-07-17 09:00:00,20.2,0.2676266
2023-07-17 10:00:00,20.0,0.248301
2023-07-17 11:00:00,21.8,0.2092333
2023-07-17 12:00:00,22.0,0.1566472
2023-07-17 13:00:00,22.3,0.1563497
2023-07-17 14:00:00,23.4,0.1556
2023-07-17 15:00:00,22.4,0.1641442
2023-07-17 16:00:00,23.0,0.2135768
2023-07-17 17:00:00,20.7,0.2454569
2023-07-17 18:00:00,19.1,0.2570832
2023-07-17 19:00:00,15.0,0.2823588
2023-07-17 20:00:00,14.9,0.2981382
2023-07-17 21:00:00,14.0,0.3035289
2023-07-17 22:00:00,13.3,0.30435
2023-07-17 23:00:00,12.5,0.2870236
2023-07-18 00:00:00,13.0,0.2746595
2023-07-18 01:00:00,12.0,0.270197
2023-07-18 02:00:00,11.4,0.2600701
2023-07-18 03:00:00,11.0,0.2590348
2023-07-18 04:00:00,11.1,0.2603676
2023-07-18 05:00:00,11.8,0.2702565
2023-07-18 06:00:00,13.0,0.2786341
2023-07-18 07:00:00,14.9,0.2915575
2023-07-18 08:00:00,17.1,0.2865
2023-07-18 09:00:00,18.8,0.2665318
2023-07-18 10:00:00,20.1,0.2540606
2023-07-18 11:00:00,21.3,0.2493839
2023-07-18 12:00:00,22.6,0.2498004
2023-07-18 13:00:00,22.7,0.2522042
2023-07-18 14:00:00,22.4,0.2627357
2023-07-18 15:00:00,24.0,0.2626286
2023-07-18 16:00:00,23.8,0.259725
2023-07-18 17:00:00,24.0,0.2707682
2023-07-18 18:00:00,24.6,0.3003278
2023-07-18 19:00:00,23.1,0.3558294
2023-07-18 20:00:00,21.3,0.37932
2023-07-18 21:00:00,17.7,0.350522
2023-07-18 22:00:00,16.7,0.3213194
2023-07-18 23:00:00,15.4,0.2885944
2023-07-19 00:00:00,16.0,0.2842509
2023-07-19 01:00:00,15.8,0.27579
2023-07-19 02:00:00,15.2,0.2713275
2023-07-19 03:00:00,13.5,0.2708515
2023-07-19 04:00:00,13.4,0.2723152
2023-07-19 05:00:00,13.2,0.2798717
2023-07-19 06:00:00,14.3,0.3060636
2023-07-19 07:00:00,17.4,0.3043381
2023-07-19 08:00:00,18.5,0.2957939
2023-07-19 09:00:00,19.9,0.274481
2023-07-19 10:00:00,20.4,0.2608912
2023-07-19 11:00:00,22.0,0.2516806
2023-07-19 12:00:00,22.1,0.2470277
2023-07-19 13:00:00,22.9,0.2373054
2023-07-19 14:00:00,24.1,0.2299393
2023-07-19 15:00:00,22.3,0.2296656
2023-07-19 16:00:00,22.4,0.2407445
2023-07-19 17:00:00,20.6,0.2458258
2023-07-19 18:00:00,19.4,0.2678408
2023-07-19 19:00:00,19.4,0.2898439
2023-07-19 20:00:00,18.7,0.3086102
2023-07-19 21:00:00,17.5,0.3030053
2023-07-19 22:00:00,15.9,0.2910101
2023-07-19 23:00:00,14.6,0.2753021
2023-07-20 00:00:00,14.7,0.2723747
2023-07-20 01:00:00,14.3,0.2678765
2023-07-20 02:00:00,13.8,0.2547151
2023-07-20 03:00:00,12.9,0.2542034
2023-07-20 04:00:00,12.2,0.2580471
2023-07-20 05:00:00,12.8,0.2583684
2023-07-20 06:00:00,13.2,0.2740169
2023-07-20 07:00:00,13.6,0.2912005
2023-07-20 08:00:00,14.8,0.2882255
2023-07-20 09:00:00,17.3,0.2732553
2023-07-20 10:00:00,16.7,0.2587968
2023-07-20 11:00:00,19.6,0.2498004
2023-07-20 12:00:00,19.3,0.2479678
2023-07-20 13:00:00,19.3,0.2381979
2023-07-20 14:00:00,21.3,0.2388643
2023-07-20 15:00:00,21.7,0.2437909
2023-07-20 16:00:00,21.3,0.2466469
2023-07-20 17:00:00,18.8,0.2572855
2023-07-20 18:00:00,18.5,0.2776226
2023-07-20 19:00:00,18.9,0.3057185
2023-07-20 20:00:00,17.4,0.3264245
2023-07-20 21:00:00,14.8,0.321367
2023-07-20 22:00:00,13.7,0.3001374
2023-07-20 23:00:00,11.7,0.285786
2023-07-21 00:00:00,13.0,0.2770633
2023-07-21 01:00:00,14.3,0.2742073
2023-07-21 02:00:00,14.7,0.2702089
2023-07-21 03:00:00,13.3,0.2680074
2023-07-21 04:00:00,13.7,0.2707444
2023-07-21 05:00:00,13.7,0.2753973
2023-07-21 06:00:00,14.1,0.3009347
2023-07-21 07:00:00,15.1,0.3385863
2023-07-21 08:00:00,16.2,0.3022794
2023-07-21 09:00:00,17.6,0.2782771
2023-07-21 10:00:00,19.8,0.272101
2023-07-21 11:00:00,20.2,0.2661867
2023-07-21 12:00:00,20.2,0.2655798
2023-07-21 13:00:00,19.5,0.2561431
2023-07-21 14:00:00,19.5,0.2555005
2023-07-21 15:00:00,20.3,0.2554648
2023-07-21 16:00:00,20.6,0.2618313
2023-07-21 17:00:00,20.0,0.2703874
2023-07-21 18:00:00,19.3,0.2782414
2023-07-21 19:00:00,19.1,0.304231
2023-07-21 20:00:00,15.8,0.3131322
2023-07-21 21:00:00,14.8,0.3043381
2023-07-21 22:00:00,14.0,0.2864643
2023-07-21 23:00:00,14.2,0.2707563
2023-07-22 00:00:00,13.3,0.2713513
2023-07-22 01:00:00,13.3,0.2727198
2023-07-22 02:00:00,12.5,0.26627
2023-07-22 03:00:00,12.0,0.2678884
2023-07-22 04:00:00,12.1,0.2626167
2023-07-22 05:00:00,11.8,0.26032
2023-07-22 06:00:00,13.0,0.261272
2023-07-22 07:00:00,13.8,0.2581542
2023-07-22 08:00:00,15.1,0.2542867
2023-07-22 09:00:00,16.4,0.2412919
2023-07-22 10:00:00,17.6,0.2259052
2023-07-22 11:00:00,18.5,0.2110064
2023-07-22 12:00:00,19.2,0.2033785
2023-07-22 13:00:00,19.3,0.1821846
2023-07-22 14:00:00,19.4,0.1788288
2023-07-22 15:00:00,20.2,0.1901695
2023-07-22 16:00:00,20.4,0.2114348
2023-07-22 17:00:00,20.8,0.2396973
2023-07-22 18:00:00,20.0,0.2579519
2023-07-22 19:00:00,18.0,0.2745048
2023-07-22 20:00:00,16.8,0.2827277
2023-07-22 21:00:00,15.7,0.2969125
2023-07-22 22:00:00,15.1,0.2822517
2023-07-22 23:00:00,14.8,0.2728031
2023-07-23 00:00:00,14.4,0.259487
2023-07-23 01:00:00,14.7,0.2499313
2023-07-23 02:00:00,14.8,0.2363891
2023-07-23 03:00:00,14.7,0.1951318
2023-07-23 04:00:00,14.8,0.1743782
2023-07-23 05:00:00,14.8,0.1687971
2023-07-23 06:00:00,15.2,0.1616452
2023-07-23 07:00:00,15.6,0.1590272
2023-07-23 08:00:00,17.2,0.1596698
2023-07-23 09:00:00,18.6,0.1557071
2023-07-23 10:00:00,20.4,0.1556
2023-07-23 11:00:00,21.3,0.1555643
2023-07-23 12:00:00,21.6,0.1555405
2023-07-23 13:00:00,20.6,0.1463418
2023-07-23 14:00:00,21.3,0.1411177
2023-07-23 15:00:00,20.4,0.1472343
2023-07-23 16:00:00,19.2,0.1510661
2023-07-23 17:00:00,18.8,0.1556
2023-07-23 18:00:00,19.8,0.1900267
2023-07-23 19:00:00,19.8,0.2350682
2023-07-23 20:00:00,19.5,0.2594156
2023-07-23 21:00:00,19.4,0.2647944
2023-07-23 22:00:00,19.6,0.2741954
2023-07-23 23:00:00,17.0,0.2658416
2023-07-24 00:00:00,17.0,0.2473966
2023-07-24 01:00:00,17.9,0.2389238
2023-07-24 02:00:00,17.7,0.2376981
2023-07-24 03:00:00,18.0,0.2412919
2023-07-24 04:00:00,17.8,0.2413871
2023-07-24 05:00:00,18.1,0.2592609
2023-07-24 06:00:00,18.3,0.2776821
2023-07-24 07:00:00,19.0,0.2912243
2023-07-24 08:00:00,17.5,0.2925452
2023-07-24 09:00:00,17.2,0.28055
2023-07-24 10:00:00,19.0,0.2745286
2023-07-24 11:00:00,20.4,0.2681978
2023-07-24 12:00:00,19.9,0.2596655
2023-07-24 13:00:00,17.7,0.2526921
2023-07-24 14:00:00,19.3,0.2448143
2023-07-24 15:00:00,19.7,0.2356513
2023-07-24 16:00:00,18.0,0.2314387
2023-07-24 17:00:00,19.6,0.2473014
2023-07-24 18:00:00,20.2,0.2718392
2023-07-24 19:00:00,19.9,0.2828824
2023-07-24 20:00:00,17.2,0.2965674
2023-07-24 21:00:00,15.9,0.2912481
2023-07-24 22:00:00,15.6,0.2781343
2023-07-24 23:00:00,15.2,0.2770157
2023-07-25 00:00:00,13.9,0.26984
2023-07-25 01:00:00,13.5,0.2585945
2023-07-25 02:00:00,12.9,0.2566905
2023-07-25 03:00:00,13.4,0.2589277
2023-07-25 04:00:00,13.6,0.2604033
2023-07-25 05:00:00,13.0,0.2716131
2023-07-25 06:00:00,13.3,0.2913195
2023-07-25 07:00:00,14.1,0.3346355
2023-07-25 08:00:00,15.5,0.336361
2023-07-25 09:00:00,16.9,0.2909506
2023-07-25 10:00:00,17.0,0.2777535
2023-07-25 11:00:00,17.6,0.2756948
2023-07-25 12:00:00,18.2,0.2725413
2023-07-25 13:00:00,17.4,0.2628428
2023-07-25 14:00:00,18.3,0.2598202
2023-07-25 15:00:00,16.1,0.2613672
2023-07-25 16:00:00,17.8,0.2628428
2023-07-25 17:00:00,18.8,0.2659249
2023-07-25 18:00:00,18.4,0.2888919
2023-07-25 19:00:00,18.1,0.3019462
2023-07-25 20:00:00,16.8,0.2972576
2023-07-25 21:00:00,14.0,0.2942945
2023-07-25 22:00:00,12.6,0.2857265
2023-07-25 23:00:00,11.9,0.272815
2023-07-26 00:00:00,11.9,0.2721724
2023-07-26 01:00:00,11.6,0.2618789
2023-07-26 02:00:00,11.3,0.2582494
2023-07-26 03:00:00,11.3,0.2503835
2023-07-26 04:00:00,11.4,0.2503716
2023-07-26 05:00:00,11.5,0.2589277
2023-07-26 06:00:00,12.0,0.2767063
2023-07-26 07:00:00,13.3,0.292331
2023-07-26 08:00:00,14.3,0.2992925
2023-07-26 09:00:00,14.9,0.2791815
2023-07-26 10:00:00,16.6,0.2694592
2023-07-26 11:00:00,17.4,0.2621288
2023-07-26 12:00:00,16.8,0.2579876
2023-07-26 13:00:00,17.2,0.2491697
2023-07-26 14:00:00,18.1,0.2444573
2023-07-26 15:00:00,18.1,0.2382217
2023-07-26 16:00:00,19.7,0.2517758
2023-07-26 17:00:00,18.6,0.2614743
2023-07-26 18:00:00,16.5,0.2746714
2023-07-26 19:00:00,15.7,0.2927118
2023-07-26 20:00:00,15.4,0.2990902
2023-07-26 21:00:00,14.2,0.2960676
2023-07-26 22:00:00,14.7,0.2867737
2023-07-26 23:00:00,14.2,0.2711014
2023-07-27 00:00:00,13.2,0.2726484
2023-07-27 01:00:00,12.8,0.2540011
2023-07-27 02:00:00,12.8,0.24604
2023-07-27 03:00:00,12.9,0.2401614
2023-07-27 04:00:00,13.2,0.24128
2023-07-27 05:00:00,13.2,0.2513712
2023-07-27 06:00:00,13.8,0.270911
2023-07-27 07:00:00,14.0,0.2788602
2023-07-27 08:00:00,15.1,0.279717
2023-07-27 09:00:00,14.9,0.2735528
2023-07-27 10:00:00,15.4,0.270792
2023-07-27 11:00:00,15.4,0.263771
2023-07-27 12:00:00,15.1,0.2584755
2023-07-27 13:00:00,15.2,0.2508119
2023-07-27 14:00:00,15.8,0.2488127
2023-07-27 15:00:00,16.4,0.2524065
2023-07-27 16:00:00,16.7,0.2673291
2023-07-27 17:00:00,17.2,0.2832394
2023-07-27 18:00:00,17.6,0.2923429
2023-07-27 19:00:00,17.6,0.2947705
2023-07-27 20:00:00,17.8,0.2864643
2023-07-27 21:00:00,17.8,0.2842628
2023-07-27 22:00:00,17.8,0.2812164
2023-07-27 23:00:00,17.6,0.2732672
2023-07-28 00:00:00,17.6,0.2610697
2023-07-28 01:00:00,17.4,0.2503121
2023-07-28 02:00:00,17.5,0.2485747
2023-07-28 03:00:00,17.3,0.249848
2023-07-28 04:00:00,17.4,0.2508238
2023-07-28 05:00:00,17.4,0.2621407
2023-07-28 06:00:00,17.6,0.2747071
2023-07-28 07:00:00,17.8,0.2878328
2023-07-28 08:00:00,18.0,0.2900581
2023-07-28 09:00:00,18.1,0.2839653
2023-07-28 10:00:00,20.3,0.2740526
2023-07-28 11:00:00,21.2,0.26627
2023-07-28 12:00:00,21.5,0.257821
2023-07-28 13:00:00,22.6,0.2508
2023-07-28 14:00:00,24.0,0.2456235
2023-07-28 15:00:00,24.2,0.246159
2023-07-28 16:00:00,25.3,0.2508
2023-07-28 17:00:00,24.6,0.2677813
2023-07-28 18:00:00,23.8,0.2788721
2023-07-28 19:00:00,22.2,0.3013036
2023-07-28 20:00:00,21.2,0.3103
2023-07-28 21:00:00,20.7,0.3005182
2023-07-28 22:00:00,20.9,0.2877971
2023-07-28 23:00:00,19.8,0.2764207
2023-07-29 00:00:00,18.1,0.2782771
2023-07-29 01:00:00,18.6,0.2680312
2023-07-29 02:00:00,17.5,0.2640923
2023-07-29 03:00:00,17.9,0.2575354
2023-07-29 04:00:00,18.4,0.2614743
2023-07-29 05:00:00,18.5,0.2591657
2023-07-29 06:00:00,18.6,0.257583
2023-07-29 07:00:00,18.8,0.2602129
2023-07-29 08:00:00,19.1,0.2576901
2023-07-29 09:00:00,20.2,0.2528349
2023-07-29 10:00:00,20.6,0.245445
2023-07-29 11:00:00,21.2,0.2314625
2023-07-29 12:00:00,22.7,0.2254054
2023-07-29 13:00:00,22.8,0.2037712
2023-07-29 14:00:00,23.9,0.177258
2023-07-29 15:00:00,24.5,0.1790073
2023-07-29 16:00:00,24.1,0.2141242
2023-07-29 17:00:00,21.1,0.2254054
2023-07-29 18:00:00,22.1,0.2502526
2023-07-29 19:00:00,20.6,0.2654132
2023-07-29 20:00:00,19.8,0.2745167
2023-07-29 21:00:00,18.0,0.2754806
2023-07-29 22:00:00,17.2,0.2745167
2023-07-29 23:00:00,16.6,0.2652942
2023-07-30 00:00:00,16.4,0.256155
2023-07-30 01:00:00,16.1,0.244731
2023-07-30 02:00:00,16.6,0.2362939
2023-07-30 03:00:00,17.1,0.2243701
2023-07-30 04:00:00,16.0,0.217004
2023-07-30 05:00:00,15.4,0.217123
2023-07-30 06:00:00,15.7,0.2119346
2023-07-30 07:00:00,16.9,0.19963
2023-07-30 08:00:00,18.1,0.1910858
2023-07-30 09:00:00,18.9,0.1656912
2023-07-30 10:00:00,19.2,0.1555881
2023-07-30 11:00:00,19.0,0.1552906
2023-07-30 12:00:00,18.6,0.1357389
2023-07-30 13:00:00,19.0,0.1021333
2023-07-30 14:00:00,20.6,0.1001341
2023-07-30 15:00:00,20.9,0.1079762
2023-07-30 16:00:00,20.9,0.1318714
2023-07-30 17:00:00,19.9,0.15441
2023-07-30 18:00:00,20.0,0.1749018
2023-07-30 19:00:00,18.1,0.2441003
2023-07-30 20:00:00,16.2,0.2561193
2023-07-30 21:00:00,15.2,0.2608674
2023-07-30 22:00:00,14.6,0.2592014
2023-07-30 23:00:00,16.1,0.2389595
2023-07-31 00:00:00,15.8,0.2282257
2023-07-31 01:00:00,15.3,0.2157069
2023-07-31 02:00:00,15.3,0.2080671
2023-07-31 03:00:00,15.1,0.191657
2023-07-31 04:00:00,15.1,0.1900029
2023-07-31 05:00:00,15.1,0.2154689
2023-07-31 06:00:00,14.9,0.2486342
2023-07-31 07:00:00,15.1,0.2586302
2023-07-31 08:00:00,15.8,0.2605104
2023-07-31 09:00:00,16.4,0.25794
2023-07-31 10:00:00,17.2,0.2438504
2023-07-31 11:00:00,16.8,0.2359131
2023-07-31 12:00:00,18.1,0.2331642
2023-07-31 13:00:00,18.1,0.2265835
2023-07-31 14:00:00,18.3,0.2259766
2023-07-31 15:00:00,18.8,0.2269286
2023-07-31 16:00:00,18.5,0.2361154
2023-07-31 17:00:00,19.1,0.2460043
2023-07-31 18:00:00,19.2,0.2623192
2023-07-31 19:00:00,18.8,0.2724699
2023-07-31 20:00:00,18.6,0.2745643
2023-07-31 21:00:00,17.2,0.2737075
2023-07-31 22:00:00,16.9,0.2689594
2023-07-31 23:00:00,16.8,0.2598797
2023-08-01 00:00:00,16.4,0.2365319
2023-08-01 01:00:00,16.2,0.2256434
2023-08-01 02:00:00,16.2,0.2244534
2023-08-01 03:00:00,16.3,0.2233586
2023-08-01 04:00:00,16.0,0.224501
2023-08-01 05:00:00,15.7,0.231046
2023-08-01 06:00:00,15.4,0.264842
2023-08-01 07:00:00,15.8,0.2679836
2023-08-01 08:00:00,15.9,0.27341
2023-08-01 09:00:00,16.7,0.2653061
2023-08-01 10:00:00,17.1,0.2659368
2023-08-01 11:00:00,18.4,0.2594513
2023-08-01 12:00:00,17.2,0.2498718
2023-08-01 13:00:00,19.1,0.2388048
2023-08-01 14:00:00,15.2,0.2271428
2023-08-01 15:00:00,17.1,0.2237513
2023-08-01 16:00:00,18.6,0.2233824
2023-08-01 17:00:00,19.4,0.237115
2023-08-01 18:00:00,20.0,0.2528706
2023-08-01 19:00:00,18.9,0.2698995
2023-08-01 20:00:00,17.8,0.2851077
2023-08-01 21:00:00,16.9,0.2888086
2023-08-01 22:00:00,16.4,0.2776345
2023-08-01 23:00:00,16.1,0.2660082
2023-08-02 00:00:00,15.9,0.2619622
2023-08-02 01:00:00,15.7,0.2478726
2023-08-02 02:00:00,15.7,0.2384478
2023-08-02 03:00:00,15.0,0.2354133
2023-08-02 04:00:00,15.3,0.2391737
2023-08-02 05:00:00,15.1,0.2593204
2023-08-02 06:00:00,14.9,0.2788959
2023-08-02 07:00:00,15.7,0.2888324
2023-08-02 08:00:00,17.0,0.2726603
2023-08-02 09:00:00,17.6,0.2619622
2023-08-02 10:00:00,19.1,0.2496933
2023-08-02 11:00:00,19.0,0.232355
2023-08-02 12:00:00,17.0,0.2175038
2023-08-02 13:00:00,16.8,0.1949652
2023-08-02 14:00:00,17.2,0.1852072
2023-08-02 15:00:00,17.7,0.1808756
2023-08-02 16:00:00,19.5,0.1902885
2023-08-02 17:00:00,17.8,0.2181464
2023-08-02 18:00:00,17.4,0.2380194
2023-08-02 19:00:00,18.4,0.2554648
2023-08-02 20:00:00,17.8,0.2530253
2023-08-02 21:00:00,17.5,0.2493363
2023-08-02 22:00:00,17.1,0.233783
2023-08-02 23:00:00,17.5,0.2014983
2023-08-03 00:00:00,17.1,0.1793643
2023-08-03 01:00:00,16.7,0.1669169
2023-08-03 02:00:00,16.8,0.1596936
2023-08-03 03:00:00,17.0,0.1622759
2023-08-03 04:00:00,16.7,0.164168
2023-08-03 05:00:00,15.3,0.185112
2023-08-03 06:00:00,16.3,0.2119822
2023-08-03 07:00:00,16.1,0.23057
2023-08-03 08:00:00,16.6,0.2389
2023-08-03 09:00:00,17.0,0.225691
2023-08-03 10:00:00,17.9,0.2096855
2023-08-03 11:00:00,17.8,0.1966788
2023-08-03 12:00:00,18.6,0.1877419
2023-08-03 13:00:00,17.3,0.1808875
2023-08-03 14:00:00,18.9,0.1763417
2023-08-03 15:00:00,19.9,0.176663
2023-08-03 16:00:00,20.1,0.1817086
2023-08-03 17:00:00,20.2,0.2091619
2023-08-03 18:00:00,18.0,0.2505382
2023-08-03 19:00:00,18.8,0.2689594
2023-08-03 20:00:00,17.9,0.270554
2023-08-03 21:00:00,16.9,0.2708039
2023-08-03 22:00:00,16.8,0.2679122
2023-08-03 23:00:00,16.4,0.25913
2023-08-04 00:00:00,16.4,0.2628666
2023-08-04 01:00:00,16.0,0.2553815
2023-08-04 02:00:00,15.8,0.2518948
2023-08-04 03:00:00,15.0,0.2499075
2023-08-04 04:00:00,14.6,0.2540963
2023-08-04 05:00:00,14.4,0.2605342
2023-08-04 06:00:00,14.9,0.2849292
2023-08-04 07:00:00,15.2,0.3028744
2023-08-04 08:00:00,15.7,0.2991973
2023-08-04 09:00:00,16.5,0.2806333
2023-08-04 10:00:00,18.5,0.2688404
2023-08-04 11:00:00,18.1,0.2635092
2023-08-04 12:00:00,19.0,0.2590348
2023-08-04 13:00:00,19.2,0.2517639
2023-08-04 14:00:00,21.2,0.2482296
2023-08-04 15:00:00,17.8,0.2473252
2023-08-04 16:00:00,21.1,0.2542391
2023-08-04 17:00:00,21.7,0.2686976
2023-08-04 18:00:00,19.5,0.2787174
2023-08-04 19:00:00,18.8,0.3160834
2023-08-04 20:00:00,16.7,0.321962
2023-08-04 21:00:00,15.3,0.3090505
2023-08-04 22:00:00,14.3,0.28769
2023-08-04 23:00:00,14.2,0.2728031
2023-08-05 00:00:00,13.5,0.2764445
2023-08-05 01:00:00,13.4,0.268531
2023-08-05 02:00:00,12.4,0.2657702
2023-08-05 03:00:00,12.1,0.263057
2023-08-05 04:00:00,12.6,0.2629856
2023-08-05 05:00:00,12.6,0.2633426
2023-08-05 06:00:00,13.6,0.268293
2023-08-05 07:00:00,14.3,0.2663057
2023-08-05 08:00:00,15.5,0.2664961
2023-08-05 09:00:00,16.5,0.26151
2023-08-05 10:00:00,18.2,0.250919
2023-08-05 11:00:00,18.6,0.2450642
2023-08-05 12:00:00,20.3,0.2329619
2023-08-05 13:00:00,20.2,0.2257029
2023-08-05 14:00:00,21.0,0.2246676
2023-08-05 15:00:00,22.1,0.2339615
2023-08-05 16:00:00,22.1,0.2504787
2023-08-05 17:00:00,20.9,0.2736004
2023-08-05 18:00:00,18.1,0.2836678
2023-08-05 19:00:00,18.2,0.302089
2023-08-05 20:00:00,17.3,0.3090981
2023-08-05 21:00:00,13.8,0.2855837
2023-08-05 22:00:00,13.7,0.2735052
2023-08-05 23:00:00,13.5,0.2595346
2023-08-06 00:00:00,13.4,0.261629
2023-08-06 01:00:00,13.6,0.2604271
2023-08-06 02:00:00,13.8,0.2496933
2023-08-06 03:00:00,13.6,0.2497052
2023-08-06 04:00:00,13.9,0.2449214
2023-08-06 05:00:00,13.3,0.25556
2023-08-06 06:00:00,13.5,0.244969
2023-08-06 07:00:00,13.8,0.2372459
2023-08-06 08:00:00,15.0,0.2358774
2023-08-06 09:00:00,16.9,0.2283209
2023-08-06 10:00:00,18.1,0.2140171
2023-08-06 11:00:00,19.2,0.2077815
2023-08-06 12:00:00,19.9,0.1959648
2023-08-06 13:00:00,21.2,0.1699633
2023-08-06 14:00:00,20.8,0.1698324
2023-08-06 15:00:00,20.4,0.1664171
2023-08-06 16:00:00,20.5,0.169999
2023-08-06 17:00:00,21.7,0.1974523
2023-08-06 18:00:00,20.8,0.2294157
2023-08-06 19:00:00,19.3,0.2420059
2023-08-06 20:00:00,17.0,0.2470515
2023-08-06 21:00:00,16.7,0.2474085
2023-08-06 22:00:00,15.1,0.2411134
2023-08-06 23:00:00,15.0,0.221526
2023-08-07 00:00:00,14.5,0.220336
2023-08-07 01:00:00,14.9,0.2122083
2023-08-07 02:00:00,14.7,0.1922877
2023-08-07 03:00:00,14.5,0.1639419
2023-08-07 04:00:00,14.2,0.1598245
2023-08-07 05:00:00,14.4,0.1556357
2023-08-07 06:00:00,14.5,0.2345208
2023-08-07 07:00:00,14.6,0.2429222
2023-08-07 08:00:00,15.0,0.2331166
2023-08-07 09:00:00,16.2,0.2090786
2023-08-07 10:00:00,15.9,0.1608003
2023-08-07 11:00:00,16.2,0.15679
2023-08-07 12:00:00,16.5,0.1555881
2023-08-07 13:00:00,17.5,0.1546361
2023-08-07 14:00:00,17.0,0.1504711
2023-08-07 15:00:00,17.5,0.1437119
2023-08-07 16:00:00,17.4,0.1504592
2023-08-07 17:00:00,16.7,0.1555524
2023-08-07 18:00:00,13.7,0.1557904
2023-08-07 19:00:00,14.5,0.1718911
2023-08-07 20:00:00,14.4,0.1921449
2023-08-07 21:00:00,13.9,0.2053777
2023-08-07 22:00:00,13.7,0.1568733
2023-08-07 23:00:00,13.0,0.1555167
2023-08-08 00:00:00,12.3,0.1505068
2023-08-08 01:00:00,12.4,0.1484243
2023-08-08 02:00:00,12.2,0.148222
2023-08-08 03:00:00,12.6,0.1485552
2023-08-08 04:00:00,12.9,0.1511494
2023-08-08 05:00:00,13.4,0.1531129
2023-08-08 06:00:00,13.5,0.1557071
2023-08-08 07:00:00,14.1,0.1726408
2023-08-08 08:00:00,15.0,0.1554929
2023-08-08 09:00:00,16.4,0.152387
2023-08-08 10:00:00,16.2,0.1475437
2023-08-08 11:00:00,14.4,0.1399158
2023-08-08 12:00:00,17.3,0.1368813
2023-08-08 13:00:00,17.4,0.1316929
2023-08-08 14:00:00,18.7,0.1296937
2023-08-08 15:00:00,16.5,0.136441
2023-08-08 16:00:00,14.3,0.145009
2023-08-08 17:00:00,17.0,0.1546242
2023-08-08 18:00:00,17.1,0.1568733
2023-08-08 19:00:00,16.1,0.2598321
2023-08-08 20:00:00,14.7,0.2555124
2023-08-08 21:00:00,13.8,0.2617242
2023-08-08 22:00:00,13.9,0.2598321
2023-08-08 23:00:00,13.6,0.2269762
2023-08-09 00:00:00,14.0,0.250681
2023-08-09 01:00:00,13.6,0.2414704
2023-08-09 02:00:00,13.1,0.2389357
2023-08-09 03:00:00,12.2,0.2362939
2023-08-09 04:00:00,11.4,0.2438028
2023-08-09 05:00:00,11.0,0.2555005
2023-08-09 06:00:00,11.3,0.2724104
2023-08-09 07:00:00,12.6,0.281383
2023-08-09 08:00:00,14.0,0.2822636
2023-08-09 09:00:00,15.9,0.2741835
2023-08-09 10:00:00,17.1,0.2614743
2023-08-09 11:00:00,17.6,0.2527635
2023-08-09 12:00:00,17.6,0.2301178
2023-08-09 13:00:00,19.9,0.2287969
2023-08-09 14:00:00,18.9,0.2056038
2023-08-09 15:00:00,19.7,0.2240131
2023-08-09 16:00:00,20.5,0.236163
2023-08-09 17:00:00,19.7,0.26032
2023-08-09 18:00:00,19.2,0.2739455
2023-08-09 19:00:00,18.5,0.2971029
2023-08-09 20:00:00,17.4,0.3211052
2023-08-09 21:00:00,16.4,0.3122278
2023-08-09 22:00:00,15.0,0.3013393
2023-08-09 23:00:00,14.7,0.2757424
2023-08-10 00:00:00,13.5,0.2701613
2023-08-10 01:00:00,12.7,0.2650681
2023-08-10 02:00:00,11.3,0.2616885
2023-08-10 03:00:00,11.1,0.2507762
2023-08-10 04:00:00,10.1,0.2612958
2023-08-10 05:00:00,9.9,0.26627
2023-08-10 06:00:00,10.2,0.3153813
2023-08-10 07:00:00,12.3,0.3848059
2023-08-10 08:00:00,14.3,0.2867499
2023-08-10 09:00:00,15.7,0.270911
2023-08-10 10:00:00,17.7,0.2534061
2023-08-10 11:00:00,18.2,0.2353776
2023-08-10 12:00:00,18.9,0.2353895
2023-08-10 13:00:00,19.6,0.2020933
2023-08-10 14:00:00,20.5,0.2090548
2023-08-10 15:00:00,20.7,0.2336283
2023-08-10 16:00:00,20.9,0.2508119
2023-08-10 17:00:00,21.0,0.2667222
2023-08-10 18:00:00,21.0,0.2780272
2023-08-10 19:00:00,18.9,0.3599944
2023-08-10 20:00:00,17.1,0.398122
2023-08-10 21:00:00,16.0,0.3275431
2023-08-10 22:00:00,16.6,0.2930331
2023-08-10 23:00:00,17.2,0.2761351
2023-08-11 00:00:00,17.1,0.2880589
2023-08-11 01:00:00,16.9,0.2822041
2023-08-11 02:00:00,16.7,0.2802763
2023-08-11 03:00:00,16.9,0.2743025
2023-08-11 04:00:00,17.3,0.2773251
2023-08-11 05:00:00,17.0,0.282692
2023-08-11 06:00:00,17.2,0.3261151
2023-08-11 07:00:00,17.9,0.3261151
2023-08-11 08:00:00,20.0,0.2925333
2023-08-11 09:00:00,21.6,0.274838
2023-08-11 10:00:00,22.3,0.2561669
2023-08-11 11:00:00,23.0,0.2432911
2023-08-11 12:00:00,24.0,0.2048898
2023-08-11 13:00:00,25.3,0.1915261
2023-08-11 14:00:00,26.1,0.1939299
2023-08-11 15:00:00,27.5,0.2246319
2023-08-11 16:00:00,27.8,0.2562502
2023-08-11 17:00:00,28.1,0.2721962
2023-08-11 18:00:00,27.8,0.2898082
2023-08-11 19:00:00,25.6,0.3231639
2023-08-11 20:00:00,23.8,0.3539254
2023-08-11 21:00:00,20.8,0.31387
2023-08-11 22:00:00,20.2,0.2958772
2023-08-11 23:00:00,18.3,0.2790982
2023-08-12 00:00:00,18.7,0.2788126
2023-08-12 01:00:00,18.7,0.272458
2023-08-12 02:00:00,19.5,0.271863
2023-08-12 03:00:00,19.9,0.2697448
2023-08-12 04:00:00,20.5,0.2673529
2023-08-12 05:00:00,18.5,0.2733148
2023-08-12 06:00:00,18.2,0.2692331
2023-08-12 07:00:00,18.8,0.2746
2023-08-12 08:00:00,19.5,0.2740526
2023-08-12 09:00:00,21.1,0.259725
2023-08-12 10:00:00,21.8,0.2463375
2023-08-12 11:00:00,21.4,0.2354014
2023-08-12 12:00:00,22.2,0.2170516
2023-08-12 13:00:00,23.6,0.1847669
2023-08-12 14:00:00,25.2,0.16274
2023-08-12 15:00:00,24.8,0.1638348
2023-08-12 16:00:00,23.3,0.179876
2023-08-12 17:00:00,23.1,0.2360202
2023-08-12 18:00:00,22.2,0.2657226
2023-08-12 19:00:00,20.3,0.2822993
2023-08-12 20:00:00,19.2,0.2878804
2023-08-12 21:00:00,18.6,0.2892132
2023-08-12 22:00:00,17.3,0.2841795
2023-08-12 23:00:00,16.6,0.2765754
2023-08-13 00:00:00,16.2,0.262819
2023-08-13 01:00:00,16.3,0.256274
2023-08-13 02:00:00,15.9,0.249372
2023-08-13 03:00:00,16.3,0.2384954
2023-08-13 04:00:00,15.7,0.23771
2023-08-13 05:00:00,14.5,0.2413038
2023-08-13 06:00:00,14.7,0.2480511
2023-08-13 07:00:00,16.9,0.2469206
2023-08-13 08:00:00,18.7,0.2398639
2023-08-13 09:00:00,19.5,0.2155641
2023-08-13 10:00:00,20.7,0.1891699
2023-08-13 11:00:00,22.2,0.1724147
2023-08-13 12:00:00,22.6,0.1625853
2023-08-13 13:00:00,23.0,0.1568614
2023-08-13 14:00:00,23.4,0.1573374
2023-08-13 15:00:00,23.2,0.1636444
2023-08-13 16:00:00,23.3,0.1763655
2023-08-13 17:00:00,24.1,0.2420654
2023-08-13 18:00:00,24.2,0.2736123
2023-08-13 19:00:00,23.1,0.2843223
2023-08-13 20:00:00,20.1,0.2936638
2023-08-13 21:00:00,18.3,0.2984
2023-08-13 22:00:00,17.5,0.2985785
2023-08-13 23:00:00,18.2,0.2913671
2023-08-14 00:00:00,16.9,0.2722319
2023-08-14 01:00:00,17.0,0.2622597
2023-08-14 02:00:00,15.3,0.256155
2023-08-14 03:00:00,15.4,0.2607603
2023-08-14 04:00:00,14.9,0.2681859
2023-08-14 05:00:00,16.5,0.2869522
2023-08-14 06:00:00,17.1,0.3114781
2023-08-14 07:00:00,18.0,0.3256153
2023-08-14 08:00:00,19.7,0.2946634
2023-08-14 09:00:00,21.2,0.2734933
2023-08-14 10:00:00,22.3,0.2551673
2023-08-14 11:00:00,23.4,0.2475989
2023-08-14 12:00:00,24.9,0.2388167
2023-08-14 13:00:00,25.9,0.2313792
2023-08-14 14:00:00,26.9,0.2354609
2023-08-14 15:00:00,26.6,0.243779
2023-08-14 16:00:00,27.5,0.253775
2023-08-14 17:00:00,26.6,0.2766111
2023-08-14 18:00:00,26.6,0.3030053
2023-08-14 19:00:00,25.9,0.3671701
2023-08-14 20:00:00,24.8,0.3472733
2023-08-14 21:00:00,22.1,0.3113234
2023-08-14 22:00:00,21.6,0.2876781
2023-08-14 23:00:00,21.8,0.2758614
2023-08-15 00:00:00,20.8,0.274124
2023-08-15 01:00:00,22.3,0.2658535
2023-08-15 02:00:00,21.8,0.2652704
2023-08-15 03:00:00,21.2,0.2626524
2023-08-15 04:00:00,20.5,0.2599273
2023-08-15 05:00:00,20.3,0.2659249
2023-08-15 06:00:00,20.4,0.2908792
2023-08-15 07:00:00,21.8,0.31625
2023-08-15 08:00:00,20.4,0.2990902
2023-08-15 09:00:00,20.4,0.268293
2023-08-15 10:00:00,22.1,0.2507643
2023-08-15 11:00:00,23.6,0.2436362
2023-08-15 12:00:00,24.6,0.2297846
2023-08-15 13:00:00,24.5,0.1924662
2023-08-15 14:00:00,25.1,0.1836126
2023-08-15 15:00:00,24.9,0.2101615
2023-08-15 16:00:00,24.2,0.2392094
2023-08-15 17:00:00,25.1,0.2698638
2023-08-15 18:00:00,24.1,0.2849173
2023-08-15 19:00:00,23.8,0.3056114
2023-08-15 20:00:00,22.6,0.3253059
2023-08-15 21:00:00,21.8,0.3139176
2023-08-15 22:00:00,20.7,0.3048736
2023-08-15 23:00:00,19.0,0.2839891
2023-08-16 00:00:00,17.8,0.282692
2023-08-16 01:00:00,16.9,0.2715655
2023-08-16 02:00:00,16.7,0.2667222
2023-08-16 03:00:00,16.2,0.2680193
2023-08-16 04:00:00,15.6,0.27103
2023-08-16 05:00:00,15.1,0.274005
2023-08-16 06:00:00,14.8,0.2973171
2023-08-16 07:00:00,16.0,0.3293519
2023-08-16 08:00:00,17.0,0.3098002
2023-08-16 09:00:00,19.2,0.2859169
2023-08-16 10:00:00,18.9,0.2737789
2023-08-16 11:00:00,20.3,0.2679836
2023-08-16 12:00:00,21.2,0.2646516
2023-08-16 13:00:00,21.3,0.2590229
2023-08-16 14:00:00,21.5,0.2624977
2023-08-16 15:00:00,22.5,0.2664009
2023-08-16 16:00:00,22.8,0.2712799
2023-08-16 17:00:00,22.7,0.2874401
2023-08-16 18:00:00,21.9,0.3117518
2023-08-16 19:00:00,21.0,0.3413589999999999
2023-08-16 20:00:00,20.6,0.3460357
2023-08-16 21:00:00,19.5,0.317559
2023-08-16 22:00:00,18.7,0.298281
2023-08-16 23:00:00,18.1,0.2745881
2023-08-17 00:00:00,18.2,0.2804072
2023-08-17 01:00:00,18.1,0.2726722
2023-08-17 02:00:00,17.9,0.2721605
2023-08-17 03:00:00,17.0,0.2688166
2023-08-17 04:00:00,16.5,0.2688166
2023-08-17 05:00:00,16.7,0.277456
2023-08-17 06:00:00,17.0,0.3159168
2023-08-17 07:00:00,17.4,0.317916
2023-08-17 08:00:00,17.4,0.3151909
2023-08-17 09:00:00,17.5,0.292688
2023-08-17 10:00:00,17.3,0.2782533
2023-08-17 11:00:00,16.3,0.2688998999999999
2023-08-17 12:00:00,16.1,0.2646278
2023-08-17 13:00:00,16.3,0.2626762
2023-08-17 14:00:00,16.4,0.2626762
2023-08-17 15:00:00,16.8,0.2675671
2023-08-17 16:00:00,17.1,0.2746
2023-08-17 17:00:00,16.9,0.2906055
2023-08-17 18:00:00,16.5,0.3125848
2023-08-17 19:00:00,16.5,0.3348497
2023-08-17 20:00:00,16.4,0.3288878
2023-08-17 21:00:00,16.4,0.3089672
2023-08-17 22:00:00,16.3,0.2943897
2023-08-17 23:00:00,16.3,0.283287
2023-08-18 00:00:00,16.2,0.2806571
2023-08-18 01:00:00,16.4,0.2766944
2023-08-18 02:00:00,16.3,0.2758257
2023-08-18 03:00:00,16.2,0.2783723
2023-08-18 04:00:00,16.2,0.2769681
2023-08-18 05:00:00,16.3,0.2798479
2023-08-18 06:00:00,16.4,0.299352
2023-08-18 07:00:00,16.9,0.3229497
2023-08-18 08:00:00,17.6,0.3013155
2023-08-18 09:00:00,19.4,0.2827515
2023-08-18 10:00:00,20.9,0.2696615
2023-08-18 11:00:00,22.9,0.2615695
2023-08-18 12:00:00,24.6,0.2582732
2023-08-18 13:00:00,25.8,0.2541915
2023-08-18 14:00:00,26.7,0.2557504
2023-08-18 15:00:00,27.6,0.2617123
2023-08-18 16:00:00,28.4,0.2690665
2023-08-18 17:00:00,28.4,0.2844294
2023-08-18 18:00:00,27.9,0.30792
2023-08-18 19:00:00,26.5,0.3476422
2023-08-18 20:00:00,24.1,0.3343856
2023-08-18 21:00:00,23.4,0.3072893
2023-08-18 22:00:00,22.4,0.2856551
2023-08-18 23:00:00,22.2,0.2748737
2023-08-19 00:00:00,22.0,0.273648
2023-08-19 01:00:00,21.2,0.2696972
2023-08-19 02:00:00,20.4,0.267936
2023-08-19 03:00:00,20.4,0.2670316
2023-08-19 04:00:00,20.0,0.269721
2023-08-19 05:00:00,18.8,0.269721
2023-08-19 06:00:00,19.3,0.274481
2023-08-19 07:00:00,21.2,0.2629499
2023-08-19 08:00:00,23.6,0.2543938
2023-08-19 09:00:00,25.8,0.2500503
2023-08-19 10:00:00,27.3,0.238186
2023-08-19 11:00:00,29.2,0.2053777
2023-08-19 12:00:00,30.8,0.1858855
2023-08-19 13:00:00,31.0,0.1732834
2023-08-19 14:00:00,31.1,0.1705821
2023-08-19 15:00:00,29.7,0.1853619
2023-08-19 16:00:00,28.6,0.2441598
2023-08-19 17:00:00,29.1,0.2751355
2023-08-19 18:00:00,27.4,0.2929974
2023-08-19 19:00:00,25.3,0.3104785
2023-08-19 20:00:00,23.6,0.3093361
2023-08-19 21:00:00,23.1,0.3133107
2023-08-19 22:00:00,22.0,0.3028149
2023-08-19 23:00:00,20.9,0.2895226
2023-08-20 00:00:00,20.9,0.2912481
2023-08-20 01:00:00,20.5,0.2872021
2023-08-20 02:00:00,20.1,0.2807523
2023-08-20 03:00:00,18.8,0.2805738
2023-08-20 04:00:00,17.1,0.2781819
2023-08-20 05:00:00,16.9,0.2800859
2023-08-20 06:00:00,16.8,0.2802168
2023-08-20 07:00:00,18.8,0.2742311
2023-08-20 08:00:00,21.1,0.2733981
2023-08-20 09:00:00,22.5,0.2586778
2023-08-20 10:00:00,24.1,0.2428389
2023-08-20 11:00:00,26.0,0.20796
2023-08-20 12:00:00,26.2,0.1784837
2023-08-20 13:00:00,26.5,0.1713675
2023-08-20 14:00:00,27.4,0.1720696
2023-08-20 15:00:00,27.0,0.1958339
2023-08-20 16:00:00,27.7,0.2495862
2023-08-20 17:00:00,26.6,0.268769
2023-08-20 18:00:00,26.3,0.28888
2023-08-20 19:00:00,26.1,0.308872
2023-08-20 20:00:00,22.3,0.3222
2023-08-20 21:00:00,21.6,0.3216526
2023-08-20 22:00:00,20.0,0.3063849
2023-08-20 23:00:00,19.7,0.2888205
2023-08-21 00:00:00,18.8,0.2888205
2023-08-21 01:00:00,16.9,0.2765873
2023-08-21 02:00:00,15.8,0.2730649
2023-08-21 03:00:00,15.3,0.2687333
2023-08-21 04:00:00,15.4,0.2718749
2023-08-21 05:00:00,15.6,0.2820018
2023-08-21 06:00:00,15.5,0.3208196
2023-08-21 07:00:00,16.7,0.3471067
2023-08-21 08:00:00,19.4,0.3189513
2023-08-21 09:00:00,20.8,0.2926047
2023-08-21 10:00:00,21.0,0.2794076
2023-08-21 11:00:00,21.7,0.2707563
2023-08-21 12:00:00,22.7,0.2658416
2023-08-21 13:00:00,22.8,0.2626524
2023-08-21 14:00:00,24.8,0.268769
2023-08-21 15:00:00,25.0,0.2693283
2023-08-21 16:00:00,25.1,0.2746
2023-08-21 17:00:00,24.7,0.2968173
2023-08-21 18:00:00,24.2,0.3255082
2023-08-21 19:00:00,22.5,0.3778087
2023-08-21 20:00:00,20.3,0.3977055
2023-08-21 21:00:00,19.0,0.3535565
2023-08-21 22:00:00,17.8,0.3174519
2023-08-21 23:00:00,16.8,0.29245
2023-08-22 00:00:00,16.5,0.2908911
2023-08-22 01:00:00,15.9,0.2804786
2023-08-22 02:00:00,15.7,0.2787293
2023-08-22 03:00:00,15.5,0.2788959
2023-08-22 04:00:00,15.8,0.2820851
2023-08-22 05:00:00,15.6,0.2894869
2023-08-22 06:00:00,15.5,0.3180469
2023-08-22 07:00:00,16.5,0.3351353
2023-08-22 08:00:00,18.7,0.3185705
2023-08-22 09:00:00,20.2,0.2935329
2023-08-22 10:00:00,21.7,0.277456
2023-08-22 11:00:00,23.3,0.2742073
2023-08-22 12:00:00,24.1,0.2669483
2023-08-22 13:00:00,24.6,0.2657702
2023-08-22 14:00:00,25.0,0.2656036
2023-08-22 15:00:00,24.2,0.2712204
2023-08-22 16:00:00,24.3,0.2745405
2023-08-22 17:00:00,24.2,0.2852386
2023-08-22 18:00:00,24.1,0.3283642
2023-08-22 19:00:00,22.7,0.3850677
2023-08-22 20:00:00,20.3,0.4013112
2023-08-22 21:00:00,17.8,0.353497
2023-08-22 22:00:00,16.6,0.329102
2023-08-22 23:00:00,16.0,0.307444
2023-08-23 00:00:00,16.0,0.3030291
2023-08-23 01:00:00,15.0,0.2896773
2023-08-23 02:00:00,15.5,0.286381
2023-08-23 03:00:00,13.9,0.2821922
2023-08-23 04:00:00,13.5,0.286738
2023-08-23 05:00:00,13.0,0.2925809
2023-08-23 06:00:00,12.9,0.3235209
2023-08-23 07:00:00,14.8,0.34838
2023-08-23 08:00:00,17.5,0.3429179
2023-08-23 09:00:00,19.7,0.318035
2023-08-23 10:00:00,20.8,0.2982215
2023-08-23 11:00:00,22.0,0.2885825
2023-08-23 12:00:00,22.5,0.2773846
2023-08-23 13:00:00,23.8,0.2732434
2023-08-23 14:00:00,24.3,0.2716845
2023-08-23 15:00:00,24.5,0.2801097
2023-08-23 16:00:00,25.1,0.2949252
2023-08-23 17:00:00,24.8,0.327198
2023-08-23 18:00:00,24.7,0.423945
2023-08-23 19:00:00,23.3,0.4841828000000001
2023-08-23 20:00:00,20.0,0.5029967
2023-08-23 21:00:00,18.8,0.4421401
2023-08-23 22:00:00,17.7,0.3612558
2023-08-23 23:00:00,17.1,0.3206173
2023-08-24 00:00:00,16.7,0.3148458
2023-08-24 01:00:00,15.0,0.3042905
2023-08-24 02:00:00,14.2,0.2960795
2023-08-24 03:00:00,13.5,0.2919502
2023-08-24 04:00:00,13.1,0.3004587
2023-08-24 05:00:00,13.4,0.3177732
2023-08-24 06:00:00,13.0,0.351831
2023-08-24 07:00:00,14.8,0.3526878
2023-08-24 08:00:00,16.2,0.3503197
2023-08-24 09:00:00,19.5,0.3126443
2023-08-24 10:00:00,22.3,0.2906769
2023-08-24 11:00:00,23.9,0.2852386
2023-08-24 12:00:00,25.7,0.2852981
2023-08-24 13:00:00,26.5,0.2835012
2023-08-24 14:00:00,27.0,0.2881541
2023-08-24 15:00:00,27.8,0.2936757
2023-08-24 16:00:00,27.0,0.3018272
2023-08-24 17:00:00,26.2,0.3447743
2023-08-24 18:00:00,26.2,0.4076182
2023-08-24 19:00:00,25.5,0.4708429
2023-08-24 20:00:00,25.3,0.4522551
2023-08-24 21:00:00,24.1,0.3788916
2023-08-24 22:00:00,23.3,0.3451313
2023-08-24 23:00:00,21.9,0.3104071
2023-08-25 00:00:00,20.8,0.2808356
2023-08-25 01:00:00,20.9,0.2702446
2023-08-25 02:00:00,21.4,0.2694949
2023-08-25 03:00:00,20.9,0.269721
2023-08-25 04:00:00,18.9,0.2707444
2023-08-25 05:00:00,18.0,0.27817
2023-08-25 06:00:00,18.0,0.3034218
2023-08-25 07:00:00,19.6,0.3163928
2023-08-25 08:00:00,21.0,0.3215098
2023-08-25 09:00:00,22.0,0.3091457
2023-08-25 10:00:00,22.8,0.2944373
2023-08-25 11:00:00,23.8,0.2872259
2023-08-25 12:00:00,23.1,0.2769205
2023-08-25 13:00:00,20.7,0.2746
2023-08-25 14:00:00,20.3,0.2693402
2023-08-25 15:00:00,21.0,0.2665913
2023-08-25 16:00:00,21.7,0.2755758
2023-08-25 17:00:00,22.9,0.3008038
2023-08-25 18:00:00,22.5,0.32458
2023-08-25 19:00:00,21.9,0.3474994
2023-08-25 20:00:00,21.3,0.3358017
2023-08-25 21:00:00,21.1,0.3199747
2023-08-25 22:00:00,20.3,0.3077891
2023-08-25 23:00:00,20.2,0.2839891
2023-08-26 00:00:00,18.5,0.286381
2023-08-26 01:00:00,18.1,0.279479
2023-08-26 02:00:00,17.6,0.2768729
2023-08-26 03:00:00,18.2,0.2740288
2023-08-26 04:00:00,18.1,0.2699828
2023-08-26 05:00:00,17.8,0.2670196999999999
2023-08-26 06:00:00,17.7,0.2692212
2023-08-26 07:00:00,18.1,0.269721
2023-08-26 08:00:00,18.7,0.272577
2023-08-26 09:00:00,17.2,0.2658416
2023-08-26 10:00:00,17.9,0.2568809
2023-08-26 11:00:00,18.5,0.2512522
2023-08-26 12:00:00,18.9,0.2387929
2023-08-26 13:00:00,19.8,0.2106613
2023-08-26 14:00:00,21.0,0.2226922
2023-08-26 15:00:00,20.9,0.2514307
2023-08-26 16:00:00,21.1,0.2589753
2023-08-26 17:00:00,20.9,0.26865
2023-08-26 18:00:00,20.4,0.2790744
2023-08-26 19:00:00,19.6,0.3029458
2023-08-26 20:00:00,16.1,0.3129299
2023-08-26 21:00:00,14.8,0.3162738
2023-08-26 22:00:00,15.3,0.3019462
2023-08-26 23:00:00,15.9,0.2872497
2023-08-27 00:00:00,13.2,0.2774441
2023-08-27 01:00:00,13.0,0.2725889
2023-08-27 02:00:00,13.5,0.2709229
2023-08-27 03:00:00,13.7,0.26984
2023-08-27 04:00:00,13.1,0.2736004
2023-08-27 05:00:00,12.5,0.2723033
2023-08-27 06:00:00,12.4,0.2736004
2023-08-27 07:00:00,14.4,0.2702208
2023-08-27 08:00:00,15.9,0.267579
2023-08-27 09:00:00,16.9,0.2685548
2023-08-27 10:00:00,18.8,0.2665556
2023-08-27 11:00:00,20.4,0.2674362
2023-08-27 12:00:00,19.1,0.2665794
2023-08-27 13:00:00,18.8,0.259844
2023-08-27 14:00:00,18.5,0.2601653
2023-08-27 15:00:00,18.7,0.2615814
2023-08-27 16:00:00,19.2,0.2702327
2023-08-27 17:00:00,19.2,0.2812878
2023-08-27 18:00:00,13.4,0.2983286
2023-08-27 19:00:00,13.9,0.3092647
2023-08-27 20:00:00,12.5,0.3044451999999999
2023-08-27 21:00:00,12.7,0.3068966
2023-08-27 22:00:00,12.5,0.29721
2023-08-27 23:00:00,12.1,0.2781581
2023-08-28 00:00:00,12.7,0.2666389
2023-08-28 01:00:00,12.3,0.2609388
2023-08-28 02:00:00,11.9,0.25675
2023-08-28 03:00:00,12.1,0.2515854
2023-08-28 04:00:00,12.0,0.2570356
2023-08-28 05:00:00,11.2,0.2666865
2023-08-28 06:00:00,11.5,0.2879042
2023-08-28 07:00:00,12.6,0.3228069
2023-08-28 08:00:00,14.5,0.3289354
2023-08-28 09:00:00,15.6,0.3038145
2023-08-28 10:00:00,16.4,0.2943302
2023-08-28 11:00:00,17.2,0.2922834
2023-08-28 12:00:00,17.8,0.2806333
2023-08-28 13:00:00,18.8,0.2748975
2023-08-28 14:00:00,19.3,0.2753021
2023-08-28 15:00:00,20.0,0.2955202
2023-08-28 16:00:00,20.0,0.2941993
2023-08-28 17:00:00,20.4,0.3342785
2023-08-28 18:00:00,19.3,0.3493915
2023-08-28 19:00:00,17.4,0.3638024
2023-08-28 20:00:00,16.1,0.3540087
2023-08-28 21:00:00,13.9,0.325056
2023-08-28 22:00:00,14.0,0.3028268
2023-08-28 23:00:00,12.8,0.2840486
2023-08-29 00:00:00,12.2,0.2782771
2023-08-29 01:00:00,11.3,0.2709943
2023-08-29 02:00:00,10.7,0.2686976
2023-08-29 03:00:00,9.7,0.2686976
2023-08-29 04:00:00,10.0,0.2687095
2023-08-29 05:00:00,9.6,0.2731839
2023-08-29 06:00:00,9.8,0.3006372
2023-08-29 07:00:00,10.7,0.3307204
2023-08-29 08:00:00,11.7,0.3564482
2023-08-29 09:00:00,13.0,0.3350996
2023-08-29 10:00:00,15.2,0.3124063
2023-08-29 11:00:00,16.8,0.2948062
2023-08-29 12:00:00,17.6,0.2879161
2023-08-29 13:00:00,18.1,0.2779915
2023-08-29 14:00:00,18.7,0.2747785
2023-08-29 15:00:00,19.5,0.2836916
2023-08-29 16:00:00,19.6,0.2913671
2023-08-29 17:00:00,19.7,0.3229497
2023-08-29 18:00:00,18.8,0.3410615
2023-08-29 19:00:00,16.6,0.3600539
2023-08-29 20:00:00,14.8,0.348975
2023-08-29 21:00:00,13.6,0.3182492
2023-08-29 22:00:00,13.1,0.3008752
2023-08-29 23:00:00,13.0,0.2779439
2023-08-30 00:00:00,11.6,0.2747428
2023-08-30 01:00:00,11.8,0.272934
2023-08-30 02:00:00,10.3,0.2702684
2023-08-30 03:00:00,10.7,0.2681383
2023-08-30 04:00:00,10.0,0.2708039
2023-08-30 05:00:00,9.9,0.2718392
2023-08-30 06:00:00,11.3,0.3080985
2023-08-30 07:00:00,13.1,0.3271147
2023-08-30 08:00:00,14.1,0.3220929
2023-08-30 09:00:00,15.8,0.303993
2023-08-30 10:00:00,17.6,0.2868451
2023-08-30 11:00:00,17.9,0.273767
2023-08-30 12:00:00,18.3,0.2719106
2023-08-30 13:00:00,19.0,0.2693402
2023-08-30 14:00:00,18.3,0.267579
2023-08-30 15:00:00,19.3,0.2706135
2023-08-30 16:00:00,18.9,0.2695306
2023-08-30 17:00:00,15.1,0.2928427
2023-08-30 18:00:00,14.3,0.3221047999999999
2023-08-30 19:00:00,14.3,0.3567219
2023-08-30 20:00:00,14.0,0.3556271
2023-08-30 21:00:00,13.6,0.315536
2023-08-30 22:00:00,13.5,0.2977931
2023-08-30 23:00:00,13.3,0.2764921
2023-08-31 00:00:00,13.1,0.2702089
2023-08-31 01:00:00,12.7,0.2647944
2023-08-31 02:00:00,12.2,0.2644017
2023-08-31 03:00:00,11.8,0.2636639
2023-08-31 04:00:00,11.3,0.2608793
2023-08-31 05:00:00,10.7,0.2644017
2023-08-31 06:00:00,11.0,0.2810379
2023-08-31 07:00:00,11.7,0.3239969
2023-08-31 08:00:00,12.9,0.3075868
2023-08-31 09:00:00,13.6,0.2914147
2023-08-31 10:00:00,14.2,0.2708753
2023-08-31 11:00:00,14.8,0.26508
2023-08-31 12:00:00,16.5,0.2627714
2023-08-31 13:00:00,17.2,0.2603676
2023-08-31 14:00:00,17.6,0.2582494
2023-08-31 15:00:00,15.7,0.2591419
2023-08-31 16:00:00,16.7,0.2615219
2023-08-31 17:00:00,16.7,0.2742668
2023-08-31 18:00:00,15.9,0.2972695
2023-08-31 19:00:00,15.0,0.3323745
2023-08-31 20:00:00,13.3,0.3211885
2023-08-31 21:00:00,12.8,0.304945
2023-08-31 22:00:00,11.9,0.2817757
2023-08-31 23:00:00,11.9,0.2708991
2023-09-01 00:00:00,12.0,0.273291
2023-09-01 01:00:00,11.0,0.2698043
2023-09-01 02:00:00,9.9,0.2666151
2023-09-01 03:00:00,9.2,0.2663533
2023-09-01 04:00:00,9.2,0.2675552
2023-09-01 05:00:00,8.7,0.271268
2023-09-01 06:00:00,8.9,0.2889276
2023-09-01 07:00:00,11.1,0.3084317
2023-09-01 08:00:00,13.8,0.3096217
2023-09-01 09:00:00,15.9,0.288047
2023-09-01 10:00:00,17.2,0.2772418
2023-09-01 11:00:00,18.6,0.2704588
2023-09-01 12:00:00,18.8,0.2651038
2023-09-01 13:00:00,19.4,0.261391
2023-09-01 14:00:00,18.5,0.2617837
2023-09-01 15:00:00,18.9,0.2651038
2023-09-01 16:00:00,18.5,0.2705183
2023-09-01 17:00:00,19.0,0.2836559
2023-09-01 18:00:00,18.7,0.3069085
2023-09-01 19:00:00,17.7,0.3359088
2023-09-01 20:00:00,17.2,0.3309346
2023-09-01 21:00:00,16.9,0.307563
2023-09-01 22:00:00,16.5,0.2966864
2023-09-01 23:00:00,16.2,0.2920335
2023-09-02 00:00:00,16.0,0.2834774
2023-09-02 01:00:00,15.5,0.277813
2023-09-02 02:00:00,15.6,0.2746
2023-09-02 03:00:00,15.2,0.269721
2023-09-02 04:00:00,15.2,0.270316
2023-09-02 05:00:00,15.0,0.274838
2023-09-02 06:00:00,15.0,0.2758138
2023-09-02 07:00:00,15.6,0.2758971
2023-09-02 08:00:00,16.6,0.2748618
2023-09-02 09:00:00,18.2,0.2681502
2023-09-02 10:00:00,18.9,0.2624263
2023-09-02 11:00:00,19.8,0.250681
2023-09-02 12:00:00,20.8,0.24604
2023-09-02 13:00:00,20.6,0.2305581
2023-09-02 14:00:00,20.9,0.2214665
2023-09-02 15:00:00,21.6,0.238186
2023-09-02 16:00:00,21.5,0.2508119
2023-09-02 17:00:00,20.6,0.2668055
2023-09-02 18:00:00,19.6,0.2865
2023-09-02 19:00:00,18.9,0.3005301
2023-09-02 20:00:00,17.7,0.306492
2023-09-02 21:00:00,16.2,0.2926761
2023-09-02 22:00:00,14.1,0.2813116
2023-09-02 23:00:00,14.8,0.2714346
2023-09-03 00:00:00,13.9,0.2808832
2023-09-03 01:00:00,13.4,0.2758257
2023-09-03 02:00:00,12.0,0.2769086
2023-09-03 03:00:00,11.8,0.2765516
2023-09-03 04:00:00,11.9,0.2750403
2023-09-03 05:00:00,11.3,0.2734457
2023-09-03 06:00:00,11.2,0.2724342
2023-09-03 07:00:00,11.4,0.2679717
2023-09-03 08:00:00,13.4,0.2621526
2023-09-03 09:00:00,15.3,0.254132
2023-09-03 10:00:00,17.3,0.227357
2023-09-03 11:00:00,18.0,0.2072817
2023-09-03 12:00:00,19.0,0.1810303
2023-09-03 13:00:00,19.9,0.1690827
2023-09-03 14:00:00,20.5,0.1614786
2023-09-03 15:00:00,20.9,0.1742949
2023-09-03 16:00:00,21.2,0.2194554
2023-09-03 17:00:00,20.6,0.2679717
2023-09-03 18:00:00,19.6,0.2865357
2023-09-03 19:00:00,18.0,0.3045761
2023-09-03 20:00:00,15.7,0.3205221
2023-09-03 21:00:00,14.6,0.2975908
2023-09-03 22:00:00,13.5,0.2862977
2023-09-03 23:00:00,12.3,0.2759923
2023-09-04 00:00:00,11.5,0.2756115
2023-09-04 01:00:00,11.1,0.2680431
2023-09-04 02:00:00,11.5,0.2664366
2023-09-04 03:00:00,11.1,0.2669721
2023-09-04 04:00:00,10.8,0.2664961
2023-09-04 05:00:00,10.6,0.2786222
2023-09-04 06:00:00,10.1,0.3071227
2023-09-04 07:00:00,11.5,0.3273527
2023-09-04 08:00:00,16.0,0.3102048
2023-09-04 09:00:00,18.2,0.2857384
2023-09-04 10:00:00,19.9,0.2661272
2023-09-04 11:00:00,21.0,0.2532633
2023-09-04 12:00:00,22.1,0.2480035
2023-09-04 13:00:00,23.0,0.2418869
2023-09-04 14:00:00,24.1,0.2413276
2023-09-04 15:00:00,24.3,0.251276
2023-09-04 16:00:00,25.2,0.2638543
2023-09-04 17:00:00,24.9,0.2860002
2023-09-04 18:00:00,24.4,0.3203436
2023-09-04 19:00:00,21.1,0.3915532
2023-09-04 20:00:00,18.9,0.3611963
2023-09-04 21:00:00,17.4,0.3042905
2023-09-04 22:00:00,17.2,0.2805619
2023-09-04 23:00:00,17.2,0.2693164
2023-09-05 00:00:00,17.2,0.2680312
2023-09-05 01:00:00,15.9,0.2652347
2023-09-05 02:00:00,14.6,0.2642946
2023-09-05 03:00:00,14.0,0.2639852
2023-09-05 04:00:00,13.6,0.2646635
2023-09-05 05:00:00,13.0,0.269364
2023-09-05 06:00:00,13.0,0.2984
2023-09-05 07:00:00,14.6,0.30554
2023-09-05 08:00:00,18.4,0.2962104
2023-09-05 09:00:00,21.6,0.2719582
2023-09-05 10:00:00,23.6,0.26032
2023-09-05 11:00:00,25.2,0.2530015
2023-09-05 12:00:00,26.9,0.245921
2023-09-05 13:00:00,27.7,0.2449095
2023-09-05 14:00:00,28.9,0.2473847
2023-09-05 15:00:00,29.6,0.25437
2023-09-05 16:00:00,29.8,0.2609269
2023-09-05 17:00:00,29.7,0.2784794
2023-09-05 18:00:00,28.9,0.309229
2023-09-05 19:00:00,25.6,0.3755953
2023-09-05 20:00:00,22.3,0.3394907
2023-09-05 21:00:00,21.3,0.3007205
2023-09-05 22:00:00,20.3,0.2836559
2023-09-05 23:00:00,19.4,0.2698757
2023-09-06 00:00:00,18.6,0.2613791
2023-09-06 01:00:00,17.4,0.2573688
2023-09-06 02:00:00,16.7,0.2633307
2023-09-06 03:00:00,16.3,0.2652228
2023-09-06 04:00:00,15.7,0.2656512
2023-09-06 05:00:00,15.1,0.2781462
2023-09-06 06:00:00,14.3,0.3016249
2023-09-06 07:00:00,16.2,0.3245681
2023-09-06 08:00:00,20.2,0.2974361
2023-09-06 09:00:00,22.7,0.2718987
2023-09-06 10:00:00,25.1,0.2610935
2023-09-06 11:00:00,26.7,0.253299
2023-09-06 12:00:00,27.9,0.2450523
2023-09-06 13:00:00,28.7,0.2429817
2023-09-06 14:00:00,29.7,0.2454212
2023-09-06 15:00:00,29.6,0.253775
2023-09-06 16:00:00,29.7,0.2644136
2023-09-06 17:00:00,29.4,0.2815853
2023-09-06 18:00:00,27.7,0.3291377
2023-09-06 19:00:00,24.3,0.3814977
2023-09-06 20:00:00,22.2,0.3531876
2023-09-06 21:00:00,21.0,0.3021247
2023-09-06 22:00:00,19.9,0.281145
2023-09-06 23:00:00,19.4,0.2695068
2023-09-07 00:00:00,17.7,0.2691498
2023-09-07 01:00:00,17.4,0.2643303
2023-09-07 02:00:00,16.3,0.2616052
2023-09-07 03:00:00,15.3,0.2555719
2023-09-07 04:00:00,14.8,0.2601296
2023-09-07 05:00:00,13.7,0.2651871
2023-09-07 06:00:00,14.1,0.2936638
2023-09-07 07:00:00,15.0,0.3103
2023-09-07 08:00:00,17.8,0.30554
2023-09-07 09:00:00,20.8,0.2777892
2023-09-07 10:00:00,23.4,0.2605818
2023-09-07 11:00:00,25.5,0.254013
2023-09-07 12:00:00,26.5,0.2431007
2023-09-07 13:00:00,27.2,0.233188
2023-09-07 14:00:00,27.8,0.2391142
2023-09-07 15:00:00,28.7,0.25318
2023-09-07 16:00:00,28.7,0.260677
2023-09-07 17:00:00,28.4,0.2783366
2023-09-07 18:00:00,27.1,0.3145007
2023-09-07 19:00:00,23.5,0.3546513
2023-09-07 20:00:00,21.1,0.3302087
2023-09-07 21:00:00,20.8,0.29602
2023-09-07 22:00:00,20.1,0.276266
2023-09-07 23:00:00,20.1,0.2614505
2023-09-08 00:00:00,18.9,0.2562978
2023-09-08 01:00:00,17.1,0.2526088
2023-09-08 02:00:00,16.3,0.2532514
2023-09-08 03:00:00,15.6,0.253299
2023-09-08 04:00:00,15.3,0.2596298
2023-09-08 05:00:00,14.6,0.2669245
2023-09-08 06:00:00,14.4,0.2899391
2023-09-08 07:00:00,16.2,0.3147744
2023-09-08 08:00:00,18.7,0.3013987999999999
2023-09-08 09:00:00,21.7,0.2748142
2023-09-08 10:00:00,24.6,0.2625453
2023-09-08 11:00:00,26.3,0.2537512
2023-09-08 12:00:00,27.8,0.244969
2023-09-08 13:00:00,28.5,0.2399829
2023-09-08 14:00:00,30.2,0.2419583
2023-09-08 15:00:00,30.8,0.2510737
2023-09-08 16:00:00,30.9,0.2608079
2023-09-08 17:00:00,30.3,0.284001
2023-09-08 18:00:00,28.1,0.3600658
2023-09-08 19:00:00,25.4,0.4293
2023-09-08 20:00:00,22.6,0.3883045
2023-09-08 21:00:00,21.3,0.3127752
2023-09-08 22:00:00,19.7,0.2911767
2023-09-08 23:00:00,18.5,0.2817162
2023-09-09 00:00:00,17.9,0.280788
2023-09-09 01:00:00,17.0,0.2775393
2023-09-09 02:00:00,15.6,0.2746119
2023-09-09 03:00:00,15.1,0.2746
2023-09-09 04:00:00,14.6,0.2756115
2023-09-09 05:00:00,14.3,0.2761827
2023-09-09 06:00:00,14.1,0.2791577
2023-09-09 07:00:00,15.2,0.2794076
2023-09-09 08:00:00,19.9,0.2699471
2023-09-09 09:00:00,22.5,0.2624263
2023-09-09 10:00:00,25.3,0.2493601
2023-09-09 11:00:00,27.4,0.2335807
2023-09-09 12:00:00,28.5,0.1800188
2023-09-09 13:00:00,29.3,0.1617761
2023-09-09 14:00:00,29.8,0.1679641
2023-09-09 15:00:00,30.1,0.2244891
2023-09-09 16:00:00,30.1,0.249372
2023-09-09 17:00:00,29.9,0.2719225
2023-09-09 18:00:00,28.4,0.299947
2023-09-09 19:00:00,24.3,0.3391099
2023-09-09 20:00:00,21.2,0.3418469
2023-09-09 21:00:00,19.8,0.3124182
2023-09-09 22:00:00,18.6,0.287571
2023-09-09 23:00:00,17.4,0.2783604
2023-09-10 00:00:00,16.4,0.2815615
2023-09-10 01:00:00,17.2,0.2797527
2023-09-10 02:00:00,15.6,0.2789197
2023-09-10 03:00:00,14.7,0.2755401
2023-09-10 04:00:00,15.5,0.2708039
2023-09-10 05:00:00,15.3,0.2730768
2023-09-10 06:00:00,14.8,0.2738265
2023-09-10 07:00:00,15.5,0.2713275
2023-09-10 08:00:00,17.8,0.2666865
2023-09-10 09:00:00,19.9,0.2615814
2023-09-10 10:00:00,22.2,0.2223352
2023-09-10 11:00:00,24.4,0.17702
2023-09-10 12:00:00,26.1,0.1654532
2023-09-10 13:00:00,27.0,0.1556357
2023-09-10 14:00:00,27.8,0.1556
2023-09-10 15:00:00,27.8,0.1869327
2023-09-10 16:00:00,27.7,0.24961
2023-09-10 17:00:00,27.0,0.2748856
2023-09-10 18:00:00,25.8,0.2998161
2023-09-10 19:00:00,22.3,0.334814
2023-09-10 20:00:00,20.4,0.336361
2023-09-10 21:00:00,18.5,0.3121683
2023-09-10 22:00:00,18.1,0.2911767
2023-09-10 23:00:00,18.7,0.2756234
2023-09-11 00:00:00,16.3,0.28055
2023-09-11 01:00:00,15.8,0.2714822
2023-09-11 02:00:00,16.6,0.2698757
2023-09-11 03:00:00,15.2,0.2663295
2023-09-11 04:00:00,14.9,0.2683525
2023-09-11 05:00:00,14.9,0.2796099
2023-09-11 06:00:00,14.1,0.3300659
2023-09-11 07:00:00,15.5,0.3688599
2023-09-11 08:00:00,19.8,0.3179636
2023-09-11 09:00:00,22.8,0.29007
2023-09-11 10:00:00,25.0,0.2688404
2023-09-11 11:00:00,26.6,0.2617123
2023-09-11 12:00:00,28.1,0.2599273
2023-09-11 13:00:00,28.9,0.2584755
2023-09-11 14:00:00,29.5,0.26151
2023-09-11 15:00:00,30.3,0.2657107
2023-09-11 16:00:00,30.9,0.2748142
2023-09-11 17:00:00,30.2,0.3137867
2023-09-11 18:00:00,29.1,0.4729849
2023-09-11 19:00:00,24.9,0.7794813
2023-09-11 20:00:00,23.4,0.6888747
2023-09-11 21:00:00,22.0,0.4211009
2023-09-11 22:00:00,20.5,0.3315177
2023-09-11 23:00:00,20.6,0.2983286
2023-09-12 00:00:00,21.0,0.2821684
2023-09-12 01:00:00,20.1,0.2807166
2023-09-12 02:00:00,19.8,0.2815853
2023-09-12 03:00:00,18.4,0.2812997
2023-09-12 04:00:00,18.8,0.2821684
2023-09-12 05:00:00,19.0,0.2938066
2023-09-12 06:00:00,17.9,0.3383483
2023-09-12 07:00:00,17.8,0.4280981
2023-09-12 08:00:00,17.6,0.3305062
2023-09-12 09:00:00,19.2,0.3022318
2023-09-12 10:00:00,18.2,0.2892727
2023-09-12 11:00:00,17.7,0.2764921
2023-09-12 12:00:00,17.8,0.2703874
2023-09-12 13:00:00,17.7,0.2669721
2023-09-12 14:00:00,18.3,0.2711252
2023-09-12 15:00:00,20.0,0.274481
2023-09-12 16:00:00,21.2,0.2855123
2023-09-12 17:00:00,20.6,0.3226879
2023-09-12 18:00:00,20.0,0.3823307
2023-09-12 19:00:00,19.2,0.4935838
2023-09-12 20:00:00,18.7,0.3764878
2023-09-12 21:00:00,18.7,0.3181778
2023-09-12 22:00:00,18.7,0.2931045
2023-09-12 23:00:00,18.0,0.2671863
2023-09-13 00:00:00,17.9,0.2822755
2023-09-13 01:00:00,17.7,0.274481
2023-09-13 02:00:00,17.5,0.2720534
2023-09-13 03:00:00,17.3,0.2671744
2023-09-13 04:00:00,17.2,0.2668531
2023-09-13 05:00:00,17.3,0.2721248
2023-09-13 06:00:00,17.4,0.3040406
2023-09-13 07:00:00,17.6,0.3218549
2023-09-13 08:00:00,17.9,0.3194868
2023-09-13 09:00:00,18.8,0.3042429
2023-09-13 10:00:00,19.3,0.2784199
2023-09-13 11:00:00,16.9,0.2708634
2023-09-13 12:00:00,15.8,0.2674243
2023-09-13 13:00:00,15.4,0.2660677
2023-09-13 14:00:00,14.7,0.2651038
2023-09-13 15:00:00,13.8,0.269007
2023-09-13 16:00:00,13.6,0.2698638
2023-09-13 17:00:00,14.6,0.2798241
2023-09-13 18:00:00,15.0,0.3043262
2023-09-13 19:00:00,13.7,0.338265
2023-09-13 20:00:00,12.1,0.3241873
2023-09-13 21:00:00,12.3,0.3017201
2023-09-13 22:00:00,11.3,0.2822279
2023-09-13 23:00:00,10.7,0.2723033
2023-09-14 00:00:00,9.9,0.270197
2023-09-14 01:00:00,9.3,0.2685072
2023-09-14 02:00:00,8.8,0.2731006
2023-09-14 03:00:00,8.5,0.275195
2023-09-14 04:00:00,8.2,0.2737551
2023-09-14 05:00:00,7.6,0.2802406
2023-09-14 06:00:00,7.3,0.3247585
2023-09-14 07:00:00,8.1,0.3712518
2023-09-14 08:00:00,10.8,0.3409663
2023-09-14 09:00:00,12.8,0.2960438
2023-09-14 10:00:00,14.9,0.2708158
2023-09-14 11:00:00,15.4,0.2645921
2023-09-14 12:00:00,15.6,0.2641875
2023-09-14 13:00:00,17.5,0.2622954
2023-09-14 14:00:00,17.0,0.2604866
2023-09-14 15:00:00,16.4,0.262343
2023-09-14 16:00:00,16.9,0.2676504
2023-09-14 17:00:00,17.1,0.2946396
2023-09-14 18:00:00,16.5,0.3614819
2023-09-14 19:00:00,13.3,0.4361306
2023-09-14 20:00:00,11.5,0.376702
2023-09-14 21:00:00,11.5,0.3142746
2023-09-14 22:00:00,10.3,0.2914266
2023-09-14 23:00:00,10.2,0.2738503
2023-09-15 00:00:00,10.0,0.2756591
2023-09-15 01:00:00,9.5,0.2710419
2023-09-15 02:00:00,9.1,0.270316
2023-09-15 03:00:00,8.0,0.2717916
2023-09-15 04:00:00,8.8,0.273648
2023-09-15 05:00:00,8.2,0.2739217
2023-09-15 06:00:00,8.3,0.3205816
2023-09-15 07:00:00,9.1,0.3351353
2023-09-15 08:00:00,12.0,0.3044333
2023-09-15 09:00:00,14.8,0.2798122
2023-09-15 10:00:00,17.4,0.2669602
2023-09-15 11:00:00,18.6,0.2620574
2023-09-15 12:00:00,19.6,0.2490983
2023-09-15 13:00:00,21.2,0.2304391
2023-09-15 14:00:00,21.8,0.2403161
2023-09-15 15:00:00,21.9,0.2566072
2023-09-15 16:00:00,21.7,0.266746
2023-09-15 17:00:00,21.5,0.2920573
2023-09-15 18:00:00,20.5,0.3402999
2023-09-15 19:00:00,17.4,0.3815453
2023-09-15 20:00:00,16.2,0.3254725
2023-09-15 21:00:00,15.1,0.2896535
2023-09-15 22:00:00,14.4,0.2770276
2023-09-15 23:00:00,13.8,0.2695663
2023-09-16 00:00:00,13.0,0.2701256
2023-09-16 01:00:00,12.7,0.2674838
2023-09-16 02:00:00,12.0,0.2656988
2023-09-16 03:00:00,11.9,0.2645564
2023-09-16 04:00:00,11.8,0.2683168
2023-09-16 05:00:00,11.4,0.2659725
2023-09-16 06:00:00,11.2,0.2787293
2023-09-16 07:00:00,13.1,0.2875472
2023-09-16 08:00:00,14.8,0.2765873
2023-09-16 09:00:00,17.6,0.2636401
2023-09-16 10:00:00,19.9,0.24961
2023-09-16 11:00:00,21.7,0.2329143
2023-09-16 12:00:00,23.3,0.2204312
2023-09-16 13:00:00,24.0,0.1942036
2023-09-16 14:00:00,24.8,0.196536
2023-09-16 15:00:00,24.8,0.2442074
2023-09-16 16:00:00,24.9,0.2596536
2023-09-16 17:00:00,24.2,0.2843104
2023-09-16 18:00:00,21.4,0.3145364
2023-09-16 19:00:00,19.9,0.3712756
2023-09-16 20:00:00,18.8,0.3265078
2023-09-16 21:00:00,17.5,0.2954131
2023-09-16 22:00:00,17.2,0.2805857
2023-09-16 23:00:00,15.9,0.274481
2023-09-17 00:00:00,15.6,0.2852981
2023-09-17 01:00:00,15.2,0.2809665
2023-09-17 02:00:00,15.4,0.2801573
2023-09-17 03:00:00,14.5,0.2752902
2023-09-17 04:00:00,15.2,0.276623
2023-09-17 05:00:00,15.2,0.2736004
2023-09-17 06:00:00,15.6,0.2733743
2023-09-17 07:00:00,16.1,0.2785627
2023-09-17 08:00:00,16.6,0.2672458
2023-09-17 09:00:00,19.6,0.2545604
2023-09-17 10:00:00,22.2,0.2398401
2023-09-17 11:00:00,22.0,0.2029739
2023-09-17 12:00:00,22.7,0.1808399
2023-09-17 13:00:00,23.8,0.1604552
2023-09-17 14:00:00,26.3,0.160717
2023-09-17 15:00:00,27.1,0.201653
2023-09-17 16:00:00,26.9,0.2488246
2023-09-17 17:00:00,27.3,0.2850244
2023-09-17 18:00:00,25.1,0.31268
2023-09-17 19:00:00,22.2,0.336361
2023-09-17 20:00:00,21.8,0.3065039
2023-09-17 21:00:00,20.8,0.2963175
2023-09-17 22:00:00,20.5,0.2852029
2023-09-17 23:00:00,20.5,0.2736242
2023-09-18 00:00:00,19.8,0.2674243
2023-09-18 01:00:00,19.1,0.2608793
2023-09-18 02:00:00,18.0,0.2528587
2023-09-18 03:00:00,17.3,0.2567738
2023-09-18 04:00:00,17.7,0.2601058
2023-09-18 05:00:00,18.7,0.2670673
2023-09-18 06:00:00,18.5,0.2950799
2023-09-18 07:00:00,18.6,0.3144531
2023-09-18 08:00:00,19.6,0.3088839
2023-09-18 09:00:00,21.4,0.2815615
2023-09-18 10:00:00,22.5,0.2634735
2023-09-18 11:00:00,22.6,0.244017
2023-09-18 12:00:00,22.5,0.222478
2023-09-18 13:00:00,22.5,0.1918236
2023-09-18 14:00:00,22.4,0.2013674
2023-09-18 15:00:00,22.4,0.2435172
2023-09-18 16:00:00,22.9,0.2634973
2023-09-18 17:00:00,22.4,0.2936519
2023-09-18 18:00:00,22.4,0.3215217
2023-09-18 19:00:00,21.7,0.3481182
2023-09-18 20:00:00,21.3,0.3050997
2023-09-18 21:00:00,20.7,0.2824183
2023-09-18 22:00:00,18.2,0.2667341
2023-09-18 23:00:00,15.9,0.2434339
2023-09-19 00:00:00,15.8,0.1568019
2023-09-19 01:00:00,16.0,0.1555881
2023-09-19 02:00:00,16.0,0.1555524
2023-09-19 03:00:00,16.0,0.1555405
2023-09-19 04:00:00,15.7,0.1555762
2023-09-19 05:00:00,15.6,0.1565877
2023-09-19 06:00:00,14.6,0.2392213
2023-09-19 07:00:00,14.9,0.2796813
2023-09-19 08:00:00,15.2,0.2859288
2023-09-19 09:00:00,16.0,0.2578091
2023-09-19 10:00:00,16.3,0.165715
2023-09-19 11:00:00,16.9,0.1555048
2023-09-19 12:00:00,17.6,0.1514469
2023-09-19 13:00:00,18.0,0.1492454
2023-09-19 14:00:00,18.2,0.1487694
2023-09-19 15:00:00,19.1,0.1520895
2023-09-19 16:00:00,19.2,0.1555048
2023-09-19 17:00:00,19.0,0.2113872
2023-09-19 18:00:00,18.7,0.2712204
2023-09-19 19:00:00,18.4,0.2917598
2023-09-19 20:00:00,18.2,0.2860716
2023-09-19 21:00:00,18.1,0.2588801
2023-09-19 22:00:00,18.0,0.2351039
2023-09-19 23:00:00,17.7,0.1750565
2023-09-20 00:00:00,17.8,0.1555881
2023-09-20 01:00:00,17.6,0.155481
2023-09-20 02:00:00,17.8,0.155481
2023-09-20 03:00:00,17.9,0.1556357
2023-09-20 04:00:00,17.9,0.1568019
2023-09-20 05:00:00,17.9,0.1675
2023-09-20 06:00:00,17.3,0.2606651
2023-09-20 07:00:00,16.7,0.2770514
2023-09-20 08:00:00,17.6,0.2813116
2023-09-20 09:00:00,18.3,0.2521685
2023-09-20 10:00:00,19.4,0.1646559
2023-09-20 11:00:00,20.2,0.1555405
2023-09-20 12:00:00,21.3,0.1516373
2023-09-20 13:00:00,21.5,0.1492454
2023-09-20 14:00:00,22.0,0.1499594
2023-09-20 15:00:00,22.5,0.1531843
2023-09-20 16:00:00,22.7,0.1602767
2023-09-20 17:00:00,22.3,0.2608198
2023-09-20 18:00:00,21.5,0.3205935
2023-09-20 19:00:00,20.2,0.3886734
2023-09-20 20:00:00,20.2,0.301256
2023-09-20 21:00:00,20.1,0.269007
2023-09-20 22:00:00,19.3,0.2581304
2023-09-20 23:00:00,17.9,0.2462542
2023-09-21 00:00:00,18.3,0.2461947
2023-09-21 01:00:00,18.0,0.2423153
2023-09-21 02:00:00,17.4,0.2232277
2023-09-21 03:00:00,16.7,0.2025217
2023-09-21 04:00:00,17.0,0.2232277
2023-09-21 05:00:00,17.1,0.243184
2023-09-21 06:00:00,16.6,0.2740883
2023-09-21 07:00:00,17.0,0.2956392
2023-09-21 08:00:00,18.3,0.2934258
2023-09-21 09:00:00,20.4,0.278051
2023-09-21 10:00:00,21.0,0.2651514
2023-09-21 11:00:00,21.7,0.24723
2023-09-21 12:00:00,23.0,0.242827
2023-09-21 13:00:00,22.7,0.2460638
2023-09-21 14:00:00,22.3,0.2566548
2023-09-21 15:00:00,20.7,0.267222
2023-09-21 16:00:00,20.1,0.2815258
2023-09-21 17:00:00,20.8,0.3032076
2023-09-21 18:00:00,21.1,0.3887091
2023-09-21 19:00:00,19.9,0.4821598
2023-09-21 20:00:00,19.3,0.339812
2023-09-21 21:00:00,19.1,0.292212
2023-09-21 22:00:00,17.8,0.274719
2023-09-21 23:00:00,17.5,0.2683525
2023-09-22 00:00:00,16.2,0.2606889
2023-09-22 01:00:00,16.2,0.2593204
2023-09-22 02:00:00,15.5,0.2603795
2023-09-22 03:00:00,14.9,0.2612244
2023-09-22 04:00:00,14.8,0.2638781
2023-09-22 05:00:00,15.2,0.2646754
2023-09-22 06:00:00,14.9,0.2896178
2023-09-22 07:00:00,14.6,0.3198557
2023-09-22 08:00:00,14.7,0.3171544
2023-09-22 09:00:00,15.1,0.2963889
2023-09-22 10:00:00,15.7,0.2741716
2023-09-22 11:00:00,16.8,0.2638067
2023-09-22 12:00:00,17.5,0.2575235
2023-09-22 13:00:00,18.2,0.2481582
2023-09-22 14:00:00,17.8,0.243898
2023-09-22 15:00:00,19.4,0.2496219
2023-09-22 16:00:00,18.7,0.2606056
2023-09-22 17:00:00,18.8,0.28293
2023-09-22 18:00:00,17.4,0.3179754999999999
2023-09-22 19:00:00,14.7,0.345881
2023-09-22 20:00:00,12.9,0.3144055
2023-09-22 21:00:00,12.2,0.2919621
2023-09-22 22:00:00,12.3,0.2816567
2023-09-22 23:00:00,13.9,0.2782414
2023-09-23 00:00:00,14.0,0.2853576
2023-09-23 01:00:00,14.0,0.2763017
2023-09-23 02:00:00,13.8,0.2710895
2023-09-23 03:00:00,13.1,0.2647468
2023-09-23 04:00:00,12.4,0.2620217
2023-09-23 05:00:00,12.3,0.2648182
2023-09-23 06:00:00,12.1,0.2732672
2023-09-23 07:00:00,12.2,0.283168
2023-09-23 08:00:00,12.6,0.2864881
2023-09-23 09:00:00,13.6,0.2801692
2023-09-23 10:00:00,14.0,0.2635925
2023-09-23 11:00:00,14.7,0.256631
2023-09-23 12:00:00,15.9,0.2506691
2023-09-23 13:00:00,16.2,0.2395545
2023-09-23 14:00:00,17.2,0.2187771
2023-09-23 15:00:00,17.1,0.24009
2023-09-23 16:00:00,16.4,0.2495862
2023-09-23 17:00:00,16.0,0.2770038
2023-09-23 18:00:00,15.8,0.3099073
2023-09-23 19:00:00,15.1,0.3414661
2023-09-23 20:00:00,14.7,0.32815
2023-09-23 21:00:00,14.5,0.2959129
2023-09-23 22:00:00,13.4,0.2828348
2023-09-23 23:00:00,12.4,0.275076
2023-09-24 00:00:00,11.9,0.2730649
2023-09-24 01:00:00,12.9,0.2594156
2023-09-24 02:00:00,12.3,0.2480987
2023-09-24 03:00:00,12.4,0.2482653
2023-09-24 04:00:00,11.3,0.2542629
2023-09-24 05:00:00,11.5,0.2635687
2023-09-24 06:00:00,12.3,0.2681859
2023-09-24 07:00:00,12.8,0.2675314
2023-09-24 08:00:00,13.0,0.2641518
2023-09-24 09:00:00,13.6,0.2262384
2023-09-24 10:00:00,15.5,0.1568614
2023-09-24 11:00:00,16.0,0.1566115
2023-09-24 12:00:00,17.3,0.1555643
2023-09-24 13:00:00,18.0,0.1524822
2023-09-24 14:00:00,18.6,0.1524346
2023-09-24 15:00:00,18.9,0.1555048
2023-09-24 16:00:00,19.2,0.1618118
2023-09-24 17:00:00,18.9,0.2722557
2023-09-24 18:00:00,18.0,0.314941
2023-09-24 19:00:00,14.9,0.3425371
2023-09-24 20:00:00,14.1,0.3162262
2023-09-24 21:00:00,13.1,0.28055
2023-09-24 22:00:00,11.8,0.2669007
2023-09-24 23:00:00,12.5,0.2422915
2023-09-25 00:00:00,12.4,0.1968097
2023-09-25 01:00:00,11.7,0.1675
2023-09-25 02:00:00,11.2,0.1568971
2023-09-25 03:00:00,10.7,0.1556952
2023-09-25 04:00:00,10.9,0.1561831
2023-09-25 05:00:00,9.9,0.2152785
2023-09-25 06:00:00,8.8,0.2857384
2023-09-25 07:00:00,9.2,0.3211885
2023-09-25 08:00:00,12.0,0.32577
2023-09-25 09:00:00,14.8,0.2964008
2023-09-25 10:00:00,16.6,0.2672339
2023-09-25 11:00:00,18.4,0.2615219
2023-09-25 12:00:00,18.7,0.2461233
2023-09-25 13:00:00,20.0,0.2461709
2023-09-25 14:00:00,20.1,0.2556671
2023-09-25 15:00:00,20.5,0.2651514
2023-09-25 16:00:00,20.0,0.2715774
2023-09-25 17:00:00,19.8,0.3054448
2023-09-25 18:00:00,19.2,0.3937071
2023-09-25 19:00:00,14.6,0.6073120999999999
2023-09-25 20:00:00,13.7,0.4523741
2023-09-25 21:00:00,12.8,0.3178446
2023-09-25 22:00:00,12.0,0.3018629
2023-09-25 23:00:00,11.3,0.2867023
2023-09-26 00:00:00,11.1,0.2914504
2023-09-26 01:00:00,10.4,0.2841081
2023-09-26 02:00:00,9.9,0.2804667
2023-09-26 03:00:00,10.1,0.2800502
2023-09-26 04:00:00,9.3,0.2800383
2023-09-26 05:00:00,8.6,0.2841081
2023-09-26 06:00:00,8.1,0.3367894
2023-09-26 07:00:00,8.2,0.4989745
2023-09-26 08:00:00,11.4,0.3543062
2023-09-26 09:00:00,15.6,0.2957225
2023-09-26 10:00:00,18.3,0.2750879
2023-09-26 11:00:00,20.2,0.2689713
2023-09-26 12:00:00,21.3,0.2639852
2023-09-26 13:00:00,21.9,0.2543105
2023-09-26 14:00:00,22.3,0.2625453
2023-09-26 15:00:00,23.4,0.2722438
2023-09-26 16:00:00,23.0,0.2799669
2023-09-26 17:00:00,22.6,0.3168212
2023-09-26 18:00:00,18.9,0.3700856
2023-09-26 19:00:00,16.4,0.4493158
2023-09-26 20:00:00,15.3,0.3464046
2023-09-26 21:00:00,15.2,0.3058613
2023-09-26 22:00:00,14.6,0.2841914
2023-09-26 23:00:00,14.0,0.2761232
2023-09-27 00:00:00,13.9,0.2811569
2023-09-27 01:00:00,14.0,0.27698
2023-09-27 02:00:00,14.1,0.2776345
2023-09-27 03:00:00,13.8,0.2770395
2023-09-27 04:00:00,12.1,0.2751355
2023-09-27 05:00:00,10.4,0.2848578
2023-09-27 06:00:00,10.8,0.3242944
2023-09-27 07:00:00,10.9,0.4647263
2023-09-27 08:00:00,14.6,0.364445
2023-09-27 09:00:00,18.5,0.3088600999999999
2023-09-27 10:00:00,20.2,0.2773727
2023-09-27 11:00:00,21.5,0.2665794
2023-09-27 12:00:00,22.7,0.262938
2023-09-27 13:00:00,22.4,0.2595346
2023-09-27 14:00:00,24.2,0.2617718
2023-09-27 15:00:00,24.2,0.2675076
2023-09-27 16:00:00,23.4,0.2856075
2023-09-27 17:00:00,23.8,0.3339929
2023-09-27 18:00:00,20.4,0.3875667
2023-09-27 19:00:00,18.6,0.411093
2023-09-27 20:00:00,17.1,0.3246752
2023-09-27 21:00:00,16.6,0.2839058
2023-09-27 22:00:00,16.5,0.2702922
2023-09-27 23:00:00,15.4,0.2616171
2023-09-28 00:00:00,15.9,0.2607484
2023-09-28 01:00:00,17.3,0.2556195
2023-09-28 02:00:00,16.7,0.2424105
2023-09-28 03:00:00,16.3,0.2446596
2023-09-28 04:00:00,16.6,0.2518353
2023-09-28 05:00:00,16.7,0.2661272
2023-09-28 06:00:00,17.5,0.2928665
2023-09-28 07:00:00,17.4,0.3058375
2023-09-28 08:00:00,18.1,0.3097764
2023-09-28 09:00:00,19.0,0.2875115
2023-09-28 10:00:00,21.4,0.2666984
2023-09-28 11:00:00,22.5,0.2609864
2023-09-28 12:00:00,22.8,0.2549412
2023-09-28 13:00:00,22.9,0.25318
2023-09-28 14:00:00,23.5,0.259963
2023-09-28 15:00:00,23.2,0.2651038
2023-09-28 16:00:00,22.9,0.2744691
2023-09-28 17:00:00,22.3,0.3134297
2023-09-28 18:00:00,20.1,0.3755715
2023-09-28 19:00:00,18.3,0.471902
2023-09-28 20:00:00,16.7,0.3418469
2023-09-28 21:00:00,15.3,0.3082294
2023-09-28 22:00:00,15.1,0.2965198
2023-09-28 23:00:00,14.6,0.2877257
2023-09-29 00:00:00,15.3,0.284715
2023-09-29 01:00:00,14.5,0.2721367
2023-09-29 02:00:00,15.7,0.2693045
2023-09-29 03:00:00,16.1,0.26508
2023-09-29 04:00:00,17.0,0.2674957
2023-09-29 05:00:00,17.2,0.2754092
2023-09-29 06:00:00,17.8,0.3084555
2023-09-29 07:00:00,17.8,0.3197248
2023-09-29 08:00:00,18.2,0.3103595
2023-09-29 09:00:00,18.1,0.2827158
2023-09-29 10:00:00,19.3,0.2651633
2023-09-29 11:00:00,19.9,0.2595703
2023-09-29 12:00:00,22.2,0.2532395
2023-09-29 13:00:00,22.6,0.2418036
2023-09-29 14:00:00,23.1,0.2472776
2023-09-29 15:00:00,23.4,0.263533
2023-09-29 16:00:00,23.2,0.2703993
2023-09-29 17:00:00,22.0,0.2888919
2023-09-29 18:00:00,21.9,0.3103595
2023-09-29 19:00:00,17.7,0.3227593
2023-09-29 20:00:00,16.0,0.3137986
2023-09-29 21:00:00,15.4,0.290546
2023-09-29 22:00:00,15.0,0.2824183
2023-09-29 23:00:00,14.1,0.2758733
2023-09-30 00:00:00,13.7,0.2638305
2023-09-30 01:00:00,12.9,0.2613791
2023-09-30 02:00:00,12.3,0.2612482
2023-09-30 03:00:00,11.8,0.2611768
2023-09-30 04:00:00,11.7,0.2606532
2023-09-30 05:00:00,11.7,0.265199
2023-09-30 06:00:00,11.2,0.280907
2023-09-30 07:00:00,11.6,0.2858574
2023-09-30 08:00:00,12.7,0.2865595
2023-09-30 09:00:00,14.9,0.2805143
2023-09-30 10:00:00,15.8,0.2597488
2023-09-30 11:00:00,17.1,0.2395307
2023-09-30 12:00:00,17.6,0.2064844
2023-09-30 13:00:00,18.4,0.1660244
2023-09-30 14:00:00,18.8,0.1734976
2023-09-30 15:00:00,18.5,0.22224
2023-09-30 16:00:00,18.3,0.2567619
2023-09-30 17:00:00,17.1,0.283763
2023-09-30 18:00:00,16.4,0.3179279
2023-09-30 19:00:00,13.9,0.350641
2023-09-30 20:00:00,14.9,0.315179
2023-09-30 21:00:00,14.7,0.289356
2023-09-30 22:00:00,14.6,0.283406
2023-09-30 23:00:00,14.6,0.2758376
2023-10-01 00:00:00,14.5,0.2778487
2023-10-01 01:00:00,14.3,0.2676266
2023-10-01 02:00:00,14.0,0.261034
2023-10-01 03:00:00,14.2,0.2619503
2023-10-01 04:00:00,13.7,0.2589991
2023-10-01 05:00:00,13.6,0.2572855
2023-10-01 06:00:00,13.8,0.2568333
2023-10-01 07:00:00,14.0,0.2604152
2023-10-01 08:00:00,14.7,0.253299
2023-10-01 09:00:00,15.6,0.2302487
2023-10-01 10:00:00,16.3,0.2032
2023-10-01 11:00:00,17.4,0.1662981
2023-10-01 12:00:00,17.4,0.1555881
2023-10-01 13:00:00,18.5,0.1533033
2023-10-01 14:00:00,19.3,0.1547313
2023-10-01 15:00:00,20.2,0.1574207
2023-10-01 16:00:00,20.4,0.2302487
2023-10-01 17:00:00,20.1,0.2740169
2023-10-01 18:00:00,19.3,0.2984714
2023-10-01 19:00:00,18.5,0.3103
2023-10-01 20:00:00,18.1,0.3103
2023-10-01 21:00:00,17.7,0.2926404
2023-10-01 22:00:00,15.8,0.2824778
2023-10-01 23:00:00,15.9,0.2745643
2023-10-02 00:00:00,15.6,0.268531
2023-10-02 01:00:00,16.1,0.2664723
2023-10-02 02:00:00,14.6,0.266746
2023-10-02 03:00:00,14.5,0.2651038
2023-10-02 04:00:00,15.2,0.2694592
2023-10-02 05:00:00,14.9,0.2738027
2023-10-02 06:00:00,14.9,0.3043381
2023-10-02 07:00:00,14.9,0.3263531
2023-10-02 08:00:00,16.6,0.327555
2023-10-02 09:00:00,18.4,0.30792
2023-10-02 10:00:00,19.8,0.2809308
2023-10-02 11:00:00,22.3,0.2656512
2023-10-02 12:00:00,22.8,0.2630332
2023-10-02 13:00:00,22.7,0.2602248
2023-10-02 14:00:00,22.7,0.2605223
2023-10-02 15:00:00,23.4,0.263295
2023-10-02 16:00:00,23.0,0.2817757
2023-10-02 17:00:00,22.3,0.3141913
2023-10-02 18:00:00,21.7,0.3936119
2023-10-02 19:00:00,19.6,0.4472095
2023-10-02 20:00:00,18.1,0.3460833
2023-10-02 21:00:00,18.4,0.2984
2023-10-02 22:00:00,16.3,0.2829657
2023-10-02 23:00:00,16.7,0.2746
2023-10-03 00:00:00,15.5,0.2717202
2023-10-03 01:00:00,16.4,0.2681859
2023-10-03 02:00:00,17.6,0.2412086
2023-10-03 03:00:00,17.5,0.1920616
2023-10-03 04:00:00,17.4,0.1692969
2023-10-03 05:00:00,17.8,0.1615738
2023-10-03 06:00:00,18.6,0.1631089
2023-10-03 07:00:00,18.3,0.198083
2023-10-03 08:00:00,19.8,0.170475
2023-10-03 09:00:00,20.5,0.159527
2023-10-03 10:00:00,21.1,0.1555048
2023-10-03 11:00:00,20.5,0.1544814
2023-10-03 12:00:00,20.3,0.145723
2023-10-03 13:00:00,19.7,0.1424267
2023-10-03 14:00:00,16.6,0.1437238
2023-10-03 15:00:00,15.8,0.1497571
2023-10-03 16:00:00,15.4,0.1555405
2023-10-03 17:00:00,14.6,0.16155
2023-10-03 18:00:00,13.8,0.1981068
2023-10-03 19:00:00,13.4,0.227
2023-10-03 20:00:00,12.8,0.2121369
2023-10-03 21:00:00,12.4,0.1719625
2023-10-03 22:00:00,12.9,0.209269
2023-10-03 23:00:00,12.7,0.1675714
2023-10-04 00:00:00,12.5,0.1820299
2023-10-04 01:00:00,12.8,0.167619
2023-10-04 02:00:00,12.8,0.1669407
2023-10-04 03:00:00,13.0,0.1648463
2023-10-04 04:00:00,12.9,0.172855
2023-10-04 05:00:00,12.7,0.2126248
2023-10-04 06:00:00,12.5,0.2729221
2023-10-04 07:00:00,12.3,0.2948538
2023-10-04 08:00:00,12.8,0.2999589
2023-10-04 09:00:00,13.6,0.281621
2023-10-04 10:00:00,14.7,0.2480154
2023-10-04 11:00:00,14.9,0.2355918
2023-10-04 12:00:00,15.8,0.2002845
2023-10-04 13:00:00,16.7,0.2064606
2023-10-04 14:00:00,16.5,0.2029025
2023-10-04 15:00:00,16.2,0.2288326
2023-10-04 16:00:00,16.1,0.2506929
2023-10-04 17:00:00,15.5,0.2693283
2023-10-04 18:00:00,14.8,0.293759
2023-10-04 19:00:00,14.5,0.3071584
2023-10-04 20:00:00,13.8,0.293759
2023-10-04 21:00:00,13.5,0.2603438
2023-10-04 22:00:00,12.7,0.2574521
2023-10-04 23:00:00,12.9,0.2482415
2023-10-05 00:00:00,13.1,0.2539773
2023-10-05 01:00:00,13.2,0.2470039
2023-10-05 02:00:00,12.9,0.2392213
2023-10-05 03:00:00,13.6,0.228666
2023-10-05 04:00:00,13.8,0.2376029
2023-10-05 05:00:00,13.7,0.2489674
2023-10-05 06:00:00,13.3,0.2633783
2023-10-05 07:00:00,13.0,0.2834774
2023-10-05 08:00:00,13.5,0.3006015
2023-10-05 09:00:00,14.2,0.2830609
2023-10-05 10:00:00,14.8,0.2595227
2023-10-05 11:00:00,16.0,0.251871
2023-10-05 12:00:00,15.9,0.24961
2023-10-05 13:00:00,16.4,0.2467421
2023-10-05 14:00:00,16.5,0.2508357
2023-10-05 15:00:00,14.4,0.2550126
2023-10-05 16:00:00,14.6,0.2708039
2023-10-05 17:00:00,14.6,0.294949
2023-10-05 18:00:00,14.4,0.3658016
2023-10-05 19:00:00,13.8,0.4534332
2023-10-05 20:00:00,13.6,0.321486
2023-10-05 21:00:00,13.7,0.2864167
2023-10-05 22:00:00,13.5,0.2757662
2023-10-05 23:00:00,12.9,0.2681502
2023-10-06 00:00:00,13.1,0.2595941
2023-10-06 01:00:00,13.1,0.2565834
2023-10-06 02:00:00,12.7,0.2508476
2023-10-06 03:00:00,12.5,0.2449214
2023-10-06 04:00:00,12.2,0.2400662
2023-10-06 05:00:00,12.3,0.2458853
2023-10-06 06:00:00,12.3,0.2715655
2023-10-06 07:00:00,12.7,0.2953893
2023-10-06 08:00:00,13.2,0.2992211
2023-10-06 09:00:00,14.3,0.2798241
2023-10-06 10:00:00,15.7,0.2558694
2023-10-06 11:00:00,16.4,0.2303439
2023-10-06 12:00:00,17.0,0.1675595
2023-10-06 13:00:00,18.1,0.1568852
2023-10-06 14:00:00,18.3,0.1573493
2023-10-06 15:00:00,19.0,0.2053301
2023-10-06 16:00:00,18.5,0.2298322
2023-10-06 17:00:00,18.0,0.2585945
2023-10-06 18:00:00,17.6,0.279717
2023-10-06 19:00:00,17.8,0.2878923
2023-10-06 20:00:00,17.5,0.27579
2023-10-06 21:00:00,17.2,0.2508833
2023-10-06 22:00:00,17.2,0.2231682
2023-10-06 23:00:00,17.0,0.1562188
2023-10-07 00:00:00,16.1,0.1556595
2023-10-07 01:00:00,15.7,0.1556476
2023-10-07 02:00:00,15.7,0.155719
2023-10-07 03:00:00,16.0,0.1563973
2023-10-07 04:00:00,15.9,0.1628233
2023-10-07 05:00:00,15.3,0.1810422
2023-10-07 06:00:00,14.6,0.2180036
2023-10-07 07:00:00,14.9,0.2355323
2023-10-07 08:00:00,15.3,0.2398758
2023-10-07 09:00:00,15.5,0.2373649
2023-10-07 10:00:00,15.8,0.2113158
2023-10-07 11:00:00,16.5,0.1789478
2023-10-07 12:00:00,16.8,0.1679522
2023-10-07 13:00:00,17.6,0.1558618
2023-10-07 14:00:00,18.4,0.15679
2023-10-07 15:00:00,19.1,0.1817919
2023-10-07 16:00:00,19.4,0.2288921
2023-10-07 17:00:00,18.9,0.2584636
2023-10-07 18:00:00,18.8,0.2773132
2023-10-07 19:00:00,18.6,0.2852029
2023-10-07 20:00:00,18.5,0.2746
2023-10-07 21:00:00,18.2,0.2555481
2023-10-07 22:00:00,17.8,0.2462661
2023-10-07 23:00:00,17.7,0.24128
2023-10-08 00:00:00,13.8,0.239733
2023-10-08 01:00:00,11.8,0.2396616
2023-10-08 02:00:00,11.0,0.2396378
2023-10-08 03:00:00,10.9,0.2396259
2023-10-08 04:00:00,10.8,0.2410539
2023-10-08 05:00:00,10.7,0.2473371
2023-10-08 06:00:00,10.4,0.2549769
2023-10-08 07:00:00,10.5,0.2746
2023-10-08 08:00:00,11.1,0.2771228
2023-10-08 09:00:00,12.0,0.2756234
2023-10-08 10:00:00,12.9,0.2590586
2023-10-08 11:00:00,14.2,0.2466469
2023-10-08 12:00:00,14.9,0.2395783
2023-10-08 13:00:00,15.4,0.2212285
2023-10-08 14:00:00,15.3,0.220574
2023-10-08 15:00:00,14.9,0.239852
2023-10-08 16:00:00,15.4,0.2610221
2023-10-08 17:00:00,14.5,0.2903556
2023-10-08 18:00:00,13.1,0.3170473
2023-10-08 19:00:00,13.7,0.3490702
2023-10-08 20:00:00,13.3,0.3125015
2023-10-08 21:00:00,13.5,0.286738
2023-10-08 22:00:00,13.3,0.2798598
2023-10-08 23:00:00,13.1,0.2702446
2023-10-09 00:00:00,12.5,0.2640209
2023-10-09 01:00:00,12.5,0.2596655
2023-10-09 02:00:00,12.5,0.2537036
2023-10-09 03:00:00,12.6,0.247706
2023-10-09 04:00:00,12.0,0.24485
2023-10-09 05:00:00,12.3,0.2496695
2023-10-09 06:00:00,12.7,0.270673
2023-10-09 07:00:00,13.6,0.288642
2023-10-09 08:00:00,13.6,0.3063968
2023-10-09 09:00:00,14.0,0.3001017
2023-10-09 10:00:00,15.0,0.2883921
2023-10-09 11:00:00,14.6,0.2809784
2023-10-09 12:00:00,14.9,0.2733981
2023-10-09 13:00:00,15.4,0.275314
2023-10-09 14:00:00,15.6,0.281145
2023-10-09 15:00:00,16.1,0.2863929
2023-10-09 16:00:00,16.2,0.2900938
2023-10-09 17:00:00,16.1,0.3094908
2023-10-09 18:00:00,15.8,0.3807718
2023-10-09 19:00:00,15.4,0.419423
2023-10-09 20:00:00,14.9,0.375155
2023-10-09 21:00:00,15.0,0.3135725
2023-10-09 22:00:00,14.6,0.2984
2023-10-09 23:00:00,14.8,0.289713
2023-10-10 00:00:00,14.7,0.27936
2023-10-10 01:00:00,14.4,0.275314
2023-10-10 02:00:00,14.2,0.274481
2023-10-10 03:00:00,14.3,0.2740288
2023-10-10 04:00:00,14.3,0.2714941
2023-10-10 05:00:00,14.2,0.2873449
2023-10-10 06:00:00,14.1,0.3103
2023-10-10 07:00:00,14.2,0.3958848
2023-10-10 08:00:00,14.7,0.3919697
2023-10-10 09:00:00,15.5,0.312799
2023-10-10 10:00:00,16.5,0.293878
2023-10-10 11:00:00,16.7,0.2805262
2023-10-10 12:00:00,18.0,0.2706135
2023-10-10 13:00:00,18.7,0.2618551
2023-10-10 14:00:00,19.6,0.2643898
2023-10-10 15:00:00,21.0,0.2646278
2023-10-10 16:00:00,21.4,0.273648
2023-10-10 17:00:00,20.5,0.2952584
2023-10-10 18:00:00,19.3,0.3072298
2023-10-10 19:00:00,18.5,0.3213313
2023-10-10 20:00:00,17.9,0.2802882
2023-10-10 21:00:00,17.7,0.2588206
2023-10-10 22:00:00,18.1,0.2610935
2023-10-10 23:00:00,17.7,0.237591
2023-10-11 00:00:00,18.1,0.2308675
2023-10-11 01:00:00,18.1,0.1866114
2023-10-11 02:00:00,17.7,0.1649415
2023-10-11 03:00:00,18.4,0.1583489
2023-10-11 04:00:00,18.4,0.1594794
2023-10-11 05:00:00,17.9,0.1675
2023-10-11 06:00:00,17.4,0.2509547
2023-10-11 07:00:00,17.8,0.3069204
2023-10-11 08:00:00,17.5,0.3077772
2023-10-11 09:00:00,18.3,0.2780986
2023-10-11 10:00:00,19.0,0.2151119
2023-10-11 11:00:00,19.8,0.1568495
2023-10-11 12:00:00,21.1,0.1556
2023-10-11 13:00:00,21.6,0.1555286
2023-10-11 14:00:00,20.8,0.1555524
2023-10-11 15:00:00,20.6,0.1556714
2023-10-11 16:00:00,19.2,0.2243582
2023-10-11 17:00:00,18.4,0.2772537
2023-10-11 18:00:00,17.6,0.3076701
2023-10-11 19:00:00,16.8,0.3128466
2023-10-11 20:00:00,16.5,0.3014345
2023-10-11 21:00:00,16.2,0.2769205
2023-10-11 22:00:00,17.1,0.2732434
2023-10-11 23:00:00,19.2,0.2626048
2023-10-12 00:00:00,18.7,0.2487889
2023-10-12 01:00:00,18.2,0.2543105
2023-10-12 02:00:00,17.6,0.2552387
2023-10-12 03:00:00,15.6,0.2601058
2023-10-12 04:00:00,15.1,0.2615576
2023-10-12 05:00:00,14.1,0.277694
2023-10-12 06:00:00,13.7,0.306135
2023-10-12 07:00:00,12.2,0.3136796
2023-10-12 08:00:00,12.2,0.3321841
2023-10-12 09:00:00,12.2,0.3194392
2023-10-12 10:00:00,12.4,0.311371
2023-10-12 11:00:00,13.6,0.3042786
2023-10-12 12:00:00,14.1,0.2877852
2023-10-12 13:00:00,14.6,0.2797051
2023-10-12 14:00:00,13.4,0.2845722
2023-10-12 15:00:00,13.4,0.2984
2023-10-12 16:00:00,13.6,0.3051949
2023-10-12 17:00:00,13.3,0.32815
2023-10-12 18:00:00,13.2,0.357781
2023-10-12 19:00:00,13.1,0.4185781
2023-10-12 20:00:00,13.0,0.3356113
2023-10-12 21:00:00,13.2,0.3095384
2023-10-12 22:00:00,13.0,0.302565
2023-10-12 23:00:00,13.5,0.2863096
2023-10-13 00:00:00,13.8,0.3031481
2023-10-13 01:00:00,14.6,0.29245
2023-10-13 02:00:00,15.5,0.2830966
2023-10-13 03:00:00,15.9,0.276266
2023-10-13 04:00:00,16.4,0.2746952
2023-10-13 05:00:00,16.1,0.2689475
2023-10-13 06:00:00,15.9,0.3096217
2023-10-13 07:00:00,16.3,0.3263055
2023-10-13 08:00:00,16.5,0.3284475
2023-10-13 09:00:00,16.5,0.3127395
2023-10-13 10:00:00,17.8,0.27341
2023-10-13 11:00:00,18.8,0.2413038
2023-10-13 12:00:00,20.4,0.1965955
2023-10-13 13:00:00,21.9,0.164287
2023-10-13 14:00:00,22.6,0.1607289
2023-10-13 15:00:00,23.1,0.1606456
2023-10-13 16:00:00,23.9,0.1675
2023-10-13 17:00:00,23.1,0.2109112
2023-10-13 18:00:00,22.5,0.2439337
2023-10-13 19:00:00,22.3,0.246397
2023-10-13 20:00:00,20.3,0.1745686
2023-10-13 21:00:00,20.2,0.1616095
2023-10-13 22:00:00,19.2,0.155838
2023-10-13 23:00:00,17.8,0.1546361
2023-10-14 00:00:00,17.4,0.1554929
2023-10-14 01:00:00,18.4,0.1533747
2023-10-14 02:00:00,19.2,0.1538269
2023-10-14 03:00:00,15.1,0.1535532
2023-10-14 04:00:00,12.5,0.1529701
2023-10-14 05:00:00,12.4,0.1531248
2023-10-14 06:00:00,11.7,0.1544576
2023-10-14 07:00:00,11.2,0.1555762
2023-10-14 08:00:00,11.2,0.1664171
2023-10-14 09:00:00,11.9,0.180114
2023-10-14 10:00:00,12.8,0.1568852
2023-10-14 11:00:00,13.7,0.1555405
2023-10-14 12:00:00,13.7,0.1544814
2023-10-14 13:00:00,13.7,0.1543029
2023-10-14 14:00:00,15.0,0.1539459
2023-10-14 15:00:00,11.3,0.1555048
2023-10-14 16:00:00,11.9,0.156314
2023-10-14 17:00:00,11.0,0.2355561
2023-10-14 18:00:00,9.6,0.295901
2023-10-14 19:00:00,9.7,0.3102643
2023-10-14 20:00:00,8.9,0.2709229
2023-10-14 21:00:00,8.4,0.2575592
2023-10-14 22:00:00,8.4,0.2443621
2023-10-14 23:00:00,8.1,0.2116014
2023-10-15 00:00:00,7.9,0.1730573
2023-10-15 01:00:00,7.8,0.1638824
2023-10-15 02:00:00,7.3,0.1624901
2023-10-15 03:00:00,7.5,0.1663814
2023-10-15 04:00:00,7.2,0.1624068
2023-10-15 05:00:00,7.1,0.1646797
2023-10-15 06:00:00,7.2,0.1625972
2023-10-15 07:00:00,6.5,0.1809946
2023-10-15 08:00:00,6.9,0.1848502
2023-10-15 09:00:00,7.9,0.192371
2023-10-15 10:00:00,8.2,0.1616333
2023-10-15 11:00:00,8.7,0.1556476
2023-10-15 12:00:00,9.0,0.1554929
2023-10-15 13:00:00,9.1,0.15441
2023-10-15 14:00:00,9.4,0.1535056
2023-10-15 15:00:00,10.2,0.1553263
2023-10-15 16:00:00,9.6,0.1568376
2023-10-15 17:00:00,9.0,0.251752
2023-10-15 18:00:00,7.1,0.322081
2023-10-15 19:00:00,6.9,0.3162262
2023-10-15 20:00:00,6.5,0.3129894
2023-10-15 21:00:00,6.2,0.2924857
2023-10-15 22:00:00,6.2,0.2947824
2023-10-15 23:00:00,6.0,0.2689832
2023-10-16 00:00:00,5.7,0.2789078
2023-10-16 01:00:00,5.4,0.2710657
2023-10-16 02:00:00,5.4,0.2726603
2023-10-16 03:00:00,5.4,0.2705897
2023-10-16 04:00:00,5.0,0.2679717
2023-10-16 05:00:00,5.0,0.2725413
2023-10-16 06:00:00,5.4,0.3216764
2023-10-16 07:00:00,5.4,0.3452503
2023-10-16 08:00:00,6.0,0.3528068
2023-10-16 09:00:00,7.3,0.3394431
2023-10-16 10:00:00,8.4,0.3007324
2023-10-16 11:00:00,9.2,0.2946158
2023-10-16 12:00:00,9.8,0.2910101
2023-10-16 13:00:00,9.7,0.2820375
2023-10-16 14:00:00,11.3,0.2858931
2023-10-16 15:00:00,10.1,0.2945325
2023-10-16 16:00:00,9.7,0.3209624
2023-10-16 17:00:00,9.3,0.3541277
2023-10-16 18:00:00,8.8,0.4067614
2023-10-16 19:00:00,8.1,0.4412
2023-10-16 20:00:00,6.2,0.3459286
2023-10-16 21:00:00,6.0,0.3281619
2023-10-16 22:00:00,6.2,0.316488
2023-10-16 23:00:00,5.2,0.2974718
2023-10-17 00:00:00,4.9,0.3074202
2023-10-17 01:00:00,4.6,0.2913076
2023-10-17 02:00:00,3.9,0.2845722
2023-10-17 03:00:00,3.4,0.281145
2023-10-17 04:00:00,2.2,0.2871783
2023-10-17 05:00:00,1.3,0.3007324
2023-10-17 06:00:00,0.8,0.3343975
2023-10-17 07:00:00,0.8,0.35195
2023-10-17 08:00:00,1.7,0.3829852
2023-10-17 09:00:00,3.4,0.345286
2023-10-17 10:00:00,4.9,0.3162262
2023-10-17 11:00:00,6.2,0.2908673
2023-10-17 12:00:00,6.7,0.2852029
2023-10-17 13:00:00,7.1,0.2746952
2023-10-17 14:00:00,8.2,0.272696
2023-10-17 15:00:00,8.0,0.2840605
2023-10-17 16:00:00,8.8,0.3084198
2023-10-17 17:00:00,8.1,0.3378128
2023-10-17 18:00:00,6.7,0.3530448
2023-10-17 19:00:00,4.5,0.3512955
2023-10-17 20:00:00,3.2,0.3102643
2023-10-17 21:00:00,3.2,0.313751
2023-10-17 22:00:00,3.8,0.3055757
2023-10-17 23:00:00,3.5,0.2798598
2023-10-18 00:00:00,2.8,0.2622002
2023-10-18 01:00:00,2.0,0.2615814
2023-10-18 02:00:00,2.0,0.2607484
2023-10-18 03:00:00,1.9,0.2620812
2023-10-18 04:00:00,1.6,0.2650681
2023-10-18 05:00:00,1.1,0.2716964
2023-10-18 06:00:00,0.7,0.31506
2023-10-18 07:00:00,0.0,0.3542229
2023-10-18 08:00:00,2.2,0.3449765999999999
2023-10-18 09:00:00,4.0,0.3024579
2023-10-18 10:00:00,5.8,0.2627238
2023-10-18 11:00:00,7.7,0.2471348
2023-10-18 12:00:00,9.1,0.2390071
2023-10-18 13:00:00,10.3,0.23176
2023-10-18 14:00:00,10.7,0.2407921
2023-10-18 15:00:00,10.8,0.2627833
2023-10-18 16:00:00,10.5,0.2926404
2023-10-18 17:00:00,9.8,0.3115852
2023-10-18 18:00:00,9.2,0.2871426
2023-10-18 19:00:00,8.7,0.282811
2023-10-18 20:00:00,8.2,0.2708039
2023-10-18 21:00:00,8.2,0.2582851
2023-10-18 22:00:00,8.0,0.2463137
2023-10-18 23:00:00,8.1,0.2121012
2023-10-19 00:00:00,8.3,0.1864091
2023-10-19 01:00:00,7.6,0.1739855
2023-10-19 02:00:00,7.2,0.167619
2023-10-19 03:00:00,6.8,0.1652985
2023-10-19 04:00:00,6.9,0.1758419
2023-10-19 05:00:00,6.8,0.2066272
2023-10-19 06:00:00,6.9,0.2604033
2023-10-19 07:00:00,6.9,0.2838582
2023-10-19 08:00:00,7.0,0.3032909
2023-10-19 09:00:00,7.1,0.30673
2023-10-19 10:00:00,7.4,0.3016725
2023-10-19 11:00:00,7.9,0.3039216
2023-10-19 12:00:00,8.2,0.3041715
2023-10-19 13:00:00,8.3,0.2985309
2023-10-19 14:00:00,8.5,0.2979002
2023-10-19 15:00:00,8.0,0.3027078
2023-10-19 16:00:00,7.8,0.3139176
2023-10-19 17:00:00,7.5,0.319463
2023-10-19 18:00:00,7.3,0.3208553
2023-10-19 19:00:00,7.2,0.3199033
2023-10-19 20:00:00,7.1,0.2945801
2023-10-19 21:00:00,7.2,0.2683525
2023-10-19 22:00:00,7.3,0.27103
2023-10-19 23:00:00,7.3,0.255084
2023-10-20 00:00:00,7.3,0.2479321
2023-10-20 01:00:00,7.3,0.2313911
2023-10-20 02:00:00,7.2,0.216528
2023-10-20 03:00:00,7.2,0.1975713
2023-10-20 04:00:00,7.0,0.1830295
2023-10-20 05:00:00,7.0,0.2052825
2023-10-20 06:00:00,6.8,0.2468611
2023-10-20 07:00:00,6.7,0.2842628
2023-10-20 08:00:00,6.9,0.2977336
2023-10-20 09:00:00,7.0,0.3040644
2023-10-20 10:00:00,6.8,0.2927118
2023-10-20 11:00:00,6.7,0.2855004
2023-10-20 12:00:00,6.6,0.2754925
2023-10-20 13:00:00,6.4,0.2671744
2023-10-20 14:00:00,6.2,0.2660439
2023-10-20 15:00:00,6.2,0.2690189
2023-10-20 16:00:00,6.1,0.2734457
2023-10-20 17:00:00,6.1,0.284715
2023-10-20 18:00:00,6.2,0.2954726
2023-10-20 19:00:00,6.5,0.2987451
2023-10-20 20:00:00,6.8,0.2769086
2023-10-20 21:00:00,7.2,0.2542034
2023-10-20 22:00:00,7.4,0.2490269
2023-10-20 23:00:00,7.8,0.2227636
2023-10-21 00:00:00,8.2,0.218789
2023-10-21 01:00:00,8.2,0.1999513
2023-10-21 02:00:00,8.3,0.2028906
2023-10-21 03:00:00,8.3,0.1960005
2023-10-21 04:00:00,8.4,0.1998085
2023-10-21 05:00:00,8.5,0.1974166
2023-10-21 06:00:00,8.8,0.207603
2023-10-21 07:00:00,9.1,0.2349373
2023-10-21 08:00:00,9.6,0.2447905
2023-10-21 09:00:00,10.3,0.2254649
2023-10-21 10:00:00,11.0,0.2089477
2023-10-21 11:00:00,13.5,0.192609
2023-10-21 12:00:00,15.4,0.180352
2023-10-21 13:00:00,16.2,0.1675
2023-10-21 14:00:00,16.7,0.1713199
2023-10-21 15:00:00,16.8,0.1889557
2023-10-21 16:00:00,15.6,0.2559765
2023-10-21 17:00:00,15.2,0.2921763
2023-10-21 18:00:00,13.7,0.308396
2023-10-21 19:00:00,13.2,0.2921168
2023-10-21 20:00:00,12.7,0.2629499
2023-10-21 21:00:00,12.6,0.2191341
2023-10-21 22:00:00,11.8,0.2143027
2023-10-21 23:00:00,10.6,0.2033785
2023-10-22 00:00:00,10.7,0.2024503
2023-10-22 01:00:00,11.1,0.1917284
2023-10-22 02:00:00,11.0,0.1777459
2023-10-22 03:00:00,10.7,0.1741997
2023-10-22 04:00:00,10.9,0.1774365
2023-10-22 05:00:00,10.6,0.1964408
2023-10-22 06:00:00,11.0,0.1916094
2023-10-22 07:00:00,10.6,0.224858
2023-10-22 08:00:00,10.7,0.220455
2023-10-22 09:00:00,12.0,0.2303677
2023-10-22 10:00:00,12.8,0.2169802
2023-10-22 11:00:00,13.5,0.2134221
2023-10-22 12:00:00,14.2,0.2091381
2023-10-22 13:00:00,14.3,0.1903361
2023-10-22 14:00:00,14.6,0.1935134
2023-10-22 15:00:00,14.6,0.2166351
2023-10-22 16:00:00,14.5,0.2476108
2023-10-22 17:00:00,12.8,0.3053377
2023-10-22 18:00:00,12.4,0.3165951
2023-10-22 19:00:00,12.7,0.3210338
2023-10-22 20:00:00,12.1,0.3055995
2023-10-22 21:00:00,10.9,0.2894393
2023-10-22 22:00:00,9.7,0.2771942
2023-10-22 23:00:00,9.6,0.2706254
2023-10-23 00:00:00,9.6,0.2739574
2023-10-23 01:00:00,8.9,0.2746714
2023-10-23 02:00:00,8.7,0.2761232
2023-10-23 03:00:00,9.9,0.2747309
2023-10-23 04:00:00,10.5,0.2730887
2023-10-23 05:00:00,10.7,0.2810379
2023-10-23 06:00:00,10.7,0.325651
2023-10-23 07:00:00,10.3,0.366825
2023-10-23 08:00:00,9.2,0.3916841
2023-10-23 09:00:00,11.1,0.3360635
2023-10-23 10:00:00,11.8,0.3080033
2023-10-23 11:00:00,12.4,0.2853457
2023-10-23 12:00:00,14.1,0.2772894
2023-10-23 13:00:00,14.5,0.2784318
2023-10-23 14:00:00,14.5,0.28293
2023-10-23 15:00:00,15.0,0.3087768
2023-10-23 16:00:00,13.8,0.3206173
2023-10-23 17:00:00,12.4,0.3400143
2023-10-23 18:00:00,10.9,0.3521761
2023-10-23 19:00:00,10.7,0.341121
2023-10-23 20:00:00,10.9,0.3071227
2023-10-23 21:00:00,11.1,0.2793838
2023-10-23 22:00:00,11.2,0.2840605
2023-10-23 23:00:00,11.2,0.2659844
2023-10-24 00:00:00,11.7,0.2761827
2023-10-24 01:00:00,11.5,0.2712799
2023-10-24 02:00:00,11.3,0.2681026
2023-10-24 03:00:00,11.3,0.2620574
2023-10-24 04:00:00,11.3,0.2630213
2023-10-24 05:00:00,11.1,0.268412
2023-10-24 06:00:00,11.1,0.2765635
2023-10-24 07:00:00,11.2,0.2985428
2023-10-24 08:00:00,11.4,0.3111568
2023-10-24 09:00:00,12.3,0.3178565
2023-10-24 10:00:00,13.1,0.3083603
2023-10-24 11:00:00,13.5,0.30435
2023-10-24 12:00:00,13.9,0.2971981
2023-10-24 13:00:00,13.8,0.2895226
2023-10-24 14:00:00,13.8,0.292926
2023-10-24 15:00:00,13.6,0.3128823
2023-10-24 16:00:00,13.4,0.3093004
2023-10-24 17:00:00,12.9,0.3222
2023-10-24 18:00:00,12.4,0.3339453
2023-10-24 19:00:00,11.8,0.3389433
2023-10-24 20:00:00,11.3,0.3144055
2023-10-24 21:00:00,10.6,0.2975789
2023-10-24 22:00:00,9.2,0.291379
2023-10-24 23:00:00,9.3,0.2779082
2023-10-25 00:00:00,9.2,0.2734933
2023-10-25 01:00:00,9.1,0.2681264
2023-10-25 02:00:00,8.9,0.2620217
2023-10-25 03:00:00,9.0,0.2580114
2023-10-25 04:00:00,9.3,0.2633426
2023-10-25 05:00:00,9.3,0.2710181
2023-10-25 06:00:00,8.9,0.304945
2023-10-25 07:00:00,8.2,0.3342904
2023-10-25 08:00:00,7.9,0.3375153
2023-10-25 09:00:00,9.5,0.3227831
2023-10-25 10:00:00,10.9,0.3103238
2023-10-25 11:00:00,11.4,0.3043381
2023-10-25 12:00:00,12.1,0.2952822
2023-10-25 13:00:00,12.6,0.2931878
2023-10-25 14:00:00,12.0,0.3037193
2023-10-25 15:00:00,12.2,0.3199747
2023-10-25 16:00:00,12.0,0.3311369
2023-10-25 17:00:00,10.9,0.3385386999999999
2023-10-25 18:00:00,11.8,0.3395978
2023-10-25 19:00:00,10.7,0.3432749
2023-10-25 20:00:00,10.5,0.3187252
2023-10-25 21:00:00,10.5,0.3026245
2023-10-25 22:00:00,10.3,0.2984714
2023-10-25 23:00:00,10.1,0.289832
2023-10-26 00:00:00,10.1,0.2620812
2023-10-26 01:00:00,10.1,0.2625929
2023-10-26 02:00:00,10.0,0.2597131
2023-10-26 03:00:00,10.0,0.2591776
2023-10-26 04:00:00,9.8,0.2626048
2023-10-26 05:00:00,9.6,0.2746
2023-10-26 06:00:00,9.5,0.2949252
2023-10-26 07:00:00,9.3,0.3146554
2023-10-26 08:00:00,9.3,0.3267815
2023-10-26 09:00:00,9.4,0.33291
2023-10-26 10:00:00,9.6,0.3297803
2023-10-26 11:00:00,9.9,0.3222
2023-10-26 12:00:00,9.9,0.3116209
2023-10-26 13:00:00,9.9,0.2985071
2023-10-26 14:00:00,9.9,0.297924
2023-10-26 15:00:00,10.0,0.2984119
2023-10-26 16:00:00,10.0,0.3116566
2023-10-26 17:00:00,9.9,0.3256629
2023-10-26 18:00:00,9.8,0.3352305
2023-10-26 19:00:00,9.8,0.3352781
2023-10-26 20:00:00,9.8,0.3111568
2023-10-26 21:00:00,9.8,0.2972814
2023-10-26 22:00:00,9.6,0.2949014
2023-10-26 23:00:00,9.4,0.2803715
2023-10-27 00:00:00,9.3,0.2800264
2023-10-27 01:00:00,8.6,0.2714227
2023-10-27 02:00:00,8.0,0.2687809
2023-10-27 03:00:00,7.3,0.26865
2023-10-27 04:00:00,6.9,0.2735885
2023-10-27 05:00:00,7.2,0.2800502
2023-10-27 06:00:00,7.5,0.3015059
2023-10-27 07:00:00,7.7,0.3261032
2023-10-27 08:00:00,8.0,0.3395145
2023-10-27 09:00:00,8.6,0.337313
2023-10-27 10:00:00,9.3,0.3283761
2023-10-27 11:00:00,9.8,0.3201651
2023-10-27 12:00:00,10.0,0.3012441
2023-10-27 13:00:00,9.8,0.286262
2023-10-27 14:00:00,9.9,0.2764683
2023-10-27 15:00:00,9.8,0.2837392
2023-10-27 16:00:00,9.9,0.3060279
2023-10-27 17:00:00,9.8,0.3083484
2023-10-27 18:00:00,9.5,0.3219858
2023-10-27 19:00:00,9.6,0.3228426
2023-10-27 20:00:00,9.6,0.2994591
2023-10-27 21:00:00,9.6,0.2746595
2023-10-27 22:00:00,9.6,0.2708396
2023-10-27 23:00:00,9.5,0.267103
2023-10-28 00:00:00,9.5,0.256274
2023-10-28 01:00:00,9.5,0.2372459
2023-10-28 02:00:00,9.5,0.2324621
2023-10-28 03:00:00,9.5,0.22105
2023-10-28 04:00:00,9.6,0.2276069
2023-10-28 05:00:00,9.5,0.2377219
2023-10-28 06:00:00,9.7,0.2346993
2023-10-28 07:00:00,9.8,0.250681
2023-10-28 08:00:00,9.8,0.2635211
2023-10-28 09:00:00,10.0,0.262105
2023-10-28 10:00:00,10.3,0.2591419
2023-10-28 11:00:00,10.7,0.2386501
2023-10-28 12:00:00,11.7,0.2387334
2023-10-28 13:00:00,12.9,0.236401
2023-10-28 14:00:00,11.9,0.2435529
2023-10-28 15:00:00,12.0,0.25913
2023-10-28 16:00:00,12.6,0.2889038
2023-10-28 17:00:00,11.4,0.321962
2023-10-28 18:00:00,10.6,0.3328624
2023-10-28 19:00:00,10.2,0.2970077
2023-10-28 20:00:00,9.7,0.2631165
2023-10-28 21:00:00,9.7,0.2549769
2023-10-28 22:00:00,9.4,0.2454212
2023-10-28 23:00:00,9.6,0.2121012
2023-10-29 00:00:00,10.7,0.1723195
2023-10-29 01:00:00,10.7,0.1567424
2023-10-29 02:00:00,10.9,0.1556119
2023-10-29 03:00:00,11.5,0.1553144
2023-10-29 04:00:00,12.4,0.1552668
2023-10-29 05:00:00,13.2,0.1551359
2023-10-29 06:00:00,13.5,0.1551716
2023-10-29 07:00:00,13.5,0.1555167
2023-10-29 08:00:00,13.6,0.1556119
2023-10-29 09:00:00,14.0,0.1556
2023-10-29 10:00:00,15.3,0.1553501
2023-10-29 11:00:00,16.1,0.1555048
2023-10-29 12:00:00,15.9,0.1555643
2023-10-29 13:00:00,15.8,0.1563259
2023-10-29 14:00:00,15.4,0.1675357
2023-10-29 15:00:00,15.4,0.2032357
2023-10-29 16:00:00,14.6,0.2471348
2023-10-29 17:00:00,14.2,0.255441
2023-10-29 18:00:00,14.1,0.2472062
2023-10-29 19:00:00,14.0,0.2357703
2023-10-29 20:00:00,13.5,0.2295704
2023-10-29 21:00:00,13.9,0.2198838
2023-10-29 22:00:00,14.0,0.2174086
2023-10-29 23:00:00,13.6,0.2013079
2023-10-30 00:00:00,12.9,0.16512
2023-10-30 01:00:00,12.5,0.1653223
2023-10-30 02:00:00,12.2,0.1655484
2023-10-30 03:00:00,12.2,0.1675238
2023-10-30 04:00:00,11.9,0.1731882
2023-10-30 05:00:00,11.6,0.1855404
2023-10-30 06:00:00,11.5,0.2511451
2023-10-30 07:00:00,11.5,0.2816328999999999
2023-10-30 08:00:00,11.9,0.28769
2023-10-30 09:00:00,12.7,0.27817
2023-10-30 10:00:00,14.2,0.2627
2023-10-30 11:00:00,14.8,0.2700423
2023-10-30 12:00:00,15.7,0.2776226
2023-10-30 13:00:00,15.4,0.2919978
2023-10-30 14:00:00,15.4,0.3031362
2023-10-30 15:00:00,14.7,0.3215455
2023-10-30 16:00:00,13.7,0.3280667
2023-10-30 17:00:00,13.6,0.3529496
2023-10-30 18:00:00,13.6,0.35909
2023-10-30 19:00:00,12.6,0.335409
2023-10-30 20:00:00,12.5,0.3091338
2023-10-30 21:00:00,12.0,0.2951513
2023-10-30 22:00:00,11.8,0.2903794
2023-10-30 23:00:00,11.6,0.269126
2023-10-31 00:00:00,11.8,0.2579995
2023-10-31 01:00:00,11.9,0.249848
2023-10-31 02:00:00,12.3,0.2412324
2023-10-31 03:00:00,12.4,0.232712
2023-10-31 04:00:00,12.5,0.2293443
2023-10-31 05:00:00,11.2,0.2386263
2023-10-31 06:00:00,10.5,0.2608912
2023-10-31 07:00:00,10.6,0.2833941
2023-10-31 08:00:00,10.6,0.2841438
2023-10-31 09:00:00,10.8,0.275195
2023-10-31 10:00:00,10.4,0.26627
2023-10-31 11:00:00,10.8,0.2769205
2023-10-31 12:00:00,11.5,0.2763731
2023-10-31 13:00:00,11.7,0.2719463
2023-10-31 14:00:00,11.9,0.2805143
2023-10-31 15:00:00,11.2,0.2954369
2023-10-31 16:00:00,10.6,0.3163809
2023-10-31 17:00:00,9.3,0.3481539
2023-10-31 18:00:00,9.2,0.3603276
2023-10-31 19:00:00,8.9,0.3375748
2023-10-31 20:00:00,8.5,0.3053972
2023-10-31 21:00:00,8.4,0.2935448
2023-10-31 22:00:00,8.4,0.2804548
2023-10-31 23:00:00,8.6,0.2690903
2023-11-01 00:00:00,8.5,0.2333903
2023-11-01 01:00:00,8.6,0.2336402
2023-11-01 02:00:00,9.1,0.2279401
2023-11-01 03:00:00,9.8,0.2278806
2023-11-01 04:00:00,9.8,0.2257386
2023-11-01 05:00:00,10.0,0.2341876
2023-11-01 06:00:00,10.2,0.2495743
2023-11-01 07:00:00,10.4,0.2574164
2023-11-01 08:00:00,10.7,0.2600463
2023-11-01 09:00:00,11.0,0.2379837
2023-11-01 10:00:00,11.3,0.22581
2023-11-01 11:00:00,12.9,0.216766
2023-11-01 12:00:00,13.6,0.2122916
2023-11-01 13:00:00,14.1,0.2174681
2023-11-01 14:00:00,14.5,0.2318433
2023-11-01 15:00:00,14.1,0.2515735
2023-11-01 16:00:00,13.7,0.2495743
2023-11-01 17:00:00,13.2,0.2566905
2023-11-01 18:00:00,13.3,0.250205
2023-11-01 19:00:00,13.2,0.2348183
2023-11-01 20:00:00,12.9,0.2188485
2023-11-01 21:00:00,12.6,0.2026169
2023-11-01 22:00:00,12.9,0.1962623
2023-11-01 23:00:00,12.2,0.1779244
2023-11-02 00:00:00,11.8,0.181066
2023-11-02 01:00:00,11.1,0.1757943
2023-11-02 02:00:00,10.6,0.1739022
2023-11-02 03:00:00,10.5,0.1715579
2023-11-02 04:00:00,10.0,0.1728431
2023-11-02 05:00:00,9.5,0.1823988
2023-11-02 06:00:00,10.3,0.2383883
2023-11-02 07:00:00,10.9,0.2448619
2023-11-02 08:00:00,10.9,0.2488008
2023-11-02 09:00:00,12.5,0.2379004
2023-11-02 10:00:00,12.4,0.2270952
2023-11-02 11:00:00,12.9,0.2287017
2023-11-02 12:00:00,13.5,0.227476
2023-11-02 13:00:00,13.5,0.2262384
2023-11-02 14:00:00,13.7,0.238305
2023-11-02 15:00:00,14.1,0.2461352
2023-11-02 16:00:00,13.9,0.2501217
2023-11-02 17:00:00,13.4,0.2594394
2023-11-02 18:00:00,13.2,0.2721605
2023-11-02 19:00:00,12.8,0.2672696
2023-11-02 20:00:00,12.2,0.2600344
2023-11-02 21:00:00,12.4,0.2459805
2023-11-02 22:00:00,11.9,0.2416013
2023-11-02 23:00:00,11.5,0.2234776
2023-11-03 00:00:00,10.9,0.1736523
2023-11-03 01:00:00,10.2,0.1692493
2023-11-03 02:00:00,9.6,0.1675
2023-11-03 03:00:00,9.3,0.1624187
2023-11-03 04:00:00,8.8,0.1671787
2023-11-03 05:00:00,8.8,0.183684
2023-11-03 06:00:00,8.5,0.2288802
2023-11-03 07:00:00,9.6,0.262462
2023-11-03 08:00:00,9.8,0.2686738
2023-11-03 09:00:00,10.5,0.2622121
2023-11-03 10:00:00,11.5,0.2541201
2023-11-03 11:00:00,11.2,0.2405184
2023-11-03 12:00:00,11.4,0.2289873
2023-11-03 13:00:00,11.7,0.2278449
2023-11-03 14:00:00,11.6,0.2326168
2023-11-03 15:00:00,11.4,0.2377338
2023-11-03 16:00:00,10.5,0.2531205
2023-11-03 17:00:00,9.8,0.26032
2023-11-03 18:00:00,9.2,0.2618075
2023-11-03 19:00:00,9.3,0.2605937
2023-11-03 20:00:00,8.9,0.2377933
2023-11-03 21:00:00,8.7,0.2188247
2023-11-03 22:00:00,8.2,0.2097807
2023-11-03 23:00:00,7.6,0.1801497
2023-11-04 00:00:00,6.9,0.2100068
2023-11-04 01:00:00,6.5,0.1937514
2023-11-04 02:00:00,6.3,0.1913
2023-11-04 03:00:00,6.1,0.1817919
2023-11-04 04:00:00,5.9,0.1784361
2023-11-04 05:00:00,6.6,0.173926
2023-11-04 06:00:00,6.3,0.1747947
2023-11-04 07:00:00,6.9,0.1854452
2023-11-04 08:00:00,7.8,0.1863615
2023-11-04 09:00:00,9.0,0.1794
2023-11-04 10:00:00,10.2,0.1722005
2023-11-04 11:00:00,10.0,0.173688
2023-11-04 12:00:00,10.7,0.1794
2023-11-04 13:00:00,10.3,0.1807566
2023-11-04 14:00:00,10.1,0.1922401
2023-11-04 15:00:00,10.2,0.2064011
2023-11-04 16:00:00,9.6,0.2032
2023-11-04 17:00:00,8.7,0.2136244
2023-11-04 18:00:00,8.5,0.2032
2023-11-04 19:00:00,9.0,0.1908359
2023-11-04 20:00:00,8.9,0.1708558
2023-11-04 21:00:00,8.8,0.167976
2023-11-04 22:00:00,9.2,0.1695587
2023-11-04 23:00:00,9.0,0.1639895
2023-11-05 00:00:00,8.9,0.1659649
2023-11-05 01:00:00,8.8,0.1634421
2023-11-05 02:00:00,9.7,0.1617642
2023-11-05 03:00:00,10.1,0.1591462
2023-11-05 04:00:00,9.7,0.1606456
2023-11-05 05:00:00,9.7,0.1651081
2023-11-05 06:00:00,9.5,0.1642751
2023-11-05 07:00:00,9.2,0.1690351
2023-11-05 08:00:00,9.6,0.1741402
2023-11-05 09:00:00,10.5,0.1841838
2023-11-05 10:00:00,11.2,0.2120893
2023-11-05 11:00:00,12.2,0.2132674
2023-11-05 12:00:00,13.2,0.2082932
2023-11-05 13:00:00,12.7,0.190943
2023-11-05 14:00:00,12.4,0.2009985
2023-11-05 15:00:00,11.2,0.2236442
2023-11-05 16:00:00,10.5,0.2306771
2023-11-05 17:00:00,10.5,0.2447905
2023-11-05 18:00:00,10.4,0.2420773
2023-11-05 19:00:00,10.5,0.2260123
2023-11-05 20:00:00,10.5,0.2109112
2023-11-05 21:00:00,10.5,0.1804115
2023-11-05 22:00:00,9.7,0.1744496
2023-11-05 23:00:00,9.9,0.1623949
2023-11-06 00:00:00,10.2,0.1588844
2023-11-06 01:00:00,9.8,0.1557309
2023-11-06 02:00:00,9.7,0.1556357
2023-11-06 03:00:00,10.2,0.1557666
2023-11-06 04:00:00,9.9,0.160717
2023-11-06 05:00:00,9.8,0.1757467
2023-11-06 06:00:00,10.1,0.2419583
2023-11-06 07:00:00,10.1,0.2693164
2023-11-06 08:00:00,10.1,0.2697567
2023-11-06 09:00:00,10.7,0.2447667
2023-11-06 10:00:00,10.8,0.2271666
2023-11-06 11:00:00,11.6,0.2225851
2023-11-06 12:00:00,12.6,0.2246795
2023-11-06 13:00:00,12.2,0.2353062
2023-11-06 14:00:00,12.8,0.2511451
2023-11-06 15:00:00,11.9,0.2746952
2023-11-06 16:00:00,10.6,0.2890823
2023-11-06 17:00:00,10.6,0.3194272999999999
2023-11-06 18:00:00,10.9,0.3352186
2023-11-06 19:00:00,9.8,0.3216288
2023-11-06 20:00:00,9.4,0.2878328
2023-11-06 21:00:00,9.0,0.2813473
2023-11-06 22:00:00,8.8,0.2735052
2023-11-06 23:00:00,9.2,0.2600106
2023-11-07 00:00:00,9.1,0.249491
2023-11-07 01:00:00,8.7,0.246397
2023-11-07 02:00:00,9.1,0.239852
2023-11-07 03:00:00,9.3,0.2365319
2023-11-07 04:00:00,9.2,0.2391975
2023-11-07 05:00:00,9.4,0.2547865
2023-11-07 06:00:00,10.1,0.2761232
2023-11-07 07:00:00,9.8,0.3137391
2023-11-07 08:00:00,10.2,0.3174995
2023-11-07 09:00:00,10.8,0.2923667
2023-11-07 10:00:00,11.1,0.2739455
2023-11-07 11:00:00,11.4,0.2615457
2023-11-07 12:00:00,11.9,0.2581899
2023-11-07 13:00:00,10.8,0.2612601
2023-11-07 14:00:00,10.0,0.2716131
2023-11-07 15:00:00,10.0,0.2842033
2023-11-07 16:00:00,8.9,0.289951
2023-11-07 17:00:00,9.1,0.3184396
2023-11-07 18:00:00,8.5,0.3333622
2023-11-07 19:00:00,8.2,0.3131798
2023-11-07 20:00:00,7.7,0.2802168
2023-11-07 21:00:00,7.4,0.2662462
2023-11-07 22:00:00,8.2,0.2611411
2023-11-07 23:00:00,8.0,0.2438623
2023-11-08 00:00:00,8.6,0.239614
2023-11-08 01:00:00,9.0,0.2439218
2023-11-08 02:00:00,8.7,0.2350087
2023-11-08 03:00:00,8.6,0.2293562
2023-11-08 04:00:00,8.5,0.2350444
2023-11-08 05:00:00,8.4,0.2448619
2023-11-08 06:00:00,8.4,0.256155
2023-11-08 07:00:00,8.8,0.2836678
2023-11-08 08:00:00,9.0,0.2882493
2023-11-08 09:00:00,9.4,0.2669483
2023-11-08 10:00:00,9.8,0.2564644
2023-11-08 11:00:00,9.9,0.2494315
2023-11-08 12:00:00,10.9,0.2456949
2023-11-08 13:00:00,11.2,0.2461352
2023-11-08 14:00:00,11.4,0.2545485
2023-11-08 15:00:00,11.1,0.2810498
2023-11-08 16:00:00,10.4,0.2946039
2023-11-08 17:00:00,10.3,0.2972576
2023-11-08 18:00:00,10.2,0.3068371
2023-11-08 19:00:00,10.3,0.2995305
2023-11-08 20:00:00,10.0,0.2859169
2023-11-08 21:00:00,9.9,0.2660915
2023-11-08 22:00:00,8.9,0.2543581
2023-11-08 23:00:00,9.4,0.236163
2023-11-09 00:00:00,9.4,0.2411967
2023-11-09 01:00:00,9.1,0.2369127
2023-11-09 02:00:00,8.9,0.2389476
2023-11-09 03:00:00,9.1,0.242232
2023-11-09 04:00:00,9.1,0.2441836
2023-11-09 05:00:00,9.2,0.2551197
2023-11-09 06:00:00,9.3,0.2860359
2023-11-09 07:00:00,9.5,0.2984714
2023-11-09 08:00:00,9.5,0.2998518
2023-11-09 09:00:00,10.1,0.2861310999999999
2023-11-09 10:00:00,9.8,0.2746952
2023-11-09 11:00:00,9.8,0.26865
2023-11-09 12:00:00,9.6,0.2628904
2023-11-09 13:00:00,10.2,0.2654608
2023-11-09 14:00:00,10.1,0.2753259
2023-11-09 15:00:00,9.7,0.2943659
2023-11-09 16:00:00,9.3,0.3067419
2023-11-09 17:00:00,9.2,0.312442
2023-11-09 18:00:00,9.0,0.3086102
2023-11-09 19:00:00,8.8,0.2890228
2023-11-09 20:00:00,8.7,0.2698519
2023-11-09 21:00:00,9.0,0.2541082
2023-11-09 22:00:00,8.9,0.2556076
2023-11-09 23:00:00,9.3,0.2440884
2023-11-10 00:00:00,7.6,0.231879
2023-11-10 01:00:00,7.7,0.2266787
2023-11-10 02:00:00,7.7,0.2195506
2023-11-10 03:00:00,7.1,0.2131484
2023-11-10 04:00:00,7.2,0.2151
2023-11-10 05:00:00,7.3,0.2350682
2023-11-10 06:00:00,7.0,0.2557742
2023-11-10 07:00:00,7.1,0.2825254
2023-11-10 08:00:00,7.7,0.29007
2023-11-10 09:00:00,7.9,0.2846912
2023-11-10 10:00:00,8.5,0.2716369
2023-11-10 11:00:00,9.0,0.2626048
2023-11-10 12:00:00,9.5,0.2565358
2023-11-10 13:00:00,10.4,0.2591062
2023-11-10 14:00:00,9.9,0.2697805
2023-11-10 15:00:00,9.9,0.2888562
2023-11-10 16:00:00,9.4,0.30435
2023-11-10 17:00:00,9.1,0.317559
2023-11-10 18:00:00,8.8,0.316369
2023-11-10 19:00:00,8.5,0.3026602
2023-11-10 20:00:00,8.1,0.2899867
2023-11-10 21:00:00,7.8,0.280669
2023-11-10 22:00:00,8.0,0.2793243
2023-11-10 23:00:00,7.7,0.266508
2023-11-11 00:00:00,7.8,0.259487
2023-11-11 01:00:00,7.6,0.2578091
2023-11-11 02:00:00,7.3,0.2577972
2023-11-11 03:00:00,6.7,0.2546199
2023-11-11 04:00:00,6.7,0.2540249
2023-11-11 05:00:00,6.3,0.2572736
2023-11-11 06:00:00,5.8,0.258297
2023-11-11 07:00:00,6.1,0.26032
2023-11-11 08:00:00,6.6,0.26508
2023-11-11 09:00:00,6.6,0.2685191
2023-11-11 10:00:00,6.8,0.2642232
2023-11-11 11:00:00,7.2,0.2629618
2023-11-11 12:00:00,7.1,0.2602486
2023-11-11 13:00:00,6.4,0.260082
2023-11-11 14:00:00,5.9,0.264485
2023-11-11 15:00:00,5.9,0.2780153
2023-11-11 16:00:00,6.1,0.2933068
2023-11-11 17:00:00,6.2,0.3078962
2023-11-11 18:00:00,5.9,0.3171544
2023-11-11 19:00:00,6.7,0.3037193
2023-11-11 20:00:00,6.8,0.2906769
2023-11-11 21:00:00,6.9,0.2776702
2023-11-11 22:00:00,6.8,0.2655322
2023-11-11 23:00:00,6.7,0.2596179
2023-11-12 00:00:00,6.6,0.2621526
2023-11-12 01:00:00,6.6,0.2571784
2023-11-12 02:00:00,6.2,0.2570475
2023-11-12 03:00:00,6.1,0.2547865
2023-11-12 04:00:00,6.2,0.2557147
2023-11-12 05:00:00,5.7,0.2589872
2023-11-12 06:00:00,5.6,0.2582256
2023-11-12 07:00:00,5.7,0.2586659
2023-11-12 08:00:00,6.1,0.2598678
2023-11-12 09:00:00,6.6,0.2624025
2023-11-12 10:00:00,7.1,0.2610459
2023-11-12 11:00:00,7.5,0.2587373
2023-11-12 12:00:00,8.1,0.2604271
2023-11-12 13:00:00,8.3,0.2615338
2023-11-12 14:00:00,8.3,0.2671625
2023-11-12 15:00:00,8.2,0.2859288
2023-11-12 16:00:00,7.8,0.3029339
2023-11-12 17:00:00,7.0,0.3201413
2023-11-12 18:00:00,6.3,0.3122515999999999
2023-11-12 19:00:00,5.9,0.3048379
2023-11-12 20:00:00,5.9,0.294592
2023-11-12 21:00:00,6.3,0.2833227
2023-11-12 22:00:00,5.8,0.2747666
2023-11-12 23:00:00,5.7,0.2603438
2023-11-13 00:00:00,5.0,0.2641994
2023-11-13 01:00:00,3.5,0.2589158
2023-11-13 02:00:00,3.3,0.25913
2023-11-13 03:00:00,3.1,0.2594275
2023-11-13 04:00:00,3.5,0.2618313
2023-11-13 05:00:00,3.0,0.2665794
2023-11-13 06:00:00,3.1,0.303755
2023-11-13 07:00:00,3.5,0.3246871
2023-11-13 08:00:00,4.3,0.3362301
2023-11-13 09:00:00,5.2,0.3139295
2023-11-13 10:00:00,7.0,0.3005182
2023-11-13 11:00:00,6.2,0.3019819
2023-11-13 12:00:00,6.5,0.2999946
2023-11-13 13:00:00,6.9,0.2905103
2023-11-13 14:00:00,7.1,0.2703636
2023-11-13 15:00:00,7.3,0.2594989
2023-11-13 16:00:00,8.0,0.2522042
2023-11-13 17:00:00,9.0,0.2535013
2023-11-13 18:00:00,9.7,0.2576187
2023-11-13 19:00:00,12.6,0.2523113
2023-11-13 20:00:00,12.6,0.2447786
2023-11-13 21:00:00,11.9,0.2286184
2023-11-13 22:00:00,12.1,0.2163733
2023-11-13 23:00:00,11.6,0.167619
2023-11-14 00:00:00,11.4,0.1675833
2023-11-14 01:00:00,11.7,0.1568495
2023-11-14 02:00:00,11.8,0.1555881
2023-11-14 03:00:00,11.7,0.1555048
2023-11-14 04:00:00,11.4,0.1555524
2023-11-14 05:00:00,11.2,0.1568376
2023-11-14 06:00:00,10.6,0.211054
2023-11-14 07:00:00,11.5,0.2471229
2023-11-14 08:00:00,11.7,0.2533823
2023-11-14 09:00:00,11.4,0.2482534
2023-11-14 10:00:00,11.7,0.2420178
2023-11-14 11:00:00,12.1,0.2422558
2023-11-14 12:00:00,12.6,0.2449214
2023-11-14 13:00:00,12.7,0.2449571
2023-11-14 14:00:00,12.2,0.2520019
2023-11-14 15:00:00,12.4,0.2627714
2023-11-14 16:00:00,12.1,0.263652
2023-11-14 17:00:00,11.8,0.2955559
2023-11-14 18:00:00,11.6,0.2981739
2023-11-14 19:00:00,11.3,0.2947824
2023-11-14 20:00:00,10.1,0.2751117
2023-11-14 21:00:00,9.7,0.2623906
2023-11-14 22:00:00,9.6,0.2616409
2023-11-14 23:00:00,9.4,0.257345
2023-11-15 00:00:00,9.3,0.252109
2023-11-15 01:00:00,9.4,0.2465398
2023-11-15 02:00:00,9.2,0.242351
2023-11-15 03:00:00,8.3,0.2397211
2023-11-15 04:00:00,7.8,0.2441955
2023-11-15 05:00:00,7.4,0.2535132
2023-11-15 06:00:00,7.4,0.2782652
2023-11-15 07:00:00,7.4,0.3021961
2023-11-15 08:00:00,7.9,0.3086221
2023-11-15 09:00:00,8.5,0.2999351
2023-11-15 10:00:00,9.0,0.2898082
2023-11-15 11:00:00,9.8,0.2744096
2023-11-15 12:00:00,9.6,0.2714584
2023-11-15 13:00:00,9.3,0.2758971
2023-11-15 14:00:00,9.7,0.2820613
2023-11-15 15:00:00,9.7,0.2998399
2023-11-15 16:00:00,8.7,0.3019224
2023-11-15 17:00:00,7.6,0.3077296
2023-11-15 18:00:00,8.2,0.310181
2023-11-15 19:00:00,8.4,0.2996852
2023-11-15 20:00:00,8.7,0.286619
2023-11-15 21:00:00,8.8,0.271625
2023-11-15 22:00:00,9.1,0.2646754
2023-11-15 23:00:00,9.2,0.2558099
2023-11-16 00:00:00,9.1,0.2572974
2023-11-16 01:00:00,9.0,0.2546675
2023-11-16 02:00:00,8.7,0.2449928
2023-11-16 03:00:00,8.6,0.2437314
2023-11-16 04:00:00,8.7,0.252109
2023-11-16 05:00:00,7.9,0.2591657
2023-11-16 06:00:00,7.6,0.2746714
2023-11-16 07:00:00,6.6,0.306611
2023-11-16 08:00:00,6.3,0.3102881
2023-11-16 09:00:00,7.1,0.3086221
2023-11-16 10:00:00,7.6,0.298519
2023-11-16 11:00:00,7.5,0.2943778
2023-11-16 12:00:00,7.4,0.3015297
2023-11-16 13:00:00,7.7,0.3122515999999999
2023-11-16 14:00:00,7.3,0.3303158
2023-11-16 15:00:00,6.2,0.344215
2023-11-16 16:00:00,4.4,0.3439056
2023-11-16 17:00:00,3.1,0.3726441
2023-11-16 18:00:00,2.4,0.3248894
2023-11-16 19:00:00,1.6,0.3046237
2023-11-16 20:00:00,2.3,0.2998042
2023-11-16 21:00:00,1.5,0.29245
2023-11-16 22:00:00,0.8,0.286738
2023-11-16 23:00:00,1.8,0.2756115
2023-11-17 00:00:00,1.5,0.28174
2023-11-17 01:00:00,1.0,0.2746
2023-11-17 02:00:00,1.1,0.2694235
2023-11-17 03:00:00,1.5,0.2659844
2023-11-17 04:00:00,1.7,0.269483
2023-11-17 05:00:00,2.2,0.278408
2023-11-17 06:00:00,2.9,0.2976265
2023-11-17 07:00:00,2.9,0.3115257
2023-11-17 08:00:00,3.5,0.3244848
2023-11-17 09:00:00,4.4,0.3159525
2023-11-17 10:00:00,4.9,0.3078129
2023-11-17 11:00:00,5.9,0.3045642
2023-11-17 12:00:00,7.2,0.297805
2023-11-17 13:00:00,7.1,0.28888
2023-11-17 14:00:00,7.3,0.3030529
2023-11-17 15:00:00,7.0,0.3102881
2023-11-17 16:00:00,6.5,0.3194035
2023-11-17 17:00:00,6.4,0.3297208
2023-11-17 18:00:00,6.3,0.333624
2023-11-17 19:00:00,4.7,0.32339
2023-11-17 20:00:00,4.6,0.3084079
2023-11-17 21:00:00,4.3,0.2987927
2023-11-17 22:00:00,4.5,0.2961866
2023-11-17 23:00:00,4.3,0.2887372
2023-11-18 00:00:00,2.4,0.2871664
2023-11-18 01:00:00,1.7,0.2714822
2023-11-18 02:00:00,0.4,0.2634259
2023-11-18 03:00:00,3.1,0.2578924
2023-11-18 04:00:00,3.8,0.2537512
2023-11-18 05:00:00,4.0,0.2537512
2023-11-18 06:00:00,4.3,0.2581661
2023-11-18 07:00:00,3.5,0.2651752
2023-11-18 08:00:00,4.1,0.2748499
2023-11-18 09:00:00,4.8,0.2714584
2023-11-18 10:00:00,5.6,0.2699352
2023-11-18 11:00:00,6.6,0.268888
2023-11-18 12:00:00,6.8,0.268293
2023-11-18 13:00:00,6.9,0.2686262
2023-11-18 14:00:00,6.8,0.2711014
2023-11-18 15:00:00,6.7,0.2717559
2023-11-18 16:00:00,6.0,0.2698162
2023-11-18 17:00:00,5.5,0.2806333
2023-11-18 18:00:00,5.6,0.2833346
2023-11-18 19:00:00,5.8,0.2641756
2023-11-18 20:00:00,5.6,0.254489
2023-11-18 21:00:00,5.8,0.2483962
2023-11-18 22:00:00,5.5,0.2433744
2023-11-18 23:00:00,5.6,0.2247509
2023-11-19 00:00:00,5.9,0.1783647
2023-11-19 01:00:00,6.9,0.1623473
2023-11-19 02:00:00,7.9,0.160479
2023-11-19 03:00:00,8.5,0.1557547
2023-11-19 04:00:00,9.5,0.1556833
2023-11-19 05:00:00,9.9,0.1557071
2023-11-19 06:00:00,11.8,0.1583727
2023-11-19 07:00:00,11.9,0.1622521
2023-11-19 08:00:00,11.9,0.1728431
2023-11-19 09:00:00,11.8,0.1779958
2023-11-19 10:00:00,12.4,0.1705821
2023-11-19 11:00:00,12.4,0.1706654
2023-11-19 12:00:00,12.5,0.1694873
2023-11-19 13:00:00,12.0,0.15679
2023-11-19 14:00:00,11.9,0.1741045
2023-11-19 15:00:00,11.6,0.2356989
2023-11-19 16:00:00,10.5,0.2519662
2023-11-19 17:00:00,10.6,0.2686738
2023-11-19 18:00:00,10.3,0.2800145
2023-11-19 19:00:00,10.5,0.2791458
2023-11-19 20:00:00,10.5,0.2610935
2023-11-19 21:00:00,10.5,0.2560122
2023-11-19 22:00:00,10.4,0.2603795
2023-11-19 23:00:00,10.3,0.2508595
2023-11-20 00:00:00,10.5,0.236877
2023-11-20 01:00:00,10.8,0.2301892
2023-11-20 02:00:00,11.1,0.2268929
2023-11-20 03:00:00,11.1,0.2270357
2023-11-20 04:00:00,11.0,0.2326644
2023-11-20 05:00:00,10.9,0.2513117
2023-11-20 06:00:00,10.8,0.2778725
2023-11-20 07:00:00,10.6,0.3080271
2023-11-20 08:00:00,10.7,0.3063373
2023-11-20 09:00:00,10.5,0.2965436
2023-11-20 10:00:00,10.4,0.2890942
2023-11-20 11:00:00,10.8,0.28174
2023-11-20 12:00:00,10.3,0.27817
2023-11-20 13:00:00,10.4,0.2912005
2023-11-20 14:00:00,10.6,0.2988165
2023-11-20 15:00:00,10.6,0.3088125
2023-11-20 16:00:00,10.2,0.3221167
2023-11-20 17:00:00,10.0,0.33053
2023-11-20 18:00:00,9.9,0.3221762
2023-11-20 19:00:00,9.5,0.3103833
2023-11-20 20:00:00,9.0,0.2984476
2023-11-20 21:00:00,8.4,0.2829419
2023-11-20 22:00:00,8.1,0.2841795
2023-11-20 23:00:00,7.8,0.2718154
2023-11-21 00:00:00,7.8,0.2778725
2023-11-21 01:00:00,7.6,0.272458
2023-11-21 02:00:00,7.5,0.2699828
2023-11-21 03:00:00,7.5,0.2640923
2023-11-21 04:00:00,7.5,0.2698876
2023-11-21 05:00:00,7.6,0.2759209
2023-11-21 06:00:00,7.6,0.2985785
2023-11-21 07:00:00,7.1,0.3175352
2023-11-21 08:00:00,6.4,0.3252821
2023-11-21 09:00:00,6.5,0.3188561
2023-11-21 10:00:00,6.6,0.31625
2023-11-21 11:00:00,6.7,0.316131
2023-11-21 12:00:00,6.7,0.3219501
2023-11-21 13:00:00,6.8,0.3219382
2023-11-21 14:00:00,6.6,0.3202603
2023-11-21 15:00:00,5.8,0.3226046
2023-11-21 16:00:00,5.5,0.3268648
2023-11-21 17:00:00,5.5,0.3304943
2023-11-21 18:00:00,5.4,0.3246752
2023-11-21 19:00:00,5.3,0.3130965
2023-11-21 20:00:00,4.5,0.3041001
2023-11-21 21:00:00,3.8,0.2871188
2023-11-21 22:00:00,3.6,0.2875829
2023-11-21 23:00:00,1.8,0.2722676
2023-11-22 00:00:00,1.4,0.27222
2023-11-22 01:00:00,0.6,0.2686619
2023-11-22 02:00:00,-0.1,0.2686619
2023-11-22 03:00:00,-0.2,0.26508
2023-11-22 04:00:00,0.4,0.2656631
2023-11-22 05:00:00,-0.3,0.2684953
2023-11-22 06:00:00,-0.9,0.2986023
2023-11-22 07:00:00,-0.7,0.3230687
2023-11-22 08:00:00,-0.9,0.3360516
2023-11-22 09:00:00,0.3,0.3118827
2023-11-22 10:00:00,1.2,0.2924857
2023-11-22 11:00:00,2.1,0.2789197
2023-11-22 12:00:00,2.4,0.2694711
2023-11-22 13:00:00,2.4,0.2775036
2023-11-22 14:00:00,2.1,0.2936281
2023-11-22 15:00:00,1.8,0.2982096
2023-11-22 16:00:00,2.1,0.30673
2023-11-22 17:00:00,2.3,0.313751
2023-11-22 18:00:00,2.3,0.3101691
2023-11-22 19:00:00,2.7,0.2969244
2023-11-22 20:00:00,3.5,0.2810498
2023-11-22 21:00:00,3.8,0.2623073
2023-11-22 22:00:00,4.6,0.2629499
2023-11-22 23:00:00,5.5,0.2446001
2023-11-23 00:00:00,6.1,0.2329143
2023-11-23 01:00:00,6.1,0.2103995
2023-11-23 02:00:00,6.0,0.2045328
2023-11-23 03:00:00,6.5,0.1914547
2023-11-23 04:00:00,6.9,0.1796142
2023-11-23 05:00:00,7.5,0.1943464
2023-11-23 06:00:00,7.9,0.2515378
2023-11-23 07:00:00,8.2,0.2912124
2023-11-23 08:00:00,8.7,0.2982453
2023-11-23 09:00:00,9.4,0.2627
2023-11-23 10:00:00,10.0,0.254251
2023-11-23 11:00:00,10.7,0.2434339
2023-11-23 12:00:00,11.4,0.2346993
2023-11-23 13:00:00,11.5,0.2388167
2023-11-23 14:00:00,11.6,0.2388643
2023-11-23 15:00:00,11.5,0.2430888
2023-11-23 16:00:00,10.9,0.2431721
2023-11-23 17:00:00,10.8,0.247944
2023-11-23 18:00:00,10.7,0.2433149
2023-11-23 19:00:00,10.3,0.2396497
2023-11-23 20:00:00,9.1,0.216171
2023-11-23 21:00:00,8.5,0.1891342
2023-11-23 22:00:00,8.4,0.1781624
2023-11-23 23:00:00,7.0,0.167262
2023-11-24 00:00:00,6.7,0.1573612
2023-11-24 01:00:00,6.3,0.155719
2023-11-24 02:00:00,5.8,0.1557428
2023-11-24 03:00:00,5.8,0.1560046
2023-11-24 04:00:00,5.5,0.1574445
2023-11-24 05:00:00,4.9,0.1932159
2023-11-24 06:00:00,4.4,0.2395307
2023-11-24 07:00:00,4.6,0.2677932
2023-11-24 08:00:00,4.6,0.2896892
2023-11-24 09:00:00,4.6,0.2674481
2023-11-24 10:00:00,4.9,0.2590705
2023-11-24 11:00:00,5.1,0.2501098
2023-11-24 12:00:00,5.5,0.2464327
2023-11-24 13:00:00,4.3,0.2406255
2023-11-24 14:00:00,4.7,0.2453022
2023-11-24 15:00:00,4.1,0.2476703
2023-11-24 16:00:00,3.4,0.2570356
2023-11-24 17:00:00,3.6,0.2638543
2023-11-24 18:00:00,3.4,0.2629975
2023-11-24 19:00:00,2.4,0.2582137
2023-11-24 20:00:00,2.1,0.252585
2023-11-24 21:00:00,2.1,0.2445406
2023-11-24 22:00:00,1.1,0.2478964
2023-11-24 23:00:00,0.7,0.2422796
2023-11-25 00:00:00,-0.1,0.2485032999999999
2023-11-25 01:00:00,-0.4,0.2436957
2023-11-25 02:00:00,0.3,0.2413633
2023-11-25 03:00:00,0.6,0.2408159
2023-11-25 04:00:00,1.1,0.2388881
2023-11-25 05:00:00,1.6,0.2438861
2023-11-25 06:00:00,2.1,0.2505739
2023-11-25 07:00:00,2.2,0.2592252
2023-11-25 08:00:00,2.3,0.2678051
2023-11-25 09:00:00,3.0,0.2647705999999999
2023-11-25 10:00:00,3.0,0.2617123
2023-11-25 11:00:00,3.6,0.2592014
2023-11-25 12:00:00,4.6,0.2565358
2023-11-25 13:00:00,5.2,0.2544533
2023-11-25 14:00:00,4.9,0.2628071
2023-11-25 15:00:00,3.9,0.2694354
2023-11-25 16:00:00,1.9,0.2923429
2023-11-25 17:00:00,1.8,0.3032789999999999
2023-11-25 18:00:00,1.7,0.306849
2023-11-25 19:00:00,1.5,0.306968
2023-11-25 20:00:00,0.6,0.2997447
2023-11-25 21:00:00,-0.6,0.2922477
2023-11-25 22:00:00,-1.1,0.292807
2023-11-25 23:00:00,-1.1,0.27817
2023-11-26 00:00:00,-1.5,0.287809
2023-11-26 01:00:00,-1.2,0.2814663
2023-11-26 02:00:00,-2.5,0.2777773
2023-11-26 03:00:00,-1.9,0.2747309
2023-11-26 04:00:00,-3.0,0.271268
2023-11-26 05:00:00,-2.0,0.271982
2023-11-26 06:00:00,-3.5,0.2743977
2023-11-26 07:00:00,-2.2,0.2806095
2023-11-26 08:00:00,-0.5,0.2897011
2023-11-26 09:00:00,0.2,0.295187
2023-11-26 10:00:00,1.1,0.2927951
2023-11-26 11:00:00,2.5,0.292093
2023-11-26 12:00:00,3.1,0.2905103
2023-11-26 13:00:00,3.6,0.2865238
2023-11-26 14:00:00,3.9,0.292569
2023-11-26 15:00:00,4.0,0.3022794
2023-11-26 16:00:00,4.2,0.3152385
2023-11-26 17:00:00,4.6,0.3267339
2023-11-26 18:00:00,4.7,0.3337073
2023-11-26 19:00:00,4.5,0.3266982
2023-11-26 20:00:00,4.6,0.3173329
2023-11-26 21:00:00,4.5,0.3012679
2023-11-26 22:00:00,4.6,0.2971981
2023-11-26 23:00:00,4.7,0.2775036
2023-11-27 00:00:00,4.6,0.2737194
2023-11-27 01:00:00,4.3,0.2675671
2023-11-27 02:00:00,4.3,0.262581
2023-11-27 03:00:00,4.2,0.2612958
2023-11-27 04:00:00,4.1,0.2602129
2023-11-27 05:00:00,4.2,0.2675671
2023-11-27 06:00:00,4.2,0.3007919
2023-11-27 07:00:00,3.9,0.3209148
2023-11-27 08:00:00,4.2,0.3281381
2023-11-27 09:00:00,4.4,0.3214979
2023-11-27 10:00:00,4.3,0.31982
2023-11-27 11:00:00,4.1,0.3185586
2023-11-27 12:00:00,3.4,0.3150243
2023-11-27 13:00:00,2.9,0.3134772999999999
2023-11-27 14:00:00,2.4,0.3103
2023-11-27 15:00:00,2.1,0.2998399
2023-11-27 16:00:00,2.1,0.2934734
2023-11-27 17:00:00,1.2,0.3037907
2023-11-27 18:00:00,0.5,0.3022318
2023-11-27 19:00:00,0.6,0.2949728
2023-11-27 20:00:00,0.4,0.2753259
2023-11-27 21:00:00,0.3,0.2680074
2023-11-27 22:00:00,0.0,0.268888
2023-11-27 23:00:00,0.1,0.2568214
2023-11-28 00:00:00,0.0,0.2481106
2023-11-28 01:00:00,-0.1,0.2394831
2023-11-28 02:00:00,-0.2,0.2358893
2023-11-28 03:00:00,-0.3,0.232355
2023-11-28 04:00:00,-0.6,0.2368651
2023-11-28 05:00:00,-0.9,0.2508714
2023-11-28 06:00:00,-1.4,0.2619146
2023-11-28 07:00:00,-1.9,0.2941398
2023-11-28 08:00:00,-2.2,0.3067657
2023-11-28 09:00:00,-1.3,0.3199152
2023-11-28 10:00:00,-1.0,0.321367
2023-11-28 11:00:00,-0.9,0.320415
2023-11-28 12:00:00,-0.4,0.316964
2023-11-28 13:00:00,-0.3,0.3194868
2023-11-28 14:00:00,-0.2,0.3270076
2023-11-28 15:00:00,-0.8,0.3341
2023-11-28 16:00:00,-0.8,0.3507719
2023-11-28 17:00:00,-1.1,0.3816762
2023-11-28 18:00:00,-1.7,0.36623
2023-11-28 19:00:00,-1.5,0.346238
2023-11-28 20:00:00,-1.9,0.3211528
2023-11-28 21:00:00,-2.0,0.3048855
2023-11-28 22:00:00,-1.7,0.2946396
2023-11-28 23:00:00,-1.4,0.2857979
2023-11-29 00:00:00,-1.0,0.2727317
2023-11-29 01:00:00,-1.3,0.2688523
2023-11-29 02:00:00,-0.7,0.2651157
2023-11-29 03:00:00,-0.5,0.2577972
2023-11-29 04:00:00,-0.3,0.2566429
2023-11-29 05:00:00,-0.1,0.269483
2023-11-29 06:00:00,-0.6,0.2779796
2023-11-29 07:00:00,-0.3,0.3133821
2023-11-29 08:00:00,-0.1,0.3333027
2023-11-29 09:00:00,0.3,0.3252345
2023-11-29 10:00:00,0.3,0.3147268
2023-11-29 11:00:00,0.4,0.3103
2023-11-29 12:00:00,0.6,0.3080271
2023-11-29 13:00:00,0.7,0.3128942
2023-11-29 14:00:00,0.3,0.3297565
2023-11-29 15:00:00,0.1,0.35552
2023-11-29 16:00:00,0.1,0.3936
2023-11-29 17:00:00,-0.3,0.4531
2023-11-29 18:00:00,-0.9,0.4531
2023-11-29 19:00:00,-0.8,0.3936
2023-11-29 20:00:00,-1.5,0.34719
2023-11-29 21:00:00,-1.9,0.3210218999999999
2023-11-29 22:00:00,-2.4,0.308515
2023-11-29 23:00:00,-2.2,0.2915813
2023-11-30 00:00:00,-2.0,0.2803001
2023-11-30 01:00:00,-1.3,0.2799788
2023-11-30 02:00:00,-0.9,0.277218
2023-11-30 03:00:00,-1.2,0.2746
2023-11-30 04:00:00,-0.7,0.2765397
2023-11-30 05:00:00,-0.8,0.282097
2023-11-30 06:00:00,-2.3,0.3095979
2023-11-30 07:00:00,-1.4,0.3556271
2023-11-30 08:00:00,-1.3,0.4165313
2023-11-30 09:00:00,-0.6,0.4377847
2023-11-30 10:00:00,-1.1,0.420375
2023-11-30 11:00:00,-0.5,0.4213746
2023-11-30 12:00:00,0.0,0.3878999
2023-11-30 13:00:00,0.1,0.3814739
2023-11-30 14:00:00,0.1,0.38765
2023-11-30 15:00:00,-0.3,0.38765
2023-11-30 16:00:00,-0.5,0.42454
2023-11-30 17:00:00,-0.4,0.46619
2023-11-30 18:00:00,-0.6,0.4523146
2023-11-30 19:00:00,-0.8,0.3870431
2023-11-30 20:00:00,-1.1,0.3387767
2023-11-30 21:00:00,-1.2,0.3135368
2023-11-30 22:00:00,-1.2,0.3040168
2023-11-30 23:00:00,-1.6,0.2910101
2023-12-01 00:00:00,-1.9,0.2828229
2023-12-01 01:00:00,-2.0,0.2777297
2023-12-01 02:00:00,-2.1,0.273529
2023-12-01 03:00:00,-2.4,0.2696972
2023-12-01 04:00:00,-2.9,0.2699233
2023-12-01 05:00:00,-2.8,0.2773489
2023-12-01 06:00:00,-2.9,0.2984357
2023-12-01 07:00:00,-2.9,0.3366109
2023-12-01 08:00:00,-3.0,0.3977174
2023-12-01 09:00:00,-3.0,0.4205297
2023-12-01 10:00:00,-3.4,0.4118903
2023-12-01 11:00:00,-2.9,0.4096888
2023-12-01 12:00:00,-2.5,0.3901371
2023-12-01 13:00:00,-2.2,0.3640761
2023-12-01 14:00:00,-2.4,0.3630408
2023-12-01 15:00:00,-2.4,0.375036
2023-12-01 16:00:00,-2.4,0.3936595
2023-12-01 17:00:00,-2.4,0.4301211
2023-12-01 18:00:00,-2.2,0.3926004
2023-12-01 19:00:00,-3.4,0.3561864
2023-12-01 20:00:00,-2.9,0.3250203
2023-12-01 21:00:00,-2.6,0.3045047
2023-12-01 22:00:00,-2.7,0.296496
2023-12-01 23:00:00,-3.0,0.2842747
2023-12-02 00:00:00,-3.1,0.2808118
2023-12-02 01:00:00,-3.2,0.2778011
2023-12-02 02:00:00,-3.3,0.2760875
2023-12-02 03:00:00,-3.3,0.2732791
2023-12-02 04:00:00,-3.0,0.2721724
2023-12-02 05:00:00,-2.8,0.2720177
2023-12-02 06:00:00,-3.0,0.2733267
2023-12-02 07:00:00,-2.9,0.2804072
2023-12-02 08:00:00,-2.7,0.2988046
2023-12-02 09:00:00,-2.4,0.3079081
2023-12-02 10:00:00,-2.0,0.3111925
2023-12-02 11:00:00,-1.6,0.3069918
2023-12-02 12:00:00,-1.3,0.3002802
2023-12-02 13:00:00,-1.1,0.2919502
2023-12-02 14:00:00,-1.0,0.2966388
2023-12-02 15:00:00,-1.1,0.302565
2023-12-02 16:00:00,-1.3,0.3100501
2023-12-02 17:00:00,-1.3,0.3270076
2023-12-02 18:00:00,-1.2,0.3281024
2023-12-02 19:00:00,-1.1,0.3097764
2023-12-02 20:00:00,-2.2,0.3013987999999999
2023-12-02 21:00:00,-2.4,0.2922477
2023-12-02 22:00:00,-2.6,0.2863572
2023-12-02 23:00:00,-3.0,0.2817519
2023-12-03 00:00:00,-3.2,0.284477
2023-12-03 01:00:00,-2.8,0.2777892
2023-12-03 02:00:00,-2.3,0.2744572
2023-12-03 03:00:00,-2.2,0.2729578
2023-12-03 04:00:00,-2.0,0.2681978
2023-12-03 05:00:00,-1.9,0.2647468
2023-12-03 06:00:00,-1.7,0.2613434
2023-12-03 07:00:00,-1.5,0.2652347
2023-12-03 08:00:00,-1.4,0.2710538
2023-12-03 09:00:00,-1.2,0.2747785
2023-12-03 10:00:00,-0.5,0.2805024
2023-12-03 11:00:00,-0.3,0.2806333
2023-12-03 12:00:00,0.0,0.2780629
2023-12-03 13:00:00,0.7,0.2746
2023-12-03 14:00:00,0.8,0.2813592
2023-12-03 15:00:00,0.6,0.29245
2023-12-03 16:00:00,0.2,0.301018
2023-12-03 17:00:00,-0.3,0.307801
2023-12-03 18:00:00,-2.6,0.3091695
2023-12-03 19:00:00,-1.7,0.3056233
2023-12-03 20:00:00,-2.2,0.2892727
2023-12-03 21:00:00,-2.2,0.2746
2023-12-03 22:00:00,-2.9,0.2735171
2023-12-03 23:00:00,-2.7,0.26151
2023-12-04 00:00:00,-2.3,0.2672934
2023-12-04 01:00:00,-1.9,0.2624739
2023-12-04 02:00:00,-1.8,0.2603438
2023-12-04 03:00:00,-1.0,0.2572022
2023-12-04 04:00:00,-1.0,0.2577377
2023-12-04 05:00:00,-1.0,0.2651276
2023-12-04 06:00:00,-1.4,0.279479
2023-12-04 07:00:00,-1.2,0.2960914
2023-12-04 08:00:00,-0.7,0.3021604
2023-12-04 09:00:00,-0.5,0.3056828
2023-12-04 10:00:00,0.7,0.3079438
2023-12-04 11:00:00,0.9,0.311133
2023-12-04 12:00:00,1.2,0.3060755
2023-12-04 13:00:00,1.0,0.3119898
2023-12-04 14:00:00,1.1,0.3066943
2023-12-04 15:00:00,1.3,0.3041596
2023-12-04 16:00:00,0.8,0.3011013
2023-12-04 17:00:00,0.1,0.3076225
2023-12-04 18:00:00,-0.1,0.3039097
2023-12-04 19:00:00,0.0,0.2995543
2023-12-04 20:00:00,-0.1,0.2918312
2023-12-04 21:00:00,-0.3,0.2812044999999999
2023-12-04 22:00:00,-0.9,0.2746
2023-12-04 23:00:00,-1.0,0.2647944
2023-12-05 00:00:00,-0.8,0.2637115
2023-12-05 01:00:00,-0.7,0.2603319
2023-12-05 02:00:00,-0.7,0.2576187
2023-12-05 03:00:00,-0.5,0.2551078
2023-12-05 04:00:00,-0.7,0.2564049
2023-12-05 05:00:00,-0.7,0.2639138
2023-12-05 06:00:00,-0.7,0.28412
2023-12-05 07:00:00,-0.7,0.2916408
2023-12-05 08:00:00,-0.6,0.3011132
2023-12-05 09:00:00,-0.3,0.3018272
2023-12-05 10:00:00,0.1,0.2990545
2023-12-05 11:00:00,0.4,0.2999113
2023-12-05 12:00:00,0.7,0.2964246
2023-12-05 13:00:00,1.0,0.2966507
2023-12-05 14:00:00,1.0,0.3070394
2023-12-05 15:00:00,1.0,0.3014821
2023-12-05 16:00:00,1.0,0.3093956
2023-12-05 17:00:00,1.2,0.329221
2023-12-05 18:00:00,1.2,0.3310893
2023-12-05 19:00:00,1.1,0.3240564
2023-12-05 20:00:00,1.1,0.3086697
2023-12-05 21:00:00,1.5,0.2958177
2023-12-05 22:00:00,1.2,0.2883445
2023-12-05 23:00:00,1.3,0.2785032
2023-12-06 00:00:00,1.5,0.2686143
2023-12-06 01:00:00,1.4,0.266389
2023-12-06 02:00:00,1.6,0.2657583
2023-12-06 03:00:00,1.3,0.2638424
2023-12-06 04:00:00,1.0,0.2634021
2023-12-06 05:00:00,0.6,0.2673291
2023-12-06 06:00:00,0.4,0.2828586
2023-12-06 07:00:00,0.2,0.3148934
2023-12-06 08:00:00,0.2,0.35433
2023-12-06 09:00:00,0.4,0.3537826
2023-12-06 10:00:00,0.2,0.3341
2023-12-06 11:00:00,0.2,0.3296851
2023-12-06 12:00:00,0.1,0.329459
2023-12-06 13:00:00,0.2,0.3234257
2023-12-06 14:00:00,0.5,0.322795
2023-12-06 15:00:00,0.7,0.3269481
2023-12-06 16:00:00,1.0,0.35076
2023-12-06 17:00:00,0.8,0.3675033
2023-12-06 18:00:00,1.1,0.3522832
2023-12-06 19:00:00,1.3,0.3340167
2023-12-06 20:00:00,1.7,0.3101929
2023-12-06 21:00:00,1.8,0.2932592
2023-12-06 22:00:00,1.9,0.2833227
2023-12-06 23:00:00,1.8,0.2751236
2023-12-07 00:00:00,1.9,0.273648
2023-12-07 01:00:00,2.2,0.2720415
2023-12-07 02:00:00,2.3,0.2708634
2023-12-07 03:00:00,2.2,0.2648539
2023-12-07 04:00:00,2.2,0.2626048
2023-12-07 05:00:00,2.2,0.2680907
2023-12-07 06:00:00,2.5,0.2943302
2023-12-07 07:00:00,2.5,0.3117518
2023-12-07 08:00:00,2.5,0.3341
2023-12-07 09:00:00,2.9,0.319463
2023-12-07 10:00:00,3.2,0.3154884
2023-12-07 11:00:00,3.5,0.3200223
2023-12-07 12:00:00,3.9,0.3198081
2023-12-07 13:00:00,4.1,0.3202365
2023-12-07 14:00:00,4.1,0.3199152
2023-12-07 15:00:00,3.8,0.3198438
2023-12-07 16:00:00,2.5,0.3149053
2023-12-07 17:00:00,1.8,0.3086221
2023-12-07 18:00:00,1.0,0.2988165
2023-12-07 19:00:00,0.8,0.2795266
2023-12-07 20:00:00,0.6,0.2750284
2023-12-07 21:00:00,0.1,0.27103
2023-12-07 22:00:00,0.2,0.2703398
2023-12-07 23:00:00,-0.6,0.2592252
2023-12-08 00:00:00,-0.7,0.2592371
2023-12-08 01:00:00,-0.6,0.2546794
2023-12-08 02:00:00,-0.7,0.2525017
2023-12-08 03:00:00,-0.7,0.2502288
2023-12-08 04:00:00,-0.2,0.2508
2023-12-08 05:00:00,0.2,0.2591776
2023-12-08 06:00:00,0.2,0.2742311
2023-12-08 07:00:00,0.5,0.2832751
2023-12-08 08:00:00,0.3,0.2896535
2023-12-08 09:00:00,0.2,0.2966388
2023-12-08 10:00:00,0.0,0.2969125
2023-12-08 11:00:00,0.1,0.2960438
2023-12-08 12:00:00,0.4,0.2944254
2023-12-08 13:00:00,0.7,0.2886182
2023-12-08 14:00:00,0.7,0.2902009
2023-12-08 15:00:00,0.9,0.2964127
2023-12-08 16:00:00,1.0,0.2924262
2023-12-08 17:00:00,1.5,0.2960081
2023-12-08 18:00:00,1.8,0.296734
2023-12-08 19:00:00,2.2,0.2812164
2023-12-08 20:00:00,2.6,0.2800978
2023-12-08 21:00:00,3.7,0.2759328
2023-12-08 22:00:00,4.4,0.2766468
2023-12-08 23:00:00,4.7,0.2633902
2023-12-09 00:00:00,4.9,0.26865
2023-12-09 01:00:00,5.0,0.256869
2023-12-09 02:00:00,5.0,0.2501931
2023-12-09 03:00:00,4.6,0.2425533
2023-12-09 04:00:00,4.8,0.2395664
2023-12-09 05:00:00,4.7,0.2424819
2023-12-09 06:00:00,5.0,0.2460876
2023-12-09 07:00:00,4.6,0.253656
2023-12-09 08:00:00,4.1,0.2566667
2023-12-09 09:00:00,4.3,0.2644969
2023-12-09 10:00:00,5.2,0.2639019
2023-12-09 11:00:00,6.1,0.2650086
2023-12-09 12:00:00,7.2,0.267698
2023-12-09 13:00:00,6.6,0.2634973
2023-12-09 14:00:00,6.3,0.2574997
2023-12-09 15:00:00,6.6,0.254965
2023-12-09 16:00:00,6.3,0.2508952
2023-12-09 17:00:00,6.3,0.2496576
2023-12-09 18:00:00,5.9,0.2477417
2023-12-09 19:00:00,6.0,0.2382455
2023-12-09 20:00:00,5.9,0.2323074
2023-12-09 21:00:00,5.6,0.2274879
2023-12-09 22:00:00,5.1,0.2232396
2023-12-09 23:00:00,5.0,0.2105542
2023-12-10 00:00:00,5.7,0.1956911
2023-12-10 01:00:00,8.6,0.1811969
2023-12-10 02:00:00,8.4,0.1713199
2023-12-10 03:00:00,8.0,0.1627281
2023-12-10 04:00:00,8.2,0.1675
2023-12-10 05:00:00,8.0,0.1771271
2023-12-10 06:00:00,8.0,0.1841243
2023-12-10 07:00:00,7.5,0.2054015
2023-12-10 08:00:00,7.4,0.2280234
2023-12-10 09:00:00,7.7,0.2338782
2023-12-10 10:00:00,8.2,0.2357465
2023-12-10 11:00:00,7.6,0.2385192
2023-12-10 12:00:00,7.9,0.235568
2023-12-10 13:00:00,8.1,0.235449
2023-12-10 14:00:00,8.3,0.2385073
2023-12-10 15:00:00,7.9,0.2458496
2023-12-10 16:00:00,8.4,0.251157
2023-12-10 17:00:00,6.9,0.251157
2023-12-10 18:00:00,7.9,0.2572498
2023-12-10 19:00:00,8.4,0.2517044
2023-12-10 20:00:00,8.9,0.2484795
2023-12-10 21:00:00,7.2,0.2473966
2023-12-10 22:00:00,7.0,0.2484438
2023-12-10 23:00:00,8.6,0.2379004
2023-12-11 00:00:00,10.2,0.1965836
2023-12-11 01:00:00,9.9,0.174045
2023-12-11 02:00:00,9.8,0.1707368
2023-12-11 03:00:00,9.8,0.1658578
2023-12-11 04:00:00,9.7,0.1696658
2023-12-11 05:00:00,9.3,0.2008676
2023-12-11 06:00:00,9.3,0.2443621
2023-12-11 07:00:00,8.8,0.2643184
2023-12-11 08:00:00,8.7,0.2721962
2023-12-11 09:00:00,8.8,0.2726127
2023-12-11 10:00:00,9.0,0.2666984
2023-12-11 11:00:00,8.9,0.2635092
2023-12-11 12:00:00,8.9,0.2618789
2023-12-11 13:00:00,8.9,0.2603557
2023-12-11 14:00:00,8.9,0.2656869
2023-12-11 15:00:00,8.8,0.2697448
2023-12-11 16:00:00,8.3,0.2811569
2023-12-11 17:00:00,8.0,0.2960081
2023-12-11 18:00:00,7.6,0.3015416
2023-12-11 19:00:00,7.5,0.3000065
2023-12-11 20:00:00,7.3,0.2912957
2023-12-11 21:00:00,6.7,0.2736956
2023-12-11 22:00:00,6.8,0.2704112
2023-12-11 23:00:00,6.6,0.2589158
2023-12-12 00:00:00,6.4,0.2603795
2023-12-12 01:00:00,6.1,0.2592014
2023-12-12 02:00:00,6.0,0.2574878
2023-12-12 03:00:00,6.0,0.2560598
2023-12-12 04:00:00,4.9,0.2591419
2023-12-12 05:00:00,3.0,0.2615457
2023-12-12 06:00:00,3.1,0.2834179
2023-12-12 07:00:00,3.4,0.2996971
2023-12-12 08:00:00,3.9,0.3297327
2023-12-12 09:00:00,5.5,0.3126086
2023-12-12 10:00:00,6.8,0.3101215
2023-12-12 11:00:00,7.4,0.301851
2023-12-12 12:00:00,8.7,0.3038383
2023-12-12 13:00:00,8.5,0.3069442
2023-12-12 14:00:00,8.3,0.302803
2023-12-12 15:00:00,7.7,0.2985666
2023-12-12 16:00:00,7.3,0.2959367
2023-12-12 17:00:00,7.0,0.2875472
2023-12-12 18:00:00,6.8,0.28055
2023-12-12 19:00:00,7.1,0.2677218
2023-12-12 20:00:00,6.7,0.2652585
2023-12-12 21:00:00,6.7,0.2604866
2023-12-12 22:00:00,6.8,0.2548103
2023-12-12 23:00:00,6.6,0.247825
2023-12-13 00:00:00,6.5,0.2452784
2023-12-13 01:00:00,6.5,0.2424224
2023-12-13 02:00:00,6.3,0.243303
2023-12-13 03:00:00,6.5,0.2406017
2023-12-13 04:00:00,7.1,0.2424938
2023-12-13 05:00:00,7.2,0.2453855
2023-12-13 06:00:00,7.1,0.254489
2023-12-13 07:00:00,7.2,0.2774679
2023-12-13 08:00:00,7.3,0.2732077
2023-12-13 09:00:00,7.7,0.2790387
2023-12-13 10:00:00,8.2,0.274957
2023-12-13 11:00:00,8.3,0.2746
2023-12-13 12:00:00,8.8,0.2718154
2023-12-13 13:00:00,9.3,0.277813
2023-12-13 14:00:00,8.7,0.2798003
2023-12-13 15:00:00,6.9,0.285786
2023-12-13 16:00:00,5.9,0.2817995
2023-12-13 17:00:00,5.6,0.2866785
2023-12-13 18:00:00,5.5,0.2816091
2023-12-13 19:00:00,5.4,0.2774679
2023-12-13 20:00:00,5.2,0.2705302
2023-12-13 21:00:00,5.1,0.2637472
2023-12-13 22:00:00,4.6,0.2654965
2023-12-13 23:00:00,4.0,0.2558575
2023-12-14 00:00:00,3.8,0.2476346
2023-12-14 01:00:00,3.5,0.246397
2023-12-14 02:00:00,3.3,0.2474085
2023-12-14 03:00:00,3.3,0.2474561
2023-12-14 04:00:00,3.2,0.2497766
2023-12-14 05:00:00,3.1,0.2538583
2023-12-14 06:00:00,3.1,0.2727912
2023-12-14 07:00:00,3.2,0.2980073
2023-12-14 08:00:00,3.1,0.3110735
2023-12-14 09:00:00,3.2,0.3043024
2023-12-14 10:00:00,3.6,0.3057185
2023-12-14 11:00:00,3.8,0.3069798999999999
2023-12-14 12:00:00,4.0,0.2978764
2023-12-14 13:00:00,4.3,0.3028625
2023-12-14 14:00:00,4.3,0.3033147
2023-12-14 15:00:00,4.2,0.3111806
2023-12-14 16:00:00,3.7,0.3086102
2023-12-14 17:00:00,3.2,0.3078367
2023-12-14 18:00:00,3.2,0.3057304
2023-12-14 19:00:00,2.8,0.2915813
2023-12-14 20:00:00,3.3,0.2779439
2023-12-14 21:00:00,2.4,0.270078
2023-12-14 22:00:00,2.9,0.2680074
2023-12-14 23:00:00,3.8,0.2574283
2023-12-15 00:00:00,3.5,0.2580947
2023-12-15 01:00:00,2.9,0.2542867
2023-12-15 02:00:00,3.4,0.250919
2023-12-15 03:00:00,3.7,0.2466945
2023-12-15 04:00:00,3.9,0.2450404
2023-12-15 05:00:00,4.2,0.2512879
2023-12-15 06:00:00,4.2,0.2698043
2023-12-15 07:00:00,4.9,0.2828705
2023-12-15 08:00:00,5.3,0.300185
2023-12-15 09:00:00,5.7,0.2953536
2023-12-15 10:00:00,6.3,0.2864643
2023-12-15 11:00:00,6.9,0.2778725
2023-12-15 12:00:00,7.1,0.2676147
2023-12-15 13:00:00,7.7,0.260677
2023-12-15 14:00:00,7.7,0.259011
2023-12-15 15:00:00,7.7,0.2625334
2023-12-15 16:00:00,7.7,0.2723747
2023-12-15 17:00:00,7.6,0.2797527
2023-12-15 18:00:00,7.6,0.2766944
2023-12-15 19:00:00,7.6,0.2664842
2023-12-15 20:00:00,7.4,0.2666984
2023-12-15 21:00:00,7.3,0.2607484
2023-12-15 22:00:00,7.3,0.2588563
2023-12-15 23:00:00,7.0,0.2468849
2023-12-16 00:00:00,6.7,0.235568
2023-12-16 01:00:00,6.3,0.2308199
2023-12-16 02:00:00,6.4,0.2274403
2023-12-16 03:00:00,6.7,0.22462
2023-12-16 04:00:00,6.9,0.219979
2023-12-16 05:00:00,7.2,0.2218116
2023-12-16 06:00:00,7.2,0.2262146
2023-12-16 07:00:00,7.2,0.233069
2023-12-16 08:00:00,6.8,0.2506691
2023-12-16 09:00:00,7.3,0.2551554
2023-12-16 10:00:00,8.0,0.2527516
2023-12-16 11:00:00,8.4,0.2458139
2023-12-16 12:00:00,8.8,0.240566
2023-12-16 13:00:00,8.8,0.2396021
2023-12-16 14:00:00,8.7,0.2451475
2023-12-16 15:00:00,7.8,0.2512165
2023-12-16 16:00:00,7.9,0.2552149
2023-12-16 17:00:00,8.0,0.2598202
2023-12-16 18:00:00,8.1,0.2604628
2023-12-16 19:00:00,8.3,0.2531086
2023-12-16 20:00:00,8.5,0.2447428999999999
2023-12-16 21:00:00,8.7,0.2309746
2023-12-16 22:00:00,8.7,0.2298679
2023-12-16 23:00:00,8.8,0.2188128
2023-12-17 00:00:00,8.9,0.2095546
2023-12-17 01:00:00,9.1,0.206532
2023-12-17 02:00:00,9.0,0.2067224
2023-12-17 03:00:00,9.1,0.1897411
2023-12-17 04:00:00,9.2,0.1869803
2023-12-17 05:00:00,9.2,0.1911453
2023-12-17 06:00:00,9.2,0.2020457
2023-12-17 07:00:00,9.1,0.2095189
2023-12-17 08:00:00,9.0,0.2242273
2023-12-17 09:00:00,9.0,0.2260123
2023-12-17 10:00:00,9.1,0.2203717
2023-12-17 11:00:00,9.1,0.21391
2023-12-17 12:00:00,9.7,0.2076149
2023-12-17 13:00:00,9.2,0.2032476
2023-12-17 14:00:00,8.8,0.2101615
2023-12-17 15:00:00,8.1,0.2231206
2023-12-17 16:00:00,7.1,0.2305581
2023-12-17 17:00:00,6.6,0.2467659
2023-12-17 18:00:00,6.8,0.2432792
2023-12-17 19:00:00,7.1,0.2396973
2023-12-17 20:00:00,7.6,0.2267501
2023-12-17 21:00:00,7.8,0.2257505
2023-12-17 22:00:00,8.0,0.2266787
2023-12-17 23:00:00,7.7,0.2124939
2023-12-18 00:00:00,7.6,0.218551
2023-12-18 01:00:00,7.5,0.2164804
2023-12-18 02:00:00,6.9,0.2148739
2023-12-18 03:00:00,6.5,0.2139457
2023-12-18 04:00:00,6.2,0.2180393
2023-12-18 05:00:00,5.9,0.2295466
2023-12-18 06:00:00,6.0,0.2553339
2023-12-18 07:00:00,6.0,0.2786222
2023-12-18 08:00:00,6.1,0.2855956
2023-12-18 09:00:00,6.2,0.2763374
2023-12-18 10:00:00,6.2,0.2615457
2023-12-18 11:00:00,6.3,0.2521923
2023-12-18 12:00:00,6.5,0.2447191
2023-12-18 13:00:00,6.8,0.244731
2023-12-18 14:00:00,6.5,0.252109
2023-12-18 15:00:00,6.6,0.2616409
2023-12-18 16:00:00,6.8,0.268888
2023-12-18 17:00:00,6.9,0.2796218
2023-12-18 18:00:00,7.0,0.2781819
2023-12-18 19:00:00,7.1,0.2700542
2023-12-18 20:00:00,7.0,0.2483962
2023-12-18 21:00:00,6.4,0.2401971
2023-12-18 22:00:00,6.2,0.2305462
2023-12-18 23:00:00,6.2,0.2211928
2023-12-19 00:00:00,6.2,0.2118751
2023-12-19 01:00:00,6.5,0.2109231
2023-12-19 02:00:00,6.3,0.2092214
2023-12-19 03:00:00,6.3,0.2219068
2023-12-19 04:00:00,6.3,0.2257505
2023-12-19 05:00:00,6.3,0.2329619
2023-12-19 06:00:00,6.2,0.2504311
2023-12-19 07:00:00,6.4,0.2670673
2023-12-19 08:00:00,6.4,0.274719
2023-12-19 09:00:00,6.7,0.2677932
2023-12-19 10:00:00,6.9,0.258059
2023-12-19 11:00:00,7.2,0.2504549
2023-12-19 12:00:00,7.5,0.246635
2023-12-19 13:00:00,7.5,0.2445287
2023-12-19 14:00:00,7.5,0.2515854
2023-12-19 15:00:00,7.4,0.2560598
2023-12-19 16:00:00,7.3,0.2605699
2023-12-19 17:00:00,7.2,0.2648539
2023-12-19 18:00:00,7.2,0.2647705999999999
2023-12-19 19:00:00,7.1,0.263652
2023-12-19 20:00:00,7.0,0.2567738
2023-12-19 21:00:00,7.0,0.2501812
2023-12-19 22:00:00,7.0,0.2456592
2023-12-19 23:00:00,7.0,0.2267977
2023-12-20 00:00:00,6.7,0.2244415
2023-12-20 01:00:00,5.9,0.2156712
2023-12-20 02:00:00,5.7,0.21272
2023-12-20 03:00:00,5.4,0.2031762
2023-12-20 04:00:00,5.4,0.1930969
2023-12-20 05:00:00,5.6,0.2032238
2023-12-20 06:00:00,5.9,0.2111968
2023-12-20 07:00:00,5.8,0.2364724
2023-12-20 08:00:00,5.7,0.2423867
2023-12-20 09:00:00,6.1,0.2395426
2023-12-20 10:00:00,6.6,0.2364367
2023-12-20 11:00:00,6.7,0.2298084
2023-12-20 12:00:00,5.9,0.22938
2023-12-20 13:00:00,5.6,0.2277021
2023-12-20 14:00:00,5.6,0.235092
2023-12-20 15:00:00,6.2,0.2388762
2023-12-20 16:00:00,5.7,0.2430531
2023-12-20 17:00:00,4.5,0.2510856
2023-12-20 18:00:00,4.6,0.2529777
2023-12-20 19:00:00,4.6,0.2529896
2023-12-20 20:00:00,5.6,0.2484081
2023-12-20 21:00:00,7.0,0.2350682
2023-12-20 22:00:00,7.4,0.2286898
2023-12-20 23:00:00,7.6,0.2137672
2023-12-21 00:00:00,7.8,0.1914904
2023-12-21 01:00:00,7.8,0.1854452
2023-12-21 02:00:00,8.0,0.180471
2023-12-21 03:00:00,8.1,0.1597412
2023-12-21 04:00:00,8.2,0.1556833
2023-12-21 05:00:00,8.5,0.1559927
2023-12-21 06:00:00,8.5,0.1839815
2023-12-21 07:00:00,8.6,0.2092928
2023-12-21 08:00:00,9.0,0.2138624
2023-12-21 09:00:00,8.9,0.1999156
2023-12-21 10:00:00,9.2,0.1964051
2023-12-21 11:00:00,9.3,0.1865995
2023-12-21 12:00:00,9.5,0.1835769
2023-12-21 13:00:00,10.0,0.1693564
2023-12-21 14:00:00,5.8,0.1681307
2023-12-21 15:00:00,6.5,0.175592
2023-12-21 16:00:00,7.0,0.1757705
2023-12-21 17:00:00,5.9,0.1973452
2023-12-21 18:00:00,6.4,0.2024146
2023-12-21 19:00:00,5.8,0.2133031
2023-12-21 20:00:00,5.8,0.2043543
2023-12-21 21:00:00,4.6,0.1950485
2023-12-21 22:00:00,4.9,0.1898363
2023-12-21 23:00:00,4.5,0.1627995
2023-12-22 00:00:00,4.7,0.1556119
2023-12-22 01:00:00,4.6,0.155481
2023-12-22 02:00:00,3.8,0.1555167
2023-12-22 03:00:00,3.4,0.1553858
2023-12-22 04:00:00,3.8,0.1553025
2023-12-22 05:00:00,3.0,0.1555048
2023-12-22 06:00:00,4.1,0.1565639
2023-12-22 07:00:00,3.5,0.1932992
2023-12-22 08:00:00,2.5,0.2028787
2023-12-22 09:00:00,5.1,0.1980116
2023-12-22 10:00:00,5.6,0.1870755
2023-12-22 11:00:00,4.1,0.1868137
2023-12-22 12:00:00,5.8,0.1874087
2023-12-22 13:00:00,5.9,0.185707
2023-12-22 14:00:00,6.2,0.1899434
2023-12-22 15:00:00,6.2,0.1962623
2023-12-22 16:00:00,3.7,0.2060679
2023-12-22 17:00:00,3.9,0.2067105
2023-12-22 18:00:00,4.7,0.2155284
2023-12-22 19:00:00,5.0,0.2037831
2023-12-22 20:00:00,4.8,0.1849454
2023-12-22 21:00:00,5.0,0.1859807
2023-12-22 22:00:00,4.7,0.1917879
2023-12-22 23:00:00,4.3,0.16988
2023-12-23 00:00:00,4.2,0.1556476
2023-12-23 01:00:00,3.2,0.1555881
2023-12-23 02:00:00,3.4,0.1555881
2023-12-23 03:00:00,4.2,0.1555762
2023-12-23 04:00:00,3.8,0.1555881
2023-12-23 05:00:00,4.1,0.1556
2023-12-23 06:00:00,4.5,0.155719
2023-12-23 07:00:00,3.9,0.1644417
2023-12-23 08:00:00,3.4,0.1794
2023-12-23 09:00:00,3.3,0.2056752
2023-12-23 10:00:00,3.2,0.2051516
2023-12-23 11:00:00,3.5,0.210221
2023-12-23 12:00:00,3.6,0.2119584
2023-12-23 13:00:00,4.0,0.2148739
2023-12-23 14:00:00,4.1,0.217837
2023-12-23 15:00:00,4.2,0.2195863
2023-12-23 16:00:00,4.4,0.2246795
2023-12-23 17:00:00,4.5,0.2366628
2023-12-23 18:00:00,4.7,0.2346755
2023-12-23 19:00:00,5.0,0.2288445
2023-12-23 20:00:00,6.3,0.219503
2023-12-23 21:00:00,8.4,0.2050564
2023-12-23 22:00:00,8.6,0.1797451
2023-12-23 23:00:00,8.6,0.1648106
2023-12-24 00:00:00,8.6,0.1556
2023-12-24 01:00:00,8.5,0.1555643
2023-12-24 02:00:00,8.4,0.1552549
2023-12-24 03:00:00,8.3,0.1544457
2023-12-24 04:00:00,8.4,0.1511494
2023-12-24 05:00:00,8.5,0.1496857
2023-12-24 06:00:00,8.6,0.1505782
2023-12-24 07:00:00,8.8,0.1521371
2023-12-24 08:00:00,9.3,0.1521133
2023-12-24 09:00:00,9.9,0.1518753
2023-12-24 10:00:00,10.2,0.1494715
2023-12-24 11:00:00,10.8,0.1513517
2023-12-24 12:00:00,11.1,0.1520895
2023-12-24 13:00:00,10.8,0.1511137
2023-12-24 14:00:00,11.4,0.1529939
2023-12-24 15:00:00,11.5,0.1529106
2023-12-24 16:00:00,11.4,0.1531605
2023-12-24 17:00:00,11.4,0.1527916
2023-12-24 18:00:00,11.7,0.1489598
2023-12-24 19:00:00,11.7,0.1448067
2023-12-24 20:00:00,12.4,0.1478769
2023-12-24 21:00:00,12.4,0.1518158
2023-12-24 22:00:00,11.9,0.15203
2023-12-24 23:00:00,11.8,0.1483529
2023-12-25 00:00:00,12.4,0.1508638
2023-12-25 01:00:00,12.2,0.1435572
2023-12-25 02:00:00,12.0,0.1427361
2023-12-25 03:00:00,12.0,0.1407369
2023-12-25 04:00:00,11.8,0.1396897
2023-12-25 05:00:00,11.3,0.1435334
2023-12-25 06:00:00,11.0,0.146556
2023-12-25 07:00:00,10.9,0.1490788
2023-12-25 08:00:00,9.7,0.1554691
2023-12-25 09:00:00,10.1,0.1544457
2023-12-25 10:00:00,10.4,0.1544457
2023-12-25 11:00:00,11.3,0.1555048
2023-12-25 12:00:00,11.1,0.1555762
2023-12-25 13:00:00,10.7,0.1556
2023-12-25 14:00:00,10.4,0.1556119
2023-12-25 15:00:00,10.2,0.1585512
2023-12-25 16:00:00,9.7,0.169761
2023-12-25 17:00:00,10.2,0.1794238
2023-12-25 18:00:00,10.0,0.1778292
2023-12-25 19:00:00,10.1,0.1726289
2023-12-25 20:00:00,9.8,0.1674048
2023-12-25 21:00:00,9.4,0.1597769
2023-12-25 22:00:00,9.9,0.16155
2023-12-25 23:00:00,9.9,0.1556952
2023-12-26 00:00:00,9.7,0.1556
2023-12-26 01:00:00,9.6,0.1555762
2023-12-26 02:00:00,9.4,0.1554691
2023-12-26 03:00:00,9.3,0.1524227
2023-12-26 04:00:00,10.5,0.1512089
2023-12-26 05:00:00,8.9,0.1533985
2023-12-26 06:00:00,8.9,0.1540054
2023-12-26 07:00:00,7.5,0.1545052
2023-12-26 08:00:00,7.6,0.1543505
2023-12-26 09:00:00,8.4,0.1555048
2023-12-26 10:00:00,8.7,0.1555286
2023-12-26 11:00:00,8.9,0.1555405
2023-12-26 12:00:00,9.3,0.1555524
2023-12-26 13:00:00,8.8,0.1556
2023-12-26 14:00:00,8.4,0.1562664
2023-12-26 15:00:00,8.6,0.1675357
2023-12-26 16:00:00,8.1,0.2119346
2023-12-26 17:00:00,7.5,0.2186581
2023-12-26 18:00:00,7.4,0.2194554
2023-12-26 19:00:00,6.3,0.2187295
2023-12-26 20:00:00,6.1,0.2142908
2023-12-26 21:00:00,5.3,0.2079005
2023-12-26 22:00:00,4.9,0.2110897
2023-12-26 23:00:00,4.9,0.2190032
2023-12-27 00:00:00,4.3,0.2048065
2023-12-27 01:00:00,3.6,0.2175633
2023-12-27 02:00:00,3.4,0.2241797
2023-12-27 03:00:00,2.1,0.2170635
2023-12-27 04:00:00,1.6,0.2148263
2023-12-27 05:00:00,1.1,0.2222162
2023-12-27 06:00:00,1.3,0.2330214
2023-12-27 07:00:00,2.0,0.2477536
2023-12-27 08:00:00,2.1,0.2540487
2023-12-27 09:00:00,3.2,0.2514664
2023-12-27 10:00:00,4.0,0.2450761
2023-12-27 11:00:00,5.0,0.2445049
2023-12-27 12:00:00,5.5,0.2434101
2023-12-27 13:00:00,6.0,0.2411372
2023-12-27 14:00:00,6.1,0.2432316
2023-12-27 15:00:00,6.2,0.2507405
2023-12-27 16:00:00,6.5,0.2505263
2023-12-27 17:00:00,7.0,0.2511808
2023-12-27 18:00:00,7.1,0.2440765
2023-12-27 19:00:00,7.0,0.2327715
2023-12-27 20:00:00,7.3,0.2207287
2023-12-27 21:00:00,7.7,0.1850406
2023-12-27 22:00:00,8.4,0.1758181
2023-12-27 23:00:00,8.8,0.1556119
2023-12-28 00:00:00,8.5,0.1555762
2023-12-28 01:00:00,9.2,0.1546718
2023-12-28 02:00:00,8.7,0.1538983
2023-12-28 03:00:00,9.0,0.1539459
2023-12-28 04:00:00,9.3,0.1539102
2023-12-28 05:00:00,9.6,0.1552787
2023-12-28 06:00:00,10.0,0.1556238
2023-12-28 07:00:00,9.9,0.1747114
2023-12-28 08:00:00,10.3,0.201058
2023-12-28 09:00:00,10.1,0.2017125
2023-12-28 10:00:00,10.4,0.1904313
2023-12-28 11:00:00,11.0,0.1722005
2023-12-28 12:00:00,10.9,0.1666313
2023-12-28 13:00:00,11.0,0.1624544
2023-12-28 14:00:00,10.9,0.1727122
2023-12-28 15:00:00,10.9,0.1742354
2023-12-28 16:00:00,10.8,0.2036046
2023-12-28 17:00:00,10.5,0.2113277
2023-12-28 18:00:00,10.4,0.210221
2023-12-28 19:00:00,10.7,0.2014745
2023-12-28 20:00:00,10.5,0.1793762
2023-12-28 21:00:00,10.5,0.1719625
2023-12-28 22:00:00,10.5,0.1766868
2023-12-28 23:00:00,10.4,0.15679
2023-12-29 00:00:00,10.3,0.1556
2023-12-29 01:00:00,10.3,0.1555048
2023-12-29 02:00:00,10.7,0.1552668
2023-12-29 03:00:00,10.4,0.1544933
2023-12-29 04:00:00,10.4,0.1544695
2023-12-29 05:00:00,10.0,0.1552906
2023-12-29 06:00:00,9.4,0.1555167
2023-12-29 07:00:00,9.0,0.1555881
2023-12-29 08:00:00,9.4,0.1608836
2023-12-29 09:00:00,10.3,0.1568971
2023-12-29 10:00:00,10.2,0.1556595
2023-12-29 11:00:00,8.4,0.1555881
2023-12-29 12:00:00,10.0,0.156314
2023-12-29 13:00:00,10.5,0.1567781
2023-12-29 14:00:00,10.5,0.1582537
2023-12-29 15:00:00,10.4,0.1674881
2023-12-29 16:00:00,10.0,0.1675238
2023-12-29 17:00:00,9.9,0.1854928
2023-12-29 18:00:00,8.7,0.1872421
2023-12-29 19:00:00,7.8,0.1760323
2023-12-29 20:00:00,8.3,0.167619
2023-12-29 21:00:00,6.2,0.1615976
2023-12-29 22:00:00,6.1,0.182851
2023-12-29 23:00:00,6.9,0.1780791
2023-12-30 00:00:00,7.8,0.1626091
2023-12-30 01:00:00,7.5,0.1588963
2023-12-30 02:00:00,7.1,0.1661672
2023-12-30 03:00:00,6.7,0.162264
2023-12-30 04:00:00,6.3,0.1624306
2023-12-30 05:00:00,6.3,0.1645369
2023-12-30 06:00:00,6.3,0.1624663
2023-12-30 07:00:00,6.4,0.1804234
2023-12-30 08:00:00,6.4,0.1883607
2023-12-30 09:00:00,6.9,0.1888248
2023-12-30 10:00:00,7.7,0.1840529
2023-12-30 11:00:00,7.7,0.1792691
2023-12-30 12:00:00,7.9,0.1794238
2023-12-30 13:00:00,8.1,0.1839696
2023-12-30 14:00:00,8.1,0.2056276
2023-12-30 15:00:00,7.9,0.2225375
2023-12-30 16:00:00,8.1,0.2388881
2023-12-30 17:00:00,7.7,0.2509666
2023-12-30 18:00:00,8.3,0.2507881
2023-12-30 19:00:00,7.8,0.2401971
2023-12-30 20:00:00,7.3,0.2293919
2023-12-30 21:00:00,7.4,0.2226684
2023-12-30 22:00:00,7.1,0.215219
2023-12-30 23:00:00,6.7,0.2070437
2023-12-31 00:00:00,6.6,0.1990826
2023-12-31 01:00:00,6.6,0.1713913
2023-12-31 02:00:00,7.7,0.16036
2023-12-31 03:00:00,7.4,0.1559689
2023-12-31 04:00:00,7.4,0.1562902
2023-12-31 05:00:00,6.2,0.1571232
2023-12-31 06:00:00,6.6,0.1560284
2023-12-31 07:00:00,7.3,0.1555643
2023-12-31 08:00:00,7.9,0.1591462
2023-12-31 09:00:00,8.1,0.166429
2023-12-31 10:00:00,8.3,0.17226
2023-12-31 11:00:00,8.7,0.1681069
2023-12-31 12:00:00,9.2,0.1683687
2023-12-31 13:00:00,9.3,0.1624425
2023-12-31 14:00:00,9.6,0.1662862
2023-12-31 15:00:00,9.6,0.1710105
2023-12-31 16:00:00,9.9,0.180471
2023-12-31 17:00:00,6.4,0.18654
2023-12-31 18:00:00,6.0,0.1834341
2023-12-31 19:00:00,6.4,0.16631
2023-12-31 20:00:00,8.0,0.1650605
2023-12-31 21:00:00,8.4,0.16274
2023-12-31 22:00:00,8.1,0.1683092
2023-12-31 23:00:00,7.8,0.1585036
