timestamp,price_eur_mwh,price_eur_kwh
2024-01-01 00:00:00,0.1,0.0001
2024-01-01 01:00:00,0.01,1e-05
2024-01-01 02:00:00,0.0,0.0
2024-01-01 03:00:00,-0.01,-1e-05
2024-01-01 04:00:00,-0.03,-2.9999999999999997e-05
2024-01-01 05:00:00,-0.02,-2e-05
2024-01-01 06:00:00,-0.05,-5e-05
2024-01-01 07:00:00,-0.02,-2e-05
2024-01-01 08:00:00,0.0,0.0
2024-01-01 09:00:00,0.04,4e-05
2024-01-01 10:00:00,0.06,5.9999999999999995e-05
2024-01-01 11:00:00,0.54,0.00054
2024-01-01 12:00:00,2.24,0.0022400000000000002
2024-01-01 13:00:00,1.96,0.00196
2024-01-01 14:00:00,1.04,0.0010400000000000001
2024-01-01 15:00:00,3.66,0.00366
2024-01-01 16:00:00,43.06,0.04306
2024-01-01 17:00:00,49.93,0.04993
2024-01-01 18:00:00,58.0,0.058
2024-01-01 19:00:00,54.25,0.05425
2024-01-01 20:00:00,48.01,0.04801
2024-01-01 21:00:00,42.95,0.04295
2024-01-01 22:00:00,47.09,0.04709000000000001
2024-01-01 23:00:00,35.55,0.03555
2024-01-02 00:00:00,30.59,0.03059
2024-01-02 01:00:00,20.07,0.02007
2024-01-02 02:00:00,31.03,0.031030000000000002
2024-01-02 03:00:00,18.39,0.01839
2024-01-02 04:00:00,11.08,0.01108
2024-01-02 05:00:00,13.78,0.013779999999999999
2024-01-02 06:00:00,47.63,0.047630000000000006
2024-01-02 07:00:00,58.1,0.0581
2024-01-02 08:00:00,65.67,0.06567
2024-01-02 09:00:00,64.73,0.06473000000000001
2024-01-02 10:00:00,68.98,0.06898
2024-01-02 11:00:00,73.54,0.07354000000000001
2024-01-02 12:00:00,78.16,0.07816
2024-01-02 13:00:00,78.87,0.07887000000000001
2024-01-02 14:00:00,79.24,0.07923999999999999
2024-01-02 15:00:00,79.96,0.07995999999999999
2024-01-02 16:00:00,83.46,0.08345999999999999
2024-01-02 17:00:00,80.92,0.08092
2024-01-02 18:00:00,74.95,0.07495
2024-01-02 19:00:00,63.18,0.06318
2024-01-02 20:00:00,57.11,0.05711
2024-01-02 21:00:00,46.89,0.04689
2024-01-02 22:00:00,40.0,0.04
2024-01-02 23:00:00,7.43,0.00743
2024-01-03 00:00:00,-0.08,-8e-05
2024-01-03 01:00:00,-1.23,-0.00123
2024-01-03 02:00:00,-1.3,-0.0013
2024-01-03 03:00:00,-1.31,-0.00131
2024-01-03 04:00:00,-1.31,-0.00131
2024-01-03 05:00:00,-1.38,-0.00138
2024-01-03 06:00:00,1.09,0.00109
2024-01-03 07:00:00,40.59,0.04059
2024-01-03 08:00:00,59.61,0.059609999999999996
2024-01-03 09:00:00,60.61,0.06061
2024-01-03 10:00:00,57.0,0.057
2024-01-03 11:00:00,54.89,0.05489
2024-01-03 12:00:00,53.89,0.05389
2024-01-03 13:00:00,54.42,0.05442
2024-01-03 14:00:00,60.86,0.06086
2024-01-03 15:00:00,67.18,0.06718
2024-01-03 16:00:00,73.59,0.07359
2024-01-03 17:00:00,82.28,0.08228
2024-01-03 18:00:00,82.97,0.08297
2024-01-03 19:00:00,79.03,0.07903
2024-01-03 20:00:00,73.23,0.07323
2024-01-03 21:00:00,67.41,0.06741
2024-01-03 22:00:00,65.0,0.065
2024-01-03 23:00:00,58.12,0.05812
2024-01-04 00:00:00,57.3,0.0573
2024-01-04 01:00:00,50.46,0.05046
2024-01-04 02:00:00,40.0,0.04
2024-01-04 03:00:00,25.48,0.02548
2024-01-04 04:00:00,35.0,0.035
2024-01-04 05:00:00,57.73,0.05773
2024-01-04 06:00:00,72.65,0.07265
2024-01-04 07:00:00,85.02,0.08502
2024-01-04 08:00:00,91.47,0.09147
2024-01-04 09:00:00,94.2,0.0942
2024-01-04 10:00:00,91.61,0.09161
2024-01-04 11:00:00,90.03,0.09003
2024-01-04 12:00:00,86.3,0.0863
2024-01-04 13:00:00,85.96,0.08596
2024-01-04 14:00:00,92.11,0.09211
2024-01-04 15:00:00,98.62,0.09862
2024-01-04 16:00:00,105.73,0.10573
2024-01-04 17:00:00,133.23,0.13323
2024-01-04 18:00:00,144.65,0.14465
2024-01-04 19:00:00,125.0,0.125
2024-01-04 20:00:00,103.59,0.10359
2024-01-04 21:00:00,100.01,0.10001
2024-01-04 22:00:00,94.86,0.09486
2024-01-04 23:00:00,88.83,0.08882999999999999
2024-01-05 00:00:00,86.08,0.08608
2024-01-05 01:00:00,80.51,0.08051
2024-01-05 02:00:00,77.01,0.07701000000000001
2024-01-05 03:00:00,73.21,0.07321
2024-01-05 04:00:00,74.05,0.07404999999999999
2024-01-05 05:00:00,76.03,0.07603
2024-01-05 06:00:00,81.0,0.081
2024-01-05 07:00:00,87.0,0.087
2024-01-05 08:00:00,89.57,0.08957
2024-01-05 09:00:00,94.93,0.09493
2024-01-05 10:00:00,96.28,0.09628
2024-01-05 11:00:00,98.22,0.09822
2024-01-05 12:00:00,92.24,0.09223999999999999
2024-01-05 13:00:00,91.54,0.09154000000000001
2024-01-05 14:00:00,96.41,0.09641
2024-01-05 15:00:00,100.05,0.10005
2024-01-05 16:00:00,102.97,0.10296999999999999
2024-01-05 17:00:00,107.38,0.10737999999999999
2024-01-05 18:00:00,108.45,0.10845
2024-01-05 19:00:00,103.96,0.10396
2024-01-05 20:00:00,100.09,0.10009
2024-01-05 21:00:00,94.19,0.09419
2024-01-05 22:00:00,94.92,0.09492
2024-01-05 23:00:00,86.8,0.0868
2024-01-06 00:00:00,82.25,0.08225
2024-01-06 01:00:00,80.2,0.08020000000000001
2024-01-06 02:00:00,76.13,0.07612999999999999
2024-01-06 03:00:00,73.01,0.07301
2024-01-06 04:00:00,73.01,0.07301
2024-01-06 05:00:00,74.59,0.07459
2024-01-06 06:00:00,75.1,0.0751
2024-01-06 07:00:00,81.39,0.08139
2024-01-06 08:00:00,88.4,0.0884
2024-01-06 09:00:00,92.23,0.09223
2024-01-06 10:00:00,97.3,0.0973
2024-01-06 11:00:00,100.43,0.10043
2024-01-06 12:00:00,99.16,0.09916
2024-01-06 13:00:00,95.22,0.09522
2024-01-06 14:00:00,92.55,0.09255
2024-01-06 15:00:00,95.09,0.09509000000000001
2024-01-06 16:00:00,99.85,0.09985
2024-01-06 17:00:00,104.27,0.10427
2024-01-06 18:00:00,103.63,0.10363
2024-01-06 19:00:00,99.0,0.099
2024-01-06 20:00:00,92.14,0.09214
2024-01-06 21:00:00,88.0,0.088
2024-01-06 22:00:00,86.57,0.08657
2024-01-06 23:00:00,79.87,0.07987000000000001
2024-01-07 00:00:00,84.08,0.08408
2024-01-07 01:00:00,79.82,0.07981999999999999
2024-01-07 02:00:00,76.76,0.07676000000000001
2024-01-07 03:00:00,73.46,0.07346
2024-01-07 04:00:00,71.86,0.07186
2024-01-07 05:00:00,72.08,0.07208
2024-01-07 06:00:00,74.9,0.07490000000000001
2024-01-07 07:00:00,77.69,0.07769
2024-01-07 08:00:00,81.79,0.08179
2024-01-07 09:00:00,84.86,0.08486
2024-01-07 10:00:00,87.15,0.08715
2024-01-07 11:00:00,89.14,0.08914
2024-01-07 12:00:00,88.66,0.08866
2024-01-07 13:00:00,84.81,0.08481
2024-01-07 14:00:00,84.34,0.08434
2024-01-07 15:00:00,88.01,0.08801
2024-01-07 16:00:00,93.42,0.09342
2024-01-07 17:00:00,101.77,0.10177
2024-01-07 18:00:00,104.85,0.10485
2024-01-07 19:00:00,103.55,0.10355
2024-01-07 20:00:00,100.5,0.1005
2024-01-07 21:00:00,93.31,0.09331
2024-01-07 22:00:00,91.17,0.09117
2024-01-07 23:00:00,83.86,0.08386
2024-01-08 00:00:00,87.02,0.08702
2024-01-08 01:00:00,84.32,0.08431999999999999
2024-01-08 02:00:00,81.82,0.08181999999999999
2024-01-08 03:00:00,79.11,0.07911
2024-01-08 04:00:00,78.48,0.07848000000000001
2024-01-08 05:00:00,82.1,0.08209999999999999
2024-01-08 06:00:00,94.3,0.0943
2024-01-08 07:00:00,111.1,0.11109999999999999
2024-01-08 08:00:00,121.11,0.12111
2024-01-08 09:00:00,117.83,0.11783
2024-01-08 10:00:00,110.6,0.11059999999999999
2024-01-08 11:00:00,103.0,0.103
2024-01-08 12:00:00,95.5,0.0955
2024-01-08 13:00:00,92.6,0.09259999999999999
2024-01-08 14:00:00,100.0,0.1
2024-01-08 15:00:00,107.98,0.10798
2024-01-08 16:00:00,116.87,0.11687
2024-01-08 17:00:00,129.13,0.12913
2024-01-08 18:00:00,130.01,0.13001
2024-01-08 19:00:00,122.12,0.12212
2024-01-08 20:00:00,114.21,0.11420999999999999
2024-01-08 21:00:00,102.83,0.10283
2024-01-08 22:00:00,99.98,0.09998
2024-01-08 23:00:00,91.49,0.09148999999999999
2024-01-09 00:00:00,88.16,0.08816
2024-01-09 01:00:00,87.04,0.08704
2024-01-09 02:00:00,85.0,0.085
2024-01-09 03:00:00,84.14,0.08414
2024-01-09 04:00:00,85.72,0.08572
2024-01-09 05:00:00,89.28,0.08928
2024-01-09 06:00:00,108.51,0.10851000000000001
2024-01-09 07:00:00,124.06,0.12406
2024-01-09 08:00:00,133.24,0.13324
2024-01-09 09:00:00,120.91,0.12090999999999999
2024-01-09 10:00:00,113.19,0.11319
2024-01-09 11:00:00,105.78,0.10578
2024-01-09 12:00:00,100.22,0.10022
2024-01-09 13:00:00,100.82,0.10081999999999999
2024-01-09 14:00:00,110.89,0.11089
2024-01-09 15:00:00,119.4,0.1194
2024-01-09 16:00:00,127.85,0.12785
2024-01-09 17:00:00,137.84,0.13784
2024-01-09 18:00:00,137.8,0.1378
2024-01-09 19:00:00,130.43,0.13043000000000002
2024-01-09 20:00:00,120.24,0.12024
2024-01-09 21:00:00,111.68,0.11168
2024-01-09 22:00:00,106.18,0.10618000000000001
2024-01-09 23:00:00,97.09,0.09709000000000001
2024-01-10 00:00:00,89.29,0.08929000000000001
2024-01-10 01:00:00,86.76,0.08676
2024-01-10 02:00:00,86.73,0.08673
2024-01-10 03:00:00,86.09,0.08609
2024-01-10 04:00:00,86.3,0.0863
2024-01-10 05:00:00,89.05,0.08904999999999999
2024-01-10 06:00:00,108.88,0.10887999999999999
2024-01-10 07:00:00,126.29,0.12629
2024-01-10 08:00:00,141.28,0.14128
2024-01-10 09:00:00,130.39,0.13038999999999998
2024-01-10 10:00:00,118.56,0.11856
2024-01-10 11:00:00,109.13,0.10912999999999999
2024-01-10 12:00:00,102.21,0.10221
2024-01-10 13:00:00,105.61,0.10561
2024-01-10 14:00:00,112.91,0.11291
2024-01-10 15:00:00,123.8,0.1238
2024-01-10 16:00:00,134.64,0.13463999999999998
2024-01-10 17:00:00,143.79,0.14379
2024-01-10 18:00:00,140.0,0.14
2024-01-10 19:00:00,132.15,0.13215000000000002
2024-01-10 20:00:00,120.0,0.12
2024-01-10 21:00:00,109.76,0.10976000000000001
2024-01-10 22:00:00,104.49,0.10449
2024-01-10 23:00:00,96.03,0.09603
2024-01-11 00:00:00,91.75,0.09175
2024-01-11 01:00:00,88.59,0.08859
2024-01-11 02:00:00,87.25,0.08725
2024-01-11 03:00:00,82.38,0.08238
2024-01-11 04:00:00,81.95,0.08195000000000001
2024-01-11 05:00:00,89.36,0.08936
2024-01-11 06:00:00,102.07,0.10207
2024-01-11 07:00:00,116.86,0.11686
2024-01-11 08:00:00,141.0,0.141
2024-01-11 09:00:00,129.16,0.12916
2024-01-11 10:00:00,113.65,0.11365
2024-01-11 11:00:00,106.48,0.10648
2024-01-11 12:00:00,99.38,0.09938
2024-01-11 13:00:00,99.0,0.099
2024-01-11 14:00:00,105.98,0.10598
2024-01-11 15:00:00,117.96,0.11796
2024-01-11 16:00:00,137.35,0.13735
2024-01-11 17:00:00,150.09,0.15009
2024-01-11 18:00:00,136.69,0.13669
2024-01-11 19:00:00,132.31,0.13231
2024-01-11 20:00:00,117.88,0.11788
2024-01-11 21:00:00,107.19,0.10719
2024-01-11 22:00:00,100.0,0.1
2024-01-11 23:00:00,97.22,0.09722
2024-01-12 00:00:00,91.04,0.09104000000000001
2024-01-12 01:00:00,88.22,0.08821999999999999
2024-01-12 02:00:00,85.22,0.08522
2024-01-12 03:00:00,84.63,0.08463
2024-01-12 04:00:00,84.34,0.08434
2024-01-12 05:00:00,85.32,0.08532
2024-01-12 06:00:00,92.11,0.09211
2024-01-12 07:00:00,118.16,0.11816
2024-01-12 08:00:00,140.74,0.14074
2024-01-12 09:00:00,134.96,0.13496
2024-01-12 10:00:00,122.01,0.12201000000000001
2024-01-12 11:00:00,114.73,0.11473
2024-01-12 12:00:00,106.98,0.10698
2024-01-12 13:00:00,103.08,0.10308
2024-01-12 14:00:00,104.54,0.10454000000000001
2024-01-12 15:00:00,110.0,0.11
2024-01-12 16:00:00,120.0,0.12
2024-01-12 17:00:00,127.5,0.1275
2024-01-12 18:00:00,126.0,0.126
2024-01-12 19:00:00,119.47,0.11946999999999999
2024-01-12 20:00:00,108.79,0.10879000000000001
2024-01-12 21:00:00,98.48,0.09848
2024-01-12 22:00:00,93.37,0.09337000000000001
2024-01-12 23:00:00,85.38,0.08538
2024-01-13 00:00:00,90.0,0.09
2024-01-13 01:00:00,85.0,0.085
2024-01-13 02:00:00,82.0,0.082
2024-01-13 03:00:00,78.47,0.07847
2024-01-13 04:00:00,75.0,0.075
2024-01-13 05:00:00,74.92,0.07492
2024-01-13 06:00:00,78.1,0.07809999999999999
2024-01-13 07:00:00,82.22,0.08222
2024-01-13 08:00:00,85.26,0.08526
2024-01-13 09:00:00,75.11,0.07511
2024-01-13 10:00:00,74.21,0.07421
2024-01-13 11:00:00,72.72,0.07271999999999999
2024-01-13 12:00:00,70.35,0.07035
2024-01-13 13:00:00,63.67,0.06367
2024-01-13 14:00:00,67.91,0.06791
2024-01-13 15:00:00,68.61,0.06861
2024-01-13 16:00:00,70.78,0.07078
2024-01-13 17:00:00,74.22,0.07422
2024-01-13 18:00:00,75.81,0.07581
2024-01-13 19:00:00,73.82,0.07382
2024-01-13 20:00:00,73.06,0.07306
2024-01-13 21:00:00,70.93,0.07093
2024-01-13 22:00:00,64.3,0.0643
2024-01-13 23:00:00,63.16,0.06316
2024-01-14 00:00:00,64.02,0.06402
2024-01-14 01:00:00,62.11,0.06211
2024-01-14 02:00:00,62.93,0.06293
2024-01-14 03:00:00,64.01,0.06401000000000001
2024-01-14 04:00:00,64.67,0.06467
2024-01-14 05:00:00,65.2,0.06520000000000001
2024-01-14 06:00:00,67.31,0.06731000000000001
2024-01-14 07:00:00,71.66,0.07166
2024-01-14 08:00:00,76.74,0.07673999999999999
2024-01-14 09:00:00,81.14,0.08114
2024-01-14 10:00:00,80.63,0.08063
2024-01-14 11:00:00,81.84,0.08184000000000001
2024-01-14 12:00:00,80.39,0.08039
2024-01-14 13:00:00,77.04,0.07704000000000001
2024-01-14 14:00:00,79.15,0.07915000000000001
2024-01-14 15:00:00,82.32,0.08231999999999999
2024-01-14 16:00:00,86.62,0.08662
2024-01-14 17:00:00,91.86,0.09186
2024-01-14 18:00:00,96.97,0.09697
2024-01-14 19:00:00,88.91,0.08891
2024-01-14 20:00:00,81.0,0.081
2024-01-14 21:00:00,78.6,0.07859999999999999
2024-01-14 22:00:00,75.39,0.07539
2024-01-14 23:00:00,67.19,0.06719
2024-01-15 00:00:00,67.9,0.0679
2024-01-15 01:00:00,65.0,0.065
2024-01-15 02:00:00,63.94,0.06394
2024-01-15 03:00:00,62.04,0.06204
2024-01-15 04:00:00,62.04,0.06204
2024-01-15 05:00:00,69.25,0.06925
2024-01-15 06:00:00,79.95,0.07995000000000001
2024-01-15 07:00:00,83.84,0.08384
2024-01-15 08:00:00,99.3,0.0993
2024-01-15 09:00:00,100.29,0.10029
2024-01-15 10:00:00,94.88,0.09487999999999999
2024-01-15 11:00:00,90.26,0.09026
2024-01-15 12:00:00,83.86,0.08386
2024-01-15 13:00:00,82.15,0.08215
2024-01-15 14:00:00,84.5,0.0845
2024-01-15 15:00:00,89.44,0.08943999999999999
2024-01-15 16:00:00,97.52,0.09752
2024-01-15 17:00:00,106.46,0.10646
2024-01-15 18:00:00,112.8,0.1128
2024-01-15 19:00:00,110.38,0.11037999999999999
2024-01-15 20:00:00,102.42,0.10242
2024-01-15 21:00:00,91.78,0.09178
2024-01-15 22:00:00,89.49,0.08949
2024-01-15 23:00:00,86.43,0.08643
2024-01-16 00:00:00,81.45,0.08145000000000001
2024-01-16 01:00:00,81.07,0.08106999999999999
2024-01-16 02:00:00,79.92,0.07992
2024-01-16 03:00:00,78.19,0.07819
2024-01-16 04:00:00,76.97,0.07697
2024-01-16 05:00:00,81.45,0.08145000000000001
2024-01-16 06:00:00,94.07,0.09406999999999999
2024-01-16 07:00:00,114.77,0.11477
2024-01-16 08:00:00,144.11,0.14411000000000002
2024-01-16 09:00:00,138.6,0.1386
2024-01-16 10:00:00,122.0,0.122
2024-01-16 11:00:00,110.0,0.11
2024-01-16 12:00:00,103.43,0.10343000000000001
2024-01-16 13:00:00,94.98,0.09498000000000001
2024-01-16 14:00:00,96.0,0.096
2024-01-16 15:00:00,110.25,0.11025
2024-01-16 16:00:00,111.39,0.11139
2024-01-16 17:00:00,128.15,0.12815000000000001
2024-01-16 18:00:00,127.31,0.12731
2024-01-16 19:00:00,111.77,0.11177
2024-01-16 20:00:00,95.49,0.09548999999999999
2024-01-16 21:00:00,86.21,0.08621
2024-01-16 22:00:00,82.04,0.08204
2024-01-16 23:00:00,77.69,0.07769
2024-01-17 00:00:00,71.61,0.07161
2024-01-17 01:00:00,71.52,0.07152
2024-01-17 02:00:00,70.69,0.07069
2024-01-17 03:00:00,69.74,0.06974
2024-01-17 04:00:00,69.47,0.06947
2024-01-17 05:00:00,71.06,0.07106
2024-01-17 06:00:00,75.09,0.07509
2024-01-17 07:00:00,84.39,0.08439
2024-01-17 08:00:00,96.5,0.0965
2024-01-17 09:00:00,106.16,0.10615999999999999
2024-01-17 10:00:00,110.33,0.11033
2024-01-17 11:00:00,111.1,0.11109999999999999
2024-01-17 12:00:00,117.71,0.11771
2024-01-17 13:00:00,121.7,0.1217
2024-01-17 14:00:00,121.74,0.12174
2024-01-17 15:00:00,125.46,0.12546
2024-01-17 16:00:00,128.56,0.12856
2024-01-17 17:00:00,140.52,0.14052
2024-01-17 18:00:00,123.59,0.12359
2024-01-17 19:00:00,114.28,0.11428
2024-01-17 20:00:00,109.8,0.1098
2024-01-17 21:00:00,101.09,0.10109
2024-01-17 22:00:00,94.28,0.09428
2024-01-17 23:00:00,84.17,0.08417
2024-01-18 00:00:00,81.33,0.08133
2024-01-18 01:00:00,77.2,0.0772
2024-01-18 02:00:00,75.29,0.07529000000000001
2024-01-18 03:00:00,74.91,0.07490999999999999
2024-01-18 04:00:00,77.57,0.07757
2024-01-18 05:00:00,81.0,0.081
2024-01-18 06:00:00,91.44,0.09144
2024-01-18 07:00:00,111.55,0.11155
2024-01-18 08:00:00,125.89,0.12589
2024-01-18 09:00:00,122.17,0.12217
2024-01-18 10:00:00,110.9,0.11090000000000001
2024-01-18 11:00:00,107.95,0.10795
2024-01-18 12:00:00,93.55,0.09355
2024-01-18 13:00:00,87.62,0.08762
2024-01-18 14:00:00,86.43,0.08643
2024-01-18 15:00:00,94.25,0.09425
2024-01-18 16:00:00,99.52,0.09952
2024-01-18 17:00:00,104.68,0.10468000000000001
2024-01-18 18:00:00,103.26,0.10326
2024-01-18 19:00:00,94.53,0.09453
2024-01-18 20:00:00,86.97,0.08697
2024-01-18 21:00:00,83.12,0.08312
2024-01-18 22:00:00,80.93,0.08093
2024-01-18 23:00:00,73.61,0.07361
2024-01-19 00:00:00,70.58,0.07058
2024-01-19 01:00:00,66.95,0.06695000000000001
2024-01-19 02:00:00,65.63,0.06563
2024-01-19 03:00:00,62.76,0.06276
2024-01-19 04:00:00,63.32,0.06332
2024-01-19 05:00:00,67.47,0.06747
2024-01-19 06:00:00,77.94,0.07794
2024-01-19 07:00:00,87.17,0.08717
2024-01-19 08:00:00,104.27,0.10427
2024-01-19 09:00:00,103.06,0.10306
2024-01-19 10:00:00,95.15,0.09515000000000001
2024-01-19 11:00:00,86.36,0.08636
2024-01-19 12:00:00,76.83,0.07683
2024-01-19 13:00:00,73.35,0.07335
2024-01-19 14:00:00,75.21,0.07521
2024-01-19 15:00:00,77.45,0.07745
2024-01-19 16:00:00,84.69,0.08469
2024-01-19 17:00:00,93.6,0.09359999999999999
2024-01-19 18:00:00,91.7,0.0917
2024-01-19 19:00:00,82.23,0.08223
2024-01-19 20:00:00,74.0,0.074
2024-01-19 21:00:00,71.12,0.07112
2024-01-19 22:00:00,68.64,0.06864
2024-01-19 23:00:00,64.75,0.06475
2024-01-20 00:00:00,66.0,0.066
2024-01-20 01:00:00,63.45,0.06345
2024-01-20 02:00:00,63.54,0.06354
2024-01-20 03:00:00,61.82,0.06182
2024-01-20 04:00:00,61.85,0.06185
2024-01-20 05:00:00,61.75,0.06175
2024-01-20 06:00:00,62.59,0.06259
2024-01-20 07:00:00,66.9,0.0669
2024-01-20 08:00:00,74.82,0.07482
2024-01-20 09:00:00,77.9,0.07790000000000001
2024-01-20 10:00:00,71.8,0.0718
2024-01-20 11:00:00,70.77,0.07077
2024-01-20 12:00:00,67.73,0.06773
2024-01-20 13:00:00,68.78,0.06878000000000001
2024-01-20 14:00:00,73.39,0.07339
2024-01-20 15:00:00,79.11,0.07911
2024-01-20 16:00:00,87.8,0.0878
2024-01-20 17:00:00,94.93,0.09493
2024-01-20 18:00:00,99.87,0.09987
2024-01-20 19:00:00,91.57,0.09157
2024-01-20 20:00:00,81.97,0.08197
2024-01-20 21:00:00,75.74,0.07574
2024-01-20 22:00:00,74.68,0.07468000000000001
2024-01-20 23:00:00,69.13,0.06913
2024-01-21 00:00:00,66.83,0.06683
2024-01-21 01:00:00,57.55,0.05755
2024-01-21 02:00:00,55.15,0.05515
2024-01-21 03:00:00,50.89,0.05089
2024-01-21 04:00:00,48.51,0.04851
2024-01-21 05:00:00,47.45,0.047450000000000006
2024-01-21 06:00:00,45.53,0.04553
2024-01-21 07:00:00,43.96,0.04396
2024-01-21 08:00:00,51.36,0.05136
2024-01-21 09:00:00,54.36,0.05436
2024-01-21 10:00:00,46.06,0.046060000000000004
2024-01-21 11:00:00,48.67,0.048670000000000005
2024-01-21 12:00:00,38.48,0.03848
2024-01-21 13:00:00,37.69,0.037689999999999994
2024-01-21 14:00:00,44.3,0.0443
2024-01-21 15:00:00,49.04,0.04904
2024-01-21 16:00:00,49.83,0.04983
2024-01-21 17:00:00,56.65,0.05665
2024-01-21 18:00:00,61.45,0.061450000000000005
2024-01-21 19:00:00,58.64,0.05864
2024-01-21 20:00:00,51.5,0.0515
2024-01-21 21:00:00,52.46,0.05246
2024-01-21 22:00:00,50.39,0.05039
2024-01-21 23:00:00,39.46,0.03946
2024-01-22 00:00:00,36.66,0.03666
2024-01-22 01:00:00,22.24,0.02224
2024-01-22 02:00:00,18.62,0.01862
2024-01-22 03:00:00,5.04,0.00504
2024-01-22 04:00:00,5.06,0.005059999999999999
2024-01-22 05:00:00,20.0,0.02
2024-01-22 06:00:00,40.5,0.0405
2024-01-22 07:00:00,60.47,0.060469999999999996
2024-01-22 08:00:00,66.48,0.06648
2024-01-22 09:00:00,57.58,0.05758
2024-01-22 10:00:00,61.55,0.06155
2024-01-22 11:00:00,60.6,0.0606
2024-01-22 12:00:00,56.92,0.05692
2024-01-22 13:00:00,56.72,0.05672
2024-01-22 14:00:00,58.23,0.05823
2024-01-22 15:00:00,59.73,0.05973
2024-01-22 16:00:00,59.99,0.05999
2024-01-22 17:00:00,70.94,0.07094
2024-01-22 18:00:00,77.35,0.07734999999999999
2024-01-22 19:00:00,71.99,0.07199
2024-01-22 20:00:00,66.65,0.06665
2024-01-22 21:00:00,57.0,0.057
2024-01-22 22:00:00,55.89,0.05589
2024-01-22 23:00:00,49.88,0.04988
2024-01-23 00:00:00,16.23,0.01623
2024-01-23 01:00:00,10.1,0.0101
2024-01-23 02:00:00,9.37,0.00937
2024-01-23 03:00:00,4.17,0.00417
2024-01-23 04:00:00,10.22,0.01022
2024-01-23 05:00:00,39.23,0.039229999999999994
2024-01-23 06:00:00,59.76,0.05976
2024-01-23 07:00:00,76.42,0.07642
2024-01-23 08:00:00,69.82,0.06982
2024-01-23 09:00:00,69.93,0.06993
2024-01-23 10:00:00,59.97,0.059969999999999996
2024-01-23 11:00:00,59.8,0.0598
2024-01-23 12:00:00,59.14,0.05914
2024-01-23 13:00:00,59.43,0.05943
2024-01-23 14:00:00,62.7,0.0627
2024-01-23 15:00:00,74.63,0.07463
2024-01-23 16:00:00,78.95,0.07895
2024-01-23 17:00:00,81.59,0.08159000000000001
2024-01-23 18:00:00,84.51,0.08451
2024-01-23 19:00:00,74.55,0.07454999999999999
2024-01-23 20:00:00,61.95,0.061950000000000005
2024-01-23 21:00:00,53.74,0.05374
2024-01-23 22:00:00,45.36,0.04536
2024-01-23 23:00:00,33.26,0.03326
2024-01-24 00:00:00,3.05,0.0030499999999999998
2024-01-24 01:00:00,-0.03,-2.9999999999999997e-05
2024-01-24 02:00:00,-0.64,-0.00064
2024-01-24 03:00:00,-4.41,-0.00441
2024-01-24 04:00:00,-4.84,-0.00484
2024-01-24 05:00:00,-0.18,-0.00017999999999999998
2024-01-24 06:00:00,14.76,0.01476
2024-01-24 07:00:00,42.09,0.04209
2024-01-24 08:00:00,51.58,0.05158
2024-01-24 09:00:00,50.76,0.05076
2024-01-24 10:00:00,50.1,0.0501
2024-01-24 11:00:00,50.78,0.05078
2024-01-24 12:00:00,39.32,0.03932
2024-01-24 13:00:00,36.44,0.03644
2024-01-24 14:00:00,45.04,0.04504
2024-01-24 15:00:00,49.95,0.04995
2024-01-24 16:00:00,50.8,0.0508
2024-01-24 17:00:00,54.21,0.05421
2024-01-24 18:00:00,53.32,0.05332
2024-01-24 19:00:00,50.09,0.05009
2024-01-24 20:00:00,42.18,0.04218
2024-01-24 21:00:00,40.04,0.04004
2024-01-24 22:00:00,42.01,0.04201
2024-01-24 23:00:00,38.53,0.03853
2024-01-25 00:00:00,44.34,0.044340000000000004
2024-01-25 01:00:00,45.06,0.04506
2024-01-25 02:00:00,43.34,0.043340000000000004
2024-01-25 03:00:00,44.92,0.04492
2024-01-25 04:00:00,46.22,0.04622
2024-01-25 05:00:00,52.38,0.05238
2024-01-25 06:00:00,69.1,0.0691
2024-01-25 07:00:00,77.65,0.07765000000000001
2024-01-25 08:00:00,91.87,0.09187000000000001
2024-01-25 09:00:00,87.97,0.08796999999999999
2024-01-25 10:00:00,83.95,0.08395
2024-01-25 11:00:00,78.66,0.07866
2024-01-25 12:00:00,74.95,0.07495
2024-01-25 13:00:00,77.86,0.07786
2024-01-25 14:00:00,87.07,0.08707
2024-01-25 15:00:00,93.91,0.09391
2024-01-25 16:00:00,102.46,0.10246
2024-01-25 17:00:00,123.38,0.12337999999999999
2024-01-25 18:00:00,115.54,0.11554
2024-01-25 19:00:00,98.79,0.09879
2024-01-25 20:00:00,91.07,0.09107
2024-01-25 21:00:00,86.31,0.08631
2024-01-25 22:00:00,80.43,0.08043
2024-01-25 23:00:00,75.16,0.07515999999999999
2024-01-26 00:00:00,62.8,0.0628
2024-01-26 01:00:00,62.0,0.062
2024-01-26 02:00:00,58.49,0.05849
2024-01-26 03:00:00,57.73,0.05773
2024-01-26 04:00:00,57.07,0.05707
2024-01-26 05:00:00,52.16,0.05216
2024-01-26 06:00:00,59.37,0.05937
2024-01-26 07:00:00,71.12,0.07112
2024-01-26 08:00:00,76.59,0.07659
2024-01-26 09:00:00,70.58,0.07058
2024-01-26 10:00:00,61.61,0.06161
2024-01-26 11:00:00,59.14,0.05914
2024-01-26 12:00:00,52.28,0.05228
2024-01-26 13:00:00,46.47,0.04647
2024-01-26 14:00:00,49.28,0.049280000000000004
2024-01-26 15:00:00,50.11,0.05011
2024-01-26 16:00:00,52.74,0.05274
2024-01-26 17:00:00,60.7,0.060700000000000004
2024-01-26 18:00:00,58.75,0.05875
2024-01-26 19:00:00,64.96,0.06495999999999999
2024-01-26 20:00:00,58.78,0.05878
2024-01-26 21:00:00,62.02,0.062020000000000006
2024-01-26 22:00:00,59.58,0.05958
2024-01-26 23:00:00,57.08,0.05708
2024-01-27 00:00:00,55.5,0.0555
2024-01-27 01:00:00,55.03,0.05503
2024-01-27 02:00:00,56.21,0.05621
2024-01-27 03:00:00,55.05,0.055049999999999995
2024-01-27 04:00:00,55.74,0.055740000000000005
2024-01-27 05:00:00,56.83,0.05683
2024-01-27 06:00:00,59.07,0.05907
2024-01-27 07:00:00,65.91,0.06591
2024-01-27 08:00:00,75.29,0.07529000000000001
2024-01-27 09:00:00,72.56,0.07256
2024-01-27 10:00:00,60.06,0.06006
2024-01-27 11:00:00,56.61,0.05661
2024-01-27 12:00:00,55.84,0.05584
2024-01-27 13:00:00,53.88,0.053880000000000004
2024-01-27 14:00:00,59.72,0.05972
2024-01-27 15:00:00,72.44,0.07244
2024-01-27 16:00:00,83.62,0.08362
2024-01-27 17:00:00,93.37,0.09337000000000001
2024-01-27 18:00:00,95.95,0.09595000000000001
2024-01-27 19:00:00,92.53,0.09253
2024-01-27 20:00:00,84.42,0.08442
2024-01-27 21:00:00,76.07,0.07607
2024-01-27 22:00:00,75.97,0.07597
2024-01-27 23:00:00,72.7,0.0727
2024-01-28 00:00:00,66.77,0.06677
2024-01-28 01:00:00,60.92,0.06092
2024-01-28 02:00:00,59.65,0.05965
2024-01-28 03:00:00,59.94,0.05994
2024-01-28 04:00:00,61.4,0.061399999999999996
2024-01-28 05:00:00,64.11,0.06411
2024-01-28 06:00:00,60.53,0.06053
2024-01-28 07:00:00,59.64,0.05964
2024-01-28 08:00:00,59.63,0.05963
2024-01-28 09:00:00,55.08,0.05508
2024-01-28 10:00:00,51.16,0.05116
2024-01-28 11:00:00,45.75,0.04575
2024-01-28 12:00:00,41.58,0.04158
2024-01-28 13:00:00,40.09,0.04009
2024-01-28 14:00:00,50.65,0.05065
2024-01-28 15:00:00,56.41,0.056409999999999995
2024-01-28 16:00:00,68.87,0.06887
2024-01-28 17:00:00,77.84,0.07784
2024-01-28 18:00:00,71.93,0.07193000000000001
2024-01-28 19:00:00,69.88,0.06988
2024-01-28 20:00:00,68.25,0.06825
2024-01-28 21:00:00,57.17,0.05717
2024-01-28 22:00:00,59.43,0.05943
2024-01-28 23:00:00,56.0,0.056
2024-01-29 00:00:00,49.97,0.04997
2024-01-29 01:00:00,47.26,0.047259999999999996
2024-01-29 02:00:00,48.12,0.048119999999999996
2024-01-29 03:00:00,47.97,0.04797
2024-01-29 04:00:00,51.58,0.05158
2024-01-29 05:00:00,60.06,0.06006
2024-01-29 06:00:00,80.0,0.08
2024-01-29 07:00:00,93.57,0.09356999999999999
2024-01-29 08:00:00,99.17,0.09917000000000001
2024-01-29 09:00:00,88.39,0.08839
2024-01-29 10:00:00,78.9,0.07890000000000001
2024-01-29 11:00:00,71.27,0.07127
2024-01-29 12:00:00,70.24,0.07024
2024-01-29 13:00:00,74.99,0.07499
2024-01-29 14:00:00,82.55,0.08255
2024-01-29 15:00:00,97.6,0.09759999999999999
2024-01-29 16:00:00,108.43,0.10843000000000001
2024-01-29 17:00:00,127.42,0.12742
2024-01-29 18:00:00,117.3,0.1173
2024-01-29 19:00:00,107.52,0.10751999999999999
2024-01-29 20:00:00,91.98,0.09198
2024-01-29 21:00:00,86.79,0.08679
2024-01-29 22:00:00,83.42,0.08342000000000001
2024-01-29 23:00:00,80.29,0.08029
2024-01-30 00:00:00,71.94,0.07194
2024-01-30 01:00:00,68.79,0.06879
2024-01-30 02:00:00,69.37,0.06937
2024-01-30 03:00:00,67.44,0.06744
2024-01-30 04:00:00,67.18,0.06718
2024-01-30 05:00:00,69.37,0.06937
2024-01-30 06:00:00,78.43,0.07843000000000001
2024-01-30 07:00:00,90.6,0.0906
2024-01-30 08:00:00,95.93,0.09593
2024-01-30 09:00:00,84.93,0.08493
2024-01-30 10:00:00,77.15,0.07715000000000001
2024-01-30 11:00:00,70.1,0.0701
2024-01-30 12:00:00,68.1,0.0681
2024-01-30 13:00:00,68.23,0.06823
2024-01-30 14:00:00,71.93,0.07193000000000001
2024-01-30 15:00:00,79.49,0.07948999999999999
2024-01-30 16:00:00,82.36,0.08236
2024-01-30 17:00:00,88.17,0.08817
2024-01-30 18:00:00,99.23,0.09923
2024-01-30 19:00:00,91.91,0.09190999999999999
2024-01-30 20:00:00,86.04,0.08604
2024-01-30 21:00:00,78.0,0.078
2024-01-30 22:00:00,75.01,0.07501000000000001
2024-01-30 23:00:00,71.51,0.07151
2024-01-31 00:00:00,71.73,0.07173
2024-01-31 01:00:00,70.19,0.07019
2024-01-31 02:00:00,70.89,0.07089
2024-01-31 03:00:00,69.82,0.06982
2024-01-31 04:00:00,69.14,0.06914000000000001
2024-01-31 05:00:00,73.82,0.07382
2024-01-31 06:00:00,84.85,0.08485
2024-01-31 07:00:00,108.17,0.10817
2024-01-31 08:00:00,119.93,0.11993000000000001
2024-01-31 09:00:00,93.61,0.09361
2024-01-31 10:00:00,82.98,0.08298
2024-01-31 11:00:00,77.09,0.07709
2024-01-31 12:00:00,74.91,0.07490999999999999
2024-01-31 13:00:00,67.66,0.06766
2024-01-31 14:00:00,66.69,0.06669
2024-01-31 15:00:00,75.87,0.07587
2024-01-31 16:00:00,81.62,0.08162
2024-01-31 17:00:00,87.91,0.08791
2024-01-31 18:00:00,86.78,0.08678
2024-01-31 19:00:00,73.65,0.07365000000000001
2024-01-31 20:00:00,66.03,0.06603
2024-01-31 21:00:00,56.96,0.056960000000000004
2024-01-31 22:00:00,54.08,0.054079999999999996
2024-01-31 23:00:00,39.73,0.039729999999999994
2024-02-01 00:00:00,47.06,0.047060000000000005
2024-02-01 01:00:00,41.12,0.04112
2024-02-01 02:00:00,42.16,0.042159999999999996
2024-02-01 03:00:00,43.05,0.04305
2024-02-01 04:00:00,46.91,0.04690999999999999
2024-02-01 05:00:00,55.34,0.05534
2024-02-01 06:00:00,69.01,0.06901
2024-02-01 07:00:00,86.12,0.08612
2024-02-01 08:00:00,92.5,0.0925
2024-02-01 09:00:00,86.29,0.08629
2024-02-01 10:00:00,83.67,0.08367000000000001
2024-02-01 11:00:00,77.22,0.07722
2024-02-01 12:00:00,67.6,0.0676
2024-02-01 13:00:00,57.26,0.05726
2024-02-01 14:00:00,68.74,0.06874
2024-02-01 15:00:00,75.07,0.07507
2024-02-01 16:00:00,77.05,0.07705
2024-02-01 17:00:00,91.61,0.09161
2024-02-01 18:00:00,94.67,0.09467
2024-02-01 19:00:00,97.89,0.09789
2024-02-01 20:00:00,89.97,0.08997
2024-02-01 21:00:00,83.29,0.08329
2024-02-01 22:00:00,81.88,0.08188
2024-02-01 23:00:00,73.38,0.07338
2024-02-02 00:00:00,64.27,0.06427
2024-02-02 01:00:00,59.94,0.05994
2024-02-02 02:00:00,58.0,0.058
2024-02-02 03:00:00,54.69,0.054689999999999996
2024-02-02 04:00:00,53.23,0.05323
2024-02-02 05:00:00,55.07,0.05507
2024-02-02 06:00:00,66.94,0.06694
2024-02-02 07:00:00,76.99,0.07698999999999999
2024-02-02 08:00:00,89.32,0.08932
2024-02-02 09:00:00,85.9,0.0859
2024-02-02 10:00:00,80.77,0.08077
2024-02-02 11:00:00,75.15,0.07515000000000001
2024-02-02 12:00:00,64.8,0.0648
2024-02-02 13:00:00,56.52,0.05652
2024-02-02 14:00:00,54.83,0.05483
2024-02-02 15:00:00,53.09,0.053090000000000005
2024-02-02 16:00:00,52.73,0.05273
2024-02-02 17:00:00,58.5,0.0585
2024-02-02 18:00:00,68.97,0.06897
2024-02-02 19:00:00,63.34,0.06334000000000001
2024-02-02 20:00:00,55.06,0.055060000000000005
2024-02-02 21:00:00,49.68,0.04968
2024-02-02 22:00:00,46.03,0.04603
2024-02-02 23:00:00,36.05,0.03605
2024-02-03 00:00:00,24.74,0.024739999999999998
2024-02-03 01:00:00,12.85,0.01285
2024-02-03 02:00:00,6.73,0.006730000000000001
2024-02-03 03:00:00,10.51,0.01051
2024-02-03 04:00:00,8.53,0.00853
2024-02-03 05:00:00,8.8,0.0088
2024-02-03 06:00:00,16.48,0.01648
2024-02-03 07:00:00,34.17,0.03417
2024-02-03 08:00:00,45.99,0.04599
2024-02-03 09:00:00,45.97,0.04597
2024-02-03 10:00:00,35.62,0.03562
2024-02-03 11:00:00,30.42,0.030420000000000003
2024-02-03 12:00:00,30.58,0.03058
2024-02-03 13:00:00,30.62,0.03062
2024-02-03 14:00:00,40.74,0.040740000000000005
2024-02-03 15:00:00,43.7,0.0437
2024-02-03 16:00:00,49.36,0.04936
2024-02-03 17:00:00,57.83,0.05783
2024-02-03 18:00:00,68.57,0.06856999999999999
2024-02-03 19:00:00,65.98,0.06598000000000001
2024-02-03 20:00:00,54.37,0.054369999999999995
2024-02-03 21:00:00,51.21,0.05121
2024-02-03 22:00:00,50.81,0.05081
2024-02-03 23:00:00,38.71,0.03871
2024-02-04 00:00:00,35.3,0.0353
2024-02-04 01:00:00,10.04,0.010039999999999999
2024-02-04 02:00:00,3.23,0.00323
2024-02-04 03:00:00,0.68,0.00068
2024-02-04 04:00:00,0.0,0.0
2024-02-04 05:00:00,0.0,0.0
2024-02-04 06:00:00,0.0,0.0
2024-02-04 07:00:00,1.05,0.0010500000000000002
2024-02-04 08:00:00,8.87,0.00887
2024-02-04 09:00:00,9.83,0.00983
2024-02-04 10:00:00,10.87,0.01087
2024-02-04 11:00:00,12.81,0.01281
2024-02-04 12:00:00,13.82,0.01382
2024-02-04 13:00:00,4.62,0.00462
2024-02-04 14:00:00,9.72,0.009720000000000001
2024-02-04 15:00:00,15.72,0.01572
2024-02-04 16:00:00,18.43,0.01843
2024-02-04 17:00:00,38.91,0.03890999999999999
2024-02-04 18:00:00,46.01,0.046009999999999995
2024-02-04 19:00:00,36.17,0.03617
2024-02-04 20:00:00,29.05,0.02905
2024-02-04 21:00:00,24.52,0.02452
2024-02-04 22:00:00,24.44,0.02444
2024-02-04 23:00:00,0.57,0.00057
2024-02-05 00:00:00,0.0,0.0
2024-02-05 01:00:00,-0.03,-2.9999999999999997e-05
2024-02-05 02:00:00,-0.07,-7.000000000000001e-05
2024-02-05 03:00:00,-0.13,-0.00013000000000000002
2024-02-05 04:00:00,-0.05,-5e-05
2024-02-05 05:00:00,0.42,0.00041999999999999996
2024-02-05 06:00:00,38.97,0.03897
2024-02-05 07:00:00,58.91,0.05891
2024-02-05 08:00:00,62.32,0.06232
2024-02-05 09:00:00,56.86,0.05686
2024-02-05 10:00:00,52.93,0.05293
2024-02-05 11:00:00,40.15,0.04015
2024-02-05 12:00:00,7.05,0.00705
2024-02-05 13:00:00,1.09,0.00109
2024-02-05 14:00:00,5.01,0.00501
2024-02-05 15:00:00,53.1,0.0531
2024-02-05 16:00:00,60.72,0.060719999999999996
2024-02-05 17:00:00,68.47,0.06847
2024-02-05 18:00:00,68.78,0.06878000000000001
2024-02-05 19:00:00,61.84,0.061840000000000006
2024-02-05 20:00:00,60.48,0.06048
2024-02-05 21:00:00,59.65,0.05965
2024-02-05 22:00:00,56.3,0.056299999999999996
2024-02-05 23:00:00,47.41,0.047409999999999994
2024-02-06 00:00:00,35.04,0.03504
2024-02-06 01:00:00,27.65,0.027649999999999997
2024-02-06 02:00:00,7.08,0.00708
2024-02-06 03:00:00,3.07,0.00307
2024-02-06 04:00:00,1.94,0.0019399999999999999
2024-02-06 05:00:00,19.38,0.019379999999999998
2024-02-06 06:00:00,50.0,0.05
2024-02-06 07:00:00,68.16,0.06816
2024-02-06 08:00:00,62.0,0.062
2024-02-06 09:00:00,61.35,0.06135
2024-02-06 10:00:00,56.56,0.05656
2024-02-06 11:00:00,51.7,0.0517
2024-02-06 12:00:00,43.47,0.04347
2024-02-06 13:00:00,42.54,0.04254
2024-02-06 14:00:00,40.11,0.04011
2024-02-06 15:00:00,49.91,0.049909999999999996
2024-02-06 16:00:00,56.52,0.05652
2024-02-06 17:00:00,62.97,0.06297
2024-02-06 18:00:00,61.96,0.06196
2024-02-06 19:00:00,61.16,0.06116
2024-02-06 20:00:00,59.14,0.05914
2024-02-06 21:00:00,56.44,0.05644
2024-02-06 22:00:00,56.52,0.05652
2024-02-06 23:00:00,52.36,0.05236
2024-02-07 00:00:00,41.17,0.04117
2024-02-07 01:00:00,35.52,0.03552
2024-02-07 02:00:00,34.15,0.03415
2024-02-07 03:00:00,46.59,0.046590000000000006
2024-02-07 04:00:00,54.47,0.05447
2024-02-07 05:00:00,59.63,0.05963
2024-02-07 06:00:00,74.83,0.07483
2024-02-07 07:00:00,86.67,0.08667
2024-02-07 08:00:00,87.0,0.087
2024-02-07 09:00:00,85.53,0.08553
2024-02-07 10:00:00,81.17,0.08117
2024-02-07 11:00:00,78.01,0.07801000000000001
2024-02-07 12:00:00,75.98,0.07598
2024-02-07 13:00:00,79.24,0.07923999999999999
2024-02-07 14:00:00,77.99,0.07798999999999999
2024-02-07 15:00:00,88.21,0.08821
2024-02-07 16:00:00,97.3,0.0973
2024-02-07 17:00:00,120.05,0.12005
2024-02-07 18:00:00,136.22,0.13622
2024-02-07 19:00:00,109.7,0.1097
2024-02-07 20:00:00,99.91,0.09991
2024-02-07 21:00:00,87.65,0.08765
2024-02-07 22:00:00,83.63,0.08363
2024-02-07 23:00:00,79.21,0.07920999999999999
2024-02-08 00:00:00,73.7,0.0737
2024-02-08 01:00:00,73.2,0.0732
2024-02-08 02:00:00,72.15,0.07215
2024-02-08 03:00:00,72.94,0.07293999999999999
2024-02-08 04:00:00,73.65,0.07365000000000001
2024-02-08 05:00:00,77.85,0.07784999999999999
2024-02-08 06:00:00,87.08,0.08708
2024-02-08 07:00:00,110.0,0.11
2024-02-08 08:00:00,133.15,0.13315000000000002
2024-02-08 09:00:00,113.55,0.11355
2024-02-08 10:00:00,97.79,0.09779
2024-02-08 11:00:00,91.87,0.09187000000000001
2024-02-08 12:00:00,89.38,0.08938
2024-02-08 13:00:00,90.98,0.09098
2024-02-08 14:00:00,94.9,0.09490000000000001
2024-02-08 15:00:00,94.38,0.09437999999999999
2024-02-08 16:00:00,93.01,0.09301000000000001
2024-02-08 17:00:00,103.0,0.103
2024-02-08 18:00:00,94.67,0.09467
2024-02-08 19:00:00,86.06,0.08606
2024-02-08 20:00:00,83.2,0.0832
2024-02-08 21:00:00,80.61,0.08061
2024-02-08 22:00:00,75.6,0.0756
2024-02-08 23:00:00,65.98,0.06598000000000001
2024-02-09 00:00:00,60.43,0.06043
2024-02-09 01:00:00,58.61,0.05861
2024-02-09 02:00:00,55.74,0.055740000000000005
2024-02-09 03:00:00,51.61,0.051609999999999996
2024-02-09 04:00:00,49.96,0.04996
2024-02-09 05:00:00,52.32,0.05232
2024-02-09 06:00:00,59.08,0.05908
2024-02-09 07:00:00,66.79,0.06679
2024-02-09 08:00:00,70.13,0.07013
2024-02-09 09:00:00,68.37,0.06837
2024-02-09 10:00:00,69.52,0.06952
2024-02-09 11:00:00,69.94,0.06994
2024-02-09 12:00:00,67.85,0.06785
2024-02-09 13:00:00,67.74,0.06774
2024-02-09 14:00:00,73.22,0.07322
2024-02-09 15:00:00,81.56,0.08156000000000001
2024-02-09 16:00:00,90.12,0.09012
2024-02-09 17:00:00,95.45,0.09545000000000001
2024-02-09 18:00:00,95.45,0.09545000000000001
2024-02-09 19:00:00,87.05,0.08705
2024-02-09 20:00:00,80.44,0.08044
2024-02-09 21:00:00,75.2,0.0752
2024-02-09 22:00:00,74.91,0.07490999999999999
2024-02-09 23:00:00,70.94,0.07094
2024-02-10 00:00:00,63.1,0.0631
2024-02-10 01:00:00,64.08,0.06408
2024-02-10 02:00:00,64.4,0.0644
2024-02-10 03:00:00,64.39,0.06439
2024-02-10 04:00:00,64.41,0.06441
2024-02-10 05:00:00,65.82,0.06581999999999999
2024-02-10 06:00:00,70.91,0.07091
2024-02-10 07:00:00,74.86,0.07486
2024-02-10 08:00:00,77.7,0.0777
2024-02-10 09:00:00,80.38,0.08038
2024-02-10 10:00:00,74.59,0.07459
2024-02-10 11:00:00,69.43,0.06943
2024-02-10 12:00:00,68.3,0.0683
2024-02-10 13:00:00,66.72,0.06672
2024-02-10 14:00:00,69.53,0.06953
2024-02-10 15:00:00,77.17,0.07717
2024-02-10 16:00:00,86.13,0.08613
2024-02-10 17:00:00,88.95,0.08895
2024-02-10 18:00:00,87.62,0.08762
2024-02-10 19:00:00,81.01,0.08101
2024-02-10 20:00:00,74.4,0.07440000000000001
2024-02-10 21:00:00,67.84,0.06784
2024-02-10 22:00:00,65.86,0.06586
2024-02-10 23:00:00,63.46,0.06346
2024-02-11 00:00:00,55.48,0.055479999999999995
2024-02-11 01:00:00,53.67,0.05367
2024-02-11 02:00:00,52.6,0.0526
2024-02-11 03:00:00,46.83,0.04683
2024-02-11 04:00:00,43.64,0.04364
2024-02-11 05:00:00,46.25,0.04625
2024-02-11 06:00:00,49.19,0.04919
2024-02-11 07:00:00,53.16,0.05316
2024-02-11 08:00:00,55.06,0.055060000000000005
2024-02-11 09:00:00,57.97,0.05797
2024-02-11 10:00:00,61.16,0.06116
2024-02-11 11:00:00,65.54,0.06554
2024-02-11 12:00:00,64.6,0.06459999999999999
2024-02-11 13:00:00,62.12,0.062119999999999995
2024-02-11 14:00:00,63.99,0.06399
2024-02-11 15:00:00,66.3,0.0663
2024-02-11 16:00:00,70.69,0.07069
2024-02-11 17:00:00,78.5,0.0785
2024-02-11 18:00:00,80.74,0.08073999999999999
2024-02-11 19:00:00,79.72,0.07972
2024-02-11 20:00:00,76.75,0.07675
2024-02-11 21:00:00,70.72,0.07072
2024-02-11 22:00:00,68.39,0.06839
2024-02-11 23:00:00,64.01,0.06401000000000001
2024-02-12 00:00:00,64.35,0.06434999999999999
2024-02-12 01:00:00,61.59,0.061590000000000006
2024-02-12 02:00:00,60.65,0.060649999999999996
2024-02-12 03:00:00,59.39,0.05939
2024-02-12 04:00:00,59.21,0.05921
2024-02-12 05:00:00,65.0,0.065
2024-02-12 06:00:00,76.0,0.076
2024-02-12 07:00:00,85.41,0.08541
2024-02-12 08:00:00,104.0,0.104
2024-02-12 09:00:00,96.5,0.0965
2024-02-12 10:00:00,85.47,0.08547
2024-02-12 11:00:00,79.14,0.07914
2024-02-12 12:00:00,67.37,0.06737
2024-02-12 13:00:00,63.75,0.06375
2024-02-12 14:00:00,63.95,0.06395
2024-02-12 15:00:00,66.4,0.0664
2024-02-12 16:00:00,78.42,0.07842
2024-02-12 17:00:00,93.9,0.09390000000000001
2024-02-12 18:00:00,96.0,0.096
2024-02-12 19:00:00,89.08,0.08907999999999999
2024-02-12 20:00:00,79.15,0.07915000000000001
2024-02-12 21:00:00,71.54,0.07154
2024-02-12 22:00:00,65.87,0.06587
2024-02-12 23:00:00,61.9,0.0619
2024-02-13 00:00:00,68.59,0.06859
2024-02-13 01:00:00,65.37,0.06537000000000001
2024-02-13 02:00:00,63.41,0.06341
2024-02-13 03:00:00,60.49,0.06049
2024-02-13 04:00:00,60.06,0.06006
2024-02-13 05:00:00,63.59,0.06359000000000001
2024-02-13 06:00:00,70.69,0.07069
2024-02-13 07:00:00,82.18,0.08218
2024-02-13 08:00:00,89.1,0.0891
2024-02-13 09:00:00,75.12,0.07512
2024-02-13 10:00:00,69.21,0.06921
2024-02-13 11:00:00,63.87,0.06387
2024-02-13 12:00:00,60.53,0.06053
2024-02-13 13:00:00,60.26,0.06026
2024-02-13 14:00:00,63.1,0.0631
2024-02-13 15:00:00,70.7,0.0707
2024-02-13 16:00:00,78.36,0.07836
2024-02-13 17:00:00,95.01,0.09501000000000001
2024-02-13 18:00:00,99.88,0.09988
2024-02-13 19:00:00,90.99,0.09099
2024-02-13 20:00:00,77.97,0.07797
2024-02-13 21:00:00,71.86,0.07186
2024-02-13 22:00:00,68.39,0.06839
2024-02-13 23:00:00,64.74,0.06473999999999999
2024-02-14 00:00:00,60.63,0.06063
2024-02-14 01:00:00,59.34,0.059340000000000004
2024-02-14 02:00:00,55.76,0.05576
2024-02-14 03:00:00,54.79,0.05479
2024-02-14 04:00:00,55.06,0.055060000000000005
2024-02-14 05:00:00,58.43,0.05843
2024-02-14 06:00:00,63.23,0.06323
2024-02-14 07:00:00,72.74,0.07274
2024-02-14 08:00:00,79.73,0.07973000000000001
2024-02-14 09:00:00,69.65,0.06965
2024-02-14 10:00:00,63.86,0.06386
2024-02-14 11:00:00,63.29,0.06329
2024-02-14 12:00:00,62.63,0.06263
2024-02-14 13:00:00,63.82,0.06382
2024-02-14 14:00:00,69.03,0.06903000000000001
2024-02-14 15:00:00,72.23,0.07223
2024-02-14 16:00:00,78.54,0.07854000000000001
2024-02-14 17:00:00,82.97,0.08297
2024-02-14 18:00:00,87.58,0.08758
2024-02-14 19:00:00,84.47,0.08447
2024-02-14 20:00:00,76.48,0.07648
2024-02-14 21:00:00,69.68,0.06968
2024-02-14 22:00:00,68.2,0.0682
2024-02-14 23:00:00,63.8,0.0638
2024-02-15 00:00:00,61.71,0.06171
2024-02-15 01:00:00,61.13,0.061130000000000004
2024-02-15 02:00:00,60.3,0.0603
2024-02-15 03:00:00,59.75,0.05975
2024-02-15 04:00:00,61.94,0.061939999999999995
2024-02-15 05:00:00,66.06,0.06606000000000001
2024-02-15 06:00:00,72.21,0.07221
2024-02-15 07:00:00,81.57,0.08156999999999999
2024-02-15 08:00:00,82.67,0.08267000000000001
2024-02-15 09:00:00,78.76,0.07876000000000001
2024-02-15 10:00:00,74.18,0.07418000000000001
2024-02-15 11:00:00,69.96,0.06996
2024-02-15 12:00:00,66.63,0.06663
2024-02-15 13:00:00,66.19,0.06619
2024-02-15 14:00:00,69.91,0.06991
2024-02-15 15:00:00,75.05,0.07504999999999999
2024-02-15 16:00:00,79.05,0.07905
2024-02-15 17:00:00,87.0,0.087
2024-02-15 18:00:00,86.91,0.08691
2024-02-15 19:00:00,75.61,0.07561
2024-02-15 20:00:00,70.47,0.07047
2024-02-15 21:00:00,62.97,0.06297
2024-02-15 22:00:00,63.09,0.06309000000000001
2024-02-15 23:00:00,58.91,0.05891
2024-02-16 00:00:00,51.76,0.05176
2024-02-16 01:00:00,51.08,0.05108
2024-02-16 02:00:00,49.92,0.04992
2024-02-16 03:00:00,48.81,0.04881
2024-02-16 04:00:00,51.38,0.05138
2024-02-16 05:00:00,53.53,0.05353
2024-02-16 06:00:00,59.15,0.05915
2024-02-16 07:00:00,69.39,0.06939000000000001
2024-02-16 08:00:00,70.5,0.0705
2024-02-16 09:00:00,64.84,0.06484000000000001
2024-02-16 10:00:00,54.37,0.054369999999999995
2024-02-16 11:00:00,53.0,0.053
2024-02-16 12:00:00,52.33,0.05233
2024-02-16 13:00:00,52.31,0.05231
2024-02-16 14:00:00,53.78,0.05378
2024-02-16 15:00:00,62.59,0.06259
2024-02-16 16:00:00,69.99,0.06999
2024-02-16 17:00:00,72.58,0.07257999999999999
2024-02-16 18:00:00,77.42,0.07742
2024-02-16 19:00:00,76.78,0.07678
2024-02-16 20:00:00,72.47,0.07246999999999999
2024-02-16 21:00:00,69.4,0.0694
2024-02-16 22:00:00,68.05,0.06805
2024-02-16 23:00:00,60.02,0.060020000000000004
2024-02-17 00:00:00,57.31,0.05731
2024-02-17 01:00:00,57.0,0.057
2024-02-17 02:00:00,55.88,0.05588
2024-02-17 03:00:00,54.66,0.05465999999999999
2024-02-17 04:00:00,54.62,0.054619999999999995
2024-02-17 05:00:00,55.48,0.055479999999999995
2024-02-17 06:00:00,55.17,0.055170000000000004
2024-02-17 07:00:00,56.9,0.0569
2024-02-17 08:00:00,64.89,0.06489
2024-02-17 09:00:00,63.29,0.06329
2024-02-17 10:00:00,62.02,0.062020000000000006
2024-02-17 11:00:00,60.69,0.06069
2024-02-17 12:00:00,58.26,0.05826
2024-02-17 13:00:00,55.25,0.05525
2024-02-17 14:00:00,59.09,0.059090000000000004
2024-02-17 15:00:00,68.83,0.06883
2024-02-17 16:00:00,75.03,0.07503
2024-02-17 17:00:00,87.93,0.08793000000000001
2024-02-17 18:00:00,110.06,0.11006
2024-02-17 19:00:00,90.28,0.09028
2024-02-17 20:00:00,80.93,0.08093
2024-02-17 21:00:00,74.57,0.07457
2024-02-17 22:00:00,72.44,0.07244
2024-02-17 23:00:00,69.11,0.06911
2024-02-18 00:00:00,62.38,0.062380000000000005
2024-02-18 01:00:00,54.81,0.054810000000000005
2024-02-18 02:00:00,51.44,0.05144
2024-02-18 03:00:00,50.32,0.050320000000000004
2024-02-18 04:00:00,50.19,0.05019
2024-02-18 05:00:00,48.47,0.04847
2024-02-18 06:00:00,46.02,0.046020000000000005
2024-02-18 07:00:00,48.97,0.04897
2024-02-18 08:00:00,47.28,0.04728
2024-02-18 09:00:00,43.03,0.04303
2024-02-18 10:00:00,40.45,0.04045
2024-02-18 11:00:00,41.0,0.041
2024-02-18 12:00:00,40.1,0.040100000000000004
2024-02-18 13:00:00,39.88,0.039880000000000006
2024-02-18 14:00:00,42.87,0.04287
2024-02-18 15:00:00,54.29,0.05429
2024-02-18 16:00:00,62.87,0.06287
2024-02-18 17:00:00,72.0,0.072
2024-02-18 18:00:00,73.66,0.07366
2024-02-18 19:00:00,70.59,0.07059
2024-02-18 20:00:00,64.71,0.06470999999999999
2024-02-18 21:00:00,59.83,0.05983
2024-02-18 22:00:00,57.33,0.05733
2024-02-18 23:00:00,53.94,0.053939999999999995
2024-02-19 00:00:00,44.0,0.044
2024-02-19 01:00:00,43.04,0.04304
2024-02-19 02:00:00,44.21,0.04421
2024-02-19 03:00:00,43.91,0.04391
2024-02-19 04:00:00,44.92,0.04492
2024-02-19 05:00:00,51.57,0.05157
2024-02-19 06:00:00,68.6,0.0686
2024-02-19 07:00:00,79.09,0.07909000000000001
2024-02-19 08:00:00,83.84,0.08384
2024-02-19 09:00:00,75.03,0.07503
2024-02-19 10:00:00,70.83,0.07083
2024-02-19 11:00:00,69.13,0.06913
2024-02-19 12:00:00,62.47,0.06247
2024-02-19 13:00:00,60.99,0.06099
2024-02-19 14:00:00,65.96,0.06595999999999999
2024-02-19 15:00:00,69.28,0.06928
2024-02-19 16:00:00,71.51,0.07151
2024-02-19 17:00:00,76.25,0.07625
2024-02-19 18:00:00,97.65,0.09765
2024-02-19 19:00:00,79.98,0.07998000000000001
2024-02-19 20:00:00,71.86,0.07186
2024-02-19 21:00:00,67.47,0.06747
2024-02-19 22:00:00,66.27,0.06627
2024-02-19 23:00:00,59.07,0.05907
2024-02-20 00:00:00,58.06,0.05806
2024-02-20 01:00:00,54.32,0.05432
2024-02-20 02:00:00,53.96,0.05396
2024-02-20 03:00:00,53.48,0.05348
2024-02-20 04:00:00,52.99,0.05299
2024-02-20 05:00:00,54.79,0.05479
2024-02-20 06:00:00,70.53,0.07053
2024-02-20 07:00:00,88.4,0.0884
2024-02-20 08:00:00,90.89,0.09089
2024-02-20 09:00:00,78.55,0.07855
2024-02-20 10:00:00,69.84,0.06984
2024-02-20 11:00:00,60.88,0.060880000000000004
2024-02-20 12:00:00,53.52,0.053520000000000005
2024-02-20 13:00:00,51.42,0.05142
2024-02-20 14:00:00,51.79,0.051789999999999996
2024-02-20 15:00:00,56.16,0.056159999999999995
2024-02-20 16:00:00,63.08,0.06308
2024-02-20 17:00:00,70.54,0.07054
2024-02-20 18:00:00,71.25,0.07125
2024-02-20 19:00:00,73.47,0.07347
2024-02-20 20:00:00,68.48,0.06848
2024-02-20 21:00:00,61.33,0.061329999999999996
2024-02-20 22:00:00,56.86,0.05686
2024-02-20 23:00:00,52.77,0.052770000000000004
2024-02-21 00:00:00,50.65,0.05065
2024-02-21 01:00:00,48.47,0.04847
2024-02-21 02:00:00,46.84,0.04684000000000001
2024-02-21 03:00:00,44.77,0.044770000000000004
2024-02-21 04:00:00,45.39,0.04539
2024-02-21 05:00:00,50.03,0.05003
2024-02-21 06:00:00,66.0,0.066
2024-02-21 07:00:00,81.34,0.08134000000000001
2024-02-21 08:00:00,85.11,0.08511
2024-02-21 09:00:00,70.34,0.07034
2024-02-21 10:00:00,64.1,0.06409999999999999
2024-02-21 11:00:00,60.39,0.06039
2024-02-21 12:00:00,53.01,0.053009999999999995
2024-02-21 13:00:00,51.22,0.05122
2024-02-21 14:00:00,53.77,0.053770000000000005
2024-02-21 15:00:00,65.6,0.06559999999999999
2024-02-21 16:00:00,69.92,0.06992
2024-02-21 17:00:00,69.63,0.06963
2024-02-21 18:00:00,68.58,0.06858
2024-02-21 19:00:00,61.39,0.06139
2024-02-21 20:00:00,52.11,0.05211
2024-02-21 21:00:00,45.98,0.04598
2024-02-21 22:00:00,41.71,0.041710000000000004
2024-02-21 23:00:00,35.22,0.03522
2024-02-22 00:00:00,30.47,0.03047
2024-02-22 01:00:00,27.01,0.027010000000000003
2024-02-22 02:00:00,27.07,0.02707
2024-02-22 03:00:00,27.95,0.02795
2024-02-22 04:00:00,37.0,0.037
2024-02-22 05:00:00,48.05,0.048049999999999995
2024-02-22 06:00:00,66.09,0.06609000000000001
2024-02-22 07:00:00,76.53,0.07653
2024-02-22 08:00:00,81.91,0.08191
2024-02-22 09:00:00,74.09,0.07409
2024-02-22 10:00:00,71.95,0.07195
2024-02-22 11:00:00,68.53,0.06853000000000001
2024-02-22 12:00:00,68.77,0.06877
2024-02-22 13:00:00,68.98,0.06898
2024-02-22 14:00:00,64.65,0.06465
2024-02-22 15:00:00,64.75,0.06475
2024-02-22 16:00:00,63.25,0.06325
2024-02-22 17:00:00,61.76,0.061759999999999995
2024-02-22 18:00:00,59.91,0.05991
2024-02-22 19:00:00,52.42,0.05242
2024-02-22 20:00:00,42.45,0.04245
2024-02-22 21:00:00,24.48,0.024480000000000002
2024-02-22 22:00:00,12.06,0.012060000000000001
2024-02-22 23:00:00,1.91,0.00191
2024-02-23 00:00:00,9.23,0.00923
2024-02-23 01:00:00,1.07,0.00107
2024-02-23 02:00:00,1.19,0.0011899999999999999
2024-02-23 03:00:00,0.09,8.999999999999999e-05
2024-02-23 04:00:00,0.02,2e-05
2024-02-23 05:00:00,0.09,8.999999999999999e-05
2024-02-23 06:00:00,39.68,0.03968
2024-02-23 07:00:00,57.06,0.05706
2024-02-23 08:00:00,59.35,0.05935
2024-02-23 09:00:00,51.69,0.05169
2024-02-23 10:00:00,46.64,0.04664
2024-02-23 11:00:00,41.65,0.04165
2024-02-23 12:00:00,37.1,0.0371
2024-02-23 13:00:00,33.6,0.033600000000000005
2024-02-23 14:00:00,39.08,0.03908
2024-02-23 15:00:00,49.51,0.04951
2024-02-23 16:00:00,63.08,0.06308
2024-02-23 17:00:00,73.8,0.07379999999999999
2024-02-23 18:00:00,86.44,0.08644
2024-02-23 19:00:00,84.01,0.08401
2024-02-23 20:00:00,72.97,0.07297
2024-02-23 21:00:00,69.26,0.06926
2024-02-23 22:00:00,67.98,0.06798
2024-02-23 23:00:00,65.1,0.06509999999999999
2024-02-24 00:00:00,66.47,0.06647
2024-02-24 01:00:00,63.9,0.0639
2024-02-24 02:00:00,59.5,0.0595
2024-02-24 03:00:00,55.2,0.055200000000000006
2024-02-24 04:00:00,55.39,0.05539
2024-02-24 05:00:00,57.1,0.0571
2024-02-24 06:00:00,61.67,0.06167
2024-02-24 07:00:00,66.11,0.06611
2024-02-24 08:00:00,64.4,0.0644
2024-02-24 09:00:00,57.6,0.0576
2024-02-24 10:00:00,49.16,0.049159999999999995
2024-02-24 11:00:00,45.84,0.045840000000000006
2024-02-24 12:00:00,40.32,0.04032
2024-02-24 13:00:00,32.22,0.03222
2024-02-24 14:00:00,37.6,0.0376
2024-02-24 15:00:00,45.0,0.045
2024-02-24 16:00:00,55.95,0.05595
2024-02-24 17:00:00,71.67,0.07167
2024-02-24 18:00:00,80.0,0.08
2024-02-24 19:00:00,74.13,0.07413
2024-02-24 20:00:00,65.17,0.06517
2024-02-24 21:00:00,59.94,0.05994
2024-02-24 22:00:00,56.22,0.05622
2024-02-24 23:00:00,52.2,0.0522
2024-02-25 00:00:00,56.57,0.05657
2024-02-25 01:00:00,55.44,0.055439999999999996
2024-02-25 02:00:00,55.38,0.055380000000000006
2024-02-25 03:00:00,54.89,0.05489
2024-02-25 04:00:00,55.19,0.055189999999999996
2024-02-25 05:00:00,55.07,0.05507
2024-02-25 06:00:00,56.71,0.05671
2024-02-25 07:00:00,59.92,0.05992
2024-02-25 08:00:00,61.58,0.061579999999999996
2024-02-25 09:00:00,61.82,0.06182
2024-02-25 10:00:00,56.31,0.05631
2024-02-25 11:00:00,54.12,0.054119999999999994
2024-02-25 12:00:00,50.0,0.05
2024-02-25 13:00:00,46.03,0.04603
2024-02-25 14:00:00,49.84,0.04984
2024-02-25 15:00:00,55.0,0.055
2024-02-25 16:00:00,67.8,0.0678
2024-02-25 17:00:00,82.19,0.08219
2024-02-25 18:00:00,93.69,0.09369
2024-02-25 19:00:00,79.18,0.07918
2024-02-25 20:00:00,69.99,0.06999
2024-02-25 21:00:00,65.92,0.06592
2024-02-25 22:00:00,65.23,0.06523000000000001
2024-02-25 23:00:00,58.38,0.05838
2024-02-26 00:00:00,57.83,0.05783
2024-02-26 01:00:00,56.82,0.05682
2024-02-26 02:00:00,55.7,0.0557
2024-02-26 03:00:00,51.8,0.0518
2024-02-26 04:00:00,53.3,0.0533
2024-02-26 05:00:00,57.92,0.05792
2024-02-26 06:00:00,70.02,0.07002
2024-02-26 07:00:00,79.9,0.0799
2024-02-26 08:00:00,81.6,0.08159999999999999
2024-02-26 09:00:00,73.83,0.07382999999999999
2024-02-26 10:00:00,66.65,0.06665
2024-02-26 11:00:00,65.03,0.06503
2024-02-26 12:00:00,58.42,0.05842
2024-02-26 13:00:00,58.19,0.05819
2024-02-26 14:00:00,61.29,0.06129
2024-02-26 15:00:00,64.95,0.06495000000000001
2024-02-26 16:00:00,69.99,0.06999
2024-02-26 17:00:00,77.0,0.077
2024-02-26 18:00:00,85.32,0.08532
2024-02-26 19:00:00,81.01,0.08101
2024-02-26 20:00:00,72.21,0.07221
2024-02-26 21:00:00,65.69,0.06569
2024-02-26 22:00:00,65.21,0.06520999999999999
2024-02-26 23:00:00,60.76,0.060759999999999995
2024-02-27 00:00:00,57.62,0.05762
2024-02-27 01:00:00,57.55,0.05755
2024-02-27 02:00:00,57.35,0.05735
2024-02-27 03:00:00,56.87,0.05687
2024-02-27 04:00:00,57.35,0.05735
2024-02-27 05:00:00,63.1,0.0631
2024-02-27 06:00:00,74.31,0.07431
2024-02-27 07:00:00,95.63,0.09562999999999999
2024-02-27 08:00:00,95.78,0.09578
2024-02-27 09:00:00,80.81,0.08081
2024-02-27 10:00:00,68.71,0.06871
2024-02-27 11:00:00,64.93,0.06493
2024-02-27 12:00:00,59.26,0.05926
2024-02-27 13:00:00,59.25,0.05925
2024-02-27 14:00:00,64.71,0.06470999999999999
2024-02-27 15:00:00,72.06,0.07206
2024-02-27 16:00:00,79.82,0.07981999999999999
2024-02-27 17:00:00,98.02,0.09802
2024-02-27 18:00:00,111.8,0.1118
2024-02-27 19:00:00,105.17,0.10517
2024-02-27 20:00:00,84.36,0.08436
2024-02-27 21:00:00,72.37,0.07237
2024-02-27 22:00:00,70.27,0.07027
2024-02-27 23:00:00,64.97,0.06497
2024-02-28 00:00:00,60.36,0.06036
2024-02-28 01:00:00,59.4,0.0594
2024-02-28 02:00:00,61.34,0.061340000000000006
2024-02-28 03:00:00,63.46,0.06346
2024-02-28 04:00:00,63.74,0.06374
2024-02-28 05:00:00,67.44,0.06744
2024-02-28 06:00:00,74.3,0.07429999999999999
2024-02-28 07:00:00,98.89,0.09889
2024-02-28 08:00:00,104.49,0.10449
2024-02-28 09:00:00,85.46,0.08546
2024-02-28 10:00:00,73.99,0.07399
2024-02-28 11:00:00,67.55,0.06755
2024-02-28 12:00:00,63.93,0.06393
2024-02-28 13:00:00,60.72,0.060719999999999996
2024-02-28 14:00:00,61.51,0.061509999999999995
2024-02-28 15:00:00,70.43,0.07043
2024-02-28 16:00:00,74.96,0.07496
2024-02-28 17:00:00,93.04,0.09304000000000001
2024-02-28 18:00:00,93.24,0.09323999999999999
2024-02-28 19:00:00,78.29,0.07829000000000001
2024-02-28 20:00:00,65.44,0.06544
2024-02-28 21:00:00,62.59,0.06259
2024-02-28 22:00:00,64.02,0.06402
2024-02-28 23:00:00,55.12,0.055119999999999995
2024-02-29 00:00:00,55.11,0.05511
2024-02-29 01:00:00,53.33,0.053329999999999995
2024-02-29 02:00:00,50.06,0.05006
2024-02-29 03:00:00,47.03,0.04703
2024-02-29 04:00:00,47.15,0.04715
2024-02-29 05:00:00,53.32,0.05332
2024-02-29 06:00:00,62.03,0.06203
2024-02-29 07:00:00,73.74,0.07374
2024-02-29 08:00:00,73.89,0.07389
2024-02-29 09:00:00,70.39,0.07039
2024-02-29 10:00:00,60.47,0.060469999999999996
2024-02-29 11:00:00,55.01,0.055009999999999996
2024-02-29 12:00:00,53.98,0.05398
2024-02-29 13:00:00,56.02,0.05602
2024-02-29 14:00:00,55.07,0.05507
2024-02-29 15:00:00,64.96,0.06495999999999999
2024-02-29 16:00:00,70.98,0.07098
2024-02-29 17:00:00,81.28,0.08128
2024-02-29 18:00:00,86.26,0.08626
2024-02-29 19:00:00,80.99,0.08098999999999999
2024-02-29 20:00:00,72.77,0.07277
2024-02-29 21:00:00,67.25,0.06725
2024-02-29 22:00:00,64.9,0.0649
2024-02-29 23:00:00,60.9,0.060899999999999996
2024-03-01 00:00:00,62.04,0.06204
2024-03-01 01:00:00,61.42,0.06142
2024-03-01 02:00:00,58.14,0.05814
2024-03-01 03:00:00,57.83,0.05783
2024-03-01 04:00:00,58.3,0.0583
2024-03-01 05:00:00,62.49,0.062490000000000004
2024-03-01 06:00:00,71.58,0.07158
2024-03-01 07:00:00,79.36,0.07936
2024-03-01 08:00:00,83.79,0.08379
2024-03-01 09:00:00,75.88,0.07587999999999999
2024-03-01 10:00:00,66.52,0.06652
2024-03-01 11:00:00,64.76,0.06476000000000001
2024-03-01 12:00:00,63.08,0.06308
2024-03-01 13:00:00,64.63,0.06462999999999999
2024-03-01 14:00:00,67.11,0.06711
2024-03-01 15:00:00,72.57,0.07257
2024-03-01 16:00:00,78.94,0.07894
2024-03-01 17:00:00,89.4,0.08940000000000001
2024-03-01 18:00:00,93.73,0.09373000000000001
2024-03-01 19:00:00,87.19,0.08719
2024-03-01 20:00:00,77.49,0.07748999999999999
2024-03-01 21:00:00,71.62,0.07162
2024-03-01 22:00:00,70.06,0.07006
2024-03-01 23:00:00,66.39,0.06639
2024-03-02 00:00:00,59.95,0.05995
2024-03-02 01:00:00,56.03,0.05603
2024-03-02 02:00:00,56.02,0.05602
2024-03-02 03:00:00,55.48,0.055479999999999995
2024-03-02 04:00:00,54.88,0.054880000000000005
2024-03-02 05:00:00,55.99,0.055990000000000005
2024-03-02 06:00:00,56.58,0.05658
2024-03-02 07:00:00,60.67,0.06067
2024-03-02 08:00:00,63.76,0.06376
2024-03-02 09:00:00,65.75,0.06575
2024-03-02 10:00:00,60.44,0.06044
2024-03-02 11:00:00,59.18,0.059179999999999996
2024-03-02 12:00:00,55.83,0.05583
2024-03-02 13:00:00,54.9,0.0549
2024-03-02 14:00:00,59.86,0.05986
2024-03-02 15:00:00,66.08,0.06608
2024-03-02 16:00:00,73.0,0.073
2024-03-02 17:00:00,80.63,0.08063
2024-03-02 18:00:00,93.6,0.09359999999999999
2024-03-02 19:00:00,89.9,0.08990000000000001
2024-03-02 20:00:00,76.98,0.07698
2024-03-02 21:00:00,69.81,0.06981
2024-03-02 22:00:00,60.94,0.06094
2024-03-02 23:00:00,54.99,0.054990000000000004
2024-03-03 00:00:00,54.5,0.0545
2024-03-03 01:00:00,53.63,0.053630000000000004
2024-03-03 02:00:00,53.8,0.0538
2024-03-03 03:00:00,55.59,0.05559
2024-03-03 04:00:00,55.31,0.055310000000000005
2024-03-03 05:00:00,55.82,0.05582
2024-03-03 06:00:00,56.0,0.056
2024-03-03 07:00:00,56.88,0.05688
2024-03-03 08:00:00,54.77,0.054770000000000006
2024-03-03 09:00:00,53.99,0.05399
2024-03-03 10:00:00,52.01,0.05201
2024-03-03 11:00:00,49.46,0.049460000000000004
2024-03-03 12:00:00,47.51,0.04751
2024-03-03 13:00:00,42.51,0.04251
2024-03-03 14:00:00,46.84,0.04684000000000001
2024-03-03 15:00:00,54.13,0.054130000000000005
2024-03-03 16:00:00,60.28,0.06028
2024-03-03 17:00:00,75.58,0.07558
2024-03-03 18:00:00,84.36,0.08436
2024-03-03 19:00:00,86.96,0.08696
2024-03-03 20:00:00,81.8,0.0818
2024-03-03 21:00:00,75.0,0.075
2024-03-03 22:00:00,72.18,0.07218000000000001
2024-03-03 23:00:00,72.42,0.07242
2024-03-04 00:00:00,69.13,0.06913
2024-03-04 01:00:00,67.9,0.0679
2024-03-04 02:00:00,67.41,0.06741
2024-03-04 03:00:00,66.22,0.06622
2024-03-04 04:00:00,65.59,0.06559000000000001
2024-03-04 05:00:00,70.83,0.07083
2024-03-04 06:00:00,81.18,0.08118
2024-03-04 07:00:00,96.67,0.09667
2024-03-04 08:00:00,102.97,0.10296999999999999
2024-03-04 09:00:00,85.02,0.08502
2024-03-04 10:00:00,71.93,0.07193000000000001
2024-03-04 11:00:00,64.89,0.06489
2024-03-04 12:00:00,63.93,0.06393
2024-03-04 13:00:00,61.1,0.0611
2024-03-04 14:00:00,62.5,0.0625
2024-03-04 15:00:00,69.86,0.06986
2024-03-04 16:00:00,75.95,0.07595
2024-03-04 17:00:00,90.59,0.09059
2024-03-04 18:00:00,105.18,0.10518000000000001
2024-03-04 19:00:00,99.13,0.09913
2024-03-04 20:00:00,80.52,0.08052
2024-03-04 21:00:00,71.39,0.07139
2024-03-04 22:00:00,67.49,0.06749
2024-03-04 23:00:00,63.93,0.06393
2024-03-05 00:00:00,61.96,0.06196
2024-03-05 01:00:00,61.67,0.06167
2024-03-05 02:00:00,61.33,0.061329999999999996
2024-03-05 03:00:00,59.86,0.05986
2024-03-05 04:00:00,60.56,0.06056
2024-03-05 05:00:00,61.67,0.06167
2024-03-05 06:00:00,71.53,0.07153
2024-03-05 07:00:00,79.28,0.07928
2024-03-05 08:00:00,83.02,0.08302
2024-03-05 09:00:00,77.0,0.077
2024-03-05 10:00:00,71.15,0.07115
2024-03-05 11:00:00,69.72,0.06972
2024-03-05 12:00:00,66.01,0.06601
2024-03-05 13:00:00,65.83,0.06583
2024-03-05 14:00:00,69.61,0.06961
2024-03-05 15:00:00,70.67,0.07067
2024-03-05 16:00:00,76.28,0.07628
2024-03-05 17:00:00,82.07,0.08206999999999999
2024-03-05 18:00:00,104.38,0.10438
2024-03-05 19:00:00,112.99,0.11299
2024-03-05 20:00:00,93.12,0.09312000000000001
2024-03-05 21:00:00,82.81,0.08281000000000001
2024-03-05 22:00:00,76.08,0.07608
2024-03-05 23:00:00,71.83,0.07183
2024-03-06 00:00:00,71.0,0.071
2024-03-06 01:00:00,70.7,0.0707
2024-03-06 02:00:00,70.46,0.07046
2024-03-06 03:00:00,69.74,0.06974
2024-03-06 04:00:00,70.46,0.07046
2024-03-06 05:00:00,73.91,0.07391
2024-03-06 06:00:00,83.98,0.08398
2024-03-06 07:00:00,106.64,0.10664
2024-03-06 08:00:00,108.7,0.1087
2024-03-06 09:00:00,87.21,0.08721
2024-03-06 10:00:00,75.92,0.07592
2024-03-06 11:00:00,72.02,0.07202
2024-03-06 12:00:00,69.35,0.06935
2024-03-06 13:00:00,69.29,0.06929
2024-03-06 14:00:00,70.64,0.07064
2024-03-06 15:00:00,72.26,0.07226
2024-03-06 16:00:00,81.06,0.08106000000000001
2024-03-06 17:00:00,100.0,0.1
2024-03-06 18:00:00,119.58,0.11957999999999999
2024-03-06 19:00:00,119.25,0.11925
2024-03-06 20:00:00,93.4,0.09340000000000001
2024-03-06 21:00:00,80.15,0.08015
2024-03-06 22:00:00,77.98,0.07798000000000001
2024-03-06 23:00:00,74.34,0.07434
2024-03-07 00:00:00,73.33,0.07332999999999999
2024-03-07 01:00:00,72.32,0.07232
2024-03-07 02:00:00,70.34,0.07034
2024-03-07 03:00:00,68.71,0.06871
2024-03-07 04:00:00,69.89,0.06989
2024-03-07 05:00:00,73.13,0.07313
2024-03-07 06:00:00,84.27,0.08427
2024-03-07 07:00:00,103.2,0.1032
2024-03-07 08:00:00,96.7,0.09670000000000001
2024-03-07 09:00:00,79.09,0.07909000000000001
2024-03-07 10:00:00,71.31,0.07131
2024-03-07 11:00:00,66.16,0.06616
2024-03-07 12:00:00,61.69,0.061689999999999995
2024-03-07 13:00:00,60.26,0.06026
2024-03-07 14:00:00,63.33,0.06333
2024-03-07 15:00:00,66.04,0.06604
2024-03-07 16:00:00,69.92,0.06992
2024-03-07 17:00:00,89.2,0.0892
2024-03-07 18:00:00,105.71,0.10571
2024-03-07 19:00:00,90.3,0.09029999999999999
2024-03-07 20:00:00,82.49,0.08249
2024-03-07 21:00:00,73.35,0.07335
2024-03-07 22:00:00,73.32,0.07332
2024-03-07 23:00:00,67.72,0.06772
2024-03-08 00:00:00,68.45,0.06845
2024-03-08 01:00:00,66.96,0.06695999999999999
2024-03-08 02:00:00,67.01,0.06701
2024-03-08 03:00:00,65.99,0.06599
2024-03-08 04:00:00,66.3,0.0663
2024-03-08 05:00:00,67.11,0.06711
2024-03-08 06:00:00,82.91,0.08291
2024-03-08 07:00:00,95.06,0.09506
2024-03-08 08:00:00,88.89,0.08889
2024-03-08 09:00:00,74.36,0.07436
2024-03-08 10:00:00,57.59,0.05759
2024-03-08 11:00:00,52.05,0.05205
2024-03-08 12:00:00,21.77,0.02177
2024-03-08 13:00:00,4.26,0.00426
2024-03-08 14:00:00,24.2,0.0242
2024-03-08 15:00:00,40.25,0.04025
2024-03-08 16:00:00,55.74,0.055740000000000005
2024-03-08 17:00:00,71.98,0.07198
2024-03-08 18:00:00,83.76,0.08376
2024-03-08 19:00:00,79.98,0.07998000000000001
2024-03-08 20:00:00,71.46,0.07146
2024-03-08 21:00:00,64.9,0.0649
2024-03-08 22:00:00,65.03,0.06503
2024-03-08 23:00:00,59.89,0.05989
2024-03-09 00:00:00,56.56,0.05656
2024-03-09 01:00:00,54.91,0.054909999999999994
2024-03-09 02:00:00,53.72,0.05372
2024-03-09 03:00:00,52.56,0.05256
2024-03-09 04:00:00,48.6,0.048600000000000004
2024-03-09 05:00:00,47.79,0.04779
2024-03-09 06:00:00,50.47,0.05047
2024-03-09 07:00:00,53.06,0.05306
2024-03-09 08:00:00,53.06,0.05306
2024-03-09 09:00:00,48.12,0.048119999999999996
2024-03-09 10:00:00,32.94,0.03294
2024-03-09 11:00:00,0.2,0.0002
2024-03-09 12:00:00,-1.15,-0.00115
2024-03-09 13:00:00,-5.02,-0.005019999999999999
2024-03-09 14:00:00,-0.04,-4e-05
2024-03-09 15:00:00,28.19,0.02819
2024-03-09 16:00:00,52.64,0.05264
2024-03-09 17:00:00,69.49,0.06949
2024-03-09 18:00:00,78.02,0.07801999999999999
2024-03-09 19:00:00,74.99,0.07499
2024-03-09 20:00:00,67.26,0.06726
2024-03-09 21:00:00,60.47,0.060469999999999996
2024-03-09 22:00:00,60.53,0.06053
2024-03-09 23:00:00,57.29,0.05729
2024-03-10 00:00:00,48.65,0.04865
2024-03-10 01:00:00,46.06,0.046060000000000004
2024-03-10 02:00:00,40.98,0.040979999999999996
2024-03-10 03:00:00,35.55,0.03555
2024-03-10 04:00:00,32.39,0.03239
2024-03-10 05:00:00,32.28,0.03228
2024-03-10 06:00:00,33.91,0.033909999999999996
2024-03-10 07:00:00,39.49,0.039490000000000004
2024-03-10 08:00:00,34.82,0.034820000000000004
2024-03-10 09:00:00,25.25,0.02525
2024-03-10 10:00:00,2.35,0.00235
2024-03-10 11:00:00,-0.1,-0.0001
2024-03-10 12:00:00,-8.24,-0.00824
2024-03-10 13:00:00,-9.98,-0.009980000000000001
2024-03-10 14:00:00,-0.51,-0.00051
2024-03-10 15:00:00,14.41,0.014410000000000001
2024-03-10 16:00:00,47.96,0.04796
2024-03-10 17:00:00,55.97,0.05597
2024-03-10 18:00:00,66.35,0.06634999999999999
2024-03-10 19:00:00,62.32,0.06232
2024-03-10 20:00:00,57.14,0.05714
2024-03-10 21:00:00,53.74,0.05374
2024-03-10 22:00:00,53.08,0.053079999999999995
2024-03-10 23:00:00,52.05,0.05205
2024-03-11 00:00:00,48.93,0.04893
2024-03-11 01:00:00,49.33,0.04933
2024-03-11 02:00:00,50.21,0.05021
2024-03-11 03:00:00,49.28,0.049280000000000004
2024-03-11 04:00:00,49.99,0.04999
2024-03-11 05:00:00,56.3,0.056299999999999996
2024-03-11 06:00:00,76.64,0.07664
2024-03-11 07:00:00,82.6,0.08259999999999999
2024-03-11 08:00:00,85.59,0.08559
2024-03-11 09:00:00,80.45,0.08045000000000001
2024-03-11 10:00:00,71.2,0.0712
2024-03-11 11:00:00,65.03,0.06503
2024-03-11 12:00:00,60.79,0.06079
2024-03-11 13:00:00,66.25,0.06625
2024-03-11 14:00:00,67.0,0.067
2024-03-11 15:00:00,73.47,0.07347
2024-03-11 16:00:00,80.19,0.08019
2024-03-11 17:00:00,91.39,0.09139
2024-03-11 18:00:00,100.7,0.1007
2024-03-11 19:00:00,108.01,0.10801000000000001
2024-03-11 20:00:00,87.99,0.08799
2024-03-11 21:00:00,76.71,0.07671
2024-03-11 22:00:00,75.04,0.07504000000000001
2024-03-11 23:00:00,67.08,0.06708
2024-03-12 00:00:00,69.19,0.06919
2024-03-12 01:00:00,65.56,0.06556000000000001
2024-03-12 02:00:00,66.51,0.06651
2024-03-12 03:00:00,65.2,0.06520000000000001
2024-03-12 04:00:00,66.58,0.06658
2024-03-12 05:00:00,71.37,0.07137
2024-03-12 06:00:00,87.06,0.08706
2024-03-12 07:00:00,96.55,0.09655
2024-03-12 08:00:00,100.78,0.10078
2024-03-12 09:00:00,93.81,0.09381
2024-03-12 10:00:00,85.42,0.08542
2024-03-12 11:00:00,80.68,0.08068
2024-03-12 12:00:00,78.44,0.07844
2024-03-12 13:00:00,78.26,0.07826000000000001
2024-03-12 14:00:00,79.02,0.07901999999999999
2024-03-12 15:00:00,86.34,0.08634
2024-03-12 16:00:00,101.61,0.10161
2024-03-12 17:00:00,113.06,0.11306000000000001
2024-03-12 18:00:00,134.92,0.13491999999999998
2024-03-12 19:00:00,124.57,0.12456999999999999
2024-03-12 20:00:00,97.48,0.09748
2024-03-12 21:00:00,83.63,0.08363
2024-03-12 22:00:00,78.93,0.07893
2024-03-12 23:00:00,70.33,0.07033
2024-03-13 00:00:00,63.93,0.06393
2024-03-13 01:00:00,62.3,0.062299999999999994
2024-03-13 02:00:00,61.79,0.06179
2024-03-13 03:00:00,61.37,0.061369999999999994
2024-03-13 04:00:00,64.0,0.064
2024-03-13 05:00:00,66.8,0.0668
2024-03-13 06:00:00,77.32,0.07732
2024-03-13 07:00:00,88.27,0.08827
2024-03-13 08:00:00,89.91,0.08990999999999999
2024-03-13 09:00:00,77.71,0.07770999999999999
2024-03-13 10:00:00,68.07,0.06806999999999999
2024-03-13 11:00:00,64.85,0.06484999999999999
2024-03-13 12:00:00,64.61,0.06461
2024-03-13 13:00:00,64.83,0.06483
2024-03-13 14:00:00,63.96,0.06396
2024-03-13 15:00:00,67.84,0.06784
2024-03-13 16:00:00,73.53,0.07353
2024-03-13 17:00:00,89.91,0.08990999999999999
2024-03-13 18:00:00,97.8,0.0978
2024-03-13 19:00:00,94.36,0.09436
2024-03-13 20:00:00,76.98,0.07698
2024-03-13 21:00:00,66.82,0.06681999999999999
2024-03-13 22:00:00,68.11,0.06811
2024-03-13 23:00:00,63.88,0.06388
2024-03-14 00:00:00,63.29,0.06329
2024-03-14 01:00:00,56.9,0.0569
2024-03-14 02:00:00,57.52,0.05752
2024-03-14 03:00:00,57.0,0.057
2024-03-14 04:00:00,61.4,0.061399999999999996
2024-03-14 05:00:00,64.07,0.06406999999999999
2024-03-14 06:00:00,75.05,0.07504999999999999
2024-03-14 07:00:00,88.06,0.08806
2024-03-14 08:00:00,81.99,0.08199
2024-03-14 09:00:00,65.71,0.06570999999999999
2024-03-14 10:00:00,54.32,0.05432
2024-03-14 11:00:00,52.37,0.05237
2024-03-14 12:00:00,52.83,0.052829999999999995
2024-03-14 13:00:00,49.16,0.049159999999999995
2024-03-14 14:00:00,52.84,0.052840000000000005
2024-03-14 15:00:00,58.91,0.05891
2024-03-14 16:00:00,73.21,0.07321
2024-03-14 17:00:00,91.04,0.09104000000000001
2024-03-14 18:00:00,114.77,0.11477
2024-03-14 19:00:00,91.04,0.09104000000000001
2024-03-14 20:00:00,74.09,0.07409
2024-03-14 21:00:00,62.63,0.06263
2024-03-14 22:00:00,59.62,0.05962
2024-03-14 23:00:00,51.66,0.05166
2024-03-15 00:00:00,48.39,0.04839
2024-03-15 01:00:00,46.58,0.046579999999999996
2024-03-15 02:00:00,45.57,0.04557
2024-03-15 03:00:00,43.95,0.04395
2024-03-15 04:00:00,46.96,0.04696
2024-03-15 05:00:00,49.35,0.04935
2024-03-15 06:00:00,62.26,0.062259999999999996
2024-03-15 07:00:00,69.53,0.06953
2024-03-15 08:00:00,68.75,0.06875
2024-03-15 09:00:00,53.8,0.0538
2024-03-15 10:00:00,46.56,0.046560000000000004
2024-03-15 11:00:00,39.27,0.039270000000000006
2024-03-15 12:00:00,38.34,0.038340000000000006
2024-03-15 13:00:00,36.87,0.03687
2024-03-15 14:00:00,44.93,0.04493
2024-03-15 15:00:00,51.55,0.05155
2024-03-15 16:00:00,66.7,0.06670000000000001
2024-03-15 17:00:00,86.92,0.08692
2024-03-15 18:00:00,82.03,0.08203
2024-03-15 19:00:00,87.99,0.08799
2024-03-15 20:00:00,64.26,0.06426000000000001
2024-03-15 21:00:00,55.36,0.05536
2024-03-15 22:00:00,56.35,0.056350000000000004
2024-03-15 23:00:00,49.33,0.04933
2024-03-16 00:00:00,44.12,0.04412
2024-03-16 01:00:00,42.01,0.04201
2024-03-16 02:00:00,40.69,0.04069
2024-03-16 03:00:00,38.88,0.038880000000000005
2024-03-16 04:00:00,38.67,0.03867
2024-03-16 05:00:00,40.34,0.04034
2024-03-16 06:00:00,47.26,0.047259999999999996
2024-03-16 07:00:00,51.31,0.05131
2024-03-16 08:00:00,52.24,0.05224
2024-03-16 09:00:00,47.01,0.047009999999999996
2024-03-16 10:00:00,44.88,0.04488
2024-03-16 11:00:00,41.62,0.04162
2024-03-16 12:00:00,36.7,0.0367
2024-03-16 13:00:00,21.02,0.02102
2024-03-16 14:00:00,10.99,0.01099
2024-03-16 15:00:00,31.01,0.031010000000000003
2024-03-16 16:00:00,46.98,0.046979999999999994
2024-03-16 17:00:00,72.08,0.07208
2024-03-16 18:00:00,81.69,0.08169
2024-03-16 19:00:00,87.31,0.08731
2024-03-16 20:00:00,79.46,0.07945999999999999
2024-03-16 21:00:00,72.99,0.07299
2024-03-16 22:00:00,72.31,0.07231
2024-03-16 23:00:00,67.1,0.06709999999999999
2024-03-17 00:00:00,64.99,0.06498999999999999
2024-03-17 01:00:00,60.49,0.06049
2024-03-17 02:00:00,55.97,0.05597
2024-03-17 03:00:00,58.75,0.05875
2024-03-17 04:00:00,60.45,0.060450000000000004
2024-03-17 05:00:00,60.49,0.06049
2024-03-17 06:00:00,62.6,0.0626
2024-03-17 07:00:00,56.6,0.056600000000000004
2024-03-17 08:00:00,50.58,0.05058
2024-03-17 09:00:00,47.15,0.04715
2024-03-17 10:00:00,45.4,0.045399999999999996
2024-03-17 11:00:00,45.91,0.04591
2024-03-17 12:00:00,41.81,0.04181
2024-03-17 13:00:00,40.15,0.04015
2024-03-17 14:00:00,48.06,0.048060000000000005
2024-03-17 15:00:00,56.12,0.056119999999999996
2024-03-17 16:00:00,71.76,0.07176
2024-03-17 17:00:00,85.44,0.08544
2024-03-17 18:00:00,94.31,0.09431
2024-03-17 19:00:00,88.29,0.08829000000000001
2024-03-17 20:00:00,77.89,0.07789
2024-03-17 21:00:00,72.33,0.07232999999999999
2024-03-17 22:00:00,72.1,0.0721
2024-03-17 23:00:00,65.91,0.06591
2024-03-18 00:00:00,64.12,0.06412000000000001
2024-03-18 01:00:00,57.14,0.05714
2024-03-18 02:00:00,58.31,0.05831
2024-03-18 03:00:00,59.38,0.05938
2024-03-18 04:00:00,64.38,0.06437999999999999
2024-03-18 05:00:00,70.8,0.0708
2024-03-18 06:00:00,86.32,0.08632
2024-03-18 07:00:00,97.87,0.09787
2024-03-18 08:00:00,94.45,0.09445
2024-03-18 09:00:00,82.8,0.0828
2024-03-18 10:00:00,72.84,0.07284
2024-03-18 11:00:00,66.64,0.06664
2024-03-18 12:00:00,67.7,0.0677
2024-03-18 13:00:00,68.3,0.0683
2024-03-18 14:00:00,68.94,0.06894
2024-03-18 15:00:00,73.4,0.0734
2024-03-18 16:00:00,78.98,0.07898000000000001
2024-03-18 17:00:00,107.65,0.10765000000000001
2024-03-18 18:00:00,145.71,0.14571
2024-03-18 19:00:00,126.53,0.12653
2024-03-18 20:00:00,103.72,0.10371999999999999
2024-03-18 21:00:00,81.2,0.08120000000000001
2024-03-18 22:00:00,78.38,0.07837999999999999
2024-03-18 23:00:00,74.45,0.07445
2024-03-19 00:00:00,72.0,0.072
2024-03-19 01:00:00,71.24,0.07124
2024-03-19 02:00:00,71.65,0.07165
2024-03-19 03:00:00,71.55,0.07155
2024-03-19 04:00:00,71.24,0.07124
2024-03-19 05:00:00,71.01,0.07101
2024-03-19 06:00:00,89.5,0.0895
2024-03-19 07:00:00,110.78,0.11078
2024-03-19 08:00:00,95.87,0.09587000000000001
2024-03-19 09:00:00,72.02,0.07202
2024-03-19 10:00:00,65.36,0.06536
2024-03-19 11:00:00,58.82,0.05882
2024-03-19 12:00:00,54.47,0.05447
2024-03-19 13:00:00,56.72,0.05672
2024-03-19 14:00:00,60.48,0.06048
2024-03-19 15:00:00,70.05,0.07005
2024-03-19 16:00:00,73.7,0.0737
2024-03-19 17:00:00,103.95,0.10395
2024-03-19 18:00:00,131.42,0.13141999999999998
2024-03-19 19:00:00,128.96,0.12896000000000002
2024-03-19 20:00:00,110.0,0.11
2024-03-19 21:00:00,89.02,0.08902
2024-03-19 22:00:00,81.72,0.08172
2024-03-19 23:00:00,76.1,0.0761
2024-03-20 00:00:00,76.01,0.07601000000000001
2024-03-20 01:00:00,73.4,0.0734
2024-03-20 02:00:00,74.9,0.07490000000000001
2024-03-20 03:00:00,75.7,0.0757
2024-03-20 04:00:00,76.36,0.07636
2024-03-20 05:00:00,80.9,0.0809
2024-03-20 06:00:00,116.0,0.116
2024-03-20 07:00:00,116.24,0.11624
2024-03-20 08:00:00,98.33,0.09833
2024-03-20 09:00:00,70.63,0.07063
2024-03-20 10:00:00,66.0,0.066
2024-03-20 11:00:00,65.39,0.06539
2024-03-20 12:00:00,61.43,0.06143
2024-03-20 13:00:00,63.95,0.06395
2024-03-20 14:00:00,64.35,0.06434999999999999
2024-03-20 15:00:00,70.78,0.07078
2024-03-20 16:00:00,87.07,0.08707
2024-03-20 17:00:00,119.68,0.11968000000000001
2024-03-20 18:00:00,168.54,0.16854
2024-03-20 19:00:00,159.05,0.15905000000000002
2024-03-20 20:00:00,124.95,0.12495
2024-03-20 21:00:00,106.52,0.10651999999999999
2024-03-20 22:00:00,96.07,0.09606999999999999
2024-03-20 23:00:00,79.98,0.07998000000000001
2024-03-21 00:00:00,76.18,0.07618000000000001
2024-03-21 01:00:00,73.37,0.07337
2024-03-21 02:00:00,71.55,0.07155
2024-03-21 03:00:00,71.32,0.07132
2024-03-21 04:00:00,71.0,0.071
2024-03-21 05:00:00,73.51,0.07351
2024-03-21 06:00:00,89.26,0.08926
2024-03-21 07:00:00,98.21,0.09820999999999999
2024-03-21 08:00:00,102.29,0.10229
2024-03-21 09:00:00,80.0,0.08
2024-03-21 10:00:00,72.41,0.07241
2024-03-21 11:00:00,68.03,0.06803000000000001
2024-03-21 12:00:00,64.64,0.06464
2024-03-21 13:00:00,59.96,0.05996
2024-03-21 14:00:00,66.85,0.06684999999999999
2024-03-21 15:00:00,66.28,0.06628
2024-03-21 16:00:00,75.27,0.07526999999999999
2024-03-21 17:00:00,100.9,0.1009
2024-03-21 18:00:00,127.13,0.12713
2024-03-21 19:00:00,122.85,0.12285
2024-03-21 20:00:00,94.04,0.09404000000000001
2024-03-21 21:00:00,79.6,0.07959999999999999
2024-03-21 22:00:00,77.48,0.07748000000000001
2024-03-21 23:00:00,71.23,0.07123
2024-03-22 00:00:00,56.34,0.05634
2024-03-22 01:00:00,52.24,0.05224
2024-03-22 02:00:00,49.69,0.04969
2024-03-22 03:00:00,51.83,0.05183
2024-03-22 04:00:00,52.8,0.0528
2024-03-22 05:00:00,59.89,0.05989
2024-03-22 06:00:00,74.1,0.0741
2024-03-22 07:00:00,67.39,0.06739
2024-03-22 08:00:00,68.09,0.06809
2024-03-22 09:00:00,56.32,0.05632
2024-03-22 10:00:00,51.81,0.05181
2024-03-22 11:00:00,49.85,0.04985
2024-03-22 12:00:00,49.76,0.04976
2024-03-22 13:00:00,51.49,0.05149
2024-03-22 14:00:00,52.39,0.05239
2024-03-22 15:00:00,59.97,0.059969999999999996
2024-03-22 16:00:00,76.87,0.07687000000000001
2024-03-22 17:00:00,88.98,0.08898
2024-03-22 18:00:00,121.59,0.12159
2024-03-22 19:00:00,118.71,0.11871
2024-03-22 20:00:00,95.0,0.095
2024-03-22 21:00:00,82.25,0.08225
2024-03-22 22:00:00,80.15,0.08015
2024-03-22 23:00:00,77.47,0.07747
2024-03-23 00:00:00,77.77,0.07776999999999999
2024-03-23 01:00:00,72.47,0.07246999999999999
2024-03-23 02:00:00,65.92,0.06592
2024-03-23 03:00:00,63.98,0.06398
2024-03-23 04:00:00,59.84,0.059840000000000004
2024-03-23 05:00:00,61.44,0.061439999999999995
2024-03-23 06:00:00,58.34,0.05834
2024-03-23 07:00:00,52.82,0.05282
2024-03-23 08:00:00,39.12,0.039119999999999995
2024-03-23 09:00:00,13.2,0.0132
2024-03-23 10:00:00,0.02,2e-05
2024-03-23 11:00:00,-0.05,-5e-05
2024-03-23 12:00:00,-1.94,-0.0019399999999999999
2024-03-23 13:00:00,-5.71,-0.00571
2024-03-23 14:00:00,-8.45,-0.00845
2024-03-23 15:00:00,-1.46,-0.00146
2024-03-23 16:00:00,0.07,7.000000000000001e-05
2024-03-23 17:00:00,47.8,0.047799999999999995
2024-03-23 18:00:00,70.09,0.07009
2024-03-23 19:00:00,69.15,0.06915
2024-03-23 20:00:00,52.94,0.05294
2024-03-23 21:00:00,45.84,0.045840000000000006
2024-03-23 22:00:00,40.28,0.04028
2024-03-23 23:00:00,28.39,0.028390000000000002
2024-03-24 00:00:00,32.1,0.032100000000000004
2024-03-24 01:00:00,13.28,0.01328
2024-03-24 02:00:00,10.13,0.01013
2024-03-24 03:00:00,17.0,0.017
2024-03-24 04:00:00,19.92,0.01992
2024-03-24 05:00:00,26.82,0.02682
2024-03-24 06:00:00,14.87,0.01487
2024-03-24 07:00:00,1.96,0.00196
2024-03-24 08:00:00,0.0,0.0
2024-03-24 09:00:00,0.0,0.0
2024-03-24 10:00:00,0.0,0.0
2024-03-24 11:00:00,0.0,0.0
2024-03-24 12:00:00,0.0,0.0
2024-03-24 13:00:00,0.0,0.0
2024-03-24 14:00:00,0.0,0.0
2024-03-24 15:00:00,0.0,0.0
2024-03-24 16:00:00,16.69,0.01669
2024-03-24 17:00:00,59.4,0.0594
2024-03-24 18:00:00,75.0,0.075
2024-03-24 19:00:00,74.9,0.07490000000000001
2024-03-24 20:00:00,66.9,0.0669
2024-03-24 21:00:00,64.77,0.06477
2024-03-24 22:00:00,64.27,0.06427
2024-03-24 23:00:00,62.97,0.06297
2024-03-25 00:00:00,62.51,0.06251
2024-03-25 01:00:00,62.29,0.06229
2024-03-25 02:00:00,62.48,0.062479999999999994
2024-03-25 03:00:00,64.51,0.06451000000000001
2024-03-25 04:00:00,66.96,0.06695999999999999
2024-03-25 05:00:00,77.14,0.07714
2024-03-25 06:00:00,88.43,0.08843000000000001
2024-03-25 07:00:00,113.87,0.11387
2024-03-25 08:00:00,99.68,0.09968
2024-03-25 09:00:00,77.43,0.07743000000000001
2024-03-25 10:00:00,70.05,0.07005
2024-03-25 11:00:00,63.66,0.06366
2024-03-25 12:00:00,61.85,0.06185
2024-03-25 13:00:00,63.22,0.06322
2024-03-25 14:00:00,64.52,0.06452
2024-03-25 15:00:00,73.97,0.07397
2024-03-25 16:00:00,81.05,0.08105
2024-03-25 17:00:00,111.88,0.11188
2024-03-25 18:00:00,174.7,0.1747
2024-03-25 19:00:00,149.75,0.14975
2024-03-25 20:00:00,102.73,0.10273
2024-03-25 21:00:00,82.39,0.08239
2024-03-25 22:00:00,79.56,0.07956
2024-03-25 23:00:00,74.74,0.07474
2024-03-26 00:00:00,79.9,0.0799
2024-03-26 01:00:00,73.3,0.0733
2024-03-26 02:00:00,68.91,0.06891
2024-03-26 03:00:00,67.98,0.06798
2024-03-26 04:00:00,70.07,0.07007
2024-03-26 05:00:00,72.28,0.07228
2024-03-26 06:00:00,80.38,0.08038
2024-03-26 07:00:00,79.2,0.0792
2024-03-26 08:00:00,72.1,0.0721
2024-03-26 09:00:00,62.0,0.062
2024-03-26 10:00:00,49.5,0.0495
2024-03-26 11:00:00,37.03,0.03703
2024-03-26 12:00:00,11.49,0.01149
2024-03-26 13:00:00,27.35,0.027350000000000003
2024-03-26 14:00:00,37.1,0.0371
2024-03-26 15:00:00,51.93,0.05193
2024-03-26 16:00:00,68.06,0.06806
2024-03-26 17:00:00,81.05,0.08105
2024-03-26 18:00:00,100.75,0.10075
2024-03-26 19:00:00,100.3,0.1003
2024-03-26 20:00:00,80.0,0.08
2024-03-26 21:00:00,77.05,0.07705
2024-03-26 22:00:00,72.82,0.07282
2024-03-26 23:00:00,66.92,0.06692000000000001
2024-03-27 00:00:00,58.35,0.05835
2024-03-27 01:00:00,57.09,0.05709
2024-03-27 02:00:00,57.28,0.057280000000000005
2024-03-27 03:00:00,57.79,0.05779
2024-03-27 04:00:00,60.03,0.06003
2024-03-27 05:00:00,72.38,0.07238
2024-03-27 06:00:00,81.17,0.08117
2024-03-27 07:00:00,82.78,0.08278
2024-03-27 08:00:00,80.01,0.08001000000000001
2024-03-27 09:00:00,68.12,0.06812
2024-03-27 10:00:00,63.9,0.0639
2024-03-27 11:00:00,57.13,0.05713
2024-03-27 12:00:00,57.66,0.057659999999999996
2024-03-27 13:00:00,60.0,0.06
2024-03-27 14:00:00,67.8,0.0678
2024-03-27 15:00:00,78.93,0.07893
2024-03-27 16:00:00,84.14,0.08414
2024-03-27 17:00:00,100.53,0.10053
2024-03-27 18:00:00,125.93,0.12593000000000001
2024-03-27 19:00:00,118.94,0.11894
2024-03-27 20:00:00,99.42,0.09942000000000001
2024-03-27 21:00:00,84.25,0.08425
2024-03-27 22:00:00,83.02,0.08302
2024-03-27 23:00:00,74.47,0.07447
2024-03-28 00:00:00,79.09,0.07909000000000001
2024-03-28 01:00:00,72.6,0.0726
2024-03-28 02:00:00,65.24,0.06523999999999999
2024-03-28 03:00:00,64.41,0.06441
2024-03-28 04:00:00,66.69,0.06669
2024-03-28 05:00:00,71.6,0.0716
2024-03-28 06:00:00,82.07,0.08206999999999999
2024-03-28 07:00:00,83.19,0.08319
2024-03-28 08:00:00,80.92,0.08092
2024-03-28 09:00:00,63.24,0.06324
2024-03-28 10:00:00,47.07,0.04707
2024-03-28 11:00:00,37.0,0.037
2024-03-28 12:00:00,6.74,0.00674
2024-03-28 13:00:00,0.05,5e-05
2024-03-28 14:00:00,0.04,4e-05
2024-03-28 15:00:00,9.82,0.00982
2024-03-28 16:00:00,33.17,0.033170000000000005
2024-03-28 17:00:00,52.72,0.052719999999999996
2024-03-28 18:00:00,73.97,0.07397
2024-03-28 19:00:00,70.33,0.07033
2024-03-28 20:00:00,62.54,0.06254
2024-03-28 21:00:00,51.83,0.05183
2024-03-28 22:00:00,33.05,0.033049999999999996
2024-03-28 23:00:00,25.0,0.025
2024-03-29 00:00:00,20.6,0.0206
2024-03-29 01:00:00,18.83,0.01883
2024-03-29 02:00:00,12.43,0.01243
2024-03-29 03:00:00,10.24,0.01024
2024-03-29 04:00:00,12.59,0.01259
2024-03-29 05:00:00,14.32,0.014320000000000001
2024-03-29 06:00:00,22.02,0.022019999999999998
2024-03-29 07:00:00,22.39,0.02239
2024-03-29 08:00:00,15.94,0.01594
2024-03-29 09:00:00,13.28,0.01328
2024-03-29 10:00:00,16.88,0.01688
2024-03-29 11:00:00,18.83,0.01883
2024-03-29 12:00:00,13.0,0.013
2024-03-29 13:00:00,9.86,0.009859999999999999
2024-03-29 14:00:00,13.44,0.013439999999999999
2024-03-29 15:00:00,21.58,0.02158
2024-03-29 16:00:00,49.5,0.0495
2024-03-29 17:00:00,79.93,0.07993
2024-03-29 18:00:00,101.97,0.10197
2024-03-29 19:00:00,105.45,0.10545
2024-03-29 20:00:00,87.4,0.0874
2024-03-29 21:00:00,79.93,0.07993
2024-03-29 22:00:00,75.89,0.07589
2024-03-29 23:00:00,70.0,0.07
2024-03-30 00:00:00,69.3,0.0693
2024-03-30 01:00:00,58.16,0.058159999999999996
2024-03-30 02:00:00,58.88,0.05888
2024-03-30 03:00:00,58.95,0.05895
2024-03-30 04:00:00,59.23,0.05923
2024-03-30 05:00:00,65.05,0.06505
2024-03-30 06:00:00,58.57,0.05857
2024-03-30 07:00:00,47.79,0.04779
2024-03-30 08:00:00,45.23,0.04523
2024-03-30 09:00:00,43.38,0.04338
2024-03-30 10:00:00,34.49,0.03449
2024-03-30 11:00:00,23.21,0.02321
2024-03-30 12:00:00,14.76,0.01476
2024-03-30 13:00:00,6.85,0.006849999999999999
2024-03-30 14:00:00,15.87,0.01587
2024-03-30 15:00:00,34.2,0.0342
2024-03-30 16:00:00,52.52,0.052520000000000004
2024-03-30 17:00:00,77.75,0.07775
2024-03-30 18:00:00,88.11,0.08811
2024-03-30 19:00:00,83.53,0.08353000000000001
2024-03-30 20:00:00,74.11,0.07411
2024-03-30 21:00:00,71.47,0.07147
2024-03-30 22:00:00,70.83,0.07083
2024-03-30 23:00:00,65.74,0.06573999999999999
2024-03-31 00:00:00,75.7,0.0757
2024-03-31 01:00:00,66.71,0.06670999999999999
2024-03-31 03:00:00,64.98,0.06498000000000001
2024-03-31 04:00:00,60.48,0.06048
2024-03-31 05:00:00,58.74,0.05874
2024-03-31 06:00:00,64.46,0.06445999999999999
2024-03-31 07:00:00,71.51,0.07151
2024-03-31 08:00:00,65.03,0.06503
2024-03-31 09:00:00,50.32,0.050320000000000004
2024-03-31 10:00:00,41.03,0.041030000000000004
2024-03-31 11:00:00,29.52,0.02952
2024-03-31 12:00:00,19.85,0.019850000000000003
2024-03-31 13:00:00,3.06,0.0030600000000000002
2024-03-31 14:00:00,1.03,0.00103
2024-03-31 15:00:00,15.27,0.015269999999999999
2024-03-31 16:00:00,41.07,0.04107
2024-03-31 17:00:00,66.74,0.06674
2024-03-31 18:00:00,89.32,0.08932
2024-03-31 19:00:00,117.29,0.11729
2024-03-31 20:00:00,83.72,0.08372
2024-03-31 21:00:00,70.0,0.07
2024-03-31 22:00:00,64.51,0.06451000000000001
2024-03-31 23:00:00,54.9,0.0549
2024-04-01 00:00:00,49.95,0.04995
2024-04-01 01:00:00,48.98,0.048979999999999996
2024-04-01 02:00:00,46.06,0.046060000000000004
2024-04-01 03:00:00,43.58,0.04358
2024-04-01 04:00:00,49.4,0.0494
2024-04-01 05:00:00,52.35,0.05235
2024-04-01 06:00:00,58.71,0.05871
2024-04-01 07:00:00,64.49,0.06448999999999999
2024-04-01 08:00:00,58.71,0.05871
2024-04-01 09:00:00,60.89,0.06089
2024-04-01 10:00:00,54.36,0.05436
2024-04-01 11:00:00,35.39,0.03539
2024-04-01 12:00:00,13.04,0.01304
2024-04-01 13:00:00,0.03,2.9999999999999997e-05
2024-04-01 14:00:00,-0.01,-1e-05
2024-04-01 15:00:00,-0.01,-1e-05
2024-04-01 16:00:00,-0.01,-1e-05
2024-04-01 17:00:00,5.79,0.00579
2024-04-01 18:00:00,41.97,0.04197
2024-04-01 19:00:00,48.53,0.048530000000000004
2024-04-01 20:00:00,49.88,0.04988
2024-04-01 21:00:00,45.69,0.045689999999999995
2024-04-01 22:00:00,25.97,0.02597
2024-04-01 23:00:00,7.47,0.00747
2024-04-02 00:00:00,7.97,0.00797
2024-04-02 01:00:00,1.28,0.00128
2024-04-02 02:00:00,0.61,0.00061
2024-04-02 03:00:00,0.87,0.00087
2024-04-02 04:00:00,1.94,0.0019399999999999999
2024-04-02 05:00:00,7.27,0.0072699999999999996
2024-04-02 06:00:00,57.22,0.05722
2024-04-02 07:00:00,74.36,0.07436
2024-04-02 08:00:00,68.93,0.06893
2024-04-02 09:00:00,46.98,0.046979999999999994
2024-04-02 10:00:00,2.66,0.00266
2024-04-02 11:00:00,-0.06,-5.9999999999999995e-05
2024-04-02 12:00:00,-1.09,-0.00109
2024-04-02 13:00:00,-0.97,-0.0009699999999999999
2024-04-02 14:00:00,-0.07,-7.000000000000001e-05
2024-04-02 15:00:00,0.0,0.0
2024-04-02 16:00:00,4.31,0.00431
2024-04-02 17:00:00,41.46,0.041460000000000004
2024-04-02 18:00:00,72.7,0.0727
2024-04-02 19:00:00,95.39,0.09539
2024-04-02 20:00:00,94.88,0.09487999999999999
2024-04-02 21:00:00,78.13,0.07812999999999999
2024-04-02 22:00:00,74.86,0.07486
2024-04-02 23:00:00,70.88,0.07088
2024-04-03 00:00:00,74.13,0.07413
2024-04-03 01:00:00,71.75,0.07175
2024-04-03 02:00:00,70.05,0.07005
2024-04-03 03:00:00,72.51,0.07251
2024-04-03 04:00:00,72.34,0.07234
2024-04-03 05:00:00,78.71,0.07870999999999999
2024-04-03 06:00:00,94.91,0.09491
2024-04-03 07:00:00,117.93,0.11793000000000001
2024-04-03 08:00:00,117.93,0.11793000000000001
2024-04-03 09:00:00,100.98,0.10098
2024-04-03 10:00:00,107.35,0.10735
2024-04-03 11:00:00,90.81,0.09081
2024-04-03 12:00:00,82.03,0.08203
2024-04-03 13:00:00,76.88,0.07687999999999999
2024-04-03 14:00:00,73.04,0.07304000000000001
2024-04-03 15:00:00,73.07,0.07307
2024-04-03 16:00:00,76.7,0.0767
2024-04-03 17:00:00,92.44,0.09244
2024-04-03 18:00:00,108.14,0.10814
2024-04-03 19:00:00,123.3,0.12329999999999999
2024-04-03 20:00:00,101.58,0.10158
2024-04-03 21:00:00,80.97,0.08097
2024-04-03 22:00:00,75.51,0.07551000000000001
2024-04-03 23:00:00,63.89,0.06389
2024-04-04 00:00:00,54.52,0.054520000000000006
2024-04-04 01:00:00,52.01,0.05201
2024-04-04 02:00:00,50.17,0.05017
2024-04-04 03:00:00,51.57,0.05157
2024-04-04 04:00:00,51.94,0.05194
2024-04-04 05:00:00,55.1,0.0551
2024-04-04 06:00:00,67.52,0.06752
2024-04-04 07:00:00,79.16,0.07916
2024-04-04 08:00:00,77.18,0.07718000000000001
2024-04-04 09:00:00,71.94,0.07194
2024-04-04 10:00:00,69.45,0.06945
2024-04-04 11:00:00,63.06,0.06306
2024-04-04 12:00:00,58.08,0.05808
2024-04-04 13:00:00,56.22,0.05622
2024-04-04 14:00:00,55.49,0.055490000000000005
2024-04-04 15:00:00,56.17,0.056170000000000005
2024-04-04 16:00:00,57.08,0.05708
2024-04-04 17:00:00,69.08,0.06908
2024-04-04 18:00:00,75.36,0.07536
2024-04-04 19:00:00,90.66,0.09065999999999999
2024-04-04 20:00:00,80.58,0.08058
2024-04-04 21:00:00,73.29,0.07329000000000001
2024-04-04 22:00:00,71.47,0.07147
2024-04-04 23:00:00,61.53,0.06153
2024-04-05 00:00:00,62.72,0.06272
2024-04-05 01:00:00,59.08,0.05908
2024-04-05 02:00:00,55.96,0.05596
2024-04-05 03:00:00,56.59,0.05659
2024-04-05 04:00:00,53.9,0.053899999999999997
2024-04-05 05:00:00,62.5,0.0625
2024-04-05 06:00:00,76.29,0.07629000000000001
2024-04-05 07:00:00,84.24,0.08424
2024-04-05 08:00:00,81.0,0.081
2024-04-05 09:00:00,67.59,0.06759
2024-04-05 10:00:00,50.5,0.0505
2024-04-05 11:00:00,25.97,0.02597
2024-04-05 12:00:00,9.16,0.00916
2024-04-05 13:00:00,0.0,0.0
2024-04-05 14:00:00,-0.1,-0.0001
2024-04-05 15:00:00,0.05,5e-05
2024-04-05 16:00:00,8.09,0.00809
2024-04-05 17:00:00,37.46,0.03746
2024-04-05 18:00:00,49.65,0.04965
2024-04-05 19:00:00,55.94,0.05594
2024-04-05 20:00:00,55.64,0.05564
2024-04-05 21:00:00,54.71,0.05471
2024-04-05 22:00:00,56.13,0.05613
2024-04-05 23:00:00,55.07,0.05507
2024-04-06 00:00:00,43.08,0.04308
2024-04-06 01:00:00,45.01,0.04501
2024-04-06 02:00:00,46.89,0.04689
2024-04-06 03:00:00,47.56,0.047560000000000005
2024-04-06 04:00:00,50.65,0.05065
2024-04-06 05:00:00,54.88,0.054880000000000005
2024-04-06 06:00:00,58.73,0.05873
2024-04-06 07:00:00,59.87,0.05987
2024-04-06 08:00:00,59.24,0.05924
2024-04-06 09:00:00,48.94,0.04894
2024-04-06 10:00:00,29.42,0.02942
2024-04-06 11:00:00,-0.73,-0.00073
2024-04-06 12:00:00,-16.4,-0.016399999999999998
2024-04-06 13:00:00,-59.92,-0.05992
2024-04-06 14:00:00,-57.59,-0.05759
2024-04-06 15:00:00,-34.61,-0.03461
2024-04-06 16:00:00,-4.66,-0.00466
2024-04-06 17:00:00,15.81,0.01581
2024-04-06 18:00:00,67.56,0.06756000000000001
2024-04-06 19:00:00,73.99,0.07399
2024-04-06 20:00:00,68.65,0.06865
2024-04-06 21:00:00,46.46,0.04646
2024-04-06 22:00:00,45.07,0.04507
2024-04-06 23:00:00,25.88,0.02588
2024-04-07 00:00:00,10.97,0.01097
2024-04-07 01:00:00,0.09,8.999999999999999e-05
2024-04-07 02:00:00,0.0,0.0
2024-04-07 03:00:00,0.0,0.0
2024-04-07 04:00:00,0.0,0.0
2024-04-07 05:00:00,0.0,0.0
2024-04-07 06:00:00,0.0,0.0
2024-04-07 07:00:00,0.0,0.0
2024-04-07 08:00:00,0.0,0.0
2024-04-07 09:00:00,-0.01,-1e-05
2024-04-07 10:00:00,-0.16,-0.00016
2024-04-07 11:00:00,-3.25,-0.00325
2024-04-07 12:00:00,-9.94,-0.00994
2024-04-07 13:00:00,-26.79,-0.026789999999999998
2024-04-07 14:00:00,-20.06,-0.020059999999999998
2024-04-07 15:00:00,-5.04,-0.00504
2024-04-07 16:00:00,-0.16,-0.00016
2024-04-07 17:00:00,6.92,0.00692
2024-04-07 18:00:00,91.46,0.09146
2024-04-07 19:00:00,108.39,0.10839
2024-04-07 20:00:00,106.4,0.10640000000000001
2024-04-07 21:00:00,89.95,0.08995
2024-04-07 22:00:00,77.46,0.07745999999999999
2024-04-07 23:00:00,72.06,0.07206
2024-04-08 00:00:00,70.77,0.07077
2024-04-08 01:00:00,70.71,0.07071
2024-04-08 02:00:00,68.12,0.06812
2024-04-08 03:00:00,70.71,0.07071
2024-04-08 04:00:00,71.57,0.07157
2024-04-08 05:00:00,77.44,0.07744
2024-04-08 06:00:00,101.99,0.10199
2024-04-08 07:00:00,149.78,0.14978
2024-04-08 08:00:00,128.52,0.12852000000000002
2024-04-08 09:00:00,85.51,0.08551
2024-04-08 10:00:00,80.6,0.08059999999999999
2024-04-08 11:00:00,71.23,0.07123
2024-04-08 12:00:00,64.7,0.06470000000000001
2024-04-08 13:00:00,60.0,0.06
2024-04-08 14:00:00,57.89,0.057890000000000004
2024-04-08 15:00:00,63.4,0.0634
2024-04-08 16:00:00,70.0,0.07
2024-04-08 17:00:00,75.01,0.07501000000000001
2024-04-08 18:00:00,104.9,0.10490000000000001
2024-04-08 19:00:00,137.3,0.1373
2024-04-08 20:00:00,124.8,0.1248
2024-04-08 21:00:00,84.85,0.08485
2024-04-08 22:00:00,77.0,0.077
2024-04-08 23:00:00,70.19,0.07019
2024-04-09 00:00:00,78.21,0.07820999999999999
2024-04-09 01:00:00,69.39,0.06939000000000001
2024-04-09 02:00:00,64.73,0.06473000000000001
2024-04-09 03:00:00,59.95,0.05995
2024-04-09 04:00:00,62.48,0.062479999999999994
2024-04-09 05:00:00,68.34,0.06834
2024-04-09 06:00:00,86.69,0.08669
2024-04-09 07:00:00,90.9,0.09090000000000001
2024-04-09 08:00:00,79.78,0.07978
2024-04-09 09:00:00,68.3,0.0683
2024-04-09 10:00:00,51.6,0.0516
2024-04-09 11:00:00,43.98,0.04398
2024-04-09 12:00:00,36.05,0.03605
2024-04-09 13:00:00,10.09,0.01009
2024-04-09 14:00:00,10.5,0.0105
2024-04-09 15:00:00,29.04,0.02904
2024-04-09 16:00:00,38.27,0.038270000000000005
2024-04-09 17:00:00,50.15,0.05015
2024-04-09 18:00:00,65.9,0.0659
2024-04-09 19:00:00,81.75,0.08175
2024-04-09 20:00:00,81.74,0.08174
2024-04-09 21:00:00,67.98,0.06798
2024-04-09 22:00:00,60.51,0.06051
2024-04-09 23:00:00,35.49,0.03549
2024-04-10 00:00:00,22.89,0.02289
2024-04-10 01:00:00,5.95,0.00595
2024-04-10 02:00:00,6.19,0.00619
2024-04-10 03:00:00,8.99,0.00899
2024-04-10 04:00:00,26.3,0.0263
2024-04-10 05:00:00,50.03,0.05003
2024-04-10 06:00:00,75.91,0.07590999999999999
2024-04-10 07:00:00,99.63,0.09963
2024-04-10 08:00:00,106.02,0.10601999999999999
2024-04-10 09:00:00,80.46,0.08045999999999999
2024-04-10 10:00:00,67.66,0.06766
2024-04-10 11:00:00,56.05,0.056049999999999996
2024-04-10 12:00:00,55.62,0.055619999999999996
2024-04-10 13:00:00,30.32,0.03032
2024-04-10 14:00:00,31.29,0.03129
2024-04-10 15:00:00,55.35,0.05535
2024-04-10 16:00:00,62.91,0.06291
2024-04-10 17:00:00,75.32,0.07532
2024-04-10 18:00:00,100.83,0.10083
2024-04-10 19:00:00,191.15,0.19115000000000001
2024-04-10 20:00:00,191.19,0.19119
2024-04-10 21:00:00,115.59,0.11559
2024-04-10 22:00:00,86.1,0.0861
2024-04-10 23:00:00,76.1,0.0761
2024-04-11 00:00:00,72.58,0.07257999999999999
2024-04-11 01:00:00,67.36,0.06736
2024-04-11 02:00:00,62.24,0.062240000000000004
2024-04-11 03:00:00,58.81,0.05881
2024-04-11 04:00:00,59.08,0.05908
2024-04-11 05:00:00,55.57,0.05557
2024-04-11 06:00:00,74.63,0.07463
2024-04-11 07:00:00,68.8,0.0688
2024-04-11 08:00:00,52.2,0.0522
2024-04-11 09:00:00,30.0,0.03
2024-04-11 10:00:00,10.05,0.01005
2024-04-11 11:00:00,0.86,0.00086
2024-04-11 12:00:00,0.91,0.00091
2024-04-11 13:00:00,1.1,0.0011
2024-04-11 14:00:00,0.57,0.00057
2024-04-11 15:00:00,29.57,0.02957
2024-04-11 16:00:00,59.74,0.05974
2024-04-11 17:00:00,76.74,0.07673999999999999
2024-04-11 18:00:00,100.7,0.1007
2024-04-11 19:00:00,134.36,0.13436
2024-04-11 20:00:00,137.82,0.13782
2024-04-11 21:00:00,98.79,0.09879
2024-04-11 22:00:00,82.42,0.08242000000000001
2024-04-11 23:00:00,76.51,0.07651000000000001
2024-04-12 00:00:00,75.71,0.07571
2024-04-12 01:00:00,71.74,0.07174
2024-04-12 02:00:00,68.89,0.06889
2024-04-12 03:00:00,69.26,0.06926
2024-04-12 04:00:00,69.52,0.06952
2024-04-12 05:00:00,77.53,0.07753
2024-04-12 06:00:00,91.23,0.09123
2024-04-12 07:00:00,97.0,0.097
2024-04-12 08:00:00,86.83,0.08683
2024-04-12 09:00:00,70.98,0.07098
2024-04-12 10:00:00,42.86,0.04286
2024-04-12 11:00:00,18.86,0.01886
2024-04-12 12:00:00,0.0,0.0
2024-04-12 13:00:00,-0.07,-7.000000000000001e-05
2024-04-12 14:00:00,0.01,1e-05
2024-04-12 15:00:00,0.18,0.00017999999999999998
2024-04-12 16:00:00,0.22,0.00022
2024-04-12 17:00:00,57.37,0.05737
2024-04-12 18:00:00,81.93,0.08193
2024-04-12 19:00:00,125.95,0.12595
2024-04-12 20:00:00,124.13,0.12412999999999999
2024-04-12 21:00:00,86.6,0.0866
2024-04-12 22:00:00,77.99,0.07798999999999999
2024-04-12 23:00:00,68.1,0.0681
2024-04-13 00:00:00,60.22,0.060219999999999996
2024-04-13 01:00:00,49.07,0.04907
2024-04-13 02:00:00,24.41,0.02441
2024-04-13 03:00:00,19.41,0.01941
2024-04-13 04:00:00,19.95,0.01995
2024-04-13 05:00:00,25.32,0.02532
2024-04-13 06:00:00,30.18,0.03018
2024-04-13 07:00:00,35.26,0.03526
2024-04-13 08:00:00,22.6,0.022600000000000002
2024-04-13 09:00:00,8.8,0.0088
2024-04-13 10:00:00,-0.02,-2e-05
2024-04-13 11:00:00,-9.97,-0.009970000000000001
2024-04-13 12:00:00,-25.96,-0.02596
2024-04-13 13:00:00,-50.0,-0.05
2024-04-13 14:00:00,-55.01,-0.055009999999999996
2024-04-13 15:00:00,-49.91,-0.049909999999999996
2024-04-13 16:00:00,-19.16,-0.01916
2024-04-13 17:00:00,-0.16,-0.00016
2024-04-13 18:00:00,39.91,0.039909999999999994
2024-04-13 19:00:00,73.44,0.07343999999999999
2024-04-13 20:00:00,65.78,0.06578
2024-04-13 21:00:00,39.35,0.03935
2024-04-13 22:00:00,21.11,0.02111
2024-04-13 23:00:00,7.05,0.00705
2024-04-14 00:00:00,0.43,0.00043
2024-04-14 01:00:00,0.83,0.00083
2024-04-14 02:00:00,0.93,0.00093
2024-04-14 03:00:00,1.13,0.00113
2024-04-14 04:00:00,2.34,0.00234
2024-04-14 05:00:00,5.95,0.00595
2024-04-14 06:00:00,12.86,0.01286
2024-04-14 07:00:00,13.0,0.013
2024-04-14 08:00:00,7.41,0.00741
2024-04-14 09:00:00,0.0,0.0
2024-04-14 10:00:00,-2.37,-0.00237
2024-04-14 11:00:00,-12.17,-0.01217
2024-04-14 12:00:00,-42.27,-0.04227
2024-04-14 13:00:00,-60.05,-0.06005
2024-04-14 14:00:00,-60.07,-0.06007
2024-04-14 15:00:00,-40.05,-0.040049999999999995
2024-04-14 16:00:00,-6.25,-0.00625
2024-04-14 17:00:00,1.57,0.00157
2024-04-14 18:00:00,67.23,0.06723
2024-04-14 19:00:00,87.8,0.0878
2024-04-14 20:00:00,119.91,0.11991
2024-04-14 21:00:00,112.61,0.11261
2024-04-14 22:00:00,103.95,0.10395
2024-04-14 23:00:00,87.24,0.08724
2024-04-15 00:00:00,81.96,0.08195999999999999
2024-04-15 01:00:00,81.26,0.08126
2024-04-15 02:00:00,77.54,0.07754000000000001
2024-04-15 03:00:00,78.18,0.07818000000000001
2024-04-15 04:00:00,75.23,0.07523
2024-04-15 05:00:00,86.74,0.08674
2024-04-15 06:00:00,115.73,0.11573
2024-04-15 07:00:00,169.15,0.16915
2024-04-15 08:00:00,153.24,0.15324000000000002
2024-04-15 09:00:00,91.56,0.09156
2024-04-15 10:00:00,80.55,0.08055
2024-04-15 11:00:00,63.15,0.06315
2024-04-15 12:00:00,44.15,0.04415
2024-04-15 13:00:00,31.74,0.03174
2024-04-15 14:00:00,12.96,0.012960000000000001
2024-04-15 15:00:00,7.8,0.0078
2024-04-15 16:00:00,7.99,0.00799
2024-04-15 17:00:00,46.3,0.046299999999999994
2024-04-15 18:00:00,69.2,0.0692
2024-04-15 19:00:00,78.92,0.07892
2024-04-15 20:00:00,77.02,0.07701999999999999
2024-04-15 21:00:00,66.31,0.06631000000000001
2024-04-15 22:00:00,53.77,0.053770000000000005
2024-04-15 23:00:00,34.17,0.03417
2024-04-16 00:00:00,2.02,0.00202
2024-04-16 01:00:00,0.04,4e-05
2024-04-16 02:00:00,0.14,0.00014000000000000001
2024-04-16 03:00:00,0.73,0.00073
2024-04-16 04:00:00,17.47,0.01747
2024-04-16 05:00:00,36.22,0.03622
2024-04-16 06:00:00,63.14,0.06314
2024-04-16 07:00:00,74.26,0.07426
2024-04-16 08:00:00,74.26,0.07426
2024-04-16 09:00:00,64.81,0.06481
2024-04-16 10:00:00,51.03,0.05103
2024-04-16 11:00:00,42.64,0.04264
2024-04-16 12:00:00,40.0,0.04
2024-04-16 13:00:00,40.22,0.04022
2024-04-16 14:00:00,42.08,0.04208
2024-04-16 15:00:00,48.53,0.048530000000000004
2024-04-16 16:00:00,62.84,0.06284000000000001
2024-04-16 17:00:00,79.67,0.07967
2024-04-16 18:00:00,92.92,0.09292
2024-04-16 19:00:00,113.99,0.11399
2024-04-16 20:00:00,124.52,0.12451999999999999
2024-04-16 21:00:00,104.46,0.10446
2024-04-16 22:00:00,90.1,0.0901
2024-04-16 23:00:00,84.1,0.0841
2024-04-17 00:00:00,83.84,0.08384
2024-04-17 01:00:00,83.84,0.08384
2024-04-17 02:00:00,81.35,0.08134999999999999
2024-04-17 03:00:00,82.4,0.0824
2024-04-17 04:00:00,82.96,0.08295999999999999
2024-04-17 05:00:00,83.73,0.08373
2024-04-17 06:00:00,109.39,0.10939
2024-04-17 07:00:00,169.97,0.16997
2024-04-17 08:00:00,155.17,0.15516999999999997
2024-04-17 09:00:00,104.62,0.10462
2024-04-17 10:00:00,83.9,0.0839
2024-04-17 11:00:00,79.9,0.0799
2024-04-17 12:00:00,82.98,0.08298
2024-04-17 13:00:00,80.82,0.08081999999999999
2024-04-17 14:00:00,77.71,0.07770999999999999
2024-04-17 15:00:00,77.03,0.07703
2024-04-17 16:00:00,80.0,0.08
2024-04-17 17:00:00,86.9,0.0869
2024-04-17 18:00:00,114.97,0.11497
2024-04-17 19:00:00,159.92,0.15991999999999998
2024-04-17 20:00:00,169.9,0.1699
2024-04-17 21:00:00,130.06,0.13006
2024-04-17 22:00:00,99.04,0.09904
2024-04-17 23:00:00,87.81,0.08781
2024-04-18 00:00:00,91.83,0.09183
2024-04-18 01:00:00,87.42,0.08742
2024-04-18 02:00:00,88.53,0.08853
2024-04-18 03:00:00,87.76,0.08776
2024-04-18 04:00:00,89.61,0.08961
2024-04-18 05:00:00,93.47,0.09347
2024-04-18 06:00:00,121.88,0.12188
2024-04-18 07:00:00,155.8,0.15580000000000002
2024-04-18 08:00:00,131.19,0.13119
2024-04-18 09:00:00,101.12,0.10112
2024-04-18 10:00:00,90.21,0.09021
2024-04-18 11:00:00,83.87,0.08387
2024-04-18 12:00:00,80.64,0.08064
2024-04-18 13:00:00,77.2,0.0772
2024-04-18 14:00:00,73.01,0.07301
2024-04-18 15:00:00,70.7,0.0707
2024-04-18 16:00:00,70.88,0.07088
2024-04-18 17:00:00,81.33,0.08133
2024-04-18 18:00:00,94.03,0.09403
2024-04-18 19:00:00,125.24,0.12524
2024-04-18 20:00:00,128.83,0.12883
2024-04-18 21:00:00,105.92,0.10592
2024-04-18 22:00:00,89.89,0.08989
2024-04-18 23:00:00,79.37,0.07937000000000001
2024-04-19 00:00:00,77.21,0.07720999999999999
2024-04-19 01:00:00,60.83,0.060829999999999995
2024-04-19 02:00:00,50.53,0.05053
2024-04-19 03:00:00,49.47,0.04947
2024-04-19 04:00:00,47.97,0.04797
2024-04-19 05:00:00,49.08,0.04908
2024-04-19 06:00:00,60.12,0.06012
2024-04-19 07:00:00,69.04,0.06904
2024-04-19 08:00:00,76.0,0.076
2024-04-19 09:00:00,68.3,0.0683
2024-04-19 10:00:00,60.2,0.060200000000000004
2024-04-19 11:00:00,56.08,0.05608
2024-04-19 12:00:00,50.91,0.05091
2024-04-19 13:00:00,47.0,0.047
2024-04-19 14:00:00,44.94,0.04494
2024-04-19 15:00:00,44.56,0.04456
2024-04-19 16:00:00,50.91,0.05091
2024-04-19 17:00:00,58.77,0.05877
2024-04-19 18:00:00,63.49,0.06349
2024-04-19 19:00:00,65.32,0.06531999999999999
2024-04-19 20:00:00,66.28,0.06628
2024-04-19 21:00:00,66.2,0.06620000000000001
2024-04-19 22:00:00,65.27,0.06527
2024-04-19 23:00:00,63.15,0.06315
2024-04-20 00:00:00,60.24,0.06024
2024-04-20 01:00:00,57.97,0.05797
2024-04-20 02:00:00,57.33,0.05733
2024-04-20 03:00:00,57.75,0.05775
2024-04-20 04:00:00,61.04,0.06104
2024-04-20 05:00:00,62.83,0.06283
2024-04-20 06:00:00,63.92,0.06392
2024-04-20 07:00:00,67.98,0.06798
2024-04-20 08:00:00,65.04,0.06504
2024-04-20 09:00:00,59.9,0.0599
2024-04-20 10:00:00,50.05,0.05005
2024-04-20 11:00:00,38.43,0.03843
2024-04-20 12:00:00,28.97,0.02897
2024-04-20 13:00:00,12.33,0.01233
2024-04-20 14:00:00,10.55,0.01055
2024-04-20 15:00:00,18.33,0.01833
2024-04-20 16:00:00,37.41,0.03741
2024-04-20 17:00:00,62.83,0.06283
2024-04-20 18:00:00,78.9,0.07890000000000001
2024-04-20 19:00:00,89.61,0.08961
2024-04-20 20:00:00,97.04,0.09704
2024-04-20 21:00:00,90.31,0.09031
2024-04-20 22:00:00,86.07,0.08607
2024-04-20 23:00:00,82.9,0.0829
2024-04-21 00:00:00,81.85,0.08184999999999999
2024-04-21 01:00:00,70.59,0.07059
2024-04-21 02:00:00,69.53,0.06953
2024-04-21 03:00:00,64.4,0.0644
2024-04-21 04:00:00,63.88,0.06388
2024-04-21 05:00:00,63.62,0.06362
2024-04-21 06:00:00,64.43,0.06443
2024-04-21 07:00:00,60.53,0.06053
2024-04-21 08:00:00,60.88,0.060880000000000004
2024-04-21 09:00:00,55.38,0.055380000000000006
2024-04-21 10:00:00,32.99,0.032990000000000005
2024-04-21 11:00:00,36.96,0.03696
2024-04-21 12:00:00,6.06,0.006059999999999999
2024-04-21 13:00:00,0.28,0.00028000000000000003
2024-04-21 14:00:00,-0.9,-0.0009
2024-04-21 15:00:00,0.75,0.00075
2024-04-21 16:00:00,6.01,0.00601
2024-04-21 17:00:00,58.22,0.05822
2024-04-21 18:00:00,74.6,0.0746
2024-04-21 19:00:00,89.36,0.08936
2024-04-21 20:00:00,95.26,0.09526000000000001
2024-04-21 21:00:00,91.07,0.09107
2024-04-21 22:00:00,89.41,0.08941
2024-04-21 23:00:00,88.46,0.08846
2024-04-22 00:00:00,78.97,0.07897
2024-04-22 01:00:00,78.05,0.07805
2024-04-22 02:00:00,78.44,0.07844
2024-04-22 03:00:00,79.92,0.07992
2024-04-22 04:00:00,79.79,0.07979
2024-04-22 05:00:00,87.5,0.0875
2024-04-22 06:00:00,105.9,0.10590000000000001
2024-04-22 07:00:00,130.79,0.13079
2024-04-22 08:00:00,117.46,0.11746
2024-04-22 09:00:00,97.05,0.09705
2024-04-22 10:00:00,81.86,0.08186
2024-04-22 11:00:00,81.24,0.08123999999999999
2024-04-22 12:00:00,77.05,0.07705
2024-04-22 13:00:00,73.67,0.07367
2024-04-22 14:00:00,74.17,0.07417
2024-04-22 15:00:00,78.48,0.07848000000000001
2024-04-22 16:00:00,81.57,0.08156999999999999
2024-04-22 17:00:00,96.79,0.09679
2024-04-22 18:00:00,118.2,0.1182
2024-04-22 19:00:00,164.05,0.16405
2024-04-22 20:00:00,170.96,0.17096
2024-04-22 21:00:00,130.05,0.13005
2024-04-22 22:00:00,105.77,0.10577
2024-04-22 23:00:00,96.99,0.09698999999999999
2024-04-23 00:00:00,88.32,0.08832
2024-04-23 01:00:00,86.69,0.08669
2024-04-23 02:00:00,85.95,0.08595
2024-04-23 03:00:00,85.42,0.08542
2024-04-23 04:00:00,86.35,0.08635
2024-04-23 05:00:00,97.69,0.09769
2024-04-23 06:00:00,121.4,0.12140000000000001
2024-04-23 07:00:00,181.26,0.18126
2024-04-23 08:00:00,136.28,0.13628
2024-04-23 09:00:00,98.38,0.09838
2024-04-23 10:00:00,82.87,0.08287
2024-04-23 11:00:00,77.26,0.07726000000000001
2024-04-23 12:00:00,77.46,0.07745999999999999
2024-04-23 13:00:00,79.38,0.07937999999999999
2024-04-23 14:00:00,78.62,0.07862000000000001
2024-04-23 15:00:00,80.02,0.08002
2024-04-23 16:00:00,83.02,0.08302
2024-04-23 17:00:00,89.97,0.08997
2024-04-23 18:00:00,102.4,0.1024
2024-04-23 19:00:00,123.01,0.12301000000000001
2024-04-23 20:00:00,125.07,0.12507
2024-04-23 21:00:00,105.1,0.1051
2024-04-23 22:00:00,92.73,0.09273
2024-04-23 23:00:00,81.55,0.08155
2024-04-24 00:00:00,81.8,0.0818
2024-04-24 01:00:00,77.97,0.07797
2024-04-24 02:00:00,77.16,0.07715999999999999
2024-04-24 03:00:00,74.86,0.07486
2024-04-24 04:00:00,77.37,0.07737000000000001
2024-04-24 05:00:00,81.83,0.08183
2024-04-24 06:00:00,101.66,0.10166
2024-04-24 07:00:00,128.17,0.12816999999999998
2024-04-24 08:00:00,107.07,0.10707
2024-04-24 09:00:00,91.81,0.09181
2024-04-24 10:00:00,90.74,0.09074
2024-04-24 11:00:00,88.35,0.08835
2024-04-24 12:00:00,82.6,0.08259999999999999
2024-04-24 13:00:00,80.09,0.08009000000000001
2024-04-24 14:00:00,76.53,0.07653
2024-04-24 15:00:00,80.71,0.08070999999999999
2024-04-24 16:00:00,81.12,0.08112
2024-04-24 17:00:00,86.6,0.0866
2024-04-24 18:00:00,101.54,0.10154
2024-04-24 19:00:00,135.2,0.1352
2024-04-24 20:00:00,143.44,0.14343999999999998
2024-04-24 21:00:00,121.16,0.12115999999999999
2024-04-24 22:00:00,105.31,0.10531
2024-04-24 23:00:00,90.21,0.09021
2024-04-25 00:00:00,83.5,0.0835
2024-04-25 01:00:00,80.0,0.08
2024-04-25 02:00:00,77.37,0.07737000000000001
2024-04-25 03:00:00,76.05,0.07604999999999999
2024-04-25 04:00:00,75.24,0.07524
2024-04-25 05:00:00,84.02,0.08402
2024-04-25 06:00:00,102.44,0.10244
2024-04-25 07:00:00,129.05,0.12905
2024-04-25 08:00:00,112.71,0.11270999999999999
2024-04-25 09:00:00,92.1,0.09209999999999999
2024-04-25 10:00:00,80.01,0.08001000000000001
2024-04-25 11:00:00,78.2,0.0782
2024-04-25 12:00:00,73.92,0.07392
2024-04-25 13:00:00,68.67,0.06867
2024-04-25 14:00:00,66.41,0.06641
2024-04-25 15:00:00,69.32,0.06931999999999999
2024-04-25 16:00:00,72.81,0.07281
2024-04-25 17:00:00,79.88,0.07987999999999999
2024-04-25 18:00:00,95.17,0.09517
2024-04-25 19:00:00,141.09,0.14109
2024-04-25 20:00:00,152.29,0.15228999999999998
2024-04-25 21:00:00,113.71,0.11370999999999999
2024-04-25 22:00:00,91.35,0.09135
2024-04-25 23:00:00,79.74,0.07973999999999999
2024-04-26 00:00:00,79.87,0.07987000000000001
2024-04-26 01:00:00,74.0,0.074
2024-04-26 02:00:00,74.7,0.0747
2024-04-26 03:00:00,74.07,0.07407
2024-04-26 04:00:00,77.1,0.07709999999999999
2024-04-26 05:00:00,83.69,0.08369
2024-04-26 06:00:00,93.5,0.0935
2024-04-26 07:00:00,104.06,0.10406
2024-04-26 08:00:00,96.06,0.09606
2024-04-26 09:00:00,81.08,0.08108
2024-04-26 10:00:00,77.81,0.07781
2024-04-26 11:00:00,72.95,0.07295
2024-04-26 12:00:00,70.35,0.07035
2024-04-26 13:00:00,68.74,0.06874
2024-04-26 14:00:00,65.37,0.06537000000000001
2024-04-26 15:00:00,69.92,0.06992
2024-04-26 16:00:00,71.7,0.0717
2024-04-26 17:00:00,80.46,0.08045999999999999
2024-04-26 18:00:00,94.78,0.09478
2024-04-26 19:00:00,131.9,0.13190000000000002
2024-04-26 20:00:00,141.58,0.14158
2024-04-26 21:00:00,110.0,0.11
2024-04-26 22:00:00,92.71,0.09270999999999999
2024-04-26 23:00:00,88.26,0.08826
2024-04-27 00:00:00,90.29,0.09029000000000001
2024-04-27 01:00:00,88.9,0.0889
2024-04-27 02:00:00,86.59,0.08659
2024-04-27 03:00:00,89.03,0.08903
2024-04-27 04:00:00,87.69,0.08769
2024-04-27 05:00:00,85.68,0.08568
2024-04-27 06:00:00,86.08,0.08608
2024-04-27 07:00:00,79.04,0.07904000000000001
2024-04-27 08:00:00,68.65,0.06865
2024-04-27 09:00:00,59.07,0.05907
2024-04-27 10:00:00,36.02,0.03602
2024-04-27 11:00:00,8.43,0.00843
2024-04-27 12:00:00,0.03,2.9999999999999997e-05
2024-04-27 13:00:00,-0.06,-5.9999999999999995e-05
2024-04-27 14:00:00,0.0,0.0
2024-04-27 15:00:00,0.0,0.0
2024-04-27 16:00:00,19.95,0.01995
2024-04-27 17:00:00,62.18,0.06218
2024-04-27 18:00:00,86.18,0.08618
2024-04-27 19:00:00,119.9,0.1199
2024-04-27 20:00:00,112.27,0.11227
2024-04-27 21:00:00,85.0,0.085
2024-04-27 22:00:00,75.9,0.07590000000000001
2024-04-27 23:00:00,65.23,0.06523000000000001
2024-04-28 00:00:00,56.39,0.05639
2024-04-28 01:00:00,46.14,0.04614
2024-04-28 02:00:00,39.6,0.0396
2024-04-28 03:00:00,31.55,0.03155
2024-04-28 04:00:00,27.6,0.027600000000000003
2024-04-28 05:00:00,26.05,0.02605
2024-04-28 06:00:00,9.92,0.00992
2024-04-28 07:00:00,0.1,0.0001
2024-04-28 08:00:00,-0.07,-7.000000000000001e-05
2024-04-28 09:00:00,-1.02,-0.00102
2024-04-28 10:00:00,-16.63,-0.01663
2024-04-28 11:00:00,-36.72,-0.036719999999999996
2024-04-28 12:00:00,-60.05,-0.06005
2024-04-28 13:00:00,-60.09,-0.060090000000000005
2024-04-28 14:00:00,-65.06,-0.06506
2024-04-28 15:00:00,-52.43,-0.05243
2024-04-28 16:00:00,-23.45,-0.02345
2024-04-28 17:00:00,-0.02,-2e-05
2024-04-28 18:00:00,25.38,0.02538
2024-04-28 19:00:00,69.36,0.06936
2024-04-28 20:00:00,77.45,0.07745
2024-04-28 21:00:00,78.56,0.07856
2024-04-28 22:00:00,72.21,0.07221
2024-04-28 23:00:00,66.94,0.06694
2024-04-29 00:00:00,63.15,0.06315
2024-04-29 01:00:00,60.05,0.06005
2024-04-29 02:00:00,58.93,0.058929999999999996
2024-04-29 03:00:00,62.46,0.06246
2024-04-29 04:00:00,76.82,0.07682
2024-04-29 05:00:00,85.18,0.08518
2024-04-29 06:00:00,102.38,0.10238
2024-04-29 07:00:00,117.95,0.11795
2024-04-29 08:00:00,100.69,0.10069
2024-04-29 09:00:00,75.17,0.07517
2024-04-29 10:00:00,59.21,0.05921
2024-04-29 11:00:00,36.46,0.03646
2024-04-29 12:00:00,36.18,0.03618
2024-04-29 13:00:00,35.59,0.035590000000000004
2024-04-29 14:00:00,33.63,0.03363
2024-04-29 15:00:00,35.57,0.03557
2024-04-29 16:00:00,47.68,0.04768
2024-04-29 17:00:00,85.75,0.08575
2024-04-29 18:00:00,104.73,0.10473
2024-04-29 19:00:00,180.04,0.18004
2024-04-29 20:00:00,204.57,0.20457
2024-04-29 21:00:00,108.55,0.10855
2024-04-29 22:00:00,87.29,0.08729
2024-04-29 23:00:00,81.15,0.08115
2024-04-30 00:00:00,73.76,0.07376
2024-04-30 01:00:00,66.77,0.06677
2024-04-30 02:00:00,70.41,0.07041
2024-04-30 03:00:00,70.0,0.07
2024-04-30 04:00:00,70.0,0.07
2024-04-30 05:00:00,78.77,0.07876999999999999
2024-04-30 06:00:00,94.95,0.09495
2024-04-30 07:00:00,101.95,0.10195
2024-04-30 08:00:00,88.46,0.08846
2024-04-30 09:00:00,77.0,0.077
2024-04-30 10:00:00,62.06,0.062060000000000004
2024-04-30 11:00:00,47.1,0.0471
2024-04-30 12:00:00,28.05,0.028050000000000002
2024-04-30 13:00:00,11.3,0.011300000000000001
2024-04-30 14:00:00,10.0,0.01
2024-04-30 15:00:00,19.14,0.01914
2024-04-30 16:00:00,45.84,0.045840000000000006
2024-04-30 17:00:00,66.95,0.06695000000000001
2024-04-30 18:00:00,86.2,0.0862
2024-04-30 19:00:00,122.01,0.12201000000000001
2024-04-30 20:00:00,132.41,0.13241
2024-04-30 21:00:00,88.37,0.08837
2024-04-30 22:00:00,77.97,0.07797
2024-04-30 23:00:00,75.69,0.07569
2024-05-01 00:00:00,66.81,0.06681000000000001
2024-05-01 01:00:00,55.09,0.05509
2024-05-01 02:00:00,50.31,0.05031
2024-05-01 03:00:00,43.99,0.04399
2024-05-01 04:00:00,47.81,0.047810000000000005
2024-05-01 05:00:00,44.69,0.04469
2024-05-01 06:00:00,42.48,0.04248
2024-05-01 07:00:00,28.08,0.028079999999999997
2024-05-01 08:00:00,8.45,0.00845
2024-05-01 09:00:00,0.01,1e-05
2024-05-01 10:00:00,-0.97,-0.0009699999999999999
2024-05-01 11:00:00,-40.05,-0.040049999999999995
2024-05-01 12:00:00,-91.9,-0.09190000000000001
2024-05-01 13:00:00,-120.0,-0.12
2024-05-01 14:00:00,-120.07,-0.12007
2024-05-01 15:00:00,-79.98,-0.07998000000000001
2024-05-01 16:00:00,-30.01,-0.030010000000000002
2024-05-01 17:00:00,-1.14,-0.00114
2024-05-01 18:00:00,15.32,0.01532
2024-05-01 19:00:00,50.4,0.0504
2024-05-01 20:00:00,50.0,0.05
2024-05-01 21:00:00,34.01,0.03401
2024-05-01 22:00:00,29.92,0.029920000000000002
2024-05-01 23:00:00,22.0,0.022
2024-05-02 00:00:00,14.56,0.01456
2024-05-02 01:00:00,10.94,0.01094
2024-05-02 02:00:00,10.0,0.01
2024-05-02 03:00:00,7.8,0.0078
2024-05-02 04:00:00,10.63,0.01063
2024-05-02 05:00:00,32.06,0.032060000000000005
2024-05-02 06:00:00,72.72,0.07271999999999999
2024-05-02 07:00:00,78.28,0.07828
2024-05-02 08:00:00,62.9,0.0629
2024-05-02 09:00:00,31.45,0.03145
2024-05-02 10:00:00,5.1,0.0050999999999999995
2024-05-02 11:00:00,-0.08,-8e-05
2024-05-02 12:00:00,-1.73,-0.00173
2024-05-02 13:00:00,-4.19,-0.00419
2024-05-02 14:00:00,-0.05,-5e-05
2024-05-02 15:00:00,-1.39,-0.00139
2024-05-02 16:00:00,4.04,0.00404
2024-05-02 17:00:00,55.16,0.055159999999999994
2024-05-02 18:00:00,81.22,0.08122
2024-05-02 19:00:00,87.96,0.08796
2024-05-02 20:00:00,85.14,0.08514000000000001
2024-05-02 21:00:00,82.31,0.08231000000000001
2024-05-02 22:00:00,78.21,0.07820999999999999
2024-05-02 23:00:00,71.02,0.07102
2024-05-03 00:00:00,61.9,0.0619
2024-05-03 01:00:00,59.14,0.05914
2024-05-03 02:00:00,57.95,0.05795
2024-05-03 03:00:00,58.5,0.0585
2024-05-03 04:00:00,59.14,0.05914
2024-05-03 05:00:00,69.17,0.06917
2024-05-03 06:00:00,83.76,0.08376
2024-05-03 07:00:00,85.47,0.08547
2024-05-03 08:00:00,92.31,0.09231
2024-05-03 09:00:00,88.25,0.08825
2024-05-03 10:00:00,77.95,0.07795
2024-05-03 11:00:00,72.58,0.07257999999999999
2024-05-03 12:00:00,64.11,0.06411
2024-05-03 13:00:00,59.33,0.05933
2024-05-03 14:00:00,60.05,0.06005
2024-05-03 15:00:00,64.69,0.06469
2024-05-03 16:00:00,72.29,0.07229000000000001
2024-05-03 17:00:00,79.55,0.07955
2024-05-03 18:00:00,88.89,0.08889
2024-05-03 19:00:00,105.49,0.10549
2024-05-03 20:00:00,119.94,0.11993999999999999
2024-05-03 21:00:00,107.95,0.10795
2024-05-03 22:00:00,93.46,0.09345999999999999
2024-05-03 23:00:00,85.56,0.08556
2024-05-04 00:00:00,90.8,0.09079999999999999
2024-05-04 01:00:00,87.79,0.08779
2024-05-04 02:00:00,86.26,0.08626
2024-05-04 03:00:00,87.72,0.08771999999999999
2024-05-04 04:00:00,90.64,0.09064
2024-05-04 05:00:00,98.34,0.09834
2024-05-04 06:00:00,94.19,0.09419
2024-05-04 07:00:00,90.02,0.09002
2024-05-04 08:00:00,78.48,0.07848000000000001
2024-05-04 09:00:00,62.38,0.062380000000000005
2024-05-04 10:00:00,41.17,0.04117
2024-05-04 11:00:00,31.18,0.03118
2024-05-04 12:00:00,24.93,0.02493
2024-05-04 13:00:00,14.53,0.01453
2024-05-04 14:00:00,13.34,0.01334
2024-05-04 15:00:00,26.03,0.02603
2024-05-04 16:00:00,63.62,0.06362
2024-05-04 17:00:00,79.36,0.07936
2024-05-04 18:00:00,98.01,0.09801
2024-05-04 19:00:00,121.92,0.12192
2024-05-04 20:00:00,135.4,0.1354
2024-05-04 21:00:00,113.56,0.11356000000000001
2024-05-04 22:00:00,90.26,0.09026
2024-05-04 23:00:00,83.6,0.0836
2024-05-05 00:00:00,90.58,0.09058
2024-05-05 01:00:00,84.82,0.08481999999999999
2024-05-05 02:00:00,83.52,0.08352
2024-05-05 03:00:00,80.49,0.08048999999999999
2024-05-05 04:00:00,74.74,0.07474
2024-05-05 05:00:00,71.13,0.07113
2024-05-05 06:00:00,62.16,0.06216
2024-05-05 07:00:00,55.08,0.05508
2024-05-05 08:00:00,41.33,0.04133
2024-05-05 09:00:00,26.12,0.02612
2024-05-05 10:00:00,8.85,0.00885
2024-05-05 11:00:00,0.44,0.00044
2024-05-05 12:00:00,0.0,0.0
2024-05-05 13:00:00,-0.04,-4e-05
2024-05-05 14:00:00,-0.97,-0.0009699999999999999
2024-05-05 15:00:00,-0.1,-0.0001
2024-05-05 16:00:00,0.0,0.0
2024-05-05 17:00:00,32.0,0.032
2024-05-05 18:00:00,86.5,0.0865
2024-05-05 19:00:00,96.24,0.09623999999999999
2024-05-05 20:00:00,111.92,0.11192
2024-05-05 21:00:00,107.53,0.10753
2024-05-05 22:00:00,98.74,0.09874
2024-05-05 23:00:00,88.67,0.08867
2024-05-06 00:00:00,82.86,0.08286
2024-05-06 01:00:00,79.59,0.07959000000000001
2024-05-06 02:00:00,80.41,0.08041
2024-05-06 03:00:00,79.95,0.07995000000000001
2024-05-06 04:00:00,81.69,0.08169
2024-05-06 05:00:00,88.78,0.08878
2024-05-06 06:00:00,107.09,0.10709
2024-05-06 07:00:00,130.26,0.13026
2024-05-06 08:00:00,101.35,0.10135
2024-05-06 09:00:00,89.0,0.089
2024-05-06 10:00:00,81.11,0.08111
2024-05-06 11:00:00,76.23,0.07623
2024-05-06 12:00:00,76.26,0.07626000000000001
2024-05-06 13:00:00,74.71,0.07471
2024-05-06 14:00:00,74.89,0.07489
2024-05-06 15:00:00,81.11,0.08111
2024-05-06 16:00:00,81.62,0.08162
2024-05-06 17:00:00,93.36,0.09336
2024-05-06 18:00:00,108.37,0.10837000000000001
2024-05-06 19:00:00,136.65,0.13665
2024-05-06 20:00:00,143.99,0.14399
2024-05-06 21:00:00,107.98,0.10798
2024-05-06 22:00:00,94.58,0.09458
2024-05-06 23:00:00,84.42,0.08442
2024-05-07 00:00:00,81.73,0.08173
2024-05-07 01:00:00,79.17,0.07917
2024-05-07 02:00:00,77.23,0.07723000000000001
2024-05-07 03:00:00,79.99,0.07998999999999999
2024-05-07 04:00:00,80.08,0.08008
2024-05-07 05:00:00,82.06,0.08206000000000001
2024-05-07 06:00:00,98.84,0.09884
2024-05-07 07:00:00,121.7,0.1217
2024-05-07 08:00:00,112.66,0.11266
2024-05-07 09:00:00,91.75,0.09175
2024-05-07 10:00:00,85.21,0.08521
2024-05-07 11:00:00,81.08,0.08108
2024-05-07 12:00:00,74.73,0.07473
2024-05-07 13:00:00,70.43,0.07043
2024-05-07 14:00:00,65.53,0.06553
2024-05-07 15:00:00,74.05,0.07404999999999999
2024-05-07 16:00:00,83.12,0.08312
2024-05-07 17:00:00,90.82,0.09082
2024-05-07 18:00:00,105.86,0.10586
2024-05-07 19:00:00,133.85,0.13385
2024-05-07 20:00:00,151.05,0.15105000000000002
2024-05-07 21:00:00,122.04,0.12204000000000001
2024-05-07 22:00:00,101.7,0.1017
2024-05-07 23:00:00,88.22,0.08821999999999999
2024-05-08 00:00:00,83.97,0.08397
2024-05-08 01:00:00,80.84,0.08084000000000001
2024-05-08 02:00:00,80.88,0.08088
2024-05-08 03:00:00,82.47,0.08247
2024-05-08 04:00:00,82.48,0.08248
2024-05-08 05:00:00,89.59,0.08959
2024-05-08 06:00:00,107.48,0.10748
2024-05-08 07:00:00,118.96,0.11896
2024-05-08 08:00:00,110.12,0.11012000000000001
2024-05-08 09:00:00,92.41,0.09240999999999999
2024-05-08 10:00:00,85.4,0.0854
2024-05-08 11:00:00,79.48,0.07948000000000001
2024-05-08 12:00:00,72.93,0.07293000000000001
2024-05-08 13:00:00,68.79,0.06879
2024-05-08 14:00:00,66.58,0.06658
2024-05-08 15:00:00,66.95,0.06695000000000001
2024-05-08 16:00:00,75.72,0.07572
2024-05-08 17:00:00,91.1,0.0911
2024-05-08 18:00:00,106.5,0.1065
2024-05-08 19:00:00,127.54,0.12754000000000001
2024-05-08 20:00:00,134.42,0.13441999999999998
2024-05-08 21:00:00,114.65,0.11465
2024-05-08 22:00:00,96.54,0.09654
2024-05-08 23:00:00,87.96,0.08796
2024-05-09 00:00:00,87.6,0.0876
2024-05-09 01:00:00,88.06,0.08806
2024-05-09 02:00:00,82.97,0.08297
2024-05-09 03:00:00,82.95,0.08295
2024-05-09 04:00:00,88.83,0.08882999999999999
2024-05-09 05:00:00,90.39,0.09039
2024-05-09 06:00:00,88.13,0.08813
2024-05-09 07:00:00,80.65,0.08065
2024-05-09 08:00:00,65.53,0.06553
2024-05-09 09:00:00,23.34,0.02334
2024-05-09 10:00:00,5.07,0.00507
2024-05-09 11:00:00,-0.52,-0.0005200000000000001
2024-05-09 12:00:00,-0.88,-0.00088
2024-05-09 13:00:00,-1.35,-0.00135
2024-05-09 14:00:00,-2.03,-0.0020299999999999997
2024-05-09 15:00:00,-0.93,-0.00093
2024-05-09 16:00:00,0.68,0.00068
2024-05-09 17:00:00,64.48,0.06448000000000001
2024-05-09 18:00:00,89.72,0.08972
2024-05-09 19:00:00,107.85,0.10784999999999999
2024-05-09 20:00:00,132.79,0.13279
2024-05-09 21:00:00,123.67,0.12367
2024-05-09 22:00:00,99.94,0.09994
2024-05-09 23:00:00,87.75,0.08775
2024-05-10 00:00:00,92.13,0.09212999999999999
2024-05-10 01:00:00,84.93,0.08493
2024-05-10 02:00:00,77.07,0.07707
2024-05-10 03:00:00,74.48,0.07448
2024-05-10 04:00:00,74.78,0.07478
2024-05-10 05:00:00,90.45,0.09045
2024-05-10 06:00:00,115.2,0.1152
2024-05-10 07:00:00,109.47,0.10947
2024-05-10 08:00:00,95.6,0.09559999999999999
2024-05-10 09:00:00,67.39,0.06739
2024-05-10 10:00:00,20.84,0.02084
2024-05-10 11:00:00,2.87,0.00287
2024-05-10 12:00:00,0.52,0.0005200000000000001
2024-05-10 13:00:00,0.02,2e-05
2024-05-10 14:00:00,0.02,2e-05
2024-05-10 15:00:00,20.42,0.02042
2024-05-10 16:00:00,65.46,0.06545999999999999
2024-05-10 17:00:00,85.88,0.08588
2024-05-10 18:00:00,105.91,0.10590999999999999
2024-05-10 19:00:00,136.26,0.13626
2024-05-10 20:00:00,170.72,0.17072
2024-05-10 21:00:00,136.31,0.13631000000000001
2024-05-10 22:00:00,104.87,0.10487
2024-05-10 23:00:00,92.16,0.09215999999999999
2024-05-11 00:00:00,96.76,0.09676
2024-05-11 01:00:00,94.18,0.09418000000000001
2024-05-11 02:00:00,90.03,0.09003
2024-05-11 03:00:00,89.09,0.08909
2024-05-11 04:00:00,89.91,0.08990999999999999
2024-05-11 05:00:00,90.7,0.0907
2024-05-11 06:00:00,86.72,0.08672
2024-05-11 07:00:00,79.84,0.07984000000000001
2024-05-11 08:00:00,56.47,0.05647
2024-05-11 09:00:00,6.8,0.0068
2024-05-11 10:00:00,0.0,0.0
2024-05-11 11:00:00,-10.47,-0.01047
2024-05-11 12:00:00,-21.21,-0.02121
2024-05-11 13:00:00,-21.99,-0.02199
2024-05-11 14:00:00,-24.23,-0.02423
2024-05-11 15:00:00,-11.46,-0.011460000000000001
2024-05-11 16:00:00,-0.41,-0.00041
2024-05-11 17:00:00,32.77,0.03277
2024-05-11 18:00:00,81.83,0.08183
2024-05-11 19:00:00,101.68,0.10168
2024-05-11 20:00:00,122.5,0.1225
2024-05-11 21:00:00,103.48,0.10348
2024-05-11 22:00:00,86.26,0.08626
2024-05-11 23:00:00,68.37,0.06837
2024-05-12 00:00:00,65.49,0.06548999999999999
2024-05-12 01:00:00,54.5,0.0545
2024-05-12 02:00:00,44.52,0.044520000000000004
2024-05-12 03:00:00,41.22,0.04122
2024-05-12 04:00:00,46.33,0.046329999999999996
2024-05-12 05:00:00,43.5,0.0435
2024-05-12 06:00:00,17.61,0.01761
2024-05-12 07:00:00,4.79,0.00479
2024-05-12 08:00:00,2.35,0.00235
2024-05-12 09:00:00,-2.8,-0.0028
2024-05-12 10:00:00,-25.0,-0.025
2024-05-12 11:00:00,-69.64,-0.06964000000000001
2024-05-12 12:00:00,-100.06,-0.10006
2024-05-12 13:00:00,-135.45,-0.13545
2024-05-12 14:00:00,-132.85,-0.13285
2024-05-12 15:00:00,-85.08,-0.08508
2024-05-12 16:00:00,-30.0,-0.03
2024-05-12 17:00:00,-1.33,-0.00133
2024-05-12 18:00:00,22.5,0.0225
2024-05-12 19:00:00,67.94,0.06794
2024-05-12 20:00:00,75.74,0.07574
2024-05-12 21:00:00,58.26,0.05826
2024-05-12 22:00:00,44.6,0.0446
2024-05-12 23:00:00,35.61,0.03561
2024-05-13 00:00:00,26.84,0.02684
2024-05-13 01:00:00,25.88,0.02588
2024-05-13 02:00:00,25.71,0.02571
2024-05-13 03:00:00,24.7,0.0247
2024-05-13 04:00:00,27.0,0.027
2024-05-13 05:00:00,39.68,0.03968
2024-05-13 06:00:00,79.97,0.07997
2024-05-13 07:00:00,106.6,0.1066
2024-05-13 08:00:00,78.47,0.07847
2024-05-13 09:00:00,43.51,0.04351
2024-05-13 10:00:00,10.38,0.01038
2024-05-13 11:00:00,-0.97,-0.0009699999999999999
2024-05-13 12:00:00,-2.69,-0.00269
2024-05-13 13:00:00,-2.27,-0.00227
2024-05-13 14:00:00,-2.46,-0.00246
2024-05-13 15:00:00,-0.73,-0.00073
2024-05-13 16:00:00,0.07,7.000000000000001e-05
2024-05-13 17:00:00,55.01,0.055009999999999996
2024-05-13 18:00:00,83.12,0.08312
2024-05-13 19:00:00,146.18,0.14618
2024-05-13 20:00:00,139.0,0.139
2024-05-13 21:00:00,88.7,0.0887
2024-05-13 22:00:00,69.55,0.06955
2024-05-13 23:00:00,52.7,0.052700000000000004
2024-05-14 00:00:00,48.58,0.04858
2024-05-14 01:00:00,43.43,0.043429999999999996
2024-05-14 02:00:00,35.35,0.03535
2024-05-14 03:00:00,34.08,0.03408
2024-05-14 04:00:00,28.89,0.02889
2024-05-14 05:00:00,52.35,0.05235
2024-05-14 06:00:00,71.88,0.07188
2024-05-14 07:00:00,77.33,0.07733
2024-05-14 08:00:00,51.5,0.0515
2024-05-14 09:00:00,5.64,0.00564
2024-05-14 10:00:00,-2.33,-0.00233
2024-05-14 11:00:00,-11.12,-0.01112
2024-05-14 12:00:00,-36.33,-0.03633
2024-05-14 13:00:00,-42.95,-0.04295
2024-05-14 14:00:00,-39.66,-0.039659999999999994
2024-05-14 15:00:00,-19.86,-0.01986
2024-05-14 16:00:00,-2.93,-0.0029300000000000003
2024-05-14 17:00:00,-0.04,-4e-05
2024-05-14 18:00:00,43.74,0.04374
2024-05-14 19:00:00,83.9,0.0839
2024-05-14 20:00:00,93.47,0.09347
2024-05-14 21:00:00,76.41,0.07640999999999999
2024-05-14 22:00:00,45.35,0.04535
2024-05-14 23:00:00,27.71,0.027710000000000002
2024-05-15 00:00:00,30.56,0.03056
2024-05-15 01:00:00,32.34,0.03234
2024-05-15 02:00:00,39.38,0.039380000000000005
2024-05-15 03:00:00,41.8,0.0418
2024-05-15 04:00:00,37.96,0.03796
2024-05-15 05:00:00,52.87,0.05287
2024-05-15 06:00:00,85.01,0.08501
2024-05-15 07:00:00,88.16,0.08816
2024-05-15 08:00:00,84.45,0.08445
2024-05-15 09:00:00,48.42,0.048420000000000005
2024-05-15 10:00:00,7.36,0.00736
2024-05-15 11:00:00,-0.08,-8e-05
2024-05-15 12:00:00,-9.95,-0.009949999999999999
2024-05-15 13:00:00,-11.18,-0.011179999999999999
2024-05-15 14:00:00,-9.91,-0.00991
2024-05-15 15:00:00,-0.09,-8.999999999999999e-05
2024-05-15 16:00:00,1.73,0.00173
2024-05-15 17:00:00,30.33,0.03033
2024-05-15 18:00:00,73.66,0.07366
2024-05-15 19:00:00,101.24,0.10124
2024-05-15 20:00:00,110.2,0.1102
2024-05-15 21:00:00,83.8,0.0838
2024-05-15 22:00:00,63.64,0.06364
2024-05-15 23:00:00,48.67,0.048670000000000005
2024-05-16 00:00:00,51.14,0.05114
2024-05-16 01:00:00,47.76,0.04776
2024-05-16 02:00:00,39.62,0.039619999999999995
2024-05-16 03:00:00,49.49,0.04949
2024-05-16 04:00:00,44.44,0.04444
2024-05-16 05:00:00,57.5,0.0575
2024-05-16 06:00:00,81.35,0.08134999999999999
2024-05-16 07:00:00,95.81,0.09581
2024-05-16 08:00:00,82.98,0.08298
2024-05-16 09:00:00,53.1,0.0531
2024-05-16 10:00:00,11.5,0.0115
2024-05-16 11:00:00,0.08,8e-05
2024-05-16 12:00:00,-0.02,-2e-05
2024-05-16 13:00:00,-0.71,-0.0007099999999999999
2024-05-16 14:00:00,-0.16,-0.00016
2024-05-16 15:00:00,0.01,1e-05
2024-05-16 16:00:00,10.0,0.01
2024-05-16 17:00:00,44.95,0.044950000000000004
2024-05-16 18:00:00,74.96,0.07496
2024-05-16 19:00:00,96.06,0.09606
2024-05-16 20:00:00,109.91,0.10991
2024-05-16 21:00:00,87.89,0.08789
2024-05-16 22:00:00,82.57,0.08256999999999999
2024-05-16 23:00:00,69.18,0.06918
2024-05-17 00:00:00,69.52,0.06952
2024-05-17 01:00:00,63.2,0.0632
2024-05-17 02:00:00,63.22,0.06322
2024-05-17 03:00:00,62.48,0.062479999999999994
2024-05-17 04:00:00,64.39,0.06439
2024-05-17 05:00:00,63.24,0.06324
2024-05-17 06:00:00,83.73,0.08373
2024-05-17 07:00:00,99.94,0.09994
2024-05-17 08:00:00,94.71,0.09470999999999999
2024-05-17 09:00:00,73.9,0.07390000000000001
2024-05-17 10:00:00,64.46,0.06445999999999999
2024-05-17 11:00:00,57.41,0.057409999999999996
2024-05-17 12:00:00,38.11,0.03811
2024-05-17 13:00:00,28.24,0.028239999999999998
2024-05-17 14:00:00,31.6,0.0316
2024-05-17 15:00:00,37.5,0.0375
2024-05-17 16:00:00,52.09,0.052090000000000004
2024-05-17 17:00:00,70.54,0.07054
2024-05-17 18:00:00,69.88,0.06988
2024-05-17 19:00:00,94.95,0.09495
2024-05-17 20:00:00,107.94,0.10794
2024-05-17 21:00:00,95.22,0.09522
2024-05-17 22:00:00,89.39,0.08939
2024-05-17 23:00:00,80.65,0.08065
2024-05-18 00:00:00,67.55,0.06755
2024-05-18 01:00:00,63.61,0.06361
2024-05-18 02:00:00,63.82,0.06382
2024-05-18 03:00:00,65.18,0.06518
2024-05-18 04:00:00,69.01,0.06901
2024-05-18 05:00:00,72.51,0.07251
2024-05-18 06:00:00,71.86,0.07186
2024-05-18 07:00:00,70.39,0.07039
2024-05-18 08:00:00,63.86,0.06386
2024-05-18 09:00:00,47.36,0.04736
2024-05-18 10:00:00,9.43,0.00943
2024-05-18 11:00:00,0.71,0.0007099999999999999
2024-05-18 12:00:00,-0.02,-2e-05
2024-05-18 13:00:00,-1.3,-0.0013
2024-05-18 14:00:00,-2.79,-0.00279
2024-05-18 15:00:00,-1.92,-0.0019199999999999998
2024-05-18 16:00:00,-0.04,-4e-05
2024-05-18 17:00:00,50.66,0.05066
2024-05-18 18:00:00,81.91,0.08191
2024-05-18 19:00:00,109.94,0.10994
2024-05-18 20:00:00,131.66,0.13166
2024-05-18 21:00:00,122.78,0.12278
2024-05-18 22:00:00,96.52,0.09652
2024-05-18 23:00:00,86.6,0.0866
2024-05-19 00:00:00,90.69,0.09068999999999999
2024-05-19 01:00:00,89.06,0.08906
2024-05-19 02:00:00,88.66,0.08866
2024-05-19 03:00:00,86.91,0.08691
2024-05-19 04:00:00,86.13,0.08613
2024-05-19 05:00:00,80.56,0.08056
2024-05-19 06:00:00,75.57,0.07557
2024-05-19 07:00:00,70.24,0.07024
2024-05-19 08:00:00,46.96,0.04696
2024-05-19 09:00:00,5.6,0.0056
2024-05-19 10:00:00,-0.03,-2.9999999999999997e-05
2024-05-19 11:00:00,-0.18,-0.00017999999999999998
2024-05-19 12:00:00,-2.06,-0.00206
2024-05-19 13:00:00,-7.41,-0.00741
2024-05-19 14:00:00,-15.13,-0.015130000000000001
2024-05-19 15:00:00,-10.0,-0.01
2024-05-19 16:00:00,-3.79,-0.00379
2024-05-19 17:00:00,-0.06,-5.9999999999999995e-05
2024-05-19 18:00:00,64.17,0.06417
2024-05-19 19:00:00,89.59,0.08959
2024-05-19 20:00:00,113.66,0.11366
2024-05-19 21:00:00,122.86,0.12286
2024-05-19 22:00:00,101.93,0.10193
2024-05-19 23:00:00,86.14,0.08614
2024-05-20 00:00:00,91.09,0.09109
2024-05-20 01:00:00,82.64,0.08264
2024-05-20 02:00:00,86.73,0.08673
2024-05-20 03:00:00,86.09,0.08609
2024-05-20 04:00:00,88.21,0.08821
2024-05-20 05:00:00,91.46,0.09146
2024-05-20 06:00:00,104.72,0.10472
2024-05-20 07:00:00,105.69,0.10568999999999999
2024-05-20 08:00:00,72.24,0.07224
2024-05-20 09:00:00,32.8,0.032799999999999996
2024-05-20 10:00:00,12.41,0.012410000000000001
2024-05-20 11:00:00,6.06,0.006059999999999999
2024-05-20 12:00:00,2.41,0.0024100000000000002
2024-05-20 13:00:00,0.0,0.0
2024-05-20 14:00:00,-0.33,-0.00033
2024-05-20 15:00:00,-0.07,-7.000000000000001e-05
2024-05-20 16:00:00,0.89,0.0008900000000000001
2024-05-20 17:00:00,64.17,0.06417
2024-05-20 18:00:00,85.94,0.08594
2024-05-20 19:00:00,113.63,0.11363
2024-05-20 20:00:00,135.9,0.1359
2024-05-20 21:00:00,120.33,0.12032999999999999
2024-05-20 22:00:00,96.63,0.09663
2024-05-20 23:00:00,79.86,0.07986
2024-05-21 00:00:00,81.46,0.08145999999999999
2024-05-21 01:00:00,76.4,0.07640000000000001
2024-05-21 02:00:00,76.21,0.07621
2024-05-21 03:00:00,77.92,0.07792
2024-05-21 04:00:00,74.93,0.07493000000000001
2024-05-21 05:00:00,79.58,0.07958
2024-05-21 06:00:00,112.26,0.11226
2024-05-21 07:00:00,122.98,0.12298
2024-05-21 08:00:00,97.35,0.09734999999999999
2024-05-21 09:00:00,81.86,0.08186
2024-05-21 10:00:00,66.98,0.06698
2024-05-21 11:00:00,54.42,0.05442
2024-05-21 12:00:00,28.47,0.02847
2024-05-21 13:00:00,31.34,0.03134
2024-05-21 14:00:00,54.09,0.054090000000000006
2024-05-21 15:00:00,69.65,0.06965
2024-05-21 16:00:00,79.61,0.07961
2024-05-21 17:00:00,87.98,0.08798
2024-05-21 18:00:00,103.44,0.10344
2024-05-21 19:00:00,126.98,0.12698
2024-05-21 20:00:00,99.07,0.09906999999999999
2024-05-21 21:00:00,83.58,0.08358
2024-05-21 22:00:00,83.05,0.08305
2024-05-21 23:00:00,65.91,0.06591
2024-05-22 00:00:00,70.03,0.07003
2024-05-22 01:00:00,66.4,0.0664
2024-05-22 02:00:00,64.9,0.0649
2024-05-22 03:00:00,54.12,0.054119999999999994
2024-05-22 04:00:00,62.66,0.06266
2024-05-22 05:00:00,70.2,0.0702
2024-05-22 06:00:00,98.14,0.09814
2024-05-22 07:00:00,103.12,0.10312
2024-05-22 08:00:00,94.98,0.09498000000000001
2024-05-22 09:00:00,81.21,0.08120999999999999
2024-05-22 10:00:00,70.0,0.07
2024-05-22 11:00:00,69.78,0.06978
2024-05-22 12:00:00,65.65,0.06565
2024-05-22 13:00:00,56.91,0.056909999999999995
2024-05-22 14:00:00,56.14,0.05614
2024-05-22 15:00:00,67.17,0.06717000000000001
2024-05-22 16:00:00,77.61,0.07761
2024-05-22 17:00:00,92.45,0.09245
2024-05-22 18:00:00,99.98,0.09998
2024-05-22 19:00:00,147.02,0.14702
2024-05-22 20:00:00,154.88,0.15488
2024-05-22 21:00:00,135.99,0.13599
2024-05-22 22:00:00,107.71,0.10771
2024-05-22 23:00:00,93.22,0.09322
2024-05-23 00:00:00,79.27,0.07927
2024-05-23 01:00:00,78.45,0.07845
2024-05-23 02:00:00,74.93,0.07493000000000001
2024-05-23 03:00:00,76.68,0.07668000000000001
2024-05-23 04:00:00,78.65,0.07865000000000001
2024-05-23 05:00:00,84.8,0.0848
2024-05-23 06:00:00,107.98,0.10798
2024-05-23 07:00:00,118.0,0.118
2024-05-23 08:00:00,97.84,0.09784000000000001
2024-05-23 09:00:00,75.65,0.07565000000000001
2024-05-23 10:00:00,74.89,0.07489
2024-05-23 11:00:00,64.1,0.06409999999999999
2024-05-23 12:00:00,52.5,0.0525
2024-05-23 13:00:00,45.31,0.04531
2024-05-23 14:00:00,56.98,0.056979999999999996
2024-05-23 15:00:00,71.4,0.0714
2024-05-23 16:00:00,83.77,0.08377
2024-05-23 17:00:00,96.64,0.09664
2024-05-23 18:00:00,111.49,0.11148999999999999
2024-05-23 19:00:00,156.28,0.15628
2024-05-23 20:00:00,180.06,0.18006
2024-05-23 21:00:00,155.98,0.15597999999999998
2024-05-23 22:00:00,126.15,0.12615
2024-05-23 23:00:00,105.03,0.10503
2024-05-24 00:00:00,103.17,0.10317
2024-05-24 01:00:00,94.12,0.09412000000000001
2024-05-24 02:00:00,89.79,0.08979000000000001
2024-05-24 03:00:00,88.22,0.08821999999999999
2024-05-24 04:00:00,91.8,0.09179999999999999
2024-05-24 05:00:00,103.23,0.10323
2024-05-24 06:00:00,123.84,0.12384
2024-05-24 07:00:00,122.07,0.12207
2024-05-24 08:00:00,115.9,0.1159
2024-05-24 09:00:00,106.1,0.1061
2024-05-24 10:00:00,96.16,0.09616
2024-05-24 11:00:00,90.07,0.09007
2024-05-24 12:00:00,88.98,0.08898
2024-05-24 13:00:00,87.74,0.08774
2024-05-24 14:00:00,88.12,0.08812
2024-05-24 15:00:00,88.18,0.08818000000000001
2024-05-24 16:00:00,84.27,0.08427
2024-05-24 17:00:00,98.79,0.09879
2024-05-24 18:00:00,111.77,0.11177
2024-05-24 19:00:00,129.99,0.12999000000000002
2024-05-24 20:00:00,125.0,0.125
2024-05-24 21:00:00,115.84,0.11584
2024-05-24 22:00:00,109.67,0.10967
2024-05-24 23:00:00,99.84,0.09984
2024-05-25 00:00:00,94.88,0.09487999999999999
2024-05-25 01:00:00,91.83,0.09183
2024-05-25 02:00:00,90.43,0.09043000000000001
2024-05-25 03:00:00,89.16,0.08916
2024-05-25 04:00:00,89.03,0.08903
2024-05-25 05:00:00,90.26,0.09026
2024-05-25 06:00:00,90.68,0.09068000000000001
2024-05-25 07:00:00,86.23,0.08623
2024-05-25 08:00:00,78.58,0.07858
2024-05-25 09:00:00,74.75,0.07475
2024-05-25 10:00:00,54.23,0.054229999999999993
2024-05-25 11:00:00,9.34,0.00934
2024-05-25 12:00:00,3.24,0.0032400000000000003
2024-05-25 13:00:00,0.04,4e-05
2024-05-25 14:00:00,0.0,0.0
2024-05-25 15:00:00,0.02,2e-05
2024-05-25 16:00:00,14.23,0.01423
2024-05-25 17:00:00,76.04,0.07604000000000001
2024-05-25 18:00:00,96.23,0.09623000000000001
2024-05-25 19:00:00,115.77,0.11577
2024-05-25 20:00:00,131.92,0.13191999999999998
2024-05-25 21:00:00,136.95,0.13695
2024-05-25 22:00:00,115.77,0.11577
2024-05-25 23:00:00,104.54,0.10454000000000001
2024-05-26 00:00:00,107.36,0.10736
2024-05-26 01:00:00,98.3,0.0983
2024-05-26 02:00:00,90.77,0.09076999999999999
2024-05-26 03:00:00,90.1,0.0901
2024-05-26 04:00:00,91.16,0.09115999999999999
2024-05-26 05:00:00,88.61,0.08861
2024-05-26 06:00:00,83.49,0.08349
2024-05-26 07:00:00,71.9,0.0719
2024-05-26 08:00:00,13.25,0.01325
2024-05-26 09:00:00,0.02,2e-05
2024-05-26 10:00:00,0.0,0.0
2024-05-26 11:00:00,-0.09,-8.999999999999999e-05
2024-05-26 12:00:00,-2.12,-0.00212
2024-05-26 13:00:00,-10.66,-0.01066
2024-05-26 14:00:00,-23.88,-0.02388
2024-05-26 15:00:00,-9.91,-0.00991
2024-05-26 16:00:00,-0.6,-0.0006
2024-05-26 17:00:00,57.0,0.057
2024-05-26 18:00:00,93.26,0.09326000000000001
2024-05-26 19:00:00,118.08,0.11808
2024-05-26 20:00:00,118.74,0.11874
2024-05-26 21:00:00,121.1,0.1211
2024-05-26 22:00:00,106.94,0.10694
2024-05-26 23:00:00,87.5,0.0875
2024-05-27 00:00:00,78.34,0.07834
2024-05-27 01:00:00,75.07,0.07507
2024-05-27 02:00:00,74.44,0.07443999999999999
2024-05-27 03:00:00,74.43,0.07443000000000001
2024-05-27 04:00:00,77.87,0.07787000000000001
2024-05-27 05:00:00,84.04,0.08404
2024-05-27 06:00:00,112.94,0.11294
2024-05-27 07:00:00,128.74,0.12874000000000002
2024-05-27 08:00:00,124.55,0.12455
2024-05-27 09:00:00,107.22,0.10722
2024-05-27 10:00:00,88.44,0.08843999999999999
2024-05-27 11:00:00,86.26,0.08626
2024-05-27 12:00:00,77.34,0.07734
2024-05-27 13:00:00,74.46,0.07446
2024-05-27 14:00:00,72.96,0.07296
2024-05-27 15:00:00,77.78,0.07778
2024-05-27 16:00:00,84.66,0.08466
2024-05-27 17:00:00,111.04,0.11104
2024-05-27 18:00:00,131.4,0.13140000000000002
2024-05-27 19:00:00,186.68,0.18668
2024-05-27 20:00:00,221.46,0.22146000000000002
2024-05-27 21:00:00,169.86,0.16986
2024-05-27 22:00:00,131.4,0.13140000000000002
2024-05-27 23:00:00,113.78,0.11378
2024-05-28 00:00:00,97.78,0.09778
2024-05-28 01:00:00,90.5,0.0905
2024-05-28 02:00:00,87.64,0.08764
2024-05-28 03:00:00,85.22,0.08522
2024-05-28 04:00:00,83.96,0.08395999999999999
2024-05-28 05:00:00,88.04,0.08804000000000001
2024-05-28 06:00:00,110.34,0.11034000000000001
2024-05-28 07:00:00,120.1,0.1201
2024-05-28 08:00:00,102.23,0.10223
2024-05-28 09:00:00,85.43,0.08543
2024-05-28 10:00:00,72.52,0.07252
2024-05-28 11:00:00,69.17,0.06917
2024-05-28 12:00:00,61.1,0.0611
2024-05-28 13:00:00,55.25,0.05525
2024-05-28 14:00:00,55.27,0.05527
2024-05-28 15:00:00,65.66,0.06566
2024-05-28 16:00:00,72.52,0.07252
2024-05-28 17:00:00,85.8,0.0858
2024-05-28 18:00:00,102.28,0.10228
2024-05-28 19:00:00,130.05,0.13005
2024-05-28 20:00:00,144.31,0.14431
2024-05-28 21:00:00,124.0,0.124
2024-05-28 22:00:00,100.09,0.10009
2024-05-28 23:00:00,88.78,0.08878
2024-05-29 00:00:00,72.22,0.07221999999999999
2024-05-29 01:00:00,57.54,0.05754
2024-05-29 02:00:00,54.28,0.05428
2024-05-29 03:00:00,50.59,0.05059
2024-05-29 04:00:00,49.83,0.04983
2024-05-29 05:00:00,45.91,0.04591
2024-05-29 06:00:00,72.15,0.07215
2024-05-29 07:00:00,86.45,0.08645
2024-05-29 08:00:00,91.52,0.09151999999999999
2024-05-29 09:00:00,69.11,0.06911
2024-05-29 10:00:00,67.85,0.06785
2024-05-29 11:00:00,62.12,0.062119999999999995
2024-05-29 12:00:00,59.07,0.05907
2024-05-29 13:00:00,62.25,0.06225
2024-05-29 14:00:00,62.18,0.06218
2024-05-29 15:00:00,69.49,0.06949
2024-05-29 16:00:00,72.67,0.07267
2024-05-29 17:00:00,89.23,0.08923
2024-05-29 18:00:00,94.66,0.09466
2024-05-29 19:00:00,111.44,0.11144
2024-05-29 20:00:00,140.5,0.1405
2024-05-29 21:00:00,143.26,0.14326
2024-05-29 22:00:00,120.39,0.12039
2024-05-29 23:00:00,95.53,0.09553
2024-05-30 00:00:00,100.43,0.10043
2024-05-30 01:00:00,96.2,0.09620000000000001
2024-05-30 02:00:00,91.21,0.09121
2024-05-30 03:00:00,93.63,0.09362999999999999
2024-05-30 04:00:00,94.56,0.09456
2024-05-30 05:00:00,100.79,0.10079
2024-05-30 06:00:00,103.37,0.10337
2024-05-30 07:00:00,106.67,0.10667
2024-05-30 08:00:00,97.71,0.09770999999999999
2024-05-30 09:00:00,93.9,0.09390000000000001
2024-05-30 10:00:00,85.0,0.085
2024-05-30 11:00:00,80.0,0.08
2024-05-30 12:00:00,70.92,0.07092
2024-05-30 13:00:00,62.97,0.06297
2024-05-30 14:00:00,62.97,0.06297
2024-05-30 15:00:00,67.69,0.06769
2024-05-30 16:00:00,83.75,0.08375
2024-05-30 17:00:00,90.13,0.09013
2024-05-30 18:00:00,110.67,0.11067
2024-05-30 19:00:00,135.23,0.13523
2024-05-30 20:00:00,154.73,0.15472999999999998
2024-05-30 21:00:00,143.45,0.14345
2024-05-30 22:00:00,112.11,0.11211
2024-05-30 23:00:00,100.71,0.10071
2024-05-31 00:00:00,96.21,0.09620999999999999
2024-05-31 01:00:00,80.71,0.08070999999999999
2024-05-31 02:00:00,79.49,0.07948999999999999
2024-05-31 03:00:00,73.71,0.07371
2024-05-31 04:00:00,74.53,0.07453
2024-05-31 05:00:00,90.06,0.09006
2024-05-31 06:00:00,106.27,0.10626999999999999
2024-05-31 07:00:00,109.11,0.10911
2024-05-31 08:00:00,108.72,0.10872
2024-05-31 09:00:00,102.36,0.10235999999999999
2024-05-31 10:00:00,91.97,0.09197
2024-05-31 11:00:00,82.02,0.08202
2024-05-31 12:00:00,74.91,0.07490999999999999
2024-05-31 13:00:00,68.5,0.0685
2024-05-31 14:00:00,65.3,0.0653
2024-05-31 15:00:00,66.94,0.06694
2024-05-31 16:00:00,75.07,0.07507
2024-05-31 17:00:00,84.1,0.0841
2024-05-31 18:00:00,94.46,0.09445999999999999
2024-05-31 19:00:00,107.94,0.10794
2024-05-31 20:00:00,115.0,0.115
2024-05-31 21:00:00,107.91,0.10790999999999999
2024-05-31 22:00:00,101.74,0.10174
2024-05-31 23:00:00,84.18,0.08418
2024-06-01 00:00:00,88.58,0.08857999999999999
2024-06-01 01:00:00,88.82,0.08882
2024-06-01 02:00:00,79.66,0.07966
2024-06-01 03:00:00,72.14,0.07214
2024-06-01 04:00:00,71.87,0.07187
2024-06-01 05:00:00,71.83,0.07183
2024-06-01 06:00:00,75.2,0.0752
2024-06-01 07:00:00,74.4,0.07440000000000001
2024-06-01 08:00:00,72.49,0.07249
2024-06-01 09:00:00,61.35,0.06135
2024-06-01 10:00:00,47.16,0.047159999999999994
2024-06-01 11:00:00,41.86,0.04186
2024-06-01 12:00:00,21.21,0.02121
2024-06-01 13:00:00,7.44,0.00744
2024-06-01 14:00:00,2.92,0.00292
2024-06-01 15:00:00,5.8,0.0058
2024-06-01 16:00:00,13.0,0.013
2024-06-01 17:00:00,52.08,0.05208
2024-06-01 18:00:00,67.5,0.0675
2024-06-01 19:00:00,81.9,0.0819
2024-06-01 20:00:00,85.86,0.08586
2024-06-01 21:00:00,81.76,0.08176
2024-06-01 22:00:00,84.48,0.08448
2024-06-01 23:00:00,65.39,0.06539
2024-06-02 00:00:00,35.71,0.03571
2024-06-02 01:00:00,31.12,0.031120000000000002
2024-06-02 02:00:00,15.85,0.01585
2024-06-02 03:00:00,7.22,0.00722
2024-06-02 04:00:00,8.96,0.008960000000000001
2024-06-02 05:00:00,5.13,0.00513
2024-06-02 06:00:00,4.91,0.00491
2024-06-02 07:00:00,4.11,0.00411
2024-06-02 08:00:00,0.97,0.0009699999999999999
2024-06-02 09:00:00,0.0,0.0
2024-06-02 10:00:00,1.56,0.00156
2024-06-02 11:00:00,0.77,0.0007700000000000001
2024-06-02 12:00:00,-0.1,-0.0001
2024-06-02 13:00:00,-4.01,-0.00401
2024-06-02 14:00:00,-15.93,-0.01593
2024-06-02 15:00:00,-19.58,-0.019579999999999997
2024-06-02 16:00:00,-8.98,-0.00898
2024-06-02 17:00:00,-1.27,-0.00127
2024-06-02 18:00:00,13.95,0.013949999999999999
2024-06-02 19:00:00,67.23,0.06723
2024-06-02 20:00:00,94.99,0.09498999999999999
2024-06-02 21:00:00,106.93,0.10693000000000001
2024-06-02 22:00:00,109.01,0.10901000000000001
2024-06-02 23:00:00,99.16,0.09916
2024-06-03 00:00:00,98.26,0.09826
2024-06-03 01:00:00,84.58,0.08458
2024-06-03 02:00:00,83.67,0.08367000000000001
2024-06-03 03:00:00,83.81,0.08381
2024-06-03 04:00:00,82.17,0.08217
2024-06-03 05:00:00,96.17,0.09617
2024-06-03 06:00:00,133.28,0.13328
2024-06-03 07:00:00,193.06,0.19306
2024-06-03 08:00:00,164.48,0.16448
2024-06-03 09:00:00,128.08,0.12808
2024-06-03 10:00:00,99.05,0.09905
2024-06-03 11:00:00,95.9,0.0959
2024-06-03 12:00:00,81.09,0.08109000000000001
2024-06-03 13:00:00,74.9,0.07490000000000001
2024-06-03 14:00:00,67.3,0.0673
2024-06-03 15:00:00,72.02,0.07202
2024-06-03 16:00:00,78.0,0.078
2024-06-03 17:00:00,105.95,0.10595
2024-06-03 18:00:00,127.32,0.12732
2024-06-03 19:00:00,182.91,0.18291
2024-06-03 20:00:00,215.28,0.21528
2024-06-03 21:00:00,198.79,0.19879
2024-06-03 22:00:00,149.29,0.14928999999999998
2024-06-03 23:00:00,116.04,0.11604
2024-06-04 00:00:00,106.87,0.10687
2024-06-04 01:00:00,99.98,0.09998
2024-06-04 02:00:00,95.42,0.09542
2024-06-04 03:00:00,92.94,0.09294
2024-06-04 04:00:00,92.25,0.09225
2024-06-04 05:00:00,104.69,0.10468999999999999
2024-06-04 06:00:00,162.0,0.162
2024-06-04 07:00:00,177.66,0.17765999999999998
2024-06-04 08:00:00,141.68,0.14168
2024-06-04 09:00:00,112.37,0.11237
2024-06-04 10:00:00,91.6,0.0916
2024-06-04 11:00:00,81.31,0.08131000000000001
2024-06-04 12:00:00,67.34,0.06734
2024-06-04 13:00:00,55.27,0.05527
2024-06-04 14:00:00,43.86,0.043859999999999996
2024-06-04 15:00:00,47.06,0.047060000000000005
2024-06-04 16:00:00,64.03,0.06403
2024-06-04 17:00:00,84.88,0.08488
2024-06-04 18:00:00,116.22,0.11622
2024-06-04 19:00:00,176.78,0.17678
2024-06-04 20:00:00,235.52,0.23552
2024-06-04 21:00:00,140.68,0.14068
2024-06-04 22:00:00,107.34,0.10734
2024-06-04 23:00:00,75.81,0.07581
2024-06-05 00:00:00,56.85,0.056850000000000005
2024-06-05 01:00:00,43.93,0.04393
2024-06-05 02:00:00,44.55,0.04455
2024-06-05 03:00:00,50.05,0.05005
2024-06-05 04:00:00,48.09,0.04809
2024-06-05 05:00:00,71.19,0.07119
2024-06-05 06:00:00,103.55,0.10355
2024-06-05 07:00:00,142.76,0.14276
2024-06-05 08:00:00,112.92,0.11292
2024-06-05 09:00:00,84.16,0.08416
2024-06-05 10:00:00,69.93,0.06993
2024-06-05 11:00:00,62.03,0.06203
2024-06-05 12:00:00,48.4,0.0484
2024-06-05 13:00:00,30.17,0.030170000000000002
2024-06-05 14:00:00,26.3,0.0263
2024-06-05 15:00:00,30.06,0.03006
2024-06-05 16:00:00,62.57,0.06257
2024-06-05 17:00:00,80.43,0.08043
2024-06-05 18:00:00,105.09,0.10509
2024-06-05 19:00:00,126.97,0.12697
2024-06-05 20:00:00,155.9,0.1559
2024-06-05 21:00:00,158.02,0.15802000000000002
2024-06-05 22:00:00,141.47,0.14147
2024-06-05 23:00:00,105.99,0.10599
2024-06-06 00:00:00,93.24,0.09323999999999999
2024-06-06 01:00:00,89.92,0.08992
2024-06-06 02:00:00,85.86,0.08586
2024-06-06 03:00:00,85.35,0.08535
2024-06-06 04:00:00,88.25,0.08825
2024-06-06 05:00:00,98.97,0.09897
2024-06-06 06:00:00,123.9,0.12390000000000001
2024-06-06 07:00:00,127.92,0.12792
2024-06-06 08:00:00,96.83,0.09683
2024-06-06 09:00:00,71.89,0.07189
2024-06-06 10:00:00,57.8,0.0578
2024-06-06 11:00:00,30.25,0.03025
2024-06-06 12:00:00,24.33,0.024329999999999997
2024-06-06 13:00:00,19.5,0.0195
2024-06-06 14:00:00,24.23,0.02423
2024-06-06 15:00:00,37.65,0.037649999999999996
2024-06-06 16:00:00,62.11,0.06211
2024-06-06 17:00:00,80.67,0.08067
2024-06-06 18:00:00,89.92,0.08992
2024-06-06 19:00:00,115.69,0.11569
2024-06-06 20:00:00,163.98,0.16398
2024-06-06 21:00:00,167.72,0.16772
2024-06-06 22:00:00,132.45,0.13244999999999998
2024-06-06 23:00:00,104.39,0.10439
2024-06-07 00:00:00,101.0,0.101
2024-06-07 01:00:00,96.13,0.09613
2024-06-07 02:00:00,91.7,0.0917
2024-06-07 03:00:00,87.53,0.08753
2024-06-07 04:00:00,84.25,0.08425
2024-06-07 05:00:00,91.9,0.09190000000000001
2024-06-07 06:00:00,113.95,0.11395000000000001
2024-06-07 07:00:00,119.05,0.11905
2024-06-07 08:00:00,102.76,0.10276
2024-06-07 09:00:00,78.56,0.07856
2024-06-07 10:00:00,60.66,0.06066
2024-06-07 11:00:00,41.39,0.04139
2024-06-07 12:00:00,33.91,0.033909999999999996
2024-06-07 13:00:00,25.36,0.02536
2024-06-07 14:00:00,17.41,0.017410000000000002
2024-06-07 15:00:00,13.08,0.01308
2024-06-07 16:00:00,25.57,0.02557
2024-06-07 17:00:00,64.56,0.06456
2024-06-07 18:00:00,85.21,0.08521
2024-06-07 19:00:00,128.58,0.12858
2024-06-07 20:00:00,154.75,0.15475
2024-06-07 21:00:00,153.85,0.15385
2024-06-07 22:00:00,126.88,0.12688
2024-06-07 23:00:00,97.45,0.09745000000000001
2024-06-08 00:00:00,98.36,0.09836
2024-06-08 01:00:00,90.04,0.09004000000000001
2024-06-08 02:00:00,83.31,0.08331000000000001
2024-06-08 03:00:00,83.53,0.08353000000000001
2024-06-08 04:00:00,79.64,0.07964
2024-06-08 05:00:00,82.11,0.08211
2024-06-08 06:00:00,79.38,0.07937999999999999
2024-06-08 07:00:00,62.82,0.06282
2024-06-08 08:00:00,42.2,0.0422
2024-06-08 09:00:00,12.24,0.012240000000000001
2024-06-08 10:00:00,-0.13,-0.00013000000000000002
2024-06-08 11:00:00,-2.27,-0.00227
2024-06-08 12:00:00,-10.26,-0.01026
2024-06-08 13:00:00,-23.7,-0.0237
2024-06-08 14:00:00,-30.03,-0.03003
2024-06-08 15:00:00,-20.62,-0.02062
2024-06-08 16:00:00,-8.25,-0.00825
2024-06-08 17:00:00,0.01,1e-05
2024-06-08 18:00:00,44.91,0.04491
2024-06-08 19:00:00,68.84,0.06884
2024-06-08 20:00:00,99.32,0.09931999999999999
2024-06-08 21:00:00,93.01,0.09301000000000001
2024-06-08 22:00:00,100.0,0.1
2024-06-08 23:00:00,78.79,0.07879000000000001
2024-06-09 00:00:00,74.28,0.07428
2024-06-09 01:00:00,63.59,0.06359000000000001
2024-06-09 02:00:00,42.52,0.04252
2024-06-09 03:00:00,15.57,0.01557
2024-06-09 04:00:00,18.19,0.01819
2024-06-09 05:00:00,11.56,0.01156
2024-06-09 06:00:00,8.4,0.008400000000000001
2024-06-09 07:00:00,2.22,0.00222
2024-06-09 08:00:00,-0.08,-8e-05
2024-06-09 09:00:00,-2.01,-0.0020099999999999996
2024-06-09 10:00:00,-7.6,-0.0076
2024-06-09 11:00:00,-15.0,-0.015
2024-06-09 12:00:00,-25.0,-0.025
2024-06-09 13:00:00,-32.69,-0.03269
2024-06-09 14:00:00,-37.14,-0.03714
2024-06-09 15:00:00,-28.68,-0.02868
2024-06-09 16:00:00,-5.84,-0.00584
2024-06-09 17:00:00,-0.5,-0.0005
2024-06-09 18:00:00,42.76,0.04276
2024-06-09 19:00:00,96.85,0.09684999999999999
2024-06-09 20:00:00,115.86,0.11586
2024-06-09 21:00:00,111.24,0.11123999999999999
2024-06-09 22:00:00,108.42,0.10842
2024-06-09 23:00:00,97.21,0.09720999999999999
2024-06-10 00:00:00,73.96,0.07396
2024-06-10 01:00:00,71.59,0.07159
2024-06-10 02:00:00,68.73,0.06873
2024-06-10 03:00:00,68.27,0.06827
2024-06-10 04:00:00,69.0,0.069
2024-06-10 05:00:00,78.32,0.07831999999999999
2024-06-10 06:00:00,117.4,0.1174
2024-06-10 07:00:00,185.18,0.18518
2024-06-10 08:00:00,146.21,0.14621
2024-06-10 09:00:00,107.25,0.10725
2024-06-10 10:00:00,89.46,0.08946
2024-06-10 11:00:00,85.04,0.08504
2024-06-10 12:00:00,74.3,0.07429999999999999
2024-06-10 13:00:00,73.59,0.07359
2024-06-10 14:00:00,67.07,0.06706999999999999
2024-06-10 15:00:00,65.88,0.06588
2024-06-10 16:00:00,70.0,0.07
2024-06-10 17:00:00,81.2,0.08120000000000001
2024-06-10 18:00:00,98.53,0.09853
2024-06-10 19:00:00,118.59,0.11859
2024-06-10 20:00:00,124.45,0.12445
2024-06-10 21:00:00,113.32,0.11331999999999999
2024-06-10 22:00:00,98.41,0.09841
2024-06-10 23:00:00,77.76,0.07776000000000001
2024-06-11 00:00:00,60.07,0.06007
2024-06-11 01:00:00,56.96,0.056960000000000004
2024-06-11 02:00:00,62.95,0.06295
2024-06-11 03:00:00,55.82,0.05582
2024-06-11 04:00:00,60.06,0.06006
2024-06-11 05:00:00,59.11,0.05911
2024-06-11 06:00:00,81.83,0.08183
2024-06-11 07:00:00,100.26,0.10026
2024-06-11 08:00:00,91.5,0.0915
2024-06-11 09:00:00,68.27,0.06827
2024-06-11 10:00:00,49.92,0.04992
2024-06-11 11:00:00,32.13,0.032130000000000006
2024-06-11 12:00:00,11.12,0.01112
2024-06-11 13:00:00,0.76,0.00076
2024-06-11 14:00:00,0.0,0.0
2024-06-11 15:00:00,0.03,2.9999999999999997e-05
2024-06-11 16:00:00,13.89,0.013890000000000001
2024-06-11 17:00:00,55.27,0.05527
2024-06-11 18:00:00,71.65,0.07165
2024-06-11 19:00:00,100.0,0.1
2024-06-11 20:00:00,127.64,0.12764
2024-06-11 21:00:00,122.37,0.12237
2024-06-11 22:00:00,106.74,0.10674
2024-06-11 23:00:00,90.82,0.09082
2024-06-12 00:00:00,88.85,0.08885
2024-06-12 01:00:00,85.35,0.08535
2024-06-12 02:00:00,80.29,0.08029
2024-06-12 03:00:00,82.11,0.08211
2024-06-12 04:00:00,86.11,0.08611
2024-06-12 05:00:00,94.65,0.09465000000000001
2024-06-12 06:00:00,124.74,0.12473999999999999
2024-06-12 07:00:00,136.4,0.1364
2024-06-12 08:00:00,114.62,0.11462
2024-06-12 09:00:00,78.65,0.07865000000000001
2024-06-12 10:00:00,64.19,0.06419
2024-06-12 11:00:00,58.0,0.058
2024-06-12 12:00:00,42.09,0.04209
2024-06-12 13:00:00,40.72,0.04072
2024-06-12 14:00:00,39.68,0.03968
2024-06-12 15:00:00,45.34,0.045340000000000005
2024-06-12 16:00:00,63.0,0.063
2024-06-12 17:00:00,81.2,0.08120000000000001
2024-06-12 18:00:00,99.95,0.09995
2024-06-12 19:00:00,135.7,0.1357
2024-06-12 20:00:00,154.34,0.15434
2024-06-12 21:00:00,154.66,0.15466
2024-06-12 22:00:00,130.88,0.13088
2024-06-12 23:00:00,107.07,0.10707
2024-06-13 00:00:00,99.0,0.099
2024-06-13 01:00:00,93.26,0.09326000000000001
2024-06-13 02:00:00,84.19,0.08419
2024-06-13 03:00:00,85.21,0.08521
2024-06-13 04:00:00,83.83,0.08383
2024-06-13 05:00:00,98.96,0.09895999999999999
2024-06-13 06:00:00,122.41,0.12240999999999999
2024-06-13 07:00:00,131.09,0.13109
2024-06-13 08:00:00,115.02,0.11502
2024-06-13 09:00:00,83.8,0.0838
2024-06-13 10:00:00,69.01,0.06901
2024-06-13 11:00:00,61.71,0.06171
2024-06-13 12:00:00,53.36,0.05336
2024-06-13 13:00:00,46.96,0.04696
2024-06-13 14:00:00,43.35,0.04335
2024-06-13 15:00:00,53.74,0.05374
2024-06-13 16:00:00,77.42,0.07742
2024-06-13 17:00:00,80.08,0.08008
2024-06-13 18:00:00,106.91,0.10690999999999999
2024-06-13 19:00:00,139.66,0.13966
2024-06-13 20:00:00,188.35,0.18835
2024-06-13 21:00:00,163.84,0.16384
2024-06-13 22:00:00,108.37,0.10837000000000001
2024-06-13 23:00:00,85.18,0.08518
2024-06-14 00:00:00,83.13,0.08313
2024-06-14 01:00:00,71.45,0.07145
2024-06-14 02:00:00,63.93,0.06393
2024-06-14 03:00:00,59.53,0.05953
2024-06-14 04:00:00,55.82,0.05582
2024-06-14 05:00:00,64.22,0.06422
2024-06-14 06:00:00,85.01,0.08501
2024-06-14 07:00:00,100.95,0.10095
2024-06-14 08:00:00,104.99,0.10499
2024-06-14 09:00:00,102.54,0.10254
2024-06-14 10:00:00,82.18,0.08218
2024-06-14 11:00:00,68.1,0.0681
2024-06-14 12:00:00,60.88,0.060880000000000004
2024-06-14 13:00:00,47.46,0.04746
2024-06-14 14:00:00,40.74,0.040740000000000005
2024-06-14 15:00:00,41.0,0.041
2024-06-14 16:00:00,60.31,0.06031
2024-06-14 17:00:00,75.0,0.075
2024-06-14 18:00:00,90.98,0.09098
2024-06-14 19:00:00,136.0,0.136
2024-06-14 20:00:00,127.31,0.12731
2024-06-14 21:00:00,117.12,0.11712
2024-06-14 22:00:00,83.41,0.08341
2024-06-14 23:00:00,59.42,0.05942
2024-06-15 00:00:00,60.68,0.06068
2024-06-15 01:00:00,41.04,0.04104
2024-06-15 02:00:00,29.97,0.02997
2024-06-15 03:00:00,28.86,0.02886
2024-06-15 04:00:00,22.51,0.022510000000000002
2024-06-15 05:00:00,10.04,0.010039999999999999
2024-06-15 06:00:00,1.54,0.0015400000000000001
2024-06-15 07:00:00,0.09,8.999999999999999e-05
2024-06-15 08:00:00,0.0,0.0
2024-06-15 09:00:00,-0.06,-5.9999999999999995e-05
2024-06-15 10:00:00,-10.08,-0.01008
2024-06-15 11:00:00,-29.04,-0.02904
2024-06-15 12:00:00,-44.92,-0.04492
2024-06-15 13:00:00,-65.46,-0.06545999999999999
2024-06-15 14:00:00,-80.01,-0.08001000000000001
2024-06-15 15:00:00,-56.23,-0.056229999999999995
2024-06-15 16:00:00,-29.53,-0.02953
2024-06-15 17:00:00,-4.84,-0.00484
2024-06-15 18:00:00,-0.01,-1e-05
2024-06-15 19:00:00,40.0,0.04
2024-06-15 20:00:00,84.28,0.08428000000000001
2024-06-15 21:00:00,79.92,0.07992
2024-06-15 22:00:00,64.3,0.0643
2024-06-15 23:00:00,40.4,0.0404
2024-06-16 00:00:00,24.91,0.02491
2024-06-16 01:00:00,10.36,0.01036
2024-06-16 02:00:00,4.92,0.00492
2024-06-16 03:00:00,2.92,0.00292
2024-06-16 04:00:00,2.19,0.00219
2024-06-16 05:00:00,2.53,0.0025299999999999997
2024-06-16 06:00:00,2.95,0.0029500000000000004
2024-06-16 07:00:00,0.69,0.00069
2024-06-16 08:00:00,-0.02,-2e-05
2024-06-16 09:00:00,-1.28,-0.00128
2024-06-16 10:00:00,-10.0,-0.01
2024-06-16 11:00:00,-13.33,-0.01333
2024-06-16 12:00:00,-20.01,-0.02001
2024-06-16 13:00:00,-30.01,-0.030010000000000002
2024-06-16 14:00:00,-35.67,-0.03567
2024-06-16 15:00:00,-29.04,-0.02904
2024-06-16 16:00:00,-10.14,-0.01014
2024-06-16 17:00:00,-2.34,-0.00234
2024-06-16 18:00:00,56.22,0.05622
2024-06-16 19:00:00,99.65,0.09965
2024-06-16 20:00:00,119.15,0.11915
2024-06-16 21:00:00,124.28,0.12428
2024-06-16 22:00:00,120.34,0.12034
2024-06-16 23:00:00,94.44,0.09444
2024-06-17 00:00:00,76.62,0.07662000000000001
2024-06-17 01:00:00,66.73,0.06673
2024-06-17 02:00:00,68.81,0.06881
2024-06-17 03:00:00,71.81,0.07181
2024-06-17 04:00:00,73.56,0.07356
2024-06-17 05:00:00,90.02,0.09002
2024-06-17 06:00:00,119.13,0.11913
2024-06-17 07:00:00,132.68,0.13268000000000002
2024-06-17 08:00:00,116.23,0.11623
2024-06-17 09:00:00,84.73,0.08473
2024-06-17 10:00:00,62.11,0.06211
2024-06-17 11:00:00,55.01,0.055009999999999996
2024-06-17 12:00:00,41.86,0.04186
2024-06-17 13:00:00,39.45,0.039450000000000006
2024-06-17 14:00:00,46.62,0.046619999999999995
2024-06-17 15:00:00,54.54,0.05454
2024-06-17 16:00:00,64.21,0.06420999999999999
2024-06-17 17:00:00,88.58,0.08857999999999999
2024-06-17 18:00:00,114.16,0.11416
2024-06-17 19:00:00,157.37,0.15737
2024-06-17 20:00:00,210.16,0.21015999999999999
2024-06-17 21:00:00,200.01,0.20001
2024-06-17 22:00:00,128.15,0.12815000000000001
2024-06-17 23:00:00,101.55,0.10155
2024-06-18 00:00:00,96.92,0.09692
2024-06-18 01:00:00,90.29,0.09029000000000001
2024-06-18 02:00:00,87.53,0.08753
2024-06-18 03:00:00,89.29,0.08929000000000001
2024-06-18 04:00:00,90.29,0.09029000000000001
2024-06-18 05:00:00,95.94,0.09594
2024-06-18 06:00:00,134.49,0.13449
2024-06-18 07:00:00,130.17,0.13016999999999998
2024-06-18 08:00:00,95.96,0.09595999999999999
2024-06-18 09:00:00,80.9,0.0809
2024-06-18 10:00:00,69.91,0.06991
2024-06-18 11:00:00,54.81,0.054810000000000005
2024-06-18 12:00:00,51.16,0.05116
2024-06-18 13:00:00,51.03,0.05103
2024-06-18 14:00:00,57.04,0.05704
2024-06-18 15:00:00,73.12,0.07312
2024-06-18 16:00:00,76.24,0.07623999999999999
2024-06-18 17:00:00,90.06,0.09006
2024-06-18 18:00:00,133.25,0.13325
2024-06-18 19:00:00,158.19,0.15819
2024-06-18 20:00:00,171.87,0.17187
2024-06-18 21:00:00,134.47,0.13447
2024-06-18 22:00:00,104.2,0.1042
2024-06-18 23:00:00,91.63,0.09162999999999999
2024-06-19 00:00:00,99.95,0.09995
2024-06-19 01:00:00,91.43,0.09143000000000001
2024-06-19 02:00:00,86.85,0.08685
2024-06-19 03:00:00,85.78,0.08578
2024-06-19 04:00:00,83.47,0.08347
2024-06-19 05:00:00,86.41,0.08641
2024-06-19 06:00:00,112.55,0.11255
2024-06-19 07:00:00,116.83,0.11683
2024-06-19 08:00:00,107.33,0.10733
2024-06-19 09:00:00,86.31,0.08631
2024-06-19 10:00:00,75.1,0.0751
2024-06-19 11:00:00,66.23,0.06623
2024-06-19 12:00:00,58.03,0.05803
2024-06-19 13:00:00,39.84,0.03984
2024-06-19 14:00:00,22.41,0.02241
2024-06-19 15:00:00,23.56,0.023559999999999998
2024-06-19 16:00:00,59.9,0.0599
2024-06-19 17:00:00,70.0,0.07
2024-06-19 18:00:00,88.44,0.08843999999999999
2024-06-19 19:00:00,102.9,0.1029
2024-06-19 20:00:00,143.66,0.14366
2024-06-19 21:00:00,115.08,0.11508
2024-06-19 22:00:00,108.26,0.10826000000000001
2024-06-19 23:00:00,93.21,0.09320999999999999
2024-06-20 00:00:00,85.89,0.08589
2024-06-20 01:00:00,78.62,0.07862000000000001
2024-06-20 02:00:00,78.88,0.07887999999999999
2024-06-20 03:00:00,78.82,0.07881999999999999
2024-06-20 04:00:00,78.62,0.07862000000000001
2024-06-20 05:00:00,86.55,0.08655
2024-06-20 06:00:00,114.11,0.11411
2024-06-20 07:00:00,112.84,0.11284000000000001
2024-06-20 08:00:00,102.99,0.10299
2024-06-20 09:00:00,80.69,0.08069
2024-06-20 10:00:00,69.13,0.06913
2024-06-20 11:00:00,58.77,0.05877
2024-06-20 12:00:00,55.46,0.05546
2024-06-20 13:00:00,53.81,0.053810000000000004
2024-06-20 14:00:00,57.18,0.05718
2024-06-20 15:00:00,68.58,0.06858
2024-06-20 16:00:00,80.0,0.08
2024-06-20 17:00:00,98.27,0.09827
2024-06-20 18:00:00,119.31,0.11931
2024-06-20 19:00:00,155.62,0.15562
2024-06-20 20:00:00,200.09,0.20009
2024-06-20 21:00:00,130.06,0.13006
2024-06-20 22:00:00,111.83,0.11183
2024-06-20 23:00:00,95.05,0.09505
2024-06-21 00:00:00,100.81,0.10081
2024-06-21 01:00:00,90.77,0.09076999999999999
2024-06-21 02:00:00,89.95,0.08995
2024-06-21 03:00:00,87.83,0.08782999999999999
2024-06-21 04:00:00,86.31,0.08631
2024-06-21 05:00:00,86.14,0.08614
2024-06-21 06:00:00,96.92,0.09692
2024-06-21 07:00:00,122.8,0.12279999999999999
2024-06-21 08:00:00,121.84,0.12184
2024-06-21 09:00:00,111.67,0.11167
2024-06-21 10:00:00,100.65,0.10065
2024-06-21 11:00:00,89.94,0.08993999999999999
2024-06-21 12:00:00,88.54,0.08854000000000001
2024-06-21 13:00:00,82.68,0.08268
2024-06-21 14:00:00,78.22,0.07822
2024-06-21 15:00:00,82.03,0.08203
2024-06-21 16:00:00,88.85,0.08885
2024-06-21 17:00:00,100.65,0.10065
2024-06-21 18:00:00,110.0,0.11
2024-06-21 19:00:00,116.93,0.11693
2024-06-21 20:00:00,114.4,0.1144
2024-06-21 21:00:00,105.26,0.10526
2024-06-21 22:00:00,95.99,0.09598999999999999
2024-06-21 23:00:00,82.14,0.08214
2024-06-22 00:00:00,80.07,0.08006999999999999
2024-06-22 01:00:00,70.25,0.07025
2024-06-22 02:00:00,62.43,0.06243
2024-06-22 03:00:00,50.5,0.0505
2024-06-22 04:00:00,49.62,0.04962
2024-06-22 05:00:00,46.47,0.04647
2024-06-22 06:00:00,60.56,0.06056
2024-06-22 07:00:00,48.89,0.04889
2024-06-22 08:00:00,44.92,0.04492
2024-06-22 09:00:00,34.65,0.03465
2024-06-22 10:00:00,12.54,0.012539999999999999
2024-06-22 11:00:00,3.59,0.00359
2024-06-22 12:00:00,2.62,0.00262
2024-06-22 13:00:00,0.03,2.9999999999999997e-05
2024-06-22 14:00:00,-0.01,-1e-05
2024-06-22 15:00:00,-0.07,-7.000000000000001e-05
2024-06-22 16:00:00,4.23,0.00423
2024-06-22 17:00:00,42.59,0.04259
2024-06-22 18:00:00,80.49,0.08048999999999999
2024-06-22 19:00:00,112.16,0.11216
2024-06-22 20:00:00,122.81,0.12281
2024-06-22 21:00:00,124.05,0.12405
2024-06-22 22:00:00,110.17,0.11017
2024-06-22 23:00:00,89.77,0.08977
2024-06-23 00:00:00,90.49,0.09049
2024-06-23 01:00:00,79.25,0.07925
2024-06-23 02:00:00,71.24,0.07124
2024-06-23 03:00:00,70.67,0.07067
2024-06-23 04:00:00,66.94,0.06694
2024-06-23 05:00:00,62.09,0.062090000000000006
2024-06-23 06:00:00,57.9,0.0579
2024-06-23 07:00:00,46.35,0.04635
2024-06-23 08:00:00,19.77,0.01977
2024-06-23 09:00:00,4.24,0.00424
2024-06-23 10:00:00,0.0,0.0
2024-06-23 11:00:00,-0.05,-5e-05
2024-06-23 12:00:00,-0.1,-0.0001
2024-06-23 13:00:00,-1.05,-0.0010500000000000002
2024-06-23 14:00:00,-2.21,-0.00221
2024-06-23 15:00:00,-2.05,-0.0020499999999999997
2024-06-23 16:00:00,-0.27,-0.00027
2024-06-23 17:00:00,22.61,0.022609999999999998
2024-06-23 18:00:00,71.12,0.07112
2024-06-23 19:00:00,99.5,0.0995
2024-06-23 20:00:00,115.14,0.11514
2024-06-23 21:00:00,115.44,0.11544
2024-06-23 22:00:00,114.33,0.11433
2024-06-23 23:00:00,99.79,0.09979
2024-06-24 00:00:00,106.18,0.10618000000000001
2024-06-24 01:00:00,92.19,0.09219
2024-06-24 02:00:00,84.93,0.08493
2024-06-24 03:00:00,84.46,0.08446
2024-06-24 04:00:00,84.96,0.08496
2024-06-24 05:00:00,97.02,0.09702
2024-06-24 06:00:00,136.06,0.13606000000000001
2024-06-24 07:00:00,136.0,0.136
2024-06-24 08:00:00,102.99,0.10299
2024-06-24 09:00:00,79.34,0.07934000000000001
2024-06-24 10:00:00,53.88,0.053880000000000004
2024-06-24 11:00:00,37.81,0.03781
2024-06-24 12:00:00,31.19,0.031190000000000002
2024-06-24 13:00:00,29.96,0.02996
2024-06-24 14:00:00,30.93,0.03093
2024-06-24 15:00:00,47.85,0.047850000000000004
2024-06-24 16:00:00,66.32,0.06631999999999999
2024-06-24 17:00:00,82.49,0.08249
2024-06-24 18:00:00,98.39,0.09839
2024-06-24 19:00:00,153.3,0.15330000000000002
2024-06-24 20:00:00,209.32,0.20932
2024-06-24 21:00:00,156.0,0.156
2024-06-24 22:00:00,116.59,0.11659
2024-06-24 23:00:00,91.89,0.09189
2024-06-25 00:00:00,88.8,0.0888
2024-06-25 01:00:00,84.8,0.0848
2024-06-25 02:00:00,84.78,0.08478
2024-06-25 03:00:00,85.22,0.08522
2024-06-25 04:00:00,85.5,0.0855
2024-06-25 05:00:00,94.9,0.09490000000000001
2024-06-25 06:00:00,114.8,0.1148
2024-06-25 07:00:00,122.0,0.122
2024-06-25 08:00:00,103.8,0.1038
2024-06-25 09:00:00,74.64,0.07464
2024-06-25 10:00:00,48.32,0.04832
2024-06-25 11:00:00,12.83,0.01283
2024-06-25 12:00:00,0.0,0.0
2024-06-25 13:00:00,-0.05,-5e-05
2024-06-25 14:00:00,-0.04,-4e-05
2024-06-25 15:00:00,11.59,0.01159
2024-06-25 16:00:00,48.37,0.048369999999999996
2024-06-25 17:00:00,74.0,0.074
2024-06-25 18:00:00,95.9,0.0959
2024-06-25 19:00:00,128.9,0.12890000000000001
2024-06-25 20:00:00,136.69,0.13669
2024-06-25 21:00:00,122.09,0.12209
2024-06-25 22:00:00,106.57,0.10657
2024-06-25 23:00:00,89.95,0.08995
2024-06-26 00:00:00,107.15,0.10715000000000001
2024-06-26 01:00:00,99.88,0.09988
2024-06-26 02:00:00,95.32,0.09531999999999999
2024-06-26 03:00:00,95.46,0.09545999999999999
2024-06-26 04:00:00,91.68,0.09168000000000001
2024-06-26 05:00:00,97.01,0.09701
2024-06-26 06:00:00,107.46,0.10746
2024-06-26 07:00:00,130.0,0.13
2024-06-26 08:00:00,121.1,0.1211
2024-06-26 09:00:00,101.76,0.10176
2024-06-26 10:00:00,89.48,0.08948
2024-06-26 11:00:00,84.1,0.0841
2024-06-26 12:00:00,78.64,0.07864
2024-06-26 13:00:00,76.54,0.07654000000000001
2024-06-26 14:00:00,80.0,0.08
2024-06-26 15:00:00,90.45,0.09045
2024-06-26 16:00:00,99.86,0.09986
2024-06-26 17:00:00,105.8,0.10579999999999999
2024-06-26 18:00:00,105.13,0.10513
2024-06-26 19:00:00,126.73,0.12673
2024-06-26 20:00:00,134.39,0.13438999999999998
2024-06-26 21:00:00,128.85,0.12885
2024-06-26 22:00:00,115.55,0.11555
2024-06-26 23:00:00,110.0,0.11
2024-06-27 00:00:00,96.0,0.096
2024-06-27 01:00:00,86.9,0.0869
2024-06-27 02:00:00,80.4,0.0804
2024-06-27 03:00:00,82.84,0.08284
2024-06-27 04:00:00,78.79,0.07879000000000001
2024-06-27 05:00:00,84.98,0.08498
2024-06-27 06:00:00,117.51,0.11751
2024-06-27 07:00:00,125.11,0.12511
2024-06-27 08:00:00,115.0,0.115
2024-06-27 09:00:00,88.87,0.08887
2024-06-27 10:00:00,66.74,0.06674
2024-06-27 11:00:00,52.4,0.052399999999999995
2024-06-27 12:00:00,48.82,0.04882
2024-06-27 13:00:00,45.31,0.04531
2024-06-27 14:00:00,44.56,0.04456
2024-06-27 15:00:00,48.39,0.04839
2024-06-27 16:00:00,61.92,0.06192
2024-06-27 17:00:00,75.59,0.07559
2024-06-27 18:00:00,79.53,0.07953
2024-06-27 19:00:00,110.08,0.11008
2024-06-27 20:00:00,200.04,0.20004
2024-06-27 21:00:00,186.18,0.18618
2024-06-27 22:00:00,125.21,0.12521
2024-06-27 23:00:00,101.8,0.1018
2024-06-28 00:00:00,96.85,0.09684999999999999
2024-06-28 01:00:00,95.42,0.09542
2024-06-28 02:00:00,86.08,0.08608
2024-06-28 03:00:00,79.97,0.07997
2024-06-28 04:00:00,83.61,0.08361
2024-06-28 05:00:00,91.28,0.09128
2024-06-28 06:00:00,120.29,0.12029000000000001
2024-06-28 07:00:00,108.93,0.10893000000000001
2024-06-28 08:00:00,84.89,0.08489000000000001
2024-06-28 09:00:00,59.9,0.0599
2024-06-28 10:00:00,24.45,0.02445
2024-06-28 11:00:00,2.03,0.0020299999999999997
2024-06-28 12:00:00,-1.56,-0.00156
2024-06-28 13:00:00,-5.09,-0.00509
2024-06-28 14:00:00,-9.95,-0.009949999999999999
2024-06-28 15:00:00,-9.91,-0.00991
2024-06-28 16:00:00,-6.48,-0.0064800000000000005
2024-06-28 17:00:00,3.62,0.00362
2024-06-28 18:00:00,41.98,0.041979999999999996
2024-06-28 19:00:00,84.32,0.08431999999999999
2024-06-28 20:00:00,108.93,0.10893000000000001
2024-06-28 21:00:00,138.06,0.13806000000000002
2024-06-28 22:00:00,126.57,0.12657
2024-06-28 23:00:00,109.02,0.10901999999999999
2024-06-29 00:00:00,110.4,0.11040000000000001
2024-06-29 01:00:00,109.91,0.10991
2024-06-29 02:00:00,109.89,0.10989
2024-06-29 03:00:00,109.56,0.10956
2024-06-29 04:00:00,108.09,0.10809
2024-06-29 05:00:00,103.07,0.10307
2024-06-29 06:00:00,96.62,0.09662000000000001
2024-06-29 07:00:00,84.14,0.08414
2024-06-29 08:00:00,66.91,0.06691
2024-06-29 09:00:00,29.58,0.02958
2024-06-29 10:00:00,5.04,0.00504
2024-06-29 11:00:00,0.04,4e-05
2024-06-29 12:00:00,-0.02,-2e-05
2024-06-29 13:00:00,-0.23,-0.00023
2024-06-29 14:00:00,-0.08,-8e-05
2024-06-29 15:00:00,1.3,0.0013
2024-06-29 16:00:00,11.91,0.01191
2024-06-29 17:00:00,69.51,0.06951
2024-06-29 18:00:00,104.3,0.1043
2024-06-29 19:00:00,126.93,0.12693000000000002
2024-06-29 20:00:00,139.2,0.1392
2024-06-29 21:00:00,113.3,0.1133
2024-06-29 22:00:00,100.08,0.10008
2024-06-29 23:00:00,93.83,0.09383
2024-06-30 00:00:00,70.06,0.07006
2024-06-30 01:00:00,61.69,0.061689999999999995
2024-06-30 02:00:00,66.67,0.06667000000000001
2024-06-30 03:00:00,67.05,0.06705
2024-06-30 04:00:00,64.36,0.06436
2024-06-30 05:00:00,51.39,0.05139
2024-06-30 06:00:00,51.56,0.05156
2024-06-30 07:00:00,20.42,0.02042
2024-06-30 08:00:00,6.83,0.00683
2024-06-30 09:00:00,0.82,0.00082
2024-06-30 10:00:00,0.0,0.0
2024-06-30 11:00:00,0.0,0.0
2024-06-30 12:00:00,-0.02,-2e-05
2024-06-30 13:00:00,-1.51,-0.00151
2024-06-30 14:00:00,-1.09,-0.00109
2024-06-30 15:00:00,0.0,0.0
2024-06-30 16:00:00,0.91,0.00091
2024-06-30 17:00:00,36.66,0.03666
2024-06-30 18:00:00,70.02,0.07002
2024-06-30 19:00:00,87.26,0.08726
2024-06-30 20:00:00,99.9,0.0999
2024-06-30 21:00:00,102.39,0.10239
2024-06-30 22:00:00,102.16,0.10216
2024-06-30 23:00:00,93.01,0.09301000000000001
2024-07-01 00:00:00,94.88,0.09487999999999999
2024-07-01 01:00:00,84.32,0.08431999999999999
2024-07-01 02:00:00,78.19,0.07819
2024-07-01 03:00:00,78.01,0.07801000000000001
2024-07-01 04:00:00,75.63,0.07562999999999999
2024-07-01 05:00:00,80.82,0.08081999999999999
2024-07-01 06:00:00,122.19,0.12219
2024-07-01 07:00:00,141.3,0.1413
2024-07-01 08:00:00,142.36,0.14236000000000001
2024-07-01 09:00:00,115.57,0.11556999999999999
2024-07-01 10:00:00,107.01,0.10701000000000001
2024-07-01 11:00:00,91.67,0.09167
2024-07-01 12:00:00,77.38,0.07737999999999999
2024-07-01 13:00:00,69.9,0.0699
2024-07-01 14:00:00,39.92,0.039920000000000004
2024-07-01 15:00:00,34.61,0.03461
2024-07-01 16:00:00,37.63,0.037630000000000004
2024-07-01 17:00:00,62.2,0.062200000000000005
2024-07-01 18:00:00,78.04,0.07804000000000001
2024-07-01 19:00:00,102.47,0.10247
2024-07-01 20:00:00,166.79,0.16679
2024-07-01 21:00:00,129.1,0.1291
2024-07-01 22:00:00,107.51,0.10751000000000001
2024-07-01 23:00:00,87.88,0.08788
2024-07-02 00:00:00,81.59,0.08159000000000001
2024-07-02 01:00:00,79.93,0.07993
2024-07-02 02:00:00,82.07,0.08206999999999999
2024-07-02 03:00:00,80.95,0.08095000000000001
2024-07-02 04:00:00,81.99,0.08199
2024-07-02 05:00:00,81.99,0.08199
2024-07-02 06:00:00,96.5,0.0965
2024-07-02 07:00:00,100.69,0.10069
2024-07-02 08:00:00,101.27,0.10127
2024-07-02 09:00:00,87.5,0.0875
2024-07-02 10:00:00,83.11,0.08311
2024-07-02 11:00:00,74.56,0.07456
2024-07-02 12:00:00,72.72,0.07271999999999999
2024-07-02 13:00:00,69.16,0.06916
2024-07-02 14:00:00,60.93,0.06093
2024-07-02 15:00:00,62.73,0.06273
2024-07-02 16:00:00,74.22,0.07422
2024-07-02 17:00:00,75.9,0.07590000000000001
2024-07-02 18:00:00,84.79,0.08479
2024-07-02 19:00:00,103.63,0.10363
2024-07-02 20:00:00,115.0,0.115
2024-07-02 21:00:00,109.96,0.10995999999999999
2024-07-02 22:00:00,109.05,0.10905
2024-07-02 23:00:00,86.0,0.086
2024-07-03 00:00:00,68.19,0.06819
2024-07-03 01:00:00,65.3,0.0653
2024-07-03 02:00:00,63.18,0.06318
2024-07-03 03:00:00,65.58,0.06558
2024-07-03 04:00:00,71.14,0.07114
2024-07-03 05:00:00,78.91,0.07891
2024-07-03 06:00:00,100.25,0.10025
2024-07-03 07:00:00,116.51,0.11651
2024-07-03 08:00:00,115.0,0.115
2024-07-03 09:00:00,90.59,0.09059
2024-07-03 10:00:00,76.63,0.07662999999999999
2024-07-03 11:00:00,73.1,0.0731
2024-07-03 12:00:00,71.76,0.07176
2024-07-03 13:00:00,71.14,0.07114
2024-07-03 14:00:00,73.12,0.07312
2024-07-03 15:00:00,71.98,0.07198
2024-07-03 16:00:00,74.01,0.07401
2024-07-03 17:00:00,86.97,0.08697
2024-07-03 18:00:00,99.6,0.0996
2024-07-03 19:00:00,118.79,0.11879
2024-07-03 20:00:00,163.89,0.16388999999999998
2024-07-03 21:00:00,115.88,0.11588
2024-07-03 22:00:00,95.32,0.09531999999999999
2024-07-03 23:00:00,76.1,0.0761
2024-07-04 00:00:00,64.24,0.06423999999999999
2024-07-04 01:00:00,51.94,0.05194
2024-07-04 02:00:00,26.46,0.02646
2024-07-04 03:00:00,18.01,0.01801
2024-07-04 04:00:00,10.08,0.01008
2024-07-04 05:00:00,10.27,0.01027
2024-07-04 06:00:00,36.43,0.03643
2024-07-04 07:00:00,40.0,0.04
2024-07-04 08:00:00,33.56,0.03356
2024-07-04 09:00:00,22.65,0.02265
2024-07-04 10:00:00,1.9,0.0019
2024-07-04 11:00:00,0.0,0.0
2024-07-04 12:00:00,-0.04,-4e-05
2024-07-04 13:00:00,-5.03,-0.005030000000000001
2024-07-04 14:00:00,-19.09,-0.01909
2024-07-04 15:00:00,-18.03,-0.01803
2024-07-04 16:00:00,-8.7,-0.0087
2024-07-04 17:00:00,-0.03,-2.9999999999999997e-05
2024-07-04 18:00:00,6.77,0.00677
2024-07-04 19:00:00,49.85,0.04985
2024-07-04 20:00:00,86.91,0.08691
2024-07-04 21:00:00,115.3,0.1153
2024-07-04 22:00:00,86.91,0.08691
2024-07-04 23:00:00,64.01,0.06401000000000001
2024-07-05 00:00:00,31.41,0.03141
2024-07-05 01:00:00,20.13,0.02013
2024-07-05 02:00:00,20.59,0.02059
2024-07-05 03:00:00,19.79,0.01979
2024-07-05 04:00:00,8.98,0.00898
2024-07-05 05:00:00,10.01,0.01001
2024-07-05 06:00:00,38.19,0.038189999999999995
2024-07-05 07:00:00,45.75,0.04575
2024-07-05 08:00:00,39.43,0.03943
2024-07-05 09:00:00,18.56,0.01856
2024-07-05 10:00:00,2.95,0.0029500000000000004
2024-07-05 11:00:00,0.41,0.00041
2024-07-05 12:00:00,-0.05,-5e-05
2024-07-05 13:00:00,-0.64,-0.00064
2024-07-05 14:00:00,-0.78,-0.00078
2024-07-05 15:00:00,-0.03,-2.9999999999999997e-05
2024-07-05 16:00:00,1.93,0.0019299999999999999
2024-07-05 17:00:00,16.81,0.01681
2024-07-05 18:00:00,64.35,0.06434999999999999
2024-07-05 19:00:00,90.09,0.09009
2024-07-05 20:00:00,142.36,0.14236000000000001
2024-07-05 21:00:00,130.38,0.13038
2024-07-05 22:00:00,102.22,0.10222
2024-07-05 23:00:00,84.95,0.08495
2024-07-06 00:00:00,89.1,0.0891
2024-07-06 01:00:00,70.71,0.07071
2024-07-06 02:00:00,63.52,0.06352000000000001
2024-07-06 03:00:00,46.46,0.04646
2024-07-06 04:00:00,38.62,0.038619999999999995
2024-07-06 05:00:00,15.69,0.01569
2024-07-06 06:00:00,5.73,0.005730000000000001
2024-07-06 07:00:00,5.37,0.00537
2024-07-06 08:00:00,3.39,0.0033900000000000002
2024-07-06 09:00:00,0.0,0.0
2024-07-06 10:00:00,-9.92,-0.00992
2024-07-06 11:00:00,-28.87,-0.02887
2024-07-06 12:00:00,-32.69,-0.03269
2024-07-06 13:00:00,-44.1,-0.0441
2024-07-06 14:00:00,-48.07,-0.04807
2024-07-06 15:00:00,-34.84,-0.03484
2024-07-06 16:00:00,-13.68,-0.01368
2024-07-06 17:00:00,-0.06,-5.9999999999999995e-05
2024-07-06 18:00:00,1.88,0.00188
2024-07-06 19:00:00,0.22,0.00022
2024-07-06 20:00:00,6.69,0.006690000000000001
2024-07-06 21:00:00,9.4,0.0094
2024-07-06 22:00:00,18.0,0.018
2024-07-06 23:00:00,14.02,0.01402
2024-07-07 00:00:00,-0.03,-2.9999999999999997e-05
2024-07-07 01:00:00,-0.1,-0.0001
2024-07-07 02:00:00,-0.8,-0.0008
2024-07-07 03:00:00,-0.48,-0.00047999999999999996
2024-07-07 04:00:00,-0.06,-5.9999999999999995e-05
2024-07-07 05:00:00,-0.01,-1e-05
2024-07-07 06:00:00,-0.01,-1e-05
2024-07-07 07:00:00,-0.01,-1e-05
2024-07-07 08:00:00,-0.6,-0.0006
2024-07-07 09:00:00,-6.49,-0.00649
2024-07-07 10:00:00,-9.98,-0.009980000000000001
2024-07-07 11:00:00,-12.04,-0.012039999999999999
2024-07-07 12:00:00,-13.49,-0.01349
2024-07-07 13:00:00,-22.37,-0.02237
2024-07-07 14:00:00,-20.98,-0.020980000000000002
2024-07-07 15:00:00,-12.2,-0.012199999999999999
2024-07-07 16:00:00,-6.16,-0.0061600000000000005
2024-07-07 17:00:00,-0.08,-8e-05
2024-07-07 18:00:00,63.99,0.06399
2024-07-07 19:00:00,90.27,0.09026999999999999
2024-07-07 20:00:00,125.64,0.12564
2024-07-07 21:00:00,133.17,0.13316999999999998
2024-07-07 22:00:00,115.2,0.1152
2024-07-07 23:00:00,97.13,0.09713
2024-07-08 00:00:00,81.62,0.08162
2024-07-08 01:00:00,76.65,0.07665000000000001
2024-07-08 02:00:00,74.08,0.07408
2024-07-08 03:00:00,77.72,0.07772
2024-07-08 04:00:00,76.28,0.07628
2024-07-08 05:00:00,80.44,0.08044
2024-07-08 06:00:00,112.18,0.11218
2024-07-08 07:00:00,125.0,0.125
2024-07-08 08:00:00,100.64,0.10064000000000001
2024-07-08 09:00:00,77.61,0.07761
2024-07-08 10:00:00,53.93,0.05393
2024-07-08 11:00:00,38.43,0.03843
2024-07-08 12:00:00,31.79,0.03179
2024-07-08 13:00:00,29.45,0.02945
2024-07-08 14:00:00,29.56,0.02956
2024-07-08 15:00:00,36.75,0.03675
2024-07-08 16:00:00,64.0,0.064
2024-07-08 17:00:00,80.2,0.08020000000000001
2024-07-08 18:00:00,102.63,0.10263
2024-07-08 19:00:00,136.49,0.13649
2024-07-08 20:00:00,257.35,0.25735
2024-07-08 21:00:00,173.69,0.17369
2024-07-08 22:00:00,113.65,0.11365
2024-07-08 23:00:00,92.02,0.09201999999999999
2024-07-09 00:00:00,105.52,0.10552
2024-07-09 01:00:00,95.96,0.09595999999999999
2024-07-09 02:00:00,93.08,0.09308
2024-07-09 03:00:00,91.14,0.09114
2024-07-09 04:00:00,87.66,0.08766
2024-07-09 05:00:00,96.83,0.09683
2024-07-09 06:00:00,111.38,0.11137999999999999
2024-07-09 07:00:00,103.76,0.10376
2024-07-09 08:00:00,94.0,0.094
2024-07-09 09:00:00,67.26,0.06726
2024-07-09 10:00:00,46.63,0.046630000000000005
2024-07-09 11:00:00,33.71,0.033710000000000004
2024-07-09 12:00:00,21.95,0.02195
2024-07-09 13:00:00,5.04,0.00504
2024-07-09 14:00:00,2.71,0.00271
2024-07-09 15:00:00,11.08,0.01108
2024-07-09 16:00:00,53.73,0.05373
2024-07-09 17:00:00,81.69,0.08169
2024-07-09 18:00:00,99.27,0.09927
2024-07-09 19:00:00,151.5,0.1515
2024-07-09 20:00:00,147.64,0.14764
2024-07-09 21:00:00,108.12,0.10812000000000001
2024-07-09 22:00:00,86.07,0.08607
2024-07-09 23:00:00,68.89,0.06889
2024-07-10 00:00:00,55.0,0.055
2024-07-10 01:00:00,54.9,0.0549
2024-07-10 02:00:00,53.92,0.05392
2024-07-10 03:00:00,54.98,0.054979999999999994
2024-07-10 04:00:00,59.92,0.05992
2024-07-10 05:00:00,66.14,0.06614
2024-07-10 06:00:00,84.46,0.08446
2024-07-10 07:00:00,106.46,0.10646
2024-07-10 08:00:00,102.01,0.10201
2024-07-10 09:00:00,84.93,0.08493
2024-07-10 10:00:00,65.0,0.065
2024-07-10 11:00:00,55.77,0.05577
2024-07-10 12:00:00,47.13,0.047130000000000005
2024-07-10 13:00:00,44.58,0.04458
2024-07-10 14:00:00,55.0,0.055
2024-07-10 15:00:00,58.43,0.05843
2024-07-10 16:00:00,67.48,0.06748
2024-07-10 17:00:00,80.14,0.08014
2024-07-10 18:00:00,80.73,0.08073000000000001
2024-07-10 19:00:00,99.72,0.09972
2024-07-10 20:00:00,148.61,0.14861000000000002
2024-07-10 21:00:00,164.08,0.16408
2024-07-10 22:00:00,113.97,0.11397
2024-07-10 23:00:00,92.92,0.09292
2024-07-11 00:00:00,96.02,0.09602
2024-07-11 01:00:00,79.95,0.07995000000000001
2024-07-11 02:00:00,77.06,0.07706
2024-07-11 03:00:00,79.6,0.07959999999999999
2024-07-11 04:00:00,80.31,0.08031
2024-07-11 05:00:00,81.98,0.08198
2024-07-11 06:00:00,107.71,0.10771
2024-07-11 07:00:00,120.0,0.12
2024-07-11 08:00:00,106.53,0.10653
2024-07-11 09:00:00,89.11,0.08911
2024-07-11 10:00:00,80.69,0.08069
2024-07-11 11:00:00,66.6,0.06659999999999999
2024-07-11 12:00:00,57.44,0.05744
2024-07-11 13:00:00,47.7,0.047700000000000006
2024-07-11 14:00:00,44.48,0.04448
2024-07-11 15:00:00,50.1,0.0501
2024-07-11 16:00:00,60.98,0.06098
2024-07-11 17:00:00,81.91,0.08191
2024-07-11 18:00:00,91.58,0.09158
2024-07-11 19:00:00,120.0,0.12
2024-07-11 20:00:00,184.33,0.18433000000000002
2024-07-11 21:00:00,166.74,0.16674
2024-07-11 22:00:00,121.59,0.12159
2024-07-11 23:00:00,98.12,0.09812
2024-07-12 00:00:00,102.42,0.10242
2024-07-12 01:00:00,87.31,0.08731
2024-07-12 02:00:00,82.87,0.08287
2024-07-12 03:00:00,83.03,0.08303
2024-07-12 04:00:00,82.21,0.08220999999999999
2024-07-12 05:00:00,84.25,0.08425
2024-07-12 06:00:00,107.94,0.10794
2024-07-12 07:00:00,109.92,0.10992
2024-07-12 08:00:00,109.6,0.10959999999999999
2024-07-12 09:00:00,102.4,0.1024
2024-07-12 10:00:00,95.87,0.09587000000000001
2024-07-12 11:00:00,89.83,0.08983
2024-07-12 12:00:00,83.25,0.08325
2024-07-12 13:00:00,78.6,0.07859999999999999
2024-07-12 14:00:00,78.04,0.07804000000000001
2024-07-12 15:00:00,78.19,0.07819
2024-07-12 16:00:00,85.71,0.08571
2024-07-12 17:00:00,85.54,0.08554
2024-07-12 18:00:00,92.26,0.09226000000000001
2024-07-12 19:00:00,102.39,0.10239
2024-07-12 20:00:00,93.29,0.09329000000000001
2024-07-12 21:00:00,94.61,0.09461
2024-07-12 22:00:00,85.66,0.08566
2024-07-12 23:00:00,79.11,0.07911
2024-07-13 00:00:00,50.65,0.05065
2024-07-13 01:00:00,50.52,0.05052
2024-07-13 02:00:00,36.92,0.03692
2024-07-13 03:00:00,37.67,0.03767
2024-07-13 04:00:00,32.72,0.03272
2024-07-13 05:00:00,31.05,0.03105
2024-07-13 06:00:00,30.66,0.03066
2024-07-13 07:00:00,27.82,0.02782
2024-07-13 08:00:00,26.6,0.026600000000000002
2024-07-13 09:00:00,20.97,0.02097
2024-07-13 10:00:00,5.16,0.0051600000000000005
2024-07-13 11:00:00,0.04,4e-05
2024-07-13 12:00:00,-0.01,-1e-05
2024-07-13 13:00:00,-5.0,-0.005
2024-07-13 14:00:00,-14.9,-0.0149
2024-07-13 15:00:00,-11.47,-0.011470000000000001
2024-07-13 16:00:00,-3.48,-0.00348
2024-07-13 17:00:00,-0.01,-1e-05
2024-07-13 18:00:00,28.77,0.02877
2024-07-13 19:00:00,50.33,0.05033
2024-07-13 20:00:00,75.45,0.07545
2024-07-13 21:00:00,76.26,0.07626000000000001
2024-07-13 22:00:00,78.84,0.07884000000000001
2024-07-13 23:00:00,63.0,0.063
2024-07-14 00:00:00,88.95,0.08895
2024-07-14 01:00:00,63.19,0.06319
2024-07-14 02:00:00,55.45,0.055450000000000006
2024-07-14 03:00:00,44.3,0.0443
2024-07-14 04:00:00,37.93,0.03793
2024-07-14 05:00:00,36.81,0.03681
2024-07-14 06:00:00,31.96,0.03196
2024-07-14 07:00:00,14.28,0.01428
2024-07-14 08:00:00,0.29,0.00029
2024-07-14 09:00:00,-3.31,-0.00331
2024-07-14 10:00:00,-21.13,-0.02113
2024-07-14 11:00:00,-40.08,-0.04008
2024-07-14 12:00:00,-59.47,-0.05947
2024-07-14 13:00:00,-73.96,-0.07396
2024-07-14 14:00:00,-73.96,-0.07396
2024-07-14 15:00:00,-51.82,-0.05182
2024-07-14 16:00:00,-20.03,-0.020030000000000003
2024-07-14 17:00:00,-0.05,-5e-05
2024-07-14 18:00:00,46.54,0.04654
2024-07-14 19:00:00,91.93,0.09193000000000001
2024-07-14 20:00:00,115.8,0.1158
2024-07-14 21:00:00,108.68,0.10868000000000001
2024-07-14 22:00:00,105.84,0.10584
2024-07-14 23:00:00,87.06,0.08706
2024-07-15 00:00:00,79.35,0.07934999999999999
2024-07-15 01:00:00,66.24,0.06624
2024-07-15 02:00:00,58.17,0.05817
2024-07-15 03:00:00,63.03,0.06303
2024-07-15 04:00:00,67.82,0.06781999999999999
2024-07-15 05:00:00,80.07,0.08006999999999999
2024-07-15 06:00:00,120.0,0.12
2024-07-15 07:00:00,144.1,0.1441
2024-07-15 08:00:00,89.77,0.08977
2024-07-15 09:00:00,59.29,0.05929
2024-07-15 10:00:00,35.52,0.03552
2024-07-15 11:00:00,11.29,0.01129
2024-07-15 12:00:00,0.07,7.000000000000001e-05
2024-07-15 13:00:00,-0.01,-1e-05
2024-07-15 14:00:00,-0.07,-7.000000000000001e-05
2024-07-15 15:00:00,3.54,0.00354
2024-07-15 16:00:00,44.29,0.044289999999999996
2024-07-15 17:00:00,82.0,0.082
2024-07-15 18:00:00,114.35,0.11435
2024-07-15 19:00:00,204.19,0.20419
2024-07-15 20:00:00,224.96,0.22496000000000002
2024-07-15 21:00:00,143.56,0.14356
2024-07-15 22:00:00,92.48,0.09248
2024-07-15 23:00:00,80.1,0.08009999999999999
2024-07-16 00:00:00,76.59,0.07659
2024-07-16 01:00:00,63.77,0.06377000000000001
2024-07-16 02:00:00,52.49,0.05249
2024-07-16 03:00:00,36.82,0.03682
2024-07-16 04:00:00,38.16,0.03816
2024-07-16 05:00:00,50.32,0.050320000000000004
2024-07-16 06:00:00,80.35,0.08034999999999999
2024-07-16 07:00:00,90.95,0.09095
2024-07-16 08:00:00,84.31,0.08431
2024-07-16 09:00:00,62.77,0.06277
2024-07-16 10:00:00,21.49,0.02149
2024-07-16 11:00:00,0.06,5.9999999999999995e-05
2024-07-16 12:00:00,-8.03,-0.008029999999999999
2024-07-16 13:00:00,-11.03,-0.01103
2024-07-16 14:00:00,-11.48,-0.01148
2024-07-16 15:00:00,-11.14,-0.01114
2024-07-16 16:00:00,-2.3,-0.0023
2024-07-16 17:00:00,22.12,0.02212
2024-07-16 18:00:00,63.02,0.06302
2024-07-16 19:00:00,81.99,0.08199
2024-07-16 20:00:00,121.6,0.1216
2024-07-16 21:00:00,114.28,0.11428
2024-07-16 22:00:00,105.81,0.10581
2024-07-16 23:00:00,84.31,0.08431
2024-07-17 00:00:00,87.4,0.0874
2024-07-17 01:00:00,72.98,0.07298
2024-07-17 02:00:00,72.82,0.07282
2024-07-17 03:00:00,70.53,0.07053
2024-07-17 04:00:00,71.05,0.07105
2024-07-17 05:00:00,77.44,0.07744
2024-07-17 06:00:00,90.05,0.09004999999999999
2024-07-17 07:00:00,99.76,0.09976
2024-07-17 08:00:00,105.7,0.1057
2024-07-17 09:00:00,77.14,0.07714
2024-07-17 10:00:00,58.19,0.05819
2024-07-17 11:00:00,41.75,0.04175
2024-07-17 12:00:00,32.59,0.03259
2024-07-17 13:00:00,21.85,0.02185
2024-07-17 14:00:00,10.8,0.0108
2024-07-17 15:00:00,13.47,0.013470000000000001
2024-07-17 16:00:00,38.88,0.038880000000000005
2024-07-17 17:00:00,61.68,0.06168
2024-07-17 18:00:00,82.93,0.08293
2024-07-17 19:00:00,106.89,0.10689
2024-07-17 20:00:00,187.95,0.18794999999999998
2024-07-17 21:00:00,143.47,0.14347
2024-07-17 22:00:00,114.91,0.11491
2024-07-17 23:00:00,92.81,0.09281
2024-07-18 00:00:00,89.97,0.08997
2024-07-18 01:00:00,80.29,0.08029
2024-07-18 02:00:00,79.05,0.07905
2024-07-18 03:00:00,78.54,0.07854000000000001
2024-07-18 04:00:00,79.27,0.07927
2024-07-18 05:00:00,92.1,0.09209999999999999
2024-07-18 06:00:00,120.88,0.12088
2024-07-18 07:00:00,107.27,0.10726999999999999
2024-07-18 08:00:00,96.74,0.09673999999999999
2024-07-18 09:00:00,79.22,0.07922
2024-07-18 10:00:00,63.84,0.06384000000000001
2024-07-18 11:00:00,47.13,0.047130000000000005
2024-07-18 12:00:00,35.01,0.03501
2024-07-18 13:00:00,33.96,0.033960000000000004
2024-07-18 14:00:00,37.01,0.03701
2024-07-18 15:00:00,48.78,0.048780000000000004
2024-07-18 16:00:00,67.56,0.06756000000000001
2024-07-18 17:00:00,85.48,0.08548
2024-07-18 18:00:00,92.0,0.092
2024-07-18 19:00:00,130.18,0.13018000000000002
2024-07-18 20:00:00,227.6,0.2276
2024-07-18 21:00:00,184.46,0.18446
2024-07-18 22:00:00,119.54,0.11954000000000001
2024-07-18 23:00:00,101.92,0.10192
2024-07-19 00:00:00,90.11,0.09011
2024-07-19 01:00:00,80.45,0.08045000000000001
2024-07-19 02:00:00,79.91,0.07991
2024-07-19 03:00:00,79.29,0.07929
2024-07-19 04:00:00,83.38,0.08338
2024-07-19 05:00:00,91.38,0.09137999999999999
2024-07-19 06:00:00,115.6,0.1156
2024-07-19 07:00:00,110.72,0.11072
2024-07-19 08:00:00,98.4,0.0984
2024-07-19 09:00:00,81.43,0.08143
2024-07-19 10:00:00,70.0,0.07
2024-07-19 11:00:00,58.75,0.05875
2024-07-19 12:00:00,44.34,0.044340000000000004
2024-07-19 13:00:00,36.5,0.0365
2024-07-19 14:00:00,36.2,0.0362
2024-07-19 15:00:00,42.54,0.04254
2024-07-19 16:00:00,63.79,0.06379
2024-07-19 17:00:00,77.34,0.07734
2024-07-19 18:00:00,91.61,0.09161
2024-07-19 19:00:00,121.02,0.12102
2024-07-19 20:00:00,190.46,0.19046000000000002
2024-07-19 21:00:00,120.0,0.12
2024-07-19 22:00:00,106.86,0.10686
2024-07-19 23:00:00,91.55,0.09154999999999999
2024-07-20 00:00:00,94.73,0.09473000000000001
2024-07-20 01:00:00,89.41,0.08941
2024-07-20 02:00:00,88.25,0.08825
2024-07-20 03:00:00,89.88,0.08988
2024-07-20 04:00:00,94.24,0.09423999999999999
2024-07-20 05:00:00,93.8,0.0938
2024-07-20 06:00:00,91.49,0.09148999999999999
2024-07-20 07:00:00,85.99,0.08599
2024-07-20 08:00:00,68.2,0.0682
2024-07-20 09:00:00,49.8,0.0498
2024-07-20 10:00:00,5.15,0.00515
2024-07-20 11:00:00,0.0,0.0
2024-07-20 12:00:00,-4.65,-0.0046500000000000005
2024-07-20 13:00:00,-4.29,-0.00429
2024-07-20 14:00:00,-2.88,-0.0028799999999999997
2024-07-20 15:00:00,-2.71,-0.00271
2024-07-20 16:00:00,2.42,0.00242
2024-07-20 17:00:00,52.29,0.052289999999999996
2024-07-20 18:00:00,85.0,0.085
2024-07-20 19:00:00,109.56,0.10956
2024-07-20 20:00:00,134.75,0.13475
2024-07-20 21:00:00,108.81,0.10881
2024-07-20 22:00:00,84.1,0.0841
2024-07-20 23:00:00,74.51,0.07451
2024-07-21 00:00:00,63.63,0.06363
2024-07-21 01:00:00,56.3,0.056299999999999996
2024-07-21 02:00:00,55.2,0.055200000000000006
2024-07-21 03:00:00,60.38,0.06038
2024-07-21 04:00:00,68.61,0.06861
2024-07-21 05:00:00,75.24,0.07524
2024-07-21 06:00:00,81.37,0.08137
2024-07-21 07:00:00,60.31,0.06031
2024-07-21 08:00:00,48.68,0.04868
2024-07-21 09:00:00,10.57,0.01057
2024-07-21 10:00:00,0.07,7.000000000000001e-05
2024-07-21 11:00:00,0.01,1e-05
2024-07-21 12:00:00,0.01,1e-05
2024-07-21 13:00:00,-0.08,-8e-05
2024-07-21 14:00:00,-0.21,-0.00020999999999999998
2024-07-21 15:00:00,0.04,4e-05
2024-07-21 16:00:00,0.11,0.00011
2024-07-21 17:00:00,59.81,0.05981
2024-07-21 18:00:00,94.27,0.09426999999999999
2024-07-21 19:00:00,108.27,0.10826999999999999
2024-07-21 20:00:00,127.68,0.12768000000000002
2024-07-21 21:00:00,128.12,0.12812
2024-07-21 22:00:00,111.85,0.11184999999999999
2024-07-21 23:00:00,93.7,0.0937
2024-07-22 00:00:00,122.1,0.1221
2024-07-22 01:00:00,96.63,0.09663
2024-07-22 02:00:00,86.88,0.08688
2024-07-22 03:00:00,86.93,0.08693000000000001
2024-07-22 04:00:00,86.14,0.08614
2024-07-22 05:00:00,82.26,0.08226
2024-07-22 06:00:00,119.48,0.11948
2024-07-22 07:00:00,131.68,0.13168000000000002
2024-07-22 08:00:00,126.05,0.12605
2024-07-22 09:00:00,94.34,0.09434000000000001
2024-07-22 10:00:00,75.14,0.07514
2024-07-22 11:00:00,72.88,0.07288
2024-07-22 12:00:00,66.22,0.06622
2024-07-22 13:00:00,43.25,0.04325
2024-07-22 14:00:00,19.41,0.01941
2024-07-22 15:00:00,20.38,0.02038
2024-07-22 16:00:00,48.46,0.04846
2024-07-22 17:00:00,63.69,0.06369
2024-07-22 18:00:00,81.15,0.08115
2024-07-22 19:00:00,99.04,0.09904
2024-07-22 20:00:00,186.24,0.18624000000000002
2024-07-22 21:00:00,172.04,0.17204
2024-07-22 22:00:00,111.04,0.11104
2024-07-22 23:00:00,98.0,0.098
2024-07-23 00:00:00,83.39,0.08339
2024-07-23 01:00:00,75.8,0.07579999999999999
2024-07-23 02:00:00,76.7,0.0767
2024-07-23 03:00:00,70.5,0.0705
2024-07-23 04:00:00,73.83,0.07382999999999999
2024-07-23 05:00:00,76.61,0.07661
2024-07-23 06:00:00,106.73,0.10673
2024-07-23 07:00:00,120.51,0.12051
2024-07-23 08:00:00,115.21,0.11520999999999999
2024-07-23 09:00:00,87.29,0.08729
2024-07-23 10:00:00,68.87,0.06887
2024-07-23 11:00:00,61.37,0.061369999999999994
2024-07-23 12:00:00,43.42,0.04342
2024-07-23 13:00:00,38.29,0.03829
2024-07-23 14:00:00,36.01,0.03601
2024-07-23 15:00:00,41.96,0.041960000000000004
2024-07-23 16:00:00,64.86,0.06486
2024-07-23 17:00:00,79.53,0.07953
2024-07-23 18:00:00,79.92,0.07992
2024-07-23 19:00:00,96.03,0.09603
2024-07-23 20:00:00,118.52,0.11852
2024-07-23 21:00:00,102.01,0.10201
2024-07-23 22:00:00,99.23,0.09923
2024-07-23 23:00:00,91.58,0.09158
2024-07-24 00:00:00,83.55,0.08355
2024-07-24 01:00:00,78.33,0.07833
2024-07-24 02:00:00,72.56,0.07256
2024-07-24 03:00:00,74.85,0.07485
2024-07-24 04:00:00,74.99,0.07499
2024-07-24 05:00:00,75.77,0.07576999999999999
2024-07-24 06:00:00,103.07,0.10307
2024-07-24 07:00:00,128.9,0.12890000000000001
2024-07-24 08:00:00,99.19,0.09919
2024-07-24 09:00:00,72.91,0.07291
2024-07-24 10:00:00,54.9,0.0549
2024-07-24 11:00:00,21.19,0.02119
2024-07-24 12:00:00,1.58,0.00158
2024-07-24 13:00:00,-0.15,-0.00015
2024-07-24 14:00:00,-2.06,-0.00206
2024-07-24 15:00:00,-1.96,-0.00196
2024-07-24 16:00:00,2.21,0.00221
2024-07-24 17:00:00,39.27,0.039270000000000006
2024-07-24 18:00:00,69.34,0.06934
2024-07-24 19:00:00,95.9,0.0959
2024-07-24 20:00:00,109.93,0.10993
2024-07-24 21:00:00,121.82,0.12182
2024-07-24 22:00:00,109.58,0.10958
2024-07-24 23:00:00,95.03,0.09503
2024-07-25 00:00:00,92.55,0.09255
2024-07-25 01:00:00,87.2,0.0872
2024-07-25 02:00:00,84.9,0.0849
2024-07-25 03:00:00,79.92,0.07992
2024-07-25 04:00:00,76.4,0.07640000000000001
2024-07-25 05:00:00,92.53,0.09253
2024-07-25 06:00:00,106.16,0.10615999999999999
2024-07-25 07:00:00,116.86,0.11686
2024-07-25 08:00:00,90.98,0.09098
2024-07-25 09:00:00,71.98,0.07198
2024-07-25 10:00:00,55.08,0.05508
2024-07-25 11:00:00,36.95,0.036950000000000004
2024-07-25 12:00:00,24.31,0.02431
2024-07-25 13:00:00,17.36,0.01736
2024-07-25 14:00:00,13.27,0.013269999999999999
2024-07-25 15:00:00,26.2,0.026199999999999998
2024-07-25 16:00:00,53.8,0.0538
2024-07-25 17:00:00,80.0,0.08
2024-07-25 18:00:00,97.0,0.097
2024-07-25 19:00:00,126.93,0.12693000000000002
2024-07-25 20:00:00,155.72,0.15572
2024-07-25 21:00:00,131.61,0.13161
2024-07-25 22:00:00,100.0,0.1
2024-07-25 23:00:00,84.95,0.08495
2024-07-26 00:00:00,83.32,0.08331999999999999
2024-07-26 01:00:00,73.9,0.07390000000000001
2024-07-26 02:00:00,79.1,0.07909999999999999
2024-07-26 03:00:00,81.61,0.08161
2024-07-26 04:00:00,81.17,0.08117
2024-07-26 05:00:00,83.21,0.08320999999999999
2024-07-26 06:00:00,99.52,0.09952
2024-07-26 07:00:00,116.56,0.11656
2024-07-26 08:00:00,104.1,0.1041
2024-07-26 09:00:00,96.83,0.09683
2024-07-26 10:00:00,90.53,0.09053
2024-07-26 11:00:00,81.35,0.08134999999999999
2024-07-26 12:00:00,70.0,0.07
2024-07-26 13:00:00,63.12,0.06312
2024-07-26 14:00:00,60.19,0.06019
2024-07-26 15:00:00,68.14,0.06814
2024-07-26 16:00:00,72.84,0.07284
2024-07-26 17:00:00,88.52,0.08852
2024-07-26 18:00:00,94.34,0.09434000000000001
2024-07-26 19:00:00,107.79,0.10779000000000001
2024-07-26 20:00:00,143.25,0.14325
2024-07-26 21:00:00,139.0,0.139
2024-07-26 22:00:00,106.39,0.10639
2024-07-26 23:00:00,97.91,0.09791
2024-07-27 00:00:00,103.96,0.10396
2024-07-27 01:00:00,103.41,0.10341
2024-07-27 02:00:00,97.39,0.09739
2024-07-27 03:00:00,95.25,0.09525
2024-07-27 04:00:00,92.46,0.09246
2024-07-27 05:00:00,90.51,0.09051000000000001
2024-07-27 06:00:00,87.4,0.0874
2024-07-27 07:00:00,82.75,0.08275
2024-07-27 08:00:00,84.69,0.08469
2024-07-27 09:00:00,67.67,0.06767000000000001
2024-07-27 10:00:00,60.78,0.06078
2024-07-27 11:00:00,39.9,0.0399
2024-07-27 12:00:00,28.0,0.028
2024-07-27 13:00:00,17.8,0.0178
2024-07-27 14:00:00,17.92,0.017920000000000002
2024-07-27 15:00:00,35.02,0.03502
2024-07-27 16:00:00,67.72,0.06772
2024-07-27 17:00:00,94.73,0.09473000000000001
2024-07-27 18:00:00,104.97,0.10497
2024-07-27 19:00:00,116.69,0.11669
2024-07-27 20:00:00,123.1,0.1231
2024-07-27 21:00:00,121.82,0.12182
2024-07-27 22:00:00,108.1,0.10809999999999999
2024-07-27 23:00:00,97.94,0.09794
2024-07-28 00:00:00,109.99,0.10998999999999999
2024-07-28 01:00:00,95.11,0.09511
2024-07-28 02:00:00,88.21,0.08821
2024-07-28 03:00:00,81.53,0.08153
2024-07-28 04:00:00,78.54,0.07854000000000001
2024-07-28 05:00:00,79.26,0.07926000000000001
2024-07-28 06:00:00,75.53,0.07553
2024-07-28 07:00:00,72.61,0.07261
2024-07-28 08:00:00,25.49,0.02549
2024-07-28 09:00:00,4.92,0.00492
2024-07-28 10:00:00,0.0,0.0
2024-07-28 11:00:00,-2.43,-0.0024300000000000003
2024-07-28 12:00:00,-16.63,-0.01663
2024-07-28 13:00:00,-39.91,-0.039909999999999994
2024-07-28 14:00:00,-48.69,-0.04869
2024-07-28 15:00:00,-33.53,-0.033530000000000004
2024-07-28 16:00:00,-13.77,-0.01377
2024-07-28 17:00:00,-1.99,-0.00199
2024-07-28 18:00:00,40.87,0.04087
2024-07-28 19:00:00,92.48,0.09248
2024-07-28 20:00:00,111.85,0.11184999999999999
2024-07-28 21:00:00,115.66,0.11566
2024-07-28 22:00:00,104.95,0.10495
2024-07-28 23:00:00,84.46,0.08446
2024-07-29 00:00:00,79.59,0.07959000000000001
2024-07-29 01:00:00,76.03,0.07603
2024-07-29 02:00:00,72.25,0.07225
2024-07-29 03:00:00,76.29,0.07629000000000001
2024-07-29 04:00:00,80.0,0.08
2024-07-29 05:00:00,101.3,0.1013
2024-07-29 06:00:00,135.0,0.135
2024-07-29 07:00:00,121.66,0.12165999999999999
2024-07-29 08:00:00,98.46,0.09845999999999999
2024-07-29 09:00:00,63.66,0.06366
2024-07-29 10:00:00,10.58,0.01058
2024-07-29 11:00:00,-0.16,-0.00016
2024-07-29 12:00:00,-0.19,-0.00019
2024-07-29 13:00:00,-1.7,-0.0017
2024-07-29 14:00:00,-0.98,-0.00098
2024-07-29 15:00:00,-0.07,-7.000000000000001e-05
2024-07-29 16:00:00,13.74,0.01374
2024-07-29 17:00:00,64.48,0.06448000000000001
2024-07-29 18:00:00,96.91,0.09691
2024-07-29 19:00:00,123.24,0.12323999999999999
2024-07-29 20:00:00,178.07,0.17807
2024-07-29 21:00:00,132.72,0.13272
2024-07-29 22:00:00,107.8,0.10779999999999999
2024-07-29 23:00:00,90.2,0.0902
2024-07-30 00:00:00,78.01,0.07801000000000001
2024-07-30 01:00:00,75.77,0.07576999999999999
2024-07-30 02:00:00,79.27,0.07927
2024-07-30 03:00:00,83.73,0.08373
2024-07-30 04:00:00,88.59,0.08859
2024-07-30 05:00:00,101.85,0.10185
2024-07-30 06:00:00,115.64,0.11564
2024-07-30 07:00:00,113.48,0.11348
2024-07-30 08:00:00,99.65,0.09965
2024-07-30 09:00:00,67.78,0.06778
2024-07-30 10:00:00,37.52,0.037520000000000005
2024-07-30 11:00:00,7.84,0.00784
2024-07-30 12:00:00,1.09,0.00109
2024-07-30 13:00:00,-0.04,-4e-05
2024-07-30 14:00:00,-0.06,-5.9999999999999995e-05
2024-07-30 15:00:00,13.25,0.01325
2024-07-30 16:00:00,40.68,0.04068
2024-07-30 17:00:00,78.1,0.07809999999999999
2024-07-30 18:00:00,103.4,0.1034
2024-07-30 19:00:00,129.44,0.12944
2024-07-30 20:00:00,177.13,0.17712999999999998
2024-07-30 21:00:00,147.67,0.14767
2024-07-30 22:00:00,114.98,0.11498
2024-07-30 23:00:00,99.04,0.09904
2024-07-31 00:00:00,98.85,0.09885
2024-07-31 01:00:00,87.29,0.08729
2024-07-31 02:00:00,85.19,0.08519
2024-07-31 03:00:00,82.9,0.0829
2024-07-31 04:00:00,90.6,0.0906
2024-07-31 05:00:00,102.39,0.10239
2024-07-31 06:00:00,112.51,0.11251
2024-07-31 07:00:00,110.14,0.11014
2024-07-31 08:00:00,95.26,0.09526000000000001
2024-07-31 09:00:00,79.02,0.07901999999999999
2024-07-31 10:00:00,55.89,0.05589
2024-07-31 11:00:00,33.46,0.033460000000000004
2024-07-31 12:00:00,21.75,0.02175
2024-07-31 13:00:00,11.36,0.011359999999999999
2024-07-31 14:00:00,17.53,0.01753
2024-07-31 15:00:00,31.74,0.03174
2024-07-31 16:00:00,46.09,0.046090000000000006
2024-07-31 17:00:00,75.85,0.07585
2024-07-31 18:00:00,99.16,0.09916
2024-07-31 19:00:00,115.39,0.11539
2024-07-31 20:00:00,136.15,0.13615
2024-07-31 21:00:00,116.19,0.11619
2024-07-31 22:00:00,104.51,0.10451
2024-07-31 23:00:00,96.49,0.09648999999999999
2024-08-01 00:00:00,96.45,0.09645000000000001
2024-08-01 01:00:00,92.4,0.09240000000000001
2024-08-01 02:00:00,86.85,0.08685
2024-08-01 03:00:00,84.11,0.08411
2024-08-01 04:00:00,93.08,0.09308
2024-08-01 05:00:00,112.71,0.11270999999999999
2024-08-01 06:00:00,134.39,0.13438999999999998
2024-08-01 07:00:00,109.52,0.10951999999999999
2024-08-01 08:00:00,105.95,0.10595
2024-08-01 09:00:00,90.1,0.0901
2024-08-01 10:00:00,76.95,0.07695
2024-08-01 11:00:00,67.64,0.06764
2024-08-01 12:00:00,64.03,0.06403
2024-08-01 13:00:00,60.38,0.06038
2024-08-01 14:00:00,62.39,0.06239
2024-08-01 15:00:00,71.22,0.07122
2024-08-01 16:00:00,77.39,0.07739
2024-08-01 17:00:00,95.16,0.09516
2024-08-01 18:00:00,102.83,0.10283
2024-08-01 19:00:00,112.5,0.1125
2024-08-01 20:00:00,138.07,0.13807
2024-08-01 21:00:00,124.03,0.12403
2024-08-01 22:00:00,112.94,0.11294
2024-08-01 23:00:00,105.7,0.1057
2024-08-02 00:00:00,93.93,0.09393000000000001
2024-08-02 01:00:00,89.17,0.08917
2024-08-02 02:00:00,88.11,0.08811
2024-08-02 03:00:00,82.97,0.08297
2024-08-02 04:00:00,86.95,0.08695
2024-08-02 05:00:00,96.61,0.09661
2024-08-02 06:00:00,110.75,0.11075
2024-08-02 07:00:00,121.38,0.12138
2024-08-02 08:00:00,113.19,0.11319
2024-08-02 09:00:00,104.42,0.10442
2024-08-02 10:00:00,91.68,0.09168000000000001
2024-08-02 11:00:00,77.69,0.07769
2024-08-02 12:00:00,73.58,0.07357999999999999
2024-08-02 13:00:00,61.94,0.061939999999999995
2024-08-02 14:00:00,53.44,0.053439999999999994
2024-08-02 15:00:00,50.58,0.05058
2024-08-02 16:00:00,65.42,0.06542
2024-08-02 17:00:00,77.69,0.07769
2024-08-02 18:00:00,102.22,0.10222
2024-08-02 19:00:00,128.49,0.12849000000000002
2024-08-02 20:00:00,146.19,0.14619
2024-08-02 21:00:00,121.66,0.12165999999999999
2024-08-02 22:00:00,114.42,0.11442000000000001
2024-08-02 23:00:00,99.01,0.09901
2024-08-03 00:00:00,102.65,0.10265
2024-08-03 01:00:00,99.14,0.09914
2024-08-03 02:00:00,93.3,0.0933
2024-08-03 03:00:00,89.1,0.0891
2024-08-03 04:00:00,86.31,0.08631
2024-08-03 05:00:00,94.88,0.09487999999999999
2024-08-03 06:00:00,103.74,0.10374
2024-08-03 07:00:00,95.51,0.09551000000000001
2024-08-03 08:00:00,84.5,0.0845
2024-08-03 09:00:00,66.06,0.06606000000000001
2024-08-03 10:00:00,32.44,0.03244
2024-08-03 11:00:00,20.36,0.02036
2024-08-03 12:00:00,14.66,0.01466
2024-08-03 13:00:00,6.41,0.00641
2024-08-03 14:00:00,4.1,0.0040999999999999995
2024-08-03 15:00:00,12.38,0.01238
2024-08-03 16:00:00,32.44,0.03244
2024-08-03 17:00:00,73.61,0.07361
2024-08-03 18:00:00,103.55,0.10355
2024-08-03 19:00:00,110.02,0.11001999999999999
2024-08-03 20:00:00,124.64,0.12464
2024-08-03 21:00:00,136.64,0.13663999999999998
2024-08-03 22:00:00,119.2,0.1192
2024-08-03 23:00:00,101.3,0.1013
2024-08-04 00:00:00,110.21,0.11020999999999999
2024-08-04 01:00:00,101.34,0.10134
2024-08-04 02:00:00,96.9,0.0969
2024-08-04 03:00:00,92.68,0.09268000000000001
2024-08-04 04:00:00,90.21,0.09021
2024-08-04 05:00:00,83.0,0.083
2024-08-04 06:00:00,77.7,0.0777
2024-08-04 07:00:00,73.2,0.0732
2024-08-04 08:00:00,63.93,0.06393
2024-08-04 09:00:00,28.11,0.02811
2024-08-04 10:00:00,8.05,0.00805
2024-08-04 11:00:00,2.05,0.0020499999999999997
2024-08-04 12:00:00,0.06,5.9999999999999995e-05
2024-08-04 13:00:00,-0.04,-4e-05
2024-08-04 14:00:00,-2.16,-0.00216
2024-08-04 15:00:00,-0.01,-1e-05
2024-08-04 16:00:00,1.0,0.001
2024-08-04 17:00:00,22.46,0.02246
2024-08-04 18:00:00,73.17,0.07317
2024-08-04 19:00:00,105.66,0.10565999999999999
2024-08-04 20:00:00,119.92,0.11992
2024-08-04 21:00:00,124.99,0.12498999999999999
2024-08-04 22:00:00,112.94,0.11294
2024-08-04 23:00:00,104.83,0.10482999999999999
2024-08-05 00:00:00,103.08,0.10308
2024-08-05 01:00:00,85.32,0.08532
2024-08-05 02:00:00,82.3,0.0823
2024-08-05 03:00:00,85.35,0.08535
2024-08-05 04:00:00,83.59,0.08359
2024-08-05 05:00:00,97.24,0.09724
2024-08-05 06:00:00,118.98,0.11898
2024-08-05 07:00:00,136.75,0.13675
2024-08-05 08:00:00,113.97,0.11397
2024-08-05 09:00:00,102.83,0.10283
2024-08-05 10:00:00,74.5,0.0745
2024-08-05 11:00:00,64.3,0.0643
2024-08-05 12:00:00,57.12,0.05712
2024-08-05 13:00:00,42.05,0.04205
2024-08-05 14:00:00,36.35,0.03635
2024-08-05 15:00:00,51.43,0.05143
2024-08-05 16:00:00,70.1,0.0701
2024-08-05 17:00:00,85.4,0.0854
2024-08-05 18:00:00,108.97,0.10897
2024-08-05 19:00:00,152.76,0.15275999999999998
2024-08-05 20:00:00,250.01,0.25001
2024-08-05 21:00:00,170.93,0.17093
2024-08-05 22:00:00,120.3,0.12029999999999999
2024-08-05 23:00:00,102.92,0.10292
2024-08-06 00:00:00,103.09,0.10309
2024-08-06 01:00:00,95.57,0.09556999999999999
2024-08-06 02:00:00,89.24,0.08924
2024-08-06 03:00:00,85.24,0.08524
2024-08-06 04:00:00,85.76,0.08576
2024-08-06 05:00:00,95.77,0.09577
2024-08-06 06:00:00,123.86,0.12386
2024-08-06 07:00:00,126.04,0.12604
2024-08-06 08:00:00,85.29,0.08529
2024-08-06 09:00:00,74.51,0.07451
2024-08-06 10:00:00,36.04,0.03604
2024-08-06 11:00:00,21.43,0.02143
2024-08-06 12:00:00,15.86,0.01586
2024-08-06 13:00:00,2.95,0.0029500000000000004
2024-08-06 14:00:00,4.79,0.00479
2024-08-06 15:00:00,19.44,0.019440000000000002
2024-08-06 16:00:00,39.71,0.03971
2024-08-06 17:00:00,82.19,0.08219
2024-08-06 18:00:00,106.29,0.10629000000000001
2024-08-06 19:00:00,174.58,0.17458
2024-08-06 20:00:00,230.85,0.23085
2024-08-06 21:00:00,170.45,0.17045
2024-08-06 22:00:00,118.54,0.11854
2024-08-06 23:00:00,100.03,0.10003000000000001
2024-08-07 00:00:00,91.39,0.09139
2024-08-07 01:00:00,83.24,0.08324
2024-08-07 02:00:00,79.29,0.07929
2024-08-07 03:00:00,83.24,0.08324
2024-08-07 04:00:00,86.43,0.08643
2024-08-07 05:00:00,104.36,0.10436
2024-08-07 06:00:00,126.07,0.12607
2024-08-07 07:00:00,127.98,0.12798
2024-08-07 08:00:00,109.06,0.10906
2024-08-07 09:00:00,88.91,0.08891
2024-08-07 10:00:00,73.56,0.07356
2024-08-07 11:00:00,62.49,0.062490000000000004
2024-08-07 12:00:00,42.14,0.042140000000000004
2024-08-07 13:00:00,35.05,0.03505
2024-08-07 14:00:00,51.19,0.05119
2024-08-07 15:00:00,69.28,0.06928
2024-08-07 16:00:00,85.74,0.08574
2024-08-07 17:00:00,105.2,0.1052
2024-08-07 18:00:00,106.41,0.10640999999999999
2024-08-07 19:00:00,119.75,0.11975
2024-08-07 20:00:00,149.28,0.14928
2024-08-07 21:00:00,134.25,0.13425
2024-08-07 22:00:00,112.74,0.11273999999999999
2024-08-07 23:00:00,102.78,0.10278
2024-08-08 00:00:00,96.43,0.09643
2024-08-08 01:00:00,88.06,0.08806
2024-08-08 02:00:00,87.36,0.08736
2024-08-08 03:00:00,88.06,0.08806
2024-08-08 04:00:00,88.27,0.08827
2024-08-08 05:00:00,96.11,0.09611
2024-08-08 06:00:00,110.93,0.11093
2024-08-08 07:00:00,124.93,0.12493000000000001
2024-08-08 08:00:00,114.41,0.11441
2024-08-08 09:00:00,106.84,0.10684
2024-08-08 10:00:00,86.1,0.0861
2024-08-08 11:00:00,71.6,0.0716
2024-08-08 12:00:00,57.09,0.05709
2024-08-08 13:00:00,40.49,0.040490000000000005
2024-08-08 14:00:00,32.18,0.03218
2024-08-08 15:00:00,40.24,0.040240000000000005
2024-08-08 16:00:00,57.81,0.05781
2024-08-08 17:00:00,80.52,0.08052
2024-08-08 18:00:00,101.92,0.10192
2024-08-08 19:00:00,138.49,0.13849
2024-08-08 20:00:00,197.31,0.19731
2024-08-08 21:00:00,135.0,0.135
2024-08-08 22:00:00,102.0,0.102
2024-08-08 23:00:00,93.56,0.09356
2024-08-09 00:00:00,103.71,0.10371
2024-08-09 01:00:00,83.92,0.08392000000000001
2024-08-09 02:00:00,67.34,0.06734
2024-08-09 03:00:00,64.3,0.0643
2024-08-09 04:00:00,53.31,0.05331
2024-08-09 05:00:00,64.36,0.06436
2024-08-09 06:00:00,80.0,0.08
2024-08-09 07:00:00,88.41,0.08841
2024-08-09 08:00:00,59.4,0.0594
2024-08-09 09:00:00,31.31,0.03131
2024-08-09 10:00:00,8.98,0.00898
2024-08-09 11:00:00,0.6,0.0006
2024-08-09 12:00:00,-0.03,-2.9999999999999997e-05
2024-08-09 13:00:00,-0.16,-0.00016
2024-08-09 14:00:00,-0.8,-0.0008
2024-08-09 15:00:00,-0.11,-0.00011
2024-08-09 16:00:00,-0.01,-1e-05
2024-08-09 17:00:00,2.55,0.0025499999999999997
2024-08-09 18:00:00,41.78,0.04178
2024-08-09 19:00:00,81.04,0.08104
2024-08-09 20:00:00,124.97,0.12497
2024-08-09 21:00:00,118.05,0.11805
2024-08-09 22:00:00,113.46,0.11345999999999999
2024-08-09 23:00:00,93.23,0.09323000000000001
2024-08-10 00:00:00,85.09,0.08509
2024-08-10 01:00:00,92.13,0.09212999999999999
2024-08-10 02:00:00,87.28,0.08728
2024-08-10 03:00:00,84.67,0.08467
2024-08-10 04:00:00,82.93,0.08293
2024-08-10 05:00:00,85.52,0.08552
2024-08-10 06:00:00,88.68,0.08868000000000001
2024-08-10 07:00:00,76.01,0.07601000000000001
2024-08-10 08:00:00,31.86,0.03186
2024-08-10 09:00:00,0.2,0.0002
2024-08-10 10:00:00,-3.0,-0.003
2024-08-10 11:00:00,-12.2,-0.012199999999999999
2024-08-10 12:00:00,-22.49,-0.02249
2024-08-10 13:00:00,-40.77,-0.04077
2024-08-10 14:00:00,-40.09,-0.04009
2024-08-10 15:00:00,-29.67,-0.029670000000000002
2024-08-10 16:00:00,-8.2,-0.008199999999999999
2024-08-10 17:00:00,0.07,7.000000000000001e-05
2024-08-10 18:00:00,48.84,0.04884
2024-08-10 19:00:00,106.55,0.10654999999999999
2024-08-10 20:00:00,125.43,0.12543
2024-08-10 21:00:00,133.0,0.133
2024-08-10 22:00:00,117.85,0.11785
2024-08-10 23:00:00,106.64,0.10664
2024-08-11 00:00:00,106.71,0.10671
2024-08-11 01:00:00,104.17,0.10417
2024-08-11 02:00:00,99.96,0.09996
2024-08-11 03:00:00,95.14,0.09514
2024-08-11 04:00:00,96.49,0.09648999999999999
2024-08-11 05:00:00,114.97,0.11497
2024-08-11 06:00:00,106.44,0.10643999999999999
2024-08-11 07:00:00,71.02,0.07102
2024-08-11 08:00:00,27.8,0.027800000000000002
2024-08-11 09:00:00,0.0,0.0
2024-08-11 10:00:00,-5.01,-0.00501
2024-08-11 11:00:00,-14.99,-0.01499
2024-08-11 12:00:00,-32.04,-0.03204
2024-08-11 13:00:00,-59.96,-0.05996
2024-08-11 14:00:00,-50.09,-0.05009
2024-08-11 15:00:00,-31.42,-0.031420000000000003
2024-08-11 16:00:00,-4.97,-0.00497
2024-08-11 17:00:00,1.46,0.00146
2024-08-11 18:00:00,88.14,0.08814
2024-08-11 19:00:00,128.8,0.1288
2024-08-11 20:00:00,137.18,0.13718
2024-08-11 21:00:00,126.15,0.12615
2024-08-11 22:00:00,109.99,0.10998999999999999
2024-08-11 23:00:00,97.28,0.09728
2024-08-12 00:00:00,104.98,0.10498
2024-08-12 01:00:00,94.62,0.09462000000000001
2024-08-12 02:00:00,85.3,0.0853
2024-08-12 03:00:00,86.6,0.0866
2024-08-12 04:00:00,88.85,0.08885
2024-08-12 05:00:00,114.54,0.11454
2024-08-12 06:00:00,153.82,0.15381999999999998
2024-08-12 07:00:00,153.82,0.15381999999999998
2024-08-12 08:00:00,115.25,0.11525
2024-08-12 09:00:00,69.9,0.0699
2024-08-12 10:00:00,40.12,0.040119999999999996
2024-08-12 11:00:00,16.04,0.01604
2024-08-12 12:00:00,10.06,0.010060000000000001
2024-08-12 13:00:00,6.98,0.00698
2024-08-12 14:00:00,13.8,0.013800000000000002
2024-08-12 15:00:00,27.87,0.027870000000000002
2024-08-12 16:00:00,48.65,0.04865
2024-08-12 17:00:00,89.29,0.08929000000000001
2024-08-12 18:00:00,122.78,0.12278
2024-08-12 19:00:00,206.02,0.20602
2024-08-12 20:00:00,224.84,0.22484
2024-08-12 21:00:00,128.34,0.12834
2024-08-12 22:00:00,106.88,0.10687999999999999
2024-08-12 23:00:00,100.05,0.10005
2024-08-13 00:00:00,99.64,0.09964
2024-08-13 01:00:00,87.91,0.08791
2024-08-13 02:00:00,86.6,0.0866
2024-08-13 03:00:00,84.79,0.08479
2024-08-13 04:00:00,84.76,0.08476
2024-08-13 05:00:00,101.37,0.10137
2024-08-13 06:00:00,125.66,0.12566
2024-08-13 07:00:00,133.71,0.13371
2024-08-13 08:00:00,117.89,0.11789
2024-08-13 09:00:00,87.81,0.08781
2024-08-13 10:00:00,66.67,0.06667000000000001
2024-08-13 11:00:00,55.94,0.05594
2024-08-13 12:00:00,43.01,0.04301
2024-08-13 13:00:00,40.37,0.040369999999999996
2024-08-13 14:00:00,47.96,0.04796
2024-08-13 15:00:00,64.15,0.06415000000000001
2024-08-13 16:00:00,86.0,0.086
2024-08-13 17:00:00,105.0,0.105
2024-08-13 18:00:00,121.04,0.12104000000000001
2024-08-13 19:00:00,202.72,0.20272
2024-08-13 20:00:00,205.35,0.20535
2024-08-13 21:00:00,128.9,0.12890000000000001
2024-08-13 22:00:00,111.48,0.11148000000000001
2024-08-13 23:00:00,104.99,0.10499
2024-08-14 00:00:00,87.73,0.08773
2024-08-14 01:00:00,90.79,0.09079000000000001
2024-08-14 02:00:00,87.73,0.08773
2024-08-14 03:00:00,93.4,0.09340000000000001
2024-08-14 04:00:00,93.6,0.09359999999999999
2024-08-14 05:00:00,107.1,0.1071
2024-08-14 06:00:00,129.74,0.12974000000000002
2024-08-14 07:00:00,136.62,0.13662
2024-08-14 08:00:00,120.96,0.12096
2024-08-14 09:00:00,108.79,0.10879000000000001
2024-08-14 10:00:00,83.08,0.08308
2024-08-14 11:00:00,77.24,0.07723999999999999
2024-08-14 12:00:00,72.85,0.07285
2024-08-14 13:00:00,75.38,0.07537999999999999
2024-08-14 14:00:00,74.71,0.07471
2024-08-14 15:00:00,81.74,0.08174
2024-08-14 16:00:00,94.36,0.09436
2024-08-14 17:00:00,105.59,0.10559
2024-08-14 18:00:00,111.48,0.11148000000000001
2024-08-14 19:00:00,161.41,0.16141
2024-08-14 20:00:00,218.92,0.21891999999999998
2024-08-14 21:00:00,148.7,0.1487
2024-08-14 22:00:00,120.43,0.12043000000000001
2024-08-14 23:00:00,109.95,0.10995
2024-08-15 00:00:00,110.33,0.11033
2024-08-15 01:00:00,109.66,0.10966
2024-08-15 02:00:00,105.3,0.10529999999999999
2024-08-15 03:00:00,94.74,0.09473999999999999
2024-08-15 04:00:00,96.02,0.09602
2024-08-15 05:00:00,108.91,0.10890999999999999
2024-08-15 06:00:00,119.75,0.11975
2024-08-15 07:00:00,120.71,0.12071
2024-08-15 08:00:00,114.97,0.11497
2024-08-15 09:00:00,91.12,0.09112
2024-08-15 10:00:00,59.1,0.0591
2024-08-15 11:00:00,19.94,0.019940000000000003
2024-08-15 12:00:00,9.86,0.009859999999999999
2024-08-15 13:00:00,0.01,1e-05
2024-08-15 14:00:00,-0.04,-4e-05
2024-08-15 15:00:00,4.25,0.00425
2024-08-15 16:00:00,33.41,0.033409999999999995
2024-08-15 17:00:00,77.26,0.07726000000000001
2024-08-15 18:00:00,119.93,0.11993000000000001
2024-08-15 19:00:00,142.51,0.14251
2024-08-15 20:00:00,160.3,0.1603
2024-08-15 21:00:00,140.84,0.14084
2024-08-15 22:00:00,118.87,0.11887
2024-08-15 23:00:00,94.94,0.09494
2024-08-16 00:00:00,108.97,0.10897
2024-08-16 01:00:00,86.78,0.08678
2024-08-16 02:00:00,85.58,0.08558
2024-08-16 03:00:00,85.83,0.08583
2024-08-16 04:00:00,87.76,0.08776
2024-08-16 05:00:00,92.05,0.09204999999999999
2024-08-16 06:00:00,128.42,0.12841999999999998
2024-08-16 07:00:00,134.91,0.13491
2024-08-16 08:00:00,124.83,0.12483
2024-08-16 09:00:00,100.95,0.10095
2024-08-16 10:00:00,76.15,0.07615000000000001
2024-08-16 11:00:00,59.83,0.05983
2024-08-16 12:00:00,50.68,0.05068
2024-08-16 13:00:00,49.93,0.04993
2024-08-16 14:00:00,47.57,0.04757
2024-08-16 15:00:00,55.16,0.055159999999999994
2024-08-16 16:00:00,82.67,0.08267000000000001
2024-08-16 17:00:00,103.76,0.10376
2024-08-16 18:00:00,134.92,0.13491999999999998
2024-08-16 19:00:00,230.52,0.23052
2024-08-16 20:00:00,243.12,0.24312
2024-08-16 21:00:00,171.83,0.17183
2024-08-16 22:00:00,134.54,0.13454
2024-08-16 23:00:00,116.17,0.11617
2024-08-17 00:00:00,107.11,0.10711
2024-08-17 01:00:00,109.26,0.10926000000000001
2024-08-17 02:00:00,103.13,0.10313
2024-08-17 03:00:00,101.82,0.10182
2024-08-17 04:00:00,110.59,0.11059000000000001
2024-08-17 05:00:00,110.84,0.11084000000000001
2024-08-17 06:00:00,106.7,0.1067
2024-08-17 07:00:00,103.97,0.10396999999999999
2024-08-17 08:00:00,103.43,0.10343000000000001
2024-08-17 09:00:00,84.0,0.084
2024-08-17 10:00:00,69.49,0.06949
2024-08-17 11:00:00,54.28,0.05428
2024-08-17 12:00:00,46.93,0.04693
2024-08-17 13:00:00,40.71,0.04071
2024-08-17 14:00:00,39.43,0.03943
2024-08-17 15:00:00,39.56,0.039560000000000005
2024-08-17 16:00:00,59.09,0.059090000000000004
2024-08-17 17:00:00,88.4,0.0884
2024-08-17 18:00:00,119.68,0.11968000000000001
2024-08-17 19:00:00,140.56,0.14056
2024-08-17 20:00:00,149.18,0.14918
2024-08-17 21:00:00,126.98,0.12698
2024-08-17 22:00:00,116.7,0.1167
2024-08-17 23:00:00,105.82,0.10582
2024-08-18 00:00:00,111.82,0.11181999999999999
2024-08-18 01:00:00,112.8,0.1128
2024-08-18 02:00:00,106.17,0.10617
2024-08-18 03:00:00,106.22,0.10622
2024-08-18 04:00:00,104.75,0.10475
2024-08-18 05:00:00,104.97,0.10497
2024-08-18 06:00:00,99.53,0.09953000000000001
2024-08-18 07:00:00,95.2,0.0952
2024-08-18 08:00:00,88.2,0.0882
2024-08-18 09:00:00,82.32,0.08231999999999999
2024-08-18 10:00:00,72.12,0.07212
2024-08-18 11:00:00,72.52,0.07252
2024-08-18 12:00:00,66.03,0.06603
2024-08-18 13:00:00,33.64,0.03364
2024-08-18 14:00:00,17.72,0.01772
2024-08-18 15:00:00,51.28,0.05128
2024-08-18 16:00:00,69.86,0.06986
2024-08-18 17:00:00,82.39,0.08239
2024-08-18 18:00:00,93.85,0.09384999999999999
2024-08-18 19:00:00,109.93,0.10993
2024-08-18 20:00:00,115.68,0.11568
2024-08-18 21:00:00,109.83,0.10983
2024-08-18 22:00:00,111.4,0.1114
2024-08-18 23:00:00,99.45,0.09945
2024-08-19 00:00:00,97.39,0.09739
2024-08-19 01:00:00,90.1,0.0901
2024-08-19 02:00:00,88.7,0.0887
2024-08-19 03:00:00,84.86,0.08486
2024-08-19 04:00:00,84.5,0.0845
2024-08-19 05:00:00,87.97,0.08796999999999999
2024-08-19 06:00:00,129.0,0.129
2024-08-19 07:00:00,152.33,0.15233000000000002
2024-08-19 08:00:00,129.6,0.1296
2024-08-19 09:00:00,112.58,0.11258
2024-08-19 10:00:00,96.9,0.0969
2024-08-19 11:00:00,89.74,0.08974
2024-08-19 12:00:00,84.38,0.08438
2024-08-19 13:00:00,78.87,0.07887000000000001
2024-08-19 14:00:00,80.21,0.08020999999999999
2024-08-19 15:00:00,79.9,0.0799
2024-08-19 16:00:00,84.05,0.08405
2024-08-19 17:00:00,100.7,0.1007
2024-08-19 18:00:00,113.97,0.11397
2024-08-19 19:00:00,200.0,0.2
2024-08-19 20:00:00,203.83,0.20383
2024-08-19 21:00:00,140.11,0.14011
2024-08-19 22:00:00,100.82,0.10081999999999999
2024-08-19 23:00:00,86.2,0.0862
2024-08-20 00:00:00,93.6,0.09359999999999999
2024-08-20 01:00:00,89.55,0.08954999999999999
2024-08-20 02:00:00,88.5,0.0885
2024-08-20 03:00:00,89.31,0.08931
2024-08-20 04:00:00,86.19,0.08619
2024-08-20 05:00:00,89.97,0.08997
2024-08-20 06:00:00,123.06,0.12306
2024-08-20 07:00:00,133.23,0.13323
2024-08-20 08:00:00,122.97,0.12297
2024-08-20 09:00:00,103.09,0.10309
2024-08-20 10:00:00,75.01,0.07501000000000001
2024-08-20 11:00:00,50.13,0.05013
2024-08-20 12:00:00,37.69,0.037689999999999994
2024-08-20 13:00:00,18.22,0.01822
2024-08-20 14:00:00,20.36,0.02036
2024-08-20 15:00:00,48.9,0.0489
2024-08-20 16:00:00,82.15,0.08215
2024-08-20 17:00:00,104.5,0.1045
2024-08-20 18:00:00,118.07,0.11807
2024-08-20 19:00:00,158.81,0.15881
2024-08-20 20:00:00,154.71,0.15471000000000001
2024-08-20 21:00:00,120.89,0.12089
2024-08-20 22:00:00,103.82,0.10382
2024-08-20 23:00:00,97.96,0.09795999999999999
2024-08-21 00:00:00,87.36,0.08736
2024-08-21 01:00:00,82.0,0.082
2024-08-21 02:00:00,65.93,0.06593
2024-08-21 03:00:00,56.09,0.05609
2024-08-21 04:00:00,60.42,0.06042
2024-08-21 05:00:00,59.95,0.05995
2024-08-21 06:00:00,81.3,0.0813
2024-08-21 07:00:00,85.92,0.08592
2024-08-21 08:00:00,87.38,0.08738
2024-08-21 09:00:00,53.16,0.05316
2024-08-21 10:00:00,0.16,0.00016
2024-08-21 11:00:00,-4.95,-0.00495
2024-08-21 12:00:00,-13.01,-0.013009999999999999
2024-08-21 13:00:00,-20.32,-0.02032
2024-08-21 14:00:00,-21.28,-0.02128
2024-08-21 15:00:00,-16.05,-0.016050000000000002
2024-08-21 16:00:00,-12.64,-0.01264
2024-08-21 17:00:00,2.01,0.0020099999999999996
2024-08-21 18:00:00,67.26,0.06726
2024-08-21 19:00:00,101.89,0.10189
2024-08-21 20:00:00,140.35,0.14035
2024-08-21 21:00:00,130.96,0.13096000000000002
2024-08-21 22:00:00,103.42,0.10342
2024-08-21 23:00:00,85.65,0.08565
2024-08-22 00:00:00,78.94,0.07894
2024-08-22 01:00:00,73.04,0.07304000000000001
2024-08-22 02:00:00,80.46,0.08045999999999999
2024-08-22 03:00:00,80.17,0.08017
2024-08-22 04:00:00,70.23,0.07023
2024-08-22 05:00:00,85.42,0.08542
2024-08-22 06:00:00,99.95,0.09995
2024-08-22 07:00:00,129.46,0.12946000000000002
2024-08-22 08:00:00,113.05,0.11305
2024-08-22 09:00:00,73.1,0.0731
2024-08-22 10:00:00,14.8,0.0148
2024-08-22 11:00:00,0.0,0.0
2024-08-22 12:00:00,-0.38,-0.00038
2024-08-22 13:00:00,-2.56,-0.00256
2024-08-22 14:00:00,-1.51,-0.00151
2024-08-22 15:00:00,-4.35,-0.00435
2024-08-22 16:00:00,-0.09,-8.999999999999999e-05
2024-08-22 17:00:00,24.89,0.02489
2024-08-22 18:00:00,89.46,0.08946
2024-08-22 19:00:00,112.74,0.11273999999999999
2024-08-22 20:00:00,111.5,0.1115
2024-08-22 21:00:00,109.99,0.10998999999999999
2024-08-22 22:00:00,95.48,0.09548000000000001
2024-08-22 23:00:00,79.22,0.07922
2024-08-23 00:00:00,51.9,0.0519
2024-08-23 01:00:00,45.87,0.045869999999999994
2024-08-23 02:00:00,38.51,0.038509999999999996
2024-08-23 03:00:00,26.36,0.026359999999999998
2024-08-23 04:00:00,26.48,0.02648
2024-08-23 05:00:00,30.59,0.03059
2024-08-23 06:00:00,64.22,0.06422
2024-08-23 07:00:00,60.63,0.06063
2024-08-23 08:00:00,43.64,0.04364
2024-08-23 09:00:00,4.06,0.004059999999999999
2024-08-23 10:00:00,-0.01,-1e-05
2024-08-23 11:00:00,-3.97,-0.0039700000000000004
2024-08-23 12:00:00,-9.54,-0.00954
2024-08-23 13:00:00,-15.32,-0.01532
2024-08-23 14:00:00,-16.55,-0.016550000000000002
2024-08-23 15:00:00,-10.15,-0.010150000000000001
2024-08-23 16:00:00,-9.18,-0.009179999999999999
2024-08-23 17:00:00,-0.03,-2.9999999999999997e-05
2024-08-23 18:00:00,50.2,0.0502
2024-08-23 19:00:00,99.53,0.09953000000000001
2024-08-23 20:00:00,118.57,0.11857
2024-08-23 21:00:00,123.15,0.12315000000000001
2024-08-23 22:00:00,119.54,0.11954000000000001
2024-08-23 23:00:00,100.5,0.1005
2024-08-24 00:00:00,110.45,0.11045
2024-08-24 01:00:00,103.78,0.10378
2024-08-24 02:00:00,100.42,0.10042
2024-08-24 03:00:00,100.28,0.10028000000000001
2024-08-24 04:00:00,100.9,0.1009
2024-08-24 05:00:00,105.4,0.10540000000000001
2024-08-24 06:00:00,101.02,0.10102
2024-08-24 07:00:00,102.23,0.10223
2024-08-24 08:00:00,76.22,0.07622
2024-08-24 09:00:00,15.0,0.015
2024-08-24 10:00:00,-0.03,-2.9999999999999997e-05
2024-08-24 11:00:00,-6.85,-0.006849999999999999
2024-08-24 12:00:00,-18.68,-0.01868
2024-08-24 13:00:00,-40.09,-0.04009
2024-08-24 14:00:00,-44.18,-0.04418
2024-08-24 15:00:00,-27.64,-0.02764
2024-08-24 16:00:00,-8.15,-0.008150000000000001
2024-08-24 17:00:00,-0.99,-0.00099
2024-08-24 18:00:00,71.68,0.07168000000000001
2024-08-24 19:00:00,91.52,0.09151999999999999
2024-08-24 20:00:00,80.08,0.08008
2024-08-24 21:00:00,68.91,0.06891
2024-08-24 22:00:00,64.14,0.06414
2024-08-24 23:00:00,50.0,0.05
2024-08-25 00:00:00,0.37,0.00037
2024-08-25 01:00:00,-0.02,-2e-05
2024-08-25 02:00:00,-0.34,-0.00034
2024-08-25 03:00:00,-1.0,-0.001
2024-08-25 04:00:00,-0.89,-0.0008900000000000001
2024-08-25 05:00:00,-0.42,-0.00041999999999999996
2024-08-25 06:00:00,-0.05,-5e-05
2024-08-25 07:00:00,-0.01,-1e-05
2024-08-25 08:00:00,-0.01,-1e-05
2024-08-25 09:00:00,-1.39,-0.00139
2024-08-25 10:00:00,-6.07,-0.00607
2024-08-25 11:00:00,-10.1,-0.0101
2024-08-25 12:00:00,-15.5,-0.0155
2024-08-25 13:00:00,-20.01,-0.02001
2024-08-25 14:00:00,-19.83,-0.019829999999999997
2024-08-25 15:00:00,-10.15,-0.010150000000000001
2024-08-25 16:00:00,-5.01,-0.00501
2024-08-25 17:00:00,1.0,0.001
2024-08-25 18:00:00,87.04,0.08704
2024-08-25 19:00:00,110.0,0.11
2024-08-25 20:00:00,119.45,0.11945
2024-08-25 21:00:00,105.49,0.10549
2024-08-25 22:00:00,99.7,0.0997
2024-08-25 23:00:00,92.48,0.09248
2024-08-26 00:00:00,92.75,0.09275
2024-08-26 01:00:00,85.65,0.08565
2024-08-26 02:00:00,80.94,0.08094
2024-08-26 03:00:00,83.36,0.08336
2024-08-26 04:00:00,82.43,0.08243
2024-08-26 05:00:00,83.48,0.08348
2024-08-26 06:00:00,113.11,0.11311
2024-08-26 07:00:00,153.69,0.15369
2024-08-26 08:00:00,130.97,0.13097
2024-08-26 09:00:00,98.93,0.09893
2024-08-26 10:00:00,77.0,0.077
2024-08-26 11:00:00,65.31,0.06531
2024-08-26 12:00:00,23.07,0.02307
2024-08-26 13:00:00,17.55,0.01755
2024-08-26 14:00:00,42.88,0.04288
2024-08-26 15:00:00,71.05,0.07105
2024-08-26 16:00:00,88.0,0.088
2024-08-26 17:00:00,99.47,0.09947
2024-08-26 18:00:00,116.82,0.11682
2024-08-26 19:00:00,190.31,0.19031
2024-08-26 20:00:00,231.06,0.23106000000000002
2024-08-26 21:00:00,143.82,0.14382
2024-08-26 22:00:00,110.86,0.11086
2024-08-26 23:00:00,107.54,0.10754000000000001
2024-08-27 00:00:00,98.41,0.09841
2024-08-27 01:00:00,89.91,0.08990999999999999
2024-08-27 02:00:00,86.45,0.08645
2024-08-27 03:00:00,87.3,0.0873
2024-08-27 04:00:00,89.1,0.0891
2024-08-27 05:00:00,100.16,0.10016
2024-08-27 06:00:00,125.76,0.12576
2024-08-27 07:00:00,137.99,0.13799
2024-08-27 08:00:00,116.01,0.11601
2024-08-27 09:00:00,89.94,0.08993999999999999
2024-08-27 10:00:00,73.72,0.07372
2024-08-27 11:00:00,29.13,0.02913
2024-08-27 12:00:00,5.07,0.00507
2024-08-27 13:00:00,1.18,0.0011799999999999998
2024-08-27 14:00:00,2.33,0.00233
2024-08-27 15:00:00,23.45,0.02345
2024-08-27 16:00:00,52.5,0.0525
2024-08-27 17:00:00,88.71,0.08871
2024-08-27 18:00:00,116.06,0.11606
2024-08-27 19:00:00,232.25,0.23225
2024-08-27 20:00:00,217.92,0.21791999999999997
2024-08-27 21:00:00,120.52,0.12052
2024-08-27 22:00:00,105.21,0.10521
2024-08-27 23:00:00,92.47,0.09247
2024-08-28 00:00:00,90.47,0.09047
2024-08-28 01:00:00,91.31,0.09131
2024-08-28 02:00:00,87.48,0.08748
2024-08-28 03:00:00,89.2,0.0892
2024-08-28 04:00:00,91.74,0.09173999999999999
2024-08-28 05:00:00,92.35,0.09234999999999999
2024-08-28 06:00:00,114.99,0.11499
2024-08-28 07:00:00,128.57,0.12857
2024-08-28 08:00:00,121.0,0.121
2024-08-28 09:00:00,105.4,0.10540000000000001
2024-08-28 10:00:00,87.56,0.08756
2024-08-28 11:00:00,68.78,0.06878000000000001
2024-08-28 12:00:00,35.14,0.03514
2024-08-28 13:00:00,10.4,0.0104
2024-08-28 14:00:00,8.17,0.00817
2024-08-28 15:00:00,54.84,0.05484000000000001
2024-08-28 16:00:00,78.56,0.07856
2024-08-28 17:00:00,92.37,0.09237000000000001
2024-08-28 18:00:00,111.57,0.11156999999999999
2024-08-28 19:00:00,201.91,0.20191
2024-08-28 20:00:00,204.03,0.20403
2024-08-28 21:00:00,124.84,0.12484
2024-08-28 22:00:00,111.76,0.11176
2024-08-28 23:00:00,99.7,0.0997
2024-08-29 00:00:00,93.53,0.09353
2024-08-29 01:00:00,93.98,0.09398000000000001
2024-08-29 02:00:00,89.81,0.08981
2024-08-29 03:00:00,88.68,0.08868000000000001
2024-08-29 04:00:00,89.37,0.08937
2024-08-29 05:00:00,101.23,0.10123
2024-08-29 06:00:00,125.46,0.12546
2024-08-29 07:00:00,134.47,0.13447
2024-08-29 08:00:00,126.24,0.12624
2024-08-29 09:00:00,108.71,0.10870999999999999
2024-08-29 10:00:00,92.19,0.09219
2024-08-29 11:00:00,84.4,0.0844
2024-08-29 12:00:00,65.78,0.06578
2024-08-29 13:00:00,45.25,0.04525
2024-08-29 14:00:00,51.32,0.05132
2024-08-29 15:00:00,79.45,0.07945
2024-08-29 16:00:00,90.15,0.09015000000000001
2024-08-29 17:00:00,105.38,0.10538
2024-08-29 18:00:00,123.51,0.12351000000000001
2024-08-29 19:00:00,227.49,0.22749
2024-08-29 20:00:00,289.27,0.28926999999999997
2024-08-29 21:00:00,169.09,0.16909
2024-08-29 22:00:00,125.0,0.125
2024-08-29 23:00:00,110.1,0.11009999999999999
2024-08-30 00:00:00,109.88,0.10987999999999999
2024-08-30 01:00:00,100.3,0.1003
2024-08-30 02:00:00,93.53,0.09353
2024-08-30 03:00:00,93.28,0.09328
2024-08-30 04:00:00,97.62,0.09762
2024-08-30 05:00:00,107.37,0.10737000000000001
2024-08-30 06:00:00,136.83,0.13683
2024-08-30 07:00:00,151.06,0.15106
2024-08-30 08:00:00,133.55,0.13355
2024-08-30 09:00:00,113.7,0.11370000000000001
2024-08-30 10:00:00,98.24,0.09824
2024-08-30 11:00:00,89.95,0.08995
2024-08-30 12:00:00,86.13,0.08613
2024-08-30 13:00:00,80.2,0.08020000000000001
2024-08-30 14:00:00,79.08,0.07908
2024-08-30 15:00:00,81.98,0.08198
2024-08-30 16:00:00,86.35,0.08635
2024-08-30 17:00:00,101.96,0.10196
2024-08-30 18:00:00,119.99,0.11999
2024-08-30 19:00:00,156.11,0.15611000000000003
2024-08-30 20:00:00,137.29,0.13729
2024-08-30 21:00:00,112.71,0.11270999999999999
2024-08-30 22:00:00,96.83,0.09683
2024-08-30 23:00:00,95.36,0.09536
2024-08-31 00:00:00,107.67,0.10767
2024-08-31 01:00:00,105.44,0.10543999999999999
2024-08-31 02:00:00,102.06,0.10206
2024-08-31 03:00:00,99.04,0.09904
2024-08-31 04:00:00,96.65,0.09665
2024-08-31 05:00:00,98.07,0.09806999999999999
2024-08-31 06:00:00,109.97,0.10997
2024-08-31 07:00:00,110.75,0.11075
2024-08-31 08:00:00,109.97,0.10997
2024-08-31 09:00:00,84.92,0.08492
2024-08-31 10:00:00,60.13,0.06013
2024-08-31 11:00:00,18.34,0.01834
2024-08-31 12:00:00,0.47,0.00047
2024-08-31 13:00:00,-0.59,-0.0005899999999999999
2024-08-31 14:00:00,-0.8,-0.0008
2024-08-31 15:00:00,2.55,0.0025499999999999997
2024-08-31 16:00:00,23.71,0.023710000000000002
2024-08-31 17:00:00,80.02,0.08002
2024-08-31 18:00:00,117.3,0.1173
2024-08-31 19:00:00,148.29,0.14829
2024-08-31 20:00:00,126.78,0.12678
2024-08-31 21:00:00,107.29,0.10729000000000001
2024-08-31 22:00:00,99.85,0.09985
2024-08-31 23:00:00,89.23,0.08923
2024-09-01 00:00:00,93.76,0.09376000000000001
2024-09-01 01:00:00,85.98,0.08598
2024-09-01 02:00:00,80.37,0.08037000000000001
2024-09-01 03:00:00,80.14,0.08014
2024-09-01 04:00:00,81.2,0.08120000000000001
2024-09-01 05:00:00,80.16,0.08016
2024-09-01 06:00:00,79.49,0.07948999999999999
2024-09-01 07:00:00,73.1,0.0731
2024-09-01 08:00:00,60.63,0.06063
2024-09-01 09:00:00,41.27,0.04127
2024-09-01 10:00:00,12.73,0.01273
2024-09-01 11:00:00,-0.79,-0.00079
2024-09-01 12:00:00,-9.17,-0.00917
2024-09-01 13:00:00,-24.0,-0.024
2024-09-01 14:00:00,-19.94,-0.019940000000000003
2024-09-01 15:00:00,-4.99,-0.0049900000000000005
2024-09-01 16:00:00,25.56,0.02556
2024-09-01 17:00:00,78.28,0.07828
2024-09-01 18:00:00,109.11,0.10911
2024-09-01 19:00:00,131.6,0.1316
2024-09-01 20:00:00,123.91,0.12390999999999999
2024-09-01 21:00:00,107.63,0.10762999999999999
2024-09-01 22:00:00,102.02,0.10202
2024-09-01 23:00:00,91.5,0.0915
2024-09-02 00:00:00,91.24,0.09124
2024-09-02 01:00:00,94.77,0.09477
2024-09-02 02:00:00,92.39,0.09239
2024-09-02 03:00:00,92.51,0.09251000000000001
2024-09-02 04:00:00,91.59,0.09159
2024-09-02 05:00:00,101.52,0.10152
2024-09-02 06:00:00,114.73,0.11473
2024-09-02 07:00:00,134.95,0.13495
2024-09-02 08:00:00,131.94,0.13194
2024-09-02 09:00:00,122.64,0.12264
2024-09-02 10:00:00,102.83,0.10283
2024-09-02 11:00:00,90.82,0.09082
2024-09-02 12:00:00,85.05,0.08505
2024-09-02 13:00:00,81.19,0.08119
2024-09-02 14:00:00,83.63,0.08363
2024-09-02 15:00:00,88.24,0.08824
2024-09-02 16:00:00,93.63,0.09362999999999999
2024-09-02 17:00:00,112.88,0.11288
2024-09-02 18:00:00,137.78,0.13778
2024-09-02 19:00:00,255.4,0.2554
2024-09-02 20:00:00,212.06,0.21206
2024-09-02 21:00:00,131.9,0.13190000000000002
2024-09-02 22:00:00,114.24,0.11424
2024-09-02 23:00:00,103.84,0.10384
2024-09-03 00:00:00,99.6,0.0996
2024-09-03 01:00:00,93.1,0.09309999999999999
2024-09-03 02:00:00,91.56,0.09156
2024-09-03 03:00:00,93.27,0.09326999999999999
2024-09-03 04:00:00,96.24,0.09623999999999999
2024-09-03 05:00:00,102.68,0.10268000000000001
2024-09-03 06:00:00,137.21,0.13721
2024-09-03 07:00:00,151.06,0.15106
2024-09-03 08:00:00,133.95,0.13394999999999999
2024-09-03 09:00:00,115.98,0.11598
2024-09-03 10:00:00,98.88,0.09888
2024-09-03 11:00:00,90.02,0.09002
2024-09-03 12:00:00,84.8,0.0848
2024-09-03 13:00:00,82.69,0.08269
2024-09-03 14:00:00,84.13,0.08413
2024-09-03 15:00:00,86.67,0.08667
2024-09-03 16:00:00,91.21,0.09121
2024-09-03 17:00:00,123.93,0.12393000000000001
2024-09-03 18:00:00,300.01,0.30001
2024-09-03 19:00:00,656.37,0.65637
2024-09-03 20:00:00,520.32,0.52032
2024-09-03 21:00:00,216.97,0.21697
2024-09-03 22:00:00,133.2,0.13319999999999999
2024-09-03 23:00:00,117.56,0.11756
2024-09-04 00:00:00,108.17,0.10817
2024-09-04 01:00:00,101.02,0.10102
2024-09-04 02:00:00,99.03,0.09903
2024-09-04 03:00:00,99.98,0.09998
2024-09-04 04:00:00,99.06,0.09906000000000001
2024-09-04 05:00:00,109.37,0.10937000000000001
2024-09-04 06:00:00,144.02,0.14402
2024-09-04 07:00:00,181.16,0.18116
2024-09-04 08:00:00,155.89,0.15588999999999997
2024-09-04 09:00:00,125.29,0.12529
2024-09-04 10:00:00,107.21,0.10721
2024-09-04 11:00:00,96.06,0.09606
2024-09-04 12:00:00,92.0,0.092
2024-09-04 13:00:00,90.49,0.09049
2024-09-04 14:00:00,89.2,0.0892
2024-09-04 15:00:00,92.72,0.09272
2024-09-04 16:00:00,101.85,0.10185
2024-09-04 17:00:00,123.97,0.12397
2024-09-04 18:00:00,155.7,0.15569999999999998
2024-09-04 19:00:00,320.07,0.32006999999999997
2024-09-04 20:00:00,189.23,0.18922999999999998
2024-09-04 21:00:00,130.42,0.13041999999999998
2024-09-04 22:00:00,108.59,0.10859
2024-09-04 23:00:00,99.58,0.09958
2024-09-05 00:00:00,101.27,0.10127
2024-09-05 01:00:00,94.6,0.09459999999999999
2024-09-05 02:00:00,90.0,0.09
2024-09-05 03:00:00,87.11,0.08710999999999999
2024-09-05 04:00:00,80.92,0.08092
2024-09-05 05:00:00,84.7,0.0847
2024-09-05 06:00:00,109.05,0.10905
2024-09-05 07:00:00,113.6,0.11359999999999999
2024-09-05 08:00:00,119.04,0.11904
2024-09-05 09:00:00,97.68,0.09768
2024-09-05 10:00:00,71.04,0.07104
2024-09-05 11:00:00,0.11,0.00011
2024-09-05 12:00:00,-3.05,-0.0030499999999999998
2024-09-05 13:00:00,-11.7,-0.011699999999999999
2024-09-05 14:00:00,-19.68,-0.01968
2024-09-05 15:00:00,-7.02,-0.007019999999999999
2024-09-05 16:00:00,-0.01,-1e-05
2024-09-05 17:00:00,36.13,0.03613
2024-09-05 18:00:00,84.95,0.08495
2024-09-05 19:00:00,99.74,0.09974
2024-09-05 20:00:00,92.93,0.09293000000000001
2024-09-05 21:00:00,80.1,0.08009999999999999
2024-09-05 22:00:00,80.03,0.08003
2024-09-05 23:00:00,64.61,0.06461
2024-09-06 00:00:00,64.79,0.06479
2024-09-06 01:00:00,61.0,0.061
2024-09-06 02:00:00,51.22,0.05122
2024-09-06 03:00:00,48.58,0.04858
2024-09-06 04:00:00,57.75,0.05775
2024-09-06 05:00:00,69.86,0.06986
2024-09-06 06:00:00,93.29,0.09329000000000001
2024-09-06 07:00:00,119.48,0.11948
2024-09-06 08:00:00,120.37,0.12037
2024-09-06 09:00:00,100.09,0.10009
2024-09-06 10:00:00,80.0,0.08
2024-09-06 11:00:00,59.51,0.05951
2024-09-06 12:00:00,31.54,0.03154
2024-09-06 13:00:00,12.48,0.01248
2024-09-06 14:00:00,14.53,0.01453
2024-09-06 15:00:00,30.06,0.03006
2024-09-06 16:00:00,71.18,0.07118000000000001
2024-09-06 17:00:00,87.56,0.08756
2024-09-06 18:00:00,100.27,0.10027
2024-09-06 19:00:00,129.0,0.129
2024-09-06 20:00:00,136.49,0.13649
2024-09-06 21:00:00,99.76,0.09976
2024-09-06 22:00:00,95.36,0.09536
2024-09-06 23:00:00,92.88,0.09287999999999999
2024-09-07 00:00:00,102.47,0.10247
2024-09-07 01:00:00,96.9,0.0969
2024-09-07 02:00:00,96.3,0.0963
2024-09-07 03:00:00,95.31,0.09531
2024-09-07 04:00:00,98.29,0.09829
2024-09-07 05:00:00,101.02,0.10102
2024-09-07 06:00:00,103.88,0.10388
2024-09-07 07:00:00,104.71,0.10471
2024-09-07 08:00:00,95.44,0.09544
2024-09-07 09:00:00,84.19,0.08419
2024-09-07 10:00:00,51.52,0.05152
2024-09-07 11:00:00,14.17,0.01417
2024-09-07 12:00:00,5.48,0.0054800000000000005
2024-09-07 13:00:00,1.02,0.00102
2024-09-07 14:00:00,0.44,0.00044
2024-09-07 15:00:00,8.41,0.00841
2024-09-07 16:00:00,49.62,0.04962
2024-09-07 17:00:00,101.4,0.1014
2024-09-07 18:00:00,128.57,0.12857
2024-09-07 19:00:00,150.4,0.1504
2024-09-07 20:00:00,133.0,0.133
2024-09-07 21:00:00,101.9,0.1019
2024-09-07 22:00:00,92.32,0.09232
2024-09-07 23:00:00,89.24,0.08924
2024-09-08 00:00:00,93.91,0.09391
2024-09-08 01:00:00,86.46,0.08646
2024-09-08 02:00:00,83.68,0.08368
2024-09-08 03:00:00,82.0,0.082
2024-09-08 04:00:00,82.39,0.08239
2024-09-08 05:00:00,85.1,0.0851
2024-09-08 06:00:00,83.36,0.08336
2024-09-08 07:00:00,82.07,0.08206999999999999
2024-09-08 08:00:00,76.73,0.07673
2024-09-08 09:00:00,40.58,0.04058
2024-09-08 10:00:00,8.29,0.008289999999999999
2024-09-08 11:00:00,0.44,0.00044
2024-09-08 12:00:00,0.04,4e-05
2024-09-08 13:00:00,0.01,1e-05
2024-09-08 14:00:00,1.16,0.00116
2024-09-08 15:00:00,3.17,0.00317
2024-09-08 16:00:00,58.62,0.05862
2024-09-08 17:00:00,95.99,0.09598999999999999
2024-09-08 18:00:00,119.55,0.11955
2024-09-08 19:00:00,124.15,0.12415000000000001
2024-09-08 20:00:00,128.12,0.12812
2024-09-08 21:00:00,117.2,0.1172
2024-09-08 22:00:00,105.8,0.10579999999999999
2024-09-08 23:00:00,97.13,0.09713
2024-09-09 00:00:00,86.41,0.08641
2024-09-09 01:00:00,85.76,0.08576
2024-09-09 02:00:00,84.1,0.0841
2024-09-09 03:00:00,82.03,0.08203
2024-09-09 04:00:00,85.11,0.08511
2024-09-09 05:00:00,85.79,0.08579
2024-09-09 06:00:00,118.47,0.11846999999999999
2024-09-09 07:00:00,140.62,0.14062
2024-09-09 08:00:00,159.57,0.15957
2024-09-09 09:00:00,129.68,0.12968000000000002
2024-09-09 10:00:00,110.87,0.11087000000000001
2024-09-09 11:00:00,100.74,0.10074
2024-09-09 12:00:00,94.98,0.09498000000000001
2024-09-09 13:00:00,89.17,0.08917
2024-09-09 14:00:00,82.06,0.08206000000000001
2024-09-09 15:00:00,83.98,0.08398
2024-09-09 16:00:00,78.68,0.07868
2024-09-09 17:00:00,92.8,0.0928
2024-09-09 18:00:00,113.15,0.11315
2024-09-09 19:00:00,114.56,0.11456000000000001
2024-09-09 20:00:00,111.53,0.11153
2024-09-09 21:00:00,96.02,0.09602
2024-09-09 22:00:00,87.94,0.08794
2024-09-09 23:00:00,79.52,0.07952
2024-09-10 00:00:00,67.34,0.06734
2024-09-10 01:00:00,59.79,0.059789999999999996
2024-09-10 02:00:00,61.47,0.06147
2024-09-10 03:00:00,61.36,0.06136
2024-09-10 04:00:00,67.3,0.0673
2024-09-10 05:00:00,80.92,0.08092
2024-09-10 06:00:00,103.12,0.10312
2024-09-10 07:00:00,129.9,0.12990000000000002
2024-09-10 08:00:00,114.94,0.11494
2024-09-10 09:00:00,100.0,0.1
2024-09-10 10:00:00,59.92,0.05992
2024-09-10 11:00:00,9.52,0.009519999999999999
2024-09-10 12:00:00,0.04,4e-05
2024-09-10 13:00:00,-0.07,-7.000000000000001e-05
2024-09-10 14:00:00,-0.16,-0.00016
2024-09-10 15:00:00,-0.04,-4e-05
2024-09-10 16:00:00,0.22,0.00022
2024-09-10 17:00:00,21.77,0.02177
2024-09-10 18:00:00,80.4,0.0804
2024-09-10 19:00:00,92.91,0.09290999999999999
2024-09-10 20:00:00,83.25,0.08325
2024-09-10 21:00:00,82.02,0.08202
2024-09-10 22:00:00,76.63,0.07662999999999999
2024-09-10 23:00:00,64.38,0.06437999999999999
2024-09-11 00:00:00,40.0,0.04
2024-09-11 01:00:00,39.91,0.039909999999999994
2024-09-11 02:00:00,32.99,0.032990000000000005
2024-09-11 03:00:00,33.73,0.033729999999999996
2024-09-11 04:00:00,38.93,0.03893
2024-09-11 05:00:00,61.56,0.061560000000000004
2024-09-11 06:00:00,86.79,0.08679
2024-09-11 07:00:00,97.55,0.09755
2024-09-11 08:00:00,110.72,0.11072
2024-09-11 09:00:00,97.6,0.09759999999999999
2024-09-11 10:00:00,76.81,0.07681
2024-09-11 11:00:00,67.51,0.06751
2024-09-11 12:00:00,62.45,0.062450000000000006
2024-09-11 13:00:00,63.85,0.06385
2024-09-11 14:00:00,69.0,0.069
2024-09-11 15:00:00,69.05,0.06905
2024-09-11 16:00:00,76.75,0.07675
2024-09-11 17:00:00,101.39,0.10139
2024-09-11 18:00:00,115.14,0.11514
2024-09-11 19:00:00,142.86,0.14286000000000001
2024-09-11 20:00:00,138.36,0.13836
2024-09-11 21:00:00,115.14,0.11514
2024-09-11 22:00:00,102.97,0.10296999999999999
2024-09-11 23:00:00,101.49,0.10149
2024-09-12 00:00:00,90.06,0.09006
2024-09-12 01:00:00,84.1,0.0841
2024-09-12 02:00:00,83.93,0.08393
2024-09-12 03:00:00,83.45,0.08345
2024-09-12 04:00:00,85.02,0.08502
2024-09-12 05:00:00,86.92,0.08692
2024-09-12 06:00:00,107.96,0.10796
2024-09-12 07:00:00,134.94,0.13494
2024-09-12 08:00:00,135.94,0.13594
2024-09-12 09:00:00,103.36,0.10336
2024-09-12 10:00:00,85.0,0.085
2024-09-12 11:00:00,80.41,0.08041
2024-09-12 12:00:00,78.62,0.07862000000000001
2024-09-12 13:00:00,78.23,0.07823000000000001
2024-09-12 14:00:00,80.11,0.08011
2024-09-12 15:00:00,84.93,0.08493
2024-09-12 16:00:00,91.67,0.09167
2024-09-12 17:00:00,109.74,0.10973999999999999
2024-09-12 18:00:00,145.19,0.14518999999999999
2024-09-12 19:00:00,300.01,0.30001
2024-09-12 20:00:00,250.02,0.25002
2024-09-12 21:00:00,125.0,0.125
2024-09-12 22:00:00,99.47,0.09947
2024-09-12 23:00:00,92.04,0.09204000000000001
2024-09-13 00:00:00,99.97,0.09997
2024-09-13 01:00:00,91.52,0.09151999999999999
2024-09-13 02:00:00,87.31,0.08731
2024-09-13 03:00:00,86.76,0.08676
2024-09-13 04:00:00,84.63,0.08463
2024-09-13 05:00:00,87.92,0.08792
2024-09-13 06:00:00,100.49,0.10049
2024-09-13 07:00:00,119.96,0.11996
2024-09-13 08:00:00,132.24,0.13224
2024-09-13 09:00:00,116.24,0.11624
2024-09-13 10:00:00,102.54,0.10254
2024-09-13 11:00:00,94.99,0.09498999999999999
2024-09-13 12:00:00,88.55,0.08855
2024-09-13 13:00:00,77.5,0.0775
2024-09-13 14:00:00,66.96,0.06695999999999999
2024-09-13 15:00:00,72.2,0.0722
2024-09-13 16:00:00,74.3,0.07429999999999999
2024-09-13 17:00:00,79.85,0.07984999999999999
2024-09-13 18:00:00,96.47,0.09647
2024-09-13 19:00:00,100.0,0.1
2024-09-13 20:00:00,94.25,0.09425
2024-09-13 21:00:00,84.57,0.08456999999999999
2024-09-13 22:00:00,79.3,0.0793
2024-09-13 23:00:00,60.99,0.06099
2024-09-14 00:00:00,55.61,0.05561
2024-09-14 01:00:00,50.01,0.05001
2024-09-14 02:00:00,43.33,0.04333
2024-09-14 03:00:00,45.18,0.04518
2024-09-14 04:00:00,46.7,0.046700000000000005
2024-09-14 05:00:00,44.27,0.044270000000000004
2024-09-14 06:00:00,55.35,0.05535
2024-09-14 07:00:00,65.0,0.065
2024-09-14 08:00:00,75.54,0.07554000000000001
2024-09-14 09:00:00,66.6,0.06659999999999999
2024-09-14 10:00:00,41.02,0.04102
2024-09-14 11:00:00,8.08,0.00808
2024-09-14 12:00:00,0.86,0.00086
2024-09-14 13:00:00,-0.06,-5.9999999999999995e-05
2024-09-14 14:00:00,-0.46,-0.00046
2024-09-14 15:00:00,-0.07,-7.000000000000001e-05
2024-09-14 16:00:00,9.54,0.00954
2024-09-14 17:00:00,65.09,0.06509000000000001
2024-09-14 18:00:00,94.39,0.09439
2024-09-14 19:00:00,126.58,0.12658
2024-09-14 20:00:00,117.85,0.11785
2024-09-14 21:00:00,103.09,0.10309
2024-09-14 22:00:00,93.75,0.09375
2024-09-14 23:00:00,84.76,0.08476
2024-09-15 00:00:00,78.11,0.07811
2024-09-15 01:00:00,70.07,0.07007
2024-09-15 02:00:00,66.6,0.06659999999999999
2024-09-15 03:00:00,67.15,0.06715
2024-09-15 04:00:00,63.66,0.06366
2024-09-15 05:00:00,65.61,0.06561
2024-09-15 06:00:00,69.18,0.06918
2024-09-15 07:00:00,85.42,0.08542
2024-09-15 08:00:00,76.96,0.07696
2024-09-15 09:00:00,54.07,0.05407
2024-09-15 10:00:00,10.92,0.01092
2024-09-15 11:00:00,0.07,7.000000000000001e-05
2024-09-15 12:00:00,0.0,0.0
2024-09-15 13:00:00,-0.01,-1e-05
2024-09-15 14:00:00,-0.41,-0.00041
2024-09-15 15:00:00,-0.27,-0.00027
2024-09-15 16:00:00,19.7,0.0197
2024-09-15 17:00:00,82.25,0.08225
2024-09-15 18:00:00,112.8,0.1128
2024-09-15 19:00:00,133.16,0.13316
2024-09-15 20:00:00,123.6,0.12359999999999999
2024-09-15 21:00:00,112.68,0.11268
2024-09-15 22:00:00,107.11,0.10711
2024-09-15 23:00:00,92.6,0.09259999999999999
2024-09-16 00:00:00,92.99,0.09298999999999999
2024-09-16 01:00:00,88.14,0.08814
2024-09-16 02:00:00,87.26,0.08726
2024-09-16 03:00:00,84.93,0.08493
2024-09-16 04:00:00,84.34,0.08434
2024-09-16 05:00:00,88.31,0.08831
2024-09-16 06:00:00,110.97,0.11097
2024-09-16 07:00:00,130.0,0.13
2024-09-16 08:00:00,146.06,0.14606
2024-09-16 09:00:00,126.4,0.1264
2024-09-16 10:00:00,112.63,0.11263
2024-09-16 11:00:00,105.02,0.10502
2024-09-16 12:00:00,96.02,0.09602
2024-09-16 13:00:00,86.89,0.08689
2024-09-16 14:00:00,80.86,0.08086
2024-09-16 15:00:00,75.37,0.07537
2024-09-16 16:00:00,76.3,0.07629999999999999
2024-09-16 17:00:00,86.98,0.08698
2024-09-16 18:00:00,107.87,0.10787000000000001
2024-09-16 19:00:00,112.57,0.11256999999999999
2024-09-16 20:00:00,109.01,0.10901000000000001
2024-09-16 21:00:00,90.1,0.0901
2024-09-16 22:00:00,78.81,0.07881
2024-09-16 23:00:00,81.53,0.08153
2024-09-17 00:00:00,85.54,0.08554
2024-09-17 01:00:00,82.3,0.0823
2024-09-17 02:00:00,80.51,0.08051
2024-09-17 03:00:00,79.84,0.07984000000000001
2024-09-17 04:00:00,80.04,0.08004
2024-09-17 05:00:00,91.52,0.09151999999999999
2024-09-17 06:00:00,108.32,0.10832
2024-09-17 07:00:00,133.94,0.13394
2024-09-17 08:00:00,137.52,0.13752
2024-09-17 09:00:00,108.91,0.10890999999999999
2024-09-17 10:00:00,96.52,0.09652
2024-09-17 11:00:00,82.39,0.08239
2024-09-17 12:00:00,59.81,0.05981
2024-09-17 13:00:00,41.77,0.04177
2024-09-17 14:00:00,25.64,0.02564
2024-09-17 15:00:00,44.44,0.04444
2024-09-17 16:00:00,74.29,0.07429000000000001
2024-09-17 17:00:00,93.5,0.0935
2024-09-17 18:00:00,112.99,0.11299
2024-09-17 19:00:00,132.53,0.13253
2024-09-17 20:00:00,111.24,0.11123999999999999
2024-09-17 21:00:00,96.12,0.09612000000000001
2024-09-17 22:00:00,89.94,0.08993999999999999
2024-09-17 23:00:00,83.84,0.08384
2024-09-18 00:00:00,85.16,0.08516
2024-09-18 01:00:00,80.94,0.08094
2024-09-18 02:00:00,83.71,0.08370999999999999
2024-09-18 03:00:00,83.67,0.08367000000000001
2024-09-18 04:00:00,82.51,0.08251
2024-09-18 05:00:00,89.92,0.08992
2024-09-18 06:00:00,105.09,0.10509
2024-09-18 07:00:00,141.92,0.14192
2024-09-18 08:00:00,133.07,0.13307
2024-09-18 09:00:00,102.44,0.10244
2024-09-18 10:00:00,79.0,0.079
2024-09-18 11:00:00,55.32,0.05532
2024-09-18 12:00:00,5.49,0.00549
2024-09-18 13:00:00,0.0,0.0
2024-09-18 14:00:00,-0.09,-8.999999999999999e-05
2024-09-18 15:00:00,1.04,0.0010400000000000001
2024-09-18 16:00:00,40.05,0.040049999999999995
2024-09-18 17:00:00,87.52,0.08752
2024-09-18 18:00:00,113.91,0.11391
2024-09-18 19:00:00,129.92,0.12991999999999998
2024-09-18 20:00:00,108.2,0.1082
2024-09-18 21:00:00,93.25,0.09325
2024-09-18 22:00:00,89.92,0.08992
2024-09-18 23:00:00,79.49,0.07948999999999999
2024-09-19 00:00:00,76.4,0.07640000000000001
2024-09-19 01:00:00,77.53,0.07753
2024-09-19 02:00:00,78.03,0.07803
2024-09-19 03:00:00,77.35,0.07734999999999999
2024-09-19 04:00:00,79.26,0.07926000000000001
2024-09-19 05:00:00,89.99,0.08999
2024-09-19 06:00:00,113.47,0.11347
2024-09-19 07:00:00,143.24,0.14324
2024-09-19 08:00:00,124.12,0.12412000000000001
2024-09-19 09:00:00,97.64,0.09764
2024-09-19 10:00:00,74.81,0.07481
2024-09-19 11:00:00,50.41,0.050409999999999996
2024-09-19 12:00:00,4.97,0.00497
2024-09-19 13:00:00,-0.06,-5.9999999999999995e-05
2024-09-19 14:00:00,-0.09,-8.999999999999999e-05
2024-09-19 15:00:00,10.91,0.01091
2024-09-19 16:00:00,58.55,0.05855
2024-09-19 17:00:00,91.05,0.09104999999999999
2024-09-19 18:00:00,114.53,0.11453
2024-09-19 19:00:00,134.3,0.1343
2024-09-19 20:00:00,113.5,0.1135
2024-09-19 21:00:00,91.1,0.0911
2024-09-19 22:00:00,88.97,0.08897
2024-09-19 23:00:00,78.87,0.07887000000000001
2024-09-20 00:00:00,72.61,0.07261
2024-09-20 01:00:00,74.04,0.07404000000000001
2024-09-20 02:00:00,73.42,0.07342
2024-09-20 03:00:00,73.17,0.07317
2024-09-20 04:00:00,74.52,0.07452
2024-09-20 05:00:00,89.09,0.08909
2024-09-20 06:00:00,108.06,0.10806
2024-09-20 07:00:00,141.45,0.14145
2024-09-20 08:00:00,108.6,0.10859999999999999
2024-09-20 09:00:00,88.92,0.08892
2024-09-20 10:00:00,62.05,0.062049999999999994
2024-09-20 11:00:00,24.69,0.02469
2024-09-20 12:00:00,8.24,0.00824
2024-09-20 13:00:00,-0.01,-1e-05
2024-09-20 14:00:00,0.07,7.000000000000001e-05
2024-09-20 15:00:00,7.56,0.00756
2024-09-20 16:00:00,43.68,0.04368
2024-09-20 17:00:00,84.12,0.08412
2024-09-20 18:00:00,106.01,0.10601000000000001
2024-09-20 19:00:00,145.72,0.14572
2024-09-20 20:00:00,108.84,0.10884
2024-09-20 21:00:00,91.07,0.09107
2024-09-20 22:00:00,87.8,0.0878
2024-09-20 23:00:00,87.08,0.08708
2024-09-21 00:00:00,88.29,0.08829000000000001
2024-09-21 01:00:00,85.3,0.0853
2024-09-21 02:00:00,82.0,0.082
2024-09-21 03:00:00,82.19,0.08219
2024-09-21 04:00:00,86.38,0.08638
2024-09-21 05:00:00,89.48,0.08948
2024-09-21 06:00:00,99.69,0.09969
2024-09-21 07:00:00,97.76,0.09776
2024-09-21 08:00:00,85.3,0.0853
2024-09-21 09:00:00,60.99,0.06099
2024-09-21 10:00:00,22.0,0.022
2024-09-21 11:00:00,3.15,0.00315
2024-09-21 12:00:00,0.0,0.0
2024-09-21 13:00:00,-3.36,-0.0033599999999999997
2024-09-21 14:00:00,-3.95,-0.00395
2024-09-21 15:00:00,1.09,0.00109
2024-09-21 16:00:00,47.26,0.047259999999999996
2024-09-21 17:00:00,97.19,0.09719
2024-09-21 18:00:00,127.5,0.1275
2024-09-21 19:00:00,141.99,0.14199
2024-09-21 20:00:00,112.5,0.1125
2024-09-21 21:00:00,95.93,0.09593
2024-09-21 22:00:00,93.6,0.09359999999999999
2024-09-21 23:00:00,88.3,0.0883
2024-09-22 00:00:00,97.73,0.09773
2024-09-22 01:00:00,90.05,0.09004999999999999
2024-09-22 02:00:00,89.99,0.08999
2024-09-22 03:00:00,89.5,0.0895
2024-09-22 04:00:00,90.75,0.09075
2024-09-22 05:00:00,90.65,0.09065000000000001
2024-09-22 06:00:00,94.88,0.09487999999999999
2024-09-22 07:00:00,97.31,0.09731000000000001
2024-09-22 08:00:00,86.48,0.08648
2024-09-22 09:00:00,62.79,0.06279
2024-09-22 10:00:00,26.17,0.026170000000000002
2024-09-22 11:00:00,11.13,0.011130000000000001
2024-09-22 12:00:00,7.69,0.007690000000000001
2024-09-22 13:00:00,-0.08,-8e-05
2024-09-22 14:00:00,0.01,1e-05
2024-09-22 15:00:00,9.66,0.00966
2024-09-22 16:00:00,61.6,0.0616
2024-09-22 17:00:00,106.27,0.10626999999999999
2024-09-22 18:00:00,132.23,0.13223
2024-09-22 19:00:00,157.18,0.15718000000000001
2024-09-22 20:00:00,126.11,0.12611
2024-09-22 21:00:00,109.54,0.10954000000000001
2024-09-22 22:00:00,98.72,0.09872
2024-09-22 23:00:00,92.0,0.092
2024-09-23 00:00:00,90.8,0.09079999999999999
2024-09-23 01:00:00,84.08,0.08408
2024-09-23 02:00:00,85.2,0.0852
2024-09-23 03:00:00,87.15,0.08715
2024-09-23 04:00:00,86.93,0.08693000000000001
2024-09-23 05:00:00,97.3,0.0973
2024-09-23 06:00:00,133.4,0.13340000000000002
2024-09-23 07:00:00,203.73,0.20373
2024-09-23 08:00:00,151.33,0.15133000000000002
2024-09-23 09:00:00,109.99,0.10998999999999999
2024-09-23 10:00:00,94.66,0.09466
2024-09-23 11:00:00,80.16,0.08016
2024-09-23 12:00:00,78.94,0.07894
2024-09-23 13:00:00,76.55,0.07654999999999999
2024-09-23 14:00:00,76.77,0.07676999999999999
2024-09-23 15:00:00,80.98,0.08098000000000001
2024-09-23 16:00:00,102.25,0.10225
2024-09-23 17:00:00,136.01,0.13601
2024-09-23 18:00:00,240.26,0.24026
2024-09-23 19:00:00,328.39,0.32838999999999996
2024-09-23 20:00:00,178.64,0.17864
2024-09-23 21:00:00,116.71,0.11671
2024-09-23 22:00:00,100.93,0.10093
2024-09-23 23:00:00,91.54,0.09154000000000001
2024-09-24 00:00:00,88.2,0.0882
2024-09-24 01:00:00,82.51,0.08251
2024-09-24 02:00:00,83.69,0.08369
2024-09-24 03:00:00,85.02,0.08502
2024-09-24 04:00:00,83.26,0.08326
2024-09-24 05:00:00,88.29,0.08829000000000001
2024-09-24 06:00:00,110.75,0.11075
2024-09-24 07:00:00,141.96,0.14196
2024-09-24 08:00:00,127.4,0.1274
2024-09-24 09:00:00,106.02,0.10601999999999999
2024-09-24 10:00:00,92.61,0.09261
2024-09-24 11:00:00,83.87,0.08387
2024-09-24 12:00:00,75.75,0.07575
2024-09-24 13:00:00,68.99,0.06899
2024-09-24 14:00:00,61.59,0.061590000000000006
2024-09-24 15:00:00,74.94,0.07493999999999999
2024-09-24 16:00:00,83.27,0.08327
2024-09-24 17:00:00,104.04,0.10404000000000001
2024-09-24 18:00:00,119.05,0.11905
2024-09-24 19:00:00,124.13,0.12412999999999999
2024-09-24 20:00:00,101.7,0.1017
2024-09-24 21:00:00,80.44,0.08044
2024-09-24 22:00:00,74.48,0.07448
2024-09-24 23:00:00,60.58,0.060579999999999995
2024-09-25 00:00:00,51.48,0.05148
2024-09-25 01:00:00,42.18,0.04218
2024-09-25 02:00:00,39.2,0.039200000000000006
2024-09-25 03:00:00,39.45,0.039450000000000006
2024-09-25 04:00:00,54.77,0.054770000000000006
2024-09-25 05:00:00,63.95,0.06395
2024-09-25 06:00:00,78.34,0.07834
2024-09-25 07:00:00,83.77,0.08377
2024-09-25 08:00:00,88.15,0.08815
2024-09-25 09:00:00,70.32,0.07032
2024-09-25 10:00:00,49.46,0.049460000000000004
2024-09-25 11:00:00,25.24,0.02524
2024-09-25 12:00:00,19.1,0.019100000000000002
2024-09-25 13:00:00,18.78,0.01878
2024-09-25 14:00:00,55.53,0.05553
2024-09-25 15:00:00,72.23,0.07223
2024-09-25 16:00:00,89.69,0.08968999999999999
2024-09-25 17:00:00,107.85,0.10784999999999999
2024-09-25 18:00:00,156.2,0.15619999999999998
2024-09-25 19:00:00,195.42,0.19541999999999998
2024-09-25 20:00:00,131.84,0.13184
2024-09-25 21:00:00,96.61,0.09661
2024-09-25 22:00:00,91.64,0.09164
2024-09-25 23:00:00,82.22,0.08222
2024-09-26 00:00:00,66.02,0.06602
2024-09-26 01:00:00,58.78,0.05878
2024-09-26 02:00:00,52.34,0.052340000000000005
2024-09-26 03:00:00,49.87,0.04987
2024-09-26 04:00:00,45.53,0.04553
2024-09-26 05:00:00,49.71,0.049710000000000004
2024-09-26 06:00:00,72.03,0.07203
2024-09-26 07:00:00,85.2,0.0852
2024-09-26 08:00:00,83.4,0.0834
2024-09-26 09:00:00,67.33,0.06733
2024-09-26 10:00:00,49.23,0.049229999999999996
2024-09-26 11:00:00,31.62,0.03162
2024-09-26 12:00:00,17.0,0.017
2024-09-26 13:00:00,12.08,0.01208
2024-09-26 14:00:00,12.68,0.01268
2024-09-26 15:00:00,37.9,0.037899999999999996
2024-09-26 16:00:00,54.91,0.054909999999999994
2024-09-26 17:00:00,73.65,0.07365000000000001
2024-09-26 18:00:00,80.0,0.08
2024-09-26 19:00:00,89.0,0.089
2024-09-26 20:00:00,78.93,0.07893
2024-09-26 21:00:00,62.84,0.06284000000000001
2024-09-26 22:00:00,53.72,0.05372
2024-09-26 23:00:00,36.3,0.0363
2024-09-27 00:00:00,-0.06,-5.9999999999999995e-05
2024-09-27 01:00:00,0.04,4e-05
2024-09-27 02:00:00,-0.01,-1e-05
2024-09-27 03:00:00,-0.59,-0.0005899999999999999
2024-09-27 04:00:00,-0.2,-0.0002
2024-09-27 05:00:00,-0.03,-2.9999999999999997e-05
2024-09-27 06:00:00,0.0,0.0
2024-09-27 07:00:00,25.92,0.025920000000000002
2024-09-27 08:00:00,39.92,0.039920000000000004
2024-09-27 09:00:00,5.53,0.00553
2024-09-27 10:00:00,-0.09,-8.999999999999999e-05
2024-09-27 11:00:00,-3.75,-0.00375
2024-09-27 12:00:00,-5.56,-0.00556
2024-09-27 13:00:00,-6.32,-0.00632
2024-09-27 14:00:00,-5.05,-0.00505
2024-09-27 15:00:00,-0.11,-0.00011
2024-09-27 16:00:00,0.0,0.0
2024-09-27 17:00:00,37.83,0.037829999999999996
2024-09-27 18:00:00,62.55,0.06255
2024-09-27 19:00:00,60.47,0.060469999999999996
2024-09-27 20:00:00,59.57,0.05957
2024-09-27 21:00:00,33.09,0.03309
2024-09-27 22:00:00,26.03,0.02603
2024-09-27 23:00:00,25.0,0.025
2024-09-28 00:00:00,1.77,0.00177
2024-09-28 01:00:00,3.03,0.0030299999999999997
2024-09-28 02:00:00,3.29,0.00329
2024-09-28 03:00:00,3.16,0.00316
2024-09-28 04:00:00,3.27,0.00327
2024-09-28 05:00:00,4.15,0.00415
2024-09-28 06:00:00,11.96,0.01196
2024-09-28 07:00:00,22.28,0.02228
2024-09-28 08:00:00,26.21,0.02621
2024-09-28 09:00:00,18.91,0.01891
2024-09-28 10:00:00,9.75,0.00975
2024-09-28 11:00:00,3.78,0.00378
2024-09-28 12:00:00,0.65,0.00065
2024-09-28 13:00:00,0.0,0.0
2024-09-28 14:00:00,0.0,0.0
2024-09-28 15:00:00,0.06,5.9999999999999995e-05
2024-09-28 16:00:00,9.82,0.00982
2024-09-28 17:00:00,63.23,0.06323
2024-09-28 18:00:00,80.28,0.08028
2024-09-28 19:00:00,100.08,0.10008
2024-09-28 20:00:00,96.31,0.09631
2024-09-28 21:00:00,80.7,0.08070000000000001
2024-09-28 22:00:00,80.28,0.08028
2024-09-28 23:00:00,74.73,0.07473
2024-09-29 00:00:00,60.66,0.06066
2024-09-29 01:00:00,45.5,0.0455
2024-09-29 02:00:00,44.16,0.04416
2024-09-29 03:00:00,43.35,0.04335
2024-09-29 04:00:00,57.74,0.05774
2024-09-29 05:00:00,73.63,0.07363
2024-09-29 06:00:00,77.0,0.077
2024-09-29 07:00:00,98.0,0.098
2024-09-29 08:00:00,96.88,0.09688
2024-09-29 09:00:00,54.43,0.05443
2024-09-29 10:00:00,1.33,0.00133
2024-09-29 11:00:00,0.0,0.0
2024-09-29 12:00:00,-0.01,-1e-05
2024-09-29 13:00:00,-0.5,-0.0005
2024-09-29 14:00:00,-0.45,-0.00045
2024-09-29 15:00:00,0.0,0.0
2024-09-29 16:00:00,43.24,0.04324
2024-09-29 17:00:00,94.01,0.09401000000000001
2024-09-29 18:00:00,152.59,0.15259
2024-09-29 19:00:00,167.32,0.16732
2024-09-29 20:00:00,109.61,0.10961
2024-09-29 21:00:00,80.13,0.08012999999999999
2024-09-29 22:00:00,64.3,0.0643
2024-09-29 23:00:00,37.39,0.03739
2024-09-30 00:00:00,19.0,0.019
2024-09-30 01:00:00,11.45,0.01145
2024-09-30 02:00:00,8.4,0.008400000000000001
2024-09-30 03:00:00,5.53,0.00553
2024-09-30 04:00:00,5.61,0.00561
2024-09-30 05:00:00,16.98,0.016980000000000002
2024-09-30 06:00:00,45.64,0.04564
2024-09-30 07:00:00,90.42,0.09042
2024-09-30 08:00:00,93.55,0.09355
2024-09-30 09:00:00,68.46,0.06846
2024-09-30 10:00:00,44.41,0.04441
2024-09-30 11:00:00,20.91,0.02091
2024-09-30 12:00:00,9.28,0.00928
2024-09-30 13:00:00,2.06,0.00206
2024-09-30 14:00:00,7.63,0.00763
2024-09-30 15:00:00,21.96,0.02196
2024-09-30 16:00:00,35.13,0.03513
2024-09-30 17:00:00,64.6,0.06459999999999999
2024-09-30 18:00:00,70.36,0.07036
2024-09-30 19:00:00,64.24,0.06423999999999999
2024-09-30 20:00:00,42.35,0.04235
2024-09-30 21:00:00,21.93,0.021929999999999998
2024-09-30 22:00:00,20.01,0.02001
2024-09-30 23:00:00,9.84,0.00984
2024-10-01 00:00:00,3.21,0.00321
2024-10-01 01:00:00,0.07,7.000000000000001e-05
2024-10-01 02:00:00,0.05,5e-05
2024-10-01 03:00:00,0.02,2e-05
2024-10-01 04:00:00,0.09,8.999999999999999e-05
2024-10-01 05:00:00,6.8,0.0068
2024-10-01 06:00:00,63.96,0.06396
2024-10-01 07:00:00,103.35,0.10335
2024-10-01 08:00:00,114.98,0.11498
2024-10-01 09:00:00,100.41,0.10041
2024-10-01 10:00:00,76.48,0.07648
2024-10-01 11:00:00,68.21,0.06820999999999999
2024-10-01 12:00:00,58.6,0.0586
2024-10-01 13:00:00,55.66,0.055659999999999994
2024-10-01 14:00:00,56.51,0.05651
2024-10-01 15:00:00,62.18,0.06218
2024-10-01 16:00:00,98.94,0.09894
2024-10-01 17:00:00,109.58,0.10958
2024-10-01 18:00:00,133.9,0.13390000000000002
2024-10-01 19:00:00,136.51,0.13651
2024-10-01 20:00:00,118.54,0.11854
2024-10-01 21:00:00,92.3,0.0923
2024-10-01 22:00:00,91.45,0.09145
2024-10-01 23:00:00,76.24,0.07623999999999999
2024-10-02 00:00:00,85.44,0.08544
2024-10-02 01:00:00,80.88,0.08088
2024-10-02 02:00:00,77.09,0.07709
2024-10-02 03:00:00,74.93,0.07493000000000001
2024-10-02 04:00:00,77.14,0.07714
2024-10-02 05:00:00,81.1,0.08109999999999999
2024-10-02 06:00:00,96.53,0.09653
2024-10-02 07:00:00,118.83,0.11883
2024-10-02 08:00:00,135.7,0.1357
2024-10-02 09:00:00,117.59,0.11759
2024-10-02 10:00:00,103.21,0.10321
2024-10-02 11:00:00,96.52,0.09652
2024-10-02 12:00:00,90.45,0.09045
2024-10-02 13:00:00,86.44,0.08644
2024-10-02 14:00:00,78.87,0.07887000000000001
2024-10-02 15:00:00,82.07,0.08206999999999999
2024-10-02 16:00:00,81.51,0.08151
2024-10-02 17:00:00,100.1,0.1001
2024-10-02 18:00:00,117.01,0.11701
2024-10-02 19:00:00,130.07,0.13007
2024-10-02 20:00:00,114.37,0.11437
2024-10-02 21:00:00,96.54,0.09654
2024-10-02 22:00:00,93.3,0.0933
2024-10-02 23:00:00,85.0,0.085
2024-10-03 00:00:00,67.33,0.06733
2024-10-03 01:00:00,65.86,0.06586
2024-10-03 02:00:00,65.14,0.06514
2024-10-03 03:00:00,64.18,0.06418
2024-10-03 04:00:00,63.98,0.06398
2024-10-03 05:00:00,64.4,0.0644
2024-10-03 06:00:00,65.43,0.06543
2024-10-03 07:00:00,73.37,0.07337
2024-10-03 08:00:00,76.67,0.07667
2024-10-03 09:00:00,72.9,0.0729
2024-10-03 10:00:00,69.28,0.06928
2024-10-03 11:00:00,63.04,0.06304
2024-10-03 12:00:00,47.09,0.04709000000000001
2024-10-03 13:00:00,33.98,0.033979999999999996
2024-10-03 14:00:00,39.14,0.03914
2024-10-03 15:00:00,51.36,0.05136
2024-10-03 16:00:00,66.04,0.06604
2024-10-03 17:00:00,89.7,0.0897
2024-10-03 18:00:00,110.07,0.11006999999999999
2024-10-03 19:00:00,115.32,0.11531999999999999
2024-10-03 20:00:00,108.28,0.10828
2024-10-03 21:00:00,98.76,0.09876
2024-10-03 22:00:00,90.96,0.09096
2024-10-03 23:00:00,81.46,0.08145999999999999
2024-10-04 00:00:00,73.9,0.07390000000000001
2024-10-04 01:00:00,72.52,0.07252
2024-10-04 02:00:00,72.1,0.0721
2024-10-04 03:00:00,72.0,0.072
2024-10-04 04:00:00,72.33,0.07232999999999999
2024-10-04 05:00:00,77.1,0.07709999999999999
2024-10-04 06:00:00,103.0,0.103
2024-10-04 07:00:00,126.54,0.12654
2024-10-04 08:00:00,141.42,0.14142
2024-10-04 09:00:00,116.27,0.11627
2024-10-04 10:00:00,100.09,0.10009
2024-10-04 11:00:00,85.0,0.085
2024-10-04 12:00:00,75.07,0.07507
2024-10-04 13:00:00,73.49,0.07349
2024-10-04 14:00:00,75.82,0.07582
2024-10-04 15:00:00,79.07,0.07906999999999999
2024-10-04 16:00:00,89.8,0.08979999999999999
2024-10-04 17:00:00,107.1,0.1071
2024-10-04 18:00:00,131.97,0.13197
2024-10-04 19:00:00,149.02,0.14902
2024-10-04 20:00:00,123.7,0.1237
2024-10-04 21:00:00,99.9,0.0999
2024-10-04 22:00:00,99.9,0.0999
2024-10-04 23:00:00,90.0,0.09
2024-10-05 00:00:00,93.1,0.09309999999999999
2024-10-05 01:00:00,84.64,0.08464
2024-10-05 02:00:00,81.4,0.0814
2024-10-05 03:00:00,75.54,0.07554000000000001
2024-10-05 04:00:00,75.72,0.07572
2024-10-05 05:00:00,79.82,0.07981999999999999
2024-10-05 06:00:00,86.2,0.0862
2024-10-05 07:00:00,100.4,0.1004
2024-10-05 08:00:00,110.62,0.11062000000000001
2024-10-05 09:00:00,103.0,0.103
2024-10-05 10:00:00,82.42,0.08242000000000001
2024-10-05 11:00:00,68.27,0.06827
2024-10-05 12:00:00,51.44,0.05144
2024-10-05 13:00:00,38.88,0.038880000000000005
2024-10-05 14:00:00,43.49,0.04349
2024-10-05 15:00:00,62.92,0.06292
2024-10-05 16:00:00,77.12,0.07712000000000001
2024-10-05 17:00:00,99.48,0.09948
2024-10-05 18:00:00,148.65,0.14865
2024-10-05 19:00:00,143.28,0.14328
2024-10-05 20:00:00,107.23,0.10723
2024-10-05 21:00:00,96.56,0.09656
2024-10-05 22:00:00,85.23,0.08523
2024-10-05 23:00:00,67.0,0.067
2024-10-06 00:00:00,67.04,0.06704
2024-10-06 01:00:00,63.97,0.06397
2024-10-06 02:00:00,62.83,0.06283
2024-10-06 03:00:00,63.35,0.06335
2024-10-06 04:00:00,62.71,0.06271
2024-10-06 05:00:00,63.97,0.06397
2024-10-06 06:00:00,63.41,0.06341
2024-10-06 07:00:00,72.81,0.07281
2024-10-06 08:00:00,77.2,0.0772
2024-10-06 09:00:00,66.06,0.06606000000000001
2024-10-06 10:00:00,35.28,0.03528
2024-10-06 11:00:00,16.68,0.01668
2024-10-06 12:00:00,5.25,0.00525
2024-10-06 13:00:00,-0.01,-1e-05
2024-10-06 14:00:00,-0.01,-1e-05
2024-10-06 15:00:00,0.2,0.0002
2024-10-06 16:00:00,59.6,0.0596
2024-10-06 17:00:00,90.94,0.09094
2024-10-06 18:00:00,106.3,0.10629999999999999
2024-10-06 19:00:00,97.22,0.09722
2024-10-06 20:00:00,72.98,0.07298
2024-10-06 21:00:00,59.37,0.05937
2024-10-06 22:00:00,58.69,0.05869
2024-10-06 23:00:00,51.71,0.05171
2024-10-07 00:00:00,34.58,0.03458
2024-10-07 01:00:00,35.34,0.03534
2024-10-07 02:00:00,33.25,0.03325
2024-10-07 03:00:00,30.15,0.03015
2024-10-07 04:00:00,36.09,0.036090000000000004
2024-10-07 05:00:00,46.73,0.046729999999999994
2024-10-07 06:00:00,67.59,0.06759
2024-10-07 07:00:00,100.92,0.10092
2024-10-07 08:00:00,108.32,0.10832
2024-10-07 09:00:00,91.86,0.09186
2024-10-07 10:00:00,66.09,0.06609000000000001
2024-10-07 11:00:00,60.22,0.060219999999999996
2024-10-07 12:00:00,54.11,0.05411
2024-10-07 13:00:00,43.29,0.04329
2024-10-07 14:00:00,55.0,0.055
2024-10-07 15:00:00,67.01,0.06701
2024-10-07 16:00:00,97.9,0.0979
2024-10-07 17:00:00,120.71,0.12071
2024-10-07 18:00:00,237.65,0.23765
2024-10-07 19:00:00,229.53,0.22953
2024-10-07 20:00:00,121.98,0.12198
2024-10-07 21:00:00,99.93,0.09993
2024-10-07 22:00:00,91.91,0.09190999999999999
2024-10-07 23:00:00,79.12,0.07912000000000001
2024-10-08 00:00:00,72.33,0.07232999999999999
2024-10-08 01:00:00,67.07,0.06706999999999999
2024-10-08 02:00:00,63.99,0.06399
2024-10-08 03:00:00,59.67,0.05967
2024-10-08 04:00:00,59.69,0.05969
2024-10-08 05:00:00,67.43,0.06743
2024-10-08 06:00:00,85.97,0.08597
2024-10-08 07:00:00,110.37,0.11037000000000001
2024-10-08 08:00:00,106.24,0.10624
2024-10-08 09:00:00,85.0,0.085
2024-10-08 10:00:00,80.33,0.08033
2024-10-08 11:00:00,80.5,0.0805
2024-10-08 12:00:00,76.0,0.076
2024-10-08 13:00:00,82.53,0.08253
2024-10-08 14:00:00,88.39,0.08839
2024-10-08 15:00:00,90.08,0.09008
2024-10-08 16:00:00,101.19,0.10119
2024-10-08 17:00:00,126.34,0.12634
2024-10-08 18:00:00,156.77,0.15677000000000002
2024-10-08 19:00:00,168.2,0.1682
2024-10-08 20:00:00,114.41,0.11441
2024-10-08 21:00:00,94.9,0.09490000000000001
2024-10-08 22:00:00,86.6,0.0866
2024-10-08 23:00:00,67.6,0.0676
2024-10-09 00:00:00,61.93,0.06193
2024-10-09 01:00:00,60.0,0.06
2024-10-09 02:00:00,57.48,0.057479999999999996
2024-10-09 03:00:00,54.32,0.05432
2024-10-09 04:00:00,57.32,0.05732
2024-10-09 05:00:00,63.87,0.06387
2024-10-09 06:00:00,86.7,0.0867
2024-10-09 07:00:00,111.19,0.11119
2024-10-09 08:00:00,110.98,0.11098000000000001
2024-10-09 09:00:00,87.0,0.087
2024-10-09 10:00:00,72.09,0.07209
2024-10-09 11:00:00,59.9,0.0599
2024-10-09 12:00:00,59.8,0.0598
2024-10-09 13:00:00,59.85,0.05985
2024-10-09 14:00:00,67.63,0.06763
2024-10-09 15:00:00,77.17,0.07717
2024-10-09 16:00:00,95.0,0.095
2024-10-09 17:00:00,117.45,0.11745
2024-10-09 18:00:00,122.53,0.12253
2024-10-09 19:00:00,127.12,0.12712
2024-10-09 20:00:00,111.05,0.11105
2024-10-09 21:00:00,95.8,0.0958
2024-10-09 22:00:00,95.1,0.09509999999999999
2024-10-09 23:00:00,82.34,0.08234
2024-10-10 00:00:00,61.19,0.061189999999999994
2024-10-10 01:00:00,46.89,0.04689
2024-10-10 02:00:00,37.75,0.03775
2024-10-10 03:00:00,32.0,0.032
2024-10-10 04:00:00,29.64,0.02964
2024-10-10 05:00:00,39.6,0.0396
2024-10-10 06:00:00,62.1,0.0621
2024-10-10 07:00:00,84.9,0.0849
2024-10-10 08:00:00,80.46,0.08045999999999999
2024-10-10 09:00:00,67.5,0.0675
2024-10-10 10:00:00,52.01,0.05201
2024-10-10 11:00:00,38.93,0.03893
2024-10-10 12:00:00,21.89,0.02189
2024-10-10 13:00:00,15.94,0.01594
2024-10-10 14:00:00,20.01,0.02001
2024-10-10 15:00:00,38.37,0.038369999999999994
2024-10-10 16:00:00,58.5,0.0585
2024-10-10 17:00:00,85.82,0.08582
2024-10-10 18:00:00,96.07,0.09606999999999999
2024-10-10 19:00:00,119.32,0.11932
2024-10-10 20:00:00,101.19,0.10119
2024-10-10 21:00:00,90.41,0.09040999999999999
2024-10-10 22:00:00,83.16,0.08316
2024-10-10 23:00:00,69.93,0.06993
2024-10-11 00:00:00,79.96,0.07995999999999999
2024-10-11 01:00:00,73.21,0.07321
2024-10-11 02:00:00,71.7,0.0717
2024-10-11 03:00:00,67.91,0.06791
2024-10-11 04:00:00,69.56,0.06956
2024-10-11 05:00:00,73.39,0.07339
2024-10-11 06:00:00,99.95,0.09995
2024-10-11 07:00:00,140.41,0.14041
2024-10-11 08:00:00,155.49,0.15549000000000002
2024-10-11 09:00:00,110.01,0.11001000000000001
2024-10-11 10:00:00,90.0,0.09
2024-10-11 11:00:00,72.35,0.07235
2024-10-11 12:00:00,61.65,0.061649999999999996
2024-10-11 13:00:00,57.17,0.05717
2024-10-11 14:00:00,59.56,0.05956
2024-10-11 15:00:00,66.96,0.06695999999999999
2024-10-11 16:00:00,73.35,0.07335
2024-10-11 17:00:00,112.78,0.11278
2024-10-11 18:00:00,167.86,0.16786
2024-10-11 19:00:00,174.24,0.17424
2024-10-11 20:00:00,121.31,0.12131
2024-10-11 21:00:00,99.79,0.09979
2024-10-11 22:00:00,98.41,0.09841
2024-10-11 23:00:00,87.83,0.08782999999999999
2024-10-12 00:00:00,90.09,0.09009
2024-10-12 01:00:00,79.42,0.07942
2024-10-12 02:00:00,75.58,0.07558
2024-10-12 03:00:00,75.02,0.07501999999999999
2024-10-12 04:00:00,71.92,0.07192
2024-10-12 05:00:00,67.9,0.0679
2024-10-12 06:00:00,71.63,0.07163
2024-10-12 07:00:00,68.73,0.06873
2024-10-12 08:00:00,68.91,0.06891
2024-10-12 09:00:00,41.82,0.04182
2024-10-12 10:00:00,35.3,0.0353
2024-10-12 11:00:00,34.28,0.03428
2024-10-12 12:00:00,24.79,0.02479
2024-10-12 13:00:00,14.33,0.01433
2024-10-12 14:00:00,23.34,0.02334
2024-10-12 15:00:00,46.35,0.04635
2024-10-12 16:00:00,63.18,0.06318
2024-10-12 17:00:00,76.02,0.07601999999999999
2024-10-12 18:00:00,80.86,0.08086
2024-10-12 19:00:00,77.62,0.07762000000000001
2024-10-12 20:00:00,60.19,0.06019
2024-10-12 21:00:00,45.42,0.04542
2024-10-12 22:00:00,34.87,0.03487
2024-10-12 23:00:00,25.37,0.02537
2024-10-13 00:00:00,0.0,0.0
2024-10-13 01:00:00,-0.01,-1e-05
2024-10-13 02:00:00,-0.07,-7.000000000000001e-05
2024-10-13 03:00:00,-0.37,-0.00037
2024-10-13 04:00:00,-0.51,-0.00051
2024-10-13 05:00:00,-0.09,-8.999999999999999e-05
2024-10-13 06:00:00,-0.3,-0.0003
2024-10-13 07:00:00,-0.04,-4e-05
2024-10-13 08:00:00,-0.07,-7.000000000000001e-05
2024-10-13 09:00:00,-0.86,-0.00086
2024-10-13 10:00:00,-0.64,-0.00064
2024-10-13 11:00:00,-1.97,-0.00197
2024-10-13 12:00:00,-7.49,-0.00749
2024-10-13 13:00:00,-15.16,-0.01516
2024-10-13 14:00:00,-15.69,-0.01569
2024-10-13 15:00:00,-5.01,-0.00501
2024-10-13 16:00:00,-1.99,-0.00199
2024-10-13 17:00:00,0.06,5.9999999999999995e-05
2024-10-13 18:00:00,35.83,0.03583
2024-10-13 19:00:00,54.05,0.054049999999999994
2024-10-13 20:00:00,39.51,0.039509999999999997
2024-10-13 21:00:00,38.43,0.03843
2024-10-13 22:00:00,40.13,0.040130000000000006
2024-10-13 23:00:00,36.81,0.03681
2024-10-14 00:00:00,37.1,0.0371
2024-10-14 01:00:00,35.25,0.03525
2024-10-14 02:00:00,35.17,0.03517
2024-10-14 03:00:00,34.36,0.03436
2024-10-14 04:00:00,39.33,0.03933
2024-10-14 05:00:00,62.2,0.062200000000000005
2024-10-14 06:00:00,98.74,0.09874
2024-10-14 07:00:00,132.89,0.13288999999999998
2024-10-14 08:00:00,153.61,0.15361000000000002
2024-10-14 09:00:00,117.94,0.11794
2024-10-14 10:00:00,100.95,0.10095
2024-10-14 11:00:00,95.53,0.09553
2024-10-14 12:00:00,88.36,0.08836
2024-10-14 13:00:00,82.6,0.08259999999999999
2024-10-14 14:00:00,74.16,0.07415999999999999
2024-10-14 15:00:00,87.08,0.08708
2024-10-14 16:00:00,105.79,0.10579000000000001
2024-10-14 17:00:00,159.59,0.15959
2024-10-14 18:00:00,257.1,0.2571
2024-10-14 19:00:00,269.74,0.26974000000000004
2024-10-14 20:00:00,158.0,0.158
2024-10-14 21:00:00,114.12,0.11412
2024-10-14 22:00:00,99.66,0.09966
2024-10-14 23:00:00,94.8,0.0948
2024-10-15 00:00:00,91.23,0.09123
2024-10-15 01:00:00,86.49,0.08649
2024-10-15 02:00:00,88.35,0.08835
2024-10-15 03:00:00,84.04,0.08404
2024-10-15 04:00:00,80.8,0.0808
2024-10-15 05:00:00,89.51,0.08951
2024-10-15 06:00:00,114.53,0.11453
2024-10-15 07:00:00,185.39,0.18539
2024-10-15 08:00:00,176.61,0.17661000000000002
2024-10-15 09:00:00,110.54,0.11054
2024-10-15 10:00:00,92.75,0.09275
2024-10-15 11:00:00,83.05,0.08305
2024-10-15 12:00:00,78.47,0.07847
2024-10-15 13:00:00,71.75,0.07175
2024-10-15 14:00:00,75.9,0.07590000000000001
2024-10-15 15:00:00,83.36,0.08336
2024-10-15 16:00:00,89.03,0.08903
2024-10-15 17:00:00,120.69,0.12068999999999999
2024-10-15 18:00:00,136.79,0.13679
2024-10-15 19:00:00,97.31,0.09731000000000001
2024-10-15 20:00:00,76.26,0.07626000000000001
2024-10-15 21:00:00,66.65,0.06665
2024-10-15 22:00:00,59.65,0.05965
2024-10-15 23:00:00,40.78,0.040780000000000004
2024-10-16 00:00:00,23.35,0.023350000000000003
2024-10-16 01:00:00,12.8,0.0128
2024-10-16 02:00:00,5.3,0.0053
2024-10-16 03:00:00,3.61,0.00361
2024-10-16 04:00:00,3.16,0.00316
2024-10-16 05:00:00,8.2,0.008199999999999999
2024-10-16 06:00:00,42.59,0.04259
2024-10-16 07:00:00,67.29,0.06729
2024-10-16 08:00:00,66.52,0.06652
2024-10-16 09:00:00,54.29,0.05429
2024-10-16 10:00:00,26.68,0.02668
2024-10-16 11:00:00,14.16,0.01416
2024-10-16 12:00:00,4.09,0.00409
2024-10-16 13:00:00,2.04,0.00204
2024-10-16 14:00:00,4.0,0.004
2024-10-16 15:00:00,14.18,0.01418
2024-10-16 16:00:00,54.92,0.054920000000000004
2024-10-16 17:00:00,72.95,0.07295
2024-10-16 18:00:00,84.47,0.08447
2024-10-16 19:00:00,88.38,0.08838
2024-10-16 20:00:00,65.31,0.06531
2024-10-16 21:00:00,61.86,0.06186
2024-10-16 22:00:00,35.14,0.03514
2024-10-16 23:00:00,26.54,0.026539999999999998
2024-10-17 00:00:00,17.04,0.01704
2024-10-17 01:00:00,12.15,0.012150000000000001
2024-10-17 02:00:00,10.48,0.01048
2024-10-17 03:00:00,5.61,0.00561
2024-10-17 04:00:00,10.01,0.01001
2024-10-17 05:00:00,29.8,0.0298
2024-10-17 06:00:00,70.51,0.07051
2024-10-17 07:00:00,101.39,0.10139
2024-10-17 08:00:00,92.53,0.09253
2024-10-17 09:00:00,73.76,0.07376
2024-10-17 10:00:00,62.22,0.06222
2024-10-17 11:00:00,52.02,0.052020000000000004
2024-10-17 12:00:00,46.54,0.04654
2024-10-17 13:00:00,47.52,0.04752
2024-10-17 14:00:00,60.04,0.060039999999999996
2024-10-17 15:00:00,63.55,0.06355
2024-10-17 16:00:00,92.68,0.09268000000000001
2024-10-17 17:00:00,123.6,0.12359999999999999
2024-10-17 18:00:00,186.21,0.18621000000000001
2024-10-17 19:00:00,172.19,0.17219
2024-10-17 20:00:00,117.5,0.1175
2024-10-17 21:00:00,97.81,0.09781000000000001
2024-10-17 22:00:00,89.05,0.08904999999999999
2024-10-17 23:00:00,82.21,0.08220999999999999
2024-10-18 00:00:00,80.95,0.08095000000000001
2024-10-18 01:00:00,81.16,0.08116
2024-10-18 02:00:00,82.73,0.08273
2024-10-18 03:00:00,78.84,0.07884000000000001
2024-10-18 04:00:00,81.19,0.08119
2024-10-18 05:00:00,84.34,0.08434
2024-10-18 06:00:00,98.89,0.09889
2024-10-18 07:00:00,149.78,0.14978
2024-10-18 08:00:00,156.24,0.15624000000000002
2024-10-18 09:00:00,111.0,0.111
2024-10-18 10:00:00,95.76,0.09576000000000001
2024-10-18 11:00:00,85.3,0.0853
2024-10-18 12:00:00,82.96,0.08295999999999999
2024-10-18 13:00:00,80.2,0.08020000000000001
2024-10-18 14:00:00,81.19,0.08119
2024-10-18 15:00:00,84.34,0.08434
2024-10-18 16:00:00,103.29,0.10329
2024-10-18 17:00:00,133.67,0.13366999999999998
2024-10-18 18:00:00,181.28,0.18128
2024-10-18 19:00:00,142.58,0.14258
2024-10-18 20:00:00,103.25,0.10325
2024-10-18 21:00:00,96.83,0.09683
2024-10-18 22:00:00,93.26,0.09326000000000001
2024-10-18 23:00:00,85.54,0.08554
2024-10-19 00:00:00,87.06,0.08706
2024-10-19 01:00:00,83.03,0.08303
2024-10-19 02:00:00,79.91,0.07991
2024-10-19 03:00:00,75.26,0.07526000000000001
2024-10-19 04:00:00,75.87,0.07587
2024-10-19 05:00:00,76.77,0.07676999999999999
2024-10-19 06:00:00,80.0,0.08
2024-10-19 07:00:00,91.91,0.09190999999999999
2024-10-19 08:00:00,89.66,0.08965999999999999
2024-10-19 09:00:00,84.6,0.0846
2024-10-19 10:00:00,78.8,0.0788
2024-10-19 11:00:00,73.32,0.07332
2024-10-19 12:00:00,66.16,0.06616
2024-10-19 13:00:00,60.96,0.06096
2024-10-19 14:00:00,63.89,0.06389
2024-10-19 15:00:00,79.07,0.07906999999999999
2024-10-19 16:00:00,98.09,0.09809
2024-10-19 17:00:00,109.14,0.10914
2024-10-19 18:00:00,135.82,0.13582
2024-10-19 19:00:00,118.93,0.11893000000000001
2024-10-19 20:00:00,96.8,0.0968
2024-10-19 21:00:00,90.18,0.09018000000000001
2024-10-19 22:00:00,83.83,0.08383
2024-10-19 23:00:00,73.33,0.07332999999999999
2024-10-20 00:00:00,55.57,0.05557
2024-10-20 01:00:00,54.9,0.0549
2024-10-20 02:00:00,57.23,0.057229999999999996
2024-10-20 03:00:00,59.82,0.05982
2024-10-20 04:00:00,62.92,0.06292
2024-10-20 05:00:00,66.91,0.06691
2024-10-20 06:00:00,64.23,0.06423000000000001
2024-10-20 07:00:00,75.32,0.07532
2024-10-20 08:00:00,68.28,0.06828000000000001
2024-10-20 09:00:00,45.75,0.04575
2024-10-20 10:00:00,6.37,0.00637
2024-10-20 11:00:00,0.08,8e-05
2024-10-20 12:00:00,0.0,0.0
2024-10-20 13:00:00,-0.98,-0.00098
2024-10-20 14:00:00,-2.01,-0.0020099999999999996
2024-10-20 15:00:00,0.0,0.0
2024-10-20 16:00:00,5.1,0.0050999999999999995
2024-10-20 17:00:00,57.69,0.05769
2024-10-20 18:00:00,60.7,0.060700000000000004
2024-10-20 19:00:00,45.08,0.045079999999999995
2024-10-20 20:00:00,34.35,0.03435
2024-10-20 21:00:00,20.95,0.02095
2024-10-20 22:00:00,12.15,0.012150000000000001
2024-10-20 23:00:00,1.93,0.0019299999999999999
2024-10-21 00:00:00,-0.1,-0.0001
2024-10-21 01:00:00,-0.1,-0.0001
2024-10-21 02:00:00,-0.14,-0.00014000000000000001
2024-10-21 03:00:00,-0.08,-8e-05
2024-10-21 04:00:00,-0.04,-4e-05
2024-10-21 05:00:00,3.45,0.0034500000000000004
2024-10-21 06:00:00,66.6,0.06659999999999999
2024-10-21 07:00:00,104.98,0.10498
2024-10-21 08:00:00,120.39,0.12039
2024-10-21 09:00:00,103.9,0.1039
2024-10-21 10:00:00,89.04,0.08904000000000001
2024-10-21 11:00:00,81.03,0.08103
2024-10-21 12:00:00,73.19,0.07318999999999999
2024-10-21 13:00:00,81.36,0.08136
2024-10-21 14:00:00,81.65,0.08165
2024-10-21 15:00:00,98.59,0.09859
2024-10-21 16:00:00,123.5,0.1235
2024-10-21 17:00:00,131.54,0.13154
2024-10-21 18:00:00,222.11,0.22211
2024-10-21 19:00:00,190.87,0.19087
2024-10-21 20:00:00,128.44,0.12844
2024-10-21 21:00:00,102.0,0.102
2024-10-21 22:00:00,97.8,0.0978
2024-10-21 23:00:00,92.97,0.09297
2024-10-22 00:00:00,91.67,0.09167
2024-10-22 01:00:00,89.43,0.08943000000000001
2024-10-22 02:00:00,85.69,0.08569
2024-10-22 03:00:00,83.6,0.0836
2024-10-22 04:00:00,83.19,0.08319
2024-10-22 05:00:00,89.95,0.08995
2024-10-22 06:00:00,100.58,0.10058
2024-10-22 07:00:00,156.09,0.15609
2024-10-22 08:00:00,170.12,0.17012
2024-10-22 09:00:00,113.44,0.11344
2024-10-22 10:00:00,99.22,0.09922
2024-10-22 11:00:00,87.75,0.08775
2024-10-22 12:00:00,77.11,0.07711
2024-10-22 13:00:00,70.88,0.07088
2024-10-22 14:00:00,73.53,0.07353
2024-10-22 15:00:00,87.08,0.08708
2024-10-22 16:00:00,107.45,0.10745
2024-10-22 17:00:00,109.97,0.10997
2024-10-22 18:00:00,140.36,0.14036
2024-10-22 19:00:00,157.75,0.15775
2024-10-22 20:00:00,114.02,0.11402
2024-10-22 21:00:00,99.4,0.0994
2024-10-22 22:00:00,95.72,0.09572
2024-10-22 23:00:00,88.35,0.08835
2024-10-23 00:00:00,80.83,0.08083
2024-10-23 01:00:00,83.23,0.08323
2024-10-23 02:00:00,82.02,0.08202
2024-10-23 03:00:00,83.21,0.08320999999999999
2024-10-23 04:00:00,85.8,0.0858
2024-10-23 05:00:00,93.6,0.09359999999999999
2024-10-23 06:00:00,108.19,0.10819
2024-10-23 07:00:00,172.79,0.17279
2024-10-23 08:00:00,183.13,0.18313
2024-10-23 09:00:00,128.42,0.12841999999999998
2024-10-23 10:00:00,104.1,0.1041
2024-10-23 11:00:00,93.86,0.09386
2024-10-23 12:00:00,85.62,0.08562
2024-10-23 13:00:00,80.99,0.08098999999999999
2024-10-23 14:00:00,78.97,0.07897
2024-10-23 15:00:00,88.62,0.08862
2024-10-23 16:00:00,101.9,0.1019
2024-10-23 17:00:00,147.15,0.14715
2024-10-23 18:00:00,218.18,0.21818
2024-10-23 19:00:00,177.6,0.1776
2024-10-23 20:00:00,111.71,0.11170999999999999
2024-10-23 21:00:00,101.51,0.10151
2024-10-23 22:00:00,103.33,0.10333
2024-10-23 23:00:00,93.16,0.09315999999999999
2024-10-24 00:00:00,91.75,0.09175
2024-10-24 01:00:00,82.42,0.08242000000000001
2024-10-24 02:00:00,80.67,0.08067
2024-10-24 03:00:00,80.29,0.08029
2024-10-24 04:00:00,80.45,0.08045000000000001
2024-10-24 05:00:00,83.82,0.08381999999999999
2024-10-24 06:00:00,103.21,0.10321
2024-10-24 07:00:00,148.29,0.14829
2024-10-24 08:00:00,171.27,0.17127
2024-10-24 09:00:00,117.3,0.1173
2024-10-24 10:00:00,101.91,0.10191
2024-10-24 11:00:00,93.05,0.09305
2024-10-24 12:00:00,83.96,0.08395999999999999
2024-10-24 13:00:00,79.15,0.07915000000000001
2024-10-24 14:00:00,81.51,0.08151
2024-10-24 15:00:00,95.7,0.09570000000000001
2024-10-24 16:00:00,116.17,0.11617
2024-10-24 17:00:00,129.9,0.12990000000000002
2024-10-24 18:00:00,141.53,0.14153
2024-10-24 19:00:00,114.19,0.11419
2024-10-24 20:00:00,96.61,0.09661
2024-10-24 21:00:00,93.64,0.09364
2024-10-24 22:00:00,89.9,0.08990000000000001
2024-10-24 23:00:00,83.61,0.08361
2024-10-25 00:00:00,82.5,0.0825
2024-10-25 01:00:00,82.07,0.08206999999999999
2024-10-25 02:00:00,79.69,0.07969
2024-10-25 03:00:00,82.6,0.08259999999999999
2024-10-25 04:00:00,84.47,0.08447
2024-10-25 05:00:00,94.59,0.09459000000000001
2024-10-25 06:00:00,108.94,0.10894
2024-10-25 07:00:00,123.75,0.12375
2024-10-25 08:00:00,150.59,0.15059
2024-10-25 09:00:00,122.43,0.12243000000000001
2024-10-25 10:00:00,108.15,0.10815000000000001
2024-10-25 11:00:00,93.9,0.09390000000000001
2024-10-25 12:00:00,81.08,0.08108
2024-10-25 13:00:00,78.18,0.07818000000000001
2024-10-25 14:00:00,82.47,0.08247
2024-10-25 15:00:00,99.33,0.09933
2024-10-25 16:00:00,118.03,0.11803
2024-10-25 17:00:00,158.73,0.15872999999999998
2024-10-25 18:00:00,227.32,0.22732
2024-10-25 19:00:00,184.85,0.18485
2024-10-25 20:00:00,123.86,0.12386
2024-10-25 21:00:00,116.29,0.11629
2024-10-25 22:00:00,113.96,0.11395999999999999
2024-10-25 23:00:00,107.4,0.10740000000000001
2024-10-26 00:00:00,115.29,0.11529
2024-10-26 01:00:00,109.64,0.10964
2024-10-26 02:00:00,106.95,0.10695
2024-10-26 03:00:00,107.79,0.10779000000000001
2024-10-26 04:00:00,105.7,0.1057
2024-10-26 05:00:00,106.82,0.10682
2024-10-26 06:00:00,113.93,0.11393
2024-10-26 07:00:00,125.71,0.12571
2024-10-26 08:00:00,126.0,0.126
2024-10-26 09:00:00,117.57,0.11757
2024-10-26 10:00:00,101.39,0.10139
2024-10-26 11:00:00,81.48,0.08148000000000001
2024-10-26 12:00:00,68.35,0.06835
2024-10-26 13:00:00,63.3,0.0633
2024-10-26 14:00:00,64.55,0.06455
2024-10-26 15:00:00,81.44,0.08144
2024-10-26 16:00:00,100.6,0.1006
2024-10-26 17:00:00,125.73,0.12573
2024-10-26 18:00:00,150.9,0.1509
2024-10-26 19:00:00,118.74,0.11874
2024-10-26 20:00:00,96.48,0.09648000000000001
2024-10-26 21:00:00,88.76,0.08876
2024-10-26 22:00:00,87.5,0.0875
2024-10-26 23:00:00,76.63,0.07662999999999999
2024-10-27 00:00:00,92.22,0.09222
2024-10-27 01:00:00,84.0,0.084
2024-10-27 02:00:00,82.23,0.08223
2024-10-27 02:00:00,80.43,0.08043
2024-10-27 03:00:00,79.41,0.07941
2024-10-27 04:00:00,78.79,0.07879000000000001
2024-10-27 05:00:00,85.14,0.08514000000000001
2024-10-27 06:00:00,89.21,0.08921
2024-10-27 07:00:00,88.05,0.08805
2024-10-27 08:00:00,84.34,0.08434
2024-10-27 09:00:00,66.48,0.06648
2024-10-27 10:00:00,54.72,0.05472
2024-10-27 11:00:00,42.5,0.0425
2024-10-27 12:00:00,39.99,0.039990000000000005
2024-10-27 13:00:00,40.0,0.04
2024-10-27 14:00:00,64.33,0.06433
2024-10-27 15:00:00,111.53,0.11153
2024-10-27 16:00:00,123.67,0.12367
2024-10-27 17:00:00,148.3,0.14830000000000002
2024-10-27 18:00:00,145.71,0.14571
2024-10-27 19:00:00,130.47,0.13047
2024-10-27 20:00:00,118.15,0.11815
2024-10-27 21:00:00,112.01,0.11201
2024-10-27 22:00:00,113.68,0.11368
2024-10-27 23:00:00,102.99,0.10299
2024-10-28 00:00:00,95.6,0.09559999999999999
2024-10-28 01:00:00,94.37,0.09437000000000001
2024-10-28 02:00:00,88.74,0.08874
2024-10-28 03:00:00,84.09,0.08409
2024-10-28 04:00:00,86.26,0.08626
2024-10-28 05:00:00,99.93,0.09993
2024-10-28 06:00:00,109.92,0.10992
2024-10-28 07:00:00,130.01,0.13001
2024-10-28 08:00:00,127.38,0.12738
2024-10-28 09:00:00,116.18,0.11618
2024-10-28 10:00:00,97.61,0.09761
2024-10-28 11:00:00,98.31,0.09831000000000001
2024-10-28 12:00:00,94.93,0.09493
2024-10-28 13:00:00,101.33,0.10133
2024-10-28 14:00:00,113.93,0.11393
2024-10-28 15:00:00,121.36,0.12136
2024-10-28 16:00:00,124.2,0.1242
2024-10-28 17:00:00,141.11,0.14111
2024-10-28 18:00:00,148.8,0.14880000000000002
2024-10-28 19:00:00,146.12,0.14612
2024-10-28 20:00:00,124.19,0.12419
2024-10-28 21:00:00,115.59,0.11559
2024-10-28 22:00:00,109.96,0.10995999999999999
2024-10-28 23:00:00,102.41,0.10241
2024-10-29 00:00:00,101.34,0.10134
2024-10-29 01:00:00,100.04,0.10004
2024-10-29 02:00:00,98.83,0.09883
2024-10-29 03:00:00,98.17,0.09817000000000001
2024-10-29 04:00:00,100.02,0.10002
2024-10-29 05:00:00,113.1,0.11309999999999999
2024-10-29 06:00:00,127.38,0.12738
2024-10-29 07:00:00,157.73,0.15772999999999998
2024-10-29 08:00:00,151.32,0.15131999999999998
2024-10-29 09:00:00,129.69,0.12969
2024-10-29 10:00:00,120.7,0.1207
2024-10-29 11:00:00,112.97,0.11297
2024-10-29 12:00:00,105.45,0.10545
2024-10-29 13:00:00,117.73,0.11773
2024-10-29 14:00:00,135.94,0.13594
2024-10-29 15:00:00,172.26,0.17226
2024-10-29 16:00:00,212.72,0.21272
2024-10-29 17:00:00,285.8,0.2858
2024-10-29 18:00:00,257.44,0.25744
2024-10-29 19:00:00,203.82,0.20382
2024-10-29 20:00:00,140.6,0.1406
2024-10-29 21:00:00,124.05,0.12405
2024-10-29 22:00:00,118.08,0.11808
2024-10-29 23:00:00,103.09,0.10309
2024-10-30 00:00:00,100.71,0.10071
2024-10-30 01:00:00,100.52,0.10052
2024-10-30 02:00:00,98.16,0.09816
2024-10-30 03:00:00,98.05,0.09805
2024-10-30 04:00:00,100.56,0.10056
2024-10-30 05:00:00,106.32,0.10632
2024-10-30 06:00:00,123.54,0.12354000000000001
2024-10-30 07:00:00,139.68,0.13968
2024-10-30 08:00:00,138.91,0.13891
2024-10-30 09:00:00,124.34,0.12434
2024-10-30 10:00:00,115.0,0.115
2024-10-30 11:00:00,109.68,0.10968000000000001
2024-10-30 12:00:00,102.53,0.10253
2024-10-30 13:00:00,106.95,0.10695
2024-10-30 14:00:00,111.31,0.11131
2024-10-30 15:00:00,126.16,0.12616
2024-10-30 16:00:00,160.0,0.16
2024-10-30 17:00:00,193.88,0.19388
2024-10-30 18:00:00,192.89,0.19288999999999998
2024-10-30 19:00:00,159.44,0.15944
2024-10-30 20:00:00,133.56,0.13356
2024-10-30 21:00:00,122.67,0.12267
2024-10-30 22:00:00,115.34,0.11534
2024-10-30 23:00:00,112.37,0.11237
2024-10-31 00:00:00,105.16,0.10516
2024-10-31 01:00:00,98.51,0.09851
2024-10-31 02:00:00,96.58,0.09658
2024-10-31 03:00:00,94.81,0.09481
2024-10-31 04:00:00,98.03,0.09803
2024-10-31 05:00:00,102.34,0.10234
2024-10-31 06:00:00,121.15,0.12115000000000001
2024-10-31 07:00:00,135.53,0.13553
2024-10-31 08:00:00,133.47,0.13347
2024-10-31 09:00:00,123.28,0.12328
2024-10-31 10:00:00,105.14,0.10514
2024-10-31 11:00:00,98.05,0.09805
2024-10-31 12:00:00,88.91,0.08891
2024-10-31 13:00:00,92.55,0.09255
2024-10-31 14:00:00,99.38,0.09938
2024-10-31 15:00:00,111.5,0.1115
2024-10-31 16:00:00,123.17,0.12317
2024-10-31 17:00:00,129.0,0.129
2024-10-31 18:00:00,128.41,0.12841
2024-10-31 19:00:00,117.84,0.11784
2024-10-31 20:00:00,105.8,0.10579999999999999
2024-10-31 21:00:00,85.34,0.08534
2024-10-31 22:00:00,80.44,0.08044
2024-10-31 23:00:00,64.56,0.06456
2024-11-01 00:00:00,63.34,0.06334000000000001
2024-11-01 01:00:00,62.95,0.06295
2024-11-01 02:00:00,57.1,0.0571
2024-11-01 03:00:00,54.54,0.05454
2024-11-01 04:00:00,56.99,0.05699
2024-11-01 05:00:00,63.21,0.06321
2024-11-01 06:00:00,69.68,0.06968
2024-11-01 07:00:00,70.35,0.07035
2024-11-01 08:00:00,64.18,0.06418
2024-11-01 09:00:00,61.2,0.061200000000000004
2024-11-01 10:00:00,55.01,0.055009999999999996
2024-11-01 11:00:00,32.04,0.03204
2024-11-01 12:00:00,29.49,0.02949
2024-11-01 13:00:00,34.9,0.0349
2024-11-01 14:00:00,63.83,0.06383
2024-11-01 15:00:00,89.33,0.08932999999999999
2024-11-01 16:00:00,115.98,0.11598
2024-11-01 17:00:00,119.87,0.11987
2024-11-01 18:00:00,117.97,0.11797
2024-11-01 19:00:00,117.59,0.11759
2024-11-01 20:00:00,113.2,0.11320000000000001
2024-11-01 21:00:00,104.64,0.10464
2024-11-01 22:00:00,98.41,0.09841
2024-11-01 23:00:00,85.64,0.08564
2024-11-02 00:00:00,95.75,0.09575
2024-11-02 01:00:00,91.31,0.09131
2024-11-02 02:00:00,88.76,0.08876
2024-11-02 03:00:00,86.0,0.086
2024-11-02 04:00:00,86.85,0.08685
2024-11-02 05:00:00,92.13,0.09212999999999999
2024-11-02 06:00:00,96.97,0.09697
2024-11-02 07:00:00,100.11,0.10011
2024-11-02 08:00:00,101.16,0.10116
2024-11-02 09:00:00,109.64,0.10964
2024-11-02 10:00:00,91.19,0.09119
2024-11-02 11:00:00,94.44,0.09444
2024-11-02 12:00:00,88.68,0.08868000000000001
2024-11-02 13:00:00,91.51,0.09151000000000001
2024-11-02 14:00:00,103.42,0.10342
2024-11-02 15:00:00,122.3,0.12229999999999999
2024-11-02 16:00:00,137.61,0.13761
2024-11-02 17:00:00,158.56,0.15856
2024-11-02 18:00:00,149.92,0.14992
2024-11-02 19:00:00,134.96,0.13496
2024-11-02 20:00:00,122.79,0.12279000000000001
2024-11-02 21:00:00,111.26,0.11126000000000001
2024-11-02 22:00:00,106.28,0.10628
2024-11-02 23:00:00,100.61,0.10061
2024-11-03 00:00:00,101.19,0.10119
2024-11-03 01:00:00,96.63,0.09663
2024-11-03 02:00:00,89.05,0.08904999999999999
2024-11-03 03:00:00,85.09,0.08509
2024-11-03 04:00:00,87.43,0.08743000000000001
2024-11-03 05:00:00,88.5,0.0885
2024-11-03 06:00:00,95.56,0.09556
2024-11-03 07:00:00,98.11,0.09811
2024-11-03 08:00:00,88.47,0.08847
2024-11-03 09:00:00,83.97,0.08397
2024-11-03 10:00:00,70.71,0.07071
2024-11-03 11:00:00,60.78,0.06078
2024-11-03 12:00:00,52.63,0.05263
2024-11-03 13:00:00,61.08,0.061079999999999995
2024-11-03 14:00:00,84.37,0.08437
2024-11-03 15:00:00,100.95,0.10095
2024-11-03 16:00:00,115.16,0.11516
2024-11-03 17:00:00,127.91,0.12791
2024-11-03 18:00:00,126.09,0.12609
2024-11-03 19:00:00,120.72,0.12072
2024-11-03 20:00:00,110.8,0.1108
2024-11-03 21:00:00,102.0,0.102
2024-11-03 22:00:00,100.69,0.10069
2024-11-03 23:00:00,94.53,0.09453
2024-11-04 00:00:00,92.04,0.09204000000000001
2024-11-04 01:00:00,89.96,0.08996
2024-11-04 02:00:00,90.07,0.09007
2024-11-04 03:00:00,89.86,0.08986
2024-11-04 04:00:00,90.8,0.09079999999999999
2024-11-04 05:00:00,98.52,0.09852
2024-11-04 06:00:00,124.89,0.12489
2024-11-04 07:00:00,144.91,0.14490999999999998
2024-11-04 08:00:00,139.18,0.13918
2024-11-04 09:00:00,120.63,0.12063
2024-11-04 10:00:00,100.0,0.1
2024-11-04 11:00:00,97.12,0.09712
2024-11-04 12:00:00,95.16,0.09516
2024-11-04 13:00:00,98.47,0.09847
2024-11-04 14:00:00,103.17,0.10317
2024-11-04 15:00:00,130.4,0.13040000000000002
2024-11-04 16:00:00,181.47,0.18147
2024-11-04 17:00:00,290.21,0.29020999999999997
2024-11-04 18:00:00,241.04,0.24104
2024-11-04 19:00:00,162.09,0.16209
2024-11-04 20:00:00,123.0,0.123
2024-11-04 21:00:00,112.27,0.11227
2024-11-04 22:00:00,107.98,0.10798
2024-11-04 23:00:00,97.6,0.09759999999999999
2024-11-05 00:00:00,101.77,0.10177
2024-11-05 01:00:00,94.0,0.094
2024-11-05 02:00:00,91.2,0.0912
2024-11-05 03:00:00,93.0,0.093
2024-11-05 04:00:00,95.39,0.09539
2024-11-05 05:00:00,104.88,0.10488
2024-11-05 06:00:00,127.95,0.12795
2024-11-05 07:00:00,149.32,0.14931999999999998
2024-11-05 08:00:00,139.15,0.13915
2024-11-05 09:00:00,118.23,0.11823
2024-11-05 10:00:00,105.87,0.10587
2024-11-05 11:00:00,95.28,0.09528
2024-11-05 12:00:00,94.92,0.09492
2024-11-05 13:00:00,99.25,0.09925
2024-11-05 14:00:00,110.35,0.11034999999999999
2024-11-05 15:00:00,155.99,0.15599000000000002
2024-11-05 16:00:00,331.83,0.33182999999999996
2024-11-05 17:00:00,505.31,0.50531
2024-11-05 18:00:00,468.74,0.46874
2024-11-05 19:00:00,341.7,0.3417
2024-11-05 20:00:00,172.14,0.17214
2024-11-05 21:00:00,130.77,0.13077
2024-11-05 22:00:00,117.77,0.11777
2024-11-05 23:00:00,110.03,0.11003
2024-11-06 00:00:00,106.39,0.10639
2024-11-06 01:00:00,99.05,0.09905
2024-11-06 02:00:00,95.47,0.09547
2024-11-06 03:00:00,97.04,0.09704
2024-11-06 04:00:00,100.51,0.10051
2024-11-06 05:00:00,110.25,0.11025
2024-11-06 06:00:00,163.4,0.16340000000000002
2024-11-06 07:00:00,299.99,0.29999000000000003
2024-11-06 08:00:00,240.54,0.24054
2024-11-06 09:00:00,144.94,0.14493999999999999
2024-11-06 10:00:00,133.46,0.13346
2024-11-06 11:00:00,123.2,0.1232
2024-11-06 12:00:00,123.2,0.1232
2024-11-06 13:00:00,125.55,0.12555
2024-11-06 14:00:00,141.76,0.14176
2024-11-06 15:00:00,270.09,0.27009
2024-11-06 16:00:00,524.25,0.52425
2024-11-06 17:00:00,820.11,0.82011
2024-11-06 18:00:00,805.08,0.80508
2024-11-06 19:00:00,450.0,0.45
2024-11-06 20:00:00,207.35,0.20735
2024-11-06 21:00:00,133.48,0.13348
2024-11-06 22:00:00,119.35,0.11935
2024-11-06 23:00:00,111.73,0.11173000000000001
2024-11-07 00:00:00,109.54,0.10954000000000001
2024-11-07 01:00:00,102.98,0.10298
2024-11-07 02:00:00,99.74,0.09974
2024-11-07 03:00:00,99.85,0.09985
2024-11-07 04:00:00,102.73,0.10273
2024-11-07 05:00:00,116.89,0.11689
2024-11-07 06:00:00,157.41,0.15741
2024-11-07 07:00:00,219.56,0.21956
2024-11-07 08:00:00,191.99,0.19199000000000002
2024-11-07 09:00:00,152.92,0.15292
2024-11-07 10:00:00,148.9,0.1489
2024-11-07 11:00:00,134.81,0.13481
2024-11-07 12:00:00,135.06,0.13506
2024-11-07 13:00:00,132.91,0.13291
2024-11-07 14:00:00,139.94,0.13994
2024-11-07 15:00:00,189.42,0.18941999999999998
2024-11-07 16:00:00,261.16,0.26116
2024-11-07 17:00:00,408.26,0.40826
2024-11-07 18:00:00,296.78,0.29678
2024-11-07 19:00:00,175.11,0.17511000000000002
2024-11-07 20:00:00,129.41,0.12941
2024-11-07 21:00:00,113.92,0.11392000000000001
2024-11-07 22:00:00,111.77,0.11177
2024-11-07 23:00:00,99.87,0.09987
2024-11-08 00:00:00,99.57,0.09956999999999999
2024-11-08 01:00:00,99.73,0.09973
2024-11-08 02:00:00,97.97,0.09797
2024-11-08 03:00:00,97.69,0.09769
2024-11-08 04:00:00,97.45,0.09745000000000001
2024-11-08 05:00:00,98.21,0.09820999999999999
2024-11-08 06:00:00,107.19,0.10719
2024-11-08 07:00:00,127.55,0.12755
2024-11-08 08:00:00,132.91,0.13291
2024-11-08 09:00:00,126.52,0.12652
2024-11-08 10:00:00,117.34,0.11734
2024-11-08 11:00:00,110.94,0.11094
2024-11-08 12:00:00,105.59,0.10559
2024-11-08 13:00:00,106.81,0.10681
2024-11-08 14:00:00,112.25,0.11225
2024-11-08 15:00:00,123.59,0.12359
2024-11-08 16:00:00,129.1,0.1291
2024-11-08 17:00:00,128.56,0.12856
2024-11-08 18:00:00,132.9,0.13290000000000002
2024-11-08 19:00:00,127.19,0.12719
2024-11-08 20:00:00,115.74,0.11574
2024-11-08 21:00:00,109.48,0.10948000000000001
2024-11-08 22:00:00,113.0,0.113
2024-11-08 23:00:00,104.06,0.10406
2024-11-09 00:00:00,105.1,0.1051
2024-11-09 01:00:00,99.96,0.09996
2024-11-09 02:00:00,98.0,0.098
2024-11-09 03:00:00,96.68,0.09668
2024-11-09 04:00:00,98.41,0.09841
2024-11-09 05:00:00,100.69,0.10069
2024-11-09 06:00:00,104.31,0.10431
2024-11-09 07:00:00,109.87,0.10987000000000001
2024-11-09 08:00:00,114.1,0.1141
2024-11-09 09:00:00,114.6,0.1146
2024-11-09 10:00:00,109.97,0.10997
2024-11-09 11:00:00,106.4,0.10640000000000001
2024-11-09 12:00:00,106.88,0.10687999999999999
2024-11-09 13:00:00,108.0,0.108
2024-11-09 14:00:00,110.18,0.11018
2024-11-09 15:00:00,121.46,0.12146
2024-11-09 16:00:00,137.23,0.13723
2024-11-09 17:00:00,146.93,0.14693
2024-11-09 18:00:00,147.8,0.14780000000000001
2024-11-09 19:00:00,139.9,0.1399
2024-11-09 20:00:00,128.32,0.12832
2024-11-09 21:00:00,117.96,0.11796
2024-11-09 22:00:00,114.53,0.11453
2024-11-09 23:00:00,110.1,0.11009999999999999
2024-11-10 00:00:00,104.99,0.10499
2024-11-10 01:00:00,102.28,0.10228
2024-11-10 02:00:00,102.01,0.10201
2024-11-10 03:00:00,100.86,0.10086
2024-11-10 04:00:00,100.88,0.10088
2024-11-10 05:00:00,101.98,0.10198
2024-11-10 06:00:00,100.32,0.10031999999999999
2024-11-10 07:00:00,102.45,0.10245
2024-11-10 08:00:00,105.38,0.10538
2024-11-10 09:00:00,110.99,0.11098999999999999
2024-11-10 10:00:00,112.62,0.11262
2024-11-10 11:00:00,110.13,0.11012999999999999
2024-11-10 12:00:00,110.92,0.11092
2024-11-10 13:00:00,108.6,0.10859999999999999
2024-11-10 14:00:00,112.36,0.11236
2024-11-10 15:00:00,126.22,0.12622
2024-11-10 16:00:00,134.02,0.13402
2024-11-10 17:00:00,148.72,0.14872
2024-11-10 18:00:00,146.01,0.14601
2024-11-10 19:00:00,138.61,0.13861
2024-11-10 20:00:00,125.31,0.12531
2024-11-10 21:00:00,115.28,0.11528000000000001
2024-11-10 22:00:00,111.1,0.11109999999999999
2024-11-10 23:00:00,108.02,0.10801999999999999
2024-11-11 00:00:00,109.65,0.10965000000000001
2024-11-11 01:00:00,103.68,0.10368000000000001
2024-11-11 02:00:00,100.0,0.1
2024-11-11 03:00:00,97.86,0.09786
2024-11-11 04:00:00,97.5,0.0975
2024-11-11 05:00:00,103.89,0.10389
2024-11-11 06:00:00,115.69,0.11569
2024-11-11 07:00:00,128.35,0.12835
2024-11-11 08:00:00,135.06,0.13506
2024-11-11 09:00:00,132.94,0.13294
2024-11-11 10:00:00,128.5,0.1285
2024-11-11 11:00:00,124.21,0.12420999999999999
2024-11-11 12:00:00,119.84,0.11984
2024-11-11 13:00:00,129.02,0.12902000000000002
2024-11-11 14:00:00,130.44,0.13044
2024-11-11 15:00:00,139.05,0.13905
2024-11-11 16:00:00,140.94,0.14094
2024-11-11 17:00:00,153.18,0.15318
2024-11-11 18:00:00,147.09,0.14709
2024-11-11 19:00:00,133.7,0.13369999999999999
2024-11-11 20:00:00,121.94,0.12193999999999999
2024-11-11 21:00:00,112.88,0.11288
2024-11-11 22:00:00,111.56,0.11156
2024-11-11 23:00:00,105.4,0.10540000000000001
2024-11-12 00:00:00,110.31,0.11031
2024-11-12 01:00:00,104.64,0.10464
2024-11-12 02:00:00,102.69,0.10269
2024-11-12 03:00:00,103.99,0.10399
2024-11-12 04:00:00,107.5,0.1075
2024-11-12 05:00:00,118.01,0.11801
2024-11-12 06:00:00,147.67,0.14767
2024-11-12 07:00:00,185.52,0.18552000000000002
2024-11-12 08:00:00,201.64,0.20163999999999999
2024-11-12 09:00:00,223.33,0.22333
2024-11-12 10:00:00,190.24,0.19024000000000002
2024-11-12 11:00:00,171.08,0.17108
2024-11-12 12:00:00,161.59,0.16159
2024-11-12 13:00:00,156.47,0.15647
2024-11-12 14:00:00,174.37,0.17437
2024-11-12 15:00:00,218.78,0.21878
2024-11-12 16:00:00,272.73,0.27273000000000003
2024-11-12 17:00:00,317.89,0.31789
2024-11-12 18:00:00,225.33,0.22533
2024-11-12 19:00:00,171.35,0.17135
2024-11-12 20:00:00,149.12,0.14912
2024-11-12 21:00:00,131.9,0.13190000000000002
2024-11-12 22:00:00,125.21,0.12521
2024-11-12 23:00:00,115.59,0.11559
2024-11-13 00:00:00,117.15,0.11715
2024-11-13 01:00:00,111.71,0.11170999999999999
2024-11-13 02:00:00,107.85,0.10784999999999999
2024-11-13 03:00:00,107.45,0.10745
2024-11-13 04:00:00,110.63,0.11062999999999999
2024-11-13 05:00:00,119.0,0.119
2024-11-13 06:00:00,131.1,0.1311
2024-11-13 07:00:00,164.78,0.16478
2024-11-13 08:00:00,225.45,0.22544999999999998
2024-11-13 09:00:00,227.43,0.22743
2024-11-13 10:00:00,200.8,0.2008
2024-11-13 11:00:00,177.7,0.1777
2024-11-13 12:00:00,160.99,0.16099000000000002
2024-11-13 13:00:00,162.07,0.16207
2024-11-13 14:00:00,159.9,0.15990000000000001
2024-11-13 15:00:00,165.6,0.1656
2024-11-13 16:00:00,178.28,0.17828
2024-11-13 17:00:00,178.43,0.17843
2024-11-13 18:00:00,173.9,0.1739
2024-11-13 19:00:00,161.79,0.16179
2024-11-13 20:00:00,125.22,0.12522
2024-11-13 21:00:00,114.86,0.11486
2024-11-13 22:00:00,113.51,0.11351
2024-11-13 23:00:00,106.62,0.10662
2024-11-14 00:00:00,101.7,0.1017
2024-11-14 01:00:00,99.83,0.09983
2024-11-14 02:00:00,96.01,0.09601000000000001
2024-11-14 03:00:00,92.25,0.09225
2024-11-14 04:00:00,91.41,0.09140999999999999
2024-11-14 05:00:00,92.24,0.09223999999999999
2024-11-14 06:00:00,103.44,0.10344
2024-11-14 07:00:00,115.61,0.11561
2024-11-14 08:00:00,127.14,0.12714
2024-11-14 09:00:00,123.92,0.12392
2024-11-14 10:00:00,125.65,0.12565
2024-11-14 11:00:00,124.84,0.12484
2024-11-14 12:00:00,121.68,0.12168000000000001
2024-11-14 13:00:00,127.4,0.1274
2024-11-14 14:00:00,134.01,0.13401
2024-11-14 15:00:00,142.18,0.14218
2024-11-14 16:00:00,147.41,0.14740999999999999
2024-11-14 17:00:00,155.91,0.15591
2024-11-14 18:00:00,154.09,0.15409
2024-11-14 19:00:00,148.29,0.14829
2024-11-14 20:00:00,138.58,0.13858
2024-11-14 21:00:00,129.44,0.12944
2024-11-14 22:00:00,122.89,0.12289
2024-11-14 23:00:00,112.48,0.11248000000000001
2024-11-15 00:00:00,110.44,0.11044
2024-11-15 01:00:00,106.71,0.10671
2024-11-15 02:00:00,107.01,0.10701000000000001
2024-11-15 03:00:00,103.62,0.10362
2024-11-15 04:00:00,104.42,0.10442
2024-11-15 05:00:00,108.6,0.10859999999999999
2024-11-15 06:00:00,129.26,0.12925999999999999
2024-11-15 07:00:00,144.16,0.14416
2024-11-15 08:00:00,157.77,0.15777000000000002
2024-11-15 09:00:00,150.86,0.15086000000000002
2024-11-15 10:00:00,138.84,0.13884
2024-11-15 11:00:00,135.08,0.13508
2024-11-15 12:00:00,121.74,0.12174
2024-11-15 13:00:00,121.8,0.12179999999999999
2024-11-15 14:00:00,131.89,0.13188999999999998
2024-11-15 15:00:00,141.75,0.14175
2024-11-15 16:00:00,133.95,0.13394999999999999
2024-11-15 17:00:00,136.26,0.13626
2024-11-15 18:00:00,134.77,0.13477
2024-11-15 19:00:00,128.39,0.12838999999999998
2024-11-15 20:00:00,115.73,0.11573
2024-11-15 21:00:00,110.74,0.11073999999999999
2024-11-15 22:00:00,108.19,0.10819
2024-11-15 23:00:00,98.1,0.09809999999999999
2024-11-16 00:00:00,101.92,0.10192
2024-11-16 01:00:00,95.43,0.09543
2024-11-16 02:00:00,89.87,0.08987
2024-11-16 03:00:00,86.57,0.08657
2024-11-16 04:00:00,88.81,0.08881
2024-11-16 05:00:00,86.95,0.08695
2024-11-16 06:00:00,73.82,0.07382
2024-11-16 07:00:00,90.1,0.0901
2024-11-16 08:00:00,104.75,0.10475
2024-11-16 09:00:00,109.77,0.10976999999999999
2024-11-16 10:00:00,107.6,0.1076
2024-11-16 11:00:00,99.03,0.09903
2024-11-16 12:00:00,96.98,0.09698000000000001
2024-11-16 13:00:00,96.97,0.09697
2024-11-16 14:00:00,93.72,0.09372
2024-11-16 15:00:00,100.22,0.10022
2024-11-16 16:00:00,108.99,0.10898999999999999
2024-11-16 17:00:00,118.93,0.11893000000000001
2024-11-16 18:00:00,114.95,0.11495
2024-11-16 19:00:00,104.18,0.10418000000000001
2024-11-16 20:00:00,82.67,0.08267000000000001
2024-11-16 21:00:00,72.82,0.07282
2024-11-16 22:00:00,73.83,0.07382999999999999
2024-11-16 23:00:00,65.67,0.06567
2024-11-17 00:00:00,80.1,0.08009999999999999
2024-11-17 01:00:00,69.28,0.06928
2024-11-17 02:00:00,72.48,0.07248
2024-11-17 03:00:00,58.72,0.05872
2024-11-17 04:00:00,42.0,0.042
2024-11-17 05:00:00,34.81,0.03481
2024-11-17 06:00:00,42.36,0.04236
2024-11-17 07:00:00,60.69,0.06069
2024-11-17 08:00:00,64.8,0.0648
2024-11-17 09:00:00,65.4,0.0654
2024-11-17 10:00:00,68.3,0.0683
2024-11-17 11:00:00,64.79,0.06479
2024-11-17 12:00:00,54.9,0.0549
2024-11-17 13:00:00,46.86,0.04686
2024-11-17 14:00:00,61.25,0.06125
2024-11-17 15:00:00,64.8,0.0648
2024-11-17 16:00:00,70.1,0.0701
2024-11-17 17:00:00,102.84,0.10284
2024-11-17 18:00:00,80.7,0.08070000000000001
2024-11-17 19:00:00,65.4,0.0654
2024-11-17 20:00:00,57.41,0.057409999999999996
2024-11-17 21:00:00,64.79,0.06479
2024-11-17 22:00:00,68.76,0.06876
2024-11-17 23:00:00,62.02,0.062020000000000006
2024-11-18 00:00:00,65.42,0.06542
2024-11-18 01:00:00,64.39,0.06439
2024-11-18 02:00:00,59.86,0.05986
2024-11-18 03:00:00,42.39,0.04239
2024-11-18 04:00:00,58.17,0.05817
2024-11-18 05:00:00,74.23,0.07423
2024-11-18 06:00:00,95.55,0.09555
2024-11-18 07:00:00,121.66,0.12165999999999999
2024-11-18 08:00:00,121.91,0.12190999999999999
2024-11-18 09:00:00,119.56,0.11956
2024-11-18 10:00:00,111.51,0.11151000000000001
2024-11-18 11:00:00,92.98,0.09298000000000001
2024-11-18 12:00:00,79.5,0.0795
2024-11-18 13:00:00,94.13,0.09412999999999999
2024-11-18 14:00:00,109.52,0.10951999999999999
2024-11-18 15:00:00,119.98,0.11998
2024-11-18 16:00:00,132.48,0.13248
2024-11-18 17:00:00,159.9,0.15990000000000001
2024-11-18 18:00:00,161.82,0.16182
2024-11-18 19:00:00,152.96,0.15296
2024-11-18 20:00:00,128.94,0.12894
2024-11-18 21:00:00,117.62,0.11762
2024-11-18 22:00:00,116.99,0.11699
2024-11-18 23:00:00,108.7,0.1087
2024-11-19 00:00:00,107.06,0.10706
2024-11-19 01:00:00,101.4,0.1014
2024-11-19 02:00:00,95.58,0.09558
2024-11-19 03:00:00,91.73,0.09173
2024-11-19 04:00:00,95.28,0.09528
2024-11-19 05:00:00,98.73,0.09873
2024-11-19 06:00:00,116.27,0.11627
2024-11-19 07:00:00,131.59,0.13159
2024-11-19 08:00:00,155.06,0.15506
2024-11-19 09:00:00,157.57,0.15757
2024-11-19 10:00:00,156.26,0.15625999999999998
2024-11-19 11:00:00,152.81,0.15281
2024-11-19 12:00:00,148.19,0.14819
2024-11-19 13:00:00,144.14,0.14414
2024-11-19 14:00:00,140.15,0.14015
2024-11-19 15:00:00,128.78,0.12878
2024-11-19 16:00:00,132.89,0.13288999999999998
2024-11-19 17:00:00,140.19,0.14019
2024-11-19 18:00:00,134.65,0.13465
2024-11-19 19:00:00,125.93,0.12593000000000001
2024-11-19 20:00:00,117.1,0.1171
2024-11-19 21:00:00,109.37,0.10937000000000001
2024-11-19 22:00:00,105.25,0.10525
2024-11-19 23:00:00,89.84,0.08984
2024-11-20 00:00:00,100.14,0.10014
2024-11-20 01:00:00,92.0,0.092
2024-11-20 02:00:00,86.6,0.0866
2024-11-20 03:00:00,81.52,0.08152
2024-11-20 04:00:00,81.96,0.08195999999999999
2024-11-20 05:00:00,93.29,0.09329000000000001
2024-11-20 06:00:00,107.55,0.10754999999999999
2024-11-20 07:00:00,135.62,0.13562000000000002
2024-11-20 08:00:00,142.87,0.14287
2024-11-20 09:00:00,140.09,0.14009
2024-11-20 10:00:00,120.35,0.12035
2024-11-20 11:00:00,107.77,0.10776999999999999
2024-11-20 12:00:00,97.26,0.09726
2024-11-20 13:00:00,97.36,0.09736
2024-11-20 14:00:00,106.64,0.10664
2024-11-20 15:00:00,130.84,0.13084
2024-11-20 16:00:00,135.09,0.13509000000000002
2024-11-20 17:00:00,142.0,0.142
2024-11-20 18:00:00,142.58,0.14258
2024-11-20 19:00:00,140.26,0.14026
2024-11-20 20:00:00,135.98,0.13598
2024-11-20 21:00:00,123.05,0.12304999999999999
2024-11-20 22:00:00,116.42,0.11642
2024-11-20 23:00:00,103.5,0.1035
2024-11-21 00:00:00,93.96,0.09395999999999999
2024-11-21 01:00:00,90.4,0.09040000000000001
2024-11-21 02:00:00,86.8,0.0868
2024-11-21 03:00:00,84.15,0.08415
2024-11-21 04:00:00,84.23,0.08423
2024-11-21 05:00:00,92.48,0.09248
2024-11-21 06:00:00,107.17,0.10717
2024-11-21 07:00:00,121.44,0.12143999999999999
2024-11-21 08:00:00,132.99,0.13299
2024-11-21 09:00:00,134.98,0.13498
2024-11-21 10:00:00,127.33,0.12733
2024-11-21 11:00:00,115.47,0.11547
2024-11-21 12:00:00,113.57,0.11356999999999999
2024-11-21 13:00:00,120.83,0.12082999999999999
2024-11-21 14:00:00,141.62,0.14162
2024-11-21 15:00:00,154.85,0.15485
2024-11-21 16:00:00,174.97,0.17497
2024-11-21 17:00:00,182.26,0.18225999999999998
2024-11-21 18:00:00,161.34,0.16134
2024-11-21 19:00:00,154.05,0.15405000000000002
2024-11-21 20:00:00,131.33,0.13133
2024-11-21 21:00:00,123.05,0.12304999999999999
2024-11-21 22:00:00,122.9,0.12290000000000001
2024-11-21 23:00:00,107.46,0.10746
2024-11-22 00:00:00,116.12,0.11612
2024-11-22 01:00:00,106.21,0.10621
2024-11-22 02:00:00,97.85,0.09784999999999999
2024-11-22 03:00:00,91.37,0.09137
2024-11-22 04:00:00,88.65,0.08865
2024-11-22 05:00:00,92.16,0.09215999999999999
2024-11-22 06:00:00,117.06,0.11706
2024-11-22 07:00:00,135.3,0.1353
2024-11-22 08:00:00,144.08,0.14408
2024-11-22 09:00:00,141.58,0.14158
2024-11-22 10:00:00,135.75,0.13575
2024-11-22 11:00:00,116.84,0.11684
2024-11-22 12:00:00,105.14,0.10514
2024-11-22 13:00:00,95.23,0.09523000000000001
2024-11-22 14:00:00,96.18,0.09618
2024-11-22 15:00:00,106.24,0.10624
2024-11-22 16:00:00,111.21,0.11120999999999999
2024-11-22 17:00:00,128.44,0.12844
2024-11-22 18:00:00,134.28,0.13428
2024-11-22 19:00:00,128.8,0.1288
2024-11-22 20:00:00,106.21,0.10621
2024-11-22 21:00:00,106.35,0.10635
2024-11-22 22:00:00,93.25,0.09325
2024-11-22 23:00:00,77.0,0.077
2024-11-23 00:00:00,80.0,0.08
2024-11-23 01:00:00,76.87,0.07687000000000001
2024-11-23 02:00:00,77.88,0.07787999999999999
2024-11-23 03:00:00,79.04,0.07904000000000001
2024-11-23 04:00:00,79.35,0.07934999999999999
2024-11-23 05:00:00,82.54,0.08254
2024-11-23 06:00:00,82.05,0.08205
2024-11-23 07:00:00,89.27,0.08927
2024-11-23 08:00:00,97.48,0.09748
2024-11-23 09:00:00,85.62,0.08562
2024-11-23 10:00:00,78.54,0.07854000000000001
2024-11-23 11:00:00,73.5,0.0735
2024-11-23 12:00:00,71.2,0.0712
2024-11-23 13:00:00,75.85,0.07585
2024-11-23 14:00:00,85.68,0.08568
2024-11-23 15:00:00,104.55,0.10455
2024-11-23 16:00:00,87.31,0.08731
2024-11-23 17:00:00,95.56,0.09556
2024-11-23 18:00:00,86.08,0.08608
2024-11-23 19:00:00,71.0,0.071
2024-11-23 20:00:00,59.55,0.05955
2024-11-23 21:00:00,48.03,0.04803
2024-11-23 22:00:00,39.1,0.0391
2024-11-23 23:00:00,18.46,0.01846
2024-11-24 00:00:00,1.01,0.00101
2024-11-24 01:00:00,0.0,0.0
2024-11-24 02:00:00,0.0,0.0
2024-11-24 03:00:00,-0.01,-1e-05
2024-11-24 04:00:00,-0.02,-2e-05
2024-11-24 05:00:00,-0.03,-2.9999999999999997e-05
2024-11-24 06:00:00,-0.05,-5e-05
2024-11-24 07:00:00,-0.03,-2.9999999999999997e-05
2024-11-24 08:00:00,1.37,0.0013700000000000001
2024-11-24 09:00:00,3.75,0.00375
2024-11-24 10:00:00,2.07,0.00207
2024-11-24 11:00:00,2.53,0.0025299999999999997
2024-11-24 12:00:00,1.01,0.00101
2024-11-24 13:00:00,1.01,0.00101
2024-11-24 14:00:00,3.11,0.00311
2024-11-24 15:00:00,6.61,0.00661
2024-11-24 16:00:00,13.99,0.01399
2024-11-24 17:00:00,15.52,0.015519999999999999
2024-11-24 18:00:00,16.18,0.01618
2024-11-24 19:00:00,12.02,0.01202
2024-11-24 20:00:00,7.4,0.0074
2024-11-24 21:00:00,4.5,0.0045
2024-11-24 22:00:00,3.27,0.00327
2024-11-24 23:00:00,0.01,1e-05
2024-11-25 00:00:00,-1.25,-0.00125
2024-11-25 01:00:00,-1.59,-0.00159
2024-11-25 02:00:00,-1.42,-0.0014199999999999998
2024-11-25 03:00:00,-1.86,-0.00186
2024-11-25 04:00:00,-1.42,-0.0014199999999999998
2024-11-25 05:00:00,-0.28,-0.00028000000000000003
2024-11-25 06:00:00,0.09,8.999999999999999e-05
2024-11-25 07:00:00,54.38,0.054380000000000005
2024-11-25 08:00:00,77.01,0.07701000000000001
2024-11-25 09:00:00,66.57,0.06656999999999999
2024-11-25 10:00:00,42.55,0.04255
2024-11-25 11:00:00,41.37,0.04137
2024-11-25 12:00:00,40.0,0.04
2024-11-25 13:00:00,57.16,0.057159999999999996
2024-11-25 14:00:00,67.97,0.06797
2024-11-25 15:00:00,94.99,0.09498999999999999
2024-11-25 16:00:00,92.58,0.09258
2024-11-25 17:00:00,116.08,0.11608
2024-11-25 18:00:00,128.0,0.128
2024-11-25 19:00:00,118.0,0.118
2024-11-25 20:00:00,94.73,0.09473000000000001
2024-11-25 21:00:00,81.26,0.08126
2024-11-25 22:00:00,86.26,0.08626
2024-11-25 23:00:00,69.17,0.06917
2024-11-26 00:00:00,89.53,0.08953
2024-11-26 01:00:00,77.99,0.07798999999999999
2024-11-26 02:00:00,77.66,0.07765999999999999
2024-11-26 03:00:00,70.55,0.07055
2024-11-26 04:00:00,72.72,0.07271999999999999
2024-11-26 05:00:00,82.26,0.08226
2024-11-26 06:00:00,101.45,0.10145
2024-11-26 07:00:00,130.9,0.13090000000000002
2024-11-26 08:00:00,137.84,0.13784
2024-11-26 09:00:00,127.09,0.12709
2024-11-26 10:00:00,112.09,0.11209000000000001
2024-11-26 11:00:00,100.0,0.1
2024-11-26 12:00:00,90.9,0.09090000000000001
2024-11-26 13:00:00,102.07,0.10207
2024-11-26 14:00:00,116.1,0.1161
2024-11-26 15:00:00,123.95,0.12395
2024-11-26 16:00:00,143.1,0.1431
2024-11-26 17:00:00,155.52,0.15552000000000002
2024-11-26 18:00:00,160.91,0.16091
2024-11-26 19:00:00,153.28,0.15328
2024-11-26 20:00:00,126.38,0.12638
2024-11-26 21:00:00,118.23,0.11823
2024-11-26 22:00:00,122.13,0.12212999999999999
2024-11-26 23:00:00,113.34,0.11334000000000001
2024-11-27 00:00:00,104.74,0.10474
2024-11-27 01:00:00,106.28,0.10628
2024-11-27 02:00:00,110.0,0.11
2024-11-27 03:00:00,111.46,0.11145999999999999
2024-11-27 04:00:00,114.66,0.11466
2024-11-27 05:00:00,123.92,0.12392
2024-11-27 06:00:00,140.5,0.1405
2024-11-27 07:00:00,160.0,0.16
2024-11-27 08:00:00,184.84,0.18484
2024-11-27 09:00:00,164.45,0.16444999999999999
2024-11-27 10:00:00,153.1,0.15309999999999999
2024-11-27 11:00:00,150.0,0.15
2024-11-27 12:00:00,145.66,0.14565999999999998
2024-11-27 13:00:00,140.49,0.14049
2024-11-27 14:00:00,130.09,0.13009
2024-11-27 15:00:00,131.7,0.13169999999999998
2024-11-27 16:00:00,117.56,0.11756
2024-11-27 17:00:00,110.24,0.11023999999999999
2024-11-27 18:00:00,112.29,0.11229
2024-11-27 19:00:00,101.84,0.10184
2024-11-27 20:00:00,78.14,0.07814
2024-11-27 21:00:00,71.86,0.07186
2024-11-27 22:00:00,67.05,0.06705
2024-11-27 23:00:00,48.78,0.048780000000000004
2024-11-28 00:00:00,49.21,0.049210000000000004
2024-11-28 01:00:00,41.21,0.041210000000000004
2024-11-28 02:00:00,32.95,0.03295
2024-11-28 03:00:00,32.08,0.03208
2024-11-28 04:00:00,31.69,0.03169
2024-11-28 05:00:00,52.29,0.052289999999999996
2024-11-28 06:00:00,64.98,0.06498000000000001
2024-11-28 07:00:00,88.13,0.08813
2024-11-28 08:00:00,107.41,0.10740999999999999
2024-11-28 09:00:00,107.41,0.10740999999999999
2024-11-28 10:00:00,92.1,0.09209999999999999
2024-11-28 11:00:00,98.7,0.0987
2024-11-28 12:00:00,96.16,0.09616
2024-11-28 13:00:00,96.68,0.09668
2024-11-28 14:00:00,97.86,0.09786
2024-11-28 15:00:00,111.59,0.11159000000000001
2024-11-28 16:00:00,132.62,0.13262000000000002
2024-11-28 17:00:00,149.33,0.14933000000000002
2024-11-28 18:00:00,158.23,0.15822999999999998
2024-11-28 19:00:00,153.91,0.15391
2024-11-28 20:00:00,143.97,0.14397
2024-11-28 21:00:00,132.49,0.13249
2024-11-28 22:00:00,122.16,0.12215999999999999
2024-11-28 23:00:00,112.6,0.11259999999999999
2024-11-29 00:00:00,110.3,0.1103
2024-11-29 01:00:00,107.01,0.10701000000000001
2024-11-29 02:00:00,103.47,0.10346999999999999
2024-11-29 03:00:00,102.8,0.1028
2024-11-29 04:00:00,105.3,0.10529999999999999
2024-11-29 05:00:00,115.28,0.11528000000000001
2024-11-29 06:00:00,145.1,0.1451
2024-11-29 07:00:00,169.28,0.16928
2024-11-29 08:00:00,181.35,0.18134999999999998
2024-11-29 09:00:00,162.49,0.16249
2024-11-29 10:00:00,143.01,0.14301
2024-11-29 11:00:00,136.4,0.1364
2024-11-29 12:00:00,126.59,0.12659
2024-11-29 13:00:00,119.5,0.1195
2024-11-29 14:00:00,129.58,0.12958
2024-11-29 15:00:00,141.02,0.14102
2024-11-29 16:00:00,152.01,0.15200999999999998
2024-11-29 17:00:00,150.44,0.15044
2024-11-29 18:00:00,142.03,0.14203
2024-11-29 19:00:00,130.81,0.13081
2024-11-29 20:00:00,119.9,0.1199
2024-11-29 21:00:00,115.1,0.1151
2024-11-29 22:00:00,113.73,0.11373
2024-11-29 23:00:00,103.45,0.10345
2024-11-30 00:00:00,98.83,0.09883
2024-11-30 01:00:00,92.0,0.092
2024-11-30 02:00:00,89.69,0.08968999999999999
2024-11-30 03:00:00,86.9,0.0869
2024-11-30 04:00:00,88.18,0.08818000000000001
2024-11-30 05:00:00,90.18,0.09018000000000001
2024-11-30 06:00:00,88.9,0.0889
2024-11-30 07:00:00,103.06,0.10306
2024-11-30 08:00:00,107.39,0.10739
2024-11-30 09:00:00,91.17,0.09117
2024-11-30 10:00:00,85.2,0.0852
2024-11-30 11:00:00,86.12,0.08612
2024-11-30 12:00:00,87.7,0.0877
2024-11-30 13:00:00,90.03,0.09003
2024-11-30 14:00:00,93.35,0.09334999999999999
2024-11-30 15:00:00,124.34,0.12434
2024-11-30 16:00:00,132.89,0.13288999999999998
2024-11-30 17:00:00,136.94,0.13694
2024-11-30 18:00:00,135.9,0.1359
2024-11-30 19:00:00,131.96,0.13196000000000002
2024-11-30 20:00:00,124.51,0.12451000000000001
2024-11-30 21:00:00,115.08,0.11508
2024-11-30 22:00:00,114.78,0.11478000000000001
2024-11-30 23:00:00,106.67,0.10667
2024-12-01 00:00:00,99.66,0.09966
2024-12-01 01:00:00,90.01,0.09001
2024-12-01 02:00:00,88.14,0.08814
2024-12-01 03:00:00,85.7,0.0857
2024-12-01 04:00:00,84.8,0.0848
2024-12-01 05:00:00,85.31,0.08531
2024-12-01 06:00:00,84.43,0.08443
2024-12-01 07:00:00,89.97,0.08997
2024-12-01 08:00:00,99.64,0.09964
2024-12-01 09:00:00,94.6,0.09459999999999999
2024-12-01 10:00:00,89.3,0.08929999999999999
2024-12-01 11:00:00,82.38,0.08238
2024-12-01 12:00:00,85.25,0.08525
2024-12-01 13:00:00,83.08,0.08308
2024-12-01 14:00:00,90.61,0.09061
2024-12-01 15:00:00,108.62,0.10862000000000001
2024-12-01 16:00:00,121.53,0.12153
2024-12-01 17:00:00,117.77,0.11777
2024-12-01 18:00:00,121.51,0.12151
2024-12-01 19:00:00,110.23,0.11023000000000001
2024-12-01 20:00:00,91.35,0.09135
2024-12-01 21:00:00,84.36,0.08436
2024-12-01 22:00:00,96.98,0.09698000000000001
2024-12-01 23:00:00,85.0,0.085
2024-12-02 00:00:00,74.77,0.07476999999999999
2024-12-02 01:00:00,65.78,0.06578
2024-12-02 02:00:00,61.17,0.06117
2024-12-02 03:00:00,46.44,0.046439999999999995
2024-12-02 04:00:00,50.21,0.05021
2024-12-02 05:00:00,69.53,0.06953
2024-12-02 06:00:00,92.08,0.09208
2024-12-02 07:00:00,125.25,0.12525
2024-12-02 08:00:00,125.2,0.1252
2024-12-02 09:00:00,123.63,0.12362999999999999
2024-12-02 10:00:00,121.27,0.12127
2024-12-02 11:00:00,115.8,0.1158
2024-12-02 12:00:00,115.09,0.11509
2024-12-02 13:00:00,127.6,0.1276
2024-12-02 14:00:00,136.74,0.13674
2024-12-02 15:00:00,144.04,0.14404
2024-12-02 16:00:00,144.75,0.14475
2024-12-02 17:00:00,147.68,0.14768
2024-12-02 18:00:00,147.9,0.1479
2024-12-02 19:00:00,138.0,0.138
2024-12-02 20:00:00,120.01,0.12001
2024-12-02 21:00:00,112.68,0.11268
2024-12-02 22:00:00,111.72,0.11172
2024-12-02 23:00:00,102.21,0.10221
2024-12-03 00:00:00,110.73,0.11073000000000001
2024-12-03 01:00:00,103.05,0.10305
2024-12-03 02:00:00,96.28,0.09628
2024-12-03 03:00:00,93.22,0.09322
2024-12-03 04:00:00,100.48,0.10048
2024-12-03 05:00:00,108.09,0.10809
2024-12-03 06:00:00,121.76,0.12176000000000001
2024-12-03 07:00:00,142.39,0.14239
2024-12-03 08:00:00,154.62,0.15462
2024-12-03 09:00:00,150.09,0.15009
2024-12-03 10:00:00,141.37,0.14137
2024-12-03 11:00:00,139.23,0.13923
2024-12-03 12:00:00,135.62,0.13562000000000002
2024-12-03 13:00:00,142.41,0.14241
2024-12-03 14:00:00,150.02,0.15002000000000001
2024-12-03 15:00:00,168.94,0.16894
2024-12-03 16:00:00,205.18,0.20518
2024-12-03 17:00:00,210.0,0.21
2024-12-03 18:00:00,197.88,0.19788
2024-12-03 19:00:00,189.83,0.18983
2024-12-03 20:00:00,170.04,0.17004
2024-12-03 21:00:00,153.61,0.15361000000000002
2024-12-03 22:00:00,142.08,0.14208
2024-12-03 23:00:00,130.81,0.13081
2024-12-04 00:00:00,120.99,0.12099
2024-12-04 01:00:00,116.66,0.11666
2024-12-04 02:00:00,112.79,0.11279
2024-12-04 03:00:00,110.19,0.11019
2024-12-04 04:00:00,112.26,0.11226
2024-12-04 05:00:00,120.91,0.12090999999999999
2024-12-04 06:00:00,145.2,0.1452
2024-12-04 07:00:00,209.76,0.20976
2024-12-04 08:00:00,276.66,0.27666
2024-12-04 09:00:00,250.76,0.25076
2024-12-04 10:00:00,212.21,0.21221
2024-12-04 11:00:00,198.95,0.19895
2024-12-04 12:00:00,192.25,0.19225
2024-12-04 13:00:00,199.82,0.19982
2024-12-04 14:00:00,218.44,0.21844
2024-12-04 15:00:00,242.87,0.24287
2024-12-04 16:00:00,267.35,0.26735000000000003
2024-12-04 17:00:00,287.76,0.28776
2024-12-04 18:00:00,230.22,0.23022
2024-12-04 19:00:00,197.59,0.19759000000000002
2024-12-04 20:00:00,165.68,0.16568
2024-12-04 21:00:00,148.34,0.14834
2024-12-04 22:00:00,128.33,0.12833
2024-12-04 23:00:00,113.27,0.11327
2024-12-05 00:00:00,114.77,0.11477
2024-12-05 01:00:00,105.74,0.10574
2024-12-05 02:00:00,103.27,0.10327
2024-12-05 03:00:00,104.5,0.1045
2024-12-05 04:00:00,103.27,0.10327
2024-12-05 05:00:00,104.12,0.10412
2024-12-05 06:00:00,135.88,0.13588
2024-12-05 07:00:00,143.54,0.14354
2024-12-05 08:00:00,141.29,0.14129
2024-12-05 09:00:00,131.78,0.13178
2024-12-05 10:00:00,124.92,0.12492
2024-12-05 11:00:00,107.31,0.10731
2024-12-05 12:00:00,102.67,0.10267
2024-12-05 13:00:00,102.93,0.10293000000000001
2024-12-05 14:00:00,102.89,0.10289
2024-12-05 15:00:00,100.87,0.10087
2024-12-05 16:00:00,101.5,0.1015
2024-12-05 17:00:00,118.31,0.11831
2024-12-05 18:00:00,112.16,0.11216
2024-12-05 19:00:00,105.36,0.10536
2024-12-05 20:00:00,87.13,0.08713
2024-12-05 21:00:00,77.3,0.0773
2024-12-05 22:00:00,74.17,0.07417
2024-12-05 23:00:00,43.14,0.04314
2024-12-06 00:00:00,10.64,0.01064
2024-12-06 01:00:00,4.6,0.0046
2024-12-06 02:00:00,3.87,0.00387
2024-12-06 03:00:00,2.31,0.00231
2024-12-06 04:00:00,2.99,0.00299
2024-12-06 05:00:00,10.35,0.01035
2024-12-06 06:00:00,63.49,0.06349
2024-12-06 07:00:00,92.71,0.09270999999999999
2024-12-06 08:00:00,110.17,0.11017
2024-12-06 09:00:00,110.16,0.11016
2024-12-06 10:00:00,104.08,0.10407999999999999
2024-12-06 11:00:00,98.37,0.09837
2024-12-06 12:00:00,91.9,0.09190000000000001
2024-12-06 13:00:00,100.7,0.1007
2024-12-06 14:00:00,109.0,0.109
2024-12-06 15:00:00,116.92,0.11692
2024-12-06 16:00:00,131.55,0.13155
2024-12-06 17:00:00,142.99,0.14299
2024-12-06 18:00:00,151.07,0.15106999999999998
2024-12-06 19:00:00,142.48,0.14248
2024-12-06 20:00:00,130.0,0.13
2024-12-06 21:00:00,119.42,0.11942
2024-12-06 22:00:00,121.08,0.12108
2024-12-06 23:00:00,102.14,0.10214
2024-12-07 00:00:00,86.65,0.08665
2024-12-07 01:00:00,74.32,0.07432
2024-12-07 02:00:00,68.0,0.068
2024-12-07 03:00:00,63.87,0.06387
2024-12-07 04:00:00,58.09,0.05809
2024-12-07 05:00:00,50.16,0.050159999999999996
2024-12-07 06:00:00,39.46,0.03946
2024-12-07 07:00:00,43.28,0.04328
2024-12-07 08:00:00,58.06,0.05806
2024-12-07 09:00:00,62.86,0.06286
2024-12-07 10:00:00,64.92,0.06492
2024-12-07 11:00:00,64.92,0.06492
2024-12-07 12:00:00,68.0,0.068
2024-12-07 13:00:00,72.84,0.07284
2024-12-07 14:00:00,74.24,0.07424
2024-12-07 15:00:00,82.5,0.0825
2024-12-07 16:00:00,96.45,0.09645000000000001
2024-12-07 17:00:00,96.0,0.096
2024-12-07 18:00:00,87.92,0.08792
2024-12-07 19:00:00,82.41,0.08241
2024-12-07 20:00:00,78.92,0.07892
2024-12-07 21:00:00,85.03,0.08503
2024-12-07 22:00:00,82.5,0.0825
2024-12-07 23:00:00,74.8,0.07479999999999999
2024-12-08 00:00:00,93.91,0.09391
2024-12-08 01:00:00,86.83,0.08683
2024-12-08 02:00:00,86.73,0.08673
2024-12-08 03:00:00,83.95,0.08395
2024-12-08 04:00:00,84.44,0.08444
2024-12-08 05:00:00,91.13,0.09112999999999999
2024-12-08 06:00:00,91.25,0.09125
2024-12-08 07:00:00,91.29,0.09129000000000001
2024-12-08 08:00:00,100.84,0.10084
2024-12-08 09:00:00,109.4,0.10940000000000001
2024-12-08 10:00:00,110.84,0.11084000000000001
2024-12-08 11:00:00,117.39,0.11739
2024-12-08 12:00:00,118.36,0.11835999999999999
2024-12-08 13:00:00,116.74,0.11674
2024-12-08 14:00:00,111.91,0.11191
2024-12-08 15:00:00,121.38,0.12138
2024-12-08 16:00:00,105.94,0.10593999999999999
2024-12-08 17:00:00,113.61,0.11361
2024-12-08 18:00:00,98.55,0.09855
2024-12-08 19:00:00,97.69,0.09769
2024-12-08 20:00:00,91.29,0.09129000000000001
2024-12-08 21:00:00,90.56,0.09056
2024-12-08 22:00:00,88.6,0.0886
2024-12-08 23:00:00,75.01,0.07501000000000001
2024-12-09 00:00:00,71.36,0.07135999999999999
2024-12-09 01:00:00,55.83,0.05583
2024-12-09 02:00:00,35.13,0.03513
2024-12-09 03:00:00,34.4,0.0344
2024-12-09 04:00:00,40.01,0.04001
2024-12-09 05:00:00,72.24,0.07224
2024-12-09 06:00:00,79.4,0.07940000000000001
2024-12-09 07:00:00,113.34,0.11334000000000001
2024-12-09 08:00:00,122.54,0.12254000000000001
2024-12-09 09:00:00,123.12,0.12312000000000001
2024-12-09 10:00:00,129.81,0.12981
2024-12-09 11:00:00,128.7,0.12869999999999998
2024-12-09 12:00:00,128.32,0.12832
2024-12-09 13:00:00,124.51,0.12451000000000001
2024-12-09 14:00:00,121.35,0.12135
2024-12-09 15:00:00,116.83,0.11683
2024-12-09 16:00:00,116.08,0.11608
2024-12-09 17:00:00,120.57,0.12057
2024-12-09 18:00:00,123.69,0.12369
2024-12-09 19:00:00,125.76,0.12576
2024-12-09 20:00:00,114.97,0.11497
2024-12-09 21:00:00,100.98,0.10098
2024-12-09 22:00:00,98.48,0.09848
2024-12-09 23:00:00,92.77,0.09276999999999999
2024-12-10 00:00:00,92.85,0.09284999999999999
2024-12-10 01:00:00,89.33,0.08932999999999999
2024-12-10 02:00:00,86.5,0.0865
2024-12-10 03:00:00,83.7,0.0837
2024-12-10 04:00:00,87.21,0.08721
2024-12-10 05:00:00,89.07,0.08907
2024-12-10 06:00:00,112.06,0.11206
2024-12-10 07:00:00,135.18,0.13518
2024-12-10 08:00:00,169.76,0.16976
2024-12-10 09:00:00,182.14,0.18214
2024-12-10 10:00:00,184.75,0.18475
2024-12-10 11:00:00,186.5,0.1865
2024-12-10 12:00:00,180.62,0.18062
2024-12-10 13:00:00,190.78,0.19078
2024-12-10 14:00:00,189.41,0.18941
2024-12-10 15:00:00,197.64,0.19763999999999998
2024-12-10 16:00:00,200.18,0.20018
2024-12-10 17:00:00,202.38,0.20238
2024-12-10 18:00:00,181.0,0.181
2024-12-10 19:00:00,180.17,0.18017
2024-12-10 20:00:00,166.6,0.1666
2024-12-10 21:00:00,151.15,0.15115
2024-12-10 22:00:00,137.94,0.13794
2024-12-10 23:00:00,121.37,0.12137
2024-12-11 00:00:00,115.94,0.11594
2024-12-11 01:00:00,108.22,0.10822
2024-12-11 02:00:00,107.31,0.10731
2024-12-11 03:00:00,106.17,0.10617
2024-12-11 04:00:00,108.69,0.10869
2024-12-11 05:00:00,125.31,0.12531
2024-12-11 06:00:00,163.42,0.16341999999999998
2024-12-11 07:00:00,295.5,0.2955
2024-12-11 08:00:00,368.97,0.36897
2024-12-11 09:00:00,377.12,0.37712
2024-12-11 10:00:00,348.64,0.34864
2024-12-11 11:00:00,379.99,0.37999
2024-12-11 12:00:00,385.87,0.38587
2024-12-11 13:00:00,404.91,0.40491000000000005
2024-12-11 14:00:00,371.96,0.37195999999999996
2024-12-11 15:00:00,380.94,0.38094
2024-12-11 16:00:00,437.87,0.43787
2024-12-11 17:00:00,445.08,0.44508
2024-12-11 18:00:00,359.92,0.35992
2024-12-11 19:00:00,341.25,0.34125
2024-12-11 20:00:00,206.82,0.20682
2024-12-11 21:00:00,171.2,0.1712
2024-12-11 22:00:00,150.0,0.15
2024-12-11 23:00:00,135.96,0.13596
2024-12-12 00:00:00,122.24,0.12224
2024-12-12 01:00:00,115.3,0.1153
2024-12-12 02:00:00,109.96,0.10995999999999999
2024-12-12 03:00:00,107.35,0.10735
2024-12-12 04:00:00,112.51,0.11251
2024-12-12 05:00:00,123.67,0.12367
2024-12-12 06:00:00,176.18,0.17618
2024-12-12 07:00:00,599.99,0.59999
2024-12-12 08:00:00,655.6,0.6556000000000001
2024-12-12 09:00:00,646.76,0.64676
2024-12-12 10:00:00,543.83,0.54383
2024-12-12 11:00:00,465.36,0.46536
2024-12-12 12:00:00,404.99,0.40499
2024-12-12 13:00:00,415.3,0.4153
2024-12-12 14:00:00,490.34,0.49034
2024-12-12 15:00:00,668.49,0.66849
2024-12-12 16:00:00,818.98,0.81898
2024-12-12 17:00:00,936.28,0.93628
2024-12-12 18:00:00,674.18,0.67418
2024-12-12 19:00:00,551.01,0.55101
2024-12-12 20:00:00,295.66,0.29566000000000003
2024-12-12 21:00:00,169.4,0.1694
2024-12-12 22:00:00,150.0,0.15
2024-12-12 23:00:00,134.75,0.13475
2024-12-13 00:00:00,130.07,0.13007
2024-12-13 01:00:00,122.9,0.12290000000000001
2024-12-13 02:00:00,118.97,0.11896999999999999
2024-12-13 03:00:00,114.95,0.11495
2024-12-13 04:00:00,115.64,0.11564
2024-12-13 05:00:00,125.83,0.12583
2024-12-13 06:00:00,156.53,0.15653
2024-12-13 07:00:00,187.71,0.18771000000000002
2024-12-13 08:00:00,253.0,0.253
2024-12-13 09:00:00,245.74,0.24574000000000001
2024-12-13 10:00:00,208.42,0.20842
2024-12-13 11:00:00,174.4,0.1744
2024-12-13 12:00:00,166.06,0.16606
2024-12-13 13:00:00,165.0,0.165
2024-12-13 14:00:00,184.5,0.1845
2024-12-13 15:00:00,220.77,0.22077000000000002
2024-12-13 16:00:00,250.06,0.25006
2024-12-13 17:00:00,284.21,0.28420999999999996
2024-12-13 18:00:00,260.0,0.26
2024-12-13 19:00:00,225.6,0.2256
2024-12-13 20:00:00,175.0,0.175
2024-12-13 21:00:00,146.22,0.14622
2024-12-13 22:00:00,135.09,0.13509000000000002
2024-12-13 23:00:00,116.52,0.11652
2024-12-14 00:00:00,116.94,0.11694
2024-12-14 01:00:00,111.36,0.11136
2024-12-14 02:00:00,108.04,0.10804000000000001
2024-12-14 03:00:00,99.02,0.09902
2024-12-14 04:00:00,93.44,0.09344
2024-12-14 05:00:00,91.55,0.09154999999999999
2024-12-14 06:00:00,92.35,0.09234999999999999
2024-12-14 07:00:00,101.67,0.10167
2024-12-14 08:00:00,113.75,0.11375
2024-12-14 09:00:00,124.98,0.12498000000000001
2024-12-14 10:00:00,120.93,0.12093000000000001
2024-12-14 11:00:00,107.48,0.10748
2024-12-14 12:00:00,104.71,0.10471
2024-12-14 13:00:00,102.96,0.10296
2024-12-14 14:00:00,96.63,0.09663
2024-12-14 15:00:00,98.24,0.09824
2024-12-14 16:00:00,105.67,0.10567
2024-12-14 17:00:00,121.12,0.12112
2024-12-14 18:00:00,93.15,0.09315000000000001
2024-12-14 19:00:00,95.6,0.09559999999999999
2024-12-14 20:00:00,86.01,0.08601
2024-12-14 21:00:00,82.78,0.08278
2024-12-14 22:00:00,87.25,0.08725
2024-12-14 23:00:00,73.81,0.07381
2024-12-15 00:00:00,73.58,0.07357999999999999
2024-12-15 01:00:00,68.48,0.06848
2024-12-15 02:00:00,67.61,0.06761
2024-12-15 03:00:00,59.39,0.05939
2024-12-15 04:00:00,55.33,0.05533
2024-12-15 05:00:00,52.74,0.05274
2024-12-15 06:00:00,45.62,0.04562
2024-12-15 07:00:00,53.92,0.05392
2024-12-15 08:00:00,65.3,0.0653
2024-12-15 09:00:00,70.65,0.07065
2024-12-15 10:00:00,65.26,0.06526
2024-12-15 11:00:00,60.9,0.060899999999999996
2024-12-15 12:00:00,61.5,0.0615
2024-12-15 13:00:00,47.51,0.04751
2024-12-15 14:00:00,49.47,0.04947
2024-12-15 15:00:00,47.92,0.047920000000000004
2024-12-15 16:00:00,38.0,0.038
2024-12-15 17:00:00,43.42,0.04342
2024-12-15 18:00:00,28.33,0.028329999999999998
2024-12-15 19:00:00,24.55,0.024550000000000002
2024-12-15 20:00:00,18.55,0.01855
2024-12-15 21:00:00,13.96,0.01396
2024-12-15 22:00:00,10.08,0.01008
2024-12-15 23:00:00,2.29,0.00229
2024-12-16 00:00:00,0.09,8.999999999999999e-05
2024-12-16 01:00:00,0.1,0.0001
2024-12-16 02:00:00,0.05,5e-05
2024-12-16 03:00:00,0.07,7.000000000000001e-05
2024-12-16 04:00:00,-0.01,-1e-05
2024-12-16 05:00:00,1.75,0.00175
2024-12-16 06:00:00,7.73,0.007730000000000001
2024-12-16 07:00:00,59.3,0.0593
2024-12-16 08:00:00,71.79,0.07179
2024-12-16 09:00:00,75.91,0.07590999999999999
2024-12-16 10:00:00,75.46,0.07546
2024-12-16 11:00:00,80.13,0.08012999999999999
2024-12-16 12:00:00,85.22,0.08522
2024-12-16 13:00:00,81.7,0.08170000000000001
2024-12-16 14:00:00,81.7,0.08170000000000001
2024-12-16 15:00:00,81.7,0.08170000000000001
2024-12-16 16:00:00,74.0,0.074
2024-12-16 17:00:00,81.56,0.08156000000000001
2024-12-16 18:00:00,72.01,0.07201
2024-12-16 19:00:00,70.94,0.07094
2024-12-16 20:00:00,61.5,0.0615
2024-12-16 21:00:00,44.41,0.04441
2024-12-16 22:00:00,44.4,0.0444
2024-12-16 23:00:00,16.59,0.01659
2024-12-17 00:00:00,37.45,0.037450000000000004
2024-12-17 01:00:00,21.57,0.02157
2024-12-17 02:00:00,20.94,0.02094
2024-12-17 03:00:00,25.01,0.02501
2024-12-17 04:00:00,28.98,0.02898
2024-12-17 05:00:00,57.27,0.05727
2024-12-17 06:00:00,67.77,0.06777
2024-12-17 07:00:00,104.94,0.10493999999999999
2024-12-17 08:00:00,115.92,0.11592
2024-12-17 09:00:00,114.04,0.11404
2024-12-17 10:00:00,108.4,0.10840000000000001
2024-12-17 11:00:00,102.38,0.10238
2024-12-17 12:00:00,102.72,0.10272
2024-12-17 13:00:00,106.2,0.1062
2024-12-17 14:00:00,109.63,0.10962999999999999
2024-12-17 15:00:00,116.42,0.11642
2024-12-17 16:00:00,117.1,0.1171
2024-12-17 17:00:00,127.33,0.12733
2024-12-17 18:00:00,121.6,0.1216
2024-12-17 19:00:00,108.1,0.10809999999999999
2024-12-17 20:00:00,98.51,0.09851
2024-12-17 21:00:00,95.84,0.09584000000000001
2024-12-17 22:00:00,92.44,0.09244
2024-12-17 23:00:00,70.66,0.07066
2024-12-18 00:00:00,69.18,0.06918
2024-12-18 01:00:00,52.31,0.05231
2024-12-18 02:00:00,48.41,0.048409999999999995
2024-12-18 03:00:00,45.0,0.045
2024-12-18 04:00:00,30.25,0.03025
2024-12-18 05:00:00,38.0,0.038
2024-12-18 06:00:00,49.91,0.049909999999999996
2024-12-18 07:00:00,57.9,0.0579
2024-12-18 08:00:00,77.58,0.07758
2024-12-18 09:00:00,72.82,0.07282
2024-12-18 10:00:00,65.99,0.06599
2024-12-18 11:00:00,63.08,0.06308
2024-12-18 12:00:00,63.07,0.06307
2024-12-18 13:00:00,63.08,0.06308
2024-12-18 14:00:00,63.08,0.06308
2024-12-18 15:00:00,55.63,0.055630000000000006
2024-12-18 16:00:00,46.81,0.046810000000000004
2024-12-18 17:00:00,57.9,0.0579
2024-12-18 18:00:00,63.08,0.06308
2024-12-18 19:00:00,63.08,0.06308
2024-12-18 20:00:00,57.9,0.0579
2024-12-18 21:00:00,50.69,0.05069
2024-12-18 22:00:00,43.14,0.04314
2024-12-18 23:00:00,21.44,0.02144
2024-12-19 00:00:00,11.28,0.01128
2024-12-19 01:00:00,13.23,0.01323
2024-12-19 02:00:00,5.45,0.00545
2024-12-19 03:00:00,1.25,0.00125
2024-12-19 04:00:00,0.31,0.00031
2024-12-19 05:00:00,2.0,0.002
2024-12-19 06:00:00,8.57,0.00857
2024-12-19 07:00:00,53.95,0.053950000000000005
2024-12-19 08:00:00,67.44,0.06744
2024-12-19 09:00:00,68.42,0.06842000000000001
2024-12-19 10:00:00,65.84,0.06584000000000001
2024-12-19 11:00:00,67.7,0.0677
2024-12-19 12:00:00,69.72,0.06972
2024-12-19 13:00:00,70.4,0.0704
2024-12-19 14:00:00,69.72,0.06972
2024-12-19 15:00:00,70.47,0.07047
2024-12-19 16:00:00,71.46,0.07146
2024-12-19 17:00:00,81.52,0.08152
2024-12-19 18:00:00,92.58,0.09258
2024-12-19 19:00:00,87.36,0.08736
2024-12-19 20:00:00,75.37,0.07537
2024-12-19 21:00:00,70.0,0.07
2024-12-19 22:00:00,69.72,0.06972
2024-12-19 23:00:00,55.01,0.055009999999999996
2024-12-20 00:00:00,47.72,0.04772
2024-12-20 01:00:00,31.48,0.03148
2024-12-20 02:00:00,16.31,0.016309999999999998
2024-12-20 03:00:00,17.43,0.01743
2024-12-20 04:00:00,22.82,0.02282
2024-12-20 05:00:00,48.49,0.048490000000000005
2024-12-20 06:00:00,66.15,0.06615
2024-12-20 07:00:00,102.4,0.1024
2024-12-20 08:00:00,109.72,0.10972
2024-12-20 09:00:00,106.65,0.10665000000000001
2024-12-20 10:00:00,103.14,0.10314
2024-12-20 11:00:00,97.44,0.09744
2024-12-20 12:00:00,87.56,0.08756
2024-12-20 13:00:00,83.84,0.08384
2024-12-20 14:00:00,88.03,0.08803
2024-12-20 15:00:00,98.67,0.09867000000000001
2024-12-20 16:00:00,105.24,0.10524
2024-12-20 17:00:00,109.89,0.10989
2024-12-20 18:00:00,101.18,0.10118
2024-12-20 19:00:00,98.65,0.09865
2024-12-20 20:00:00,89.73,0.08973
2024-12-20 21:00:00,71.82,0.07182
2024-12-20 22:00:00,70.34,0.07034
2024-12-20 23:00:00,58.26,0.05826
2024-12-21 00:00:00,27.75,0.02775
2024-12-21 01:00:00,22.75,0.02275
2024-12-21 02:00:00,21.56,0.02156
2024-12-21 03:00:00,19.41,0.01941
2024-12-21 04:00:00,18.11,0.01811
2024-12-21 05:00:00,20.04,0.02004
2024-12-21 06:00:00,20.0,0.02
2024-12-21 07:00:00,21.21,0.02121
2024-12-21 08:00:00,22.87,0.02287
2024-12-21 09:00:00,29.33,0.02933
2024-12-21 10:00:00,31.43,0.03143
2024-12-21 11:00:00,31.01,0.031010000000000003
2024-12-21 12:00:00,31.23,0.03123
2024-12-21 13:00:00,29.9,0.0299
2024-12-21 14:00:00,25.92,0.025920000000000002
2024-12-21 15:00:00,27.28,0.027280000000000002
2024-12-21 16:00:00,29.31,0.02931
2024-12-21 17:00:00,29.27,0.02927
2024-12-21 18:00:00,27.95,0.02795
2024-12-21 19:00:00,20.73,0.020730000000000002
2024-12-21 20:00:00,15.3,0.015300000000000001
2024-12-21 21:00:00,4.9,0.004900000000000001
2024-12-21 22:00:00,3.0,0.003
2024-12-21 23:00:00,1.0,0.001
2024-12-22 00:00:00,0.0,0.0
2024-12-22 01:00:00,-0.03,-2.9999999999999997e-05
2024-12-22 02:00:00,-0.46,-0.00046
2024-12-22 03:00:00,-1.04,-0.0010400000000000001
2024-12-22 04:00:00,-2.06,-0.00206
2024-12-22 05:00:00,-0.47,-0.00047
2024-12-22 06:00:00,-0.68,-0.00068
2024-12-22 07:00:00,-0.12,-0.00011999999999999999
2024-12-22 08:00:00,3.46,0.00346
2024-12-22 09:00:00,20.6,0.0206
2024-12-22 10:00:00,20.17,0.02017
2024-12-22 11:00:00,23.0,0.023
2024-12-22 12:00:00,21.19,0.02119
2024-12-22 13:00:00,21.39,0.02139
2024-12-22 14:00:00,28.02,0.02802
2024-12-22 15:00:00,41.77,0.04177
2024-12-22 16:00:00,46.93,0.04693
2024-12-22 17:00:00,65.47,0.06547
2024-12-22 18:00:00,60.79,0.06079
2024-12-22 19:00:00,58.21,0.05821
2024-12-22 20:00:00,46.93,0.04693
2024-12-22 21:00:00,36.66,0.03666
2024-12-22 22:00:00,36.2,0.0362
2024-12-22 23:00:00,24.5,0.0245
2024-12-23 00:00:00,29.19,0.02919
2024-12-23 01:00:00,20.13,0.02013
2024-12-23 02:00:00,14.31,0.01431
2024-12-23 03:00:00,9.12,0.00912
2024-12-23 04:00:00,9.78,0.009779999999999999
2024-12-23 05:00:00,14.8,0.0148
2024-12-23 06:00:00,17.39,0.01739
2024-12-23 07:00:00,52.01,0.05201
2024-12-23 08:00:00,59.34,0.059340000000000004
2024-12-23 09:00:00,59.62,0.05962
2024-12-23 10:00:00,52.73,0.05273
2024-12-23 11:00:00,52.0,0.052
2024-12-23 12:00:00,54.17,0.05417
2024-12-23 13:00:00,54.81,0.054810000000000005
2024-12-23 14:00:00,61.56,0.061560000000000004
2024-12-23 15:00:00,73.69,0.07368999999999999
2024-12-23 16:00:00,82.56,0.08256000000000001
2024-12-23 17:00:00,98.25,0.09825
2024-12-23 18:00:00,101.75,0.10175
2024-12-23 19:00:00,97.47,0.09747
2024-12-23 20:00:00,92.59,0.09259
2024-12-23 21:00:00,108.29,0.10829000000000001
2024-12-23 22:00:00,105.82,0.10582
2024-12-23 23:00:00,96.99,0.09698999999999999
2024-12-24 00:00:00,86.03,0.08603
2024-12-24 01:00:00,82.84,0.08284
2024-12-24 02:00:00,81.89,0.08189
2024-12-24 03:00:00,78.0,0.078
2024-12-24 04:00:00,78.78,0.07878
2024-12-24 05:00:00,80.6,0.08059999999999999
2024-12-24 06:00:00,85.07,0.08506999999999999
2024-12-24 07:00:00,100.83,0.10083
2024-12-24 08:00:00,115.09,0.11509
2024-12-24 09:00:00,120.95,0.12095
2024-12-24 10:00:00,120.0,0.12
2024-12-24 11:00:00,118.16,0.11816
2024-12-24 12:00:00,117.49,0.11749
2024-12-24 13:00:00,115.38,0.11538
2024-12-24 14:00:00,117.98,0.11798
2024-12-24 15:00:00,119.5,0.1195
2024-12-24 16:00:00,120.21,0.12021
2024-12-24 17:00:00,118.0,0.118
2024-12-24 18:00:00,110.98,0.11098000000000001
2024-12-24 19:00:00,105.66,0.10565999999999999
2024-12-24 20:00:00,102.56,0.10256
2024-12-24 21:00:00,94.63,0.09462999999999999
2024-12-24 22:00:00,99.04,0.09904
2024-12-24 23:00:00,90.0,0.09
2024-12-25 00:00:00,91.37,0.09137
2024-12-25 01:00:00,86.44,0.08644
2024-12-25 02:00:00,85.07,0.08506999999999999
2024-12-25 03:00:00,80.81,0.08081
2024-12-25 04:00:00,75.99,0.07598999999999999
2024-12-25 05:00:00,80.81,0.08081
2024-12-25 06:00:00,83.01,0.08301
2024-12-25 07:00:00,84.94,0.08494
2024-12-25 08:00:00,90.21,0.09021
2024-12-25 09:00:00,99.24,0.09924
2024-12-25 10:00:00,93.56,0.09356
2024-12-25 11:00:00,92.55,0.09255
2024-12-25 12:00:00,94.41,0.09441
2024-12-25 13:00:00,91.03,0.09103
2024-12-25 14:00:00,99.17,0.09917000000000001
2024-12-25 15:00:00,112.69,0.11269
2024-12-25 16:00:00,118.01,0.11801
2024-12-25 17:00:00,120.53,0.12053
2024-12-25 18:00:00,119.11,0.11911
2024-12-25 19:00:00,118.01,0.11801
2024-12-25 20:00:00,118.33,0.11833
2024-12-25 21:00:00,113.01,0.11301
2024-12-25 22:00:00,114.07,0.11406999999999999
2024-12-25 23:00:00,104.63,0.10463
2024-12-26 00:00:00,102.17,0.10217
2024-12-26 01:00:00,95.06,0.09506
2024-12-26 02:00:00,94.61,0.09461
2024-12-26 03:00:00,89.64,0.08964
2024-12-26 04:00:00,90.87,0.09087
2024-12-26 05:00:00,95.1,0.09509999999999999
2024-12-26 06:00:00,99.0,0.099
2024-12-26 07:00:00,112.61,0.11261
2024-12-26 08:00:00,119.1,0.1191
2024-12-26 09:00:00,118.23,0.11823
2024-12-26 10:00:00,113.25,0.11325
2024-12-26 11:00:00,106.01,0.10601000000000001
2024-12-26 12:00:00,107.71,0.10771
2024-12-26 13:00:00,103.9,0.1039
2024-12-26 14:00:00,109.64,0.10964
2024-12-26 15:00:00,120.75,0.12075
2024-12-26 16:00:00,129.64,0.12963999999999998
2024-12-26 17:00:00,137.9,0.1379
2024-12-26 18:00:00,138.05,0.13805
2024-12-26 19:00:00,135.71,0.13571
2024-12-26 20:00:00,129.13,0.12913
2024-12-26 21:00:00,120.85,0.12085
2024-12-26 22:00:00,123.5,0.1235
2024-12-26 23:00:00,116.98,0.11698
2024-12-27 00:00:00,106.79,0.10679000000000001
2024-12-27 01:00:00,101.52,0.10152
2024-12-27 02:00:00,101.03,0.10103
2024-12-27 03:00:00,99.74,0.09974
2024-12-27 04:00:00,99.58,0.09958
2024-12-27 05:00:00,106.2,0.1062
2024-12-27 06:00:00,115.7,0.1157
2024-12-27 07:00:00,124.29,0.12429000000000001
2024-12-27 08:00:00,131.85,0.13185
2024-12-27 09:00:00,130.15,0.13015000000000002
2024-12-27 10:00:00,120.1,0.1201
2024-12-27 11:00:00,107.94,0.10794
2024-12-27 12:00:00,107.81,0.10781
2024-12-27 13:00:00,107.94,0.10794
2024-12-27 14:00:00,121.65,0.12165000000000001
2024-12-27 15:00:00,136.46,0.13646
2024-12-27 16:00:00,146.25,0.14625
2024-12-27 17:00:00,151.8,0.15180000000000002
2024-12-27 18:00:00,158.4,0.1584
2024-12-27 19:00:00,146.43,0.14643
2024-12-27 20:00:00,133.14,0.13313999999999998
2024-12-27 21:00:00,125.42,0.12542
2024-12-27 22:00:00,126.76,0.12676
2024-12-27 23:00:00,114.0,0.114
2024-12-28 00:00:00,126.4,0.1264
2024-12-28 01:00:00,116.63,0.11663
2024-12-28 02:00:00,110.15,0.11015000000000001
2024-12-28 03:00:00,105.92,0.10592
2024-12-28 04:00:00,102.93,0.10293000000000001
2024-12-28 05:00:00,105.58,0.10558
2024-12-28 06:00:00,109.71,0.10970999999999999
2024-12-28 07:00:00,124.24,0.12423999999999999
2024-12-28 08:00:00,128.0,0.128
2024-12-28 09:00:00,128.3,0.12830000000000003
2024-12-28 10:00:00,122.83,0.12283
2024-12-28 11:00:00,113.4,0.1134
2024-12-28 12:00:00,108.97,0.10897
2024-12-28 13:00:00,110.01,0.11001000000000001
2024-12-28 14:00:00,117.83,0.11783
2024-12-28 15:00:00,137.84,0.13784
2024-12-28 16:00:00,143.25,0.14325
2024-12-28 17:00:00,152.0,0.152
2024-12-28 18:00:00,147.51,0.14751
2024-12-28 19:00:00,140.48,0.14048
2024-12-28 20:00:00,129.26,0.12925999999999999
2024-12-28 21:00:00,125.9,0.1259
2024-12-28 22:00:00,121.25,0.12125
2024-12-28 23:00:00,114.93,0.11493
2024-12-29 00:00:00,127.39,0.12739
2024-12-29 01:00:00,114.09,0.11409
2024-12-29 02:00:00,107.71,0.10771
2024-12-29 03:00:00,101.7,0.1017
2024-12-29 04:00:00,97.73,0.09773
2024-12-29 05:00:00,98.61,0.09861
2024-12-29 06:00:00,98.16,0.09816
2024-12-29 07:00:00,102.09,0.10209
2024-12-29 08:00:00,110.71,0.11070999999999999
2024-12-29 09:00:00,114.65,0.11465
2024-12-29 10:00:00,104.07,0.10407
2024-12-29 11:00:00,100.19,0.10019
2024-12-29 12:00:00,100.72,0.10072
2024-12-29 13:00:00,99.73,0.09973
2024-12-29 14:00:00,98.44,0.09844
2024-12-29 15:00:00,104.01,0.10401
2024-12-29 16:00:00,121.73,0.12173
2024-12-29 17:00:00,122.0,0.122
2024-12-29 18:00:00,126.11,0.12611
2024-12-29 19:00:00,121.34,0.12134
2024-12-29 20:00:00,109.92,0.10992
2024-12-29 21:00:00,90.21,0.09021
2024-12-29 22:00:00,83.79,0.08379
2024-12-29 23:00:00,71.63,0.07163
2024-12-30 00:00:00,71.73,0.07173
2024-12-30 01:00:00,68.6,0.0686
2024-12-30 02:00:00,68.6,0.0686
2024-12-30 03:00:00,64.65,0.06465
2024-12-30 04:00:00,66.89,0.06689
2024-12-30 05:00:00,69.17,0.06917
2024-12-30 06:00:00,71.14,0.07114
2024-12-30 07:00:00,80.2,0.08020000000000001
2024-12-30 08:00:00,86.3,0.0863
2024-12-30 09:00:00,87.06,0.08706
2024-12-30 10:00:00,83.71,0.08370999999999999
2024-12-30 11:00:00,78.88,0.07887999999999999
2024-12-30 12:00:00,82.86,0.08286
2024-12-30 13:00:00,80.5,0.0805
2024-12-30 14:00:00,83.7,0.0837
2024-12-30 15:00:00,92.42,0.09242
2024-12-30 16:00:00,96.97,0.09697
2024-12-30 17:00:00,109.97,0.10997
2024-12-30 18:00:00,100.0,0.1
2024-12-30 19:00:00,86.62,0.08662
2024-12-30 20:00:00,74.83,0.07483
2024-12-30 21:00:00,68.02,0.06802
2024-12-30 22:00:00,67.26,0.06726
2024-12-30 23:00:00,35.66,0.03566
2024-12-31 00:00:00,50.49,0.05049
2024-12-31 01:00:00,45.9,0.045899999999999996
2024-12-31 02:00:00,56.43,0.05643
2024-12-31 03:00:00,57.06,0.05706
2024-12-31 04:00:00,63.92,0.06392
2024-12-31 05:00:00,63.72,0.06372
2024-12-31 06:00:00,63.7,0.0637
2024-12-31 07:00:00,71.63,0.07163
2024-12-31 08:00:00,78.43,0.07843000000000001
2024-12-31 09:00:00,83.46,0.08345999999999999
2024-12-31 10:00:00,82.47,0.08247
2024-12-31 11:00:00,81.03,0.08103
2024-12-31 12:00:00,81.17,0.08117
2024-12-31 13:00:00,78.93,0.07893
2024-12-31 14:00:00,76.84,0.07684
2024-12-31 15:00:00,82.07,0.08206999999999999
2024-12-31 16:00:00,83.67,0.08367000000000001
2024-12-31 17:00:00,83.25,0.08325
2024-12-31 18:00:00,77.68,0.07768000000000001
2024-12-31 19:00:00,67.77,0.06777
2024-12-31 20:00:00,35.56,0.03556
2024-12-31 21:00:00,15.7,0.0157
2024-12-31 22:00:00,9.06,0.00906
2024-12-31 23:00:00,0.52,0.0005200000000000001
