timestamp,T_room,T_supply,T_amb,Q_heat,Q_gains,Q_sol,SOC
2025-12-01 00:00:00,21.365097545826025,41.84625346660536,2.281940592660708,7726.681662410811,575.84,0.0,0.0
2025-12-01 01:00:00,22.0,45.55138316189666,-1.834870179885176,11908.291036516572,575.84,0.0,0.0
2025-12-01 02:00:00,22.0,45.12976434584691,-1.3664048287187849,11432.452040722823,575.84,0.0,0.0
2025-12-01 03:00:00,22.0,45.845545759595936,-2.161717510662146,12240.282944279974,575.84,0.0,0.0
2025-12-01 04:00:00,22.0,43.005872037803705,0.9934755135514372,9035.427181865263,575.84,0.0,0.0
2025-12-01 05:00:00,22.0,45.116151814109095,-1.3512797934545469,11417.088937403527,575.84,0.0,0.0
2025-12-01 06:00:00,22.0,38.20319333961738,6.329785178202915,3615.1240030921736,1439.6,0.0,0.0
2025-12-01 07:00:00,22.0,38.797019089257304,5.669978789714106,4285.315744135794,1994.08,266.56,0.0
2025-12-01 08:00:00,22.0,38.528266398645314,5.968592890394092,3982.001457511102,7363.612,5924.012,0.0
2025-12-01 09:00:00,22.0,42.05718779815008,2.047569113166571,7964.7421489921835,2990.3568,2126.5968,0.0
2025-12-01 10:00:00,22.0,38.61256465955207,5.874928156053256,4077.1404747704673,4212.4712,3348.7112,0.0
2025-12-01 11:00:00,22.0,36.446311508934144,8.281876101184281,1632.3071689830754,4398.3732,3390.6532,0.0
2025-12-01 12:00:00,22.0,37.432410281156066,7.186210798715479,2745.218243312737,2472.58,1320.9,0.0
2025-12-01 13:00:00,22.0,40.42646341370015,3.859485095888723,6124.306608701988,1650.32,642.6,0.0
2025-12-01 14:00:00,22.0,40.1524773059316,4.163914104520445,5815.085887474402,1010.13,146.37,0.0
2025-12-01 15:00:00,22.0,40.36790063613921,3.924554848734209,6058.212657946715,867.33,3.57,0.0
2025-12-01 16:00:00,22.0,41.386188102079494,2.793124331022785,7207.451892006918,863.76,0.0,0.0
2025-12-01 17:00:00,22.0,38.41644953335237,6.092833851830699,3855.804943341486,1439.6,0.0,0.0
2025-12-01 18:00:00,22.0,45.55782364988186,-1.842026277646512,11915.55977125667,1727.52,0.0,0.0
2025-12-01 19:00:00,22.0,41.85109411098317,2.27656209890759,7732.1448136556055,2015.44,0.0,0.0
2025-12-01 20:00:00,22.0,46.22614607487121,-2.584606749856901,12669.828460099649,1727.52,0.0,0.0
2025-12-01 21:00:00,22.0,46.37583708968349,-2.750930099648324,12838.769739416792,1439.6,0.0,0.0
2025-12-01 22:00:00,22.0,48.83521151398767,-5.483568348875188,15614.41971468649,1151.68,0.0,0.0
2025-12-01 23:00:00,22.0,46.5656309507266,-2.961812167474005,13052.971090990042,863.76,0.0,0.0
2025-12-02 00:00:00,22.0,42.98068302722942,1.021463303078427,9006.998864531122,575.84,0.0,0.0
2025-12-02 01:00:00,22.0,45.10064933820405,-1.3340548202267173,11399.592843097093,575.84,0.0,0.0
2025-12-02 02:00:00,22.0,47.37474223822235,-3.860824709135948,13966.134090057749,575.84,0.0,0.0
2025-12-02 03:00:00,22.0,42.81471859838881,1.205868224012435,8819.69141014161,575.84,0.0,0.0
2025-12-02 04:00:00,22.0,41.68365232557637,2.4626085271373714,7543.17001464549,575.84,0.0,0.0
2025-12-02 05:00:00,22.0,42.84446489649872,1.172816781668088,8853.263082188458,575.84,0.0,0.0
2025-12-02 06:00:00,22.0,38.437451515325336,6.0694983163051806,3879.5077801961743,1439.6,0.0,0.0
2025-12-02 07:00:00,22.0,39.68943601330662,4.678404429659311,5292.49748461785,1995.865,268.345,0.0
2025-12-02 08:00:00,22.0,39.071225486873345,5.365305014585176,4594.785084485258,9995.3338,8555.7338,0.0
2025-12-02 09:00:00,22.0,41.00049726062775,3.2216697104136096,6772.161208344483,10696.1482,9832.3882,0.0
2025-12-02 10:00:00,22.0,37.85299127225761,6.718898586380436,3219.8859498699408,10151.3442,9287.5842,0.0
2025-12-02 11:00:00,22.0,38.23244272567126,6.29728586036526,3648.1348601925874,9958.672,8950.952,0.0
2025-12-02 12:00:00,22.0,37.56430779519215,7.039658005342053,2894.0777776538607,10882.8869,9731.2069,0.0
2025-12-02 13:00:00,22.0,39.854921139813754,4.494532066873612,5479.263998393804,10934.7994,9927.0794,0.0
2025-12-02 14:00:00,22.0,38.75173055452984,5.720299383855728,4234.203103842381,1493.865,630.105,0.0
2025-12-02 15:00:00,22.0,41.02476628811536,3.194704124316273,6799.551232766995,949.44,85.68,0.0
2025-12-02 16:00:00,22.0,44.164837779938864,-0.2942641999320639,10343.435918439003,863.76,0.0,0.0
2025-12-02 17:00:00,22.0,39.37130321418984,5.031885317566851,4933.452807534651,1439.6,0.0,0.0
2025-12-02 18:00:00,22.0,44.804300167041134,-1.004777963379034,11065.133168522625,1727.52,0.0,0.0
2025-12-02 19:00:00,22.0,42.83881292576073,1.179096749154749,8846.884268013559,2015.44,0.0,0.0
2025-12-02 20:00:00,22.0,43.300596166991724,0.6660042588980807,9368.05283406686,1727.52,0.0,0.0
2025-12-02 21:00:00,22.0,44.05777098371807,-0.1753010930200788,10222.600332224218,1439.6,0.0,0.0
2025-12-02 22:00:00,22.0,45.727233786100825,-2.030259762334254,12106.756050993394,1151.68,0.0,0.0
2025-12-02 23:00:00,22.0,45.089152319136694,-1.3212803545963263,11386.617307377675,863.76,0.0,0.0
2025-12-03 00:00:00,22.0,44.85225927438671,-1.0580658604296758,11119.259817072843,575.84,0.0,0.0
2025-12-03 01:00:00,22.0,44.25439630628708,-0.3937736736523036,10444.511671275597,575.84,0.0,0.0
2025-12-03 02:00:00,22.0,42.09749704273231,2.0027810636307715,8010.235162427683,575.84,0.0,0.0
2025-12-03 03:00:00,22.0,44.2240349395748,-0.3600388217497791,10410.245832804121,575.84,0.0,0.0
2025-12-03 04:00:00,22.0,43.78471207896814,0.1280976900354039,9914.426052323446,575.84,0.0,0.0
2025-12-03 05:00:00,22.0,44.66386069999925,-0.8487341111102711,10906.633186019151,575.84,0.0,0.0
2025-12-03 06:00:00,22.0,41.31529661698119,2.871892647798674,7127.443761924976,1439.6,0.0,0.0
2025-12-03 07:00:00,22.0,39.9669618519779,4.37004238669122,5605.713146142258,2057.15,329.63,0.0
2025-12-03 08:00:00,22.0,40.64614573170693,3.6153936314367456,6372.240072804442,8824.8789,7385.2789,0.0
2025-12-03 09:00:00,22.0,38.574113080197165,5.917652133114264,4033.744022310521,9234.199,8370.439,0.0
2025-12-03 10:00:00,22.0,39.508837694764836,4.879069228039071,5088.674222311594,9855.711,8991.951,0.0
2025-12-03 11:00:00,22.0,37.41488025159929,7.20568860933412,2725.433851954962,8705.1122,7697.3922,0.0
2025-12-03 12:00:00,22.0,36.85731583474646,7.825204628059487,2096.1666510948535,10626.014,9474.334,0.0
2025-12-03 13:00:00,22.0,37.00513686524448,7.660959038617244,2262.9974661149213,7690.4445,6682.7245,0.0
2025-12-03 14:00:00,22.0,38.770188759321684,5.699790267420356,4255.035033770453,1299.3,435.54,0.0
2025-12-03 15:00:00,22.0,41.42635826063912,2.748490821512087,7252.787932957312,888.75,24.99,0.0
2025-12-03 16:00:00,22.0,41.40144349475528,2.776173894716359,7224.669128180807,863.76,0.0,0.0
2025-12-03 17:00:00,22.0,40.09696825463841,4.2255908281795405,5752.438372184913,1439.6,0.0,0.0
2025-12-03 18:00:00,22.0,37.69213784966759,6.897624611480454,3038.346777134841,1727.52,0.0,0.0
2025-12-03 19:00:00,22.0,43.64504595112682,0.2832822765257531,9756.798860441728,2015.44,0.0,0.0
2025-12-03 20:00:00,22.0,43.07949217890135,0.9116753567762812,9118.51487310806,1727.52,0.0,0.0
2025-12-03 21:00:00,22.0,45.6464790157345,-1.9405322397049956,12015.616217157958,1439.6,0.0,0.0
2025-12-03 22:00:00,22.0,46.97083213327236,-3.412035703635955,13510.281145611187,1151.68,0.0,0.0
2025-12-03 23:00:00,22.0,46.7947015290799,-3.2163350323109983,13311.500145719578,863.76,0.0,0.0
2025-12-04 00:00:00,22.0,49.44844955806481,-6.164943953405343,16306.520171231945,575.84,0.0,0.0
2025-12-04 01:00:00,22.0,43.141149861406696,0.8431668206592282,9188.101733583599,575.84,0.0,0.0
2025-12-04 02:00:00,22.0,49.23192590887028,-5.924362120966982,16062.151580751,575.84,0.0,0.0
2025-12-04 03:00:00,22.0,45.12047522699271,-1.3560835855474551,11421.968341183974,575.84,0.0,0.0
2025-12-04 04:00:00,22.0,46.0206302116301,-2.356255790700109,12437.883256845731,575.84,0.0,0.0
2025-12-04 05:00:00,22.0,44.62363295002105,-0.8040366111344919,10861.232147393755,575.84,0.0,0.0
2025-12-04 06:00:00,22.0,39.6222592124704,4.753045319477335,5216.68174719409,1439.6,0.0,0.0
2025-12-04 07:00:00,22.0,40.80633085557442,3.437410160472867,6553.025003601294,1938.15,210.63,0.0
2025-12-04 08:00:00,22.0,42.03771308652706,2.069207681636599,7942.762989454444,2798.3037,1358.7037,0.0
2025-12-04 09:00:00,22.0,40.61554642622215,3.649392859753168,6337.7056966343225,3712.083,2848.323,0.0
2025-12-04 10:00:00,22.0,40.360174743171775,3.933139174253583,6049.493215143667,5116.1302,4252.3702,0.0
2025-12-04 11:00:00,22.0,38.70104923510134,5.776611960998512,4177.004166735369,4745.3981,3737.6781,0.0
2025-12-04 12:00:00,22.0,38.18879496738215,6.345783369575385,3598.874000187496,2929.54,1777.86,0.0
2025-12-04 13:00:00,21.909921249836337,35.21063243354795,9.654852851613391,237.7197645022163,1903.79,896.07,0.0
2025-12-04 14:00:00,22.0,42.4316499251719,1.6315000831423414,8387.360105549003,1113.66,249.9,0.0
2025-12-04 15:00:00,22.0,39.617077754292744,4.7588024952302845,5210.833953494792,885.18,21.42,0.0
2025-12-04 16:00:00,22.0,40.868021846562144,3.368864614930956,6622.649456030036,863.76,0.0,0.0
2025-12-04 17:00:00,22.0,39.464464087740716,4.928373235843648,5038.594169424172,1439.6,0.0,0.0
2025-12-04 18:00:00,22.0,41.46132738727889,2.709636236356787,7292.254089282958,1727.52,0.0,0.0
2025-12-04 19:00:00,22.0,41.969096587762174,2.145448235819808,7865.32240894839,2015.44,0.0,0.0
2025-12-04 20:00:00,22.0,43.27884486517285,0.6901723720301662,9343.50431483408,1727.52,0.0,0.0
2025-12-04 21:00:00,22.0,46.323168437781945,-2.692409375313268,12779.327898880705,1439.6,0.0,0.0
2025-12-04 22:00:00,22.0,43.03741355993655,0.9584293778482724,9071.024943744394,1151.68,0.0,0.0
2025-12-04 23:00:00,22.0,44.14002414633244,-0.2666934959249354,10315.431251550797,863.76,0.0,0.0
2025-12-05 00:00:00,22.0,44.05204637489546,-0.1689404165505139,10216.139538707019,575.84,0.0,0.0
2025-12-05 01:00:00,22.0,43.30204266772775,0.6643970358580562,9369.685354797537,575.84,0.0,0.0
2025-12-05 02:00:00,22.0,44.46587627245045,-0.6287514138338348,10683.18796108758,575.84,0.0,0.0
2025-12-05 03:00:00,22.0,41.979798084860086,2.133557683488796,7877.400118573094,575.84,0.0,0.0
2025-12-05 04:00:00,22.0,43.220248770784046,0.7552791435732824,9277.372762706875,575.84,0.0,0.0
2025-12-05 05:00:00,22.0,43.42605402081337,0.5266066435406997,9509.644567889967,575.84,0.0,0.0
2025-12-05 06:00:00,22.0,42.11188703887006,1.9867921790332703,8026.475712068749,1439.6,0.0,0.0
2025-12-05 07:00:00,22.0,41.21117022027593,2.98758864413785,7009.926710603418,1838.19,110.67,0.0
2025-12-05 08:00:00,22.0,41.23490437976298,2.9612173558189143,7036.713083000501,2719.5179,1279.9179,0.0
2025-12-05 09:00:00,22.0,36.617015660662034,8.092204821486632,1824.9638746231717,2360.2361,1496.4761,0.0
2025-12-05 10:00:00,22.0,38.44897688846942,6.0566923461450894,3892.5153163265845,2259.63,1395.87,0.0
2025-12-05 11:00:00,22.0,38.452137768860126,6.053180256822086,3896.082685935539,2321.48,1313.76,0.0
2025-12-05 12:00:00,22.0,37.80110634113242,6.776548509852868,3161.3286166020466,2619.3071,1467.6271,0.0
2025-12-05 13:00:00,21.956695703929835,33.258928895232486,11.823412338630568,0.0,2077.2311,1069.5111,0.0
2025-12-05 14:00:00,22.0,41.01941208585541,3.2006532379384365,6793.508480096413,1178.515,314.755,0.0
2025-12-05 15:00:00,22.0,41.07548490881773,3.1383501013136383,6856.792268091689,935.16,71.4,0.0
2025-12-05 16:00:00,22.0,42.78502783140459,1.2388579651060074,8786.182410523223,863.76,0.0,0.0
2025-12-05 17:00:00,22.0,41.5869300668148,2.570077703539112,7434.009273407186,1439.6,0.0,0.0
2025-12-05 18:00:00,22.0,41.65806680201075,2.491036886654721,7514.294192749335,1727.52,0.0,0.0
2025-12-05 19:00:00,22.0,43.869329095383016,0.0340787829077621,10009.924817049272,2015.44,0.0,0.0
2025-12-05 20:00:00,22.0,44.87150823667318,-1.079453596303539,11140.984195909352,1727.52,0.0,0.0
2025-12-05 21:00:00,22.0,44.389255652340935,-0.5436173914899238,10596.71392923198,1439.6,0.0,0.0
2025-12-05 22:00:00,22.0,46.12148553831744,-2.4683172647971485,12551.70857854506,1151.68,0.0,0.0
2025-12-05 23:00:00,22.0,45.01901648571154,-1.243351650790597,11307.462005774045,863.76,0.0,0.0
2025-12-06 00:00:00,22.0,43.694378175863314,0.2284686934852087,9812.475209279337,575.84,0.0,0.0
2025-12-06 01:00:00,22.0,44.358678128999195,-0.5096423655546605,10562.204136388493,575.84,0.0,0.0
2025-12-06 02:00:00,22.0,43.631867428726615,0.2979250791926502,9741.925580060859,575.84,0.0,0.0
2025-12-06 03:00:00,22.0,42.69093127155948,1.3434096982672492,8679.985033082028,575.84,0.0,0.0
2025-12-06 04:00:00,22.0,43.39090931178633,0.565656320237406,9469.980249282055,575.84,0.0,0.0
2025-12-06 05:00:00,22.0,43.31730240924666,0.6474417675037147,9386.907499075778,575.84,0.0,0.0
2025-12-06 06:00:00,22.0,43.49005552758975,0.4554938582336088,9581.876668437797,1439.6,0.0,0.0
2025-12-06 07:00:00,22.0,41.87237213217522,2.252919853138641,7756.159188372957,1864.965,137.445,0.0
2025-12-06 08:00:00,22.0,41.242633958818416,2.952628934646211,7045.436685922466,2535.215,1095.615,0.0
2025-12-06 09:00:00,22.0,38.23740539981079,6.291771777988013,3653.7357342264577,4493.8886,3342.2086,0.0
2025-12-06 10:00:00,22.0,38.35809994810647,6.1576667243261465,3789.9516014329633,2962.1731,1810.4931,0.0
2025-12-06 11:00:00,22.0,37.36850287247361,7.257219030584876,2673.0923418737198,2903.9181,1608.2781,0.0
2025-12-06 12:00:00,22.0,40.58860634098028,3.679326287799697,6307.301116430342,2353.52,913.92,0.0
2025-12-06 13:00:00,22.0,36.04551795372541,8.727202273638431,1179.971562574496,2172.2853,876.6453,0.0
2025-12-06 14:00:00,22.0,39.75087321508819,4.61014087212423,5361.835510548533,1576.51,424.83,0.0
2025-12-06 15:00:00,22.0,41.53444554346282,2.6283938405968645,7374.775240352143,1183.81,32.13,0.0
2025-12-06 16:00:00,22.0,41.090591976679264,3.1215644703563745,6873.842104880217,1151.68,0.0,0.0
2025-12-06 17:00:00,22.0,36.69747265097341,8.002808165585101,1915.7676338885904,1727.52,0.0,0.0
2025-12-06 18:00:00,22.0,42.79789035968482,1.224566267016865,8800.69905994029,2015.44,0.0,0.0
2025-12-06 19:00:00,22.0,43.61692221101674,0.3145308766480659,9725.058407353497,2159.4,0.0,0.0
2025-12-06 20:00:00,22.0,44.24578842513341,-0.384209361259351,10434.79681660557,2015.44,0.0,0.0
2025-12-06 21:00:00,22.0,44.91310110244819,-1.1256678916090992,11187.925904223026,1727.52,0.0,0.0
2025-12-06 22:00:00,22.0,46.62434837206624,-3.027053746740262,13119.239572713956,1439.6,0.0,0.0
2025-12-06 23:00:00,22.0,45.31954942486961,-1.5772771387440123,11646.64348090784,1151.68,0.0,0.0
2025-12-07 00:00:00,22.0,43.763929165243006,0.1511898163966605,9890.970455893257,575.84,0.0,0.0
2025-12-07 01:00:00,22.0,45.01161220677898,-1.235124674198859,11299.105536570756,575.84,0.0,0.0
2025-12-07 02:00:00,22.0,47.21778899164396,-3.6864322129377256,13788.996655969371,575.84,0.0,0.0
2025-12-07 03:00:00,22.0,45.265407041152244,-1.5171189346136067,11585.538386644424,575.84,0.0,0.0
2025-12-07 04:00:00,22.0,44.892749320182936,-1.1030548002032592,11164.956882758463,575.84,0.0,0.0
2025-12-07 05:00:00,22.0,42.93645751954644,1.0706027560595193,8957.08595656011,575.84,0.0,0.0
2025-12-07 06:00:00,22.0,39.70518699118783,4.660903343124634,5310.274038254585,1439.6,0.0,0.0
2025-12-07 07:00:00,22.0,41.43624047046852,2.737510588368317,7263.9409949707715,1763.22,35.7,0.0
2025-12-07 08:00:00,22.0,40.4586787639667,3.8236902622592175,6160.664853012821,1796.6,357.0,0.0
2025-12-07 09:00:00,22.0,36.35465491385346,8.383716762385049,1528.8635357750136,1882.1236,730.4436,0.0
2025-12-07 10:00:00,22.0,37.40513776136703,7.216513598481075,2714.43847747883,1814.7581,663.0781,0.0
2025-12-07 11:00:00,22.0,37.58932071756759,7.011865869369343,2922.3073618467806,2395.2,1099.56,0.0
2025-12-07 12:00:00,21.937721491878605,34.9753630924568,9.916263230603551,0.0,2357.09,917.49,0.0
2025-12-07 13:00:00,22.0,37.74100676673013,6.843325814744299,3093.5002369316258,2222.3666,926.7266,0.0
2025-12-07 14:00:00,22.0,42.55805740193556,1.4910473311827106,8530.02358382447,1426.57,274.89,0.0
2025-12-07 15:00:00,22.0,38.05561722354378,6.493758640506911,3448.5695984915073,1169.53,17.85,0.0
2025-12-07 16:00:00,22.0,43.16561522281357,0.8159830857626997,9215.713340467397,1151.68,0.0,0.0
2025-12-07 17:00:00,22.0,40.35464177418252,3.939286917574979,6043.2487063423905,1727.52,0.0,0.0
2025-12-07 18:00:00,22.0,45.18473843343263,-1.4274871482584794,11494.495795972065,2015.44,0.0,0.0
2025-12-07 19:00:00,22.0,43.87208830108893,0.0310129987900779,10013.038856608968,2159.4,0.0,0.0
2025-12-07 20:00:00,22.0,44.55481215329777,-0.7275690592197412,10783.560996211861,2015.44,0.0,0.0
2025-12-07 21:00:00,22.0,46.03179880528873,-2.368665339209695,12450.488131648863,1727.52,0.0,0.0
2025-12-07 22:00:00,22.0,45.84562504856814,-2.1618056095201537,12240.372429814002,1439.6,0.0,0.0
2025-12-07 23:00:00,22.0,43.718721877991655,0.2014201355648315,9839.949511501383,1151.68,0.0,0.0
2025-12-08 00:00:00,22.0,46.9851152418872,-3.4279058243191067,13526.401061993896,575.84,0.0,0.0
2025-12-08 01:00:00,22.0,44.59607939152167,-0.7734215461351914,10830.135201271358,575.84,0.0,0.0
2025-12-08 02:00:00,22.0,46.95586080491712,-3.395400894352355,13493.384504429467,575.84,0.0,0.0
2025-12-08 03:00:00,22.0,44.986683649777405,-1.207426277530448,11270.97116713878,575.84,0.0,0.0
2025-12-08 04:00:00,22.0,43.31708932061059,0.6476785326549008,9386.667007241114,575.84,0.0,0.0
2025-12-08 05:00:00,22.0,44.82549971228248,-1.0283330136472024,11089.058975282007,575.84,0.0,0.0
2025-12-08 06:00:00,22.0,44.46109677923924,-0.6234408658213799,10677.79382504941,1439.6,0.0,0.0
2025-12-08 07:00:00,22.0,40.28287076658893,4.01903248156786,5962.247947172265,1741.8,14.28,0.0
2025-12-08 08:00:00,22.0,38.27845528118685,6.246160798681277,3700.0646303474805,1653.8,214.2,0.0
2025-12-08 09:00:00,22.0,39.6967326228057,4.670297085771446,5300.732438098511,1442.1,578.34,0.0
2025-12-08 10:00:00,22.0,39.80547177817809,4.549475802024346,5423.455448851791,2479.1065,1615.3465,0.0
2025-12-08 11:00:00,22.0,38.34245132752026,6.175054080533046,3772.2905682393643,6642.0785,5634.3585,0.0
2025-12-08 12:00:00,22.0,38.400136146222316,6.1109598375307606,3837.3936546265063,6829.2523,5677.5723,0.0
2025-12-08 13:00:00,22.0,38.1854424520791,6.349508386578775,3595.0903514164743,5410.7798,4403.0598,0.0
2025-12-08 14:00:00,22.0,43.53314972694071,0.4076114145103267,9630.512781825282,1573.0,709.24,0.0
2025-12-08 15:00:00,22.0,41.478803311827164,2.6902185424142635,7311.977417728139,949.44,85.68,0.0
2025-12-08 16:00:00,22.0,41.82141418978634,2.3095397891262923,7698.6480545928625,863.76,0.0,0.0
2025-12-08 17:00:00,22.0,40.89668970631011,3.3370114374332087,6655.004002541595,1439.6,0.0,0.0
2025-12-08 18:00:00,22.0,41.76541980947992,2.371755767244533,7635.4527969790415,1727.52,0.0,0.0
2025-12-08 19:00:00,22.0,41.88662368273781,2.237084796957989,7772.243488337896,2015.44,0.0,0.0
2025-12-08 20:00:00,22.0,43.43635285142121,0.5151634984208747,9521.267828113982,1727.52,0.0,0.0
2025-12-08 21:00:00,22.0,46.98690753896878,-3.42989726552086,13528.423848480166,1439.6,0.0,0.0
2025-12-08 22:00:00,22.0,42.613083141970876,1.4299076200323668,8592.12563402833,1151.68,0.0,0.0
2025-12-08 23:00:00,22.0,43.28788002848039,0.6801333016884592,9353.701400142967,863.76,0.0,0.0
2025-12-09 00:00:00,22.0,47.964755122048466,-4.516394580053852,14632.0226307439,575.84,0.0,0.0
2025-12-09 01:00:00,22.0,44.978463444767115,-1.1982927164079076,11261.693843764167,575.84,0.0,0.0
2025-12-09 02:00:00,22.0,46.289455347061406,-2.6549503856237857,12741.279304693504,575.84,0.0,0.0
2025-12-09 03:00:00,22.0,44.395629231710586,-0.5506991463450934,10603.90715090857,575.84,0.0,0.0
2025-12-09 04:00:00,22.0,42.00404149664463,2.106620559283741,7904.761233113133,575.84,0.0,0.0
2025-12-09 05:00:00,22.0,39.19756088299135,5.224932352231835,4737.367212544034,575.84,0.0,0.0
2025-12-09 06:00:00,22.0,40.747700130743304,3.50255541028522,6486.8543675568935,1439.6,0.0,0.0
2025-12-09 07:00:00,22.0,40.637368914432685,3.6251456506303543,6362.334556828729,1937.555,210.035,0.0
2025-12-09 08:00:00,22.0,40.91167810295494,3.320357663383405,6671.919906994943,9490.4392,8050.8392,0.0
2025-12-09 09:00:00,22.0,39.22657281990831,5.192696866768543,4770.1100845485225,10056.4722,9192.7122,0.0
2025-12-09 10:00:00,22.0,36.53471913838506,8.183645401794381,1732.0840195813757,10276.3148,9412.5548,0.0
2025-12-09 11:00:00,22.0,38.70314278752661,5.774285791637102,4179.366950002532,9896.0112,8888.2912,0.0
2025-12-09 12:00:00,22.0,40.09500277242577,4.2277746973047,5750.220128959727,10874.4552,9722.7752,0.0
2025-12-09 13:00:00,22.0,41.53810878328928,2.62432357412302,7378.909572820284,10994.7649,9987.0449,0.0
2025-12-09 14:00:00,22.0,38.05882238503757,6.490197349958256,3452.186943753405,1567.645,703.885,0.0
2025-12-09 15:00:00,22.0,39.1092969615985,5.323003376001669,4637.752550860071,995.85,132.09,0.0
2025-12-09 16:00:00,22.0,41.462634711872134,2.7081836534754067,7293.729535818891,863.76,0.0,0.0
2025-12-09 17:00:00,22.0,39.32142601135779,5.087304431824679,4877.161396418398,1439.6,0.0,0.0
2025-12-09 18:00:00,22.0,42.85919835589773,1.1564462712247394,8869.891264466181,1727.52,0.0,0.0
2025-12-09 19:00:00,22.0,43.2741079276537,0.6954356359403264,9338.158207149969,2015.44,0.0,0.0
2025-12-09 20:00:00,22.0,43.9299954399363,-0.0333282665958859,10078.392853512109,1727.52,0.0,0.0
2025-12-09 21:00:00,22.0,45.27729934812013,-1.5303326090223646,11598.960044288382,1439.6,0.0,0.0
2025-12-09 22:00:00,22.0,44.79313433527475,-0.9923714836386116,11052.531410791085,1151.68,0.0,0.0
2025-12-09 23:00:00,22.0,43.50460571196125,0.4393269867097289,9598.298006519464,863.76,0.0,0.0
2025-12-10 00:00:00,22.0,47.75646741661316,-4.284963796236846,14396.949126389616,575.84,0.0,0.0
2025-12-10 01:00:00,22.0,44.697996725387426,-0.8866630282082557,10945.15910427225,575.84,0.0,0.0
2025-12-10 02:00:00,22.0,44.90780584833239,-1.1197842759248724,11181.949680427933,575.84,0.0,0.0
2025-12-10 03:00:00,22.0,44.3688095190911,-0.5208994656567774,10573.638423246219,575.84,0.0,0.0
2025-12-10 04:00:00,22.0,42.33067977422664,1.7436891397481815,8273.405193192186,575.84,0.0,0.0
2025-12-10 05:00:00,22.0,42.943013196978185,1.0633186700242343,8964.484694109582,575.84,0.0,0.0
2025-12-10 06:00:00,22.0,41.235587328569736,2.960458523811406,7037.483859023804,1439.6,0.0,0.0
2025-12-10 07:00:00,22.0,39.87969510440286,4.467005439552377,5507.223894829072,1883.41,155.89,0.0
2025-12-10 08:00:00,22.0,41.2078573606851,2.9912695992387865,7006.187817269201,11132.2766,9692.6766,0.0
2025-12-10 09:00:00,22.0,39.015885358263596,5.426794046373787,4532.328215336294,10663.5408,9799.7808,0.0
2025-12-10 10:00:00,22.0,39.43372623935516,4.962526400716491,5003.903433736234,10161.3283,9297.5683,0.0
2025-12-10 11:00:00,22.0,38.861494228855165,5.598339745716482,4358.082386685939,9865.3154,8857.5954,0.0
2025-12-10 12:00:00,22.0,39.079710513661,5.355877207043336,4604.361285717803,10826.1567,9674.4767,0.0
2025-12-10 13:00:00,22.0,37.77472229798496,6.8058641133500455,3131.5515855058243,10913.4004,9905.6804,0.0
2025-12-10 14:00:00,22.0,38.83534807014316,5.627391033174263,4328.573831963573,1443.885,580.125,0.0
2025-12-10 15:00:00,22.0,38.84423632595841,5.617515193379538,4338.605117476665,948.845,85.085,0.0
2025-12-10 16:00:00,22.0,40.33153125321235,3.9649652742085033,6017.166172375456,863.76,0.0,0.0
2025-12-10 17:00:00,22.0,44.05566926007751,-0.1729658445305659,10220.228326923476,1439.6,0.0,0.0
2025-12-10 18:00:00,22.0,42.04353685102053,2.062736832199417,7949.335690061767,1727.52,0.0,0.0
2025-12-10 19:00:00,22.0,42.91738024308681,1.091799729903551,8935.555342347776,2015.44,0.0,0.0
2025-12-10 20:00:00,22.0,43.46332731312377,0.4851918743069215,9551.711205591488,1727.52,0.0,0.0
2025-12-10 21:00:00,22.0,45.714296960905905,-2.0158855121176726,12092.155550078405,1439.6,0.0,0.0
2025-12-10 22:00:00,22.0,47.369536943621895,-3.855041048468778,13960.259394571673,1151.68,0.0,0.0
2025-12-10 23:00:00,22.0,44.45304101383095,-0.6144900153677173,10668.70208820961,863.76,0.0,0.0
2025-12-11 00:00:00,22.0,46.192491801761506,-2.547213113068338,12631.846247468036,575.84,0.0,0.0
2025-12-11 01:00:00,22.0,45.26909368880766,-1.5212152097862817,11589.699137188323,575.84,0.0,0.0
2025-12-11 02:00:00,22.0,45.72431959742291,-2.027021774914345,12103.4670976515,575.84,0.0,0.0
2025-12-11 03:00:00,22.0,44.656495698664045,-0.8405507762933795,10898.321045512243,575.84,0.0,0.0
2025-12-11 04:00:00,22.0,44.70871362628445,-0.8985706958716163,10957.25419862463,575.84,0.0,0.0
2025-12-11 05:00:00,22.0,44.774299022845966,-0.9714433587177392,11031.27387718396,575.84,0.0,0.0
2025-12-11 06:00:00,22.0,41.247283010616414,2.947463321537314,7050.683605781685,1439.6,0.0,0.0
2025-12-11 07:00:00,22.0,42.25386759643794,1.8290360039578428,8186.714969339862,1806.06,78.54,0.0
2025-12-11 08:00:00,22.0,40.00488733438934,4.327902961789621,5648.515845591807,2089.34,649.74,0.0
2025-12-11 09:00:00,22.0,38.81558718830469,5.649347568550345,4306.271700720674,2063.28,1199.52,0.0
2025-12-11 10:00:00,22.0,40.038571434461566,4.290476183931591,5686.531720933324,2313.18,1449.42,0.0
2025-12-11 11:00:00,22.0,40.789661167230726,3.455932036410303,6534.211593336598,4558.7937,3551.0737,0.0
2025-12-11 12:00:00,22.0,34.133045895064505,10.852171227706105,0.0,4535.0677,3383.3877,0.0
2025-12-11 13:00:00,22.0,39.57265640206112,4.808159553265421,5160.700015366181,2032.3769,1024.6569,0.0
2025-12-11 14:00:00,22.0,37.86015766089393,6.710935932340072,3227.9739360848926,1153.525,289.765,0.0
2025-12-11 15:00:00,21.883246190799976,36.063381198502206,8.707354223886437,1200.1320206295902,906.6,42.84,0.0
2025-12-11 16:00:00,22.0,38.87816605566299,5.579815493707787,4376.898210421248,863.76,0.0,0.0
2025-12-11 17:00:00,22.0,41.70904849352051,2.434390562754981,7571.832129787252,1439.6,0.0,0.0
2025-12-11 18:00:00,22.0,42.2208094975632,1.8657672249297776,8149.405598949831,1727.52,0.0,0.0
2025-12-11 19:00:00,22.0,44.530441557899,-0.7004906198877798,10756.056342244816,2015.44,0.0,0.0
2025-12-11 20:00:00,22.0,42.312946431476064,1.7633928539154855,8253.391342563888,1727.52,0.0,0.0
2025-12-11 21:00:00,22.0,43.62629713776593,0.304114291371188,9735.63894968263,1439.6,0.0,0.0
2025-12-11 22:00:00,22.0,46.143657926495116,-2.49295325166124,12576.73233584239,1151.68,0.0,0.0
2025-12-11 23:00:00,22.0,47.45324762741785,-3.948052919353162,14054.73527230379,863.76,0.0,0.0
2025-12-12 00:00:00,22.0,48.078220727794644,-4.642467475327383,14760.079913389038,575.84,0.0,0.0
2025-12-12 01:00:00,22.0,43.80160776779309,0.1093247024521284,9933.49452673128,575.84,0.0,0.0
2025-12-12 02:00:00,22.0,45.001019821503974,-1.223355357226633,11287.150970549386,575.84,0.0,0.0
2025-12-12 03:00:00,22.0,44.258612246872616,-0.3984580520806867,10449.269781820436,575.84,0.0,0.0
2025-12-12 04:00:00,22.0,45.38130752655225,-1.6458972517247143,11716.343674466869,575.84,0.0,0.0
2025-12-12 05:00:00,22.0,45.666054148317,-1.9622823870188952,12037.70871179057,575.84,0.0,0.0
2025-12-12 06:00:00,22.0,40.367295565519065,3.925227149423265,6057.529775244818,1439.6,0.0,0.0
2025-12-12 07:00:00,22.0,41.09258117103591,3.1193542544045445,6876.087109631128,1816.77,89.25,0.0
2025-12-12 08:00:00,22.0,38.666977611896286,5.814469320115241,4138.550932786148,1896.56,456.96,0.0
2025-12-12 09:00:00,22.0,40.24909521545644,4.056560871715062,5924.128860164142,3308.9762,2445.2162,0.0
2025-12-12 10:00:00,22.0,39.408580663842365,4.990465929064038,4975.524137212494,9854.5958,8990.8358,0.0
2025-12-12 11:00:00,22.0,37.33873030744222,7.290299658397537,2639.491024979289,10219.4085,9211.6885,0.0
2025-12-12 12:00:00,22.0,37.18177345662906,7.464696159301049,2462.349523151557,10050.6658,8898.9858,0.0
2025-12-12 13:00:00,22.0,37.18704890452464,7.458834550528181,2468.303393646506,10620.0833,9612.3633,0.0
2025-12-12 14:00:00,22.0,39.51367080196087,4.873699108932363,5094.128867093039,1644.4,780.64,0.0
2025-12-12 15:00:00,22.0,38.44823055995687,6.0575216000479255,3891.6730099673227,969.075,105.315,0.0
2025-12-12 16:00:00,22.0,38.303620962141906,6.218198930953438,3728.4666178733555,863.76,0.0,0.0
2025-12-12 17:00:00,22.0,41.35684105865769,2.8257321570470157,7174.330818801073,1439.6,0.0,0.0
2025-12-12 18:00:00,22.0,43.0242790547933,0.9730232724518932,9056.201341239715,1727.52,0.0,0.0
2025-12-12 19:00:00,22.0,40.6148028763989,3.650219026223448,6336.8665263037965,2015.44,0.0,0.0
2025-12-12 20:00:00,22.0,45.07800232039235,-1.308891467102613,11374.033418794808,1727.52,0.0,0.0
2025-12-12 21:00:00,22.0,43.51252671746551,0.4305258694827654,9607.237653331578,1439.6,0.0,0.0
2025-12-12 22:00:00,22.0,45.32285161255973,-1.5809462361774762,11650.370329934914,1151.68,0.0,0.0
2025-12-12 23:00:00,22.0,48.89215108431286,-5.546834538125394,15678.681713755492,863.76,0.0,0.0
2025-12-13 00:00:00,22.0,43.66853067853856,0.2571881349571603,9783.30372379862,575.84,0.0,0.0
2025-12-13 01:00:00,22.0,50.0,-7.379410564251009,16929.000000000004,575.84,0.0,0.0
2025-12-13 02:00:00,22.0,48.78912197378767,-5.432357748652972,15562.403059616769,575.84,0.0,0.0
2025-12-13 03:00:00,22.0,43.69639026920636,0.2262330342151535,9814.7460578263,575.84,0.0,0.0
2025-12-13 04:00:00,22.0,42.9512718423794,1.054142397356231,8973.80540130939,575.84,0.0,0.0
2025-12-13 05:00:00,22.0,44.179392306548635,-0.3104358961651543,10359.862157170792,575.84,0.0,0.0
2025-12-13 06:00:00,22.0,41.83392023745416,2.29564418060649,7712.762379990764,1439.6,0.0,0.0
2025-12-13 07:00:00,22.0,45.72482552003133,-2.0275839111459266,12104.038081907362,1938.15,210.63,0.0
2025-12-13 08:00:00,22.0,39.02744416395292,5.4139509289411984,4545.373483437268,5461.5756,4021.9756,0.0
2025-12-13 09:00:00,22.0,39.10490971103195,5.327878098853384,4632.80109987066,11059.054,9907.374,0.0
2025-12-13 10:00:00,22.0,39.064465682376856,5.372815908470163,4587.15596913052,10609.7053,9458.0253,0.0
2025-12-13 11:00:00,22.0,38.58515235751137,5.905386269431816,4046.2029506873314,3520.0383,2224.3983,0.0
2025-12-13 12:00:00,22.0,37.61214248285254,6.986508352386064,2948.0640061473778,3142.49,1702.89,0.0
2025-12-13 13:00:00,22.0,38.67468976765551,5.805900258160551,4147.254871776006,2494.0579,1198.4179,0.0
2025-12-13 14:00:00,22.0,42.35560845129221,1.7159906096753148,8301.539698128392,1655.05,503.37,0.0
2025-12-13 15:00:00,21.872627123426042,35.60101756558789,9.221091593791236,678.3084245224907,1194.52,42.84,0.0
2025-12-13 16:00:00,21.959210088600784,38.138558525028785,6.401601638856903,3542.177151347487,1151.68,0.0,0.0
2025-12-13 17:00:00,22.0,43.48115182914962,0.4653868565004275,9571.82795437826,1727.52,0.0,0.0
2025-12-13 18:00:00,22.0,42.721247014857866,1.3097255390468194,8714.199380968588,2015.44,0.0,0.0
2025-12-13 19:00:00,22.0,43.45661010464995,0.4926554392778351,9544.130164107932,2159.4,0.0,0.0
2025-12-13 20:00:00,22.0,41.95807078028386,2.1576991330179283,7852.878682628368,2015.44,0.0,0.0
2025-12-13 21:00:00,22.0,48.53226849584715,-5.146964995385725,15272.518224413094,1727.52,0.0,0.0
2025-12-13 22:00:00,22.0,46.1159063295976,-2.462118143997332,12545.411883583853,1439.6,0.0,0.0
2025-12-13 23:00:00,22.0,48.74647857264816,-5.384976191831281,15514.275717090713,1151.68,0.0,0.0
2025-12-14 00:00:00,22.0,46.21317192849101,-2.5701910316566767,12655.185838494952,575.84,0.0,0.0
2025-12-14 01:00:00,22.0,46.427834582193476,-2.808705091326082,12897.454109463559,575.84,0.0,0.0
2025-12-14 02:00:00,22.0,45.0742421323351,-1.30471348037233,11369.789670553397,575.84,0.0,0.0
2025-12-14 03:00:00,22.0,45.7343583304881,-2.0381759227645566,12114.79681178887,575.84,0.0,0.0
2025-12-14 04:00:00,22.0,45.25184210450294,-1.5020467827810482,11570.22899914202,575.84,0.0,0.0
2025-12-14 05:00:00,22.0,41.916366517195414,2.2040372031162128,7805.811251306744,575.84,0.0,0.0
2025-12-14 06:00:00,22.0,41.281589066303354,2.9093454818851607,7089.401420229967,1439.6,0.0,0.0
2025-12-14 07:00:00,22.0,40.17573442063009,4.138072865966567,5841.333867123123,1831.05,103.53,0.0
2025-12-14 08:00:00,22.0,40.61842016288352,3.6461998190183142,6340.9489958303375,2196.44,756.84,0.0
2025-12-14 09:00:00,22.0,40.58354503573377,3.6849499602958113,6301.588927329134,2665.36,1513.68,0.0
2025-12-14 10:00:00,22.0,39.196243014013405,5.226396651096213,4735.879865615529,3140.17,1988.49,0.0
2025-12-14 11:00:00,22.0,37.72057529923614,6.866027445293177,3070.4412827179062,3436.1156,2140.4756,0.0
2025-12-14 12:00:00,22.0,42.41820346174933,1.6464405980563033,8372.184426930293,4202.5027,2762.9027,0.0
2025-12-14 13:00:00,22.0,37.91326555069181,6.651927165897989,3287.9115005107788,10025.5107,8729.8707,0.0
2025-12-14 14:00:00,22.0,38.42585980917338,6.082377989807351,3866.425380633079,1865.085,713.405,0.0
2025-12-14 15:00:00,22.0,39.44254395677412,4.952728936917644,5013.855109615269,1233.79,82.11,0.0
2025-12-14 16:00:00,22.0,40.56876415936902,3.7013731562566496,6284.907230263873,1151.68,0.0,0.0
2025-12-14 17:00:00,22.0,45.78726633230927,-2.0969625914547434,12174.508782644247,1727.52,0.0,0.0
2025-12-14 18:00:00,22.0,42.89173587358073,1.1202934737991883,8906.61310692321,2015.44,0.0,0.0
2025-12-14 19:00:00,22.0,39.8107588824298,4.543601241744663,5429.422474710275,2159.4,0.0,0.0
2025-12-14 20:00:00,22.0,43.87677766797705,0.0258025911366124,10018.331276078901,2015.44,0.0,0.0
2025-12-14 21:00:00,22.0,45.19870612188606,-1.4430068020956246,11510.25972916061,1727.52,0.0,0.0
2025-12-14 22:00:00,22.0,45.18726030156178,-1.4302892239575282,11497.341976342625,1439.6,0.0,0.0
2025-12-14 23:00:00,22.0,44.93874181111023,-1.1541575679002565,11216.86400801901,1151.68,0.0,0.0
2025-12-15 00:00:00,22.0,44.51412355955897,-0.6823595106210714,10737.639849318251,575.84,0.0,0.0
2025-12-15 01:00:00,22.0,45.98931726832494,-2.321463631472157,12402.543469031527,575.84,0.0,0.0
2025-12-15 02:00:00,22.0,44.45283616931535,-0.614262410350387,10668.470900689303,575.84,0.0,0.0
2025-12-15 03:00:00,22.0,41.627612967301125,2.5248744807765293,7479.923994896051,575.84,0.0,0.0
2025-12-15 04:00:00,22.0,42.08874856102111,2.0125015988654305,8000.361625968429,575.84,0.0,0.0
2025-12-15 05:00:00,22.0,38.81920817382651,5.645324251303876,4310.3583449806,575.84,0.0,0.0
2025-12-15 06:00:00,22.0,43.28218664503309,0.6864592832965672,9347.27584758435,1439.6,0.0,0.0
2025-12-15 07:00:00,22.0,38.1511103241273,6.387655195414114,3556.3431118100734,1851.875,124.355,0.0
2025-12-15 08:00:00,22.0,41.72321255186067,2.4186527201548107,7587.817686029953,11116.6981,9677.0981,0.0
2025-12-15 09:00:00,22.0,38.9179965235956,5.535559418227116,4421.850876529992,10673.8889,9810.1289,0.0
2025-12-15 10:00:00,22.0,37.66385079374744,6.929054673613953,3006.4220058233645,10207.0053,9343.2453,0.0
2025-12-15 11:00:00,22.0,39.542065970787405,4.842148921347328,5126.175654630666,9896.2655,8888.5455,0.0
2025-12-15 12:00:00,22.0,38.341664300546306,6.175928554948551,3771.4023295965612,8523.6975,7372.0175,0.0
2025-12-15 13:00:00,22.0,36.98383704094604,7.684625510059955,2238.958484411704,3869.1216,2861.4016,0.0
2025-12-15 14:00:00,22.0,40.26079616333745,4.043559818513939,5937.3345499426505,1488.51,624.75,0.0
2025-12-15 15:00:00,21.924806617982902,36.54952536054267,8.167194043841484,1748.794321908454,910.17,46.41,0.0
2025-12-15 16:00:00,22.0,42.79227392450923,1.2308067505453022,8794.36035120112,863.76,0.0,0.0
2025-12-15 17:00:00,22.0,37.676806840719834,6.914659065866852,3021.0442004364054,1439.6,0.0,0.0
2025-12-15 18:00:00,22.0,40.297612957360734,4.002652269599185,5978.8859836773245,1727.52,0.0,0.0
2025-12-15 19:00:00,22.0,43.19325459975907,0.7852726669343596,9246.90714128809,2015.44,0.0,0.0
2025-12-15 20:00:00,22.0,44.62480278022612,-0.8053364224734618,10862.5524177632,1727.52,0.0,0.0
2025-12-15 21:00:00,22.0,45.55823528529541,-1.842483650328236,11916.024342984401,1439.6,0.0,0.0
2025-12-15 22:00:00,22.0,45.46212360608661,-1.7356928956517832,11807.552701829345,1151.68,0.0,0.0
2025-12-15 23:00:00,22.0,45.664625525428534,-1.9606950282539255,12036.096367998645,863.76,0.0,0.0
2025-12-16 00:00:00,22.0,43.440592756057754,0.5104524932691632,9526.052984486781,575.84,0.0,0.0
2025-12-16 01:00:00,22.0,42.0337555939484,2.0736048956128945,7938.296563330165,575.84,0.0,0.0
2025-12-16 02:00:00,22.0,44.858807596446766,-1.065341773829739,11126.650253349822,575.84,0.0,0.0
2025-12-16 03:00:00,22.0,46.1677156906525,-2.5196841007249984,12603.883928470414,575.84,0.0,0.0
2025-12-16 04:00:00,22.0,44.88230687314515,-1.0914520812723878,11153.171537031614,575.84,0.0,0.0
2025-12-16 05:00:00,22.0,43.36131197466939,0.5985422503673481,9436.576694611877,575.84,0.0,0.0
2025-12-16 06:00:00,22.0,43.95421978953419,-0.060244210593551,10105.73245446829,1439.6,0.0,0.0
2025-12-16 07:00:00,22.0,43.29034596142421,0.6773933761953255,9356.484452063363,1859.61,132.09,0.0
2025-12-16 08:00:00,22.0,36.52517101772855,8.194254424746054,1721.3080106084453,2192.87,753.27,0.0
2025-12-16 09:00:00,22.0,39.00971124102517,5.433654176638698,4525.36010662101,2429.2928,1565.5328,0.0
2025-12-16 10:00:00,22.0,40.48194818700065,3.797835347777061,6186.926723848931,2540.8702,1677.1102,0.0
2025-12-16 11:00:00,22.0,37.152780598715474,7.496910445871698,2429.628183710284,2723.3916,1715.6716,0.0
2025-12-16 12:00:00,22.0,40.621023024652324,3.6433077503863087,6343.886585622614,2704.2935,1552.6135,0.0
2025-12-16 13:00:00,22.0,40.59548871152725,3.6716792094141657,6315.068559829658,1007.72,0.0,0.0
2025-12-16 14:00:00,22.0,40.42778486829166,3.858016813009266,6125.798002353968,1227.9,364.14,0.0
2025-12-16 15:00:00,21.926721098425975,36.57629168217137,8.137453686476256,1779.0027924986118,906.6,42.84,0.0
2025-12-16 16:00:00,22.0,40.755184118401075,3.4942398684432523,6495.300796027454,863.76,0.0,0.0
2025-12-16 17:00:00,22.0,45.563324014055404,-1.8481377933948897,11921.76748226293,1439.6,0.0,0.0
2025-12-16 18:00:00,22.0,39.92188132028393,4.420131866351187,5554.835258072444,1727.52,0.0,0.0
2025-12-16 19:00:00,22.0,43.58323501786132,0.3519610912652019,9687.039041158287,2015.44,0.0,0.0
2025-12-16 20:00:00,22.0,47.22893441058113,-3.6988160117568105,13801.575375781867,1727.52,0.0,0.0
2025-12-16 21:00:00,22.0,45.215614690605705,-1.461794100673008,11529.342739817599,1439.6,0.0,0.0
2025-12-16 22:00:00,22.0,44.279884439735156,-0.4220938219279473,10473.277578685098,1151.68,0.0,0.0
2025-12-16 23:00:00,22.0,44.8500444748813,-1.0556049720903349,11116.760194351038,863.76,0.0,0.0
2025-12-17 00:00:00,22.0,42.46285303750332,1.5968299583296384,8422.57593812625,575.84,0.0,0.0
2025-12-17 01:00:00,22.0,47.11231512726653,-3.569239030296134,13669.958852633004,575.84,0.0,0.0
2025-12-17 02:00:00,22.0,45.133595237147034,-1.3706613746078098,11436.775584644143,575.84,0.0,0.0
2025-12-17 03:00:00,22.0,45.90480911371273,-2.227565681903034,12307.167565736188,575.84,0.0,0.0
2025-12-17 04:00:00,22.0,46.675947209537,-3.084385788374446,13177.47402068346,575.84,0.0,0.0
2025-12-17 05:00:00,22.0,41.43779929221836,2.7357785642018264,7265.70028119764,575.84,0.0,0.0
2025-12-17 06:00:00,22.0,41.26611477553446,2.9265391382950403,7071.937135668194,1439.6,0.0,0.0
2025-12-17 07:00:00,22.0,40.65763022817299,3.6026330798077884,6385.201475516038,1820.34,92.82,0.0
2025-12-17 08:00:00,22.0,39.53177765213444,4.853580386517289,5114.564258198926,2197.0978,757.4978,0.0
2025-12-17 09:00:00,22.0,40.788266722567585,3.457481419369349,6532.637823089777,3758.8081,2895.0481,0.0
2025-12-17 10:00:00,22.0,40.79255970354877,3.452711440501368,6537.4828814251405,4489.7554,3625.9954,0.0
2025-12-17 11:00:00,22.0,38.55490175545451,5.938998049494994,4012.062121205959,3658.1595,2650.4395,0.0
2025-12-17 12:00:00,22.0,36.40981947565909,8.322422804823228,1591.1222602288508,2872.8131,1721.1331,0.0
2025-12-17 13:00:00,21.975177587720502,35.72812818154297,9.079857576063366,821.7654656893969,2119.3693,1111.6493,0.0
2025-12-17 14:00:00,22.0,37.55052967412264,7.054967028752621,2878.5277902148155,1431.985,568.225,0.0
2025-12-17 15:00:00,22.0,39.50190161954586,4.886775978282381,5080.84616781946,992.28,128.52,0.0
2025-12-17 16:00:00,22.0,39.81438892708012,4.539567858799872,5433.51934310262,863.76,0.0,0.0
2025-12-17 17:00:00,22.0,41.14738249084526,3.058463899060827,6937.9358791679615,1439.6,0.0,0.0
2025-12-17 18:00:00,22.0,43.94669801145897,-0.0518866793988559,10097.243375732594,1727.52,0.0,0.0
2025-12-17 19:00:00,22.0,42.9873832815901,1.0140185760110028,9014.560771602586,2015.44,0.0,0.0
2025-12-17 20:00:00,22.0,46.30268827165929,-2.669653635176985,12756.213983394679,1727.52,0.0,0.0
2025-12-17 21:00:00,22.0,44.868923419257044,-1.0765815769522675,11138.066970973501,1439.6,0.0,0.0
2025-12-17 22:00:00,22.0,42.27270225455061,1.8081086060548848,8207.971764485817,1151.68,0.0,0.0
2025-12-17 23:00:00,22.0,44.096186373630616,-0.2179848595895697,10265.955941279513,863.76,0.0,0.0
2025-12-18 00:00:00,22.0,47.361614531625754,-3.84623836847306,13951.318160392828,575.84,0.0,0.0
2025-12-18 01:00:00,22.0,45.70770529999676,-2.0085614444408395,12084.716201576346,575.84,0.0,0.0
2025-12-18 02:00:00,22.0,46.719568814782505,-3.13285423864723,13226.705364363537,575.84,0.0,0.0
2025-12-18 03:00:00,22.0,44.75810919499055,-0.9534546611006098,11013.00203746634,575.84,0.0,0.0
2025-12-18 04:00:00,22.0,42.026005930255785,2.0822156330491266,7929.55029288668,575.84,0.0,0.0
2025-12-18 05:00:00,22.0,41.85633427341125,2.2707396962097244,7738.058860971937,575.84,0.0,0.0
2025-12-18 06:00:00,22.0,37.628540654658394,6.968288161490672,2966.570982847464,1439.6,0.0,0.0
2025-12-18 07:00:00,22.0,39.0217921131173,5.420230985425226,4538.994578864185,1833.43,105.91,0.0
2025-12-18 08:00:00,22.0,39.932799314060155,4.408000762155383,5567.157305848292,11087.8911,9648.2911,0.0
2025-12-18 09:00:00,22.0,38.3355456342885,6.182727073012776,3764.4968028580024,10665.4567,9801.6967,0.0
2025-12-18 10:00:00,22.0,39.34670625990603,5.059215266771083,4905.692684929944,10197.7642,9334.0042,0.0
2025-12-18 11:00:00,22.0,40.652174670115045,3.60869481098328,6379.04433269184,9783.5042,8775.7842,0.0
2025-12-18 12:00:00,22.0,36.14960215908246,8.611553156575042,1297.4409967404674,10785.099,9633.419,0.0
2025-12-18 13:00:00,22.0,36.80648236688239,7.881686259019569,2038.7959992634678,10909.5163,9901.7963,0.0
2025-12-18 14:00:00,22.0,39.41620613264516,4.981993185949827,4984.130241303325,1446.265,582.505,0.0
2025-12-18 15:00:00,22.0,39.06133126125202,5.376298598608866,4583.618461449032,956.58,92.82,0.0
2025-12-18 16:00:00,22.0,38.06630946270735,6.481878374769613,3460.6368596115176,863.76,0.0,0.0
2025-12-18 17:00:00,22.0,39.644818870460085,4.727979032822124,5242.142577201253,1439.6,0.0,0.0
2025-12-18 18:00:00,22.0,44.73358225224946,-0.9262025024993972,10985.320929888745,1727.52,0.0,0.0
2025-12-18 19:00:00,22.0,42.59323252368739,1.4519638625695652,8569.72222623359,2015.44,0.0,0.0
2025-12-18 20:00:00,22.0,44.20173674587906,-0.3352630509767269,10385.080091399108,1727.52,0.0,0.0
2025-12-18 21:00:00,22.0,42.64218315382195,1.397574273531173,8624.96790740345,1439.6,0.0,0.0
2025-12-18 22:00:00,22.0,43.361814523815184,0.5979838624275691,9437.143871577819,1151.68,0.0,0.0
2025-12-18 23:00:00,22.0,43.20383888392017,0.7735123511998165,9258.852564392306,863.76,0.0,0.0
2025-12-19 00:00:00,22.0,47.712209809696375,-4.235788677440415,14346.99999122333,575.84,0.0,0.0
2025-12-19 01:00:00,22.0,46.98873373594188,-3.431926373268751,13530.484894384004,575.84,0.0,0.0
2025-12-19 02:00:00,22.0,43.21234306858019,0.764063257133123,9268.450387199602,575.84,0.0,0.0
2025-12-19 03:00:00,22.0,45.71054687988797,-2.0117187554310814,12087.923208641565,575.84,0.0,0.0
2025-12-19 04:00:00,22.0,46.638579365645754,-3.042865961828615,13135.300672067799,575.84,0.0,0.0
2025-12-19 05:00:00,22.0,42.073074884663754,2.029916794818048,7982.672314831513,575.84,0.0,0.0
2025-12-19 06:00:00,22.0,43.08499319247875,0.9055631194680543,9124.723317031516,1439.6,0.0,0.0
2025-12-19 07:00:00,22.0,37.946628051075805,6.614857721026884,3325.5644184441544,1847.71,120.19,0.0
2025-12-19 08:00:00,22.0,39.76686780282076,4.592369107976927,5379.887002263513,11540.8012,10101.2012,0.0
2025-12-19 09:00:00,22.0,39.26594887177343,5.148945698029521,4814.549896683496,5707.0954,4843.3354,0.0
2025-12-19 10:00:00,22.0,39.646947551284384,4.72561383190624,5244.545006379557,5363.291,4499.531,0.0
2025-12-19 11:00:00,22.0,35.759163424290804,9.045373973010216,856.7918406546019,3532.7248,2525.0048,0.0
2025-12-19 12:00:00,22.0,37.854601972198324,6.717108919779642,3221.703785823029,2797.45,1645.77,0.0
2025-12-19 13:00:00,22.0,39.357966158040526,5.04670426884386,4918.400605964538,1939.49,931.77,0.0
2025-12-19 14:00:00,22.0,40.411659218265825,3.875934201926861,6107.598593734811,1174.35,310.59,0.0
2025-12-19 15:00:00,22.0,39.68666708594402,4.681481015617754,5289.372473196426,878.04,14.28,0.0
2025-12-19 16:00:00,22.0,42.05976430687865,2.044706325690389,7967.649996743244,863.76,0.0,0.0
2025-12-19 17:00:00,22.0,39.31627204260882,5.093031063767972,4871.344627288318,1439.6,0.0,0.0
2025-12-19 18:00:00,22.0,45.35501569724362,-1.6166841080484675,11686.670715909155,1727.52,0.0,0.0
2025-12-19 19:00:00,22.0,43.2828738133686,0.6856957629237752,9348.051385767807,2015.44,0.0,0.0
2025-12-19 20:00:00,22.0,42.801759618841714,1.22026709017587,8805.06590582476,1727.52,0.0,0.0
2025-12-19 21:00:00,22.0,44.029769456074185,-0.1441882845268742,10190.997808125327,1439.6,0.0,0.0
2025-12-19 22:00:00,22.0,46.50880080505218,-2.8986675611690917,12988.832588581894,1151.68,0.0,0.0
2025-12-19 23:00:00,22.0,44.388867302568855,-0.5431858917431749,10596.275637679211,863.76,0.0,0.0
2025-12-20 00:00:00,22.0,47.29487089909463,-3.772078776771816,13875.991296718204,575.84,0.0,0.0
2025-12-20 01:00:00,22.0,45.617625356334905,-1.9084726181498932,11983.051977159575,575.84,0.0,0.0
2025-12-20 02:00:00,22.0,44.04437662405934,-0.1604184711770431,10207.483457913371,575.84,0.0,0.0
2025-12-20 03:00:00,22.0,43.812341409183965,0.0973984342400365,9945.608514405025,575.84,0.0,0.0
2025-12-20 04:00:00,22.0,45.11507022055504,-1.3500780228389355,11415.86825091842,575.84,0.0,0.0
2025-12-20 05:00:00,22.0,40.87625843255322,3.359712852718644,6631.945266979566,575.84,0.0,0.0
2025-12-20 06:00:00,22.0,41.94394977132604,2.173389142971068,7836.941711918569,1439.6,0.0,0.0
2025-12-20 07:00:00,22.0,39.830859697940454,4.521267002288386,5452.108255095597,1945.29,217.77,0.0
2025-12-20 08:00:00,22.0,37.54761818798816,7.058202013346495,2875.241886963434,7605.1924,6165.5924,0.0
2025-12-20 09:00:00,22.0,37.542878599934134,7.063468222295404,2869.8927878856643,7769.5356,6617.8556,0.0
2025-12-20 10:00:00,22.0,36.96607561498014,7.704360427799842,2218.912939066588,8151.5992,6999.9192,0.0
2025-12-20 11:00:00,22.0,38.275843151630305,6.249063164855217,3697.1165809299623,8884.6461,7589.0061,0.0
2025-12-20 12:00:00,22.0,37.07091678236108,7.587870241821019,2337.2366805727165,9104.2996,7664.6996,0.0
2025-12-20 13:00:00,22.0,38.23819319114359,6.290896454284905,3654.624835524653,6350.8936,5055.2536,0.0
2025-12-20 14:00:00,22.0,41.15909258837716,3.0454526795809285,6951.151895242468,2114.985,963.305,0.0
2025-12-20 15:00:00,22.0,39.009476761219354,5.433914709756275,4525.095472712163,1245.69,94.01,0.0
2025-12-20 16:00:00,22.0,39.838550229270766,4.512721967476931,5460.787788754987,1151.68,0.0,0.0
2025-12-20 17:00:00,22.0,40.11753858689165,4.202734903453722,5775.654049165914,1727.52,0.0,0.0
2025-12-20 18:00:00,22.0,42.33039455538412,1.74400604957321,8273.083295206516,2015.44,0.0,0.0
2025-12-20 19:00:00,22.0,44.402368564544005,-0.5581872939377845,10611.513161944365,2159.4,0.0,0.0
2025-12-20 20:00:00,22.0,42.718289050284596,1.3130121663504553,8710.861022151197,2015.44,0.0,0.0
2025-12-20 21:00:00,22.0,47.009474529325615,-3.4549716992506845,13553.89295379689,1727.52,0.0,0.0
2025-12-20 22:00:00,22.0,42.591817009082334,1.453536656575185,8568.124676450323,1439.6,0.0,0.0
2025-12-20 23:00:00,22.0,45.99388548480963,-2.326539427566258,12407.69915815615,1151.68,0.0,0.0
2025-12-21 00:00:00,22.0,45.2580492902989,-1.5089436558876637,11577.23442903134,575.84,0.0,0.0
2025-12-21 01:00:00,22.0,44.57192829873382,-0.7465869985931293,10802.878277950995,575.84,0.0,0.0
2025-12-21 02:00:00,22.0,44.15445297290444,-0.2827255254493725,10331.71562521995,575.84,0.0,0.0
2025-12-21 03:00:00,22.0,47.18175615218469,-3.646395724649659,13748.329993355643,575.84,0.0,0.0
2025-12-21 04:00:00,22.0,42.41664415502032,1.6481731610885275,8370.424593355936,575.84,0.0,0.0
2025-12-21 05:00:00,22.0,42.48607167129178,1.5710314763424638,8448.780488219907,575.84,0.0,0.0
2025-12-21 06:00:00,22.0,43.243470492205496,0.7294772308827822,9303.580797503124,1439.6,0.0,0.0
2025-12-21 07:00:00,22.0,42.51765194933357,1.5359422785182553,8484.421990017867,1838.785,111.265,0.0
2025-12-21 08:00:00,22.0,40.90129554770232,3.331893835886309,6660.202155136837,10228.8042,8789.2042,0.0
2025-12-21 09:00:00,22.0,41.892150623627316,2.230943751525206,7778.48119382579,10398.5467,9246.8667,0.0
2025-12-21 10:00:00,22.0,35.88222724259938,8.908636397111806,995.6816659976574,10210.4201,9058.7401,0.0
2025-12-21 11:00:00,22.0,35.947594640101336,8.83600595544296,1069.455310818368,10155.0069,8859.3669,0.0
2025-12-21 12:00:00,22.0,37.68693963824331,6.903400401951878,3032.4800757213993,11123.5559,9683.9559,0.0
2025-12-21 13:00:00,22.0,39.02478417477512,5.416906472472091,4542.371419651202,11241.1458,9945.5058,0.0
2025-12-21 14:00:00,22.0,39.337102924663334,5.0698856392629645,4894.85436077504,1809.75,658.07,0.0
2025-12-21 15:00:00,22.0,38.18989731661529,6.344558537094126,3600.1181115320132,1265.92,114.24,0.0
2025-12-21 16:00:00,21.998475399769156,37.13591158089649,7.515653799003902,2410.589810199779,1151.68,0.0,0.0
2025-12-21 17:00:00,22.0,42.19496556890506,1.8944827012165972,8120.238141066254,1727.52,0.0,0.0
2025-12-21 18:00:00,22.0,44.111654876721985,-0.2351720852466479,10283.413693868433,2015.44,0.0,0.0
2025-12-21 19:00:00,22.0,40.24599516989759,4.060005366780459,5920.630148746421,2159.4,0.0,0.0
2025-12-21 20:00:00,22.0,47.11684945765201,-3.574277175168902,13675.076297906058,2015.44,0.0,0.0
2025-12-21 21:00:00,22.0,46.46093986712633,-2.845488741251481,12934.816734038775,1727.52,0.0,0.0
2025-12-21 22:00:00,22.0,45.662035660143516,-1.957817400159459,12033.173446037974,1439.6,0.0,0.0
2025-12-21 23:00:00,22.0,48.38611321668971,-4.984570240766336,15107.567376356006,1151.68,0.0,0.0
2025-12-22 00:00:00,22.0,43.69813168694812,0.2242981256131964,9816.711421889653,575.84,0.0,0.0
2025-12-22 01:00:00,22.0,44.03490348773147,-0.1498927641460732,10196.792076253738,575.84,0.0,0.0
2025-12-22 02:00:00,22.0,46.25231926261155,-2.6136880695683886,12699.367519783396,575.84,0.0,0.0
2025-12-22 03:00:00,22.0,42.34227899775162,1.7308011136093056,8286.49607686248,575.84,0.0,0.0
2025-12-22 04:00:00,22.0,41.291273628873114,2.898584856807653,7100.331417546197,575.84,0.0,0.0
2025-12-22 05:00:00,22.0,43.23545572929119,0.73838252300979,9294.535336078037,575.84,0.0,0.0
2025-12-22 06:00:00,22.0,42.91120271962241,1.098663644863985,8928.583389365853,1439.6,0.0,0.0
2025-12-22 07:00:00,22.0,37.100967787694465,7.554480235895039,2371.1522451919736,1813.2,85.68,0.0
2025-12-22 08:00:00,22.0,39.00190872024852,5.44232364416831,4516.554181672483,2057.21,617.61,0.0
2025-12-22 09:00:00,22.0,39.093031212384496,5.341076430683897,4619.395026297142,2045.43,1181.67,0.0
2025-12-22 10:00:00,22.0,36.52792584242472,8.19119350841698,1724.417105760541,2366.73,1502.97,0.0
2025-12-22 11:00:00,22.0,38.07919188235392,6.467564575162315,3475.175958424632,2883.0109,1875.2909,0.0
2025-12-22 12:00:00,22.0,39.410117054654535,4.988758828161624,4977.258107883108,3946.7063,2795.0263,0.0
2025-12-22 13:00:00,22.0,38.47837945648176,6.02402282613138,3925.699054585316,3751.2529,2743.5329,0.0
2025-12-22 14:00:00,22.0,37.1127308292005,7.541410189777226,2384.4280138356858,1762.21,898.45,0.0
2025-12-22 15:00:00,22.0,43.14034960715701,0.8440559920477626,9187.198566637406,1003.585,139.825,0.0
2025-12-22 16:00:00,22.0,40.8184553309906,3.423938521121558,6566.708686555994,863.76,0.0,0.0
2025-12-22 17:00:00,22.0,38.67874812018404,5.801390977573294,4151.835128439708,1439.6,0.0,0.0
2025-12-22 18:00:00,22.0,43.021363121968335,0.9762631978129652,9052.910419453465,1727.52,0.0,0.0
2025-12-22 19:00:00,22.0,40.24875315359254,4.056940940452736,5923.74280914454,2015.44,0.0,0.0
2025-12-22 20:00:00,22.0,41.353461125152336,2.829487638719627,7170.516225846927,1727.52,0.0,0.0
2025-12-22 21:00:00,22.0,44.763536820151685,-0.9594853557240912,11019.127655223194,1439.6,0.0,0.0
2025-12-22 22:00:00,22.0,46.241062202424175,-2.6011802249157547,12686.662801655924,1151.68,0.0,0.0
2025-12-22 23:00:00,22.0,46.094578948109984,-2.438421053455542,12521.34180083693,863.76,0.0,0.0
2025-12-23 00:00:00,22.0,40.90369391439742,3.329228984002869,6662.9089517889315,575.84,0.0,0.0
2025-12-23 01:00:00,22.0,42.20336897016081,1.8851455887102144,8129.7222197234905,575.84,0.0,0.0
2025-12-23 02:00:00,22.0,44.99198770437185,-1.2133196715242778,11276.957323154073,575.84,0.0,0.0
2025-12-23 03:00:00,22.0,45.740260805188306,-2.044734227987009,12121.458344735523,575.84,0.0,0.0
2025-12-23 04:00:00,22.0,43.68932613595373,0.2340820711625265,9806.773477037379,575.84,0.0,0.0
2025-12-23 05:00:00,22.0,42.5928600944589,1.4523776728234463,8569.301902606316,575.84,0.0,0.0
2025-12-23 06:00:00,22.0,44.33804572769684,-0.486717475218708,10538.918408278652,1439.6,0.0,0.0
2025-12-23 07:00:00,22.0,41.02417715304346,3.195358718840603,6798.88633492485,1763.22,35.7,0.0
2025-12-23 08:00:00,22.0,37.919672215338885,6.64480864962346,3295.142062231466,1764.47,324.87,0.0
2025-12-23 09:00:00,22.0,42.79325761391809,1.229713762313243,8795.470543067953,1488.51,624.75,0.0
2025-12-23 10:00:00,22.0,37.49445740912898,7.117269545412251,2815.244631942963,1831.23,967.47,0.0
2025-12-23 11:00:00,21.99858714109022,36.14803067926075,8.613299245265832,1295.6674246136818,1996.61,988.89,0.0
2025-12-23 12:00:00,22.0,39.50900322116986,4.878885309811263,5088.8610354123075,1819.27,667.59,0.0
2025-12-23 13:00:00,21.88786323348654,35.573150660615454,9.252054821538383,646.8578355706014,1371.86,364.14,0.0
2025-12-23 14:00:00,22.0,40.22491525878304,4.083427490241064,5896.839361062543,995.85,132.09,0.0
2025-12-23 15:00:00,22.0,38.7604667963797,5.710592448466997,4244.062826394133,863.76,0.0,0.0
2025-12-23 16:00:00,22.0,40.852190832394534,3.3864546306727394,6604.782573440471,863.76,0.0,0.0
2025-12-23 17:00:00,22.0,41.720844880523615,2.4212834660848768,7585.145532158952,1439.6,0.0,0.0
2025-12-23 18:00:00,22.0,43.211138325564484,0.7654018604839095,9267.090714232078,1727.52,0.0,0.0
2025-12-23 19:00:00,22.0,41.77431269681744,2.3618747813139565,7645.489309628163,2015.44,0.0,0.0
2025-12-23 20:00:00,22.0,42.372150176083395,1.697610915462899,8320.20868872772,1727.52,0.0,0.0
2025-12-23 21:00:00,22.0,44.76154437151051,-0.957271523900566,11016.878977686763,1439.6,0.0,0.0
2025-12-23 22:00:00,22.0,47.66563423823407,-4.184038042482301,14294.434801270972,1151.68,0.0,0.0
2025-12-23 23:00:00,22.0,44.85162667469874,-1.0573629718874935,11118.545865065002,863.76,0.0,0.0
2025-12-24 00:00:00,22.0,44.94037415306075,-1.1559712811786125,11218.706269144366,575.84,0.0,0.0
2025-12-24 01:00:00,22.0,45.96741999513621,-2.297133327929128,12377.83020651073,575.84,0.0,0.0
2025-12-24 02:00:00,22.0,41.85667513669853,2.2703609592238627,7738.443559277959,575.84,0.0,0.0
2025-12-24 03:00:00,22.0,47.46065708909275,-3.956285654547498,14063.097590750078,575.84,0.0,0.0
2025-12-24 04:00:00,22.0,47.89111067845643,-4.434567420507136,14548.907511705927,575.84,0.0,0.0
2025-12-24 05:00:00,22.0,44.34725138182488,-0.4969459798054247,10549.307909527564,575.84,0.0,0.0
2025-12-24 06:00:00,22.0,40.82123583863539,3.420849068182899,6569.8467674839,1439.6,0.0,0.0
2025-12-24 07:00:00,22.0,43.06877178501184,0.9235869055424012,9106.415836564363,1748.94,21.42,0.0
2025-12-24 08:00:00,22.0,42.06574765334693,2.0380581629478494,7974.402801567348,1628.81,189.21,0.0
2025-12-24 09:00:00,22.0,37.842577182607755,6.730469797102499,3208.132608291113,1299.3,435.54,0.0
2025-12-24 10:00:00,22.0,38.149722285340076,6.389197460733254,3554.77657123481,1381.41,517.65,0.0
2025-12-24 11:00:00,22.0,37.94395738802824,6.617825124413073,3322.55030812867,1382.57,374.85,0.0
2025-12-24 12:00:00,22.0,37.09342794496205,7.562857838931056,2362.642778684172,1547.95,396.27,0.0
2025-12-24 13:00:00,22.0,39.388014341250546,5.013317398610504,4952.312985535367,1279.04,271.32,0.0
2025-12-24 14:00:00,22.0,39.66447987968076,4.706133467021373,5264.331992207709,913.74,49.98,0.0
2025-12-24 15:00:00,22.0,38.096812897117864,6.447985669869039,3495.063035687222,863.76,0.0,0.0
2025-12-24 16:00:00,22.0,42.72079620540616,1.310226438437601,8713.690597421393,863.76,0.0,0.0
2025-12-24 17:00:00,22.0,45.02514716114831,-1.250163512387009,11314.381086071986,1439.6,0.0,0.0
2025-12-24 18:00:00,22.0,42.87991151253014,1.1334316527442918,8893.26813304152,1727.52,0.0,0.0
2025-12-24 19:00:00,22.0,41.356176642050826,2.8264703977213,7173.580958218564,2015.44,0.0,0.0
2025-12-24 20:00:00,22.0,43.439992541823756,0.5111193979736076,9525.375582702292,1727.52,0.0,0.0
2025-12-24 21:00:00,22.0,43.10245970485014,0.8861558834998422,9144.43602289387,1439.6,0.0,0.0
2025-12-24 22:00:00,22.0,48.84702121238568,-5.496690235984084,15627.748140298478,1151.68,0.0,0.0
2025-12-24 23:00:00,22.0,45.00943871965836,-1.23270968850929,11296.652539006429,863.76,0.0,0.0
2025-12-25 00:00:00,22.0,44.523043891643724,-0.6922709907152442,10747.707336109108,575.84,0.0,0.0
2025-12-25 01:00:00,22.0,48.00876833533988,-4.565298150377643,14681.69594326459,575.84,0.0,0.0
2025-12-25 02:00:00,22.0,43.6659877906402,0.2600135659553353,9780.433820516533,575.84,0.0,0.0
2025-12-25 03:00:00,22.0,44.846318425982,-1.0514649177577755,11112.554975563284,575.84,0.0,0.0
2025-12-25 04:00:00,22.0,38.371593937109196,6.142673403212004,3805.1809174214395,575.84,0.0,0.0
2025-12-25 05:00:00,22.0,46.9507734863832,-3.389748318203554,13487.64295673208,575.84,0.0,0.0
2025-12-25 06:00:00,22.0,39.635594138185446,4.738228735349502,5231.731544356096,1439.6,0.0,0.0
2025-12-25 07:00:00,22.0,41.87773601137786,2.246959987357936,7762.212862441057,1798.92,71.4,0.0
2025-12-25 08:00:00,22.0,43.21087308599208,0.7656965711199128,9266.791364850658,1982.24,542.64,0.0
2025-12-25 09:00:00,22.0,40.502934846145415,3.774516837616206,6210.612267359716,2063.28,1199.52,0.0
2025-12-25 10:00:00,22.0,38.48284591196858,6.019060097812687,3930.739896247742,2573.79,1710.03,0.0
2025-12-25 11:00:00,22.0,36.75522702014228,7.938636644286359,1980.9492149325758,2603.51,1595.79,0.0
2025-12-25 12:00:00,21.970055605354915,35.40046428136208,9.443928576264351,451.9639879452473,2347.63,1195.95,0.0
2025-12-25 13:00:00,21.937229562471014,36.06325946569154,8.707489482564958,1199.994632979469,1745.0646,737.3446,0.0
2025-12-25 14:00:00,22.0,40.71999618364411,3.5333375737287662,6455.587692860747,1185.06,321.3,0.0
2025-12-25 15:00:00,22.0,37.52011914164942,7.088756509278424,2844.2064632655324,885.18,21.42,0.0
2025-12-25 16:00:00,22.0,39.595687077182426,4.782569914241748,5186.692435308086,863.76,0.0,0.0
2025-12-25 17:00:00,22.0,42.3465368753031,1.726070138552108,8291.301517467082,1439.6,0.0,0.0
2025-12-25 18:00:00,22.0,42.48143906825946,1.5761788130450385,8443.55213243763,1727.52,0.0,0.0
2025-12-25 19:00:00,22.0,44.309465349369574,-0.454961499299531,10506.662593298503,2015.44,0.0,0.0
2025-12-25 20:00:00,22.0,43.83323378451438,0.0741846838729127,9969.187649202928,1727.52,0.0,0.0
2025-12-25 21:00:00,22.0,45.958968600400986,-2.287742889334429,12368.291962412555,1439.6,0.0,0.0
2025-12-25 22:00:00,22.0,47.06808078541537,-3.520089761572632,13620.035974419787,1151.68,0.0,0.0
2025-12-25 23:00:00,22.0,44.71491854463166,-0.9054650495907292,10964.25706947129,863.76,0.0,0.0
2025-12-26 00:00:00,22.0,44.56828501313265,-0.7425389034807257,10798.766465821513,575.84,0.0,0.0
2025-12-26 01:00:00,22.0,45.91500757480554,-2.238897305339497,12318.677548925538,575.84,0.0,0.0
2025-12-26 02:00:00,22.0,42.755919106539224,1.2712009927341903,8753.330303640168,575.84,0.0,0.0
2025-12-26 03:00:00,22.0,45.11435946796277,-1.349288297736416,11415.066095542785,575.84,0.0,0.0
2025-12-26 04:00:00,22.0,44.444994181225965,-0.6055490902510764,10659.620432931626,575.84,0.0,0.0
2025-12-26 05:00:00,22.0,41.84286839414682,2.2857017842813114,7722.8612696341015,575.84,0.0,0.0
2025-12-26 06:00:00,22.0,42.33836605289801,1.7351488301133264,8282.079927300696,1439.6,0.0,0.0
2025-12-26 07:00:00,22.0,41.015615525383865,3.20487163846237,6789.2236819482305,1859.61,132.09,0.0
2025-12-26 08:00:00,22.0,44.83678924711432,-1.04087694123813,11101.80034429322,9331.1145,7891.5145,0.0
2025-12-26 09:00:00,22.0,39.52434229520008,4.86184189422214,5106.1727143628095,10550.8785,9687.1185,0.0
2025-12-26 10:00:00,22.0,42.27126123382429,1.8097097401952345,8206.345428494094,10470.4544,9606.6944,0.0
2025-12-26 11:00:00,22.0,40.82037805315732,3.421802163158532,6568.878670793352,9702.3,8694.58,0.0
2025-12-26 12:00:00,22.0,40.90358056975991,3.32935492248899,6662.781031031035,4643.0335,3491.3535,0.0
2025-12-26 13:00:00,22.0,40.49931670172024,3.778536998088621,6206.528829561463,4628.6581,3620.9381,0.0
2025-12-26 14:00:00,22.0,39.970245493714074,4.36639389587325,5609.419064205705,1783.63,919.87,0.0
2025-12-26 15:00:00,22.0,40.430102295710306,3.855441893655219,6128.413450938652,994.065,130.305,0.0
2025-12-26 16:00:00,22.0,39.104304632337175,5.328550408514251,4632.118208055736,863.76,0.0,0.0
2025-12-26 17:00:00,22.0,40.76795337218847,3.480051808679478,6509.712175851911,1439.6,0.0,0.0
2025-12-26 18:00:00,22.0,45.52193397187237,-1.802148857635971,11875.05468065516,1727.52,0.0,0.0
2025-12-26 19:00:00,22.0,42.88181821478482,1.1313130946835324,8895.420037206151,2015.44,0.0,0.0
2025-12-26 20:00:00,22.0,43.32714055614983,0.6365104931668557,9398.010831670697,1727.52,0.0,0.0
2025-12-26 21:00:00,22.0,45.237004141526896,-1.4855601572521049,11553.482874127256,1439.6,0.0,0.0
2025-12-26 22:00:00,22.0,45.32728621205604,-1.5858735689511585,11655.375218926445,1151.68,0.0,0.0
2025-12-26 23:00:00,22.0,45.23477474892594,-1.4830830543621598,11550.96678163782,863.76,0.0,0.0
2025-12-27 00:00:00,22.0,44.323720724255956,-0.4708008047288397,10522.751209395274,575.84,0.0,0.0
2025-12-27 01:00:00,22.0,48.412116952073575,-5.013463280081743,15136.915192110238,575.84,0.0,0.0
2025-12-27 02:00:00,22.0,45.65746212317535,-1.952735692417052,12028.011752215702,575.84,0.0,0.0
2025-12-27 03:00:00,22.0,41.93057943576766,2.188245071369268,7821.851951207384,575.84,0.0,0.0
2025-12-27 04:00:00,22.0,41.35000964506368,2.833322616595913,7166.620885418869,575.84,0.0,0.0
2025-12-27 05:00:00,22.0,41.50006209237267,2.6665976751414773,7335.9700774518,575.84,0.0,0.0
2025-12-27 06:00:00,22.0,41.133715568879786,3.073649367911352,6922.511391037728,1439.6,0.0,0.0
2025-12-27 07:00:00,22.0,38.18990889050717,6.34454567721426,3600.1311738263917,1848.9,121.38,0.0
2025-12-27 08:00:00,22.0,36.847873597108006,7.835696003213331,2085.510141696095,2650.3159,1210.7159,0.0
2025-12-27 09:00:00,22.0,39.786759566212766,4.570267148652485,5402.336846427728,9526.6099,8374.9299,0.0
2025-12-27 10:00:00,22.0,40.727286944294995,3.525236728561114,6463.816045331333,10711.0171,9559.3371,0.0
2025-12-27 11:00:00,22.0,39.10919319708344,5.3231186699072826,4637.635442228374,10120.021,8824.381,0.0
2025-12-27 12:00:00,22.0,32.92594807521031,12.193391027544106,0.0,11176.6107,9737.0107,0.0
2025-12-27 13:00:00,22.0,41.447508442264706,2.7249906197058844,7276.658027939948,11002.4808,9706.8408,0.0
2025-12-27 14:00:00,22.0,39.829278997528974,4.5230233360789205,5450.3242766112,1732.4,580.72,0.0
2025-12-27 15:00:00,22.0,42.097259662215166,2.003044819760927,8009.9672547760365,1296.265,144.585,0.0
2025-12-27 16:00:00,22.0,40.075425046820705,4.249527725754771,5728.124707841848,1151.68,0.0,0.0
2025-12-27 17:00:00,22.0,43.33309528964169,0.6298941226203487,9404.731343889613,1727.52,0.0,0.0
2025-12-27 18:00:00,22.0,42.29575184110051,1.7824979543327646,8233.985527866038,2015.44,0.0,0.0
2025-12-27 19:00:00,22.0,46.54191985040284,-2.935466500447601,13026.21074316465,2159.4,0.0,0.0
2025-12-27 20:00:00,22.0,42.78828280284763,1.235241330169302,8789.855971293839,2015.44,0.0,0.0
2025-12-27 21:00:00,22.0,42.44536295062922,1.6162633881897612,8402.836626080136,1727.52,0.0,0.0
2025-12-27 22:00:00,22.0,45.9087899733382,-2.2319888592646717,12311.660363909496,1439.6,0.0,0.0
2025-12-27 23:00:00,22.0,45.82056698737691,-2.133963319307677,12212.091901953578,1151.68,0.0,0.0
2025-12-28 00:00:00,22.0,45.994133015316365,-2.3268144614626243,12407.97852108605,575.84,0.0,0.0
2025-12-28 01:00:00,22.0,45.25169375923561,-1.5018819547062228,11570.061576673308,575.84,0.0,0.0
2025-12-28 02:00:00,22.0,45.28639671016355,-1.5404407890706109,11609.227327090584,575.84,0.0,0.0
2025-12-28 03:00:00,22.0,43.26297389789632,0.7078067801151982,9325.592341165791,575.84,0.0,0.0
2025-12-28 04:00:00,22.0,41.6805295597883,2.4660782669018912,7539.645661177074,575.84,0.0,0.0
2025-12-28 05:00:00,22.0,44.497076762855,-0.6634186253944487,10718.400834558157,575.84,0.0,0.0
2025-12-28 06:00:00,22.0,42.65679128699374,1.3813430144514065,8641.454646501134,1439.6,0.0,0.0
2025-12-28 07:00:00,22.0,39.54533642956638,4.838515078259572,5129.866694408621,1820.935,93.415,0.0
2025-12-28 08:00:00,22.0,42.85900428650626,1.1566619038819352,8869.672237750969,11093.667,9654.067,0.0
2025-12-28 09:00:00,22.0,43.10171389505045,0.88698456105505,9143.59430195394,11027.4499,9875.7699,0.0
2025-12-28 10:00:00,22.0,38.57493983115876,5.916733520934711,4034.677093445775,10614.0382,9462.3582,0.0
2025-12-28 11:00:00,22.0,37.72924348543247,6.856396127297257,3080.224197659086,10058.3986,8762.7586,0.0
2025-12-28 12:00:00,22.0,39.80014033831647,4.555399624092815,5417.438385823965,11135.8366,9696.2366,0.0
2025-12-28 13:00:00,22.0,39.66423892277618,4.706401196915363,5264.0600482451955,11323.9541,10028.3141,0.0
2025-12-28 14:00:00,22.0,40.350654725509635,3.9437169716559577,6038.748923210175,2015.025,863.345,0.0
2025-12-28 15:00:00,22.0,41.11488101854842,3.094576646057321,6901.254717533744,1283.77,132.09,0.0
2025-12-28 16:00:00,22.0,39.05170752291172,5.3869916412092,4572.757110358168,1151.68,0.0,0.0
2025-12-28 17:00:00,22.0,43.293148714226675,0.6742792064148064,9359.647638876226,1727.52,0.0,0.0
2025-12-28 18:00:00,22.0,42.57794115058003,1.468954277133303,8552.464382544624,2015.44,0.0,0.0
2025-12-28 19:00:00,22.0,44.66135366389581,-0.8459485154397881,10903.803745072812,2159.4,0.0,0.0
2025-12-28 20:00:00,22.0,46.51952015662219,-2.9105779518024297,13000.930448763807,2015.44,0.0,0.0
2025-12-28 21:00:00,22.0,43.079263697727384,0.9119292247473532,9118.257009255127,1727.52,0.0,0.0
2025-12-28 22:00:00,22.0,46.15337685353635,-2.5037520594848317,12587.701116901128,1439.6,0.0,0.0
2025-12-28 23:00:00,22.0,45.23814082988328,-1.4868231443147597,11554.76574060627,1151.68,0.0,0.0
2025-12-29 00:00:00,22.0,48.41453658364182,-5.01615175960202,15139.64598829816,575.84,0.0,0.0
2025-12-29 01:00:00,22.0,46.912823991402306,-3.347582212669225,13444.813156696644,575.84,0.0,0.0
2025-12-29 02:00:00,22.0,43.85673326837296,0.0480741462522567,9995.709166685727,575.84,0.0,0.0
2025-12-29 03:00:00,22.0,39.98849579175001,4.34611578694443,5630.016350569063,575.84,0.0,0.0
2025-12-29 04:00:00,22.0,47.45718891590256,-3.952432128780624,14059.183410487634,575.84,0.0,0.0
2025-12-29 05:00:00,22.0,43.39374259389004,0.5625082290110643,9473.177891464298,575.84,0.0,0.0
2025-12-29 06:00:00,22.0,41.3578949233417,2.824561196287,7175.520210483447,1439.6,0.0,0.0
2025-12-29 07:00:00,22.0,42.27723171346163,1.803075873931516,8213.083711812798,1791.78,64.26,0.0
2025-12-29 08:00:00,22.0,38.770860423410575,5.699043973988248,4255.793073861176,2053.64,614.04,0.0
2025-12-29 09:00:00,22.0,41.114534394916994,3.094961783425564,6900.8635181033205,2423.7972,1560.0372,0.0
2025-12-29 10:00:00,22.0,38.70538275798607,5.771796935571037,4181.894980663082,3829.3688,2965.6088,0.0
2025-12-29 11:00:00,22.0,39.5623964534564,4.819559496159553,5149.120637370895,10191.7964,9184.0764,0.0
2025-12-29 12:00:00,22.0,36.30502405068141,8.438862165909544,1472.8501435990402,10924.1863,9772.5063,0.0
2025-12-29 13:00:00,22.0,39.84012313082344,4.510974299085062,5462.562965447339,11053.0643,10045.3443,0.0
2025-12-29 14:00:00,22.0,39.61568137969175,4.760354022564724,5209.25800512011,1655.11,791.35,0.0
2025-12-29 15:00:00,22.0,37.85217532023355,6.719805199740501,3218.965066415584,982.165,118.405,0.0
2025-12-29 16:00:00,22.0,42.15046958636715,1.9439226818142727,8070.019975173968,863.76,0.0,0.0
2025-12-29 17:00:00,22.0,41.044501335456495,3.172776293937228,6821.824207196201,1439.6,0.0,0.0
2025-12-29 18:00:00,22.0,45.38056181863588,-1.645068687373203,11715.502068512458,1727.52,0.0,0.0
2025-12-29 19:00:00,22.0,44.99002878790141,-1.2111430976682327,11274.74649002553,2015.44,0.0,0.0
2025-12-29 20:00:00,22.0,43.212163703396556,0.7642625517816082,9268.247955653354,1727.52,0.0,0.0
2025-12-29 21:00:00,22.0,46.42883992943679,-2.809822143818653,12898.588744362363,1439.6,0.0,0.0
2025-12-29 22:00:00,22.0,46.197922730906804,-2.5532474787853365,12637.975594101421,1151.68,0.0,0.0
2025-12-29 23:00:00,22.0,44.68977745095436,-0.8775305010603979,10935.882831147092,863.76,0.0,0.0
2025-12-30 00:00:00,22.0,46.742535054064476,-3.15837228229386,13252.625062017169,575.84,0.0,0.0
2025-12-30 01:00:00,22.0,44.0962172428512,-0.2180191587235573,10265.990780281869,575.84,0.0,0.0
2025-12-30 02:00:00,22.0,44.829498436149066,-1.0327760401656256,11093.571935037837,575.84,0.0,0.0
2025-12-30 03:00:00,22.0,43.86135481080747,0.0429390991028162,10000.925039477312,575.84,0.0,0.0
2025-12-30 04:00:00,22.0,41.66626192227064,2.4819311974770644,7523.543205474648,575.84,0.0,0.0
2025-12-30 05:00:00,22.0,42.45606704966376,1.6043699448180484,8414.917272250519,575.84,0.0,0.0
2025-12-30 06:00:00,22.0,39.330074877155184,5.077694580938688,4886.922506357341,1439.6,0.0,0.0
2025-12-30 07:00:00,22.0,39.52797932816284,4.85780074648573,5110.2774697645855,1748.94,21.42,0.0
2025-12-30 08:00:00,22.0,41.242214373702026,2.9530951403310866,7044.963142160108,1689.5,249.9,0.0
2025-12-30 09:00:00,22.0,37.22674905269014,7.414723274788733,2513.1089808660904,1606.2348,742.4748,0.0
2025-12-30 10:00:00,22.0,38.50734970875072,5.991833656943645,3958.394881296067,2066.5529,1202.7929,0.0
2025-12-30 11:00:00,22.0,39.33309050094826,5.074343887835266,4890.325939370206,2774.87,1767.15,0.0
2025-12-30 12:00:00,22.0,37.99890574842241,6.5567713906417655,3384.5650276695314,2772.46,1620.78,0.0
2025-12-30 13:00:00,22.0,36.62047874145688,8.088356953936799,1828.8723076082333,2089.43,1081.71,0.0
2025-12-30 14:00:00,22.0,38.163227376740025,6.374191803622199,3570.0184173887924,1399.26,535.5,0.0
2025-12-30 15:00:00,21.90535886952045,36.27410848913591,8.473212789848985,1437.9588408387908,949.44,85.68,0.0
2025-12-30 16:00:00,21.980002357500265,38.34424499578212,6.173061115797644,3774.3149022397006,863.76,0.0,0.0
2025-12-30 17:00:00,22.0,40.226563377507034,4.081596247214408,5898.69942785444,1439.6,0.0,0.0
2025-12-30 18:00:00,22.0,43.94692254893408,-0.0521361654823149,10097.496788727007,1727.52,0.0,0.0
2025-12-30 19:00:00,22.0,43.35526708758729,0.6052587915696751,9429.75443505102,2015.44,0.0,0.0
2025-12-30 20:00:00,22.0,43.771004548448474,0.1433282795017037,9898.955733378949,1727.52,0.0,0.0
2025-12-30 21:00:00,22.0,43.391647710079624,0.5648358776893054,9470.813605595866,1439.6,0.0,0.0
2025-12-30 22:00:00,22.0,44.07049197933404,-0.1894355325933681,10236.957247876395,1151.68,0.0,0.0
2025-12-30 23:00:00,22.0,45.27216023624773,-1.524622484719701,11593.160042629188,863.76,0.0,0.0
2025-12-31 00:00:00,22.0,45.48337015232109,-1.7593001692456578,11831.531553909588,575.84,0.0,0.0
2025-12-31 01:00:00,22.0,44.280510563503725,-0.4227895150041338,10473.984221970306,575.84,0.0,0.0
2025-12-31 02:00:00,22.0,46.76314665975795,-3.181274066397726,13275.887320202824,575.84,0.0,0.0
2025-12-31 03:00:00,22.0,41.59365593762183,2.562604513753523,7441.600091200001,575.84,0.0,0.0
2025-12-31 04:00:00,22.0,47.58490039329425,-4.094333770326943,14203.318583871891,575.84,0.0,0.0
2025-12-31 05:00:00,22.0,40.41201149445942,3.8755427839339753,6107.996172646903,575.84,0.0,0.0
2025-12-31 06:00:00,22.0,42.18133395116529,1.909628943149676,8104.85349728515,1439.6,0.0,0.0
2025-12-31 07:00:00,22.0,39.36360777194206,5.040435808953271,4924.767731413806,1831.05,103.53,0.0
2025-12-31 08:00:00,22.0,39.6450872182733,4.727680868585225,5242.445434543243,11039.4726,9599.8726,0.0
2025-12-31 09:00:00,22.0,38.931553648088986,5.520495946567793,4437.15144723323,10774.7028,9910.9428,0.0
2025-12-31 10:00:00,22.0,37.984650489528285,6.572610567190797,3368.476542481623,10362.133,9498.373,0.0
2025-12-31 11:00:00,22.0,37.16636930500135,7.481811883331829,2444.964397624528,9750.4397,8742.7197,0.0
2025-12-31 12:00:00,22.0,39.09189548785703,5.34233834682552,4618.1132475954455,10803.7117,9652.0317,0.0
2025-12-31 13:00:00,22.0,36.76002859041213,7.933301566208746,1986.3682671391261,10977.7392,9970.0192,0.0
2025-12-31 14:00:00,22.0,40.93435566881783,3.295160367980188,6697.513807827803,1556.935,693.175,0.0
2025-12-31 15:00:00,22.0,39.564010619715454,4.817765978093941,5150.942385410862,1017.865,154.105,0.0
2025-12-31 16:00:00,22.0,38.7952541363099,5.671939848544554,4283.323818239353,863.76,0.0,0.0
2025-12-31 17:00:00,22.0,39.37721979432232,5.025311339641863,4940.130259872173,1439.6,0.0,0.0
2025-12-31 18:00:00,22.0,41.27058007312948,2.921577696522802,7076.976670533932,1727.52,0.0,0.0
2025-12-31 19:00:00,22.0,43.7398549506894,0.1779389436784456,9863.800297348056,2015.44,0.0,0.0
2025-12-31 20:00:00,22.0,42.285925998936335,1.7934155567374082,8222.89608239955,1727.52,0.0,0.0
2025-12-31 21:00:00,22.0,45.85044364268533,-2.1671596029836957,12245.810695134662,1439.6,0.0,0.0
2025-12-31 22:00:00,22.0,42.06515512087594,2.0387165323600684,7973.7340694205905,1151.68,0.0,0.0
2025-12-31 23:00:00,22.0,45.72974059014004,-2.0330451001556016,12109.58523003205,863.76,0.0,0.0
2026-01-01 00:00:00,22.0,49.37132624957073,-6.079251388411921,16219.478805265526,575.84,0.0,0.0
2026-01-01 01:00:00,22.0,48.62776321707044,-5.253070241189377,15380.293566785698,575.84,0.0,0.0
2026-01-01 02:00:00,22.0,46.03913290724073,-2.376814341378579,12458.765399111886,575.84,0.0,0.0
2026-01-01 03:00:00,22.0,45.293898923884676,-1.5487765820940835,11617.694325496246,575.84,0.0,0.0
2026-01-01 04:00:00,22.0,41.25461796708802,2.939313369902191,7058.9618376555445,575.84,0.0,0.0
2026-01-01 05:00:00,22.0,45.801047370074684,-2.112274855638536,12190.06206186629,575.84,0.0,0.0
2026-01-01 06:00:00,22.0,42.92896804125293,1.0789243986078614,8948.633331358056,1439.6,0.0,0.0
2026-01-01 07:00:00,22.0,43.97520997037863,-0.0835666337540304,10129.421972569322,1813.795,86.275,0.0
2026-01-01 08:00:00,22.0,42.08677873578412,2.014690293573193,7998.138481205961,11083.2896,9643.6896,0.0
2026-01-01 09:00:00,22.0,37.42326593360362,7.196371184884866,2734.8979326650497,10877.0488,10013.2888,0.0
2026-01-01 10:00:00,22.0,41.9277137480568,2.1914291688257728,7818.617736056909,9655.7758,8792.0158,0.0
2026-01-01 11:00:00,22.0,38.46599066203726,6.03778815329194,3911.7170611752485,8408.3064,7400.5864,0.0
2026-01-01 12:00:00,22.0,38.692766753774094,5.785814718028783,4167.656558309443,10116.322,8964.642,0.0
2026-01-01 13:00:00,22.0,39.56617559280413,4.815360452439855,5153.38577403874,7887.51,6879.79,0.0
2026-01-01 14:00:00,22.0,38.94732262463089,5.50297486152123,4454.948314158426,2068.04,1204.28,0.0
2026-01-01 15:00:00,22.0,42.54245227522635,1.508386360859613,8512.411637820464,1114.255,250.495,0.0
2026-01-01 16:00:00,22.0,38.218619485953596,6.312645015607115,3632.5339518472288,863.76,0.0,0.0
2026-01-01 17:00:00,22.0,38.60352954640859,5.884967170657125,4066.9434460767325,1439.6,0.0,0.0
2026-01-01 18:00:00,22.0,42.915211544033234,1.0942093955186272,8933.107748595909,1727.52,0.0,0.0
2026-01-01 19:00:00,22.0,39.570157527264676,4.810936080817025,5157.879785270914,2015.44,0.0,0.0
2026-01-01 20:00:00,22.0,45.51825027678986,-1.7980558630998398,11870.897262385033,1727.52,0.0,0.0
2026-01-01 21:00:00,22.0,44.82480682333026,-1.027563137033628,11088.276980810537,1439.6,0.0,0.0
2026-01-01 22:00:00,22.0,43.54029113882986,0.3996765124112733,9638.572579283378,1151.68,0.0,0.0
2026-01-01 23:00:00,22.0,47.303541003041886,-3.781712225602092,13885.776376033074,863.76,0.0,0.0
2026-01-02 00:00:00,22.0,49.08678830598299,-5.763098117758877,15898.349282132407,575.84,0.0,0.0
2026-01-02 01:00:00,22.0,49.37842369275458,-6.087137436393981,16227.488979642822,575.84,0.0,0.0
2026-01-02 02:00:00,22.0,42.40820363859919,1.6575515126675633,8360.898626523047,575.84,0.0,0.0
2026-01-02 03:00:00,22.0,46.49782878342137,-2.886476426023745,12976.449564969358,575.84,0.0,0.0
2026-01-02 04:00:00,22.0,45.1343261741533,-1.371473526836997,11437.600520149417,575.84,0.0,0.0
2026-01-02 05:00:00,22.0,45.93472390334698,-2.260804337052192,12340.9293973174,575.84,0.0,0.0
2026-01-02 06:00:00,22.0,41.29298929720746,2.896678558658377,7102.267720828343,1439.6,0.0,0.0
2026-01-02 07:00:00,22.0,43.47505918423518,0.4721564619609131,9564.951795327823,1773.93,46.41,0.0
2026-01-02 08:00:00,22.0,42.08427344979038,2.017473944677356,7995.3110154334245,1764.47,324.87,0.0
2026-01-02 09:00:00,22.0,39.915278832779336,4.427467963578511,5547.383690674759,1445.67,581.91,0.0
2026-01-02 10:00:00,22.0,41.79759121541805,2.336009760646609,7671.761445720815,1431.39,567.63,0.0
2026-01-02 11:00:00,22.0,39.844115110484964,4.5065387661278224,5467.068313693331,2064.44,1056.72,0.0
2026-01-02 12:00:00,22.0,36.876022738894115,7.80441917900654,2117.279263115898,2533.27,1381.59,0.0
2026-01-02 13:00:00,22.0,38.751809109829,5.72021210019,4234.291761353007,2546.39,1538.67,0.0
2026-01-02 14:00:00,22.0,39.64733242000497,4.725186199994472,5244.979369217612,1927.62,1063.86,0.0
2026-01-02 15:00:00,22.0,40.06765911069347,4.258156543673921,5719.36007232865,1099.38,235.62,0.0
2026-01-02 16:00:00,22.0,41.90044317275782,2.2217298080468724,7787.840164774474,863.76,0.0,0.0
2026-01-02 17:00:00,22.0,38.47517726207206,6.027580819919935,3922.085057974526,1439.6,0.0,0.0
2026-01-02 18:00:00,22.0,44.46188283496132,-0.6243142610681343,10678.68096753735,1727.52,0.0,0.0
2026-01-02 19:00:00,22.0,43.552081470834,0.386576143517777,9651.87914798325,2015.44,0.0,0.0
2026-01-02 20:00:00,22.0,44.59295398058295,-0.7699488673143846,10826.607862485916,1727.52,0.0,0.0
2026-01-02 21:00:00,22.0,43.72981189943192,0.1890978895200818,9852.465709698869,1439.6,0.0,0.0
2026-01-02 22:00:00,22.0,44.131978363795426,-0.2577537375504741,10306.350781379519,1151.68,0.0,0.0
2026-01-02 23:00:00,22.0,46.53496682271737,-2.927740914130415,13018.363556118828,863.76,0.0,0.0
2026-01-03 00:00:00,22.0,46.076800312396514,-2.418667013773901,12501.276832570707,575.84,0.0,0.0
2026-01-03 01:00:00,22.0,45.88597041759554,-2.2066337973283767,12285.906213298325,575.84,0.0,0.0
2026-01-03 02:00:00,22.0,50.0,-7.008384926278969,16929.000000000004,575.84,0.0,0.0
2026-01-03 03:00:00,22.0,48.405765696731564,-5.006406329701741,15129.747165331244,575.84,0.0,0.0
2026-01-03 04:00:00,22.0,45.88911464329955,-2.2101273814439413,12289.454786427874,575.84,0.0,0.0
2026-01-03 05:00:00,22.0,44.94262617984744,-1.1584735331638207,11221.24790657582,575.84,0.0,0.0
2026-01-03 06:00:00,22.0,45.15870835953544,-1.3985648439282643,11465.118254571697,1439.6,0.0,0.0
2026-01-03 07:00:00,22.0,40.7190028091584,3.534441323157343,6454.466570416167,1813.2,85.68,0.0
2026-01-03 08:00:00,22.0,41.19618684216855,3.004236842034945,6993.016470071428,4858.8577,3419.2577,0.0
2026-01-03 09:00:00,22.0,40.84086577302474,3.399038029972516,6592.00111143572,8216.1139,7064.4339,0.0
2026-01-03 10:00:00,22.0,42.14338804048932,1.951791066122981,8062.027742496248,5121.2188,3969.5388,0.0
2026-01-03 11:00:00,22.0,39.60284778099997,4.774613576666695,5194.77400563657,3055.65,1760.01,0.0
2026-01-03 12:00:00,22.0,44.12803256079751,-0.2533695119972234,10301.897548116069,3353.12,1913.52,0.0
2026-01-03 13:00:00,22.0,39.81598838480987,4.537790683544591,5435.32449109642,5763.2183,4467.5783,0.0
2026-01-03 14:00:00,22.0,39.76857794252206,4.590468952753267,5381.817065930394,2185.79,1034.11,0.0
2026-01-03 15:00:00,22.0,40.01896861594973,4.312257093389188,5664.407979960867,1330.775,179.095,0.0
2026-01-03 16:00:00,22.0,44.01538317426271,-0.1282035269585599,10174.761450472895,1151.68,0.0,0.0
2026-01-03 17:00:00,22.0,41.66358131158627,2.484909653793033,7520.5178682562655,1727.52,0.0,0.0
2026-01-03 18:00:00,22.0,44.87457628575618,-1.0828625397290843,11144.446796104423,2015.44,0.0,0.0
2026-01-03 19:00:00,22.0,45.39419426049528,-1.660215844994751,11730.887642394977,2159.4,0.0,0.0
2026-01-03 20:00:00,22.0,43.50772350551921,0.4358627716453307,9601.81674832898,2015.44,0.0,0.0
2026-01-03 21:00:00,22.0,41.92017971022403,2.1998003219733,7810.1148209588455,1727.52,0.0,0.0
2026-01-03 22:00:00,22.0,46.025245687779154,-2.361384097532393,12443.092283227556,1439.6,0.0,0.0
2026-01-03 23:00:00,22.0,47.948104800193065,-4.497894222436738,14613.231077497894,1151.68,0.0,0.0
2026-01-04 00:00:00,22.0,46.260393194482006,-2.622659104980003,12708.479759292393,575.84,0.0,0.0
2026-01-04 01:00:00,22.0,44.787080491142184,-0.9856449901579822,11045.699042303071,575.84,0.0,0.0
2026-01-04 02:00:00,22.0,44.99989583505305,-1.2221064833922837,11285.882439440877,575.84,0.0,0.0
2026-01-04 03:00:00,22.0,40.607981241836825,3.6577986201813015,6329.167629537042,575.84,0.0,0.0
2026-01-04 04:00:00,22.0,46.0876076243704,-2.430675138189333,12513.473964864434,575.84,0.0,0.0
2026-01-04 05:00:00,22.0,43.477731898514335,0.4691867794285131,9567.96822066328,575.84,0.0,0.0
2026-01-04 06:00:00,22.0,40.211947683847235,4.097835906836407,5882.20415598999,1439.6,0.0,0.0
2026-01-04 07:00:00,22.0,39.39316481099757,5.007594654447146,4958.125805691856,1834.62,107.1,0.0
2026-01-04 08:00:00,22.0,44.71014026774388,-0.9001558530487612,10958.864306175747,9857.7528,8418.1528,0.0
2026-01-04 09:00:00,22.0,40.46045930380039,3.821711884666228,6162.674370269122,4051.6905,2900.0105,0.0
2026-01-04 10:00:00,22.0,37.21017116784836,7.433143146835153,2494.3991800336576,10852.5946,9700.9146,0.0
2026-01-04 11:00:00,22.0,34.31950964264091,10.644989285954548,0.0,10139.3923,8843.7523,0.0
2026-01-04 12:00:00,22.0,38.13316740924853,6.407591767501637,3536.09273807789,11289.618,9850.018,0.0
2026-01-04 13:00:00,22.0,40.18482095401303,4.127976717763305,5851.588928699103,7586.8602,6291.2202,0.0
2026-01-04 14:00:00,22.0,41.69887422076332,2.4456953102629755,7560.3494455534865,1867.465,715.785,0.0
2026-01-04 15:00:00,21.957596990710325,36.4606775441729,8.265913839807888,1648.5206763535382,1316.495,164.815,0.0
2026-01-04 16:00:00,22.0,39.88826514436163,4.457483172931518,5516.8960419265395,1151.68,0.0,0.0
2026-01-04 17:00:00,22.0,43.594771906024675,0.3391423266392488,9700.05957313945,1727.52,0.0,0.0
2026-01-04 18:00:00,22.0,43.365681459400804,0.593687267332438,9441.50809507975,2015.44,0.0,0.0
2026-01-04 19:00:00,22.0,43.373412832077406,0.5850968532473249,9450.23372228256,2159.4,0.0,0.0
2026-01-04 20:00:00,22.0,43.821148023001385,0.0876133077762366,9955.547658759364,2015.44,0.0,0.0
2026-01-04 21:00:00,22.0,47.16489799585399,-3.627664439837768,13729.303878120816,1727.52,0.0,0.0
2026-01-04 22:00:00,22.0,47.22323420624986,-3.692482451388739,13795.142125173597,1439.6,0.0,0.0
2026-01-04 23:00:00,22.0,49.45261518691197,-6.169572429902193,16311.221499948851,1151.68,0.0,0.0
2026-01-05 00:00:00,22.0,44.72842787871139,-0.9204754207904364,10979.50370391368,575.84,0.0,0.0
2026-01-05 01:00:00,22.0,47.09224621482721,-3.5469402386969056,13647.309078053995,575.84,0.0,0.0
2026-01-05 02:00:00,22.0,45.278312485094055,-1.5314583167711702,11600.103470677152,575.84,0.0,0.0
2026-01-05 03:00:00,22.0,42.98551909683418,1.016089892406464,9012.456852687059,575.84,0.0,0.0
2026-01-05 04:00:00,22.0,44.4042337437269,-0.5602597152521085,10613.61820317018,575.84,0.0,0.0
2026-01-05 05:00:00,22.0,44.1350954190774,-0.2612171323082189,10309.868689970757,575.84,0.0,0.0
2026-01-05 06:00:00,22.0,42.65094134160891,1.3878429537678685,8634.852398139821,1439.6,0.0,0.0
2026-01-05 07:00:00,22.0,41.954502950700515,2.1616633881105365,7848.852030160602,1791.78,64.26,0.0
2026-01-05 08:00:00,22.0,38.9569030038197,5.49232999575589,4465.760730110911,1928.69,489.09,0.0
2026-01-05 09:00:00,22.0,39.89490647215861,4.4501039198237695,5524.391444478208,1859.79,996.03,0.0
2026-01-05 10:00:00,22.0,40.86223038161806,3.375299575979929,6616.113208694145,2423.85,1560.09,0.0
2026-01-05 11:00:00,22.0,37.63653872295781,6.959401418935773,2975.5976027301836,3021.2,2013.48,0.0
2026-01-05 12:00:00,22.0,37.18512815855497,7.460968712716705,2466.1356397451364,2986.66,1834.98,0.0
2026-01-05 13:00:00,22.0,41.93166215363619,2.1870420515153457,7823.073906593804,2832.9765,1825.2565,0.0
2026-01-05 14:00:00,22.0,37.123297553793435,7.529669384673966,2396.353619211271,2120.995,1257.235,0.0
2026-01-05 15:00:00,22.0,39.797934395953156,4.557850671163161,5414.948759272733,1177.92,314.16,0.0
2026-01-05 16:00:00,22.0,40.69011408973613,3.566539900293197,6421.862761676194,863.76,0.0,0.0
2026-01-05 17:00:00,22.0,40.256327100757204,4.048525443603113,5932.290765914581,1439.6,0.0,0.0
2026-01-05 18:00:00,22.0,44.0205575038077,-0.1339527820085571,10180.601198797372,1727.52,0.0,0.0
2026-01-05 19:00:00,22.0,42.21425243682542,1.8730528479717647,8142.005300201168,2015.44,0.0,0.0
2026-01-05 20:00:00,22.0,45.478195845528134,-1.7535509394757094,11825.691831263053,1727.52,0.0,0.0
2026-01-05 21:00:00,22.0,48.20049563575017,-4.778328484166865,14898.079374507646,1439.6,0.0,0.0
2026-01-05 22:00:00,22.0,47.91365275601646,-4.459614173351622,14574.34850044018,1151.68,0.0,0.0
2026-01-05 23:00:00,22.0,45.45669367541484,-1.72965963934982,11801.42448207319,863.76,0.0,0.0
2026-01-06 00:00:00,22.0,48.301843011990385,-4.890936679989316,15012.46002333235,575.84,0.0,0.0
2026-01-06 01:00:00,22.0,43.579195952899276,0.3564489412230252,9682.480552442124,575.84,0.0,0.0
2026-01-06 02:00:00,22.0,43.976981237432625,-0.0855347082584687,10131.421024566462,575.84,0.0,0.0
2026-01-06 03:00:00,22.0,43.145393913412235,0.8384512073197401,9192.89157067705,575.84,0.0,0.0
2026-01-06 04:00:00,22.0,44.57539855658066,-0.750442840645176,10806.794810956933,575.84,0.0,0.0
2026-01-06 05:00:00,22.0,43.46759765123815,0.480447054179836,9556.530709187378,575.84,0.0,0.0
2026-01-06 06:00:00,22.0,45.1486813376397,-1.387423708488555,11453.801757660169,1439.6,0.0,0.0
2026-01-06 07:00:00,22.0,40.27584111934744,4.026843200725064,5954.314287295521,1785.235,57.715,0.0
2026-01-06 08:00:00,22.0,40.516299780933245,3.759666910074171,6225.695932761261,9190.414,7750.814,0.0
2026-01-06 09:00:00,22.0,39.43326546220236,4.963038375330711,5003.383400641581,10825.1885,9961.4285,0.0
2026-01-06 10:00:00,22.0,36.843347285760835,7.840725238043518,2080.4017467096787,10008.8182,9145.0582,0.0
2026-01-06 11:00:00,22.0,40.613400396464876,3.6517773372612528,6335.283687450259,5464.7538,4457.0338,0.0
2026-01-06 12:00:00,22.0,39.62705478977917,4.747716900245363,5222.094035744775,3963.4042,2811.7242,0.0
2026-01-06 13:00:00,22.0,38.93465936658345,5.517045148240609,4440.656561126086,2792.72,1785.0,0.0
2026-01-06 14:00:00,22.0,41.566092276201694,2.593230804220342,7410.491742921233,1888.945,1025.185,0.0
2026-01-06 15:00:00,22.0,40.79209346602674,3.4532294821925107,6536.956685757782,1056.54,192.78,0.0
2026-01-06 16:00:00,22.0,40.31269034115945,3.985899620933939,5995.902319032559,863.76,0.0,0.0
2026-01-06 17:00:00,22.0,42.65400972610202,1.3844336376644215,8638.315376878738,1439.6,0.0,0.0
2026-01-06 18:00:00,22.0,40.6438190624876,3.6179788194582247,6369.614193923508,1727.52,0.0,0.0
2026-01-06 19:00:00,22.0,46.65141277363966,-3.057125304044071,13149.784456329726,2015.44,0.0,0.0
2026-01-06 20:00:00,22.0,42.77901176757999,1.2455424804666848,8779.392680890774,1727.52,0.0,0.0
2026-01-06 21:00:00,22.0,44.355450557602765,-0.5060561751141792,10558.561499310483,1439.6,0.0,0.0
2026-01-06 22:00:00,22.0,47.14158291122584,-3.601758790250935,13702.990473609483,1151.68,0.0,0.0
2026-01-06 23:00:00,22.0,48.141268397454645,-4.712520441616269,14831.235513367315,863.76,0.0,0.0
2026-01-07 00:00:00,22.0,50.0,-7.160565234484904,16929.000000000004,575.84,0.0,0.0
2026-01-07 01:00:00,22.0,47.90864799698555,-4.4540533299839415,14568.700129397894,575.84,0.0,0.0
2026-01-07 02:00:00,22.0,44.23277347461858,-0.3697483051317607,10420.108143454534,575.84,0.0,0.0
2026-01-07 03:00:00,22.0,45.646538719573186,-1.9405985773035384,12015.6835989103,575.84,0.0,0.0
2026-01-07 04:00:00,22.0,42.70663441529469,1.325961760783683,8697.707601101585,575.84,0.0,0.0
2026-01-07 05:00:00,22.0,45.04751648949327,-1.275018321659187,11339.627110042105,575.84,0.0,0.0
2026-01-07 06:00:00,22.0,41.72720891180819,2.4142123202131254,7592.327977866725,1439.6,0.0,0.0
2026-01-07 07:00:00,22.0,43.35974892138289,0.6002789762412397,9434.812632672729,1791.78,64.26,0.0
2026-01-07 08:00:00,22.0,42.93803501117771,1.068849987580322,8958.866313615164,2164.6802,725.0802,0.0
2026-01-07 09:00:00,22.0,40.64724457863565,3.614172690404837,6373.480231448196,2706.8909,1843.1309,0.0
2026-01-07 10:00:00,22.0,41.07924826675202,3.1341685924977614,6861.039593856328,3706.2816,2842.5216,0.0
2026-01-07 11:00:00,22.0,42.299746893626335,1.7780590070818478,8238.494344146682,8186.3442,7178.6242,0.0
2026-01-07 12:00:00,22.0,39.72816646129059,4.635370598566014,5336.208668212562,11023.7172,9872.0372,0.0
2026-01-07 13:00:00,22.0,39.33108327578304,5.0765741380188505,4888.060585048736,11123.7269,10116.0069,0.0
2026-01-07 14:00:00,22.0,37.5992630456831,7.00081883812989,2933.5282733579497,10636.5138,9772.7538,0.0
2026-01-07 15:00:00,22.0,38.76816536888892,5.702038479012311,4252.7514353280385,1095.215,231.455,0.0
2026-01-07 16:00:00,22.0,39.004102241380906,5.439886398465663,4519.029789622491,863.76,0.0,0.0
2026-01-07 17:00:00,22.0,40.77160794052261,3.4759911771971006,6513.836721673815,1439.6,0.0,0.0
2026-01-07 18:00:00,22.0,42.401297033890046,1.66522551789995,8353.103832448307,1727.52,0.0,0.0
2026-01-07 19:00:00,22.0,46.14384939401849,-2.493165993353868,12576.948426089268,2015.44,0.0,0.0
2026-01-07 20:00:00,22.0,44.5302300437165,-0.7002556041294499,10755.817627338443,1727.52,0.0,0.0
2026-01-07 21:00:00,22.0,44.4713556130761,-0.6348395700845602,10689.371944917686,1439.6,0.0,0.0
2026-01-07 22:00:00,22.0,43.4943031447572,0.4507742836031188,9586.670529172974,1151.68,0.0,0.0
2026-01-07 23:00:00,22.0,45.24201359952338,-1.491126221692646,11559.13654842209,863.76,0.0,0.0
2026-01-08 00:00:00,22.0,44.36730981771024,-0.5192331307891567,10571.945860267782,575.84,0.0,0.0
2026-01-08 01:00:00,22.0,48.334929179098076,-4.927699087886751,15049.80107153009,575.84,0.0,0.0
2026-01-08 02:00:00,22.0,46.70524318069055,-3.1169368674339446,13210.537453727358,575.84,0.0,0.0
2026-01-08 03:00:00,22.0,44.772753127681284,-0.9697256974236482,11029.5291799011,575.84,0.0,0.0
2026-01-08 04:00:00,22.0,42.71028515666339,1.321905381485123,8701.8278278103,575.84,0.0,0.0
2026-01-08 05:00:00,22.0,44.19316012487913,-0.3257334720879222,10375.400516938585,575.84,0.0,0.0
2026-01-08 06:00:00,22.0,43.148402726468476,0.8351080817016932,9196.287317092323,1439.6,0.0,0.0
2026-01-08 07:00:00,22.0,40.83139888682557,3.4095567924160406,6581.316783671336,1831.645,104.125,0.0
2026-01-08 08:00:00,22.0,43.22656748886122,0.7482583457097514,9284.504067928776,2132.18,692.58,0.0
2026-01-08 09:00:00,22.0,37.561087398046254,7.043236224393048,2890.443237435003,1951.8677,1088.1077,0.0
2026-01-08 10:00:00,22.0,41.46475351396985,2.7058294289223848,7296.120815866378,2241.0402,1377.2802,0.0
2026-01-08 11:00:00,22.0,42.976127987766105,1.026524458037667,9001.858046992827,2485.7,1477.98,0.0
2026-01-08 12:00:00,22.0,39.381879384659356,5.020134017045161,4945.38907352655,2208.4,1056.72,0.0
2026-01-08 13:00:00,22.0,36.465441361083336,8.260620709907403,1653.897120118653,1896.65,888.93,0.0
2026-01-08 14:00:00,22.0,38.826692911775524,5.637007875804976,4318.805620229857,1295.73,431.97,0.0
2026-01-08 15:00:00,22.0,39.10245261032189,5.330608210753456,4630.028016009286,928.02,64.26,0.0
2026-01-08 16:00:00,22.0,41.12550562784719,3.0827715246142287,6913.24565158834,863.76,0.0,0.0
2026-01-08 17:00:00,22.0,42.34253093271904,1.7305211858677298,8286.780410666714,1439.6,0.0,0.0
2026-01-08 18:00:00,22.0,45.78083686526761,-2.08981873918623,12167.252486141026,1727.52,0.0,0.0
2026-01-08 19:00:00,22.0,47.998643826596606,-4.554048696218455,14670.26942269693,2015.44,0.0,0.0
2026-01-08 20:00:00,22.0,44.44670979080645,-0.6074553231182723,10661.556669904163,1727.52,0.0,0.0
2026-01-08 21:00:00,22.0,43.182995862459165,0.7966712639342637,9235.329130371416,1439.6,0.0,0.0
2026-01-08 22:00:00,22.0,45.49825078493346,-1.7758342054816223,11848.325835875905,1151.68,0.0,0.0
2026-01-08 23:00:00,22.0,45.354853825947025,-1.6165042510522465,11686.488027963813,863.76,0.0,0.0
2026-01-09 00:00:00,22.0,43.74930841784883,0.1674350912790796,9874.46948038419,575.84,0.0,0.0
2026-01-09 01:00:00,22.0,45.88555264204675,-2.2061696022741573,12285.43471181396,575.84,0.0,0.0
2026-01-09 02:00:00,22.0,46.338470634177696,-2.7094118157529934,12796.597957732949,575.84,0.0,0.0
2026-01-09 03:00:00,22.0,47.018929062441686,-3.46547673604632,13564.563339871687,575.84,0.0,0.0
2026-01-09 04:00:00,22.0,41.160017386650246,3.044425125944172,6952.195622573468,575.84,0.0,0.0
2026-01-09 05:00:00,22.0,42.98396255989245,1.0178193778972775,9010.700145094617,575.84,0.0,0.0
2026-01-09 06:00:00,22.0,44.6984830886548,-0.8872034318386617,10945.708013855805,1439.6,0.0,0.0
2026-01-09 07:00:00,22.0,44.17635323967315,-0.3070591551923907,10356.432266295116,1806.06,78.54,0.0
2026-01-09 08:00:00,22.0,38.944485291527954,5.506127453857825,4451.746100018449,2739.1221,1299.5221,0.0
2026-01-09 09:00:00,22.0,42.32181064126341,1.7535437319295388,8263.395489729886,10819.4949,9955.7349,0.0
2026-01-09 10:00:00,22.0,36.54540706287202,8.171769930142197,1744.1464111573655,10534.1422,9670.3822,0.0
2026-01-09 11:00:00,22.0,44.484300060122635,-0.6492222890251496,10703.981047854408,3346.1812,2338.4612,0.0
2026-01-09 12:00:00,22.0,36.83932864397804,7.845190395579953,2075.8663075936192,3689.438,2537.758,0.0
2026-01-09 13:00:00,22.0,38.64625636526782,5.837492927480201,4115.164933841259,6958.1136,5950.3936,0.0
2026-01-09 14:00:00,22.0,39.66883858487365,4.701290461251503,5269.251226888399,1957.805,1094.045,0.0
2026-01-09 15:00:00,22.0,40.7702407708036,3.4775102546626644,6512.293733928947,1048.805,185.045,0.0
2026-01-09 16:00:00,22.0,37.79668627253075,6.781459697188059,3156.340127178204,863.76,0.0,0.0
2026-01-09 17:00:00,22.0,40.79554549250876,3.4493938972124907,6540.852642845385,1439.6,0.0,0.0
2026-01-09 18:00:00,22.0,44.62576649601181,-0.8064072177909023,10863.640067398934,1727.52,0.0,0.0
2026-01-09 19:00:00,22.0,47.02578648322106,-3.473096092467846,13572.302624963291,2015.44,0.0,0.0
2026-01-09 20:00:00,22.0,44.480865016334846,-0.6454055737053821,10700.104257435509,1727.52,0.0,0.0
2026-01-09 21:00:00,22.0,45.54751245263891,-1.8305693918210169,11903.922554048278,1439.6,0.0,0.0
2026-01-09 22:00:00,22.0,48.853453920899895,-5.503837689888772,15635.008095127623,1151.68,0.0,0.0
2026-01-09 23:00:00,22.0,46.577041320508854,-2.9744903561209446,13065.848834326294,863.76,0.0,0.0
2026-01-10 00:00:00,22.0,47.63308233953356,-4.1478692661484,14257.696728397575,575.84,0.0,0.0
2026-01-10 01:00:00,22.0,46.4606108516886,-2.845123168542884,12934.445407215755,575.84,0.0,0.0
2026-01-10 02:00:00,22.0,44.811028952656855,-1.0122543918409506,11072.727275968527,575.84,0.0,0.0
2026-01-10 03:00:00,22.0,42.85888650683631,1.1567927701818812,8869.539311615465,575.84,0.0,0.0
2026-01-10 04:00:00,22.0,43.16399973453528,0.8177780727385748,9213.89010039652,575.84,0.0,0.0
2026-01-10 05:00:00,22.0,45.23034191206345,-1.478157680070494,11545.963881954813,575.84,0.0,0.0
2026-01-10 06:00:00,22.0,42.33595276810745,1.7378302576583888,8279.356294086065,1439.6,0.0,0.0
2026-01-10 07:00:00,22.0,41.95465861894528,2.161490423394131,7849.027717341645,1802.49,74.97,0.0
2026-01-10 08:00:00,22.0,43.597832118335624,0.335742090738198,9703.513328753586,2303.54,863.94,0.0
2026-01-10 09:00:00,22.0,39.73759657528234,4.624892694130734,5346.851494863648,2558.26,1406.58,0.0
2026-01-10 10:00:00,22.0,36.54029833812413,8.177446290973183,1738.380704406895,2369.05,1217.37,0.0
2026-01-10 11:00:00,22.0,39.46429913782275,4.928556513530281,5038.408006946755,2502.3,1206.66,0.0
2026-01-10 12:00:00,22.0,42.26952882350572,1.8116346405491988,8204.39023020856,2956.85,1517.25,0.0
2026-01-10 13:00:00,22.0,39.46818341736384,4.924240647373511,5042.791804836829,2195.28,899.64,0.0
2026-01-10 14:00:00,22.0,42.06699050452787,2.036677217191255,7975.805483410158,1940.65,788.97,0.0
2026-01-10 15:00:00,22.0,38.89992567533311,5.555638138518766,4401.456117180946,1301.62,149.94,0.0
2026-01-10 16:00:00,22.0,40.25524301489477,4.049729983450257,5931.067266610242,1151.68,0.0,0.0
2026-01-10 17:00:00,22.0,42.37588953388546,1.6934560734605972,8324.428927943134,1727.52,0.0,0.0
2026-01-10 18:00:00,22.0,43.59609567854048,0.337671468288358,9701.553582800785,2015.44,0.0,0.0
2026-01-10 19:00:00,22.0,44.31377030527706,-0.4597447836411766,10511.521166535691,2159.4,0.0,0.0
2026-01-10 20:00:00,22.0,44.78510591018382,-0.9834510113153582,11043.470530233464,2015.44,0.0,0.0
2026-01-10 21:00:00,22.0,46.93560745068635,-3.372897167429273,13470.526568844614,1727.52,0.0,0.0
2026-01-10 22:00:00,22.0,48.615646999426566,-5.239607777140627,15366.619203552824,1439.6,0.0,0.0
2026-01-10 23:00:00,22.0,44.42767487059028,-0.5863054117669773,10640.073858948192,1151.68,0.0,0.0
2026-01-11 00:00:00,22.0,47.29372175769453,-3.770801952993916,13874.694375734045,575.84,0.0,0.0
2026-01-11 01:00:00,22.0,46.176655387136194,-2.5296170968179847,12613.97326992191,575.84,0.0,0.0
2026-01-11 02:00:00,22.0,45.60418394152249,-1.893537712802766,11967.881996402286,575.84,0.0,0.0
2026-01-11 03:00:00,22.0,44.96594754889219,-1.184386165435762,11247.568403679725,575.84,0.0,0.0
2026-01-11 04:00:00,22.0,46.91287239477717,-3.347635994196848,13444.867784745513,575.84,0.0,0.0
2026-01-11 05:00:00,22.0,46.948260858562406,-3.3869565095137784,13484.807204973533,575.84,0.0,0.0
2026-01-11 06:00:00,22.0,44.059646544445584,-0.1773850493839841,10224.717090061287,1439.6,0.0,0.0
2026-01-11 07:00:00,22.0,41.35597067928041,2.8266992452439896,7173.348508635872,1748.94,21.42,0.0
2026-01-11 08:00:00,22.0,42.51030976145377,1.544100265051374,8476.135596776725,1793.03,353.43,0.0
2026-01-11 09:00:00,22.0,41.09327402438705,3.118584417347723,6876.869063923225,2623.9166,1472.2366,0.0
2026-01-11 10:00:00,22.0,36.0531732016268,8.71869644263689,1188.6112753560044,3073.0344,1921.3544,0.0
2026-01-11 11:00:00,22.0,42.844430018007515,1.1728555355472017,8853.223718323283,6915.43,5619.79,0.0
2026-01-11 12:00:00,22.0,40.759061192638896,3.489932008179003,6499.6764620122585,6743.9118,5304.3118,0.0
2026-01-11 13:00:00,22.0,36.10877970192628,8.656911442304128,1251.3687715940007,10103.3445,8807.7045,0.0
2026-01-11 14:00:00,22.0,39.96258615596742,4.374904271147308,5600.774735624833,11173.4617,10021.7817,0.0
2026-01-11 15:00:00,22.0,41.725188885626466,2.4164567937483694,7590.04817631803,1439.66,287.98,0.0
2026-01-11 16:00:00,22.0,39.09621594937998,5.337537834022241,4622.989320470248,1151.68,0.0,0.0
2026-01-11 17:00:00,22.0,41.96883665196492,2.1457370533723066,7865.02904540761,1727.52,0.0,0.0
2026-01-11 18:00:00,22.0,43.62695511107921,0.3033832099119884,9736.381538364,2015.44,0.0,0.0
2026-01-11 19:00:00,22.0,43.58548449370156,0.349461673664939,9689.577799591578,2159.4,0.0,0.0
2026-01-11 20:00:00,22.0,45.98459585688898,-2.3162176187655312,12397.214884084904,2015.44,0.0,0.0
2026-01-11 21:00:00,22.0,47.37706832547011,-3.8634092505223454,13968.75931212557,1727.52,0.0,0.0
2026-01-11 22:00:00,22.0,46.322165923366526,-2.6912954704072503,12778.196461111464,1439.6,0.0,0.0
2026-01-11 23:00:00,22.0,48.29712750277746,-4.885697225308288,15007.13809963464,1151.68,0.0,0.0
2026-01-12 00:00:00,22.0,46.580752038766335,-2.9786133764070395,13070.036750951687,575.84,0.0,0.0
2026-01-12 01:00:00,22.0,45.839401153186834,-2.1548901702075955,12233.348141486662,575.84,0.0,0.0
2026-01-12 02:00:00,22.0,44.582182632731076,-0.7579807030345327,10814.451319300293,575.84,0.0,0.0
2026-01-12 03:00:00,22.0,43.51531943834128,0.4274228462874649,9610.38951811197,575.84,0.0,0.0
2026-01-12 04:00:00,22.0,45.53032570293806,-1.8114730032645032,11884.525588335893,575.84,0.0,0.0
2026-01-12 05:00:00,22.0,43.032802268078754,0.9635530354680556,9065.820639753683,575.84,0.0,0.0
2026-01-12 06:00:00,22.0,42.113457796828556,1.9850468924127127,8028.248469500709,1439.6,0.0,0.0
2026-01-12 07:00:00,22.0,41.47817774916216,2.690913612042051,7311.271407704411,1752.51,24.99,0.0
2026-01-12 08:00:00,22.0,42.063026939710824,2.041081178099083,7971.332204157637,1892.99,453.39,0.0
2026-01-12 09:00:00,22.0,42.30493765016383,1.7722914998179684,8244.352631974898,2156.1,1292.34,0.0
2026-01-12 10:00:00,22.0,38.978705146056214,5.468105393270874,4490.366627839044,2801.2322,1937.4722,0.0
2026-01-12 11:00:00,22.0,42.59501963730685,1.4499781807701728,8571.73916266451,2511.5762,1503.8562,0.0
2026-01-12 12:00:00,22.0,39.88211097862296,4.464321134863377,5509.950450473875,2776.03,1624.35,0.0
2026-01-12 13:00:00,22.0,44.11920285352683,-0.2435587261409235,10291.93234049038,2459.6178,1451.8978,0.0
2026-01-12 14:00:00,22.0,42.287832908420896,1.7912967684212284,8225.048220443823,2389.322,1525.562,0.0
2026-01-12 15:00:00,22.0,42.03325667693379,2.074159247851341,7937.733485587475,1131.51,267.75,0.0
2026-01-12 16:00:00,22.0,39.22589642626729,5.193448415258569,4769.3467066852645,863.76,0.0,0.0
2026-01-12 17:00:00,22.0,40.82965699370324,3.411492229218622,6579.350883093476,1439.6,0.0,0.0
2026-01-12 18:00:00,22.0,43.99708243091604,-0.1078693676844841,10154.107231531842,1727.52,0.0,0.0
2026-01-12 19:00:00,22.0,42.61888293113552,1.4234634098494183,8598.671276079553,2015.44,0.0,0.0
2026-01-12 20:00:00,22.0,43.20227866591529,0.7752459267607945,9257.091702351994,1727.52,0.0,0.0
2026-01-12 21:00:00,22.0,45.83478113934607,-2.1497568214956315,12228.133993865977,1439.6,0.0,0.0
2026-01-12 22:00:00,22.0,48.60957211320862,-5.232857903565134,15359.763086967252,1151.68,0.0,0.0
2026-01-12 23:00:00,22.0,46.85157513275965,-3.2795279252885017,13375.68769483254,863.76,0.0,0.0
2026-01-13 00:00:00,22.0,46.776206329309844,-3.1957848103442728,13290.626463259092,575.84,0.0,0.0
2026-01-13 01:00:00,22.0,48.69575087813506,-5.328612086816725,15457.02444106323,575.84,0.0,0.0
2026-01-13 02:00:00,22.0,45.457007226350036,-1.7300080292778186,11801.778355658653,575.84,0.0,0.0
2026-01-13 03:00:00,22.0,45.04192307452733,-1.2688034161414792,11333.314381911548,575.84,0.0,0.0
2026-01-13 04:00:00,22.0,43.99892314019047,-0.1099146002116262,10156.184656018966,575.84,0.0,0.0
2026-01-13 05:00:00,22.0,43.429686987467676,0.522570013924804,9513.74473405602,575.84,0.0,0.0
2026-01-13 06:00:00,22.0,41.68628253679303,2.4596860702299663,7546.138471024615,1439.6,0.0,0.0
2026-01-13 07:00:00,22.0,42.39104188780239,1.6766201246640198,8341.529874573776,1909.59,182.07,0.0
2026-01-13 08:00:00,22.0,40.836786806732285,3.4035702147419067,6587.397590078057,2410.64,971.04,0.0
2026-01-13 09:00:00,22.0,41.170348099370386,3.032946556255126,6963.854864949419,4720.0365,3856.2765,0.0
2026-01-13 10:00:00,22.0,40.93440713449553,3.295103183893854,6697.571891991655,3030.5453,2166.7853,0.0
2026-01-13 11:00:00,22.0,37.11381768998762,7.540202566680424,2385.654644920028,5647.1308,4639.4108,0.0
2026-01-13 12:00:00,22.0,43.078783662747696,0.912462596947007,9117.71524177705,8373.7202,7222.0402,0.0
2026-01-13 13:00:00,22.0,37.94449904488168,6.617223283464801,3323.1616220534656,6134.9653,5127.2453,0.0
2026-01-13 14:00:00,22.0,40.99928212217821,3.2230198642464343,6770.789803090326,5876.001,5012.241,0.0
2026-01-13 15:00:00,22.0,41.80448430748605,2.328350769459949,7679.540989428757,1279.07,415.31,0.0
2026-01-13 16:00:00,22.0,40.72916052868227,3.523154968130814,6465.930572670813,863.76,0.0,0.0
2026-01-13 17:00:00,22.0,44.74954873986273,-0.9439430442919216,11003.34070780908,1439.6,0.0,0.0
2026-01-13 18:00:00,22.0,44.468841529503166,-0.6320461438924057,10686.534550197275,1727.52,0.0,0.0
2026-01-13 19:00:00,22.0,45.46019992609246,-1.7335554734360672,11805.381636587948,2015.44,0.0,0.0
2026-01-13 20:00:00,22.0,45.198516864733165,-1.4427965163701886,11510.046133537851,1727.52,0.0,0.0
2026-01-13 21:00:00,22.0,46.99303225096081,-3.4367025010675656,13535.33619843437,1439.6,0.0,0.0
2026-01-13 22:00:00,22.0,43.235677819473295,0.7381357561407844,9294.785987057563,1151.68,0.0,0.0
2026-01-13 23:00:00,22.0,43.24270324494433,0.730329727839635,9302.714882244172,863.76,0.0,0.0
2026-01-14 00:00:00,22.0,50.0,-7.043987045496126,16929.000000000004,575.84,0.0,0.0
2026-01-14 01:00:00,22.0,45.49755210606232,-1.7750578956248009,11847.537306901939,575.84,0.0,0.0
2026-01-14 02:00:00,22.0,44.57209726328435,-0.746774736982605,10803.068971342716,575.84,0.0,0.0
2026-01-14 03:00:00,22.0,44.56821104796758,-0.7424567199639796,10798.682988736213,575.84,0.0,0.0
2026-01-14 04:00:00,22.0,45.98460428756505,-2.3162269861833886,12397.224398945915,575.84,0.0,0.0
2026-01-14 05:00:00,22.0,44.37112057425445,-0.5234673047271658,10576.246680103572,575.84,0.0,0.0
2026-01-14 06:00:00,22.0,44.346894378599856,-0.496549309555391,10548.904995687799,1439.6,0.0,0.0
2026-01-14 07:00:00,22.0,42.82472669371681,1.1947481180924258,8830.986546528795,1939.34,211.82,0.0
2026-01-14 08:00:00,22.0,43.37793705160092,0.5800699426656477,9455.339756436795,3868.9881,2429.3881,0.0
2026-01-14 09:00:00,22.0,40.66103546667062,3.5988494814770893,6389.044627684461,3589.7023,2725.9423,0.0
2026-01-14 10:00:00,22.0,42.58735162672515,1.4584981925276148,8563.085045922007,6584.1291,5720.3691,0.0
2026-01-14 11:00:00,22.0,39.88290922297,4.463434196699998,5510.851349043942,7143.193,6135.473,0.0
2026-01-14 12:00:00,22.0,41.647447040379575,2.502836621800471,7502.308729772389,8835.3758,7683.6958,0.0
2026-01-14 13:00:00,22.0,39.15039757413483,5.2773360287390805,4684.138702168568,8651.5919,7643.8719,0.0
2026-01-14 14:00:00,22.0,41.10526375607323,3.105262493251974,6890.400675104246,3671.6988,2807.9388,0.0
2026-01-14 15:00:00,22.0,39.931370961554265,4.409587820495265,5565.545267210144,1236.825,373.065,0.0
2026-01-14 16:00:00,22.0,39.25315468894339,5.163161456729564,4800.11038194151,863.76,0.0,0.0
2026-01-14 17:00:00,22.0,39.20724695264245,5.2141700526195,4748.29891075227,1439.6,0.0,0.0
2026-01-14 18:00:00,22.0,47.55040826023688,-4.056009178040981,14164.390762503343,1727.52,0.0,0.0
2026-01-14 19:00:00,22.0,45.43329793134188,-1.7036643681576489,11775.02004531245,2015.44,0.0,0.0
2026-01-14 20:00:00,22.0,45.34555493880163,-1.6061721542240268,11675.993303931516,1727.52,0.0,0.0
2026-01-14 21:00:00,22.0,44.7169943391849,-0.9077714879832224,10966.59981120408,1439.6,0.0,0.0
2026-01-14 22:00:00,22.0,49.08832956110213,-5.764810623446812,15900.088742659864,1151.68,0.0,0.0
2026-01-14 23:00:00,22.0,48.24509930688103,-4.827888118756705,14948.419077745933,863.76,0.0,0.0
2026-01-15 00:00:00,22.0,46.3653570352172,-2.73928559468578,12826.941949946135,575.84,0.0,0.0
2026-01-15 01:00:00,22.0,46.32453413989265,-2.693926822102939,12780.869230282844,575.84,0.0,0.0
2026-01-15 02:00:00,22.0,45.43797832206781,-1.7088648022975683,11780.302334285736,575.84,0.0,0.0
2026-01-15 03:00:00,22.0,44.74696810387296,-0.9410756709699576,11000.428202031022,575.84,0.0,0.0
2026-01-15 04:00:00,22.0,44.19053002039145,-0.3228111337682747,10372.432181013792,575.84,0.0,0.0
2026-01-15 05:00:00,22.0,43.58316899243239,0.3520344528529024,9686.964524859197,575.84,0.0,0.0
2026-01-15 06:00:00,22.0,42.89966840801254,1.1114795466527356,8915.56576528295,1439.6,0.0,0.0
2026-01-15 07:00:00,22.0,40.87167787612707,3.364802359858808,6626.775650997016,1816.77,89.25,0.0
2026-01-15 08:00:00,22.0,45.230780799815605,-1.4786453331284504,11546.459210671894,3028.1266,1588.5266,0.0
2026-01-15 09:00:00,22.0,37.674615311180204,6.91709409868866,3018.570840197979,7108.3749,6244.6149,0.0
2026-01-15 10:00:00,22.0,43.8503762379606,0.0551375133771063,9988.534622162339,9990.1571,9126.3971,0.0
2026-01-15 11:00:00,22.0,41.46515829578745,2.7053796713472886,7296.577652625713,9747.758,8740.038,0.0
2026-01-15 12:00:00,22.0,39.80816943397026,4.546478406699711,5426.500023178833,10778.8399,9627.1599,0.0
2026-01-15 13:00:00,22.0,38.31196382139764,6.2089290873359575,3737.882368829377,11038.4727,10030.7527,0.0
2026-01-15 14:00:00,22.0,45.27378894981533,-1.5264321664614773,11594.998208761579,9720.0224,8856.2624,0.0
2026-01-15 15:00:00,22.0,40.50503937082373,3.772178476862521,6212.987433911663,1207.075,343.315,0.0
2026-01-15 16:00:00,22.0,39.77368892905168,4.584790078831469,5387.585325327726,863.76,0.0,0.0
2026-01-15 17:00:00,22.0,40.27811882877967,4.0243124124670375,5956.884910160734,1439.6,0.0,0.0
2026-01-15 18:00:00,22.0,44.25519338529543,-0.3946593169949171,10445.411254644421,1727.52,0.0,0.0
2026-01-15 19:00:00,22.0,44.47325207888814,-0.6369467543201477,10691.512296233153,2015.44,0.0,0.0
2026-01-15 20:00:00,22.0,45.90906663200673,-2.2322962577852543,12311.972600882793,1727.52,0.0,0.0
2026-01-15 21:00:00,22.0,46.25239878861852,-2.613776431798357,12699.457272834865,1439.6,0.0,0.0
2026-01-15 22:00:00,22.0,47.97497924493516,-4.527754716594624,14643.561575833826,1151.68,0.0,0.0
2026-01-15 23:00:00,22.0,48.0779868670883,-4.64220763009811,14759.815978195857,863.76,0.0,0.0
2026-01-16 00:00:00,22.0,45.81812154034894,-2.131246155943264,12209.331970437815,575.84,0.0,0.0
2026-01-16 01:00:00,22.0,46.24042530274971,-2.600472558610789,12685.943996683329,575.84,0.0,0.0
2026-01-16 02:00:00,22.0,45.23283573996113,-1.4809285999568074,11548.778416120134,575.84,0.0,0.0
2026-01-16 03:00:00,22.0,45.16035851081007,-1.400398345344516,11466.980615300246,575.84,0.0,0.0
2026-01-16 04:00:00,22.0,43.532190517934325,0.4086772022951914,9629.43021854068,575.84,0.0,0.0
2026-01-16 05:00:00,22.0,42.350963365690085,1.7211518158999064,8296.29725451783,575.84,0.0,0.0
2026-01-16 06:00:00,22.0,46.13508991575898,-2.483433239732208,12567.062478925589,1439.6,0.0,0.0
2026-01-16 07:00:00,22.0,43.60600880837678,0.3266568795813578,9712.741541134033,1870.32,142.8,0.0
2026-01-16 08:00:00,22.0,41.616476723482066,2.537248085019922,7467.3556301218605,11088.9062,9649.3062,0.0
2026-01-16 09:00:00,22.0,40.49523513360565,3.783072073771508,6201.922371787334,10798.5921,9934.8321,0.0
2026-01-16 10:00:00,22.0,41.08847157924848,3.123920467501687,6871.449024339832,10490.6976,9626.9376,0.0
2026-01-16 11:00:00,22.0,37.881024417580406,6.6877506471328845,3251.5241576812464,9895.9262,8888.2062,0.0
2026-01-16 12:00:00,22.0,35.83609293707693,8.959896736581197,943.61448878502,10123.6625,8971.9825,0.0
2026-01-16 13:00:00,22.0,39.18757550531223,5.236027216319741,4726.097715295386,5452.4212,4444.7012,0.0
2026-01-16 14:00:00,22.0,39.73049468841924,4.632783679534178,5338.836305349957,5512.9274,4649.1674,0.0
2026-01-16 15:00:00,22.0,38.925394328540634,5.527339634954853,4430.20003919096,1509.93,646.17,0.0
2026-01-16 16:00:00,22.0,44.55851155936618,-0.7316795104068721,10787.736145900673,870.9,7.14,0.0
2026-01-16 17:00:00,22.0,42.01700734484179,2.0922140612869047,7919.394489388442,1439.6,0.0,0.0
2026-01-16 18:00:00,22.0,41.23773551415847,2.958071650935034,7039.9083012792535,1727.52,0.0,0.0
2026-01-16 19:00:00,22.0,45.08942575733108,-1.3215841748123067,11386.925909723856,2015.44,0.0,0.0
2026-01-16 20:00:00,22.0,47.007809043823535,-3.453121159803929,13552.013286859243,1727.52,0.0,0.0
2026-01-16 21:00:00,22.0,45.88003451045117,-2.200038344945745,12279.20694849519,1439.6,0.0,0.0
2026-01-16 22:00:00,22.0,46.22692523338743,-2.585472481541595,12670.707818401059,1151.68,0.0,0.0
2026-01-16 23:00:00,22.0,48.11290708208847,-4.68100786898719,14799.226932845047,863.76,0.0,0.0
2026-01-17 00:00:00,22.0,42.826909703108285,1.192322552101902,8833.45029092801,575.84,0.0,0.0
2026-01-17 01:00:00,22.0,47.33898646045495,-3.821096067172165,13925.780119269455,575.84,0.0,0.0
2026-01-17 02:00:00,22.0,48.1942782861918,-4.771420317990891,14891.062473796072,575.84,0.0,0.0
2026-01-17 03:00:00,22.0,45.71410278659867,-2.0156697628874127,12091.936404955264,575.84,0.0,0.0
2026-01-17 04:00:00,22.0,43.16585085213192,0.8157212754089826,9215.979271716084,575.84,0.0,0.0
2026-01-17 05:00:00,22.0,43.90040291417226,-0.000447682413621,10044.994728934815,575.84,0.0,0.0
2026-01-17 06:00:00,22.0,42.12593094392079,1.9711878400880043,8042.325663309008,1439.6,0.0,0.0
2026-01-17 07:00:00,22.0,43.63697050743061,0.2922549917437684,9747.68491468619,1908.4,180.88,0.0
2026-01-17 08:00:00,22.0,38.52216079647368,5.975376892807027,3975.110674900193,4229.1591,2789.5591,0.0
2026-01-17 09:00:00,22.0,39.44333573747523,4.951849180583077,5014.748713314546,7312.8436,6161.1636,0.0
2026-01-17 10:00:00,22.0,37.996445722396324,6.559504752892973,3381.788642296491,10221.541,9069.861,0.0
2026-01-17 11:00:00,22.0,38.86537788690405,5.594024570106612,4362.465483159911,9765.2264,8469.5864,0.0
2026-01-17 12:00:00,22.0,37.91520873208819,6.649768075457569,3290.1045750347303,10393.0275,8953.4275,0.0
2026-01-17 13:00:00,22.0,41.094161632778366,3.117598185801818,6877.870818753665,10856.4437,9560.8037,0.0
2026-01-17 14:00:00,22.0,40.76684729641723,3.48128078175863,6508.463858736489,7903.535,6751.855,0.0
2026-01-17 15:00:00,22.0,38.030750515727576,6.52138831585825,3420.5050320501423,1512.25,360.57,0.0
2026-01-17 16:00:00,22.0,38.39246449488886,6.119483894567928,3828.735428931571,1151.68,0.0,0.0
2026-01-17 17:00:00,22.0,44.13296951712526,-0.2588550190280698,10307.469397027571,1727.52,0.0,0.0
2026-01-17 18:00:00,22.0,42.550475077845135,1.4994721357276248,8521.46617285602,2015.44,0.0,0.0
2026-01-17 19:00:00,22.0,44.70744740324248,-0.897163781380538,10955.825139299468,2159.4,0.0,0.0
2026-01-17 20:00:00,22.0,46.05465664485675,-2.3940629387297223,12476.28548938533,2015.44,0.0,0.0
2026-01-17 21:00:00,22.0,45.032872960631764,-1.2587477340352886,11323.10042336901,1727.52,0.0,0.0
2026-01-17 22:00:00,22.0,44.063958175366245,-0.1821757504069374,10229.583196718346,1439.6,0.0,0.0
2026-01-17 23:00:00,22.0,45.6643405227291,-1.9603783585878856,12035.774713952062,1151.68,0.0,0.0
2026-01-18 00:00:00,22.0,47.17512240985427,-3.63902489983807,13740.843151761528,575.84,0.0,0.0
2026-01-18 01:00:00,22.0,45.55058285075736,-1.8339809452859528,11907.387805364757,575.84,0.0,0.0
2026-01-18 02:00:00,22.0,46.7656485660696,-3.1840539622995565,13278.710971666153,575.84,0.0,0.0
2026-01-18 03:00:00,22.0,44.80377867095649,-1.0041985232849862,11064.544608041495,575.84,0.0,0.0
2026-01-18 04:00:00,22.0,42.28636173917968,1.7929314009114667,8223.38785883819,575.84,0.0,0.0
2026-01-18 05:00:00,22.0,47.67063594911056,-4.189595499011738,14300.079732166181,575.84,0.0,0.0
2026-01-18 06:00:00,22.0,41.56494586262794,2.594504597080067,7409.1979005618905,1439.6,0.0,0.0
2026-01-18 07:00:00,22.0,44.83855029645777,-1.042833662730854,11103.787864582238,1938.15,210.63,0.0
2026-01-18 08:00:00,22.0,38.98901012101997,5.456655421088923,4501.996822583143,8549.9211,7110.3211,0.0
2026-01-18 09:00:00,22.0,41.60106168549957,2.5543759050004686,7449.958218254819,10173.1585,9021.4785,0.0
2026-01-18 10:00:00,22.0,42.0741170260677,2.0287588599247863,7983.848475620003,10635.8094,9484.1294,0.0
2026-01-18 11:00:00,22.0,38.27118241659961,6.254241759333768,3691.8564753743176,10092.1971,8796.5571,0.0
2026-01-18 12:00:00,22.0,38.74449388634366,5.728340126284822,4226.035800127457,11222.2812,9782.6812,0.0
2026-01-18 13:00:00,22.0,41.32120345069034,2.8653294992329563,7134.11021444912,11305.4079,10009.7679,0.0
2026-01-18 14:00:00,22.0,42.13770810927913,1.958102100800968,8055.6173721324285,10208.6933,9057.0133,0.0
2026-01-18 15:00:00,22.0,40.791882265212735,3.453464149763626,6536.718324519093,1486.665,334.985,0.0
2026-01-18 16:00:00,22.0,43.367356510308156,0.5918260996576068,9443.398557533787,1155.25,3.57,0.0
2026-01-18 17:00:00,22.0,43.97890278889345,-0.0876697654371714,10133.589687545149,1727.52,0.0,0.0
2026-01-18 18:00:00,22.0,42.791882577241424,1.2312415808428676,8793.918676674672,2015.44,0.0,0.0
2026-01-18 19:00:00,22.0,45.67031750402825,-1.9670194489202768,12042.520335046282,2159.4,0.0,0.0
2026-01-18 20:00:00,22.0,44.032229277952226,-0.1469214199469131,10193.773963096883,2015.44,0.0,0.0
2026-01-18 21:00:00,22.0,42.86332593968132,1.151860067020765,8874.549655524335,1727.52,0.0,0.0
2026-01-18 22:00:00,22.0,46.38509120044503,-2.761212444938918,12849.213928822264,1439.6,0.0,0.0
2026-01-18 23:00:00,22.0,46.24306106306659,-2.603401181185104,12688.918715776956,1151.68,0.0,0.0
2026-01-19 00:00:00,22.0,42.96742588089613,1.0361934656709737,8992.036849179372,575.84,0.0,0.0
2026-01-19 01:00:00,22.0,48.61501498591987,-5.238905539910967,15365.905913109167,575.84,0.0,0.0
2026-01-19 02:00:00,22.0,43.97346810229864,-0.0816312247762707,10127.456100254245,575.84,0.0,0.0
2026-01-19 03:00:00,22.0,43.6180407360291,0.3132880710787744,9726.320774682445,575.84,0.0,0.0
2026-01-19 04:00:00,22.0,43.262228789487196,0.7086346783475665,9324.75141181525,575.84,0.0,0.0
2026-01-19 05:00:00,22.0,41.606602431050334,2.5482195210551795,7456.2115036834075,575.84,0.0,0.0
2026-01-19 06:00:00,22.0,42.494965061274485,1.561149931917238,8458.817568154385,1439.6,0.0,0.0
2026-01-19 07:00:00,22.0,43.11752452970961,0.8694171892115481,9161.43818423027,2013.715,286.195,0.0
2026-01-19 08:00:00,22.0,39.22976807580298,5.189146582441135,4773.716250351244,4812.1116,3372.5116,0.0
2026-01-19 09:00:00,22.0,38.41529960664522,6.09411154817198,3854.5071360597963,10112.7411,9248.9811,0.0
2026-01-19 10:00:00,22.0,37.892743523688104,6.67472941812433,3264.7503408343946,10407.4491,9543.6891,0.0
2026-01-19 11:00:00,22.0,39.44256327718473,4.9527074697947455,5013.876914630689,9733.7769,8726.0569,0.0
2026-01-19 12:00:00,22.0,40.68915012450399,3.567610972773347,6420.774830515203,10813.7147,9662.0347,0.0
2026-01-19 13:00:00,22.0,39.17821496795845,5.246427813379495,4715.533412837911,10674.905,9667.185,0.0
2026-01-19 14:00:00,22.0,38.18629451475392,6.348561650273426,3596.0519893512724,9929.8007,9066.0407,0.0
2026-01-19 15:00:00,22.0,38.61058236598049,5.877130704466121,4074.903258245583,1319.53,455.77,0.0
2026-01-19 16:00:00,22.0,41.973417028734275,2.14064774585081,7870.198458629504,870.9,7.14,0.0
2026-01-19 17:00:00,22.0,41.50058022460162,2.666021972664864,7336.554841485389,1439.6,0.0,0.0
2026-01-19 18:00:00,22.0,45.355800948074716,-1.6175566089719116,11687.556949997126,1727.52,0.0,0.0
2026-01-19 19:00:00,22.0,42.15883837695854,1.934624025601619,8079.464992235411,2015.44,0.0,0.0
2026-01-19 20:00:00,22.0,46.20995576210511,-2.566617513450126,12651.55607311183,1727.52,0.0,0.0
2026-01-19 21:00:00,22.0,44.13212476504279,-0.2579164056030938,10306.516009827294,1439.6,0.0,0.0
2026-01-19 22:00:00,22.0,48.18643969292627,-4.762710769918077,14882.215837436592,1151.68,0.0,0.0
2026-01-19 23:00:00,22.0,44.620784343059434,-0.8008714922882576,10858.017209576878,863.76,0.0,0.0
2026-01-20 00:00:00,22.0,46.020696657959014,-2.356329619954459,12437.958248172545,575.84,0.0,0.0
2026-01-20 01:00:00,22.0,47.883776826751145,-4.426418696390166,14540.630526671344,575.84,0.0,0.0
2026-01-20 02:00:00,22.0,44.87324996767903,-1.0813888529767035,11142.949913522554,575.84,0.0,0.0
2026-01-20 03:00:00,22.0,46.60823545752117,-3.0091505083568517,13101.054537358392,575.84,0.0,0.0
2026-01-20 04:00:00,22.0,43.45080093259877,0.4991100748902568,9537.57393253097,575.84,0.0,0.0
2026-01-20 05:00:00,22.0,44.42514921805437,-0.5834991311715259,10637.223407496165,575.84,0.0,0.0
2026-01-20 06:00:00,22.0,46.097884826133395,-2.4420942512593258,12525.072814774152,1439.6,0.0,0.0
2026-01-20 07:00:00,22.0,43.83660067049661,0.0704436994482089,9972.987516722473,1916.135,188.615,0.0
2026-01-20 08:00:00,22.0,41.97474647563711,2.1391705826254315,7871.698872404045,10910.8081,9471.2081,0.0
2026-01-20 09:00:00,22.0,37.99167534498099,6.564805172243346,3376.404794345546,10853.6678,9989.9078,0.0
2026-01-20 10:00:00,22.0,38.260250011423416,6.2663888761962045,3679.518162892468,10542.9697,9679.2097,0.0
2026-01-20 11:00:00,22.0,36.5997164831795,8.111426129800556,1805.4400229163828,9787.8736,8780.1536,0.0
2026-01-20 12:00:00,22.0,36.42345661114626,8.307270432059717,1606.5131313396657,10859.1935,9707.5135,0.0
2026-01-20 13:00:00,22.0,40.485218473623,3.7942016959744422,6190.617569330919,11125.1279,10117.4079,0.0
2026-01-20 14:00:00,22.0,40.221584893941916,4.087127895620096,5893.080711302847,10739.1331,9875.3731,0.0
2026-01-20 15:00:00,22.0,41.1947194515234,3.0058672760851133,6991.3603729893075,1268.955,405.195,0.0
2026-01-20 16:00:00,22.0,42.40871908954194,1.656978789397847,8361.480364457035,867.33,3.57,0.0
2026-01-20 17:00:00,22.0,45.38294191443655,-1.647713238262833,11718.188244633093,1439.6,0.0,0.0
2026-01-20 18:00:00,22.0,43.02654589243032,0.9705045639663156,9058.75969419686,1727.52,0.0,0.0
2026-01-20 19:00:00,22.0,46.24576663104908,-2.606407367832304,12691.972219801992,2015.44,0.0,0.0
2026-01-20 20:00:00,22.0,44.86150938676179,-1.0683437630686536,11129.699493899356,1727.52,0.0,0.0
2026-01-20 21:00:00,22.0,41.737196955058195,2.4031144943797806,7603.60048347868,1439.6,0.0,0.0
2026-01-20 22:00:00,22.0,47.034512627019254,-3.4827918077991704,13582.150950853931,1151.68,0.0,0.0
2026-01-20 23:00:00,22.0,46.12673976451013,-2.4741552939001386,12557.638498226132,863.76,0.0,0.0
2026-01-21 00:00:00,22.0,44.96803290554329,-1.1867032283814338,11249.921937196157,575.84,0.0,0.0
2026-01-21 01:00:00,22.0,45.972808649102014,-2.3031207212244595,12383.911841376534,575.84,0.0,0.0
2026-01-21 02:00:00,22.0,45.59121991532784,-1.8791332392531623,11953.250796439002,575.84,0.0,0.0
2026-01-21 03:00:00,22.0,46.19790879291011,-2.55323199212235,12637.959863678354,575.84,0.0,0.0
2026-01-21 04:00:00,22.0,45.21738035511022,-1.463755950122465,11531.335468777399,575.84,0.0,0.0
2026-01-21 05:00:00,22.0,45.65976750230716,-1.9552972247857396,12030.613603103864,575.84,0.0,0.0
2026-01-21 06:00:00,22.0,41.47711898399906,2.692090017778815,7310.076485341343,1439.6,0.0,0.0
2026-01-21 07:00:00,22.0,45.2029364195363,-1.4477071328181088,11515.03404308867,1933.985,206.465,0.0
2026-01-21 08:00:00,22.0,39.45204099091204,4.942176676764404,5024.573462343327,10421.2789,8981.6789,0.0
2026-01-21 09:00:00,22.0,42.98107268026987,1.021030355255705,9007.438626952575,10911.8106,10048.0506,0.0
2026-01-21 10:00:00,22.0,38.149615453038045,6.389316163291059,3554.656000298738,10602.1128,9738.3528,0.0
2026-01-21 11:00:00,22.0,40.15953857254128,4.15606825273191,5823.055232970089,9832.2802,8824.5602,0.0
2026-01-21 12:00:00,22.0,41.617363638639546,2.5362626237338395,7468.356602568592,10884.76,9733.08,0.0
2026-01-21 13:00:00,22.0,38.47992946421601,6.022300595315546,3927.4483933141933,11137.7292,10130.0092,0.0
2026-01-21 14:00:00,22.0,38.210526983239625,6.321636685289305,3623.4007532842406,10744.7858,9881.0258,0.0
2026-01-21 15:00:00,22.0,41.242957154314794,2.9522698285391167,7045.801444359678,1274.905,411.145,0.0
2026-01-21 16:00:00,22.0,39.90290101237792,4.441221097357866,5533.414082569718,870.9,7.14,0.0
2026-01-21 17:00:00,22.0,46.18140352803576,-2.5348928089286167,12619.332021741158,1439.6,0.0,0.0
2026-01-21 18:00:00,22.0,45.37707332154388,-1.6411925794932003,11711.564950694426,1727.52,0.0,0.0
2026-01-21 19:00:00,22.0,41.60541248752536,2.5495416805273745,7454.868533421126,2015.44,0.0,0.0
2026-01-21 20:00:00,22.0,45.202604693556246,-1.4473385483958312,11514.65965714758,1727.52,0.0,0.0
2026-01-21 21:00:00,22.0,48.897568399879496,-5.552853777643884,15684.795696104002,1439.6,0.0,0.0
2026-01-21 22:00:00,22.0,47.37565057841957,-3.8618339760217406,13967.159242804324,1151.68,0.0,0.0
2026-01-21 23:00:00,22.0,48.13945382518579,-4.7105042502064345,14829.187587104683,863.76,0.0,0.0
2026-01-22 00:00:00,22.0,46.89873111665126,-3.3319234629458494,13428.907938252616,575.84,0.0,0.0
2026-01-22 01:00:00,22.0,47.14468474549441,-3.605205272771568,13706.491203764992,575.84,0.0,0.0
2026-01-22 02:00:00,22.0,45.79561434153529,-2.1062381572614326,12183.930345856732,575.84,0.0,0.0
2026-01-22 03:00:00,22.0,45.6706233051742,-1.9673592279713392,12042.865462219606,575.84,0.0,0.0
2026-01-22 04:00:00,22.0,42.35246934093337,1.7194785100740375,8297.9968981774,575.84,0.0,0.0
2026-01-22 05:00:00,22.0,43.167561082873675,0.8138210190292552,9217.909438131232,575.84,0.0,0.0
2026-01-22 06:00:00,22.0,42.17619109985155,1.9153432223871725,8099.049275292461,1439.6,0.0,0.0
2026-01-22 07:00:00,22.0,39.97096861462079,4.365590428199127,5610.235178461021,2025.02,297.5,0.0
2026-01-22 08:00:00,22.0,41.89978375077325,2.2224624991408364,7787.095941122694,8582.9335,7143.3335,0.0
2026-01-22 09:00:00,22.0,42.7257949857737,1.3046722380292195,8719.332220944203,7228.1083,6364.3483,0.0
2026-01-22 10:00:00,22.0,37.70976196203797,6.878042264402253,3058.237350356057,9098.9748,8235.2148,0.0
2026-01-22 11:00:00,22.0,39.27815187876475,5.135386801372498,4828.322210373901,9762.6545,8754.9345,0.0
2026-01-22 12:00:00,22.0,39.14916782578193,5.278702415797857,4682.750808177487,10403.4093,9251.7293,0.0
2026-01-22 13:00:00,22.0,40.66266088411378,3.5970434620958,6390.879073810809,6672.0005,5664.2805,0.0
2026-01-22 14:00:00,22.0,40.99264814596246,3.2303909489306006,6763.302697533236,4631.0653,3767.3053,0.0
2026-01-22 15:00:00,22.0,38.930315377940914,5.521871802287878,4435.753935544117,1483.155,619.395,0.0
2026-01-22 16:00:00,22.0,39.4276195633523,4.969311596275221,4997.011439199408,885.18,21.42,0.0
2026-01-22 17:00:00,22.0,40.65736930728694,3.6029229919034007,6384.9070002040435,1439.6,0.0,0.0
2026-01-22 18:00:00,22.0,41.57266911019815,2.5859232108909502,7417.914357769631,1727.52,0.0,0.0
2026-01-22 19:00:00,22.0,42.90749539530151,1.1027828941094346,8924.399303137285,2015.44,0.0,0.0
2026-01-22 20:00:00,22.0,44.563259085859315,-0.7369545398436858,10793.094204300824,1727.52,0.0,0.0
2026-01-22 21:00:00,22.0,45.86126784404934,-2.179186493388149,12258.026888794084,1439.6,0.0,0.0
2026-01-22 22:00:00,22.0,43.93910852372919,-0.0434539152546471,10088.677879880765,1151.68,0.0,0.0
2026-01-22 23:00:00,22.0,47.15003054152342,-3.611145046137141,13712.524469163334,863.76,0.0,0.0
2026-01-23 00:00:00,22.0,45.93403741501466,-2.260041572238506,12340.154626585543,575.84,0.0,0.0
2026-01-23 01:00:00,22.0,47.924556370958285,-4.471729301064766,14586.654320263522,575.84,0.0,0.0
2026-01-23 02:00:00,22.0,47.30442971995479,-3.782699688838656,13886.779381940978,575.84,0.0,0.0
2026-01-23 03:00:00,22.0,45.97066263441458,-2.300736260460643,12381.489849200298,575.84,0.0,0.0
2026-01-23 04:00:00,22.0,46.2470890781089,-2.607876753454327,12693.464733553707,575.84,0.0,0.0
2026-01-23 05:00:00,22.0,42.49561527650813,1.5604274705465178,8459.55140106708,575.84,0.0,0.0
2026-01-23 06:00:00,22.0,45.42646165278106,-1.6960685030900589,11767.304621328703,1439.6,0.0,0.0
2026-01-23 07:00:00,22.0,41.889638115545,2.233735427172229,7775.6455772040845,1877.46,149.94,0.0
2026-01-23 08:00:00,22.0,40.961485425684074,3.2650161936843625,6728.132451427047,4910.3859,3470.7859,0.0
2026-01-23 09:00:00,22.0,43.71385482870386,0.2068279681068281,9834.456559675176,10891.9591,10028.1991,0.0
2026-01-23 10:00:00,22.0,40.676151423318515,3.582053974090537,6406.104496357277,10592.3837,9728.6237,0.0
2026-01-23 11:00:00,22.0,39.062407856872696,5.375102381252559,4584.833507266525,9884.931,8877.211,0.0
2026-01-23 12:00:00,22.0,38.62828961207068,5.857455986588136,4094.887656182971,10852.0747,9700.3947,0.0
2026-01-23 13:00:00,22.0,39.890420000839654,4.455088887955941,5519.328012947634,9939.6037,8931.8837,0.0
2026-01-23 14:00:00,22.0,38.66390977831073,5.817878024099186,4135.088575801492,2620.0618,1756.3018,0.0
2026-01-23 15:00:00,22.0,40.6511848507533,3.609794610274109,6377.927222560179,1496.84,633.08,0.0
2026-01-23 16:00:00,22.0,41.175424758264896,3.0273058241501136,6969.584382177763,888.75,24.99,0.0
2026-01-23 17:00:00,22.0,41.61527447345513,2.5385839183831918,7465.998770741461,1439.6,0.0,0.0
2026-01-23 18:00:00,22.0,41.3314006682785,2.853999257468338,7145.618794219114,1727.52,0.0,0.0
2026-01-23 19:00:00,22.0,45.14804096671703,-1.386712185241147,11453.079035036846,2015.44,0.0,0.0
2026-01-23 20:00:00,22.0,45.67627937053294,-1.9736437450365936,12049.248897583477,1727.52,0.0,0.0
2026-01-23 21:00:00,22.0,46.74959809738416,-3.1662201082046177,13260.596412707762,1439.6,0.0,0.0
2026-01-23 22:00:00,22.0,46.71564734267946,-3.1284970474216203,13222.279590948041,1151.68,0.0,0.0
2026-01-23 23:00:00,22.0,43.91011131009707,-0.0112347889967439,10055.951624575557,863.76,0.0,0.0
2026-01-24 00:00:00,22.0,45.56909442520632,-1.854549361340356,11928.279968287858,575.84,0.0,0.0
2026-01-24 01:00:00,22.0,48.513294515944565,-5.125882795493958,15251.104190695038,575.84,0.0,0.0
2026-01-24 02:00:00,22.0,47.19849599168359,-3.664995546315104,13767.222576214104,575.84,0.0,0.0
2026-01-24 03:00:00,22.0,44.874603408574046,-1.0828926761933857,11144.47740691667,575.84,0.0,0.0
2026-01-24 04:00:00,22.0,46.431714005678984,-2.813015561865541,12901.832426809302,575.84,0.0,0.0
2026-01-24 05:00:00,22.0,45.23736063583564,-1.4859562620395967,11553.885213604108,575.84,0.0,0.0
2026-01-24 06:00:00,22.0,40.57907260088653,3.6899193323482975,6296.5413373605425,1439.6,0.0,0.0
2026-01-24 07:00:00,22.0,43.172327568882665,0.8085249234637095,9223.288894240977,1920.3,192.78,0.0
2026-01-24 08:00:00,22.0,39.4815997311471,4.9093336320587735,5057.933456572617,2271.41,831.81,0.0
2026-01-24 09:00:00,22.0,38.19483384657274,6.339073503808066,3605.6894792419967,4038.6598,2886.9798,0.0
2026-01-24 10:00:00,22.0,41.20254031048016,2.997177432799826,7000.186994407909,7390.0828,6238.4028,0.0
2026-01-24 11:00:00,22.0,41.12459962716221,3.08377819204199,6912.2231392152735,5687.5135,4391.8735,0.0
2026-01-24 12:00:00,22.0,39.8970377556661,4.44773582703767,5526.796811044758,7203.8913,5764.2913,0.0
2026-01-24 13:00:00,22.0,41.48219692257188,2.686447863809023,7315.807446814625,8293.9975,6998.3575,0.0
2026-01-24 14:00:00,22.0,39.664447565071086,4.70616937214324,5264.295521939228,10413.2522,9261.5722,0.0
2026-01-24 15:00:00,22.0,40.824589029064526,3.417123301039417,6573.631178202225,1675.28,523.6,0.0
2026-01-24 16:00:00,22.0,40.55095597140466,3.721160031772603,6264.808909327302,1165.96,14.28,0.0
2026-01-24 17:00:00,22.0,39.55375321641185,4.829163092875726,5139.365880042413,1727.52,0.0,0.0
2026-01-24 18:00:00,22.0,41.528527034613425,2.634969961540639,7368.095611264713,2015.44,0.0,0.0
2026-01-24 19:00:00,22.0,43.051116966626836,0.9432033704146292,9086.490608535049,2159.4,0.0,0.0
2026-01-24 20:00:00,22.0,48.338887143342255,-4.932096825935835,15054.26802997607,2015.44,0.0,0.0
2026-01-24 21:00:00,22.0,44.7475076444873,-0.9416751605414382,11001.037127568368,1727.52,0.0,0.0
2026-01-24 22:00:00,22.0,43.01696166435579,0.9811537062713448,9047.942934391946,1439.6,0.0,0.0
2026-01-24 23:00:00,22.0,50.0,-8.884748337783307,16929.000000000004,1151.68,0.0,0.0
2026-01-25 00:00:00,22.0,45.35911142264388,-1.6212349140487494,11691.293151595883,575.84,0.0,0.0
2026-01-25 01:00:00,22.0,46.76417840920229,-3.182420454669202,13277.051752625703,575.84,0.0,0.0
2026-01-25 02:00:00,22.0,47.64732245906528,-4.163691621183643,14273.768127301075,575.84,0.0,0.0
2026-01-25 03:00:00,22.0,44.10355296123006,-0.2261699569222828,10274.269872044244,575.84,0.0,0.0
2026-01-25 04:00:00,22.0,41.722529378906806,2.419411801214661,7587.046657034222,575.84,0.0,0.0
2026-01-25 05:00:00,22.0,42.53633325046112,1.5151852772654244,8505.50570647042,575.84,0.0,0.0
2026-01-25 06:00:00,22.0,43.66814551227075,0.2576160974769472,9782.869025148766,1439.6,0.0,0.0
2026-01-25 07:00:00,22.0,43.76649712156561,0.1483365315937703,9893.868651398945,1838.19,110.67,0.0
2026-01-25 08:00:00,22.0,40.939670259178826,3.289255267579088,6703.511854509224,2042.93,603.33,0.0
2026-01-25 09:00:00,22.0,38.882710861441566,5.574765709509366,4382.027478222953,1976.35,824.67,0.0
2026-01-25 10:00:00,22.0,40.57900399359673,3.6899955626702994,6296.463907173269,2390.47,1238.79,0.0
2026-01-25 11:00:00,22.0,40.04535641033079,4.282937321854679,5694.18924469933,2887.86,1592.22,0.0
2026-01-25 12:00:00,22.0,34.32039955029089,10.644000499676796,0.0,2849.75,1410.15,0.0
2026-01-25 13:00:00,22.0,37.581093522631846,7.021007197075725,2913.0221496423023,2045.34,749.7,0.0
2026-01-25 14:00:00,22.0,37.81207692526748,6.76435897192502,3173.710017856882,1469.41,317.73,0.0
2026-01-25 15:00:00,22.0,43.08293021863429,0.9078553126285662,9122.39504475066,1251.64,99.96,0.0
2026-01-25 16:00:00,22.0,42.472939622728234,1.5856226414130792,8433.959658211086,1151.68,0.0,0.0
2026-01-25 17:00:00,22.0,41.9338244866133,2.184639459318562,7825.514315591768,1727.52,0.0,0.0
2026-01-25 18:00:00,22.0,44.80204760419327,-1.0022751157702987,11062.590926092525,2015.44,0.0,0.0
2026-01-25 19:00:00,22.0,41.05103342436834,3.1655184173685056,6829.196322742111,2159.4,0.0,0.0
2026-01-25 20:00:00,22.0,42.261437848136836,1.820624613181292,8195.258755407234,2015.44,0.0,0.0
2026-01-25 21:00:00,22.0,46.50596601956286,-2.895517799514296,12985.633249678647,1727.52,0.0,0.0
2026-01-25 22:00:00,22.0,42.90663796173051,1.103735598077216,8923.431603609055,1439.6,0.0,0.0
2026-01-25 23:00:00,22.0,46.484986748736546,-2.8722074985961576,12961.956044624067,1151.68,0.0,0.0
2026-01-26 00:00:00,22.0,41.939098508699715,2.178779434778097,7831.466576918499,575.84,0.0,0.0
2026-01-26 01:00:00,22.0,46.216897939695585,-2.5743310441062004,12659.391014740439,575.84,0.0,0.0
2026-01-26 02:00:00,22.0,45.08054450303282,-1.3117161144809104,11376.90252612284,575.84,0.0,0.0
2026-01-26 03:00:00,22.0,43.02575821816637,0.9713797575929268,9057.870725022562,575.84,0.0,0.0
2026-01-26 04:00:00,22.0,42.500259970345944,1.5552666996156186,8464.793402532434,575.84,0.0,0.0
2026-01-26 05:00:00,22.0,43.012430843324466,0.986187951861704,9042.829449775994,575.84,0.0,0.0
2026-01-26 06:00:00,22.0,43.25405257499891,0.7177193611123284,9315.52373614377,1439.6,0.0,0.0
2026-01-26 07:00:00,22.0,41.14281257764331,3.063541580396321,6932.778275128243,1873.89,146.37,0.0
2026-01-26 08:00:00,22.0,42.66913150937701,1.36763165624777,8655.381821482895,2100.05,660.45,0.0
2026-01-26 09:00:00,22.0,40.18057489377302,4.132694562474422,5846.796825112231,2066.85,1203.09,0.0
2026-01-26 10:00:00,22.0,41.87906210487242,2.2454865501417647,7763.709491559011,3521.2839,2657.5239,0.0
2026-01-26 11:00:00,22.0,42.7282539775039,1.30194002499567,8722.107439010899,4442.8538,3435.1338,0.0
2026-01-26 12:00:00,22.0,39.309231824549,5.100853528278886,4863.3990371860045,2961.67,1809.99,0.0
2026-01-26 13:00:00,22.0,37.25056682215035,7.388259086499618,2539.989715478882,2032.31,1024.59,0.0
2026-01-26 14:00:00,22.0,38.21586019150311,6.315710898329874,3629.419812130412,1997.6579,1133.8979,0.0
2026-01-26 15:00:00,22.0,40.60185772003452,3.664602533294974,6322.256622830964,1381.41,517.65,0.0
2026-01-26 16:00:00,22.0,38.055418543284105,6.493979396350992,3448.3453679504414,863.76,0.0,0.0
2026-01-26 17:00:00,22.0,43.092561941154756,0.8971533987169364,9133.265406787259,1439.6,0.0,0.0
2026-01-26 18:00:00,22.0,46.45209879123644,-2.835665323596046,12924.838695789445,1727.52,0.0,0.0
2026-01-26 19:00:00,22.0,47.8595308919308,-4.399478768812007,14513.266564633106,2015.44,0.0,0.0
2026-01-26 20:00:00,22.0,46.92614369307229,-3.3623818811914328,13459.845772001388,1727.52,0.0,0.0
2026-01-26 21:00:00,22.0,44.07565987439956,-0.1951776382217309,10242.789734247348,1439.6,0.0,0.0
2026-01-26 22:00:00,22.0,47.26033628386527,-3.733706982072526,13837.015529970347,1151.68,0.0,0.0
2026-01-26 23:00:00,22.0,45.6476074192975,-1.941786021441669,12016.88973341916,863.76,0.0,0.0
2026-01-27 00:00:00,22.0,43.63668990954884,0.2925667671679544,9747.368231916824,575.84,0.0,0.0
2026-01-27 01:00:00,22.0,48.457507507280695,-5.063897230311886,15188.142972716994,575.84,0.0,0.0
2026-01-27 02:00:00,22.0,45.25639193639138,-1.5071021515459746,11575.363939411314,575.84,0.0,0.0
2026-01-27 03:00:00,22.0,44.57545088149128,-0.7505009794347455,10806.853864851058,575.84,0.0,0.0
2026-01-27 04:00:00,22.0,46.34932837925159,-2.7214759769462065,12808.852008823344,575.84,0.0,0.0
2026-01-27 05:00:00,22.0,41.49416889692793,2.6731456700800837,7329.319017072864,575.84,0.0,0.0
2026-01-27 06:00:00,22.0,43.517872699989056,0.4245858889010468,9613.27112920765,1439.6,0.0,0.0
2026-01-27 07:00:00,22.0,42.759006803274346,1.2677702185840642,8756.815078175428,1997.65,270.13,0.0
2026-01-27 08:00:00,22.0,37.399096206847645,7.223226436835946,2707.6199790482524,11102.5828,9662.9828,0.0
2026-01-27 09:00:00,22.0,39.51343545146834,4.873960609479626,5093.863250527169,10906.6421,10042.8821,0.0
2026-01-27 10:00:00,22.0,38.21678555694213,6.31468271450875,3630.464179564886,10596.3856,9732.6256,0.0
2026-01-27 11:00:00,22.0,37.08385974862004,7.57348916819995,2351.8441122925806,9751.0584,8743.3384,0.0
2026-01-27 12:00:00,22.0,40.570853199026594,3.699052001081566,6287.264920421415,8286.7263,7135.0463,0.0
2026-01-27 13:00:00,22.0,37.27298905066273,7.363345499263631,2565.295442577957,6687.4788,5679.7588,0.0
2026-01-27 14:00:00,22.0,40.78571795337183,3.460313385142415,6529.761282175447,2129.3294,1265.5694,0.0
2026-01-27 15:00:00,22.0,41.43473768853737,2.739180346069596,7262.244955283274,1202.91,339.15,0.0
2026-01-27 16:00:00,22.0,41.689599950154644,2.456000055383728,7549.882503744532,870.9,7.14,0.0
2026-01-27 17:00:00,22.0,43.187968140531844,0.7911465105201743,9240.94084340424,1439.6,0.0,0.0
2026-01-27 18:00:00,22.0,41.520118421217106,2.644312865314326,7358.6056501856265,1727.52,0.0,0.0
2026-01-27 19:00:00,22.0,43.450769383107975,0.4991451298800282,9537.538325775662,2015.44,0.0,0.0
2026-01-27 20:00:00,22.0,45.6842039463108,-1.9824488292342248,12058.192573806373,1727.52,0.0,0.0
2026-01-27 21:00:00,22.0,44.33147535259289,-0.4794170584365449,10531.503082936337,1439.6,0.0,0.0
2026-01-27 22:00:00,22.0,46.61301984091941,-3.0144664899104456,13106.454192461644,1151.68,0.0,0.0
2026-01-27 23:00:00,22.0,47.06785964129706,-3.5198440458856264,13619.786391167865,863.76,0.0,0.0
2026-01-28 00:00:00,22.0,46.51236900717723,-2.9026322301969127,12992.85966150022,575.84,0.0,0.0
2026-01-28 01:00:00,22.0,45.64310433444146,-1.936782593823839,12011.807551850634,575.84,0.0,0.0
2026-01-28 02:00:00,22.0,45.41596568474462,-1.684406316382915,11755.458871802779,575.84,0.0,0.0
2026-01-28 03:00:00,22.0,46.199432940326666,-2.5549254892518505,12639.680016452678,575.84,0.0,0.0
2026-01-28 04:00:00,22.0,43.275199826609075,0.6942224148788048,9339.390524311004,575.84,0.0,0.0
2026-01-28 05:00:00,22.0,44.33205803431245,-0.4800644825693951,10532.160697525036,575.84,0.0,0.0
2026-01-28 06:00:00,22.0,44.17897207949569,-0.3099689772174381,10359.387888918842,1439.6,0.0,0.0
2026-01-28 07:00:00,22.0,44.71069040541216,-0.90076711712462,10959.485191548163,1899.475,171.955,0.0
2026-01-28 08:00:00,22.0,39.430278734201764,4.966356961998042,5000.012579420111,5803.4586,4363.8586,0.0
2026-01-28 09:00:00,22.0,40.432113450579216,3.8532072771342047,6130.683240323704,2504.1413,1640.3813,0.0
2026-01-28 10:00:00,22.0,39.50273830105709,4.885846332158784,5081.790446573035,2370.3,1506.54,0.0
2026-01-28 11:00:00,22.0,37.64022177710022,6.955309136555304,2979.7542976353116,1943.06,935.34,0.0
2026-01-28 12:00:00,22.0,40.25933121687606,4.045187536804368,5935.681211366325,1626.49,474.81,0.0
2026-01-28 13:00:00,22.0,41.99658567261278,2.114904808208016,7896.346590110786,1553.93,546.21,0.0
2026-01-28 14:00:00,22.0,39.75670328238863,4.6036630195681925,5368.415324503806,1770.54,906.78,0.0
2026-01-28 15:00:00,22.0,39.90008479398389,4.4443502289067816,5530.235698490223,1192.2,328.44,0.0
2026-01-28 16:00:00,22.0,41.673128319088676,2.4743018676792543,7531.29262092348,878.04,14.28,0.0
2026-01-28 17:00:00,22.0,39.41552379709382,4.982751336562422,4983.360157400084,1439.6,0.0,0.0
2026-01-28 18:00:00,22.0,47.47509982189844,-3.972333135442713,14079.39765899458,1727.52,0.0,0.0
2026-01-28 19:00:00,22.0,41.915646614149466,2.2048370953894825,7804.998768729089,2015.44,0.0,0.0
2026-01-28 20:00:00,22.0,43.3759234293444,0.5823073007284527,9453.067182358087,1727.52,0.0,0.0
2026-01-28 21:00:00,22.0,44.72339701241074,-0.91488556934527,10973.825868206766,1439.6,0.0,0.0
2026-01-28 22:00:00,22.0,50.0,-9.135904714075943,16929.000000000004,1151.68,0.0,0.0
2026-01-28 23:00:00,22.0,44.166333164754164,-0.2959257386157365,10345.123609741551,863.76,0.0,0.0
2026-01-29 00:00:00,22.0,48.447581399144596,-5.052868221271771,15176.940367074592,575.84,0.0,0.0
2026-01-29 01:00:00,22.0,47.391178535730745,-3.879087261923047,13984.68409542572,575.84,0.0,0.0
2026-01-29 02:00:00,22.0,46.4247582502461,-2.805286944717892,12893.98216122775,575.84,0.0,0.0
2026-01-29 03:00:00,22.0,44.81223194989802,-1.0135910554422392,11074.084978654908,575.84,0.0,0.0
2026-01-29 04:00:00,22.0,43.64902952405341,0.2788560843851,9761.294720846681,575.84,0.0,0.0
2026-01-29 05:00:00,22.0,42.324635564594345,1.75040492822851,8266.583698201179,575.84,0.0,0.0
2026-01-29 06:00:00,22.0,41.531463681858675,2.631707020157032,7371.409911345701,1439.6,0.0,0.0
2026-01-29 07:00:00,22.0,41.6129824700473,2.5411305888363347,7463.412015695383,1938.15,210.63,0.0
2026-01-29 08:00:00,22.0,40.451339213696336,3.8318453181151817,6152.381436577685,2731.94,1292.34,0.0
2026-01-29 09:00:00,22.0,42.417772276208474,1.646919693101697,8371.697790928885,3479.6585,2615.8985,0.0
2026-01-29 10:00:00,22.0,41.23415679865026,2.96204800149971,7035.869362956685,4886.1131,4022.3531,0.0
2026-01-29 11:00:00,22.0,37.910838622744656,6.6546237525059375,3285.172469629619,3615.894,2608.174,0.0
2026-01-29 12:00:00,22.0,37.893022923888374,6.674418973457362,3265.065671900419,3330.0474,2178.3674,0.0
2026-01-29 13:00:00,22.0,38.219828075759395,6.311302138045114,3633.8979663020536,2375.03,1367.31,0.0
2026-01-29 14:00:00,22.0,40.80825871735777,3.4352680918247005,6555.200788409984,1888.35,1024.59,0.0
2026-01-29 15:00:00,22.0,38.81552975022978,5.649411388633582,4306.206876109329,1325.48,461.72,0.0
2026-01-29 16:00:00,22.0,43.29024001446464,0.677511095039284,9356.364880324798,910.17,46.41,0.0
2026-01-29 17:00:00,22.0,40.12900377987883,4.18999580013463,5788.593665971247,1439.6,0.0,0.0
2026-01-29 18:00:00,22.0,43.46956744224261,0.4782583975082201,9558.753815315007,1727.52,0.0,0.0
2026-01-29 19:00:00,22.0,40.900241830955935,3.333064632271181,6659.012930416869,2015.44,0.0,0.0
2026-01-29 20:00:00,22.0,47.53859576571787,-4.042884184130969,14151.059181189192,1727.52,0.0,0.0
2026-01-29 21:00:00,22.0,42.371457129618236,1.6983809670908552,8319.426516487141,1439.6,0.0,0.0
2026-01-29 22:00:00,22.0,46.76832724611821,-3.187030273464677,13281.734129969014,1151.68,0.0,0.0
2026-01-29 23:00:00,22.0,47.16039563546178,-3.6226618171797615,13724.22251418217,863.76,0.0,0.0
2026-01-30 00:00:00,22.0,46.24929012582592,-2.610322362028806,12695.948836007137,575.84,0.0,0.0
2026-01-30 01:00:00,22.0,47.7320750176819,-4.257861130757667,14369.419864955795,575.84,0.0,0.0
2026-01-30 02:00:00,22.0,46.24788365596813,-2.608759617742368,12694.361494125635,575.84,0.0,0.0
2026-01-30 03:00:00,22.0,46.873311689759106,-3.303679655287899,13400.219573062128,575.84,0.0,0.0
2026-01-30 04:00:00,22.0,46.06191435576254,-2.4021270619583737,12484.476541913604,575.84,0.0,0.0
2026-01-30 05:00:00,22.0,43.055353851828045,0.9384957201910608,9091.272357173133,575.84,0.0,0.0
2026-01-30 06:00:00,22.0,44.62281789154633,-0.8031309906070321,10860.312272399193,1439.6,0.0,0.0
2026-01-30 07:00:00,22.0,43.45100106064079,0.4988877103991185,9537.799797039199,2056.555,329.035,0.0
2026-01-30 08:00:00,22.0,43.671024249543535,0.254417500507182,9786.117968034836,11128.5455,9688.9455,0.0
2026-01-30 09:00:00,22.0,41.36149081165884,2.820565764823511,7179.578530038168,10866.5839,10002.8239,0.0
2026-01-30 10:00:00,22.0,37.52142489287296,7.087305674585599,2845.6801340964203,10557.8851,9694.1251,0.0
2026-01-30 11:00:00,22.0,41.045347577544696,3.171836024950336,6822.779276016945,9821.7946,8814.0746,0.0
2026-01-30 12:00:00,22.0,40.71693987733703,3.536733469625517,6452.138345562576,8030.9092,6879.2292,0.0
2026-01-30 13:00:00,22.0,39.17360752169259,5.251547198119344,4710.3334489822555,5453.3547,4445.6347,0.0
2026-01-30 14:00:00,22.0,40.54974212721517,3.7225087475387024,6263.4389647750395,2593.4646,1729.7046,0.0
2026-01-30 15:00:00,21.946660982607888,36.44373760769906,8.28473599144549,1629.4022640491628,1220.76,357.0,0.0
2026-01-30 16:00:00,22.0,41.49255033641726,2.6749440706474865,7327.4923096805205,870.9,7.14,0.0
2026-01-30 17:00:00,22.0,41.46485841443966,2.705712872844827,7296.239206536602,1439.6,0.0,0.0
2026-01-30 18:00:00,22.0,41.30121618736122,2.8875375695986447,7111.552589055874,1727.52,0.0,0.0
2026-01-30 19:00:00,22.0,42.26750840381594,1.813879551315618,8202.109984546669,2015.44,0.0,0.0
2026-01-30 20:00:00,22.0,44.38008235319671,-0.5334248368852402,10586.360943817812,1727.52,0.0,0.0
2026-01-30 21:00:00,22.0,45.83561388830637,-2.150682098118191,12229.07383434257,1439.6,0.0,0.0
2026-01-30 22:00:00,22.0,42.47444008814132,1.5839554576207604,8435.653083476296,1151.68,0.0,0.0
2026-01-30 23:00:00,22.0,46.65690147020632,-3.0632238557848064,13155.978999274856,863.76,0.0,0.0
2026-01-31 00:00:00,22.0,47.39504218797127,-3.883380208856961,13989.044613344378,575.84,0.0,0.0
2026-01-31 01:00:00,22.0,47.63986115356988,-4.15540128174431,14265.34729791897,575.84,0.0,0.0
2026-01-31 02:00:00,22.0,49.22593721849614,-5.917708020551267,16055.392744794748,575.84,0.0,0.0
2026-01-31 03:00:00,22.0,44.06667605824468,-0.1851956202718634,10232.65059933495,575.84,0.0,0.0
2026-01-31 04:00:00,22.0,49.02652311478148,-5.696136794201653,15830.333987342383,575.84,0.0,0.0
2026-01-31 05:00:00,22.0,43.942049675997936,-0.0467218622199243,10091.997264331272,575.84,0.0,0.0
2026-01-31 06:00:00,22.0,43.3687491416885,0.59027873145723,9444.97028130964,1443.17,3.57,0.0
2026-01-31 07:00:00,22.0,38.036314091614315,6.515206564872979,3426.7840837959166,2127.955,400.435,0.0
2026-01-31 08:00:00,22.0,44.49697221168453,-0.6633024574272528,10718.282838107161,8533.8727,7094.2727,0.0
2026-01-31 09:00:00,22.0,42.07640150430028,2.0262205507774755,7986.426737753295,10659.6045,9507.9245,0.0
2026-01-31 10:00:00,22.0,40.12728217200299,4.191908697774456,5786.650659322578,10976.191,9824.511,0.0
2026-01-31 11:00:00,22.0,39.87821983280386,4.468644630217936,5505.558903302434,9404.9919,8109.3519,0.0
2026-01-31 12:00:00,22.0,40.38918026345808,3.90091081837991,6082.22884533879,9976.7481,8537.1481,0.0
2026-01-31 13:00:00,22.0,39.66844526228326,4.701727486351938,5268.807323012884,11979.0359,10683.3959,0.0
2026-01-31 14:00:00,22.0,42.14952145834155,1.944976157398273,8068.949917884278,8960.3456,7808.6656,0.0
2026-01-31 15:00:00,22.0,39.81146840553754,4.542812882736069,5430.223242489667,1683.61,531.93,0.0
2026-01-31 16:00:00,22.0,45.37867361573964,-1.6429706841551566,11713.371042723762,1165.96,14.28,0.0
2026-01-31 17:00:00,22.0,42.114636278209986,1.9837374686555695,8029.578503587791,1727.52,0.0,0.0
2026-01-31 18:00:00,22.0,44.08064204967443,-0.2007133885271461,10248.412617262564,2015.44,0.0,0.0
2026-01-31 19:00:00,22.0,42.102430265407136,1.997299705103188,8015.802797538495,2159.4,0.0,0.0
2026-01-31 20:00:00,22.0,41.64044007286005,2.5106221412666105,7494.400666229856,2015.44,0.0,0.0
2026-01-31 21:00:00,22.0,46.141478316022216,-2.490531462246904,12574.272427462674,1727.52,0.0,0.0
2026-01-31 22:00:00,22.0,43.614384781169406,0.3173502431451083,9722.194664027793,1439.6,0.0,0.0
2026-01-31 23:00:00,22.0,47.04634227977539,-3.4959358664170948,13595.501896954504,1151.68,0.0,0.0
2026-02-01 00:00:00,22.0,47.43902774163236,-3.93225304625818,14038.686709206282,575.84,0.0,0.0
2026-02-01 01:00:00,22.0,42.434706436706534,1.628103959214966,8390.809684466996,575.84,0.0,0.0
2026-02-01 02:00:00,22.0,44.28029385310277,-0.4225487256697409,10473.739642611787,575.84,0.0,0.0
2026-02-01 03:00:00,22.0,44.637595071573905,-0.8195500795265611,10876.989797778311,575.84,0.0,0.0
2026-02-01 04:00:00,22.0,42.663080544822435,1.3743549501972971,8648.552702886602,575.84,0.0,0.0
2026-02-01 05:00:00,22.0,42.53816149913477,1.5131538898502517,8507.569067923507,575.84,0.0,0.0
2026-02-01 06:00:00,22.0,42.22459493429473,1.861561184116964,8153.677842845032,1439.6,0.0,0.0
2026-02-01 07:00:00,22.0,43.55583412678532,0.38240652579409,9656.114395489914,1963.735,236.215,0.0
2026-02-01 08:00:00,22.0,40.78696612689028,3.458926525677467,6531.169970808368,2242.85,803.25,0.0
2026-02-01 09:00:00,22.0,38.43255582550318,6.074937971663135,3873.982504662889,2818.87,1667.19,0.0
2026-02-01 10:00:00,22.0,39.20329711261228,5.2185587637641335,4743.841121294224,3637.5858,2485.9058,0.0
2026-02-01 11:00:00,22.0,36.99848065532466,7.668354827417044,2255.485267599415,4800.0972,3504.4572,0.0
2026-02-01 12:00:00,22.0,37.80942095703978,6.767310047733578,3170.712492115092,5615.5906,4175.9906,0.0
2026-02-01 13:00:00,22.0,40.20331239791309,4.107430668985459,5872.458372284712,5358.6979,4063.0579,0.0
2026-02-01 14:00:00,22.0,41.35681807047385,2.825757699473508,7174.304874336787,3018.0173,1866.3373,0.0
2026-02-01 15:00:00,22.0,39.83733688760273,4.514070124885854,5459.418411348443,1984.68,833.0,0.0
2026-02-01 16:00:00,22.0,41.243611206588255,2.951543103790825,7046.539607755506,1244.5,92.82,0.0
2026-02-01 17:00:00,22.0,40.562872180311885,3.707919799653456,6278.257542699994,1727.52,0.0,0.0
2026-02-01 18:00:00,22.0,43.392647785772915,0.5637246824745408,9471.942291023313,2015.44,0.0,0.0
2026-02-01 19:00:00,22.0,44.13945474872786,-0.2660608319198374,10314.78862941426,2159.4,0.0,0.0
2026-02-01 20:00:00,22.0,42.00447450832916,2.106139435189826,7905.249930100291,2015.44,0.0,0.0
2026-02-01 21:00:00,22.0,44.37881906874135,-0.5320211874903928,10584.93520098149,1727.52,0.0,0.0
2026-02-01 22:00:00,22.0,46.4826001713931,-2.869555745992339,12959.262553434257,1439.6,0.0,0.0
2026-02-01 23:00:00,22.0,45.54557771891761,-1.828419687686234,11901.739013570419,1151.68,0.0,0.0
2026-02-02 00:00:00,22.0,43.21795976259697,0.7578224860033651,9274.78938806694,575.84,0.0,0.0
2026-02-02 01:00:00,22.0,45.04851693574615,-1.276129928606828,11340.756213683106,575.84,0.0,0.0
2026-02-02 02:00:00,22.0,44.15037999665874,-0.2781999962874952,10327.118864229058,575.84,0.0,0.0
2026-02-02 03:00:00,22.0,45.99960657802097,-2.332896197801075,12414.155983954472,575.84,0.0,0.0
2026-02-02 04:00:00,22.0,42.05244512115772,2.0528387542692013,7959.3895637386,575.84,0.0,0.0
2026-02-02 05:00:00,22.0,38.85916449353423,5.6009283405175205,4355.453047402732,575.84,0.0,0.0
2026-02-02 06:00:00,22.0,43.52464175652314,0.4170647149742927,9620.910686412015,1443.17,3.57,0.0
2026-02-02 07:00:00,22.0,43.29566059150051,0.6714882316661042,9362.482543567474,2063.1,335.58,0.0
2026-02-02 08:00:00,22.0,39.98402396109674,4.351084487670296,5624.96944249378,11125.394,9685.794,0.0
2026-02-02 09:00:00,22.0,37.97850649800849,6.579437224435011,3361.542433652385,10880.3828,10016.6228,0.0
2026-02-02 10:00:00,22.0,39.14680995606649,5.281322271037232,4680.089716416643,10565.4213,9701.6613,0.0
2026-02-02 11:00:00,22.0,40.51843853823615,3.7572905130709473,6228.109734253316,9800.3497,8792.6297,0.0
2026-02-02 12:00:00,22.0,38.69545149120471,5.78283167643922,4170.686552973633,10777.443,9625.763,0.0
2026-02-02 13:00:00,22.0,37.54610093435994,7.059887850711182,2873.52951451863,11081.7878,10074.0678,0.0
2026-02-02 14:00:00,22.0,39.714965834878925,4.650037961245637,5321.3104412443545,10754.2467,9890.4867,0.0
2026-02-02 15:00:00,22.0,38.46135655576957,6.042937160256033,3906.4870088415364,1452.81,589.05,0.0
2026-02-02 16:00:00,22.0,38.20352058656816,6.32942157047982,3615.493334000826,921.475,57.715,0.0
2026-02-02 17:00:00,22.0,40.73583631124412,3.515737431950979,6473.464860870115,1439.6,0.0,0.0
2026-02-02 18:00:00,22.0,42.15030598830093,1.9441044574434152,8069.835338396429,1727.52,0.0,0.0
2026-02-02 19:00:00,22.0,41.53892949696177,2.6234116700424805,7379.835830271056,2015.44,0.0,0.0
2026-02-02 20:00:00,22.0,45.44098148938701,-1.71220165487446,11783.691708922184,1727.52,0.0,0.0
2026-02-02 21:00:00,22.0,46.36406211291883,-2.737846792132034,12825.480500640193,1439.6,0.0,0.0
2026-02-02 22:00:00,22.0,45.69752156649615,-1.997246184995724,12073.222839947555,1151.68,0.0,0.0
2026-02-02 23:00:00,22.0,46.46271599330669,-2.847462214785208,12936.82127004593,863.76,0.0,0.0
2026-02-03 00:00:00,22.0,47.14601555552286,-3.606683950580951,13707.993155963099,575.84,0.0,0.0
2026-02-03 01:00:00,22.0,42.282489719642854,1.7972336448412751,8219.017897588925,575.84,0.0,0.0
2026-02-03 02:00:00,22.0,41.30810367653426,2.879884803850828,7119.325809336566,575.84,0.0,0.0
2026-02-03 03:00:00,22.0,45.28225348833162,-1.5358372092573545,11604.551286931068,575.84,0.0,0.0
2026-02-03 04:00:00,22.0,43.73490589045294,0.1834378994967311,9858.214787965193,575.84,0.0,0.0
2026-02-03 05:00:00,22.0,43.3698656384839,0.5890381794623352,9446.230359592932,575.84,0.0,0.0
2026-02-03 06:00:00,22.0,40.10650136778732,4.2149984802363125,5763.197443684767,1443.17,3.57,0.0
2026-02-03 07:00:00,22.0,38.81808942631884,5.646567304090177,4309.095726543445,2070.835,343.315,0.0
2026-02-03 08:00:00,22.0,43.499074837641366,0.4454724026207066,9592.055861762046,4171.2723,2731.6723,0.0
2026-02-03 09:00:00,22.0,38.697596147610305,5.780448724877441,4173.107012192991,6738.9973,5875.2373,0.0
2026-02-03 10:00:00,22.0,41.33458696046609,2.850458932815457,7149.214843582031,2918.5974,2054.8374,0.0
2026-02-03 11:00:00,22.0,35.457777141183854,9.380247620906829,516.6472815400978,6474.4583,5466.7383,0.0
2026-02-03 12:00:00,22.0,37.70755354562128,6.880496060420796,3055.7449315881777,7906.4912,6754.8112,0.0
2026-02-03 13:00:00,22.0,40.1046961944121,4.2170042284310005,5761.160125013496,10651.148,9643.428,0.0
2026-02-03 14:00:00,22.0,39.41668704466416,4.981458839262049,4984.67299860797,2439.6323,1575.8723,0.0
2026-02-03 15:00:00,22.0,40.07457465260752,4.250472608213873,5727.164952932844,1145.79,282.03,0.0
2026-02-03 16:00:00,22.0,39.35479670280553,5.050225885771631,4914.823558786321,992.28,128.52,0.0
2026-02-03 17:00:00,22.0,39.29280875011146,5.11910138876504,4844.863955375797,1439.6,0.0,0.0
2026-02-03 18:00:00,22.0,44.16677312554908,-0.2964145839434193,10345.62014949469,1727.52,0.0,0.0
2026-02-03 19:00:00,22.0,39.72199046072727,4.642232821414145,5329.238433976797,2015.44,0.0,0.0
2026-02-03 20:00:00,22.0,41.009757805922476,3.211380215641688,6782.612659764107,1727.52,0.0,0.0
2026-02-03 21:00:00,22.0,46.221166833935456,-2.579074259928279,12664.208888779558,1439.6,0.0,0.0
2026-02-03 22:00:00,22.0,45.08664822377182,-1.318498026413135,11383.791185348875,1151.68,0.0,0.0
2026-02-03 23:00:00,22.0,42.49787759523488,1.5579137830723586,8462.104653982089,863.76,0.0,0.0
2026-02-04 00:00:00,22.0,43.48074654398053,0.465837173354966,9571.370549536427,575.84,0.0,0.0
2026-02-04 01:00:00,22.0,46.183470428726864,-2.5371893652520647,12621.66472586114,575.84,0.0,0.0
2026-02-04 02:00:00,22.0,43.751879787401805,0.1645780139979922,9877.371528061678,575.84,0.0,0.0
2026-02-04 03:00:00,22.0,39.25062748717712,5.165969458692088,4797.2581820280975,575.84,0.0,0.0
2026-02-04 04:00:00,22.0,43.710712032667814,0.2103199637024244,9830.909600068897,575.84,0.0,0.0
2026-02-04 05:00:00,22.0,44.17051541496111,-0.3005726832901214,10349.843697325108,575.84,0.0,0.0
2026-02-04 06:00:00,22.0,41.789644266235484,2.344839704182798,7662.792518873369,1439.6,0.0,0.0
2026-02-04 07:00:00,22.0,40.724457665735756,3.528380371404719,6460.622921549374,2225.535,498.015,0.0
2026-02-04 08:00:00,22.0,41.24416613020018,2.950926521999804,7047.165894543921,3030.7688,1591.1688,0.0
2026-02-04 09:00:00,22.0,38.759490465662836,5.711677260374624,4242.960939547077,2855.9224,1992.1624,0.0
2026-02-04 10:00:00,22.0,41.24023045388552,2.955299495682752,7042.724090255202,2509.53,1645.77,0.0
2026-02-04 11:00:00,22.0,39.82062798597498,4.532635571138915,5440.5607449713625,2984.548,1976.828,0.0
2026-02-04 12:00:00,22.0,37.13515940292136,7.516489552309595,2409.740902137047,2958.1,1806.42,0.0
2026-02-04 13:00:00,22.0,41.78143455813541,2.35396160207177,7653.5270423116235,2178.68,1170.96,0.0
2026-02-04 14:00:00,22.0,37.35660688078542,7.2704367991273084,2659.666525654426,1799.1,935.34,0.0
2026-02-04 15:00:00,22.0,43.175982045998694,0.8044643933347837,9227.413337114127,1413.54,549.78,0.0
2026-02-04 16:00:00,22.0,43.41638424197737,0.5373508422473701,9498.731255495659,917.31,53.55,0.0
2026-02-04 17:00:00,22.0,42.066413175131515,2.037318694298313,7975.153909453429,1439.6,0.0,0.0
2026-02-04 18:00:00,22.0,41.58364508292517,2.573727685638701,7430.301840589352,1727.52,0.0,0.0
2026-02-04 19:00:00,22.0,40.64627407673978,3.615251025844694,6372.384923008515,2015.44,0.0,0.0
2026-02-04 20:00:00,22.0,43.79627902631273,0.1152455263191922,9927.480509096551,1727.52,0.0,0.0
2026-02-04 21:00:00,22.0,45.08938090590836,-1.3215343398981685,11386.875290408172,1439.6,0.0,0.0
2026-02-04 22:00:00,22.0,44.17444520725133,-0.3049391191681452,10354.278860903854,1151.68,0.0,0.0
2026-02-04 23:00:00,22.0,47.14495085148293,-3.6055009460921417,13706.791530983639,863.76,0.0,0.0
2026-02-05 00:00:00,22.0,45.44905271317647,-1.7211696813071873,11792.800892090967,575.84,0.0,0.0
2026-02-05 01:00:00,22.0,47.73633623896029,-4.262595821066993,14374.229079290586,575.84,0.0,0.0
2026-02-05 02:00:00,22.0,45.069028523248235,-1.2989205813869282,11363.90559133796,575.84,0.0,0.0
2026-02-05 03:00:00,22.0,44.8792897988005,-1.0880997764449964,11149.766466926245,575.84,0.0,0.0
2026-02-05 04:00:00,22.0,45.347682258608955,-1.6085358428988343,11678.394197066069,575.84,0.0,0.0
2026-02-05 05:00:00,22.0,42.73467541660115,1.2948050926653951,8729.354675176059,575.84,0.0,0.0
2026-02-05 06:00:00,22.0,41.81461062431264,2.3170993063192857,7690.9695505992495,1439.6,0.0,0.0
2026-02-05 07:00:00,22.0,39.05243421542048,5.386184205088353,4573.577255523558,2070.24,342.72,0.0
2026-02-05 08:00:00,22.0,43.19014012551302,0.7887331938744246,9243.392145653994,2843.1319,1403.5319,0.0
2026-02-05 09:00:00,22.0,39.6913036215831,4.676329309352105,5294.6052673186905,9764.165,8900.405,0.0
2026-02-05 10:00:00,22.0,40.35078086584228,3.943576815730796,6038.8912851896,10614.0603,9750.3003,0.0
2026-02-05 11:00:00,22.0,37.05709532064203,7.603227421508857,2321.637778876592,9999.1413,8991.4213,0.0
2026-02-05 12:00:00,22.0,37.14295828265416,7.507824130384266,2418.542717803489,10833.532,9681.852,0.0
2026-02-05 13:00:00,22.0,37.708483304235834,6.879462995293515,3056.7942571605627,11109.7106,10101.9906,0.0
2026-02-05 14:00:00,22.0,40.249208410901055,4.056435098998829,5924.256612542931,10754.9088,9891.1488,0.0
2026-02-05 15:00:00,22.0,37.960568538436256,6.599368290626381,3341.297652479159,1508.74,644.98,0.0
2026-02-05 16:00:00,22.0,43.054235671738,0.9397381425133364,9090.010379123507,960.15,96.39,0.0
2026-02-05 17:00:00,22.0,44.29181070409791,-0.4353452267754591,10486.737560644906,1439.6,0.0,0.0
2026-02-05 18:00:00,22.0,44.396567799823465,-0.5517419998038475,10604.966418880764,1727.52,0.0,0.0
2026-02-05 19:00:00,22.0,43.09200322095751,0.897774198936105,9132.634835172645,2015.44,0.0,0.0
2026-02-05 20:00:00,22.0,42.684704078221074,1.3503288019765889,8672.957022680304,1727.52,0.0,0.0
2026-02-05 21:00:00,22.0,50.0,-6.780492072765238,16929.000000000004,1439.6,0.0,0.0
2026-02-05 22:00:00,22.0,42.83675435624036,1.1813840486218194,8844.560966452875,1151.68,0.0,0.0
2026-02-05 23:00:00,22.0,45.341331021519466,-1.601478912799405,11671.22619088687,863.76,0.0,0.0
2026-02-06 00:00:00,22.0,48.5219902256616,-5.135544695179551,15260.91816868168,575.84,0.0,0.0
2026-02-06 01:00:00,22.0,45.395628428119394,-1.6618093645771113,11732.50624397555,575.84,0.0,0.0
2026-02-06 02:00:00,22.0,43.251145707202824,0.7209492142190848,9312.243045149107,575.84,0.0,0.0
2026-02-06 03:00:00,22.0,43.5665905847203,0.370454905866328,9668.254133915334,575.84,0.0,0.0
2026-02-06 04:00:00,22.0,41.92166848740286,2.1981461251079324,7811.79505488287,575.84,0.0,0.0
2026-02-06 05:00:00,22.0,45.49099249528388,-1.7677694392043048,11840.134130177385,575.84,0.0,0.0
2026-02-06 06:00:00,22.0,42.84520942324913,1.1719895297231908,8854.103355078969,1439.6,0.0,0.0
2026-02-06 07:00:00,22.0,42.832697452573285,1.1858917193630187,8839.98234497421,2152.35,424.83,0.0
2026-02-06 08:00:00,22.0,37.208355630920224,7.435160410088637,2492.350165056565,2435.63,996.03,0.0
2026-02-06 09:00:00,22.0,38.403562469452496,6.10715281171945,3841.260603024087,2498.82,1635.06,0.0
2026-02-06 10:00:00,21.999946675255437,33.85769128625227,11.158120793053037,0.0,2677.4068,1813.6468,0.0
2026-02-06 11:00:00,22.0,39.46436418551036,4.928484238321818,5038.481419766996,2496.41,1488.69,0.0
2026-02-06 12:00:00,22.0,39.80441358102815,4.55065157663539,5422.261167548371,3133.03,1981.35,0.0
2026-02-06 13:00:00,22.0,38.879754974830625,5.578050027965972,4378.691464593844,2246.51,1238.79,0.0
2026-02-06 14:00:00,21.99688304921866,36.501265547815436,8.220816057982853,1694.328297264501,1677.72,813.96,0.0
2026-02-06 15:00:00,22.0,40.213431028604056,4.096187745995495,5883.878258882538,1181.49,317.73,0.0
2026-02-06 16:00:00,22.0,40.0760123237675,4.248875195813889,5728.787508604001,878.04,14.28,0.0
2026-02-06 17:00:00,22.0,40.994208172434654,3.228657586183723,6765.063343409751,1439.6,0.0,0.0
2026-02-06 18:00:00,22.0,42.02890582983606,2.0789935224043794,7932.823119552982,1727.52,0.0,0.0
2026-02-06 19:00:00,22.0,44.20606579120154,-0.3400731013350391,10389.965851950057,2015.44,0.0,0.0
2026-02-06 20:00:00,22.0,44.14712392223866,-0.274582135820732,10323.444058638555,1727.52,0.0,0.0
2026-02-06 21:00:00,22.0,44.96976909470401,-1.188632327448904,11251.881400282951,1439.6,0.0,0.0
2026-02-06 22:00:00,22.0,45.231307841038344,-1.4792309344870518,11547.054029395877,1151.68,0.0,0.0
2026-02-06 23:00:00,22.0,43.879002701965774,0.0233303311491432,10020.842449438574,863.76,0.0,0.0
2026-02-07 00:00:00,22.0,42.53086953767591,1.521256069248985,8499.339360221034,575.84,0.0,0.0
2026-02-07 01:00:00,22.0,47.09011554744612,-3.544572830495687,13644.90440684769,575.84,0.0,0.0
2026-02-07 02:00:00,22.0,45.923279978241865,-2.2480888647131847,12328.01378344377,575.84,0.0,0.0
2026-02-07 03:00:00,22.0,46.13060582940271,-2.4784509215585637,12562.0017390639,575.84,0.0,0.0
2026-02-07 04:00:00,22.0,43.56321723299991,0.3742030744445456,9664.4469691637,575.84,0.0,0.0
2026-02-07 05:00:00,22.0,44.000777585888834,-0.1119750954320366,10158.27758343414,575.84,0.0,0.0
2026-02-07 06:00:00,22.0,41.66836569926442,2.4795936674839774,7525.917528189826,1443.17,3.57,0.0
2026-02-07 07:00:00,22.0,39.18172299883031,5.242530001299657,4719.492576479888,1916.73,189.21,0.0
2026-02-07 08:00:00,22.0,44.84649703444829,-1.0516633716092167,11112.756553078343,6882.1229,5442.5229,0.0
2026-02-07 09:00:00,22.0,38.669211786447185,5.811986903947572,4141.072422184294,10130.9202,8979.2402,0.0
2026-02-07 10:00:00,22.0,39.810645234392204,4.543727517341996,5429.294211535042,8235.2772,7083.5972,0.0
2026-02-07 11:00:00,22.0,37.793906942987455,6.78454784112505,3153.203375855642,9402.8869,8107.2469,0.0
2026-02-07 12:00:00,22.0,40.11364498795036,4.2070611244996,5771.259733400776,9637.7225,8198.1225,0.0
2026-02-07 13:00:00,22.0,36.46939724640698,8.256225281770023,1658.3617322949149,6178.7039,4883.0639,0.0
2026-02-07 14:00:00,22.0,37.33840343390351,7.290662851218324,2639.1221155034996,11948.2661,10796.5861,0.0
2026-02-07 15:00:00,22.0,38.531381720351675,5.965131421831476,3985.5174095889006,2167.94,1016.26,0.0
2026-02-07 16:00:00,22.0,38.87219370794182,5.586451435620197,4370.1578187831365,1342.675,190.995,0.0
2026-02-07 17:00:00,22.0,42.51036827854084,1.5440352460657367,8476.20163916119,1727.52,0.0,0.0
2026-02-07 18:00:00,22.0,43.21532275844072,0.7607524906214207,9271.813265176199,2015.44,0.0,0.0
2026-02-07 19:00:00,22.0,41.67736340089761,2.4695962212248754,7536.0723342530455,2159.4,0.0,0.0
2026-02-07 20:00:00,22.0,45.281912456983505,-1.535458285537223,11604.166398951586,2015.44,0.0,0.0
2026-02-07 21:00:00,22.0,42.04344132828702,2.0628429685699854,7949.227883104728,1727.52,0.0,0.0
2026-02-07 22:00:00,22.0,45.800155381929834,-2.111283757699817,12189.055364046011,1439.6,0.0,0.0
2026-02-07 23:00:00,22.0,44.673923072891526,-0.8599145254350293,10917.989580065378,1151.68,0.0,0.0
2026-02-08 00:00:00,22.0,41.92135086534084,2.19849903851018,7811.436586623674,575.84,0.0,0.0
2026-02-08 01:00:00,22.0,46.84853501196318,-3.276150013292426,13372.256614501646,575.84,0.0,0.0
2026-02-08 02:00:00,22.0,45.09392030210337,-1.3265781134481889,11391.998452953865,575.84,0.0,0.0
2026-02-08 03:00:00,22.0,42.74805471592442,1.279939204528425,8744.454552392299,575.84,0.0,0.0
2026-02-08 04:00:00,22.0,42.18770070002225,1.902554777753063,8112.0390100451095,575.84,0.0,0.0
2026-02-08 05:00:00,22.0,43.62181612079992,0.3090931991112008,9730.581673934792,575.84,0.0,0.0
2026-02-08 06:00:00,22.0,43.03011478753934,0.966539124956292,9062.7875492169,1453.88,14.28,0.0
2026-02-08 07:00:00,22.0,41.58789611621202,2.5690043153199795,7435.099556756889,2198.165,470.645,0.0
2026-02-08 08:00:00,22.0,37.69385602092755,6.895715532302727,3040.285905218831,10799.5728,9359.9728,0.0
2026-02-08 09:00:00,22.0,40.05680612917634,4.270215412026297,5707.111397388415,11303.6651,10151.9851,0.0
2026-02-08 10:00:00,22.0,38.84170029990578,5.620333000104685,4335.742958473666,11062.0278,9910.3478,0.0
2026-02-08 11:00:00,22.0,39.39088267302152,5.010130363309423,4955.550184772091,10193.0217,8897.3817,0.0
2026-02-08 12:00:00,22.0,37.23001258336723,7.411097129591973,2516.7922015882527,11193.9393,9754.3393,0.0
2026-02-08 13:00:00,22.0,38.342721957708775,6.174753380323586,3772.5960014701245,11537.8831,10242.2431,0.0
2026-02-08 14:00:00,22.0,40.78848940574083,3.457233993621297,6532.889143319105,6785.9347,5634.2547,0.0
2026-02-08 15:00:00,22.0,41.29829899299142,2.890778896676201,7108.260243490117,3037.4968,1885.8168,0.0
2026-02-08 16:00:00,22.0,43.89749001979992,0.0027888668889861,10041.707236346188,1212.37,60.69,0.0
2026-02-08 17:00:00,22.0,42.664629974057036,1.3726333621588516,8650.30138872077,1727.52,0.0,0.0
2026-02-08 18:00:00,22.0,40.67089755346209,3.5878916072643445,6400.174978837316,2015.44,0.0,0.0
2026-02-08 19:00:00,22.0,40.64897959394699,3.612244895614453,6375.438369728574,2159.4,0.0,0.0
2026-02-08 20:00:00,22.0,42.66599494620907,1.371116726434369,8651.841896291555,2015.44,0.0,0.0
2026-02-08 21:00:00,22.0,43.64724645111835,0.2808372765351741,9759.28234473217,1727.52,0.0,0.0
2026-02-08 22:00:00,22.0,45.445438342775546,-1.7171537141950526,11788.721713656483,1439.6,0.0,0.0
2026-02-08 23:00:00,22.0,44.18248677579547,-0.3138741953282993,10363.354575162766,1151.68,0.0,0.0
2026-02-09 00:00:00,22.0,45.184699198452606,-1.4274435538362311,11494.451515373612,575.84,0.0,0.0
2026-02-09 01:00:00,22.0,42.32932482506382,1.745194638817976,8271.87599756703,575.84,0.0,0.0
2026-02-09 02:00:00,22.0,45.39489301914213,-1.6609922434912514,11731.67626140381,575.84,0.0,0.0
2026-02-09 03:00:00,22.0,42.22816986154653,1.8575890427260724,8157.712505741418,575.84,0.0,0.0
2026-02-09 04:00:00,22.0,42.32659465272785,1.7482281636357204,8268.79472506865,575.84,0.0,0.0
2026-02-09 05:00:00,22.0,41.707950647201585,2.4356103919982344,7570.59310043171,575.84,0.0,0.0
2026-02-09 06:00:00,22.0,45.72068438583128,-2.02298265092364,12099.36439784918,1439.6,0.0,0.0
2026-02-09 07:00:00,22.0,39.49571022684505,4.893655303505504,5073.858562017323,1906.02,178.5,0.0
2026-02-09 08:00:00,22.0,40.52951436203648,3.744984042181693,6240.609908994372,2078.63,639.03,0.0
2026-02-09 09:00:00,22.0,40.353483277711234,3.9405741358764064,6041.9412272249,2263.2,1399.44,0.0
2026-02-09 10:00:00,22.0,41.65155202049627,2.498275532781928,7506.941610332089,3925.1521,3061.3921,0.0
2026-02-09 11:00:00,22.0,38.63272386650208,5.852529037219907,4099.892155734251,5645.7283,4638.0083,0.0
2026-02-09 12:00:00,22.0,38.439607125727164,6.067103193636485,3881.940602095678,10938.7365,9787.0565,0.0
2026-02-09 13:00:00,22.0,40.968070484626004,3.257699461526664,6735.564348948909,9757.3527,8749.6327,0.0
2026-02-09 14:00:00,22.0,41.63421285758467,2.517541269350372,7487.372631070061,8546.591,7682.831,0.0
2026-02-09 15:00:00,22.0,38.67850052349783,5.801666085002412,4151.555690819653,4269.024,3405.264,0.0
2026-02-09 16:00:00,22.0,38.73093076408952,5.7434102621227545,4210.7284603514345,1061.3,197.54,0.0
2026-02-09 17:00:00,22.0,40.825742199770566,3.4158420002549272,6574.932646661062,1439.6,0.0,0.0
2026-02-09 18:00:00,22.0,40.02849763056815,4.301669299368726,5675.162425859211,1727.52,0.0,0.0
2026-02-09 19:00:00,22.0,43.187241534201775,0.7919538508869196,9240.120795500125,2015.44,0.0,0.0
2026-02-09 20:00:00,22.0,43.99783229392037,-0.1087025488004036,10154.953526918529,1727.52,0.0,0.0
2026-02-09 21:00:00,22.0,46.296234864004994,-2.6624831822277693,12748.930667516037,1439.6,0.0,0.0
2026-02-09 22:00:00,22.0,48.02612701322067,-4.5845855702451885,14701.286947120854,1151.68,0.0,0.0
2026-02-09 23:00:00,22.0,42.238941133693395,1.8456209625628963,8169.868963486366,863.76,0.0,0.0
2026-02-10 00:00:00,22.0,43.66366170955045,0.2625981004994928,9777.808605398643,575.84,0.0,0.0
2026-02-10 01:00:00,22.0,48.08385559548991,-4.6487284394332296,14766.439425069912,575.84,0.0,0.0
2026-02-10 02:00:00,22.0,44.93733801952767,-1.1525977994751937,11215.279688838933,575.84,0.0,0.0
2026-02-10 03:00:00,22.0,44.82566777225817,-1.0285197469535232,11089.248647770573,575.84,0.0,0.0
2026-02-10 04:00:00,22.0,44.39318645169348,-0.5479849463260862,10601.150229381265,575.84,0.0,0.0
2026-02-10 05:00:00,22.0,43.76798068843597,0.1466881239600381,9895.543004968837,575.84,0.0,0.0
2026-02-10 06:00:00,22.0,41.41371553545764,2.762538293935957,7238.519353317494,1471.73,32.13,0.0
2026-02-10 07:00:00,22.0,39.69553549178227,4.671627231353032,5299.381356025474,2508.16,780.64,0.0
2026-02-10 08:00:00,22.0,39.57569589574923,4.804782338056411,5164.130387942579,4475.567,3035.967,0.0
2026-02-10 09:00:00,22.0,39.77134866161098,4.587390375987803,5384.9440994941515,6371.7698,5508.0098,0.0
2026-02-10 10:00:00,22.0,39.265316636780035,5.149648181355515,4813.836356269949,3784.2631,2920.5031,0.0
2026-02-10 11:00:00,22.0,36.936401254898556,7.737331939001606,2185.4224562785103,3474.59,2466.87,0.0
2026-02-10 12:00:00,22.0,37.66579911139109,6.926889876232124,3008.6208771159822,2689.8013,1538.1213,0.0
2026-02-10 13:00:00,22.0,38.491825991895574,6.009082231227139,3940.8748144533456,2760.59,1752.87,0.0
2026-02-10 14:00:00,22.0,39.046930882056216,5.39229901993754,4567.366193488646,2553.9342,1690.1742,0.0
2026-02-10 15:00:00,22.0,38.93292867042631,5.518968143970768,4438.70329744313,3242.2474,2378.4874,0.0
2026-02-10 16:00:00,22.0,41.14302763940701,3.063302622881101,6933.020993834752,985.14,121.38,0.0
2026-02-10 17:00:00,22.0,39.68948156647615,4.6783538150265045,5292.54889592498,1439.6,0.0,0.0
2026-02-10 18:00:00,22.0,44.03654541130816,-0.1517171236757328,10198.645151202392,1727.52,0.0,0.0
2026-02-10 19:00:00,22.0,43.772370279948746,0.1418108000569531,9900.497097950156,2015.44,0.0,0.0
2026-02-10 20:00:00,22.0,42.80000902819715,1.2222121908920491,8803.090189223307,1727.52,0.0,0.0
2026-02-10 21:00:00,22.0,46.68477347630926,-3.094192751454735,13187.435345362634,1439.6,0.0,0.0
2026-02-10 22:00:00,22.0,48.04910683039308,-4.610118700436754,14727.22196878163,1151.68,0.0,0.0
2026-02-10 23:00:00,22.0,45.463793158868015,-1.737547954297793,11809.436959098442,863.76,0.0,0.0
2026-02-11 00:00:00,22.0,48.753624678003646,-5.392916308892941,15522.340811594917,575.84,0.0,0.0
2026-02-11 01:00:00,22.0,47.915179371933995,-4.461310413259996,14576.071439164709,575.84,0.0,0.0
2026-02-11 02:00:00,22.0,43.855822040312404,0.0490866218751098,9994.680754696581,575.84,0.0,0.0
2026-02-11 03:00:00,22.0,45.0141978759619,-1.237997639957661,11302.0237228106,575.84,0.0,0.0
2026-02-11 04:00:00,22.0,41.586123490523825,2.5709738994179707,7433.098971405189,575.84,0.0,0.0
2026-02-11 05:00:00,22.0,45.20041437605649,-1.444904862284993,11512.18766481736,575.84,0.0,0.0
2026-02-11 06:00:00,22.0,42.26911425813811,1.8120952687354317,8203.922351734673,1443.17,3.57,0.0
2026-02-11 07:00:00,22.0,40.44899924185696,3.8344452868256016,6149.740544359765,2207.09,479.57,0.0
2026-02-11 08:00:00,22.0,42.40692687423204,1.6589701397421823,8359.457670258284,2479.5217,1039.9217,0.0
2026-02-11 09:00:00,22.0,37.69724415962911,6.89195093374544,3044.109758557411,2245.35,1381.59,0.0
2026-02-11 10:00:00,22.0,38.06308655667715,6.485459381469832,3456.999487865831,2877.24,2013.48,0.0
2026-02-11 11:00:00,22.0,41.51938378139673,2.6451291317814047,7357.776535684355,4281.0245,3273.3045,0.0
2026-02-11 12:00:00,22.0,38.56793523317548,5.924516407582799,4026.7717041618503,4149.5644,2997.8844,0.0
2026-02-11 13:00:00,22.0,37.92794490009381,6.635616777673539,3304.4786142458775,2121.56,1113.84,0.0
2026-02-11 14:00:00,22.0,40.044410558726526,4.28398826808164,5693.121756578757,1527.78,664.02,0.0
2026-02-11 15:00:00,22.0,42.2181724176443,1.8686973137285623,8146.429390553354,1388.55,524.79,0.0
2026-02-11 16:00:00,22.0,39.79877417899466,4.55691757889482,5415.896538413377,1074.39,210.63,0.0
2026-02-11 17:00:00,22.0,37.188014127122315,7.457762080975207,2469.3927438702453,1439.6,0.0,0.0
2026-02-11 18:00:00,22.0,42.79657137848385,1.2260318016846194,8799.210457756872,1727.52,0.0,0.0
2026-02-11 19:00:00,22.0,40.2071144360566,4.103206182159334,5876.7493525334785,2015.44,0.0,0.0
2026-02-11 20:00:00,22.0,45.254119879170645,-1.5045776435229354,11572.799695631991,1727.52,0.0,0.0
2026-02-11 21:00:00,22.0,44.25760226925366,-0.397335854726285,10448.129921079682,1439.6,0.0,0.0
2026-02-11 22:00:00,22.0,43.82895089804697,0.0789434466144851,9964.35398353581,1151.68,0.0,0.0
2026-02-11 23:00:00,22.0,45.592477573389104,-1.8805306370990036,11954.670189326944,863.76,0.0,0.0
2026-02-12 00:00:00,22.0,46.23592416798621,-2.5954712977624625,12680.86401598924,575.84,0.0,0.0
2026-02-12 01:00:00,22.0,44.27030343620997,-0.4114482624555258,10462.464458106575,575.84,0.0,0.0
2026-02-12 02:00:00,22.0,41.813072246139384,2.318808615400687,7689.23333699291,575.84,0.0,0.0
2026-02-12 03:00:00,22.0,44.104527947921135,-0.2272532754679272,10275.370242023793,575.84,0.0,0.0
2026-02-12 04:00:00,22.0,44.828908317754625,-1.0321203530606946,11092.90592741787,575.84,0.0,0.0
2026-02-12 05:00:00,22.0,43.373301365436504,0.585220705070551,9450.10792103164,575.84,0.0,0.0
2026-02-12 06:00:00,22.0,37.56452623783833,7.039415291290749,2894.3243120243387,1464.59,24.99,0.0
2026-02-12 07:00:00,22.0,40.925418628222296,3.3050904130863388,6687.427463811684,2469.485,741.965,0.0
2026-02-12 08:00:00,22.0,41.36994465744036,2.8111726028440547,7189.119540387187,3712.3785,2272.7785,0.0
2026-02-12 09:00:00,22.0,41.615537837397,2.53829129178111,7466.296003286255,5670.6874,4806.9274,0.0
2026-02-12 10:00:00,22.0,42.26893051577871,1.812299426912543,8203.714980107856,3137.3545,2273.5945,0.0
2026-02-12 11:00:00,22.0,37.968215332436216,6.590871852848653,3349.927824187514,2635.64,1627.92,0.0
2026-02-12 12:00:00,22.0,37.321644412915894,7.309283985649007,2620.2078844168786,1944.22,792.54,0.0
2026-02-12 13:00:00,22.0,39.336720149296724,5.07031094522586,4894.4223604962835,1494.0596,486.3396,0.0
2026-02-12 14:00:00,22.0,39.00925529883174,5.434160779075847,4524.845530261501,1527.78,664.02,0.0
2026-02-12 15:00:00,22.0,41.66124666444795,2.4875037061689422,7517.882985495959,1638.45,774.69,0.0
2026-02-12 16:00:00,22.0,40.0607287633105,4.265856929655002,5711.538482272232,928.02,64.26,0.0
2026-02-12 17:00:00,22.0,40.3015598606101,3.998266821544333,5983.340458684557,1439.6,0.0,0.0
2026-02-12 18:00:00,22.0,43.063295680901746,0.9296714656647248,9100.235505465711,1727.52,0.0,0.0
2026-02-12 19:00:00,22.0,39.988933757114566,4.345629158761596,5630.5106382795,2015.44,0.0,0.0
2026-02-12 20:00:00,22.0,45.40679138814444,-1.6742126534938222,11745.104760659819,1727.52,0.0,0.0
2026-02-12 21:00:00,22.0,44.1353265250374,-0.2614739167082238,10310.12951615721,1439.6,0.0,0.0
2026-02-12 22:00:00,22.0,43.69072045815569,0.2325328242714575,9808.347109074512,1151.68,0.0,0.0
2026-02-12 23:00:00,22.0,45.716454074909535,-2.0182823054550383,12094.590068942904,863.76,0.0,0.0
2026-02-13 00:00:00,22.0,46.03925827401008,-2.376953637788983,12458.906888047779,575.84,0.0,0.0
2026-02-13 01:00:00,22.0,48.14929204545004,-4.721435606055598,14840.291002494916,575.84,0.0,0.0
2026-02-13 02:00:00,22.0,42.77447676133467,1.2505813762948126,8774.274472842308,575.84,0.0,0.0
2026-02-13 03:00:00,22.0,44.95139217527324,-1.1682135280813817,11231.141209013382,575.84,0.0,0.0
2026-02-13 04:00:00,22.0,42.93274223511732,1.07473084986965,8952.892886553405,575.84,0.0,0.0
2026-02-13 05:00:00,22.0,41.82085168422082,2.3101647953101985,7698.013210811618,575.84,0.0,0.0
2026-02-13 06:00:00,22.0,43.23093728563195,0.7434030159644938,9289.435820564224,1443.17,3.57,0.0
2026-02-13 07:00:00,22.0,41.52380292535511,2.640218971827653,7362.763981555781,2120.22,392.7,0.0
2026-02-13 08:00:00,22.0,37.89793176866169,6.668964701487008,3270.6057941115864,2832.8823,1393.2823,0.0
2026-02-13 09:00:00,22.0,41.56537138606123,2.5940317932653,7409.678146308705,7225.5456,6361.7856,0.0
2026-02-13 10:00:00,22.0,35.15205601181296,9.719937764652268,171.61041493210607,6614.0379,5750.2779,0.0
2026-02-13 11:00:00,22.0,39.96343803885665,4.373957734603724,5601.736170653618,8303.7225,7296.0025,0.0
2026-02-13 12:00:00,22.0,40.62313142195292,3.640965086718977,6346.266122816066,11201.8202,10050.1402,0.0
2026-02-13 13:00:00,22.0,38.38451078812,6.128321346533342,3819.7588754722287,4612.8514,3605.1314,0.0
2026-02-13 14:00:00,22.0,35.007281670564254,9.880798143817495,8.218093398816809,3238.5039,2374.7439,0.0
2026-02-13 15:00:00,22.0,42.9941542717944,1.0064952535617795,9022.202511147161,1923.1155,1059.3555,0.0
2026-02-13 16:00:00,22.0,40.55382829328145,3.717968563020616,6268.050611797443,985.14,121.38,0.0
2026-02-13 17:00:00,22.0,40.31097440656912,3.987806214923195,5993.965715253913,1439.6,0.0,0.0
2026-02-13 18:00:00,22.0,42.039430074636044,2.0672999170710638,7944.70078223424,1727.52,0.0,0.0
2026-02-13 19:00:00,22.0,42.34428955636366,1.728567159595936,8288.76519331203,2015.44,0.0,0.0
2026-02-13 20:00:00,22.0,45.19245954791009,-1.4360661643445471,11503.20984577133,1727.52,0.0,0.0
2026-02-13 21:00:00,22.0,45.72508373494806,-2.0278708166089503,12104.32950326238,1439.6,0.0,0.0
2026-02-13 22:00:00,22.0,45.48485221851054,-1.7609469094561532,11833.204213810995,1151.68,0.0,0.0
2026-02-13 23:00:00,22.0,47.6111315328656,-4.123479480961775,14232.923047992117,863.76,0.0,0.0
2026-02-14 00:00:00,22.0,45.78043552259234,-2.089372802880379,12166.799530797718,575.84,0.0,0.0
2026-02-14 01:00:00,22.0,46.27707450324935,-2.641193892499276,12727.30628436722,575.84,0.0,0.0
2026-02-14 02:00:00,22.0,46.063772786902746,-2.404191985447492,12486.57396729844,575.84,0.0,0.0
2026-02-14 03:00:00,22.0,44.068672869594025,-0.1874142995489142,10234.904200623818,575.84,0.0,0.0
2026-02-14 04:00:00,22.0,47.17718708775875,-3.6413189863986073,13743.17334724453,575.84,0.0,0.0
2026-02-14 05:00:00,22.0,43.444110748458755,0.5065436128236098,9530.023390710552,575.84,0.0,0.0
2026-02-14 06:00:00,22.0,37.92876322189325,6.634707531229722,3305.4021722287207,1443.17,3.57,0.0
2026-02-14 07:00:00,22.0,43.12324887301705,0.863056807758833,9167.89867808704,2013.12,285.6,0.0
2026-02-14 08:00:00,22.0,37.986099106328055,6.571000992968827,3370.111451401843,2035.79,596.19,0.0
2026-02-14 09:00:00,22.0,39.45603457008557,4.937739366571587,5029.080615798575,2297.65,1145.97,0.0
2026-02-14 10:00:00,22.0,40.06763260236258,4.258185997374918,5719.330155026408,2843.86,1692.18,0.0
2026-02-14 11:00:00,22.0,40.99982201251301,3.22241998609666,6771.399123322181,2962.83,1667.19,0.0
2026-02-14 12:00:00,22.0,38.24857246248658,6.279363930570464,3666.3388811623527,2449.91,1010.31,0.0
2026-02-14 13:00:00,22.0,36.006552234892936,8.770497516785625,1135.994852300168,2152.44,856.8,0.0
2026-02-14 14:00:00,22.0,39.68288860773019,4.685679324744227,5285.108082684295,1626.49,474.81,0.0
2026-02-14 15:00:00,22.0,39.70014615225462,4.666504275272643,5304.584947434562,1319.47,167.79,0.0
2026-02-14 16:00:00,22.0,38.4813324696574,6.020741700380664,3929.031825255345,1162.39,10.71,0.0
2026-02-14 17:00:00,22.0,40.55468401320762,3.717017763102645,6269.01637730612,1727.52,0.0,0.0
2026-02-14 18:00:00,22.0,44.93009640350424,-1.1445515594491569,11207.106800994883,2015.44,0.0,0.0
2026-02-14 19:00:00,22.0,42.85375157382974,1.1624982513002842,8863.744026224245,2159.4,0.0,0.0
2026-02-14 20:00:00,22.0,41.17797716080192,3.0244698213311976,6972.465023681051,2015.44,0.0,0.0
2026-02-14 21:00:00,22.0,44.712078547913066,-0.9023094976811852,10961.051849174688,1727.52,0.0,0.0
2026-02-14 22:00:00,22.0,50.0,-6.947080474092507,16929.000000000004,1439.6,0.0,0.0
2026-02-14 23:00:00,22.0,44.87854598977671,-1.0872733219741273,11148.927004061998,1151.68,0.0,0.0
2026-02-15 00:00:00,22.0,46.057221591179264,-2.396912879088072,12479.180287804918,575.84,0.0,0.0
2026-02-15 01:00:00,22.0,48.86970291969884,-5.5218921329987065,15653.34671517211,575.84,0.0,0.0
2026-02-15 02:00:00,22.0,48.24026601572079,-4.822517795245323,14942.964225342488,575.84,0.0,0.0
2026-02-15 03:00:00,22.0,42.890391554351716,1.1217871618314277,8905.095908241348,575.84,0.0,0.0
2026-02-15 04:00:00,22.0,45.21828894207114,-1.4647654911901598,11532.360900021491,575.84,0.0,0.0
2026-02-15 05:00:00,22.0,44.665242047693866,-0.8502689418820668,10908.192175027298,575.84,0.0,0.0
2026-02-15 06:00:00,22.0,42.16414940967701,1.9287228781366623,8085.459023761473,1443.17,3.57,0.0
2026-02-15 07:00:00,22.0,42.327816834606814,1.7468701837702054,8270.174079537252,2280.87,553.35,0.0
2026-02-15 08:00:00,22.0,40.11991247000006,4.20009725555549,5778.333213642068,2414.21,974.61,0.0
2026-02-15 09:00:00,22.0,39.91931164071444,4.422987065872849,5551.935117710318,3351.6189,2199.9389,0.0
2026-02-15 10:00:00,22.0,41.14230059054458,3.0641104549504683,6932.200446488613,3986.26,2834.58,0.0
2026-02-15 11:00:00,22.0,39.54282306276985,4.841307708033503,5127.030108642051,5259.732,3964.092,0.0
2026-02-15 12:00:00,22.0,37.70304402164361,6.885506642618209,3050.6554828269823,8640.8926,7201.2926,0.0
2026-02-15 13:00:00,22.0,38.54721455292983,5.947539385633524,4003.386344436607,11696.1676,10400.5276,0.0
2026-02-15 14:00:00,22.0,39.12980501468132,5.300216650354092,4660.897939569335,11314.6165,10162.9365,0.0
2026-02-15 15:00:00,22.0,36.06712395360554,8.70319560710496,1204.3560940392106,7037.8312,5886.1512,0.0
2026-02-15 16:00:00,22.0,38.984132454306035,5.462075050771071,4496.491887929792,1302.215,150.535,0.0
2026-02-15 17:00:00,22.0,39.63385716095251,4.740158710052769,5229.771191851002,1727.52,0.0,0.0
2026-02-15 18:00:00,22.0,42.398743134030866,1.6680631844101508,8350.221501067237,2015.44,0.0,0.0
2026-02-15 19:00:00,22.0,42.63548721973678,1.4050142002924668,8617.410876194932,2159.4,0.0,0.0
2026-02-15 20:00:00,22.0,44.67597998114625,-0.8621999790513845,10920.311006721657,2015.44,0.0,0.0
2026-02-15 21:00:00,22.0,43.245994834328144,0.726672406302068,9306.429770022745,1727.52,0.0,0.0
2026-02-15 22:00:00,22.0,45.416411281002254,-1.6849014233358404,11755.961771739147,1439.6,0.0,0.0
2026-02-15 23:00:00,22.0,45.177053026565645,-1.4189478072951602,11485.822045781988,1151.68,0.0,0.0
2026-02-16 00:00:00,22.0,45.4108996561207,-1.6787773956896637,11749.741351897821,575.84,0.0,0.0
2026-02-16 01:00:00,22.0,45.610033361170466,-1.9000370679671823,11974.48365141699,575.84,0.0,0.0
2026-02-16 02:00:00,22.0,39.92895293274359,4.412274519173786,5562.816279894418,575.84,0.0,0.0
2026-02-16 03:00:00,22.0,45.84549911176207,-2.161665679735635,12240.23029753467,575.84,0.0,0.0
2026-02-16 04:00:00,22.0,45.11628075428565,-1.3514230603173845,11417.234459286783,575.84,0.0,0.0
2026-02-16 05:00:00,22.0,41.78237441810791,2.352917313213431,7654.587768276592,575.84,0.0,0.0
2026-02-16 06:00:00,22.0,43.17130419833532,0.8096620018496417,9222.133918241245,1439.6,0.0,0.0
2026-02-16 07:00:00,22.0,41.69278288805893,2.4524634577122963,7553.474767463308,1998.84,271.32,0.0
2026-02-16 08:00:00,22.0,42.25553971604011,1.827178093288764,8188.602123522871,3687.4702,2247.8702,0.0
2026-02-16 09:00:00,22.0,38.66961133280377,5.811542963551363,4141.523350202333,3024.2094,2160.4494,0.0
2026-02-16 10:00:00,22.0,38.07464550630455,6.4726161041060575,3470.044918415314,4009.6591,3145.8991,0.0
2026-02-16 11:00:00,22.0,39.19001273322156,5.233319185309384,4728.84837071385,5863.9188,4856.1988,0.0
2026-02-16 12:00:00,22.0,37.21332996073587,7.429633376960145,2497.9641936865023,6808.8191,5657.1391,0.0
2026-02-16 13:00:00,22.0,41.96729205007982,2.1474532776890896,7863.285807720085,3211.1502,2203.4302,0.0
2026-02-16 14:00:00,22.0,40.254644669101836,4.050394812109068,5930.391973548333,1302.87,439.11,0.0
2026-02-16 15:00:00,22.0,39.8603781229081,4.488468752324328,5485.422749514085,1227.9,364.14,0.0
2026-02-16 16:00:00,22.0,42.410108494425316,1.6554350061940943,8363.048446808412,863.76,0.0,0.0
2026-02-16 17:00:00,22.0,44.31593490498462,-0.4621498944273603,10513.964133765647,1439.6,0.0,0.0
2026-02-16 18:00:00,22.0,42.6542127370692,1.3842080699231063,8638.544495056301,1727.52,0.0,0.0
2026-02-16 19:00:00,22.0,41.782512405659745,2.3527639937114007,7654.7435010275885,2015.44,0.0,0.0
2026-02-16 20:00:00,22.0,41.592204895432275,2.564216782853025,7439.962444984866,1727.52,0.0,0.0
2026-02-16 21:00:00,22.0,45.63070260204124,-1.9230028911569343,11997.810956663745,1439.6,0.0,0.0
2026-02-16 22:00:00,22.0,43.897902945905116,0.0023300601054336,10042.173264748515,1151.68,0.0,0.0
2026-02-16 23:00:00,22.0,44.431557306104445,-0.5906192290049381,10644.455575669477,863.76,0.0,0.0
2026-02-17 00:00:00,22.0,43.50650528619791,0.437216348668993,9600.441866002959,575.84,0.0,0.0
2026-02-17 01:00:00,22.0,46.207676829277844,-2.5640853658642766,12648.984069522976,575.84,0.0,0.0
2026-02-17 02:00:00,22.0,48.454992344956395,-5.061102605507102,15185.304360517788,575.84,0.0,0.0
2026-02-17 03:00:00,22.0,44.51924987791063,-0.6880554199007006,10743.425412209941,575.84,0.0,0.0
2026-02-17 04:00:00,22.0,45.7248287337455,-2.027587481939446,12104.04170890517,575.84,0.0,0.0
2026-02-17 05:00:00,22.0,44.334057758680686,-0.4822863985340981,10534.417586447023,575.84,0.0,0.0
2026-02-17 06:00:00,22.0,42.64219445929572,1.3975617118936352,8624.980666761154,1439.6,0.0,0.0
2026-02-17 07:00:00,22.0,41.778321174059386,2.357420917711797,7650.013277043424,2016.69,289.17,0.0
2026-02-17 08:00:00,22.0,40.04519331958757,4.283118533791589,5694.00518048653,2092.91,653.31,0.0
2026-02-17 09:00:00,22.0,38.28873421817312,6.234739757585425,3711.665438630182,2783.0884,1919.3284,0.0
2026-02-17 10:00:00,22.0,39.64423259627276,4.728630448585822,5241.480908153435,3435.3366,2571.5766,0.0
2026-02-17 11:00:00,22.0,37.91041151346495,6.655098318372282,3284.6904340965434,3977.8366,2970.1166,0.0
2026-02-17 12:00:00,22.0,38.473331182125094,6.029632019861011,3920.001572146381,6009.6664,4857.9864,0.0
2026-02-17 13:00:00,22.0,36.938777112778155,7.734692096913164,2188.1038494814256,4704.4581,3696.7381,0.0
2026-02-17 14:00:00,22.0,39.32177387836739,5.086917912925122,4877.5539991254345,1634.88,771.12,0.0
2026-02-17 15:00:00,22.0,39.69648360412263,4.670573773197079,5300.451395612805,1113.66,249.9,0.0
2026-02-17 16:00:00,22.0,40.973920806398034,3.2511991040021866,6742.167022100823,982.165,118.405,0.0
2026-02-17 17:00:00,22.0,41.46029880955622,2.710779100493093,7291.093236465152,1439.6,0.0,0.0
2026-02-17 18:00:00,22.0,43.51027863102257,0.433023743308252,9604.700462972076,1727.52,0.0,0.0
2026-02-17 19:00:00,22.0,44.6204236774274,-0.80047075269711,10857.610162344561,2015.44,0.0,0.0
2026-02-17 20:00:00,22.0,42.503622306491096,1.551530770565451,8468.588135105852,1727.52,0.0,0.0
2026-02-17 21:00:00,22.0,46.595347442003856,-2.994830491115392,13086.509123045553,1439.6,0.0,0.0
2026-02-17 22:00:00,22.0,45.792104015080206,-2.10233779453356,12179.968591419522,1151.68,0.0,0.0
2026-02-17 23:00:00,22.0,43.749715959352855,0.1669822673857193,9874.929431725634,863.76,0.0,0.0
2026-02-18 00:00:00,22.0,46.33486143100649,-2.7054015900072144,12792.524611033923,575.84,0.0,0.0
2026-02-18 01:00:00,22.0,44.08560015800661,-0.2062223977851234,10254.008338326264,575.84,0.0,0.0
2026-02-18 02:00:00,22.0,46.281573750932296,-2.6461930565914376,12732.38413530219,575.84,0.0,0.0
2026-02-18 03:00:00,22.0,46.537678903701924,-2.9307543374465777,13021.424410717993,575.84,0.0,0.0
2026-02-18 04:00:00,22.0,46.77068653882148,-3.189651709801641,13284.396827713923,575.84,0.0,0.0
2026-02-18 05:00:00,22.0,40.66884523767828,3.59017195813524,6397.858735243712,575.84,0.0,0.0
2026-02-18 06:00:00,22.0,44.14636812694195,-0.2737423632688309,10322.591068066688,1547.295,107.695,0.0
2026-02-18 07:00:00,22.0,39.82331557540576,4.52964936066027,5443.593958402939,3236.8467,1509.3267,0.0
2026-02-18 08:00:00,22.0,42.09990464822809,2.000105946413236,8012.952385990224,5879.9237,4440.3237,0.0
2026-02-18 09:00:00,22.0,37.18312453543675,7.463194960625833,2463.8743506939127,5833.4691,4969.7091,0.0
2026-02-18 10:00:00,22.0,35.01009964206884,9.877667064367955,11.398456038890016,3775.8398,2912.0798,0.0
2026-02-18 11:00:00,22.0,41.65842113280196,2.4906431857755997,7514.694090480295,3492.44,2484.72,0.0
2026-02-18 12:00:00,22.0,40.45256158148587,3.830487131682372,6153.76100086495,3249.5962,2097.9162,0.0
2026-02-18 13:00:00,22.0,37.23102967051355,7.409967032762722,2517.940086141593,3056.9,2049.18,0.0
2026-02-18 14:00:00,22.0,38.05883128431755,6.490187461869385,3452.196987480786,1770.54,906.78,0.0
2026-02-18 15:00:00,22.0,38.155956249160084,6.382270834266573,3561.8122228020716,1213.62,349.86,0.0
2026-02-18 16:00:00,22.0,41.33275999072788,2.852488899191248,7147.152925535485,913.74,49.98,0.0
2026-02-18 17:00:00,22.0,37.59068994778886,7.010344502456819,2923.8526750745077,1439.6,0.0,0.0
2026-02-18 18:00:00,22.0,41.887510959958405,2.2360989333795493,7773.244869409057,1727.52,0.0,0.0
2026-02-18 19:00:00,22.0,45.222281200687405,-1.4692013340971226,11536.866563095808,2015.44,0.0,0.0
2026-02-18 20:00:00,22.0,44.3556673000773,-0.5062970000858887,10558.806114867242,1727.52,0.0,0.0
2026-02-18 21:00:00,22.0,46.81200482548347,-3.2355609172038537,13331.028646040646,1439.6,0.0,0.0
2026-02-18 22:00:00,22.0,42.353997008226585,1.717781101970457,8299.721023484526,1151.68,0.0,0.0
2026-02-18 23:00:00,22.0,46.76592924768086,-3.184365830756506,13279.027748932618,863.76,0.0,0.0
2026-02-19 00:00:00,22.0,44.81352972745968,-1.0150330305107556,11075.549650410998,575.84,0.0,0.0
2026-02-19 01:00:00,22.0,46.42454463560857,-2.8050495951206336,12893.741075747834,575.84,0.0,0.0
2026-02-19 02:00:00,22.0,46.3253886111965,-2.6948762346627806,12781.833586596373,575.84,0.0,0.0
2026-02-19 03:00:00,22.0,48.084041938577464,-4.648935487308291,14766.649731878528,575.84,0.0,0.0
2026-02-19 04:00:00,22.0,42.82328571461698,1.1963492059811345,8829.360257516724,575.84,0.0,0.0
2026-02-19 05:00:00,22.0,40.693222307636546,3.563086324848285,6425.370696398607,575.84,0.0,0.0
2026-02-19 06:00:00,22.0,43.748741646457276,0.1680648372696966,9873.829822191683,1478.87,39.27,0.0
2026-02-19 07:00:00,22.0,43.94966384462853,-0.0551820495872594,10100.590615047762,2170.2,442.68,0.0
2026-02-19 08:00:00,22.0,38.854031123071906,5.606632085475658,4349.659525498953,2557.01,1117.41,0.0
2026-02-19 09:00:00,22.0,42.51765001611968,1.5359444265336877,8484.419808192673,2173.95,1310.19,0.0
2026-02-19 10:00:00,22.0,36.78714926166916,7.903167487034272,2016.9766567198108,2002.59,1138.83,0.0
2026-02-19 11:00:00,22.0,40.25057824667768,4.054913059247032,5925.802609200427,2082.29,1074.57,0.0
2026-02-19 12:00:00,22.0,40.48592693708433,3.793414514350747,6191.417141193375,2554.69,1403.01,0.0
2026-02-19 13:00:00,22.0,38.17543466732303,6.360628147418856,3583.795565540774,2585.66,1577.94,0.0
2026-02-19 14:00:00,22.0,40.8509592593966,3.3878230451148803,6603.3926201550075,1934.76,1071.0,0.0
2026-02-19 15:00:00,22.0,40.82721553405621,3.414204962159771,6576.595451735837,1413.54,549.78,0.0
2026-02-19 16:00:00,22.0,39.662832521192186,4.7079638653420135,5262.472783417502,964.315,100.555,0.0
2026-02-19 17:00:00,22.0,45.54065364453089,-1.8229484939232083,11896.181703217566,1439.6,0.0,0.0
2026-02-19 18:00:00,22.0,39.14364535732902,5.284838491856645,4676.518150281533,1727.52,0.0,0.0
2026-02-19 19:00:00,22.0,42.95319632393075,1.0520040845213927,8975.977371188243,2015.44,0.0,0.0
2026-02-19 20:00:00,22.0,46.227338822326345,-2.5859320248070548,12671.174594877515,1727.52,0.0,0.0
2026-02-19 21:00:00,22.0,46.476626076987884,-2.8629178633198715,12952.520190488527,1439.6,0.0,0.0
2026-02-19 22:00:00,22.0,43.432727972754535,0.5191911413838508,9517.17679005077,1151.68,0.0,0.0
2026-02-19 23:00:00,22.0,44.49543769150726,-0.6615974350080664,10716.550978635098,863.76,0.0,0.0
2026-02-20 00:00:00,22.0,43.20379481688662,0.7735613145704225,9258.802830338242,575.84,0.0,0.0
2026-02-20 01:00:00,22.0,46.80627009528827,-3.229188994764743,13324.556429542343,575.84,0.0,0.0
2026-02-20 02:00:00,22.0,44.683840546752535,-0.8709339408361487,10929.182441064911,575.84,0.0,0.0
2026-02-20 03:00:00,22.0,43.87776217106095,0.0247086988211653,10019.44238625939,575.84,0.0,0.0
2026-02-20 04:00:00,22.0,42.64851849954597,1.390535000504474,8632.117978587585,575.84,0.0,0.0
2026-02-20 05:00:00,22.0,41.002642540191346,3.219286066454056,6774.582370859954,575.84,0.0,0.0
2026-02-20 06:00:00,22.0,43.39107503051983,0.5654721883113056,9470.16727944468,1475.3,35.7,0.0
2026-02-20 07:00:00,22.0,41.37375791959979,2.8069356448891214,7193.423188060323,2327.28,599.76,0.0
2026-02-20 08:00:00,22.0,41.39826954204426,2.77970050883971,7221.087005151154,3028.25,1588.65,0.0
2026-02-20 09:00:00,22.0,39.649116959769906,4.723203378033438,5246.993400796316,3262.8,2399.04,0.0
2026-02-20 10:00:00,22.0,37.725129538662664,6.860967179263705,3075.5811973346827,3537.69,2673.93,0.0
2026-02-20 11:00:00,22.0,41.599930925828616,2.555632304634868,7448.682042890177,4029.3476,3021.6276,0.0
2026-02-20 12:00:00,22.0,36.50313117497329,8.21874313891857,1696.433844074856,4118.35,2966.67,0.0
2026-02-20 13:00:00,22.0,40.673194849034104,3.585339056628773,6402.76770661989,3174.5944,2166.8744,0.0
2026-02-20 14:00:00,22.0,39.53557512183104,4.849360975743292,5118.850082498509,2873.67,2009.91,0.0
2026-02-20 15:00:00,22.0,37.3153201227894,7.316310974678439,2613.070290580119,3078.5694,2214.8094,0.0
2026-02-20 16:00:00,22.0,39.70958250762987,4.656019435966811,5315.23481811107,1042.26,178.5,0.0
2026-02-20 17:00:00,22.0,40.55709753075634,3.7143360769374034,6271.740273211603,1439.6,0.0,0.0
2026-02-20 18:00:00,22.0,44.225126881531196,-0.361252090590221,10411.478198496108,1727.52,0.0,0.0
2026-02-20 19:00:00,22.0,44.91110324685199,-1.1234480520577648,11185.671124397153,2015.44,0.0,0.0
2026-02-20 20:00:00,22.0,42.20573848599595,1.882512793337839,8132.396455295032,1727.52,0.0,0.0
2026-02-20 21:00:00,22.0,45.70604279414347,-2.006714215714968,12082.839897470323,1439.6,0.0,0.0
2026-02-20 22:00:00,22.0,46.108532825563714,-2.4539253617374523,12537.090146931208,1151.68,0.0,0.0
2026-02-20 23:00:00,22.0,43.84222072274217,0.0641991969531501,9979.330307686814,863.76,0.0,0.0
2026-02-21 00:00:00,22.0,47.589844381665145,-4.099827090739055,14208.898369147284,575.84,0.0,0.0
2026-02-21 01:00:00,22.0,45.09270973544538,-1.3252330393837572,11390.63220742366,575.84,0.0,0.0
2026-02-21 02:00:00,22.0,45.14045826652213,-1.3782869628023715,11444.521199596878,575.84,0.0,0.0
2026-02-21 03:00:00,22.0,44.65041871882541,-0.8337985764726743,10891.462566066355,575.84,0.0,0.0
2026-02-21 04:00:00,22.0,44.833184137379504,-1.0368712637550077,11097.73161744651,575.84,0.0,0.0
2026-02-21 05:00:00,22.0,44.07548788900307,-0.1949865433367397,10242.595631528868,575.84,0.0,0.0
2026-02-21 06:00:00,22.0,44.04105549483076,-0.1567283275897306,10203.735231465995,1453.88,14.28,0.0
2026-02-21 07:00:00,22.0,40.29945439075657,4.0006062324926965,5980.964225407869,2180.91,453.39,0.0
2026-02-21 08:00:00,22.0,41.50266854473013,2.663701616966528,7338.911719582423,2453.48,1013.88,0.0
2026-02-21 09:00:00,22.0,37.81067526962738,6.765916367080693,3172.128109301463,2593.96,1442.28,0.0
2026-02-21 10:00:00,22.0,39.3865076212392,5.014991531956449,4950.612501330558,2768.89,1617.21,0.0
2026-02-21 11:00:00,22.0,40.52787790631722,3.746802326314197,6238.763005069618,2767.8189,1472.1789,0.0
2026-02-21 12:00:00,22.0,38.92806498786716,5.524372235703159,4433.214145306877,2673.3399,1233.7399,0.0
2026-02-21 13:00:00,22.0,39.36220998380501,5.041988906883324,4923.190187722334,2830.74,1535.1,0.0
2026-02-21 14:00:00,22.0,37.165922405265526,7.48230843859386,2444.460026582673,2176.27,1024.59,0.0
2026-02-21 15:00:00,22.0,40.21861592838119,4.090426746243125,5889.729936771012,1563.0678,411.3878,0.0
2026-02-21 16:00:00,22.0,40.797178686160585,3.4475792375993484,6542.695865200837,1280.2,128.52,0.0
2026-02-21 17:00:00,22.0,38.62746736774454,5.858369591394955,4093.9596712364923,1727.52,0.0,0.0
2026-02-21 18:00:00,22.0,41.185118821365975,3.0165346429266986,6980.525101793641,2015.44,0.0,0.0
2026-02-21 19:00:00,22.0,40.038877733562785,4.29013585159691,5686.877410098959,2159.4,0.0,0.0
2026-02-21 20:00:00,22.0,41.633718992684976,2.5180900081278117,7486.8152551442645,2015.44,0.0,0.0
2026-02-21 21:00:00,22.0,46.242477071324714,-2.602752301471898,12688.259622697075,1727.52,0.0,0.0
2026-02-21 22:00:00,22.0,43.43577991570378,0.515800093662462,9520.62121286329,1439.6,0.0,0.0
2026-02-21 23:00:00,22.0,42.831787048906385,1.1869032789929097,8838.954863395747,1151.68,0.0,0.0
2026-02-22 00:00:00,22.0,42.94093636181785,1.0656262646468395,8962.140777947623,575.84,0.0,0.0
2026-02-22 01:00:00,22.0,43.79876020420261,0.1124886619971015,9930.280766463065,575.84,0.0,0.0
2026-02-22 02:00:00,22.0,43.47615006278746,0.470944374680597,9566.18296086193,575.84,0.0,0.0
2026-02-22 03:00:00,22.0,45.19037429088756,-1.4337492120972892,11500.856424695703,575.84,0.0,0.0
2026-02-22 04:00:00,22.0,45.40728775182923,-1.6747641686991492,11745.66495671447,575.84,0.0,0.0
2026-02-22 05:00:00,22.0,43.665739736384495,0.2602891817950035,9780.153866483543,575.84,0.0,0.0
2026-02-22 06:00:00,22.0,45.096620202578976,-1.3295780028655255,11395.045560630633,1453.88,14.28,0.0
2026-02-22 07:00:00,22.0,38.75121986987185,5.720866811253494,4233.626745137374,1938.15,210.63,0.0
2026-02-22 08:00:00,22.0,40.80992732695188,3.433414081164576,6557.083981197891,2367.8,928.2,0.0
2026-02-22 09:00:00,22.0,37.230020275411505,7.411088582876109,2516.8008828294246,3718.3636,2566.6836,0.0
2026-02-22 10:00:00,22.0,41.1990077853749,3.0011024606945558,6996.200186574116,6840.9199,5689.2399,0.0
2026-02-22 11:00:00,22.0,36.673942167555374,8.028953147160694,1889.2111303029956,5491.2045,4195.5645,0.0
2026-02-22 12:00:00,22.0,39.39078518472277,5.010238683641361,4955.440159478122,5353.884,3914.284,0.0
2026-02-22 13:00:00,22.0,40.934531960315866,3.294964488537925,6697.712770412487,6621.6904,5326.0504,0.0
2026-02-22 14:00:00,22.0,36.053496052488455,8.71833771945727,1188.9756448384708,6598.2384,5446.5584,0.0
2026-02-22 15:00:00,22.0,37.56125458291503,7.043050463427738,2890.631922277907,2152.3441,1000.6641,0.0
2026-02-22 16:00:00,22.0,39.91877364366559,4.423584840371569,5551.327934240983,1387.3,235.62,0.0
2026-02-22 17:00:00,22.0,41.10716324438799,3.1031519506800103,6892.544437616287,1727.52,0.0,0.0
2026-02-22 18:00:00,22.0,41.30888196612558,2.879020037638237,7120.204186969333,2015.44,0.0,0.0
2026-02-22 19:00:00,22.0,42.681417122117736,1.353980975424739,8669.247364022078,2159.4,0.0,0.0
2026-02-22 20:00:00,22.0,45.32609671750865,-1.5845519083429414,11654.032755380262,2015.44,0.0,0.0
2026-02-22 21:00:00,22.0,45.38727849788443,-1.6525316643160324,11723.08251271237,1727.52,0.0,0.0
2026-02-22 22:00:00,22.0,41.68839935595432,2.457334048939652,7548.527513130043,1439.6,0.0,0.0
2026-02-22 23:00:00,22.0,40.767450837910225,3.480610180099754,6509.145015665481,1151.68,0.0,0.0
2026-02-23 00:00:00,22.0,42.88719669058477,1.125337010461366,8901.490184993976,575.84,0.0,0.0
2026-02-23 01:00:00,22.0,44.71652988234793,-0.9072554248310264,10966.075625217873,575.84,0.0,0.0
2026-02-23 02:00:00,22.0,45.82563971248746,-2.1395996805416244,12217.816979513347,575.84,0.0,0.0
2026-02-23 03:00:00,22.0,46.08231902128611,-2.4247989125401217,12507.505247423505,575.84,0.0,0.0
2026-02-23 04:00:00,22.0,45.218108338774364,-1.4645648208604047,11532.15707114075,575.84,0.0,0.0
2026-02-23 05:00:00,22.0,44.027630348005246,-0.1418114977836042,10188.583610758722,575.84,0.0,0.0
2026-02-23 06:00:00,22.0,38.22790472543362,6.302328082851539,3643.0132731243816,1553.84,114.24,0.0
2026-02-23 07:00:00,22.0,37.91694330414225,6.647840773175281,3292.0622130549446,2654.4062,926.8862,0.0
2026-02-23 08:00:00,22.0,38.95669889811629,5.492556779870788,4465.530376414042,3000.5196,1560.9196,0.0
2026-02-23 09:00:00,22.0,41.28351930527152,2.9072007719205377,7091.579887929436,2893.9443,2030.1843,0.0
2026-02-23 10:00:00,22.0,37.37480787829615,7.250213468559827,2680.2081714450383,4277.1462,3413.3862,0.0
2026-02-23 11:00:00,22.0,39.05217767667844,5.386469248135063,4573.287725899288,4331.8213,3324.1013,0.0
2026-02-23 12:00:00,22.0,42.37541698955942,1.6939811227117572,8323.89561441676,4939.3367,3787.6567,0.0
2026-02-23 13:00:00,22.0,38.105885878037085,6.437904579958792,3505.302801952655,3322.8444,2315.1244,0.0
2026-02-23 14:00:00,22.0,40.49775201987732,3.780275533469645,6204.762929633542,2877.7161,2013.9561,0.0
2026-02-23 15:00:00,22.0,41.0089117600905,3.2123202665661155,6781.657812438138,2173.0341,1309.2741,0.0
2026-02-23 16:00:00,22.0,40.750734388422416,3.499184012863985,6490.278830773539,1242.18,378.42,0.0
2026-02-23 17:00:00,22.0,42.06523278892727,2.0386302345252583,7973.821725583316,1439.6,0.0,0.0
2026-02-23 18:00:00,22.0,42.16166227438721,1.9314863617919844,8082.6520428734075,1727.52,0.0,0.0
2026-02-23 19:00:00,22.0,43.17994355240005,0.8000627195555062,9231.884293238694,2015.44,0.0,0.0
2026-02-23 20:00:00,22.0,47.27645636712573,-3.7516181856952615,13855.208655938102,1727.52,0.0,0.0
2026-02-23 21:00:00,22.0,41.909084032282465,2.2121288530194776,7797.59223883399,1439.6,0.0,0.0
2026-02-23 22:00:00,22.0,46.9877695549316,-3.430855061035113,13529.39671969581,1151.68,0.0,0.0
2026-02-23 23:00:00,22.0,47.291650067875494,-3.76850007541722,13872.356266604285,863.76,0.0,0.0
2026-02-24 00:00:00,22.0,46.29139585322254,-2.6571065035805947,12743.46935994696,575.84,0.0,0.0
2026-02-24 01:00:00,22.0,45.772335699905376,-2.0803729998948617,12157.658070913209,575.84,0.0,0.0
2026-02-24 02:00:00,22.0,42.59152778332667,1.4538580185259231,8567.798256262478,575.84,0.0,0.0
2026-02-24 03:00:00,22.0,44.16062219857275,-0.2895802206363876,10338.678213309211,575.84,0.0,0.0
2026-02-24 04:00:00,22.0,42.88036212860284,1.132930968219069,8893.776698341166,575.84,0.0,0.0
2026-02-24 05:00:00,22.0,42.53758342471917,1.5137961947564804,8506.91665313806,575.84,0.0,0.0
2026-02-24 06:00:00,22.0,41.683369151502205,2.462923164997546,7542.8504243853895,1439.6,0.0,0.0
2026-02-24 07:00:00,22.0,40.61073833207431,3.6547351865841,6332.27928157907,1784.64,57.12,0.0
2026-02-24 08:00:00,22.0,43.77892145662409,0.1345317148621228,9907.89075594595,1753.76,314.16,0.0
2026-02-24 09:00:00,22.0,40.00426886043958,4.328590155067133,5647.817835892111,1470.66,606.9,0.0
2026-02-24 10:00:00,22.0,36.890238547347934,7.788623836280069,2133.3232245368786,1677.72,813.96,0.0
2026-02-24 11:00:00,22.0,31.52647120590732,13.748365326769644,0.0,2860.55,1852.83,0.0
2026-02-24 12:00:00,22.0,40.66775607857112,3.59138213492098,6396.629510275363,2711.77,1560.09,0.0
2026-02-24 13:00:00,22.0,37.86112309677552,6.709863225804979,3229.0635270208545,2585.66,1577.94,0.0
2026-02-24 14:00:00,22.0,40.01019238654983,4.322008459389072,5654.5031274601415,1909.77,1046.01,0.0
2026-02-24 15:00:00,21.925193613594974,35.8686421607141,8.92373093253989,980.3495425819366,1495.65,631.89,0.0
2026-02-24 16:00:00,22.0,42.73680896942467,1.2924344784170372,8731.762602892686,992.28,128.52,0.0
2026-02-24 17:00:00,22.0,40.04336035506234,4.285155161041844,5691.936496723358,1439.6,0.0,0.0
2026-02-24 18:00:00,22.0,44.632979979107546,-0.8144221990083795,10871.781204420777,1727.52,0.0,0.0
2026-02-24 19:00:00,22.0,43.60516856487857,0.3275904834682517,9711.793242321954,2015.44,0.0,0.0
2026-02-24 20:00:00,22.0,43.961763995349656,-0.0686266614996168,10114.246845151623,1727.52,0.0,0.0
2026-02-24 21:00:00,22.0,42.72013938514027,1.3109562387330271,8712.94931006931,1439.6,0.0,0.0
2026-02-24 22:00:00,22.0,47.15659174070933,-3.618435267454809,13719.929438564552,1151.68,0.0,0.0
2026-02-24 23:00:00,22.0,44.38324348671535,-0.5369372074615024,10589.928599106946,863.76,0.0,0.0
2026-02-25 00:00:00,22.0,45.666200097901694,-1.9624445532241064,12037.873430491853,575.84,0.0,0.0
2026-02-25 01:00:00,22.0,45.08630487932588,-1.318116532584314,11383.403686807189,575.84,0.0,0.0
2026-02-25 02:00:00,22.0,43.49269256719073,0.4525638142325279,9584.852831331458,575.84,0.0,0.0
2026-02-25 03:00:00,22.0,46.95418645968109,-3.393540510756765,13491.49483839608,575.84,0.0,0.0
2026-02-25 04:00:00,22.0,42.440929048332535,1.6211899462971848,8397.8325239481,575.84,0.0,0.0
2026-02-25 05:00:00,22.0,44.055777297930035,-0.1730858865889324,10220.35025844384,575.84,0.0,0.0
2026-02-25 06:00:00,22.0,40.12742778104172,4.191746909953652,5786.8149936836835,1588.35,148.75,0.0
2026-02-25 07:00:00,22.0,40.56604769546274,3.704391449485843,6281.841429099252,8805.4024,7077.8824,0.0
2026-02-25 08:00:00,22.0,40.6771510867307,3.580943236965889,6407.232716484272,11121.5996,9681.9996,0.0
2026-02-25 09:00:00,22.0,40.616462332091906,3.648375186564547,6338.739387998926,10845.3899,9981.6299,0.0
2026-02-25 10:00:00,22.0,37.50037755653643,7.110691603848416,2821.926110307013,10510.015,9646.255,0.0
2026-02-25 11:00:00,22.0,36.352953991493685,8.385606676118128,1526.9438747997729,9729.4446,8721.7246,0.0
2026-02-25 12:00:00,22.0,39.45913277354833,4.934296918279631,5032.577248226649,10727.5227,9575.8427,0.0
2026-02-25 13:00:00,22.0,40.66207884376587,3.5976901735934788,6390.22218307416,11028.7535,10021.0335,0.0
2026-02-25 14:00:00,22.0,37.73272866907462,6.852523701028206,3084.157575917614,10707.1116,9843.3516,0.0
2026-02-25 15:00:00,22.0,42.161771283389086,1.9313652406787891,8082.775070432924,9889.8454,9026.0854,0.0
2026-02-25 16:00:00,22.0,42.64992238764935,1.3889751248340567,8633.702406701055,1241.585,377.825,0.0
2026-02-25 17:00:00,22.0,43.08111193358114,0.9098756293542856,9120.342928239677,1443.17,3.57,0.0
2026-02-25 18:00:00,22.0,42.847810869469754,1.1690990339225014,8857.039347283566,1727.52,0.0,0.0
2026-02-25 19:00:00,22.0,45.437145962956876,-1.7079399588409732,11779.362933793132,2015.44,0.0,0.0
2026-02-25 20:00:00,22.0,47.389839836886836,-3.877599818763154,13983.173239910484,1727.52,0.0,0.0
2026-02-25 21:00:00,22.0,46.689383962078395,-3.099315513420435,13192.638739601678,1439.6,0.0,0.0
2026-02-25 22:00:00,22.0,44.06123744979327,-0.1791527219925162,10226.512585836683,1151.68,0.0,0.0
2026-02-25 23:00:00,22.0,47.86611230446883,-4.406791449409807,14520.69434682352,863.76,0.0,0.0
2026-02-26 00:00:00,22.0,46.31248542031751,-2.68053935590834,12767.27104537034,575.84,0.0,0.0
2026-02-26 01:00:00,22.0,42.073275742382634,2.029693619574851,7982.899002853042,575.84,0.0,0.0
2026-02-26 02:00:00,22.0,45.30620488767274,-1.5624498751919351,11631.582836227457,575.84,0.0,0.0
2026-02-26 03:00:00,22.0,44.029028630758305,-0.1433651452870035,10190.161712673824,575.84,0.0,0.0
2026-02-26 04:00:00,22.0,45.6028720328528,-1.892080036503106,11966.401376277672,575.84,0.0,0.0
2026-02-26 05:00:00,22.0,39.137493825708816,5.291673526990201,4669.575531694971,575.84,0.0,0.0
2026-02-26 06:00:00,22.0,43.07433008044917,0.9174110217231426,9112.688928794938,1612.15,172.55,0.0
2026-02-26 07:00:00,22.0,41.57883986964366,2.5790668115070496,7424.8786768798345,9503.6548,7776.1348,0.0
2026-02-26 08:00:00,22.0,37.92929437965874,6.634117355934729,3306.001636882857,11224.9217,9785.3217,0.0
2026-02-26 09:00:00,22.0,39.88153722846494,4.464958635038952,5509.302916045535,10801.5721,9937.8121,0.0
2026-02-26 10:00:00,22.0,38.89610873756064,5.559879180488184,4397.148321210937,10766.6879,9902.9279,0.0
2026-02-26 11:00:00,22.0,39.129706002779784,5.300326663578014,4660.786194737265,9832.1302,8824.4102,0.0
2026-02-26 12:00:00,22.0,38.99469828050301,5.4503352438855455,4508.416479375696,10022.7333,8871.0533,0.0
2026-02-26 13:00:00,22.0,37.955763405868794,6.6047073268124565,3335.874579863521,10835.6549,9827.9349,0.0
2026-02-26 14:00:00,22.0,37.98701080581943,6.569987993533967,3371.1403954478096,8143.4785,7279.7185,0.0
2026-02-26 15:00:00,22.0,40.71226276391105,3.541930262321056,6446.85975535001,5806.3771,4942.6171,0.0
2026-02-26 16:00:00,22.0,41.678944821064476,2.4678390877061407,7537.857125053369,1387.36,523.6,0.0
2026-02-26 17:00:00,22.0,42.26469639757454,1.8170040026949572,8198.936354302627,1446.74,7.14,0.0
2026-02-26 18:00:00,22.0,44.62225722555958,-0.802508028399536,10859.679504766542,1727.52,0.0,0.0
2026-02-26 19:00:00,22.0,45.89452302770381,-2.216136697448678,12295.558689066524,2015.44,0.0,0.0
2026-02-26 20:00:00,22.0,43.36509913499516,0.5943342944498162,9440.850883755542,1727.52,0.0,0.0
2026-02-26 21:00:00,22.0,42.956111966556364,1.0487644816040351,8979.267965455514,1439.6,0.0,0.0
2026-02-26 22:00:00,22.0,43.649809925962586,0.2779889711526813,9762.175482441377,1151.68,0.0,0.0
2026-02-26 23:00:00,22.0,49.86491726628663,-6.6276858514295895,16776.545626731095,863.76,0.0,0.0
2026-02-27 00:00:00,22.0,46.141117156677865,-2.4901301740865214,12573.864823026639,575.84,0.0,0.0
2026-02-27 01:00:00,22.0,47.56109849470725,-4.067887216341392,14176.455761126606,575.84,0.0,0.0
2026-02-27 02:00:00,22.0,44.95896406554644,-1.1766267394960406,11239.686844375712,575.84,0.0,0.0
2026-02-27 03:00:00,22.0,45.39766674612846,-1.6640741623649522,11734.80668968058,575.84,0.0,0.0
2026-02-27 04:00:00,22.0,42.834558568759746,1.183823812489177,8842.08280070225,575.84,0.0,0.0
2026-02-27 05:00:00,22.0,43.06622412509149,0.9264176387872344,9103.540547578254,575.84,0.0,0.0
2026-02-27 06:00:00,22.0,45.5128034108522,-1.7920037898357783,11864.749929487794,1634.76,195.16,0.0
2026-02-27 07:00:00,22.0,42.9090060086701,1.1011044348110015,8926.104181385073,9173.8442,7446.3242,0.0
2026-02-27 08:00:00,22.0,40.289586793312026,4.011570229653307,5969.827654931953,10906.7765,9467.1765,0.0
2026-02-27 09:00:00,22.0,39.39221681511248,5.008647983208363,4957.055897535942,10893.658,10029.898,0.0
2026-02-27 10:00:00,22.0,41.51252680024322,2.6527479997297507,7350.037746754501,10559.2152,9695.4552,0.0
2026-02-27 11:00:00,22.0,41.38829449174237,2.790783898064029,7209.829163380441,9763.365,8755.645,0.0
2026-02-27 12:00:00,22.0,38.39875839236828,6.112490675146358,3835.83872162684,10781.6965,9630.0165,0.0
2026-02-27 13:00:00,22.0,41.1492681762503,3.056368693055218,6940.064063716092,11082.9257,10075.2057,0.0
2026-02-27 14:00:00,22.0,41.985841514077435,2.126842762136184,7884.220732787795,10746.3543,9882.5943,0.0
2026-02-27 15:00:00,22.0,40.355668510464845,3.9381460994835065,6044.407480910625,9919.6268,9055.8668,0.0
2026-02-27 16:00:00,22.0,41.17920296440957,3.023107817322698,6973.848465632641,1303.465,439.705,0.0
2026-02-27 17:00:00,22.0,42.74937229684167,1.2784752257314815,8745.94157421551,1446.74,7.14,0.0
2026-02-27 18:00:00,22.0,43.36672652210493,0.5925260865500748,9442.687552847628,1727.52,0.0,0.0
2026-02-27 19:00:00,22.0,43.00684426056877,0.992395266034706,9036.524432477914,2015.44,0.0,0.0
2026-02-27 20:00:00,22.0,45.19629322662367,-1.4403258073596374,11507.536535567478,1727.52,0.0,0.0
2026-02-27 21:00:00,22.0,44.51832977327486,-0.6870330814165098,10742.386982118005,1439.6,0.0,0.0
2026-02-27 22:00:00,22.0,45.902534818635175,-2.2250386873724226,12304.60079631166,1151.68,0.0,0.0
2026-02-27 23:00:00,22.0,45.27556269494467,-1.5284029943829616,11597.000057514553,863.76,0.0,0.0
2026-02-28 00:00:00,22.0,44.11922998221404,-0.2435888691267098,10291.962957926764,575.84,0.0,0.0
