timestamp,T_room,T_supply,T_amb,Q_heat,Q_gains,SOC
2025-12-01 00:00:00,21.260280722466742,40.9103504962384,2.281940592660708,6670.42157005466,575.84,49.0
2025-12-01 01:00:00,21.805179805484318,44.4096396529024,-1.834870179885176,10619.719312265648,575.84,48.019999999999996
2025-12-01 02:00:00,22.0,44.01144410441097,-1.3664048287187849,10170.315816238222,575.84,47.059599999999996
2025-12-01 03:00:00,22.0,44.687459884062825,-2.161717510662146,10933.267225153306,575.84,46.118407999999995
2025-12-01 04:00:00,22.0,42.00554581348128,0.9934755135514372,7906.45900509497,575.84,45.19603983999999
2025-12-01 05:00:00,22.0,43.99858782443637,-1.3512797934545469,10155.806218658889,575.84,44.29211904319999
2025-12-01 06:00:00,22.0,37.46968259852752,6.329785178202915,2787.2837806981593,1439.6,43.40627666233599
2025-12-01 07:00:00,22.0,38.03051802874301,5.669978789714106,3420.242647239362,1727.52,42.53815112908927
2025-12-01 08:00:00,22.0,37.77669604316502,5.968592890394092,3133.7791543160392,1439.6,41.687388106507484
2025-12-01 09:00:00,22.0,41.10956625380841,2.047569113166571,6895.256474048172,863.76,40.85364034437733
2025-12-01 10:00:00,22.0,37.85631106735473,5.874928156053256,3223.63267061655,863.76,40.03656753748979
2025-12-01 11:00:00,21.854519790652702,35.81040531399336,8.281876101184281,914.6234373729027,1007.72,39.235836186739995
2025-12-01 12:00:00,21.804338569447978,36.741720821091846,7.186210798715479,1965.7061186842577,1151.68,38.45111946300519
2025-12-01 13:00:00,21.976252250301176,39.56943766849459,3.859485095888723,5157.067352662991,1007.72,37.68209707374508
2025-12-01 14:00:00,22.0,39.31067301115762,4.163914104520445,4865.025560392489,863.76,36.92845513227018
2025-12-01 15:00:00,22.0,39.51412837857592,3.924554848734209,5094.645288060782,863.76,36.18988602962478
2025-12-01 16:00:00,21.923179228508292,37.74481296828405,2.793124331022785,3106.2000117611497,863.76,9.8
2025-12-01 17:00:00,21.977172227512074,37.671091225943904,6.092833851830699,3014.5935576002908,1439.6,9.604
2025-12-01 18:00:00,22.0,44.41572233599953,-1.842026277646512,10626.584228409074,1727.52,9.41192
2025-12-01 19:00:00,22.0,40.91492221592855,2.27656209890759,6675.581212896961,2015.44,9.223681599999999
2025-12-01 20:00:00,22.0,45.04691573737837,-2.584606749856901,11338.94910120523,1727.52,9.039207968
2025-12-01 21:00:00,22.0,45.18829058470108,-2.750930099648324,11498.50475389364,1439.6,8.85842380864
2025-12-01 22:00:00,22.0,47.51103309654391,-5.483568348875188,14119.95195275946,1151.68,8.6812553324672
2025-12-01 23:00:00,22.0,45.3675403423529,-2.961812167474005,11700.806030379488,863.76,8.507630225817856
2025-12-02 00:00:00,22.0,41.98175619238334,1.021463303078427,7879.610038723835,575.84,8.337477621301497
2025-12-02 01:00:00,22.0,43.98394659719271,-1.3340548202267173,10139.282129591697,575.84,8.170728068875468
2025-12-02 02:00:00,22.0,50.0,-3.860824709135948,12929.000000000004,575.84,93.1
2025-12-02 03:00:00,22.0,49.794131775987566,1.205868224012435,12696.657122379569,575.84,93.1
2025-12-02 04:00:00,22.0,48.53739147286263,2.4626085271373714,11278.300016272766,575.84,93.1
2025-12-02 05:00:00,22.0,41.85310573558212,1.172816781668088,7734.41513317798,575.84,91.238
2025-12-02 06:00:00,22.0,37.690926431140596,6.0694983163051806,3036.979570185277,1439.6,89.41323999999999
2025-12-02 07:00:00,21.908529806681944,36.42511689923848,4.678404429659311,1629.15067376944,1727.52,9.8
2025-12-02 08:00:00,22.0,38.2894907376026,5.365305014585176,3712.519246458293,1439.6,9.604
2025-12-02 09:00:00,22.0,40.111580746148434,3.2216697104136096,5768.930030103123,863.76,9.41192
2025-12-02 10:00:00,21.95071362560387,37.13893620157663,6.718898586380436,2414.0033970993813,863.76,9.223681599999999
2025-12-02 11:00:00,21.946722838805858,37.497307018689526,6.29728586036526,2818.460701292999,1007.72,9.039207968
2025-12-02 12:00:00,21.904640778811988,36.866290695459256,7.039658005342053,2106.295678895316,1151.68,8.85842380864
2025-12-02 13:00:00,22.0,39.02964774315743,4.494532066873612,4547.860442927479,1007.72,8.6812553324672
2025-12-02 14:00:00,22.0,37.98774552372263,5.720299383855728,3371.9695980733604,863.76,8.507630225817856
2025-12-02 15:00:00,22.0,40.13450149433117,3.194704124316273,5794.798386502157,863.76,8.337477621301497
2025-12-02 16:00:00,22.0,43.10012456994225,-0.2942641999320639,9141.800589636827,863.76,8.170728068875468
2025-12-02 17:00:00,22.0,38.57289748006818,5.031885317566851,4032.3720960049463,1439.6,8.007313507497958
2025-12-02 18:00:00,22.0,43.70406126887218,-1.004777963379034,9823.403548049144,1727.52,7.847167237347999
2025-12-02 19:00:00,22.0,41.847767763218464,1.179096749154749,7728.390697568359,2015.44,7.690223892601039
2025-12-02 20:00:00,22.0,42.283896379936635,0.6660042588980807,8220.605454396487,1727.52,7.536419414749018
2025-12-02 21:00:00,22.0,42.99900592906707,-0.1753010930200788,9027.678091545093,1439.6,7.385691026454038
2025-12-02 22:00:00,22.0,44.57572079798412,-2.030259762334254,10807.158492604878,1151.68,7.237977205924956
2025-12-02 23:00:00,22.0,43.973088301406875,-1.3212803545963263,10127.0274569678,863.76,7.093217661806457
2025-12-03 00:00:00,22.0,43.74935598136523,-1.0580658604296758,9874.523160568797,575.84,6.951353308570328
2025-12-03 01:00:00,22.0,43.18470762260446,-0.3937736736523036,9237.261022871398,575.84,6.812326242398921
2025-12-03 02:00:00,22.0,41.147636095913846,2.0027810636307715,6938.222097848367,575.84,6.676079717550943
2025-12-03 03:00:00,22.0,43.15603299848731,-0.3600388217497791,9204.898842092782,575.84,6.542558123199924
2025-12-03 04:00:00,22.0,42.741116963469906,0.1280976900354039,8736.624604972138,575.84,6.411706960735924
2025-12-03 05:00:00,22.0,43.571423994443734,-0.8487341111102711,9673.709120129199,575.84,6.283472821521206
2025-12-03 06:00:00,22.0,40.40889124937112,2.871892647798674,6104.474664040251,1439.6,6.157803365090782
2025-12-03 07:00:00,22.0,39.13546397131246,4.37004238669122,4667.284638023244,1727.52,6.0346472977889665
2025-12-03 08:00:00,22.0,39.776915413278765,3.6153936314367456,5391.226735426415,1439.6,5.913954351833187
2025-12-03 09:00:00,22.0,37.81999568685288,5.917652133114264,3182.6471321821577,863.76,5.795675264796523
2025-12-03 10:00:00,22.0,38.70279115616679,4.879069228039071,4178.970098849839,863.76,5.679761759500593
2025-12-03 11:00:00,21.93059043649875,36.725164682065994,7.20568860933412,1947.0208601796814,1007.72,5.566166524310581
2025-12-03 12:00:00,21.83337718813331,36.198576066149435,7.825204628059487,1352.712948256253,1151.68,5.454843193824368
2025-12-03 13:00:00,21.73587074802431,36.338184817175346,7.660959038617244,1510.2753846640958,1007.72,5.345746329947882
2025-12-03 14:00:00,21.765094373619892,38.005178272692696,5.699790267420356,3391.644198560977,863.76,5.238831403348923
2025-12-03 15:00:00,22.0,40.513782801714726,2.748490821512087,6222.85527001524,863.76,5.134054775281945
2025-12-03 16:00:00,22.0,40.490252189491095,2.776173894716359,6196.29862105965,863.76,5.031373679776306
2025-12-03 17:00:00,22.0,39.258247796047385,4.2255908281795405,4805.85846261908,1439.6,4.93074620618078
2025-12-03 18:00:00,22.0,36.987019080241616,6.897624611480454,2242.549733960688,1727.52,4.832131282057165
2025-12-03 19:00:00,22.0,42.60921006495311,0.2832822765257531,8587.75447930608,2015.44,4.735488656416021
2025-12-03 20:00:00,22.0,42.07507594674016,0.9116753567762812,7984.930713490941,1727.52,4.6407788832877
2025-12-03 21:00:00,22.0,44.499452403749245,-1.9405322397049956,10721.0819828714,1439.6,4.547963305621946
2025-12-03 22:00:00,22.0,45.75023034809056,-3.412035703635955,12132.709970855009,1151.68,4.457004039509506
2025-12-03 23:00:00,22.0,45.58388477746435,-3.2163350323109983,11944.972359846264,863.76,4.367863958719317
2025-12-04 00:00:00,22.0,48.09020236039454,-6.164943953405343,14773.602383941283,575.84,4.2805066795449305
2025-12-04 01:00:00,22.0,42.13330820243966,0.8431668206592282,8050.651637273399,575.84,4.194896545954032
2025-12-04 02:00:00,22.0,47.88570780282193,-5.924362120966982,14542.809826264836,575.84,4.110998615034951
2025-12-04 03:00:00,22.0,44.00267104771534,-1.3560835855474551,10160.414544451532,575.84,4.0287786427342525
2025-12-04 04:00:00,22.0,44.85281742209509,-2.356255790700109,11119.889742576523,575.84,3.948203069879567
2025-12-04 05:00:00,22.0,43.53343111946432,-0.8040366111344919,9630.83036142743,575.84,3.8692390084819754
2025-12-04 06:00:00,22.0,38.80991147844426,4.753045319477335,4299.866094572196,1439.6,3.791854228312336
2025-12-04 07:00:00,22.0,39.92820136359806,3.437410160472867,5561.968058956775,1727.52,3.716017143746089
2025-12-04 08:00:00,22.0,41.091173470608894,2.069207681636599,6874.498378929198,1439.6,3.641696800871167
2025-12-04 09:00:00,22.0,39.74801606920981,3.649392859753168,5358.610935710193,863.76,3.568862864853744
2025-12-04 10:00:00,22.0,39.50683170188445,3.933139174253583,5086.410258746792,863.76,3.497485607556669
2025-12-04 11:00:00,22.0,37.93987983315127,5.776611960998512,3317.9483796945196,1007.72,3.4275358954055353
2025-12-04 12:00:00,22.0,37.45608413586092,6.345783369575385,2771.936555732634,1151.68,3.358985177497425
2025-12-04 13:00:00,21.797410853644713,34.64337507612862,9.654852851613391,0.0,1007.72,3.291805473947476
2025-12-04 14:00:00,22.0,41.46322492932901,1.6315000831423414,7294.39565524072,863.76,3.225969364468526
2025-12-04 15:00:00,22.0,38.80501787905426,4.7588024952302845,4294.34317830064,863.76,3.161449977179156
2025-12-04 16:00:00,22.0,39.98646507730869,3.368864614930956,5627.724486250584,863.76,3.0982209776355725
2025-12-04 17:00:00,22.0,38.6608827495329,4.928373235843648,4131.672271122834,1439.6,3.036256558082861
2025-12-04 18:00:00,22.0,40.54680919909673,2.709636236356787,6260.128862100568,1727.52,2.975531426921204
2025-12-04 19:00:00,22.0,41.02636899955316,2.145448235819808,6801.360052895701,2015.44,2.91602079838278
2025-12-04 20:00:00,22.0,42.26335348377436,0.6901723720301662,8197.420741787742,1727.52,2.857700382415124
2025-12-04 21:00:00,22.0,45.13854796901627,-2.692409375313268,11442.365237831767,1439.6,2.8005463747668218
2025-12-04 22:00:00,22.0,42.03533502882897,0.9584293778482724,7940.079113536373,1151.68,2.744535447271485
2025-12-04 23:00:00,22.0,43.0766894715362,-0.2666934959249354,9115.351737575755,863.76,2.6896447383260558
2025-12-05 00:00:00,22.0,42.99359935406794,-0.1689404165505139,9021.576231001078,575.84,2.6358518435595344
2025-12-05 01:00:00,22.0,42.28526251952066,0.6643970358580562,8222.147279531015,575.84,2.5831348066883435
2025-12-05 02:00:00,22.0,43.38443870175876,-0.6287514138338348,9462.677518804938,575.84,2.531472110554577
2025-12-05 03:00:00,22.0,41.03647596903453,2.133557683488796,6812.766778652368,575.84,2.480842668343485
2025-12-05 04:00:00,22.0,42.20801272796271,0.7552791435732824,8134.963164778716,575.84,2.4312258149766155
2025-12-05 05:00:00,22.0,42.40238435299041,0.5266066435406997,8354.330980784978,575.84,2.3826012986770833
2025-12-05 06:00:00,22.0,41.16122664782172,1.9867921790332703,6953.560394731595,1439.6,2.3349492727035415
2025-12-05 07:00:00,22.0,40.31054965248283,2.98758864413785,5993.486337792119,1727.52,2.2882502872494705
2025-12-05 08:00:00,22.0,40.33296524755392,2.9612173558189143,6018.784578389357,1439.6,2.242485281504481
2025-12-05 09:00:00,21.85364104945886,35.97162590173636,8.092204821486632,1096.5769926996559,863.76,2.1976355758743913
2025-12-05 10:00:00,21.85475029961774,37.701811505776675,6.0566923461450894,3049.2644654195556,863.76,2.1536828643569033
2025-12-05 11:00:00,21.870366328599747,37.704796781701226,6.053180256822086,3052.6336478280045,1007.72,2.110609207069765
2025-12-05 12:00:00,21.848753802082715,37.08993376662506,6.776548509852868,2358.6992490130415,1151.68,2.06839702292837
2025-12-05 13:00:00,21.703024895097375,32.80009951216402,11.823412338630568,0.0,1007.72,2.0270290824698023
2025-12-05 14:00:00,21.909705872253234,40.12944474775233,3.2006532379384365,5789.091342313281,863.76,1.9864885008204065
2025-12-05 15:00:00,22.0,40.18240241388341,3.1383501013136383,5848.859364308816,863.76,1.9467587308039984
2025-12-05 16:00:00,22.0,41.79697072965989,1.2388579651060074,7671.061165494152,863.76,1.9078235561879184
2025-12-05 17:00:00,22.0,40.66543395199175,2.570077703539112,6394.008758217891,1439.6,1.8696670850641601
2025-12-05 18:00:00,22.0,40.73261864634348,2.491036886654721,6469.833404263255,1727.52,1.8322737433628766
2025-12-05 19:00:00,22.0,42.8210330345284,0.0340787829077621,8826.817882768752,2015.44,1.7956282684956193
2025-12-05 20:00:00,22.0,43.76753555685801,-1.079453596303539,9895.040629469948,1727.52,1.759715703125707
2025-12-05 21:00:00,22.0,43.31207478276643,-0.5436173914899238,9381.007599830195,1439.6,1.7245213890631927
2025-12-05 22:00:00,22.0,44.948069675077576,-2.4683172647971485,11227.391435292555,1151.68,1.690030961281929
2025-12-05 23:00:00,22.0,43.906848903172005,-1.243351650790597,10052.269672119926,863.76,1.6562303420562905
2025-12-06 00:00:00,22.0,42.65580161053757,0.2284686934852087,8640.337697652705,575.84,1.6231057352151645
2025-12-06 01:00:00,22.0,50.0,-0.5096423655546605,12929.000000000004,575.84,93.1
2025-12-06 02:00:00,22.0,50.0,0.2979250791926502,12929.000000000004,575.84,93.1
2025-12-06 03:00:00,22.0,49.65659030173275,1.3434096982672492,12541.427814535582,575.84,93.1
2025-12-06 04:00:00,22.0,50.0,0.565656320237406,12929.000000000004,575.84,93.1
2025-12-06 05:00:00,22.0,50.0,0.6474417675037147,12929.000000000004,575.84,93.1
2025-12-06 06:00:00,22.0,50.0,0.4554938582336088,12929.000000000004,1439.6,93.1
2025-12-06 07:00:00,22.0,40.935018124832155,2.252919853138641,6698.261455685571,1727.52,91.238
2025-12-06 08:00:00,22.0,40.340265405550724,2.952628934646211,6027.023536704548,1439.6,89.41323999999999
2025-12-06 09:00:00,22.0,37.50199398871019,6.291771777988013,2823.7504156583204,1151.68,87.6249752
2025-12-06 10:00:00,22.0,37.61598328432277,6.1576667243261465,2952.3987346866825,1151.68,85.87247569599998
2025-12-06 11:00:00,21.95551942129997,36.68136382400286,7.257219030584876,1897.5872117696258,1295.64,84.15502618207998
2025-12-06 12:00:00,22.0,39.72257265537026,3.679326287799697,5329.895498850873,1439.6,82.47192565843838
2025-12-06 13:00:00,21.85161320093524,35.43187806740733,8.727202273638431,487.4175868759154,1295.64,80.82248714526962
2025-12-06 14:00:00,21.9835935223287,38.9313802586944,4.61014087212423,4436.955759962504,1151.68,79.20603740236423
2025-12-06 15:00:00,22.0,40.61586523549266,2.6283938405968645,6338.065504777021,1151.68,77.62191665431693
2025-12-06 16:00:00,21.935007104680437,37.514904870750534,3.1215644703563745,2856.347171107667,1151.68,9.8
2025-12-06 17:00:00,21.882274496487288,36.04761305925266,8.002808165585101,1182.336098672554,1727.52,9.604
2025-12-06 18:00:00,22.0,41.80911867303567,1.224566267016865,7684.771334388058,2015.44,9.41192
2025-12-06 19:00:00,22.0,42.582648754849146,0.3145308766480659,8557.777384722747,2159.4,9.223681599999999
2025-12-06 20:00:00,22.0,43.17657795707045,-0.384209361259351,9228.085882349711,2015.44,9.039207968
2025-12-06 21:00:00,22.0,43.80681770786774,-1.1256678916090992,9939.374465099529,1727.52,8.85842380864
2025-12-06 22:00:00,22.0,45.42299568472922,-3.027053746740262,11763.392929785403,1439.6,8.6812553324672
2025-12-06 23:00:00,22.0,44.190685567932405,-1.5772771387440123,10372.607731968514,1151.68,8.507630225817856
2025-12-07 00:00:00,22.0,42.72148865606284,0.1511898163966605,8714.472097232521,575.84,8.337477621301497
2025-12-07 01:00:00,22.0,43.89985597306902,-1.235124674198859,10044.3774512057,575.84,8.170728068875468
2025-12-07 02:00:00,22.0,45.98346738099707,-3.6864322129377256,12395.941286193294,575.84,8.007313507497958
2025-12-07 03:00:00,22.0,44.13955109442156,-1.5171189346136067,10314.897365164177,575.84,7.847167237347999
2025-12-07 04:00:00,22.0,43.787596580172774,-1.1030548002032592,9917.681500382994,575.84,7.690223892601039
2025-12-07 05:00:00,22.0,41.939987657349405,1.0706027560595193,7832.47007008454,575.84,7.536419414749018
2025-12-07 06:00:00,22.0,46.33909665687537,4.660903343124634,8797.304486949544,1439.6,93.1
2025-12-07 07:00:00,22.0,48.262489411631684,2.737510588368317,10968.04554996752,1727.52,93.1
2025-12-07 08:00:00,22.0,47.17630973774078,3.8236902622592175,9742.183170014247,1439.6,93.1
2025-12-07 09:00:00,21.861606866290785,35.72384075197271,8.383716762385049,816.9266726763996,1151.68,91.238
2025-12-07 10:00:00,21.80910997257945,36.71596344129109,7.216513598481075,1936.6363398411218,1151.68,89.41323999999999
2025-12-07 11:00:00,22.0,43.988134130630655,7.011865869369343,6144.008179829758,1295.64,93.1
2025-12-07 12:00:00,21.846675367955292,34.421176253986985,9.916263230603551,0.0,1439.6,91.238
2025-12-07 13:00:00,21.835209065114675,37.033173057467344,6.843325814744299,2294.639112657645,1295.64,89.41323999999999
2025-12-07 14:00:00,22.0,41.58260976849469,1.4910473311827106,7429.13338472311,1151.68,87.6249752
2025-12-07 15:00:00,21.995199140910223,37.33030515556912,6.493758640506911,2629.9823985753105,1151.68,85.87247569599998
2025-12-07 16:00:00,22.0,42.156414377101704,0.8159830857626997,8076.729265996984,1151.68,84.15502618207998
2025-12-07 17:00:00,22.0,39.50160612006127,3.939286917574979,5080.512667101148,1727.52,82.47192565843838
2025-12-07 18:00:00,22.0,44.06336407601971,-1.4274871482584794,10228.912696195846,2015.44,80.82248714526962
2025-12-07 19:00:00,22.0,42.82363895102843,0.0310129987900779,8829.758920130686,2159.4,79.20603740236423
2025-12-07 20:00:00,22.0,43.46843370033678,-0.7275690592197412,9557.474274200093,2015.44,77.62191665431693
2025-12-07 21:00:00,22.0,44.86336553832824,-2.368665339209695,11131.794346557252,1727.52,76.0694783212306
2025-12-07 22:00:00,22.0,44.687534768092135,-2.1618056095201537,10933.351739268785,1439.6,74.54808875480599
2025-12-07 23:00:00,22.0,42.67879288476989,0.2014201355648315,8666.2856497513,1151.68,73.05712697970986
2025-12-08 00:00:00,22.0,45.763719950671245,-3.4279058243191067,12147.93433632757,575.84,71.59598444011567
2025-12-08 01:00:00,22.0,43.50740831421491,-0.7734215461351914,9601.461023422953,575.84,70.16406475131335
2025-12-08 02:00:00,22.0,45.7360907601995,-3.395400894352355,12116.75203196116,575.84,68.76078345628707
2025-12-08 03:00:00,22.0,43.87631233590088,-1.207426277530448,10017.80610229773,575.84,67.38556778716134
2025-12-08 04:00:00,22.0,42.299473247243334,0.6476785326549008,8238.185506838829,575.84,66.0378564314181
2025-12-08 05:00:00,22.0,43.724083061600126,-1.0283330136472024,9846.000143321904,575.84,64.71709930278975
2025-12-08 06:00:00,22.0,43.37992473594817,-0.6234408658213799,9457.583056991109,1439.6,63.42275731673396
2025-12-08 07:00:00,22.0,39.433822390667316,4.01903248156786,5004.011950107134,1727.52,62.154302170399276
2025-12-08 08:00:00,22.0,37.54076332112091,6.246160798681277,2867.505484217063,1439.6,60.9112161269913
2025-12-08 09:00:00,22.0,38.88024747709427,4.670297085771446,4379.247302648596,863.76,59.69299180445147
2025-12-08 10:00:00,22.0,38.982945568279305,4.549475802024346,4495.152368360024,863.76,58.49913196836244
2025-12-08 11:00:00,22.0,37.601204031546914,6.175054080533046,2935.718870003847,1007.72,57.329149328995186
2025-12-08 12:00:00,22.0,37.655684138098856,6.1109598375307606,2997.205118258369,1151.68,56.182566342415285
2025-12-08 13:00:00,21.991109800456087,37.45291787140804,6.349508386578775,2768.3631096711147,1007.72,55.05891501556698
2025-12-08 14:00:00,22.0,42.50353029766622,0.4076114145103267,8468.484293946092,863.76,53.957736715255635
2025-12-08 15:00:00,21.9291338578796,37.816847020310014,2.6902185424142635,3191.6237326479804,863.76,9.8
2025-12-08 16:00:00,22.0,40.88689117924265,2.3095397891262923,6643.945384893259,863.76,9.604
2025-12-08 17:00:00,22.0,40.01354027818177,3.3370114374332087,5658.281557955948,1439.6,9.41192
2025-12-08 18:00:00,22.0,40.834007597842145,2.371755767244533,6584.260974924646,1727.52,9.223681599999999
2025-12-08 19:00:00,22.0,40.94847792258571,2.237084796957989,6713.452183430232,2015.44,9.039207968
2025-12-08 20:00:00,22.0,42.41211102634226,0.5151634984208747,8365.308504329874,1727.52,8.85842380864
2025-12-08 21:00:00,22.0,45.76541267569273,-3.42989726552086,12149.844745786817,1439.6,8.6812553324672
2025-12-08 22:00:00,22.0,41.63457852297249,1.4299076200323668,7487.785321026753,1151.68,8.507630225817856
2025-12-08 23:00:00,22.0,42.27188669356481,0.6801333016884592,8207.051322357245,863.76,8.337477621301497
2025-12-09 00:00:00,22.0,46.688935393045774,-4.516394580053852,13192.132484591462,575.84,8.170728068875468
2025-12-09 01:00:00,22.0,43.86854880894672,-1.1982927164079076,10009.04418577727,575.84,8.007313507497958
2025-12-09 02:00:00,22.0,50.0,-2.6549503856237857,12929.000000000004,575.84,93.1
2025-12-09 03:00:00,22.0,50.0,-0.5506991463450934,12929.000000000004,575.84,93.1
2025-12-09 04:00:00,22.0,48.89337944071626,2.106620559283741,11680.068036792372,575.84,93.1
2025-12-09 05:00:00,22.0,38.40880750060294,5.224932352231835,3847.1801451804786,575.84,91.238
2025-12-09 06:00:00,22.0,39.872827901257565,3.50255541028522,5499.473569359289,1439.6,89.41323999999999
2025-12-09 07:00:00,22.0,39.7686261969642,3.6251456506303543,5381.8715258937955,1727.52,87.6249752
2025-12-09 08:00:00,21.953096876919446,37.375749635631614,3.320357663383405,2701.6195052369508,1439.6,9.8
2025-12-09 09:00:00,22.0,38.43620766324674,5.192696866768543,3878.103968740272,863.76,9.604
2025-12-09 10:00:00,21.84717754374706,35.893901408474775,8.183645401794381,1008.8571296046316,863.76,9.41192
2025-12-09 11:00:00,21.882692928422706,37.941857077108466,5.774285791637102,3320.179897224615,1007.72,9.223681599999999
2025-12-09 12:00:00,22.0,39.256391507291006,4.2277746973047,4803.76345512863,1151.68,9.039207968
2025-12-09 13:00:00,22.0,40.61932496199543,2.62432357412302,6341.970152108045,1007.72,8.85842380864
2025-12-09 14:00:00,21.96687944326313,37.333332252535484,6.490197349958256,2633.398780211548,863.76,8.6812553324672
2025-12-09 15:00:00,22.0,38.32544713039858,5.323003376001669,3753.0996313678374,863.76,8.507630225817856
2025-12-09 16:00:00,22.0,40.548043894545906,2.7081836534754067,6261.52233938451,863.76,8.337477621301497
2025-12-09 17:00:00,22.0,38.525791232949025,5.087304431824679,3979.2079855062702,1439.6,8.170728068875468
2025-12-09 18:00:00,22.0,41.867020669458974,1.1564462712247394,7750.119527551398,1727.52,8.007313507497958
2025-12-09 19:00:00,22.0,42.258879709450724,0.6954356359403264,8192.371640086089,2015.44,7.847167237347999
2025-12-09 20:00:00,22.0,42.87832902660651,-0.0333282665958859,8891.482139428106,1727.52,7.690223892601039
2025-12-09 21:00:00,22.0,44.15078271766901,-1.5303326090223646,10327.573375161246,1439.6,7.536419414749018
2025-12-09 22:00:00,22.0,43.69351576109282,-0.9923714836386116,9811.501887969356,1151.68,7.385691026454038
2025-12-09 23:00:00,22.0,42.47657206129673,0.4393269867097289,8438.059228379489,863.76,7.237977205924956
2025-12-10 00:00:00,22.0,46.49221922680132,-4.284963796236846,12970.11861936797,575.84,7.093217661806457
2025-12-10 01:00:00,22.0,43.603663573977016,-0.8866630282082557,9710.094709590461,575.84,6.951353308570328
2025-12-10 02:00:00,22.0,43.80181663453614,-1.1197842759248724,9933.730253737487,575.84,6.812326242398921
2025-12-10 03:00:00,22.0,43.29276454580826,-0.5208994656567774,9359.214066399205,575.84,6.676079717550943
2025-12-10 04:00:00,22.0,41.36786423121404,1.7436891397481815,7186.771571348169,575.84,6.542558123199924
2025-12-10 05:00:00,22.0,41.9461791304794,1.0633186700242343,7839.457766659052,575.84,6.411706960735924
2025-12-10 06:00:00,22.0,40.3336102547603,2.960458523811406,6019.5125335224775,1439.6,6.283472821521206
2025-12-10 07:00:00,22.0,39.05304537638048,4.467005439552377,4574.267011783012,1727.52,6.157803365090782
2025-12-10 08:00:00,22.0,40.307420840647026,2.9912695992387865,5989.955160754234,1439.6,6.0346472977889665
2025-12-10 09:00:00,22.0,38.23722506058228,5.426794046373787,3653.532203373165,863.76,5.913954351833187
2025-12-10 10:00:00,22.0,38.63185255939098,4.962526400716491,4098.908798528659,863.76,5.795675264796523
2025-12-10 11:00:00,22.0,38.09141121614099,5.598339745716482,3488.966698536722,1007.72,5.679761759500593
2025-12-10 12:00:00,22.0,38.297504374013165,5.355877207043336,3721.5634365112587,1151.68,5.566166524310581
2025-12-10 13:00:00,21.95885215470762,37.06501550365246,6.8058641133500455,2330.5764974221674,1007.72,5.454843193824368
2025-12-10 14:00:00,21.987727895086582,38.06671762180188,5.627391033174263,3461.0975079656,863.76,5.345746329947882
2025-12-10 15:00:00,22.0,38.075112085627396,5.617515193379538,3470.571499839079,863.76,5.238831403348923
2025-12-10 16:00:00,22.0,39.479779516922775,3.9649652742085033,5055.879162799045,863.76,5.134054775281945
2025-12-10 17:00:00,22.0,42.99702096785098,-0.1729658445305659,9025.437864316616,1439.6,5.031373679776306
2025-12-10 18:00:00,22.0,41.096673692630496,2.062736832199417,6880.705929502778,1727.52,4.93074620618078
2025-12-10 19:00:00,22.0,41.92197022958199,1.091799729903551,7812.135601106232,2015.44,4.832131282057165
2025-12-10 20:00:00,22.0,42.437586906839115,0.4851918743069215,8394.060583058626,1727.52,4.735488656416021
2025-12-10 21:00:00,22.0,44.56350268530002,-2.0158855121176726,10793.369130629608,1439.6,4.6407788832877
2025-12-10 22:00:00,22.0,46.12678489119846,-3.855041048468778,12557.689428206586,1151.68,4.547963305621946
2025-12-10 23:00:00,22.0,43.37231651306256,-0.6144900153677173,9448.996416642403,863.76,4.457004039509506
2025-12-11 00:00:00,22.0,45.01513114610809,-2.547213113068338,11303.077011497591,575.84,4.367863958719317
2025-12-11 01:00:00,22.0,44.143032928318334,-1.5212152097862817,10318.826962900073,575.84,4.2805066795449305
2025-12-11 02:00:00,22.0,44.57296850867719,-2.027021774914345,10804.05225889308,575.84,4.194896545954032
2025-12-11 03:00:00,22.0,43.56446815984937,-0.8405507762933795,9665.858765206,575.84,4.110998615034951
2025-12-11 04:00:00,22.0,43.61378509149087,-0.8985706958716163,9721.517854256595,575.84,4.0287786427342525
2025-12-11 05:00:00,22.0,43.67572685491008,-0.9714433587177392,9791.42532845152,575.84,3.948203069879567
2025-12-11 06:00:00,22.0,40.344656176693285,2.947463321537314,6031.9789610160415,1439.6,3.8692390084819754
2025-12-11 07:00:00,22.0,41.29531939663583,1.8290360039578428,7104.897471043202,1727.52,3.791854228312336
2025-12-11 08:00:00,22.0,39.17128248247882,4.327902961789621,4707.7094097256,1439.6,3.716017143746089
2025-12-11 09:00:00,22.0,38.048054566732205,5.649347568550345,3440.0343840139667,863.76,3.641696800871167
2025-12-11 10:00:00,22.0,39.20309524365815,4.290476183931591,4743.613291992586,863.76,3.568862864853744
2025-12-11 11:00:00,22.0,39.912457769051244,3.455932036410303,5544.199838151235,1007.72,3.497485607556669
2025-12-11 12:00:00,21.841043771409062,33.62565445644981,10.852171227706105,0.0,1151.68,3.4275358954055353
2025-12-11 13:00:00,21.94500043169917,38.7630643797244,4.808159553265421,4246.994458956956,1007.72,3.358985177497425
2025-12-11 14:00:00,21.89762498211051,37.14570445751094,6.710935932340072,2421.6420507468447,863.76,3.291805473947476
2025-12-11 15:00:00,21.71029329694024,35.448748909696526,8.707354223886437,506.4580194834996,863.76,3.225969364468526
2025-12-11 16:00:00,21.748624299731965,38.10715683034838,5.579815493707787,3506.737198731182,863.76,3.161449977179156
2025-12-11 17:00:00,22.0,40.78076802165827,2.434390562754981,6524.174789243522,1439.6,3.0982209776355725
2025-12-11 18:00:00,22.0,41.26409785880969,1.8657672249297776,7069.660843452619,1727.52,3.036256558082861
2025-12-11 19:00:00,22.0,43.445417026904614,-0.7004906198877798,9531.497656564548,2015.44,2.975531426921204
2025-12-11 20:00:00,22.0,41.35111607417184,1.7633928539154855,7167.869601310341,1727.52,2.91602079838278
2025-12-11 21:00:00,22.0,42.591502852334486,0.304114291371188,8567.770119144701,1439.6,2.857700382415124
2025-12-11 22:00:00,22.0,44.969010263912054,-2.49295325166124,11251.024983851146,1151.68,2.8005463747668218
2025-12-11 23:00:00,22.0,46.205844981450184,-3.948052919353162,12646.91664606468,863.76,2.744535447271485
2025-12-12 00:00:00,22.0,46.79609735402828,-4.642467475327383,13313.075473756315,575.84,2.6896447383260558
2025-12-12 01:00:00,22.0,42.75707400291569,0.1093247024521284,8754.633719690644,575.84,2.6358518435595344
2025-12-12 02:00:00,22.0,43.88985205364264,-1.223355357226633,10033.087027741087,575.84,2.5831348066883435
2025-12-12 03:00:00,22.0,43.18868934426858,-0.3984580520806867,9241.754793941522,575.84,2.531472110554577
2025-12-12 04:00:00,22.0,44.249012663966006,-1.6458972517247143,10438.435692552035,575.84,2.480842668343485
2025-12-12 05:00:00,22.0,44.51794002896606,-1.9622823870188952,10741.947116691095,575.84,2.4312258149766155
2025-12-12 06:00:00,22.0,39.513556922990226,3.925227149423265,5094.00034328677,1439.6,2.3826012986770833
2025-12-12 07:00:00,22.0,40.19854888375613,3.1193542544045445,5867.082270207171,1727.52,2.3349492727035415
2025-12-12 08:00:00,22.0,37.90770107790205,5.814469320115241,3281.6314365202506,1439.6,2.2882502872494705
2025-12-12 09:00:00,22.0,39.40192325904219,4.056560871715062,4968.010590155019,863.76,2.242485281504481
2025-12-12 10:00:00,22.0,38.608103960295566,4.990465929064038,4072.1061295895756,863.76,2.1976355758743913
2025-12-12 11:00:00,21.924609678316084,36.653245290362094,7.290299658397537,1865.852634702659,1007.72,2.1536828643569033
2025-12-12 12:00:00,21.85302567563917,36.50500826459411,7.464696159301049,1698.5523274209131,1151.68,2.110609207069765
2025-12-12 13:00:00,21.769324867818586,36.50999063205104,7.458834550528181,1704.175427332807,1007.72,2.06839702292837
2025-12-12 14:00:00,21.856121016090448,38.70735575740749,4.873699108932363,4184.121707810095,863.76,2.0270290824698023
2025-12-12 15:00:00,21.857110864272038,37.701106639959264,6.0575216000479255,3048.468953858025,863.76,1.9864885008204065
2025-12-12 16:00:00,21.846718923655335,37.56453090868958,6.218198930953438,2894.3295835470562,863.76,1.9467587308039984
2025-12-12 17:00:00,22.0,40.44812766651004,2.8257321570470157,6148.756884423231,1439.6,1.9078235561879184
2025-12-12 18:00:00,22.0,42.022930218415894,0.9730232724518932,7926.0790445041785,1727.52,1.8696670850641601
2025-12-12 19:00:00,22.0,39.74731382771007,3.650219026223448,5357.818385953589,2015.44,1.8322737433628766
2025-12-12 20:00:00,22.0,43.96255774703722,-1.308891467102613,10115.14267330621,1727.52,1.7956282684956193
2025-12-12 21:00:00,22.0,42.48405301093965,0.4305258694827654,8446.502228146486,1439.6,1.759715703125707
2025-12-12 22:00:00,22.0,44.193804300750855,-1.5809462361774762,10376.127533827417,1151.68,1.7245213890631927
2025-12-12 23:00:00,22.0,47.56480935740659,-5.546834538125394,14180.643840769077,863.76,1.690030961281929
2025-12-13 00:00:00,22.0,42.63139008528641,0.2571881349571603,8612.786850254246,575.84,1.6562303420562905
2025-12-13 01:00:00,22.0,49.122498979613354,-7.379410564251009,15938.652348391633,575.84,1.6231057352151645
2025-12-13 02:00:00,22.0,47.46750408635502,-5.432357748652972,14070.825111860278,575.84,1.590643620510861
2025-12-13 03:00:00,22.0,42.65770192091712,0.2262330342151535,8642.482387947062,575.84,1.5588307481006436
2025-12-13 04:00:00,22.0,41.953978962247206,1.054142397356231,7848.260656792198,575.84,1.5276541331386309
2025-12-13 05:00:00,22.0,43.11387051174038,-0.3104358961651543,9157.314259550194,575.84,1.4971010504758582
2025-12-13 06:00:00,22.0,40.89870244648448,2.29564418060649,6657.275581102383,1439.6,1.467159029466341
2025-12-13 07:00:00,22.0,44.573446324474034,-2.0275839111459266,10804.591521801396,1727.52,1.437815848877014
2025-12-13 08:00:00,22.0,38.24814171039998,5.4139509289411984,3665.852734357415,1439.6,1.4090595318994739
2025-12-13 09:00:00,22.0,38.32130361597462,5.327878098853384,3748.4232609889577,1151.68,1.3808783412614842
2025-12-13 10:00:00,22.0,38.28310647780036,5.372815908470163,3705.313970845486,1151.68,1.3532607744362546
2025-12-13 11:00:00,22.0,37.83042167098296,5.905386269431816,3194.4138978713663,1295.64,1.3261955589475296
2025-12-13 12:00:00,21.988940403635127,36.91146790047185,6.986508352386064,2157.2826724725282,1439.6,1.2996716477685788
2025-12-13 13:00:00,22.0,37.91498478056353,5.805900258160551,3289.851823343999,1295.64,1.2736782148132073
2025-12-13 14:00:00,22.0,41.391407981775984,1.7159906096753148,7213.3430482323765,1151.68,1.248204650516943
2025-12-13 15:00:00,21.802416767239567,35.01207214527745,9.221091593791236,13.624623160130495,1151.68,1.223240557506604
2025-12-13 16:00:00,21.808972972844067,37.408638606971635,6.401601638856903,2718.389531828188,1151.68,1.198775746356472
2025-12-13 17:00:00,22.0,42.45442117197464,0.4653868565004275,8413.059734690576,1727.52,1.1748002314293426
2025-12-13 18:00:00,22.0,41.736733291810204,1.3097255390468194,7603.077193136996,2015.44,1.1513042268007558
2025-12-13 19:00:00,22.0,42.43124287661384,0.4926554392778351,8386.900710546377,2159.4,1.1282781422647408
2025-12-13 20:00:00,22.0,41.01595573693476,2.1576991330179283,6789.607644704567,2015.44,1.105712579419446
2025-12-13 21:00:00,22.0,47.224920246077865,-5.146964995385725,13797.04498972348,1727.52,1.083598327831057
2025-12-13 22:00:00,22.0,44.94280042239774,-2.462118143997332,11221.444556718088,1439.6,1.0619263612744356
2025-12-13 23:00:00,22.0,47.42722976305659,-5.384976191831281,14025.371510585666,1151.68,1.040687834048947
2025-12-14 00:00:00,22.0,45.03466237690817,-2.5701910316566767,11325.119958578565,575.84,1.019874077367968
2025-12-14 01:00:00,22.0,45.23739932762717,-2.808705091326082,11553.928881160029,575.84,0.9994765958206087
2025-12-14 02:00:00,22.0,43.95900645831648,-1.30471348037233,10111.13468885598,575.84,0.9794870639041964
2025-12-14 03:00:00,22.0,44.58244953434988,-2.0381759227645566,10814.752544467272,575.84,0.9598973226261125
2025-12-14 04:00:00,22.0,44.126739765363894,-1.5020467827810482,10300.438499189691,575.84,0.9406993761735902
2025-12-14 05:00:00,22.0,40.97656837735122,2.2040372031162128,6745.155070678588,575.84,0.9218853886501184
2025-12-14 06:00:00,22.0,40.377056340397615,2.9093454818851607,6068.54578577275,1439.6,0.9034476808771161
2025-12-14 07:00:00,22.0,39.332638063928414,4.138072865966567,4889.815318949609,1727.52,0.8853787272595738
2025-12-14 08:00:00,22.0,39.75073015383443,3.6461998190183142,5361.6740516175405,1439.6,0.8676711527143823
2025-12-14 09:00:00,22.0,39.717792533748565,3.6849499602958113,5324.5006535886305,1151.68,0.8503177296600948
2025-12-14 10:00:00,22.0,38.40756284656822,5.226396651096213,3845.775428636892,1151.68,0.8333113750668928
2025-12-14 11:00:00,21.98317091954543,37.013876671500796,6.866027445293177,2272.8612114557986,1295.64,0.816645147565555
2025-12-14 12:00:00,22.0,41.450525491652144,1.6464405980563033,7280.06306987861,1439.6,0.8003122446142439
2025-12-14 13:00:00,21.998304664039534,37.19586190898671,6.651927165897989,2478.2497504823978,1295.64,0.7843059997219589
2025-12-14 14:00:00,22.0,37.679978708663754,6.082377989807351,3024.623970597913,1151.68,0.7686198797275198
2025-12-14 15:00:00,22.0,38.64018040362,4.952728936917644,4108.307603525533,1151.68,0.7532474821329693
2025-12-14 16:00:00,22.0,39.70383281718185,3.7013731562566496,5308.745717471434,1151.68,0.73818253249031
2025-12-14 17:00:00,22.0,44.63241820273653,-2.0969625914547434,10871.147183608451,1727.52,0.7234188818405037
2025-12-14 18:00:00,22.0,41.89775054727069,1.1202934737991883,7784.801267649701,2015.44,0.7089505042036937
2025-12-14 19:00:00,22.0,38.98793894451703,4.543601241744663,4500.787892781924,2159.4,0.6947714941196198
2025-12-14 20:00:00,22.0,42.828067797533876,0.0258025911366124,8834.757316296733,2015.44,0.6808760642372274
2025-12-14 21:00:00,22.0,44.07655578178128,-1.4430068020956246,10243.800855318354,1727.52,0.6672585429524828
2025-12-14 22:00:00,22.0,44.0657458403639,-1.4302892239575282,10231.600755434702,1439.6,0.6539133720934331
2025-12-14 23:00:00,22.0,43.831033932715215,-1.1541575679002565,9966.704896462394,1151.68,0.6408351046515645
2025-12-15 00:00:00,22.0,43.43000558402791,-0.6823595106210714,9514.104302133901,575.84,0.6280184025585331
2025-12-15 01:00:00,22.0,44.82324408675133,-2.321463631472157,11086.513276307553,575.84,0.6154580345073624
2025-12-15 02:00:00,22.0,43.37212304879783,-0.614262410350387,9448.778072873234,575.84,0.6031488738172152
2025-12-15 03:00:00,22.0,40.70385669133995,2.5248744807765293,6437.372661846269,575.84,0.5910858963408708
2025-12-15 04:00:00,22.0,41.13937364096438,2.0125015988654305,6928.8970911924,575.84,0.5792641784140534
2025-12-15 05:00:00,22.0,45.354675748696124,5.645324251303876,7686.287049978448,575.84,93.1
2025-12-15 06:00:00,22.0,50.0,0.6864592832965672,12929.000000000004,1439.6,93.1
2025-12-15 07:00:00,22.0,44.61234480458589,6.387655195414114,6848.492346455634,1727.52,93.1
2025-12-15 08:00:00,22.0,40.79414518786841,2.4186527201548107,6539.272259028287,1439.6,91.238
2025-12-15 09:00:00,22.0,38.14477449450695,5.535559418227116,3549.192494500541,863.76,89.41323999999999
2025-12-15 10:00:00,21.935858677553096,36.96030352742814,6.929054673613953,2212.398561055397,863.76,87.6249752
2025-12-15 11:00:00,22.0,38.73417341685477,4.842148921347328,4214.388118262297,1007.72,85.87247569599998
2025-12-15 12:00:00,22.0,37.60046072829373,6.175928554948551,2934.8799779523074,1151.68,84.15502618207998
2025-12-15 13:00:00,21.896736633482433,36.318068316449036,7.684625510059955,1487.5719019443823,1007.72,82.47192565843838
2025-12-15 14:00:00,22.0,39.41297415426315,4.043559818513939,4980.482630501396,863.76,80.82248714526962
2025-12-15 15:00:00,21.848340413074194,35.907885062734735,8.167194043841484,1024.639081802422,863.76,79.20603740236423
2025-12-15 16:00:00,22.0,41.8038142620365,1.2308067505453022,7678.784776134391,863.76,77.62191665431693
2025-12-15 17:00:00,21.99401909268372,36.97253979401317,6.914659065866852,2226.208411523267,1439.6,76.0694783212306
2025-12-15 18:00:00,22.0,39.447745570840695,4.002652269599185,5019.725651250809,1727.52,74.54808875480599
2025-12-15 19:00:00,22.0,42.182518233105796,0.7852726669343596,8106.190077883202,2015.44,73.05712697970986
2025-12-15 20:00:00,22.0,43.53453595910244,-0.8053364224734618,9632.077283443017,1727.52,71.59598444011567
2025-12-15 21:00:00,22.0,44.416111102779,-1.842483650328236,10627.022990596379,1439.6,70.16406475131335
2025-12-15 22:00:00,22.0,44.32533896130401,-1.7356928956517832,10524.57755172771,1151.68,68.76078345628707
2025-12-15 23:00:00,22.0,44.51659077401584,-1.9606950282539255,10740.424347554277,863.76,67.38556778716134
2025-12-16 00:00:00,22.0,50.0,0.5104524932691632,12929.000000000004,575.84,93.1
2025-12-16 01:00:00,22.0,48.926395104387105,2.0736048956128945,11717.329514811288,575.84,93.1
2025-12-16 02:00:00,22.0,50.0,-1.065341773829739,12929.000000000004,575.84,93.1
2025-12-16 03:00:00,22.0,50.0,-2.5196841007249984,12929.000000000004,575.84,93.1
2025-12-16 04:00:00,22.0,50.0,-1.0914520812723878,12929.000000000004,575.84,93.1
2025-12-16 05:00:00,22.0,50.0,0.5985422503673481,12929.000000000004,575.84,93.1
2025-12-16 06:00:00,22.0,50.0,-0.060244210593551,12929.000000000004,1439.6,93.1
2025-12-16 07:00:00,22.0,50.0,0.6773933761953255,12929.000000000004,1727.52,93.1
2025-12-16 08:00:00,21.903570498820024,35.884883738965854,8.194254424746054,998.6797877968631,1439.6,91.238
2025-12-16 09:00:00,21.94749558517635,38.23139394985711,5.433654176638698,3646.951211808732,863.76,89.41323999999999
2025-12-16 10:00:00,22.0,39.6218399543895,3.797835347777061,5216.20857252399,863.76,87.6249752
2025-12-16 11:00:00,21.91000533087575,36.47762612100905,7.496910445871698,1667.6488401708168,1007.72,85.87247569599998
2025-12-16 12:00:00,22.0,39.75318841217164,3.6433077503863087,5364.448441976912,1151.68,84.15502618207998
2025-12-16 13:00:00,22.0,39.72907267199796,3.6716792094141657,5337.2314176169,1007.72,82.47192565843838
2025-12-16 14:00:00,22.0,39.57068570894212,3.858016813009266,5158.47589111208,863.76,80.82248714526962
2025-12-16 15:00:00,21.85044261943656,35.933164366495184,8.137453686476256,1053.169304026465,863.76,79.20603740236423
2025-12-16 16:00:00,22.0,39.879896111823236,3.4942398684432523,5507.450751803704,863.76,77.62191665431693
2025-12-16 17:00:00,22.0,44.42091712438565,-1.8481377933948897,10632.44706658165,1439.6,76.0694783212306
2025-12-16 18:00:00,22.0,39.09288791360149,4.420131866351187,4619.233299290639,1727.52,74.54808875480599
2025-12-16 19:00:00,22.0,42.55083307242458,0.3519610912652019,8521.870205538384,2015.44,73.05712697970986
2025-12-16 20:00:00,22.0,45.99399360999329,-3.6988160117568105,12407.821188238428,1727.52,71.59598444011567
2025-12-16 21:00:00,22.0,44.092524985572055,-1.461794100673008,10261.823698716622,1439.6,70.16406475131335
2025-12-16 22:00:00,22.0,43.208779748638754,-0.4220938219279473,9264.4288243137,1151.68,68.76078345628707
2025-12-16 23:00:00,22.0,50.0,-1.0556049720903349,12929.000000000004,863.76,93.1
2025-12-17 00:00:00,22.0,41.4926945354198,1.5968299583296384,7327.655052674789,575.84,91.238
2025-12-17 01:00:00,22.0,50.0,-3.569239030296134,12929.000000000004,575.84,93.1
2025-12-17 02:00:00,22.0,50.0,-1.3706613746078098,12929.000000000004,575.84,93.1
2025-12-17 03:00:00,22.0,50.0,-2.227565681903034,12929.000000000004,575.84,93.1
2025-12-17 04:00:00,22.0,50.0,-3.084385788374446,12929.000000000004,575.84,93.1
2025-12-17 05:00:00,22.0,48.26422143579818,2.7357785642018264,10970.000312441825,575.84,93.1
2025-12-17 06:00:00,22.0,48.07346086170496,2.9265391382950403,10754.707928520218,1439.6,93.1
2025-12-17 07:00:00,22.0,39.78776188216338,3.6026330798077884,5403.468060209591,1727.52,91.238
2025-12-17 08:00:00,22.0,38.7244566714603,4.853580386517289,4203.421799410098,1439.6,89.41323999999999
2025-12-17 09:00:00,22.0,39.911140793536056,3.457481419369349,5542.713499584794,863.76,87.6249752
2025-12-17 10:00:00,22.0,39.915195275573836,3.452711440501368,5547.289388012632,863.76,85.87247569599998
2025-12-17 11:00:00,22.0,37.801851657929255,5.938998049494994,3162.1697811389577,1007.72,84.15502618207998
2025-12-17 12:00:00,21.86593944864609,35.775940615900254,8.322422804823228,875.7265791050265,1151.68,82.47192565843838
2025-12-17 13:00:00,21.667339600094778,35.13212106034614,9.079857576063366,149.11182870664987,1007.72,80.82248714526962
2025-12-17 14:00:00,21.602451888679486,36.85327802556027,7.054967028752621,2091.609579647323,863.76,79.20603740236423
2025-12-17 15:00:00,21.692413880741352,38.69624041845998,4.886775978282381,4171.576936273933,863.76,77.62191665431693
2025-12-17 16:00:00,21.804713347850782,38.99136732002011,4.539567858799872,4504.657157374697,863.76,76.0694783212306
2025-12-17 17:00:00,21.7764429711501,37.559075270657424,3.058463899060827,2905.83737376301,1439.6,9.8
2025-12-17 18:00:00,22.0,42.89410367748903,-0.0518866793988559,8909.285410414119,1727.52,9.604
2025-12-17 19:00:00,22.0,41.988084210390646,1.0140185760110028,7886.751839846884,2015.44,9.41192
2025-12-17 20:00:00,22.0,45.11920558990043,-2.669653635176985,11420.535428761628,1727.52,9.223681599999999
2025-12-17 21:00:00,22.0,43.765094340409426,-1.0765815769522675,9892.28547258608,1439.6,9.039207968
2025-12-17 22:00:00,22.0,41.31310768485335,1.8081086060548848,7124.973333125491,1151.68,8.85842380864
2025-12-17 23:00:00,22.0,43.035287130651135,-0.2179848595895697,9068.625055652872,863.76,8.6812553324672
2025-12-18 00:00:00,22.0,46.1193026132021,-3.84623836847306,12549.244929259894,575.84,8.507630225817856
2025-12-18 01:00:00,22.0,44.55727722777471,-2.0085614444408395,10786.34307926654,575.84,8.337477621301497
2025-12-18 02:00:00,22.0,45.512926102850145,-3.13285423864723,11864.888399676674,575.84,8.170728068875468
2025-12-18 03:00:00,22.0,50.0,-0.9534546611006098,12929.000000000004,575.84,93.1
2025-12-18 04:00:00,22.0,48.91778436695087,2.0822156330491266,11707.611436540752,575.84,93.1
2025-12-18 05:00:00,22.0,48.72926030379028,2.2707396962097244,11494.843178857707,575.84,93.1
2025-12-18 06:00:00,22.0,44.031711838509324,6.968288161490672,6193.1899809416245,1439.6,93.1
2025-12-18 07:00:00,22.0,45.57976901457477,5.420230985425226,7940.32730984909,1727.52,93.1
2025-12-18 08:00:00,22.0,39.10319935216793,4.408000762155383,4630.870788856723,1439.6,91.238
2025-12-18 09:00:00,21.988613074923816,37.59468198793914,6.182727073012776,2928.3580915881134,863.76,89.41323999999999
2025-12-18 10:00:00,22.0,38.54966702324458,5.059215266771083,4006.1542024338346,863.76,87.6249752
2025-12-18 11:00:00,22.0,39.78260941066421,3.60869481098328,5397.652980875625,1007.72,85.87247569599998
2025-12-18 12:00:00,21.8455021802723,35.530179816911215,8.611553156575042,598.360941365997,1151.68,84.15502618207998
2025-12-18 13:00:00,21.732096375317603,36.15056667983337,7.881686259019569,1298.529554859939,1007.72,82.47192565843838
2025-12-18 14:00:00,21.812150222518476,38.615305791942646,4.981993185949827,4080.2341167864706,863.76,80.82248714526962
2025-12-18 15:00:00,21.86237028764201,38.28014619118247,5.376298598608866,3701.9729913685333,863.76,79.20603740236423
2025-12-18 16:00:00,22.0,44.518121625230386,6.481878374769613,6742.152066235014,863.76,93.1
2025-12-18 17:00:00,22.0,38.831217822101195,4.727979032822124,4323.912434023409,1439.6,91.238
2025-12-18 18:00:00,22.0,43.63727212712449,-0.9262025024993972,9748.0253226727,1727.52,89.41323999999999
2025-12-18 19:00:00,22.0,41.61583071681587,1.4519638625695652,7466.626546998394,2015.44,87.6249752
2025-12-18 20:00:00,22.0,43.134973593330216,-0.3352630509767269,9181.131197432482,1727.52,85.87247569599998
2025-12-18 21:00:00,22.0,41.6620618674985,1.397574273531173,7518.803023658809,1439.6,84.15502618207998
2025-12-18 22:00:00,22.0,42.34171371693657,0.5979838624275691,8285.85810093461,1151.68,82.47192565843838
2025-12-18 23:00:00,22.0,42.192514501480154,0.7735123511998165,8117.471866370503,863.76,80.82248714526962
2025-12-19 00:00:00,22.0,46.45042037582435,-4.235788677440415,12922.944436155363,575.84,79.20603740236423
2025-12-19 01:00:00,22.0,45.767137417278434,-3.431926373268751,12151.791289140441,575.84,77.62191665431693
2025-12-19 02:00:00,22.0,50.0,0.764063257133123,12929.000000000004,575.84,93.1
2025-12-19 03:00:00,22.0,50.0,-2.0117187554310814,12929.000000000004,575.84,93.1
2025-12-19 04:00:00,22.0,50.0,-3.042865961828615,12929.000000000004,575.84,93.1
2025-12-19 05:00:00,22.0,48.97008320518195,2.029916794818048,11766.635905368352,575.84,93.1
2025-12-19 06:00:00,22.0,50.0,0.9055631194680543,12929.000000000004,1439.6,93.1
2025-12-19 07:00:00,22.0,44.38514227897312,6.614857721026884,6592.071576049066,1727.52,93.1
2025-12-19 08:00:00,22.0,38.94648625821961,4.592369107976927,4454.0043910266495,1439.6,91.238
2025-12-19 09:00:00,22.0,38.47339615667491,5.148945698029521,3920.0749024233023,863.76,89.41323999999999
2025-12-19 10:00:00,22.0,38.8332282428797,4.72561383190624,4326.181394914029,863.76,87.6249752
2025-12-19 11:00:00,21.800551707347783,35.161432122941314,9.045373973010216,182.19229395156654,1007.72,85.87247569599998
2025-12-19 12:00:00,21.78485189724546,37.1404574181873,6.717108919779642,2415.7202421661905,1151.68,84.15502618207998
2025-12-19 13:00:00,21.873324256992234,38.560301371482716,5.04670426884386,4018.156127855393,1007.72,82.47192565843838
2025-12-19 14:00:00,22.0,39.555455928362164,3.875934201926861,5141.287560749539,863.76,80.82248714526962
2025-12-19 15:00:00,22.0,38.87074113672491,4.681481015617754,4368.518446907733,863.76,79.20603740236423
2025-12-19 16:00:00,22.0,41.11199962316317,2.044706325690389,6898.002774701957,863.76,77.62191665431693
2025-12-19 17:00:00,22.0,38.52092359579722,5.093031063767972,3973.714370216744,1439.6,76.0694783212306
2025-12-19 18:00:00,22.0,44.22418149184119,-1.6166841080484675,10410.411231691973,1727.52,74.54808875480599
2025-12-19 19:00:00,22.0,42.267158601514794,0.6856957629237752,8201.715197669597,2015.44,73.05712697970986
2025-12-19 20:00:00,22.0,41.812772973350505,1.22026709017587,7688.8955777233805,1727.52,71.59598444011567
2025-12-19 21:00:00,22.0,42.97256004184784,-0.1441882845268742,8997.831263229476,1439.6,70.16406475131335
2025-12-19 22:00:00,22.0,45.313867426993724,-2.8986675611690917,11640.230778105119,1151.68,68.76078345628707
2025-12-19 23:00:00,22.0,43.31170800798169,-0.5431858917431749,9380.59365780814,863.76,67.38556778716134
2025-12-20 00:00:00,22.0,46.05626696025604,-3.772078776771816,12478.102891344966,575.84,66.0378564314181
2025-12-20 01:00:00,22.0,44.47220172542741,-1.9084726181498932,10690.326867317377,575.84,64.71709930278975
2025-12-20 02:00:00,22.0,50.0,-0.1604184711770431,12929.000000000004,575.84,93.1
2025-12-20 03:00:00,22.0,50.0,0.0973984342400365,12929.000000000004,575.84,93.1
2025-12-20 04:00:00,22.0,50.0,-1.3500780228389355,12929.000000000004,575.84,93.1
2025-12-20 05:00:00,22.0,47.640287147281356,3.359712852718644,10265.828074421739,575.84,93.1
2025-12-20 06:00:00,22.0,48.82661085702893,2.173389142971068,11604.713013242854,1439.6,93.1
2025-12-20 07:00:00,22.0,39.00692304805487,4.521267002288386,4522.21335203473,1727.52,91.238
2025-12-20 08:00:00,21.983872715027307,36.85052828865548,7.058202013346495,2088.506226576578,1439.6,89.41323999999999
2025-12-20 09:00:00,21.93919705015661,36.846052011048904,7.063468222295404,2083.4542996697937,1151.68,87.6249752
2025-12-20 10:00:00,21.85031475669069,36.30129363637013,7.704360427799842,1468.639998007332,1151.68,85.87247569599998
2025-12-20 11:00:00,21.880764888884094,37.53829630987306,6.249063164855217,2864.7212153227374,1295.64,84.15502618207998
2025-12-20 12:00:00,21.83012038649197,36.40031029445213,7.587870241821019,1580.3901983186777,1439.6,82.47192565843838
2025-12-20 13:00:00,21.85810849937896,37.50273801385783,6.290896454284905,2824.5901224399468,1295.64,80.82248714526962
2025-12-20 14:00:00,22.0,40.26136522235621,3.0454526795809285,5937.976789951221,1151.68,79.20603740236423
2025-12-20 15:00:00,22.0,38.23117249670717,5.433914709756275,3646.701279783709,1151.68,77.62191665431693
2025-12-20 16:00:00,22.0,39.01418632764461,4.512721967476931,4530.410689379706,1151.68,76.0694783212306
2025-12-20 17:00:00,22.0,39.277675332064334,4.202734903453722,4827.784379767808,1727.52,74.54808875480599
2025-12-20 18:00:00,22.0,41.36759485786277,1.74400604957321,7186.4675565839225,2015.44,73.05712697970986
2025-12-20 19:00:00,22.0,43.32445919984711,-0.5581872939377845,9394.984652947453,2159.4,71.59598444011567
2025-12-20 20:00:00,22.0,41.73393965860211,1.3130121663504553,7599.924298698344,2015.44,70.16406475131335
2025-12-20 21:00:00,22.0,45.786725944363084,-3.4549716992506845,12173.898900808179,1727.52,68.76078345628707
2025-12-20 22:00:00,22.0,41.61449384191109,1.453536656575185,7465.117749980859,1439.6,67.38556778716134
2025-12-20 23:00:00,22.0,44.82755851343131,-2.326539427566258,11091.382538258582,1151.68,66.0378564314181
2025-12-21 00:00:00,22.0,44.13260210750451,-1.5089436558876637,10307.054738529592,575.84,64.71709930278975
2025-12-21 01:00:00,22.0,43.48459894880416,-0.7465869985931293,9575.718373620379,575.84,63.42275731673396
2025-12-21 02:00:00,22.0,43.090316696631966,-0.2827255254493725,9130.731423818837,575.84,62.154302170399276
2025-12-21 03:00:00,22.0,45.94943636595221,-3.646395724649659,12357.533882613665,575.84,60.9112161269913
2025-12-21 04:00:00,22.0,49.35182683891147,1.6481731610885275,12197.471770395488,575.84,93.1
2025-12-21 05:00:00,22.0,49.42896852365754,1.5710314763424638,12284.5338757999,575.84,93.1
2025-12-21 06:00:00,22.0,50.0,0.7294772308827822,12929.000000000004,1439.6,93.1
2025-12-21 07:00:00,22.0,49.464057721481744,1.5359422785182553,12324.135544464298,1727.52,93.1
2025-12-21 08:00:00,22.0,47.668106164113695,3.331893835886309,10297.224616818718,1439.6,93.1
2025-12-21 09:00:00,22.0,40.953697811203575,2.230943751525206,6719.343349724356,1151.68,91.238
2025-12-21 10:00:00,21.824502759494035,35.277659062454966,8.908636397111806,313.3660178866741,1151.68,89.41323999999999
2025-12-21 11:00:00,21.672726712207428,35.339394937873486,8.83600595544296,383.0411268840163,1295.64,87.6249752
2025-12-21 12:00:00,21.67556334954423,36.9821096583409,6.903400401951878,2237.0089604035434,1439.6,85.87247569599998
2025-12-21 13:00:00,21.769118027754047,38.24562949839872,5.416906472472091,3663.0174518927965,1295.64,84.15502618207998
2025-12-21 14:00:00,21.870623168809235,38.54059720662648,5.0698856392629645,3995.9180073986454,1151.68,82.47192565843838
2025-12-21 15:00:00,21.879539691826203,37.45712524346999,6.344558537094126,2773.1115497802293,1151.68,80.82248714526962
2025-12-21 16:00:00,21.80545843299939,36.461694270846685,7.515653799003902,1649.668154077569,1151.68,79.20603740236423
2025-12-21 17:00:00,22.0,41.239689703965894,1.8944827012165972,7042.113799895908,1727.52,77.62191665431693
2025-12-21 18:00:00,22.0,43.04989627245965,-0.2351720852466479,9085.11293309796,2015.44,76.0694783212306
2025-12-21 19:00:00,22.0,39.39899543823661,4.060005366780459,4964.70625159384,2159.4,74.54808875480599
2025-12-21 20:00:00,22.0,45.88813559889357,-3.574277175168902,12288.349836911284,2015.44,73.05712697970986
2025-12-21 21:00:00,22.0,45.268665430063756,-2.845488741251481,11589.215804369956,1727.52,71.59598444011567
2025-12-21 22:00:00,22.0,44.51414479013554,-1.957817400159459,10737.66381014697,1439.6,70.16406475131335
2025-12-21 23:00:00,22.0,47.08688470465138,-4.984570240766336,13641.258077669552,1151.68,68.76078345628707
2025-12-22 00:00:00,22.0,42.65934659322878,0.2242981256131964,8644.338565118005,575.84,67.38556778716134
2025-12-22 01:00:00,22.0,42.97740884952417,-0.1498927641460732,9003.303627572976,575.84,66.0378564314181
2025-12-22 02:00:00,22.0,45.07163485913313,-2.6136880695683886,11366.847102017648,575.84,64.71709930278975
2025-12-22 03:00:00,22.0,49.2691988863907,1.7308011136093056,12104.217863180542,575.84,93.1
2025-12-22 04:00:00,22.0,48.10141514319235,2.898584856807653,10786.257130606886,575.84,93.1
2025-12-22 05:00:00,22.0,50.0,0.73838252300979,12929.000000000004,575.84,93.1
2025-12-22 06:00:00,22.0,49.90133635513601,1.098663644863985,12817.648210406503,1439.6,93.1
2025-12-22 07:00:00,22.0,43.44551976410496,7.554480235895039,5531.613605768856,1727.52,93.1
2025-12-22 08:00:00,22.0,45.55767635583169,5.44232364416831,7915.393535191644,1439.6,93.1
2025-12-22 09:00:00,22.0,38.31008503391869,5.341076430683897,3735.761969280633,863.76,91.238
2025-12-22 10:00:00,22.0,42.80880649158302,8.19119350841698,4813.019006400598,863.76,93.1
2025-12-22 11:00:00,22.0,44.532435424837686,6.467564575162315,6758.306620471814,1007.72,93.1
2025-12-22 12:00:00,22.0,46.01124117183838,4.988758828161624,8427.286786536795,1151.68,93.1
2025-12-22 13:00:00,22.0,44.97597717386862,6.02402282613138,7258.887838428127,1007.72,93.1
2025-12-22 14:00:00,22.0,43.458589810222776,7.541410189777226,5546.364459817427,863.76,93.1
2025-12-22 15:00:00,22.0,50.0,0.8440559920477626,12929.000000000004,863.76,93.1
2025-12-22 16:00:00,22.0,47.576061478878444,3.423938521121558,10193.342985062212,863.76,93.1
2025-12-22 17:00:00,22.0,37.9188176690627,5.801390977573294,3294.1776213041608,1439.6,91.238
2025-12-22 18:00:00,22.0,42.02017628185898,0.9762631978129652,7922.9709517060455,1727.52,89.41323999999999
2025-12-22 19:00:00,22.0,39.40160020061517,4.056940940452736,4967.645986414283,2015.44,87.6249752
2025-12-22 20:00:00,22.0,40.44493550708832,2.829487638719627,6145.154213299876,1727.52,85.87247569599998
2025-12-22 21:00:00,22.0,43.66556255236547,-0.9594853557240912,9779.953896599673,1439.6,84.15502618207998
2025-12-22 22:00:00,22.0,45.061003191178386,-2.6011802249157547,11354.848201563927,1151.68,82.47192565843838
2025-12-22 23:00:00,22.0,44.92265789543721,-2.438421053455542,11198.711700790438,863.76,80.82248714526962
2025-12-23 00:00:00,22.0,40.02015536359756,3.329228984002869,5665.747343356207,575.84,79.20603740236423
2025-12-23 01:00:00,22.0,41.247626249596316,1.8851455887102144,7051.070985294403,575.84,77.62191665431693
2025-12-23 02:00:00,22.0,50.0,-1.2133196715242778,12929.000000000004,575.84,93.1
2025-12-23 03:00:00,22.0,50.0,-2.044734227987009,12929.000000000004,575.84,93.1
2025-12-23 04:00:00,22.0,50.0,0.2340820711625265,12929.000000000004,575.84,93.1
2025-12-23 05:00:00,22.0,49.547622327176555,1.4523776728234463,12418.446558451462,575.84,93.1
2025-12-23 06:00:00,22.0,50.0,-0.486717475218708,12929.000000000004,1439.6,93.1
2025-12-23 07:00:00,22.0,40.133945088985485,3.195358718840603,5794.170427429019,1727.52,91.238
2025-12-23 08:00:00,22.0,37.20191264782006,6.64480864962346,2485.078614329719,1439.6,89.41323999999999
2025-12-23 09:00:00,22.0,41.80474330203374,1.229713762313243,7679.833290675282,863.76,87.6249752
2025-12-23 10:00:00,22.0,43.88273045458775,7.117269545412251,6025.049591047737,863.76,93.1
2025-12-23 11:00:00,22.0,42.386700754734164,8.613299245265832,4336.63047179298,1007.72,93.1
2025-12-23 12:00:00,22.0,46.12111469018873,4.878885309811263,8551.290039347006,1151.68,93.1
2025-12-23 13:00:00,22.0,41.74794517846162,9.252054821538383,3783.434999879549,1007.72,93.1
2025-12-23 14:00:00,22.0,46.916572509758936,4.083427490241064,9449.043734513936,863.76,93.1
2025-12-23 15:00:00,22.0,37.99599641880305,5.710592448466997,3381.2815582611256,863.76,91.238
2025-12-23 16:00:00,22.0,39.97151356392817,3.3864546306727394,5610.850208249333,863.76,89.41323999999999
2025-12-23 17:00:00,22.0,40.79190905382785,2.4212834660848768,6536.748558150113,1439.6,87.6249752
2025-12-23 18:00:00,22.0,42.199408418588675,0.7654018604839095,8125.2523412191795,1727.52,85.87247569599998
2025-12-23 19:00:00,22.0,40.842406435883134,2.3618747813139565,6593.739903537707,2015.44,84.15502618207998
2025-12-23 20:00:00,22.0,41.407030721856536,1.697610915462899,7230.974872687288,1727.52,82.47192565843838
2025-12-23 21:00:00,22.0,43.663680795315486,-0.957271523900566,9777.830145593058,1439.6,80.82248714526962
2025-12-23 22:00:00,22.0,46.40643233610996,-4.184038042482301,12873.2995345337,1151.68,79.20603740236423
2025-12-23 23:00:00,22.0,43.74875852610437,-1.0573629718874935,9873.84887256139,863.76,77.62191665431693
2025-12-24 00:00:00,22.0,43.83257558900182,-1.1559712811786125,9968.444809747456,575.84,76.0694783212306
2025-12-24 01:00:00,22.0,44.80256332873976,-2.297133327929128,11063.172972815693,575.84,74.54808875480599
2025-12-24 02:00:00,22.0,40.920193184659716,2.2703609592238627,6681.530028206957,575.84,73.05712697970986
2025-12-24 03:00:00,22.0,46.21284280636537,-3.956285654547498,12654.81439126396,575.84,71.59598444011567
2025-12-24 04:00:00,22.0,46.61938230743107,-4.434567420507136,13113.634872166704,575.84,70.16406475131335
2025-12-24 05:00:00,22.0,43.27240408283461,-0.4969459798054247,9336.235247887143,575.84,68.76078345628707
2025-12-24 06:00:00,22.0,39.942278292044534,3.420849068182899,5577.855280401462,1439.6,67.38556778716134
2025-12-24 07:00:00,22.0,42.06495113028896,0.9235869055424012,7973.503845644122,1727.52,66.0378564314181
2025-12-24 08:00:00,22.0,41.11765056149433,2.0380581629478494,6904.3804237025015,1439.6,64.71709930278975
2025-12-24 09:00:00,21.94989571099372,37.129100672462876,6.730469797102499,2402.903018941602,863.76,63.42275731673396
2025-12-24 10:00:00,21.925142457721943,37.419182158376735,6.389197460733254,2730.2889839439836,863.76,62.154302170399276
2025-12-24 11:00:00,21.899121023054775,37.22484864424889,6.617825124413073,2510.964179899294,1007.72,60.9112161269913
2025-12-24 12:00:00,21.821223178420997,36.4215708369086,7.562857838931056,1604.3848465350463,1151.68,59.69299180445147
2025-12-24 13:00:00,21.91116401106556,38.58868021118107,5.013317398610504,4050.184486338957,1007.72,58.49913196836244
2025-12-24 14:00:00,22.0,38.849786553031834,4.706133467021373,4344.869103751728,863.76,57.329149328995186
2025-12-24 15:00:00,21.96986318893101,37.369212180611314,6.447985669869039,2673.8928670379287,863.76,56.182566342415285
2025-12-24 16:00:00,22.0,41.73630752732804,1.310226438437601,7602.596675342424,863.76,55.05891501556698
2025-12-24 17:00:00,22.0,43.91263898552896,-1.250163512387009,10058.804359067983,1439.6,53.957736715255635
2025-12-24 18:00:00,22.0,41.88658309516735,1.1334316527442918,7772.197681205876,1727.52,52.87858198095052
2025-12-24 19:00:00,22.0,40.447500161936894,2.8264703977213,6148.048682761979,2015.44,51.82101034133151
2025-12-24 20:00:00,22.0,42.415548511722434,0.5111193979736076,8369.18805032994,1727.52,50.78459013450488
2025-12-24 21:00:00,22.0,42.096767499025134,0.8861558834998422,8009.411799399767,1439.6,49.76889833181478
2025-12-24 22:00:00,22.0,47.522186700586474,-5.496690235984084,14132.539910281896,1151.68,48.773520365178484
2025-12-24 23:00:00,22.0,43.8978032352329,-1.23270968850929,10042.060731283851,863.76,47.798049957874916
2025-12-25 00:00:00,22.0,43.43843034210796,-0.6922709907152442,9523.612484103041,575.84,46.84208895871741
2025-12-25 01:00:00,22.0,46.73050342782099,-4.565298150377643,13239.046168638773,575.84,45.90524717954307
2025-12-25 02:00:00,22.0,42.62898846893796,0.2600135659553353,8610.076386043385,575.84,44.987142235952206
2025-12-25 03:00:00,22.0,43.74374518009411,-1.0514649177577755,9868.190810254213,575.84,44.08739939123316
2025-12-25 04:00:00,21.962872852395314,37.628727607269795,6.142673403212004,2966.781977564691,575.84,43.205651403408496
2025-12-25 05:00:00,22.0,45.73128607047302,-3.389748318203554,12111.32945913585,575.84,42.34153837534033
2025-12-25 06:00:00,22.0,38.82250557495293,4.738228735349502,4314.079791891874,1439.6,41.49470760783352
2025-12-25 07:00:00,22.0,40.94008401074575,2.246959987357936,6703.978814527654,1727.52,40.66481345567684
2025-12-25 08:00:00,22.0,42.199157914548074,0.7656965711199128,8124.969622358957,1439.6,39.851517186563306
2025-12-25 09:00:00,22.0,39.64166068802623,3.774516837616206,5238.578252506401,863.76,39.05448684283204
2025-12-25 10:00:00,22.0,37.733798916859215,6.019060097812687,3085.36545756731,863.76,38.2733971059754
2025-12-25 11:00:00,21.878781777865715,36.102158852356595,7.938636644286359,1243.8964807696536,1007.72,37.50792916385589
2025-12-25 12:00:00,21.68827958074791,34.8226607101753,9.443928576264351,0.0,1151.68,36.75777058057877
2025-12-25 13:00:00,21.520355267469363,35.448633939819786,8.707489482564958,506.3282644806101,1007.72,36.0226151689672
2025-12-25 14:00:00,21.707997723885068,39.84666306233055,3.5333375737287662,5469.943932146259,863.76,35.30216286558785
2025-12-25 15:00:00,21.639725030386504,36.82455696711334,7.088756509278424,2059.194993084114,863.76,34.5961196082761
2025-12-25 16:00:00,21.73613926667049,38.784815572894516,4.782569914241748,4271.542855568751,863.76,33.904197216110575
2025-12-25 17:00:00,22.0,41.38284038223071,1.726070138552108,7203.673655385581,1439.6,33.226113271788364
2025-12-25 18:00:00,22.0,41.51024800891172,1.5761788130450385,7347.465902857764,1727.52,32.5615910063526
2025-12-25 19:00:00,22.0,43.2367172744046,-0.454961499299531,9295.959115893029,2015.44,31.910359186225545
2025-12-25 20:00:00,22.0,42.78694301870803,0.0741846838729127,8788.343890913884,1727.52,31.272152002501034
2025-12-25 21:00:00,22.0,44.794581455934264,-2.287742889334429,11054.164631167412,1439.6,30.646708962451015
2025-12-25 22:00:00,22.0,45.84207629733673,-3.520089761572632,12236.367309174237,1151.68,30.033774783201995
2025-12-25 23:00:00,22.0,43.619645292152114,-0.9054650495907292,9728.131676722878,863.76,29.433099287537956
2025-12-26 00:00:00,22.0,43.48115806795862,-0.7425389034807257,9571.834995498097,575.84,28.844437301787195
2025-12-26 01:00:00,22.0,44.75306270953857,-2.238897305339497,11007.30657398523,575.84,28.267548555751453
2025-12-26 02:00:00,22.0,41.76947915617593,1.2712009927341903,7640.034175660159,575.84,27.702197584636423
2025-12-26 03:00:00,22.0,43.99689505307595,-1.349288297736416,10153.895756901522,575.84,27.148153632943696
2025-12-26 04:00:00,22.0,43.36471672671341,-0.6055490902510764,9440.419297768756,575.84,26.605190560284818
2025-12-26 05:00:00,22.0,40.90715348336089,2.2857017842813114,6666.813421321097,575.84,26.07308674907912
2025-12-26 06:00:00,22.0,41.37512349440367,1.7351488301133264,7194.964375783979,1439.6,25.55162501409754
2025-12-26 07:00:00,22.0,40.12585910730698,3.20487163846237,5785.044588506657,1727.52,25.04059251381559
2025-12-26 08:00:00,22.0,43.73474540005241,-1.04087694123813,9858.033658499153,1439.6,24.53978066353928
2025-12-26 09:00:00,22.0,38.71743438991118,4.86184189422214,4195.496452453762,863.76,24.04898505026849
2025-12-26 10:00:00,22.0,41.31174672083405,1.8097097401952345,7123.437349133312,863.76,23.56800534926312
2025-12-26 11:00:00,22.0,39.94146816131525,3.421802163158532,5576.940966860391,1007.72,23.09664524227786
2025-12-26 12:00:00,22.0,40.02004831588436,3.32935492248899,5665.626529307089,1151.68,22.6347123374323
2025-12-26 13:00:00,22.0,39.63824355162467,3.778536998088621,5234.721672363602,1007.72,22.182018090683652
2025-12-26 14:00:00,22.0,39.138565188507734,4.36639389587325,4670.784671749829,863.76,21.738377728869978
2025-12-26 15:00:00,22.0,39.57287439039307,3.855441893655219,5160.946036997617,863.76,21.30361017429258
2025-12-26 16:00:00,21.786212214589828,35.970014714040026,5.328550408514251,1099.7057779616039,863.76,9.8
2025-12-26 17:00:00,22.0,39.89195596262245,3.480051808679478,5521.061499415694,1439.6,9.604
2025-12-26 18:00:00,22.0,44.38182652899057,-1.802148857635971,10588.329420618762,1727.52,9.41192
2025-12-26 19:00:00,22.0,41.888383869519004,1.1313130946835324,7774.230035139149,2015.44,9.223681599999999
2025-12-26 20:00:00,22.0,42.308966080808176,0.6365104931668557,8248.89911880011,1727.52,9.039207968
2025-12-26 21:00:00,22.0,44.11272613366429,-1.4855601572521049,10284.622714453517,1439.6,8.85842380864
2025-12-26 22:00:00,22.0,44.197992533608485,-1.5858735689511585,10380.854373430537,1151.68,8.6812553324672
2025-12-26 23:00:00,22.0,44.11062059620784,-1.4830830543621598,10282.246404880167,863.76,8.507630225817856
2025-12-27 00:00:00,22.0,43.25018068401951,-0.4708008047288397,9311.153919984421,575.84,8.337477621301497
2025-12-27 01:00:00,22.0,47.11144378806948,-5.013463280081743,13668.975459215217,575.84,8.170728068875468
2025-12-27 02:00:00,22.0,44.50982533855449,-1.952735692417052,10732.788877092602,575.84,8.007313507497958
2025-12-27 03:00:00,22.0,40.98999168933612,2.188245071369268,6760.304620584749,575.84,7.847167237347999
2025-12-27 04:00:00,22.0,40.44167577589347,2.833322616595913,6141.475280673373,575.84,7.690223892601039
2025-12-27 05:00:00,22.0,40.58339197612975,2.6665976751414773,6301.416184260032,575.84,7.536419414749018
2025-12-27 06:00:00,22.0,40.237398037275355,3.073649367911352,5910.927424868966,1439.6,7.385691026454038
2025-12-27 07:00:00,22.0,37.457136174367875,6.34454567721426,2773.123886391584,1727.52,7.237977205924956
2025-12-27 08:00:00,21.928915311788106,36.189658397268666,7.835696003213331,1342.6484671574162,1439.6,7.093217661806457
2025-12-27 09:00:00,22.0,38.96527292364539,4.570267148652485,4475.207021626184,1151.68,6.951353308570328
2025-12-27 10:00:00,22.0,39.85354878072305,3.525236728561114,5477.715153924038,1151.68,6.812326242398921
2025-12-27 11:00:00,22.0,38.32534913057881,5.3231186699072826,3752.9890287712424,1295.64,6.676079717550943
2025-12-27 12:00:00,21.90248953913819,32.48561762658751,12.193391027544106,0.0,1439.6,6.542558123199924
2025-12-27 13:00:00,22.0,40.53375797325,2.7249906197058844,6245.399248609948,1295.64,6.411706960735924
2025-12-27 14:00:00,22.0,39.005430164332914,4.5230233360789205,4520.528483466127,1151.68,6.283472821521206
2025-12-27 15:00:00,22.0,41.14741190320321,2.003044819760927,6937.969073955148,1151.68,6.157803365090782
2025-12-27 16:00:00,22.0,39.23790143310845,4.249527725754771,4782.895557406195,1151.68,6.0346472977889665
2025-12-27 17:00:00,22.0,42.31458999577271,0.6298941226203487,8255.246269229077,1727.52,5.913954351833187
2025-12-27 18:00:00,22.0,41.33487673881715,1.7824979543327646,7149.541887429037,2015.44,5.795675264796523
2025-12-27 19:00:00,22.0,45.34514652538046,-2.935466500447601,11675.532368544385,2159.4,5.679761759500593
2025-12-27 20:00:00,22.0,41.80004486935609,1.235241330169302,7674.530639555287,2015.44,5.566166524310581
2025-12-27 21:00:00,22.0,41.4761761200387,1.6162633881897612,7309.012369075679,1727.52,5.454843193824368
2025-12-27 22:00:00,22.0,44.747190530374965,-2.2319888592646717,11000.679232581188,1439.6,5.345746329947882
2025-12-27 23:00:00,22.0,44.663868821411526,-2.133963319307677,10906.64235184505,1151.68,5.238831403348923
2025-12-28 00:00:00,22.0,44.82779229224323,-2.3268144614626243,11091.646381025712,575.84,5.134054775281945
2025-12-28 01:00:00,22.0,44.12659966150029,-1.5018819547062228,10300.280377969233,575.84,5.031373679776306
2025-12-28 02:00:00,22.0,44.15937467071002,-1.5404407890706109,10337.270253363333,575.84,4.93074620618078
2025-12-28 03:00:00,22.0,42.24836423690208,0.7078067801151982,8180.5038777676855,575.84,4.832131282057165
2025-12-28 04:00:00,22.0,40.75383347313339,2.4660782669018912,6493.7764577783455,575.84,4.735488656416021
2025-12-28 05:00:00,22.0,43.41390583158528,-0.6634186253944487,9495.93412152715,575.84,4.6407788832877
2025-12-28 06:00:00,22.0,41.6758584377163,1.3813430144514065,7534.373832806617,1439.6,4.547963305621946
2025-12-28 07:00:00,22.0,38.73726218347936,4.838515078259572,4217.874100274806,1727.52,4.457004039509506
2025-12-28 08:00:00,22.0,41.86683738170035,1.1566619038819352,7749.912668987015,1439.6,4.367863958719317
2025-12-28 09:00:00,22.0,42.09606312310321,0.88698456105505,8008.61684073428,1151.68,4.2805066795449305
2025-12-28 10:00:00,22.0,37.820776507205494,5.916733520934711,3183.528366032121,1151.68,4.194896545954032
2025-12-28 11:00:00,21.98385171223801,37.02206329179733,6.856396127297257,2282.1006311224673,1295.64,4.110998615034951
2025-12-28 12:00:00,22.0,38.97791031952111,4.555399624092815,4489.469586611523,1439.6,4.0287786427342525
2025-12-28 13:00:00,22.0,38.84955898262194,4.706401196915363,4344.612267787125,1295.64,3.948203069879567
2025-12-28 14:00:00,22.0,39.497840574092436,3.9437169716559577,5076.262871920724,1151.68,3.8692390084819754
2025-12-28 15:00:00,22.0,40.21960985085128,3.094576646057321,5890.851677670753,1151.68,3.791854228312336
2025-12-28 16:00:00,22.0,38.27105710497218,5.3869916412092,3691.715048671602,1151.68,3.716017143746089
2025-12-28 17:00:00,22.0,42.27686267454742,0.6742792064148064,8212.667214494215,1727.52,3.641696800871167
2025-12-28 18:00:00,22.0,41.60138886443669,1.468954277133303,7450.327472403253,2015.44,3.568862864853744
2025-12-28 19:00:00,22.0,43.56905623812382,-0.8459485154397881,9671.036870346545,2159.4,3.497485607556669
2025-12-28 20:00:00,22.0,45.32399125903207,-2.9105779518024297,11651.656534943595,2015.44,3.4275358954055353
2025-12-28 21:00:00,22.0,42.07486015896475,0.9119292247473532,7984.687175407622,1727.52,3.358985177497425
2025-12-28 22:00:00,22.0,44.97818925056211,-2.5037520594848317,11261.384388184399,1439.6,3.291805473947476
2025-12-28 23:00:00,22.0,44.11379967266754,-1.4868231443147597,10285.834310572587,1151.68,3.225969364468526
2025-12-29 00:00:00,22.0,47.11372899566172,-5.01615175960202,13671.554544503815,575.84,3.161449977179156
2025-12-29 01:00:00,22.0,45.69544488076884,-3.347582212669225,12070.879092435713,575.84,3.0982209776355725
2025-12-29 02:00:00,22.0,42.809136975685576,0.0480741462522567,8813.391990758742,575.84,3.036256558082861
2025-12-29 03:00:00,22.0,39.155801581097236,4.34611578694443,4690.237664426341,575.84,2.975531426921204
2025-12-29 04:00:00,22.0,46.20956730946353,-3.952432128780624,12651.117665460542,575.84,2.91602079838278
2025-12-29 05:00:00,22.0,42.371868005340595,0.5625082290110643,8319.890230827395,575.84,2.857700382415124
2025-12-29 06:00:00,22.0,40.44912298315605,2.824561196287,6149.8801987899205,1439.6,2.8005463747668218
2025-12-29 07:00:00,22.0,41.31738550715821,1.803075873931516,7129.801283378753,1727.52,2.744535447271485
2025-12-29 08:00:00,22.0,38.005812622109985,5.699043973988248,3392.36012531333,1439.6,2.6896447383260558
2025-12-29 09:00:00,22.0,40.21928248408827,3.094961783425564,5890.48221154202,863.76,2.6358518435595344
2025-12-29 10:00:00,22.0,37.94397260476462,5.771796935571037,3322.567481737348,863.76,2.5831348066883435
2025-12-29 11:00:00,22.0,38.75337442826438,4.819559496159553,4236.058379739179,1007.72,2.531472110554577
2025-12-29 12:00:00,21.857708896380043,35.676967158976886,8.438862165909544,764.0251356213139,1151.68,2.480842668343485
2025-12-29 13:00:00,21.98226371315582,39.015671845777696,4.510974299085062,4532.0872451447085,1007.72,2.4312258149766155
2025-12-29 14:00:00,22.0,38.80369908081998,4.760354022564724,4292.854782613432,863.76,2.3826012986770833
2025-12-29 15:00:00,21.950649541358,37.13816558022057,6.719805199740501,2413.1336738369387,863.76,2.3349492727035415
2025-12-29 16:00:00,22.0,41.19766572045787,1.9439226818142727,6994.685532108753,863.76,2.2882502872494705
2025-12-29 17:00:00,22.0,40.153140150153355,3.172776293937228,5815.833973463077,1439.6,2.242485281504481
2025-12-29 18:00:00,22.0,44.24830838426722,-1.645068687373203,10437.640842483985,1727.52,2.1976355758743913
2025-12-29 19:00:00,22.0,43.879471633018,-1.2111430976682327,10021.371685024116,2015.44,2.1536828643569033
2025-12-29 20:00:00,22.0,42.20037683098563,0.7642625517816082,8126.345291450386,1727.52,2.110609207069765
2025-12-29 21:00:00,22.0,45.238348822245854,-2.809822143818653,11555.000480786672,1439.6,2.06839702292837
2025-12-29 22:00:00,22.0,45.02026035696754,-2.5532474787853365,11308.865838873568,1151.68,2.0270290824698023
2025-12-29 23:00:00,22.0,43.59590092590134,-0.8775305010603979,9701.333784972254,863.76,1.9864885008204065
2025-12-30 00:00:00,22.0,45.53461643994979,-3.15837228229386,11889.36811412733,575.84,1.9467587308039984
2025-12-30 01:00:00,22.0,43.03531628491503,-0.2180191587235573,9068.6579591551,575.84,1.9078235561879184
2025-12-30 02:00:00,22.0,43.727859634140785,-1.0327760401656256,9850.26238309129,575.84,1.8696670850641601
2025-12-30 03:00:00,22.0,50.0,0.0429390991028162,12929.000000000004,575.84,93.1
2025-12-30 04:00:00,22.0,48.51806880252293,2.4819311974770644,11256.492450527385,575.84,93.1
2025-12-30 05:00:00,22.0,41.486285546904654,1.6043699448180484,7320.421868236593,575.84,91.238
2025-12-30 06:00:00,22.0,38.53395960620212,5.077694580938688,3988.42681155971,1439.6,89.41323999999999
2025-12-30 07:00:00,22.0,38.72086936548713,4.85780074648573,4199.373165888778,1727.52,87.6249752
2025-12-30 08:00:00,22.0,40.339869130718576,2.9530951403310866,6026.576300928985,1439.6,85.87247569599998
2025-12-30 09:00:00,21.90152904220768,36.54748521642958,7.414723274788733,1746.4918152624223,863.76,84.15502618207998
2025-12-30 10:00:00,21.906049076978963,37.756941391597906,5.991833656943645,3111.4840545573966,863.76,82.47192565843838
2025-12-30 11:00:00,21.98959708468371,38.53680769534002,5.074343887835266,3991.6411649607508,1007.72,80.82248714526962
2025-12-30 12:00:00,21.98059713338921,37.276744317954496,6.5567713906417655,2569.533637243444,1151.68,79.20603740236423
2025-12-30 13:00:00,21.849271464174958,35.97489658915372,8.088356953936799,1100.2682905188913,1007.72,77.62191665431693
2025-12-30 14:00:00,21.828045268873748,37.43193696692113,6.374191803622199,2744.684060867186,863.76,76.0694783212306
2025-12-30 15:00:00,21.658969396235598,35.64776912862836,8.473212789848985,731.0722385699689,863.76,74.54808875480599
2025-12-30 16:00:00,21.65662463734781,37.602898051572,6.173061115797644,2937.6307410041572,863.76,73.05712697970986
2025-12-30 17:00:00,21.8593160488234,39.380643189867754,4.081596247214408,4943.9939040847485,1439.6,71.59598444011567
2025-12-30 18:00:00,22.0,42.89431574065996,-0.0521361654823149,8909.524744908835,1727.52,70.16406475131335
2025-12-30 19:00:00,22.0,42.335530027165774,0.6052587915696751,8278.879188659294,2015.44,68.76078345628707
2025-12-30 20:00:00,22.0,42.72817096242355,0.1433282795017037,8722.013748191217,1727.52,67.38556778716134
2025-12-30 21:00:00,22.0,42.36988950396409,0.5648358776893054,8317.657294173872,1439.6,66.0378564314181
2025-12-30 22:00:00,22.0,43.01102020270436,-0.1894355325933681,9041.23740077214,1151.68,64.71709930278975
2025-12-30 23:00:00,22.0,50.0,-1.524622484719701,12929.000000000004,863.76,93.1
2025-12-31 00:00:00,22.0,50.0,-1.7593001692456578,12929.000000000004,575.84,93.1
2025-12-31 01:00:00,22.0,50.0,-0.4227895150041338,12929.000000000004,575.84,93.1
2025-12-31 02:00:00,22.0,50.0,-3.181274066397726,12929.000000000004,575.84,93.1
2025-12-31 03:00:00,22.0,48.43739548624647,2.562604513753523,11165.444545777771,575.84,93.1
2025-12-31 04:00:00,22.0,50.0,-4.094333770326943,12929.000000000004,575.84,93.1
2025-12-31 05:00:00,22.0,47.12445721606602,3.8755427839339753,9683.66241405211,575.84,93.1
2025-12-31 06:00:00,22.0,49.09037105685032,1.909628943149676,11902.392774761276,1439.6,93.1
2025-12-31 07:00:00,22.0,38.56562956238972,5.040435808953271,4024.1695241130346,1727.52,91.238
2025-12-31 08:00:00,22.0,38.83147126170256,4.727680868585225,4324.19846595751,1439.6,89.41323999999999
2025-12-31 09:00:00,22.0,38.15757844541737,5.520495946567793,3563.643033498046,863.76,87.6249752
2025-12-31 10:00:00,21.961054039503466,37.26328101788782,6.572610567190797,2554.338956788194,863.76,85.87247569599998
2025-12-31 11:00:00,21.87308121268913,36.490459899167945,7.481811883331829,1682.1330422009428,1007.72,84.15502618207998
2025-12-31 12:00:00,21.95277973138862,38.3090124051983,5.34233834682552,3734.551400506805,1151.68,82.47192565843838
2025-12-31 13:00:00,21.8330960263635,36.10669366872256,7.933301566208746,1249.0144745202854,1007.72,80.82248714526962
2025-12-31 14:00:00,22.0,40.04911368721684,3.295160367980188,5698.429707392925,863.76,79.20603740236423
2025-12-31 15:00:00,22.0,38.75489891862015,4.817765978093941,4237.778919554701,863.76,77.62191665431693
2025-12-31 16:00:00,22.0,38.02885112873713,5.671939848544554,3418.3613838927263,863.76,76.0694783212306
2025-12-31 17:00:00,22.0,38.578485361304416,5.025311339641863,4038.6785787681647,1439.6,74.54808875480599
2025-12-31 18:00:00,22.0,40.366658957955615,2.921577696522802,6056.8112999487075,1727.52,73.05712697970986
2025-12-31 19:00:00,22.0,42.69875189787332,0.1779389436784456,8688.811391939833,2015.44,71.59598444011567
2025-12-31 20:00:00,22.0,41.3255967767732,1.7934155567374082,7139.068522266238,1727.52,70.16406475131335
2025-12-31 21:00:00,22.0,44.692085662536144,-2.1671596029836957,10938.487878738293,1439.6,68.76078345628707
2025-12-31 22:00:00,22.0,41.117090947493935,2.0387165323600684,6903.748843341656,1151.68,67.38556778716134
2025-12-31 23:00:00,22.0,44.578088335132264,-2.0330451001556016,10809.830495030275,863.76,66.0378564314181
2026-01-01 00:00:00,22.0,48.017363680150126,-6.079251388411921,14691.396649417435,575.84,64.71709930278975
2026-01-01 01:00:00,22.0,47.31510970501097,-5.253070241189377,13898.83281307538,575.84,63.42275731673396
2026-01-01 02:00:00,22.0,44.870292190171796,-2.376814341378579,11139.61176582789,575.84,62.154302170399276
2026-01-01 03:00:00,22.0,44.16646009477997,-1.5487765820940835,10345.266862968676,575.84,60.9112161269913
2026-01-01 04:00:00,22.0,40.35158363558314,2.939313369902191,6039.797291119132,575.84,59.69299180445147
2026-01-01 05:00:00,22.0,44.64543362729275,-2.112274855638536,10885.836391762603,575.84,58.49913196836244
2026-01-01 06:00:00,22.0,41.93291426118331,1.0789243986078614,7824.487035171488,1439.6,57.329149328995186
2026-01-01 07:00:00,22.0,42.92103163869093,-0.0835666337540304,8939.676307426582,1727.52,56.182566342415285
2026-01-01 08:00:00,22.0,41.13751325046279,2.014690293573193,6926.797454472304,1439.6,55.05891501556698
2026-01-01 09:00:00,21.91696332724315,36.733084492847865,7.196371184884866,1955.9591586281012,863.76,53.957736715255635
2026-01-01 10:00:00,22.0,40.98728520649809,2.1914291688257728,6757.250084053749,863.76,52.87858198095052
2026-01-01 11:00:00,22.0,37.71788006970185,6.03778815329194,3067.3994466655067,1007.72,51.82101034133151
2026-01-01 12:00:00,22.0,37.932057489675536,5.785814718028783,3309.1200828478104,1151.68,50.78459013450488
2026-01-01 13:00:00,22.0,38.756943615426124,4.815360452439855,4240.086564369924,1007.72,49.76889833181478
2026-01-01 14:00:00,22.0,38.172471367706954,5.50297486152123,3580.451185594069,863.76,48.773520365178484
2026-01-01 15:00:00,22.0,41.56787159326933,1.508386360859613,7412.499880163768,863.76,47.798049957874916
2026-01-01 16:00:00,21.97942978495345,37.48425173673395,6.312645015607115,2803.726510077939,863.76,46.84208895871741
2026-01-01 17:00:00,22.0,37.847777904941445,5.884967170657125,3214.0021435169156,1439.6,45.90524717954307
2026-01-01 18:00:00,22.0,41.91992201380917,1.0942093955186272,7809.823984785031,1727.52,44.987142235952206
2026-01-01 19:00:00,22.0,38.760704331305526,4.810936080817025,4244.330908311417,2015.44,44.08739939123316
2026-01-01 20:00:00,22.0,44.37834748363487,-1.7980558630998398,10584.402970030314,1727.52,43.205651403408496
2026-01-01 21:00:00,22.0,43.72342866647858,-1.027563137033628,9845.26159298773,1439.6,42.34153837534033
2026-01-01 22:00:00,22.0,42.51027496445042,0.3996765124112733,8476.096324878741,1151.68,41.49470760783352
2026-01-01 23:00:00,22.0,46.06445539176178,-3.781712225602092,12487.34435514235,863.76,40.66481345567684
2026-01-02 00:00:00,22.0,47.748633400095045,-5.763098117758877,14388.10765534727,575.84,39.851517186563306
2026-01-02 01:00:00,22.0,48.024066820934884,-6.087137436393981,14698.961814107111,575.84,39.05448684283204
2026-01-02 02:00:00,22.0,41.44108121423257,1.6575515126675633,7269.404258382878,575.84,38.2733971059754
2026-01-02 03:00:00,22.0,45.303504962120186,-2.886476426023745,11628.535700248844,575.84,37.50792916385589
2026-01-02 04:00:00,22.0,44.01575249781145,-1.371473526836997,10175.17826903,575.84,36.75777058057877
2026-01-02 05:00:00,22.0,44.77168368649436,-2.260804337052192,11028.32220857754,575.84,36.0226151689672
2026-01-02 06:00:00,22.0,40.38782322514038,2.896678558658377,6080.697291893433,1439.6,35.30216286558785
2026-01-02 07:00:00,22.0,42.44866700733323,0.4721564619609131,8406.565584476282,1727.52,34.5961196082761
2026-01-02 08:00:00,22.0,41.13514714702425,2.017473944677356,6924.127070131568,1439.6,33.904197216110575
2026-01-02 09:00:00,22.0,39.086652230958265,4.427467963578511,4612.195707859499,863.76,33.226113271788364
2026-01-02 10:00:00,22.0,40.86439170345038,2.336009760646609,6618.5524765141,863.76,32.5615910063526
2026-01-02 11:00:00,22.0,39.01944204879135,4.5065387661278224,4536.342296265915,1007.72,31.910359186225545
2026-01-02 12:00:00,21.90255469521314,36.21624369784444,7.80441917900654,1372.6526373872357,1151.68,31.272152002501034
2026-01-02 13:00:00,21.940534958500166,37.9878197148385,5.72021210019,3372.053330166733,1007.72,30.646708962451015
2026-01-02 14:00:00,22.0,38.8335917300047,4.725186199994472,4326.591626483303,863.76,30.033774783201995
2026-01-02 15:00:00,22.0,39.23056693787717,4.258156543673921,4774.617846088176,863.76,29.433099287537956
2026-01-02 16:00:00,22.0,40.96152966316016,2.2217298080468724,6728.182377842553,863.76,28.844437301787195
2026-01-02 17:00:00,22.0,37.72655630306805,6.027580819919935,3077.1914436426027,1439.6,28.267548555751453
2026-01-02 18:00:00,22.0,43.38066712190792,-0.6243142610681343,9458.42091378528,1727.52,27.702197584636423
2026-01-02 19:00:00,22.0,42.52141027800989,0.386576143517777,8488.66363976196,2015.44,27.148153632943696
2026-01-02 20:00:00,22.0,43.50445653721722,-0.7699488673143846,9598.129647903359,1727.52,26.605190560284818
2026-01-02 21:00:00,22.0,42.68926679390793,0.1890978895200818,8678.106503604495,1439.6,26.07308674907912
2026-01-02 22:00:00,22.0,43.0690906769179,-0.2577537375504741,9106.775737969545,1151.68,25.55162501409754
2026-01-02 23:00:00,22.0,45.33857977701085,-2.927740914130415,11668.121136334446,863.76,25.04059251381559
2026-01-03 00:00:00,22.0,44.905866961707815,-2.418667013773901,11179.76145298344,575.84,24.53978066353928
2026-01-03 01:00:00,22.0,44.72563872772912,-2.2066337973283767,10976.355868115086,575.84,24.04898505026849
2026-01-03 02:00:00,22.0,48.80712718733712,-7.008384926278969,15582.72374362868,575.84,23.56800534926312
2026-01-03 03:00:00,22.0,47.10544538024648,-5.006406329701741,13662.205656146178,575.84,23.09664524227786
2026-01-03 04:00:00,22.0,44.72860827422735,-2.2101273814439413,10979.707298292986,575.84,22.6347123374323
2026-01-03 05:00:00,22.0,43.83470250318925,-1.1584735331638207,9970.845245099386,575.84,22.182018090683652
2026-01-03 06:00:00,22.0,44.03878011733902,-1.3985648439282643,10201.167240428822,1439.6,21.738377728869978
2026-01-03 07:00:00,22.0,39.84572487531626,3.534441323157343,5468.885094281929,1727.52,21.30361017429258
2026-01-03 08:00:00,22.0,40.296398684270294,3.004236842034945,5977.515555067454,1439.6,20.877537970806724
2026-01-03 09:00:00,22.0,39.96081767452336,3.399038029972516,5598.7788274670675,1151.68,20.45998721139059
2026-01-03 10:00:00,22.0,41.190977593795466,1.951791066122981,6987.137312357564,1151.68,20.050787467162777
2026-01-03 11:00:00,22.0,38.79157845983331,4.774613576666695,4279.175449767875,1295.64,19.649771717819522
2026-01-03 12:00:00,22.0,43.06536408519764,-0.2533695119972234,9102.569906554061,1439.6,19.256776283463132
2026-01-03 13:00:00,22.0,38.9928779189871,4.537790683544591,4506.362019368839,1295.64,18.871640757793866
2026-01-03 14:00:00,22.0,38.94810139015972,4.590468952753267,4455.827228934261,1151.68,18.49420794263799
2026-01-03 15:00:00,22.0,39.18458147061919,4.312257093389188,4722.718647740822,1151.68,18.12432378378523
2026-01-03 16:00:00,22.0,42.95897299791478,-0.1282035269585599,8982.49692544662,1151.68,17.761837308109524
2026-01-03 17:00:00,22.0,40.73782679427592,2.484909653793033,6475.711320019802,1727.52,17.406600561947332
2026-01-03 18:00:00,22.0,43.77043315876972,-1.0828625397290843,9898.310862987508,2015.44,17.058468550708387
2026-01-03 19:00:00,22.0,44.261183468245534,-1.660215844994751,10452.171662261911,2159.4,16.717299179694216
2026-01-03 20:00:00,22.0,42.479516644101466,0.4358627716453307,8441.382484532915,2015.44,16.382953196100335
2026-01-03 21:00:00,22.0,40.98016972632269,2.1998003219733,6749.219553127792,1727.52,16.05529413217833
2026-01-03 22:00:00,22.0,44.85717648290253,-2.361384097532393,11124.809378603799,1439.6,15.73418824953476
2026-01-03 23:00:00,22.0,46.673210089071226,-4.497894222436738,13174.384906525787,1151.68,15.419504484544067
2026-01-04 00:00:00,22.0,45.079260239233,-2.622659104980003,11375.453105998366,575.84,15.111114394853184
2026-01-04 01:00:00,22.0,43.68779824163428,-0.9856449901579822,9805.049095508453,575.84,14.80889210695612
2026-01-04 02:00:00,22.0,43.88879051088344,-1.2221064833922837,10031.88897058305,575.84,14.512714264816998
2026-01-04 03:00:00,22.0,39.74087117284589,3.6577986201813015,5350.547205673875,575.84,14.222459979520657
2026-01-04 04:00:00,22.0,44.91607386746094,-2.430675138189333,11191.280966816415,575.84,13.938010779930243
2026-01-04 05:00:00,22.0,42.451191237485766,0.4691867794285131,8409.414430626437,575.84,13.659250564331638
2026-01-04 06:00:00,22.0,39.36683947918905,4.097835906836407,4928.415036212767,1439.6,13.386065553045004
2026-01-04 07:00:00,22.0,38.59354454371993,5.007594654447146,4055.6743720423124,1727.52,13.118344241984104
2026-01-04 08:00:00,22.0,43.61513247509144,-0.9001558530487612,9723.038511388204,1439.6,12.855977357144422
2026-01-04 09:00:00,22.0,39.60154489803371,3.821711884666228,5193.303571920844,1151.68,12.598857810001531
2026-01-04 10:00:00,21.92879845642419,36.53182832519012,7.433143146835153,1728.8214478095688,1151.68,12.3468806538015
2026-01-04 11:00:00,21.780794956929686,33.80175910693863,10.644989285954548,0.0,1295.64,12.09994304072547
2026-01-04 12:00:00,21.81602914437553,37.40354699762361,6.407591767501637,2712.6431415180036,1439.6,11.85794417991096
2026-01-04 13:00:00,21.99724929536085,39.34121978990119,4.127976717763305,4899.500654882482,1295.64,11.620785296312741
2026-01-04 14:00:00,22.0,40.77115898627647,2.4456953102629755,6513.330031911623,1151.68,11.388369590386487
2026-01-04 15:00:00,21.869933802322713,35.8239732361633,8.265913839807888,929.9361943338976,1151.68,11.160602198578756
2026-01-04 16:00:00,22.0,39.06113930300821,4.457483172931518,4583.401817375067,1151.68,10.937390154607181
2026-01-04 17:00:00,22.0,42.56172902235664,0.3391423266392488,8534.167374631701,1727.52,10.718642351515037
2026-01-04 18:00:00,22.0,42.34536582276743,0.593687267332438,8289.979867575319,2015.44,10.504269504484737
2026-01-04 19:00:00,22.0,42.35266767473978,0.5850968532473249,8298.220737711314,2159.4,10.29418411439504
2026-01-04 20:00:00,22.0,42.775528688390196,0.0876133077762366,8775.461677717176,2015.44,10.08830043210714
2026-01-04 21:00:00,22.0,45.9335147738621,-3.627664439837768,12339.564773780769,1727.52,9.886534423464997
2026-01-04 22:00:00,22.0,45.98861008368043,-3.692482451388739,12401.745340441732,1439.6,9.688803734995698
2026-01-04 23:00:00,22.0,48.09413656541686,-6.169572429902193,14778.04252772947,1151.68,9.495027660295783
2026-01-05 00:00:00,22.0,43.632404107671874,-0.9204754207904364,9742.531275918478,575.84,9.305127107089868
2026-01-05 01:00:00,22.0,45.86489920289237,-3.5469402386969056,12262.125240384326,575.84,9.11902456494807
2026-01-05 02:00:00,22.0,44.1517395692555,-1.5314583167711702,10328.653277861755,575.84,8.93664407364911
2026-01-05 03:00:00,22.0,41.98632359145451,1.016089892406464,7884.764805315558,575.84,8.757911192176127
2026-01-05 04:00:00,22.0,43.32622075796429,-0.5602597152521085,9396.972747438502,575.84,8.582752968332603
2026-01-05 05:00:00,22.0,43.07203456246198,-0.2612171323082189,9110.098207194591,575.84,8.411097908965951
2026-01-05 06:00:00,22.0,41.670333489297306,1.3878429537678685,7528.138376020941,1439.6,8.242875950786633
2026-01-05 07:00:00,22.0,41.01258612010604,2.1616633881105365,6785.804695151681,1727.52,8.078018431770898
2026-01-05 08:00:00,22.0,38.18151950360749,5.49232999575589,3590.6629117714133,1439.6,7.916458063135481
2026-01-05 09:00:00,22.0,39.067411668149795,4.4501039198237695,4590.480808673859,863.76,7.758128901872771
2026-01-05 10:00:00,22.0,39.980995360417054,3.375299575979929,5621.551363766688,863.76,7.602966323835315
2026-01-05 11:00:00,21.947999322756107,36.93450879390459,6.959401418935773,2183.2866248007217,1007.72,7.450906997358608
2026-01-05 12:00:00,21.876105497439948,36.5081765941908,7.460968712716705,1702.1281042037374,1151.68,7.301888857411436
2026-01-05 13:00:00,22.0,40.991014256211955,2.1870420515153457,6761.458689560813,1007.72,7.155851080263206
2026-01-05 14:00:00,21.893404040864812,36.44978102302713,7.529669384673966,1636.2228625884172,863.76,7.012734058657942
2026-01-05 15:00:00,21.999484756771032,38.975826929511314,4.557850671163161,4487.118272646469,863.76,6.872479377484783
2026-01-05 16:00:00,22.0,39.81844108475078,3.566539900293197,5438.092608249732,863.76,6.735029789935087
2026-01-05 17:00:00,22.0,39.408753372937355,4.048525443603113,4975.719056697099,1439.6,6.6003291941363855
2026-01-05 18:00:00,22.0,42.963859864707274,-0.1339527820085571,8988.01224330863,1727.52,6.468322610253657
2026-01-05 19:00:00,22.0,41.257905079224,1.8730528479717647,7062.67167241221,2015.44,6.338956158048584
2026-01-05 20:00:00,22.0,44.34051829855435,-1.7535509394757094,10541.708951748442,1727.52,6.212177034887612
2026-01-05 21:00:00,22.0,46.911579211541834,-4.778328484166865,13443.408298146116,1439.6,6.08793349418986
2026-01-05 22:00:00,22.0,46.64067204734888,-4.459614173351622,13137.662472637947,1151.68,5.966174824306063
2026-01-05 23:00:00,22.0,44.32021069344735,-1.72965963934982,10518.789788624681,863.76,5.846851327819942
2026-01-06 00:00:00,22.0,47.00729617799092,-4.890936679989316,13551.434466480558,575.84,5.729914301263542
2026-01-06 01:00:00,22.0,42.54701839996043,0.3564489412230252,8517.564966195341,575.84,5.615316015238272
2026-01-06 02:00:00,22.0,42.9227045020197,-0.0855347082584687,8941.564300979433,575.84,5.503009694933506
2026-01-06 03:00:00,22.0,42.13731647377822,0.8384512073197401,8055.1753723061,575.84,5.3929495010348365
2026-01-06 04:00:00,22.0,43.487876414548396,-0.750442840645176,9579.417321459321,575.84,5.285090511014139
2026-01-06 05:00:00,22.0,42.441620003947136,0.480447054179836,8398.612336454738,575.84,5.179388700793856
2026-01-06 06:00:00,22.0,44.029310152215274,-1.387423708488555,10190.47943779016,1439.6,5.075800926777979
2026-01-06 07:00:00,22.0,39.4271832793837,4.026843200725064,4996.519049112442,1727.52,4.974284908242419
2026-01-06 08:00:00,22.0,39.65428312643695,3.759666910074171,5252.823936496744,1439.6,4.874799210077571
2026-01-06 09:00:00,22.0,38.6314173809689,4.963038375330711,4098.417656161499,863.76,4.777303225876019
2026-01-06 10:00:00,21.871416961625176,36.18538354766301,7.840725238043518,1337.823871892471,863.76,4.681757161358498
2026-01-06 11:00:00,22.0,39.745989263327935,3.6517773372612528,5356.323482591908,1007.72,4.588122018131329
2026-01-06 12:00:00,22.0,38.81444063479144,4.747716900245363,4304.9777004256175,1151.68,4.496359577768702
2026-01-06 13:00:00,22.0,38.16051162399548,5.517045148240609,3566.9534188413018,1007.72,4.406432386213328
2026-01-06 14:00:00,22.0,40.64575381641271,2.593230804220342,6371.797757203382,863.76,4.318303738489061
2026-01-06 15:00:00,22.0,39.91475494013636,3.4532294821925107,5546.792425437899,863.76,4.23193766371928
2026-01-06 16:00:00,22.0,39.461985322206154,3.985899620933939,5035.796634641865,863.76,4.147298910444894
2026-01-06 17:00:00,22.0,41.67323140798524,1.3844336376644215,7531.408967052144,1439.6,4.0643529322359955
2026-01-06 18:00:00,22.0,39.77471800346051,3.6179788194582247,5388.7467387055285,1727.52,3.983065873591276
2026-01-06 19:00:00,22.0,45.44855650843746,-3.057125304044071,11792.240875422522,2015.44,3.9034045561194506
2026-01-06 20:00:00,22.0,41.791288891603315,1.2455424804666848,7664.648643063502,1727.52,3.825336464997061
2026-01-06 21:00:00,22.0,43.28014774884705,-0.5060561751141792,9344.974749348781,1439.6,3.74882973569712
2026-01-06 22:00:00,22.0,45.911494971713296,-3.601758790250935,12314.713225075628,1151.68,3.673853140983178
2026-01-06 23:00:00,22.0,46.85564237537383,-4.712520441616269,13380.277984846909,863.76,3.600376078163514
2026-01-07 00:00:00,22.0,48.93648044931217,-7.160565234484904,15728.711835093718,575.84,3.5283685566002436
2026-01-07 01:00:00,22.0,46.63594533048635,-4.4540533299839415,13132.327899986896,575.84,3.4578011854682384
2026-01-07 02:00:00,22.0,43.164286059362,-0.3697483051317607,9214.213246595953,575.84,3.3886451617588733
2026-01-07 03:00:00,22.0,44.499508790708006,-1.9405985773035384,10721.145621193056,575.84,3.320872258523696
2026-01-07 04:00:00,22.0,41.722932503333865,1.325961760783683,7587.501623262601,575.84,3.254454813353222
2026-01-07 05:00:00,22.0,43.93376557341031,-1.275018321659187,10082.64782615088,575.84,3.1893657170861576
2026-01-07 06:00:00,22.0,40.79791952781884,2.4142123202131254,6543.531979096345,1439.6,3.125578402744434
2026-01-07 07:00:00,22.0,42.339762870194946,0.6002789762412397,8283.656375302016,1727.52,3.063066834689545
2026-01-07 08:00:00,22.0,41.94147751055672,1.068849987580322,7834.151518414318,1439.6,3.0018054979957545
2026-01-07 09:00:00,22.0,39.77795321315589,3.614172690404837,5392.3979963677375,863.76,2.9417693880358393
2026-01-07 10:00:00,22.0,40.185956696376905,3.1341685924977614,5852.870727530976,863.76,2.8829340002751227
2026-01-07 11:00:00,22.0,41.338649843980434,1.7780590070818478,7153.800213916319,1007.72,2.8252753202696197
2026-01-07 12:00:00,22.0,38.90993499121889,4.635370598566014,4412.75263108964,1151.68,2.7687698138642274
2026-01-07 13:00:00,22.0,38.53491198268398,5.0765741380188505,3989.50166365714,1007.72,2.713394417586943
2026-01-07 14:00:00,21.930786005379638,36.89930398758959,7.00081883812989,2143.554480393612,863.76,2.659126529235204
2026-01-07 15:00:00,21.955073191074668,38.00326729283954,5.702038479012311,3389.4874666987034,863.76,2.6059439986505
2026-01-07 16:00:00,21.99729537990822,38.22609656130419,5.439886398465663,3640.9725790879083,863.76,2.55382511867749
2026-01-07 17:00:00,22.0,39.895407499382465,3.4759911771971006,5524.95690380305,1439.6,2.50274861630394
2026-01-07 18:00:00,22.0,41.43455830978505,1.66522551789995,7262.042508423405,1727.52,2.4526936439778613
2026-01-07 19:00:00,22.0,44.96919109435079,-2.493165993353868,11251.229069084304,2015.44,2.403639771098304
2026-01-07 20:00:00,22.0,43.44521726351003,-0.7002556041294499,9531.272203597422,1727.52,2.355566975676338
2026-01-07 21:00:00,22.0,43.38961363457187,-0.6348395700845602,9468.517947977816,1439.6,2.3084556361628112
2026-01-07 22:00:00,22.0,42.46684185893735,0.4507742836031188,8427.077721996695,1151.68,2.2622865234395553
2026-01-07 23:00:00,22.0,44.11745728843875,-1.491126221692646,10289.962295731975,863.76,2.217040792970764
2026-01-08 00:00:00,22.0,43.29134816117079,-0.5192331307891567,9357.615534697352,575.84,2.1726999771113484
2026-01-08 01:00:00,22.0,47.03854422470374,-4.927699087886751,13586.701012000645,575.84,2.1292459775691217
2026-01-08 02:00:00,22.0,45.499396337318856,-3.1169368674339446,11849.618706298063,575.84,2.086661058017739
2026-01-08 03:00:00,22.0,43.6742668428101,-0.9697256974236482,9789.777558795478,575.84,2.044927836857384
2026-01-08 04:00:00,22.0,41.726380425737645,1.321905381485123,7591.392948487507,575.84,2.0040292801202364
2026-01-08 05:00:00,22.0,43.12687345127473,-0.3257334720879222,9171.989377108664,575.84,1.963948694517832
2026-01-08 06:00:00,22.0,42.14015813055356,0.8351080817016932,8058.382466142747,1439.6,1.924669720627475
2026-01-08 07:00:00,22.0,39.951876726446365,3.4095567924160406,5588.688073467368,1727.52,1.8861763262149254
2026-01-08 08:00:00,22.0,42.21398040614671,0.7482583457097514,8141.698286377178,1439.6,1.848452799690627
2026-01-08 09:00:00,21.927787719307208,36.86324920926591,7.043236224393048,2102.8630575775055,863.76,1.8114837436968143
2026-01-08 10:00:00,22.0,40.55004498541597,2.7058294289223848,6263.7807705404675,863.76,1.775254068822878
2026-01-08 11:00:00,22.0,41.977454210667986,1.026524458037667,7874.75482215989,1007.72,1.7397489874464205
2026-01-08 12:00:00,22.0,38.58288608551161,5.020134017045161,4043.645236108404,1151.68,1.704954007697492
2026-01-08 13:00:00,21.856022234561767,35.828472396578704,8.260620709907403,935.0139467787252,1007.72,1.6708549275435425
2026-01-08 14:00:00,21.88673864666519,38.05854330556577,5.637007875804976,3451.871974661529,863.76,1.6374378289926717
2026-01-08 15:00:00,21.938360130775052,38.31898302085956,5.330608210753456,3745.8042373421026,863.76,1.6046890724128182
2026-01-08 16:00:00,22.0,40.2296442040779,3.0827715246142287,5902.176448722318,863.76,1.5725952909645617
2026-01-08 17:00:00,22.0,41.37905699201243,1.7305211858677298,7199.403721185229,1439.6,1.5411433851452705
2026-01-08 18:00:00,22.0,44.6263459283083,-2.08981873918623,10864.294014688745,1727.52,1.5103205174423648
2026-01-08 19:00:00,22.0,46.720941391785686,-4.554048696218455,13228.254454769327,2015.44,1.4801141070935175
2026-01-08 20:00:00,22.0,43.366337024650534,-0.6074553231182723,9442.247966020594,1727.52,1.4505118249516473
2026-01-08 21:00:00,22.0,42.17282942565588,0.7966712639342637,8095.255289795224,1439.6,1.4215015884526143
2026-01-08 22:00:00,22.0,44.359459074659384,-1.7758342054816223,10563.085511660582,1151.68,1.393071556683562
2026-01-08 23:00:00,22.0,44.22402861339441,-1.6165042510522465,10410.238693076932,863.76,1.3652101255498907
2026-01-09 00:00:00,22.0,42.70768017241278,0.1674350912790796,8698.887842585063,575.84,1.337905923038893
2026-01-09 01:00:00,22.0,44.725244161933034,-2.2061696022741573,10975.910561157623,575.84,1.311147804578115
2026-01-09 02:00:00,22.0,45.153000043390044,-2.7094118157529934,11458.675848970006,575.84,1.2849248484865528
2026-01-09 03:00:00,22.0,45.79565522563937,-3.46547673604632,12183.976487656597,575.84,1.2592263515168216
2026-01-09 04:00:00,22.0,40.26223864294745,3.044425125944172,5938.962532430494,575.84,1.234041824486485
2026-01-09 05:00:00,22.0,41.98485352878731,1.0178193778972775,7883.105692589361,575.84,1.2093609879967553
2026-01-09 06:00:00,22.0,43.60412291706286,-0.8872034318386617,9710.613124197145,1439.6,1.1851737682368202
2026-01-09 07:00:00,22.0,43.11100028191353,-0.3070591551923907,9154.074918167615,1727.52,1.161470292872084
2026-01-09 08:00:00,22.0,38.16979166422085,5.506127453857825,3577.4268722396546,1439.6,1.138240887014642
2026-01-09 09:00:00,22.0,41.359487827859894,1.7535437319295388,7177.317962522678,863.76,1.1154760692743495
2026-01-09 10:00:00,21.848016965135198,35.90399555937913,8.171769930142197,1020.24938831529,863.76,1.0931665478888624
2026-01-09 11:00:00,22.0,43.40183894567138,-0.6492222890251496,9482.31543408472,1007.72,1.071303216931085
2026-01-09 12:00:00,21.89967276915457,36.18158816375704,7.845190395579953,1333.540401616197,1151.68,1.0498771525924635
2026-01-09 13:00:00,21.929433639122955,37.88813101164183,5.837492927480201,3259.544659738972,1007.72,1.028879609540614
2026-01-09 14:00:00,22.0,38.85390310793622,4.701290461251503,4349.515047616817,863.76,1.0083020173498018
2026-01-09 15:00:00,22.0,39.89411628353673,3.4775102546626644,5523.499637599557,863.76,0.9881359770028058
2026-01-09 16:00:00,21.946291474129318,37.08575925739015,6.781459697188059,2353.987897890525,863.76,0.9683732574627497
2026-01-09 17:00:00,22.0,39.91801518736938,3.4493938972124907,5550.47194046508,1439.6,0.9490057923134947
2026-01-09 18:00:00,22.0,43.53544613512227,-0.8064072177909023,9633.104508098997,1727.52,0.9300256764672247
2026-01-09 19:00:00,22.0,45.80213167859767,-3.473096092467846,12191.28581246533,2015.44,0.9114251629378802
2026-01-09 20:00:00,22.0,43.398594737649574,-0.6454055737053821,9478.65402091131,1727.52,0.8931966596791228
2026-01-09 21:00:00,22.0,44.40598398304786,-1.8305693918210169,10615.593523267817,1439.6,0.8753327264855403
2026-01-09 22:00:00,22.0,47.52826203640545,-5.503837689888772,14139.396534287194,1151.68,0.8578260719558296
2026-01-09 23:00:00,22.0,45.3783168027028,-2.9744903561209446,11712.96834353038,863.76,0.8406695505167129
2026-01-10 00:00:00,22.0,46.375688876226135,-4.1478692661484,12838.602465708818,575.84,0.8238561595063787
2026-01-10 01:00:00,22.0,45.26835469326145,-2.845123168542884,11588.865106814874,575.84,0.8073790363162512
2026-01-10 02:00:00,22.0,43.710416233064805,-1.0122543918409506,9830.57576063694,575.84,0.791231455589926
2026-01-10 03:00:00,22.0,41.866726145345396,1.1567927701818812,7749.787127636815,575.84,0.7754068264781275
2026-01-10 04:00:00,22.0,42.15488863817221,0.8177780727385748,8075.007317041157,575.84,0.7598986899485649
2026-01-10 05:00:00,22.0,44.10643402805992,-1.478157680070494,10277.52144406843,575.84,0.7447007161495937
2026-01-10 06:00:00,22.0,41.37284428099037,1.7378302576583888,7192.392055525734,1439.6,0.7298067018266018
2026-01-10 07:00:00,22.0,41.01273314011499,2.161490423394131,6785.970621933777,1727.52,0.7152105677900698
2026-01-10 08:00:00,22.0,42.56461922287254,0.335742090738198,8537.429254933946,1439.6,0.7009063564342684
2026-01-10 09:00:00,22.0,38.91884120998888,4.624892694130734,4422.804189593447,1151.68,0.686888229305583
2026-01-10 10:00:00,21.87618715838496,35.899170652672794,8.177446290973183,1014.8039986065153,1151.68,0.6731504647194714
2026-01-10 11:00:00,21.999343559143718,38.66072696349926,4.928556513530281,4131.496451005262,1295.64,0.659687455425082
2026-01-10 12:00:00,22.0,41.310110555533186,1.8116346405491988,7121.590772974754,1439.6,0.6464937063165803
2026-01-10 13:00:00,22.0,38.66439544973251,4.924240647373511,4135.636704568111,1295.64,0.6335638321902487
2026-01-10 14:00:00,22.0,41.11882436538743,2.036677217191255,6905.705178776257,1151.68,0.6208925555464437
2026-01-10 15:00:00,22.0,38.12770758225905,5.555638138518766,3529.930777337563,1151.68,0.6084747044355149
2026-01-10 16:00:00,22.0,39.407729514067285,4.049729983450257,4974.563529576338,1151.68,0.5963052103468046
2026-01-10 17:00:00,22.0,41.41056233755849,1.6934560734605972,7234.960654168511,1727.52,0.5843791061398684
2026-01-10 18:00:00,22.0,42.56297925195489,0.337671468288358,8535.578383756294,2015.44,0.5726915240170711
2026-01-10 19:00:00,22.0,43.240783066095005,-0.4597447836411766,9300.547768394825,2159.4,0.5612376935367297
2026-01-10 20:00:00,22.0,43.685933359618055,-0.9834510113153582,9802.944389664937,2015.44,0.5500129396659951
2026-01-10 21:00:00,22.0,45.716962592314886,-3.372897167429273,12095.16398168658,1727.52,0.5390126808726752
2026-01-10 22:00:00,22.0,47.303666610569536,-5.239607777140627,13885.91813668878,1439.6,0.5282324272552217
2026-01-10 23:00:00,22.0,43.34835960000193,-0.5863054117669773,9421.958644562177,1151.68,0.5176677787101172
2026-01-11 00:00:00,22.0,46.05518166004483,-3.770801952993916,12476.878021526598,575.84,0.5073144231359148
2026-01-11 01:00:00,22.0,45.00017453229529,-2.5296170968179847,11286.196977148466,575.84,0.4971681346731965
2026-01-11 02:00:00,22.0,44.45950705588235,-1.893537712802766,10675.99966326882,575.84,0.4872247719797326
2026-01-11 03:00:00,22.0,43.8567282406204,-1.184386165435762,9995.703492364182,575.84,0.4774802765401379
2026-01-11 04:00:00,22.0,45.69549059506733,-3.347635994196848,12070.930685592986,575.84,0.46793067100933516
2026-01-11 05:00:00,22.0,45.72891303308671,-3.3869565095137784,12108.651249141665,575.84,0.45857205758914843
2026-01-11 06:00:00,22.0,43.000777291976384,-0.1773850493839841,9029.677251724548,1439.6,0.44940061643736545
2026-01-11 07:00:00,22.0,40.447305641542606,2.8266992452439896,6147.829147044986,1727.52,0.44041260410861816
2026-01-11 08:00:00,22.0,41.53751477470633,1.544100265051374,7378.239174733566,1439.6,0.43160435202644576
2026-01-11 09:00:00,22.0,40.19920324525444,3.118584417347723,5867.820782594159,1151.68,0.42297226498591683
2026-01-11 10:00:00,21.83792872394567,35.43910802375864,8.71869644263689,495.5773156140037,1151.68,0.41451281968619846
2026-01-11 11:00:00,22.0,41.85307279478488,1.1728555355472017,7734.377956194216,1295.64,0.40622256329247447
2026-01-11 12:00:00,22.0,39.88355779304784,3.489932008179003,5511.583325233795,1439.6,0.398098112026625
2026-01-11 13:00:00,21.856581730096888,35.49162527404149,8.656911442304128,554.8482842832246,1295.64,0.39013614978609246
2026-01-11 14:00:00,22.0,39.13133136952479,4.374904271147308,4662.620583645676,1151.68,0.3823334267903706
2026-01-11 15:00:00,22.0,40.79601172531389,2.4164567937483694,6541.378833189256,1151.68,0.3746867582545632
2026-01-11 16:00:00,22.0,38.313092841081094,5.337537834022241,3739.156580444123,1151.68,0.36719302308947194
2026-01-11 17:00:00,22.0,41.02612350463354,2.1457370533723066,6801.082987329412,1727.52,0.3598491626276825
2026-01-11 18:00:00,22.0,42.59212427157481,0.3033832099119884,8568.471452899332,2015.44,0.3526521793751289
2026-01-11 19:00:00,22.0,42.5529575773848,0.349461673664939,8524.267921836488,2159.4,0.3455991357876263
2026-01-11 20:00:00,22.0,44.818784975950706,-2.3162176187655312,11081.480723857969,2015.44,0.33868715307187375
2026-01-11 21:00:00,22.0,46.133897862943996,-3.8634092505223454,12565.717128118597,1727.52,0.3319134100104362
2026-01-11 22:00:00,22.0,45.13760114984616,-2.6912954704072503,11441.29665771638,1439.6,0.3252751418102275
2026-01-11 23:00:00,22.0,47.002842641512046,-4.885697225308288,13546.408205210497,1151.68,0.31876963897402294
2026-01-12 00:00:00,22.0,45.38182136994598,-2.9786133764070395,11716.923598121037,575.84,0.3123942461945425
2026-01-12 01:00:00,22.0,44.68165664467645,-2.1548901702075955,10926.717689181844,575.84,0.3061463612706516
2026-01-12 02:00:00,22.0,43.494283597579354,-0.7579807030345327,9586.64846822806,575.84,0.30002343404523857
2026-01-12 03:00:00,22.0,42.486690580655655,0.4274228462874649,8449.478989327972,575.84,0.29402296536433375
2026-01-12 04:00:00,22.0,44.389752052774824,-1.8114730032645032,10597.274166761668,575.84,0.2881425060570471
2026-01-12 05:00:00,22.0,42.03097991985215,0.9635530354680556,7935.163937545138,575.84,0.28237965593590614
2026-01-12 06:00:00,22.0,41.162710141449196,1.9850468924127127,6955.234665639564,1439.6,0.27673206281718804
2026-01-12 07:00:00,22.0,40.562723429764254,2.690913612042051,6278.089662831939,1727.52,0.27119742156084425
2026-01-12 08:00:00,22.0,41.11508099861578,2.041081178099083,6901.480415037771,1439.6,0.26577347312962735
2026-01-12 09:00:00,22.0,41.343552225154724,1.7722914998179684,7159.333041309623,863.76,0.2604580036670348
2026-01-12 10:00:00,22.0,38.20211041571976,5.468105393270874,3613.9018151813198,863.76,0.25524884359369415
2026-01-12 11:00:00,22.0,41.61751854634535,1.4499781807701728,7468.531431405365,1007.72,0.25014386672182026
2026-01-12 12:00:00,22.0,39.05532703536613,4.464321134863377,4576.842092114219,1151.68,0.24514098938738385
2026-01-12 13:00:00,22.0,43.057024917219785,-0.2435587261409235,9093.15832157425,1007.72,0.24023816959963615
2026-01-12 14:00:00,22.0,41.32739774684195,1.7912967684212284,7141.101097085829,863.76,0.23543340620764344
2026-01-12 15:00:00,22.0,41.08696463932636,2.074159247851341,6869.748291943732,863.76,0.23072473808349053
2026-01-12 16:00:00,22.0,38.43556884703022,5.193448415258569,3877.383000758305,863.76,0.2261102433218207
2026-01-12 17:00:00,22.0,39.95023160516417,3.411492229218622,5586.831389588283,1439.6,0.22158803845538427
2026-01-12 18:00:00,22.0,42.94168896253181,-0.1078693676844841,8962.990163113405,1727.52,0.21715627768627657
2026-01-12 19:00:00,22.0,41.64005610162799,1.4234634098494183,7493.967316297351,2015.44,0.21281315213255103
2026-01-12 20:00:00,22.0,42.191040962253325,0.7752459267607945,8115.808829999104,1727.52,0.2085568890899
2026-01-12 21:00:00,22.0,44.67729329827129,-2.1497568214956315,10921.793216428976,1439.6,0.204385751308102
2026-01-12 22:00:00,22.0,47.29792921803036,-5.232857903565134,13879.442915469068,1151.68,0.20029803628193996
2026-01-12 23:00:00,22.0,45.63759873649522,-3.2795279252885017,12005.593934008508,863.76,0.19629207555630113
2026-01-13 00:00:00,22.0,45.56641708879263,-3.1957848103442728,11925.258326411367,575.84,0.1923662340451751
2026-01-13 01:00:00,22.0,47.37932027379422,-5.328612086816725,13971.30086100416,575.84,0.18851890936427163
2026-01-13 02:00:00,22.0,44.320506824886145,-1.7300080292778186,10519.124002566505,575.84,0.1847485311769862
2026-01-13 03:00:00,22.0,43.92848290372026,-1.2688034161414792,10076.685805138684,575.84,0.18105356055344646
2026-01-13 04:00:00,22.0,42.94342741017988,-0.1099146002116262,8964.952175129012,575.84,0.17743248934237754
2026-01-13 05:00:00,22.0,42.40581548816392,0.522570013924804,8358.203359941797,575.84,0.17388383955553
2026-01-13 06:00:00,22.0,40.75926684030453,2.4596860702299663,6499.90855596769,1439.6,0.1704061627644194
2026-01-13 07:00:00,22.0,41.42487289403559,1.6766201246640198,7251.111548208565,1727.52,0.16699803950913097
2026-01-13 08:00:00,22.0,39.956965317469376,3.4035702147419067,5594.4310572959375,1439.6,0.16365807871894836
2026-01-13 09:00:00,22.0,40.27199542718314,3.032946556255126,5949.974039118895,863.76,0.1603849171445694
2026-01-13 10:00:00,22.0,40.04916229369022,3.295103183893854,5698.484564658786,863.76,0.157177218801678
2026-01-13 11:00:00,21.906945213921315,36.44082781832164,7.540202566680424,1626.1182757577994,1007.72,0.15403367442564445
2026-01-13 12:00:00,22.0,42.07440679259504,0.912462596947007,7984.175506122765,1151.68,0.15095300093713157
2026-01-13 13:00:00,21.97218629013567,37.22536020905492,6.617223283464801,2511.5415319393824,1007.72,0.14793394091838893
2026-01-13 14:00:00,22.0,40.11043311539053,3.2230198642464343,5767.6348140297505,863.76,0.14497526210002115
2026-01-13 15:00:00,22.0,40.87090184595904,2.328350769459949,6625.899823349373,863.76,0.1420757568580207
2026-01-13 16:00:00,22.0,39.855318277088806,3.523154968130814,5479.712207522427,863.76,0.1392342417208603
2026-01-13 17:00:00,22.0,43.65235158764813,-0.9439430442919216,9765.044001819677,1439.6,0.13644955688644309
2026-01-13 18:00:00,22.0,43.387239222308544,-0.6320461438924057,9465.838186297424,1727.52,0.13372056574871422
2026-01-13 19:00:00,22.0,44.32352215242065,-1.7335554734360672,10522.527101221947,2015.44,0.13104615443373993
2026-01-13 20:00:00,22.0,44.07637703891466,-1.4427965163701886,10243.599126119083,1727.52,0.12842523134506514
2026-01-13 21:00:00,22.0,45.771197125907435,-3.4367025010675656,12156.373076299133,1439.6,0.12585672671816384
2026-01-13 22:00:00,22.0,42.22258460728033,0.7381357561407844,8151.408987776584,1151.68,0.12333959218380054
2026-01-13 23:00:00,22.0,42.229219731336315,0.730329727839635,8158.897388786166,863.76,0.12087280034012453
2026-01-14 00:00:00,22.0,48.837388988671705,-7.043987045496126,15616.877212614889,575.84,0.11845534433332203
2026-01-14 01:00:00,22.0,44.35879921128108,-1.7750578956248009,10562.340789851829,575.84,0.11608623744665558
2026-01-14 02:00:00,22.0,43.484758526435215,-0.746774736982605,9575.898472934785,575.84,0.11376451269772246
2026-01-14 03:00:00,22.0,43.48108821196938,-0.7424567199639796,9571.756156028641,575.84,0.11148922244376802
2026-01-14 04:00:00,22.0,44.81879293825588,-2.3162269861833886,11081.48971011559,575.84,0.10925943799489266
2026-01-14 05:00:00,22.0,43.29494720901809,-0.5234673047271658,9361.677420097818,575.84,0.10707424923499481
2026-01-14 06:00:00,22.0,43.27206691312208,-0.496549309555391,9335.854718149583,1439.6,0.10493276425029491
2026-01-14 07:00:00,22.0,41.834464099621435,1.1947481180924258,7713.376182832752,1727.52,0.10283410896528901
2026-01-14 08:00:00,22.0,42.3569405487342,0.5800699426656477,8303.043103301421,1439.6,0.10077742678598323
2026-01-14 09:00:00,22.0,39.790977940744476,3.5988494814770893,5407.097703924216,863.76,0.09876187825026356
2026-01-14 10:00:00,22.0,41.61027653635153,1.4584981925276148,7460.358098926335,863.76,0.09678664068525829
2026-01-14 11:00:00,22.0,39.056080932805,4.463434196699998,4577.692940763726,1007.72,0.0948509078715531
2026-01-14 12:00:00,22.0,40.7225888714696,2.502836621800471,6458.513800340588,1151.68,0.09295388971412205
2026-01-14 13:00:00,22.0,38.36426437557178,5.2773360287390805,3796.9087742703096,1007.72,0.09109481191983962
2026-01-14 14:00:00,22.0,40.21052688073582,3.105262493251974,5880.600637598447,863.76,0.08927291568144281
2026-01-14 15:00:00,22.0,39.10185035257902,4.409587820495265,4629.3483079206835,863.76,0.08748745736781396
2026-01-14 16:00:00,22.0,38.461312761779865,5.163161456729564,3906.4375829447563,863.76,0.08573770822045768
2026-01-14 17:00:00,22.0,38.41795545527342,5.2141700526195,3857.504526821584,1439.6,0.08402295405604852
2026-01-14 18:00:00,22.0,46.297607801334834,-4.056009178040981,12750.480164586495,1727.52,0.08234249497492756
2026-01-14 19:00:00,22.0,44.298114712934,-1.7036643681576489,10493.852265017316,2015.44,0.080695645075429
2026-01-14 20:00:00,22.0,44.21524633109043,-1.6061721542240268,10400.327009268656,1727.52,0.07908173217392042
2026-01-14 21:00:00,22.0,43.62160576478574,-0.9077714879832224,9730.344266137188,1439.6,0.07750009753044201
2026-01-14 22:00:00,22.0,47.75008902992979,-5.764810623446812,14389.750479178761,1151.68,0.07595009557983319
2026-01-14 23:00:00,22.0,46.953704900943194,-4.827888118756705,13490.95135120449,863.76,0.07443109366823653
2026-01-15 00:00:00,22.0,45.17839275548291,-2.73928559468578,11487.334063838014,575.84,0.07294247179487179
2026-01-15 01:00:00,22.0,45.1398377987875,-2.693926822102939,11443.82093971157,575.84,0.07148362235897436
2026-01-15 02:00:00,22.0,44.30253508195293,-1.7088648022975683,10498.841093492081,575.84,0.07005394991179487
2026-01-15 03:00:00,22.0,43.64991432032446,-0.9410756709699576,9762.29330191819,575.84,0.06865287091355897
2026-01-15 04:00:00,22.0,43.12438946370304,-0.3228111337682747,9169.185948735252,575.84,0.06727981349528779
2026-01-15 05:00:00,22.0,42.55077071507503,0.3520344528529024,8521.799829033682,575.84,0.06593421722538204
2026-01-15 06:00:00,22.0,41.905242385345176,1.1114795466527356,7793.256556100566,1439.6,0.06461553288087438
2026-01-15 07:00:00,22.0,39.98991799412001,3.364802359858808,5631.621448163847,1727.52,0.06332322222325688
2026-01-15 08:00:00,22.0,44.10684853315918,-1.4786453331284504,10277.989254523452,1439.6,0.06205675777879175
2026-01-15 09:00:00,21.936704114492425,36.97047001611464,6.91709409868866,2223.872460186982,863.76,0.06081562262321591
2026-01-15 10:00:00,22.0,42.80313311362946,0.0551375133771063,8806.616032042206,863.76,0.05959931017075158
2026-01-15 11:00:00,22.0,40.55042727935481,2.7053796713472886,6264.212227479836,1007.72,0.058407323967336555
2026-01-15 12:00:00,22.0,38.98549335430525,4.546478406699711,4498.027799668904,1151.68,0.05723917748798982
2026-01-15 13:00:00,22.0,37.57241027576444,6.2089290873359575,2903.2222372277474,1007.72,0.05609439393823002
2026-01-15 14:00:00,22.0,44.14746734149225,-1.5264321664614773,10323.831641608156,863.76,0.05497250605946542
2026-01-15 15:00:00,22.0,39.64364829466686,3.772178476862521,5240.821465361019,863.76,0.05387305593827611
2026-01-15 16:00:00,22.0,38.952928432993254,4.584790078831469,4461.275029476186,863.76,0.052795594819510586
2026-01-15 17:00:00,22.0,39.429334449403015,4.0243124124670375,4998.9468595962435,1439.6,0.051739682923120374
2026-01-15 18:00:00,22.0,43.185460419445675,-0.3946593169949171,9238.11062938639,1727.52,0.050704889264657965
2026-01-15 19:00:00,22.0,43.391404741172124,-0.6369467543201477,9470.539390886861,2015.44,0.0496907914793648
2026-01-15 20:00:00,22.0,44.747451819117465,-2.2322962577852543,11000.974123055972,1727.52,0.048696975649777506
2026-01-15 21:00:00,22.0,45.0717099670286,-2.613776431798357,11366.931868788482,1439.6,0.04772303613678196
2026-01-15 22:00:00,22.0,46.69859150910543,-4.527754716594624,13203.030377176387,1151.68,0.04676857541404632
2026-01-15 23:00:00,22.0,46.79587648558339,-4.64220763009811,13312.826201629417,863.76,0.04583320390576539
2026-01-16 00:00:00,22.0,44.661559232551774,-2.131246155943264,10904.035749857932,575.84,0.04491653982765008
2026-01-16 01:00:00,22.0,45.060401674819175,-2.600472558610789,11354.169330200923,575.84,0.04401820903109708
2026-01-16 02:00:00,22.0,44.108789309963285,-1.4809285999568074,10280.179615224564,575.84,0.043137844850475136
2026-01-16 03:00:00,22.0,44.04033859354284,-1.400398345344516,10202.926136672453,575.84,0.04227508795346563
2026-01-16 04:00:00,22.0,42.50262437804909,0.4086772022951914,8467.461873066206,575.84,0.041429586194396316
2026-01-16 05:00:00,22.0,41.38702095648508,1.7211518158999064,7208.391851489063,575.84,0.04060099447050839
2026-01-16 06:00:00,22.0,44.96091825377238,-2.483433239732208,11241.892341207506,1439.6,0.03978897458109822
2026-01-16 07:00:00,22.0,42.572341652355846,0.3266568795813578,8546.14478884881,1727.52,0.038993195089476254
2026-01-16 08:00:00,22.0,40.69333912773307,2.537248085019922,6425.502539559542,1439.6,0.03821333118768673
2026-01-16 09:00:00,22.0,39.634388737294216,3.783072073771508,5230.371128910253,863.76,0.037449064563932995
2026-01-16 10:00:00,22.0,40.19466760262357,3.123920467501687,5862.701856320959,863.76,0.03670008327265434
2026-01-16 11:00:00,21.967201041612828,37.16541194993705,6.6877506471328845,2443.8839266989576,1007.72,0.035966081607201245
2026-01-16 12:00:00,21.78888437609934,35.23408777390598,8.959896736581197,264.19146163029296,1151.68,0.03524675997505722
2026-01-16 13:00:00,21.863875545535965,38.39937686612822,5.236027216319741,3836.5367311123114,1007.72,0.034541824775556076
2026-01-16 14:00:00,21.965383364918694,38.91213387239595,4.632783679534178,4415.234288386067,863.76,0.03385098828004495
2026-01-16 15:00:00,22.0,38.15176131028838,5.527339634954853,3557.0778147914643,863.76,0.033173968514444055
2026-01-16 16:00:00,22.0,43.47192758384584,-0.7316795104068721,9561.417471128416,863.76,0.03251048914415517
2026-01-16 17:00:00,22.0,41.07161804790613,2.0922140612869047,6852.428128866857,1439.6,0.031860279361272066
2026-01-16 18:00:00,22.0,40.33563909670522,2.958071650935034,6021.802284541514,1727.52,0.031223073774046626
2026-01-16 19:00:00,22.0,43.97334654859046,-1.3215841748123067,10127.318914739199,2015.44,0.030598612298565694
2026-01-16 20:00:00,22.0,45.785152985833335,-3.453121159803929,12172.123659811503,1727.52,0.029986640052594375
2026-01-16 21:00:00,22.0,44.72003259320388,-2.200038344945745,10970.028784689903,1439.6,0.029386907251542492
2026-01-16 22:00:00,22.0,45.04765160931035,-2.585472481541595,11339.779606267663,1151.68,0.02879916910651164
2026-01-16 23:00:00,22.0,46.82885668863911,-4.68100786898719,13350.047658798097,863.76,0.028223185724381403
2026-01-17 00:00:00,22.0,41.836525830713384,1.192322552101902,7715.703052543126,575.84,0.027658722009893777
2026-01-17 01:00:00,22.0,46.09793165709634,-3.821096067172165,12525.12566819893,575.84,0.027105547569695902
2026-01-17 02:00:00,22.0,46.905707270292254,-4.771420317990891,13436.78122525184,575.84,0.026563436618301982
2026-01-17 03:00:00,22.0,44.5633192984543,-2.0156697628874127,10793.162160235528,575.84,0.026032167885935945
2026-01-17 04:00:00,22.0,42.15663691590237,0.8157212754089826,8076.980423287413,575.84,0.025511524528217228
2026-01-17 05:00:00,22.0,42.85038053005158,-0.000447682413621,8859.939466216216,575.84,0.025001294037652885
2026-01-17 06:00:00,22.0,41.1744903359252,1.9711878400880043,6968.529793125181,1439.6,0.024501268156899826
2026-01-17 07:00:00,22.0,42.60158325701779,0.2922549917437684,8579.146863870283,1727.52,0.02401124279376183
2026-01-17 08:00:00,22.0,37.77092964111402,5.975376892807027,3127.2711929612865,1439.6,0.023531017937886593
2026-01-17 09:00:00,22.0,38.64092819650439,4.951849180583077,4109.151562574855,1151.68,0.02306039757912886
2026-01-17 10:00:00,21.990551856613624,37.27442096004097,6.559504752892973,2566.9114955022396,1151.68,0.02259918962754628
2026-01-17 11:00:00,22.0,38.095079115409376,5.594024570106612,3493.1062896510225,1295.64,0.022147205834995357
2026-01-17 12:00:00,22.0,37.19769713586106,6.649768075457569,2480.3209875327957,1439.6,0.02170426171829545
2026-01-17 13:00:00,22.0,40.200041542068455,3.117598185801818,5868.766884378459,1295.64,0.02127017648392954
2026-01-17 14:00:00,22.0,39.890911335505166,3.48128078175863,5519.882533251131,1151.68,0.020844772954250947
2026-01-17 15:00:00,21.99324612875908,37.30681993152049,6.52138831585825,2603.4769747140213,1151.68,0.020427877495165926
2026-01-17 16:00:00,22.0,37.648438689617265,6.119483894567928,2989.0279051020457,1151.68,0.02001931994526261
2026-01-17 17:00:00,22.0,43.070026766173854,-0.2588550190280698,9107.832208303813,1727.52,0.019618933546357353
2026-01-17 18:00:00,22.0,41.57544868463152,1.4994721357276248,7421.051385475132,2015.44,0.019226554875430207
2026-01-17 19:00:00,22.0,43.612589214173454,-0.897163781380538,9720.168187116162,2159.4,0.0188420237779216
2026-01-17 20:00:00,22.0,44.884953497920264,-2.3940629387297223,11156.158517752812,2015.44,0.01846518330236317
2026-01-17 21:00:00,22.0,43.91993557392999,-1.2587477340352886,10067.03928873739,1727.52,0.018095879636315905
2026-01-17 22:00:00,22.0,43.004849387845894,-0.1821757504069374,9034.273019122877,1439.6,0.017733962043589586
2026-01-17 23:00:00,22.0,44.5163216047997,-1.9603783585878856,10740.120563176943,1151.68,0.017379282802717794
2026-01-18 00:00:00,22.0,45.94317116486236,-3.63902489983807,12350.462976663664,575.84,0.017031697146663437
2026-01-18 01:00:00,22.0,44.408883803493055,-1.8339809452859528,10618.866260622262,575.84,0.016691063203730167
2026-01-18 02:00:00,22.0,45.55644586795462,-3.1840539622995565,11914.004806573588,575.84,0.016357241939655563
2026-01-18 03:00:00,22.0,43.703568744792236,-1.0041985232849862,9822.847685372519,575.84,0.01603009710086245
2026-01-18 04:00:00,22.0,41.32600830922525,1.7929314009114667,7139.5329777916195,575.84,0.015709495158845205
2026-01-18 05:00:00,22.0,46.41115617415998,-4.189595499011738,12878.630858156952,575.84,0.015395305255668299
2026-01-18 06:00:00,22.0,40.64467109248194,2.594504597080067,6370.575794975121,1439.6,0.015087399150554931
2026-01-18 07:00:00,22.0,43.736408613321224,-1.042833662730854,9859.910760994335,1727.52,0.014785651167543832
2026-01-18 08:00:00,22.0,38.211842892074415,5.456655421088923,3624.8858879951854,1439.6,0.014489938144192957
2026-01-18 09:00:00,22.0,40.6787804807496,2.5543759050004686,6409.071650574001,1151.68,0.014200139381309096
2026-01-18 10:00:00,22.0,41.12555496906393,2.0287588599247863,6913.301338085549,1151.68,0.013916136593682916
2026-01-18 11:00:00,22.0,37.5338945045663,6.254241759333768,2859.7533378535245,1295.64,0.013637813861809258
2026-01-18 12:00:00,22.0,37.9809108926579,5.728340126284822,3364.2560334537097,1439.6,0.013365057584573072
2026-01-18 13:00:00,22.0,40.414469925651986,2.8653294992329563,6110.770758090832,1295.64,0.013097756432881611
2026-01-18 14:00:00,22.0,41.185613214319176,1.958102100800968,6981.083073680623,1151.68,0.012835801304223978
2026-01-18 15:00:00,22.0,39.91455547270092,3.453464149763626,5546.567306490258,1151.68,0.012579085278139498
2026-01-18 16:00:00,22.0,42.34694781529103,0.5918260996576068,8291.76530433746,1151.68,0.012327503572576707
2026-01-18 17:00:00,22.0,42.9245193006216,-0.0876697654371714,8943.612482681536,1727.52,0.012080953501125173
2026-01-18 18:00:00,22.0,41.80344465628356,1.2312415808428676,7678.367639081626,2015.44,0.011839334431102671
2026-01-18 19:00:00,22.0,44.52196653158224,-1.9670194489202768,10746.491427543713,2159.4,0.011602547742480616
2026-01-18 20:00:00,22.0,42.97488320695487,-0.1469214199469131,9000.453187369269,2015.44,0.011370496787631005
2026-01-18 21:00:00,22.0,41.87091894303235,1.151860067020765,7754.519119106311,1727.52,0.011143086851878384
2026-01-18 22:00:00,22.0,45.19703057819808,-2.761212444938918,11508.368710554356,1439.6,0.010920225114840816
2026-01-18 23:00:00,22.0,45.06289100400734,-2.603401181185104,11356.978787122685,1151.68,0.010701820612543999
2026-01-19 00:00:00,22.0,41.969235554179676,1.0361934656709737,7865.479246447183,575.84,0.010487784200293119
2026-01-19 01:00:00,22.0,47.303069708924326,-5.238905539910967,13885.244473491995,575.84,0.010278028516287256
2026-01-19 02:00:00,22.0,42.91938654105983,-0.0816312247762707,8937.819650240124,575.84,0.01007246794596151
2026-01-19 03:00:00,22.0,42.583705139583046,0.3132880710787744,8558.969620533426,575.84,0.009871018587042282
2026-01-19 04:00:00,22.0,42.24766052340457,0.7086346783475665,8179.709666714398,575.84,0.009673598215301435
2026-01-19 05:00:00,22.0,40.684013407103095,2.5482195210551795,6414.977531256553,575.84,0.009480126250995407
2026-01-19 06:00:00,22.0,41.52302255787035,1.561149931917238,7361.883258812476,1439.6,0.009290523725975499
2026-01-19 07:00:00,22.0,42.110995389170185,0.8694171892115481,8025.4693962174715,1727.52,0.00910471325145599
2026-01-19 08:00:00,22.0,38.43922540492503,5.189146582441135,3881.5097919983923,1439.6,0.00892261898642687
2026-01-19 09:00:00,21.994876890715837,37.670005184053814,6.09411154817198,3013.3678507231343,863.76,0.008744166606698332
2026-01-19 10:00:00,21.948838199032537,37.17647999459432,6.67472941812433,2456.375321899146,863.76,0.008569283274564365
2026-01-19 11:00:00,22.0,38.64019865067446,4.9527074697947455,4108.3281971512,1007.72,0.008397897609073078
2026-01-19 12:00:00,22.0,39.817530673142656,3.567610972773347,5437.065117708802,1151.68,0.008229939656891616
2026-01-19 13:00:00,22.0,38.39053635862743,5.246427813379495,3826.559334346917,1007.72,0.008065340863753783
2026-01-19 14:00:00,21.976891006519047,37.453722597267586,6.348561650273426,2769.2713232761976,863.76,0.007904034046478707
2026-01-19 15:00:00,21.98767167468992,37.85443890120379,5.877130704466121,3221.5197438986006,863.76,0.007745953365549133
2026-01-19 16:00:00,22.0,41.03044941602681,2.14064774585081,6805.965210927861,863.76,0.00759103429823815
2026-01-19 17:00:00,22.0,40.58388132323486,2.666021972664864,6301.9684614028665,1439.6,0.007439213612273387
2026-01-19 18:00:00,22.0,44.22492311762612,-1.6175566089719116,10411.24823055284,1727.52,0.007290429340027919
2026-01-19 19:00:00,22.0,41.205569578238624,1.934624025601619,7003.605826000112,2015.44,0.00714462075322736
2026-01-19 20:00:00,22.0,45.03162488643261,-2.566617513450126,11321.691846827845,1727.52,0.007001728338162813
2026-01-19 21:00:00,22.0,43.06922894476263,-0.2579164056030938,9106.931787059102,1439.6,0.006861693771399557
2026-01-19 22:00:00,22.0,46.89830415443036,-4.762710769918077,13428.426068690109,1151.68,0.0067244598959715655
2026-01-19 23:00:00,22.0,43.53074076844502,-0.8008714922882576,9627.794031267053,863.76,0.006589970698052134
2026-01-20 00:00:00,22.0,44.85288017696129,-2.356329619954459,11119.960567718515,575.84,0.006458171284091091
2026-01-20 01:00:00,22.0,46.61245589193164,-4.426418696390166,13105.81771963405,575.84,0.006329007858409269
2026-01-20 02:00:00,22.0,43.769180525030194,-1.0813888529767035,9896.897140549077,575.84,0.006202427701241084
2026-01-20 03:00:00,22.0,45.40777793210333,-3.0091505083568517,11746.218174171818,575.84,0.006078379147216262
2026-01-20 04:00:00,22.0,42.42575643634328,0.4991100748902568,8380.708714057024,575.84,0.005956811564271937
2026-01-20 05:00:00,22.0,43.3459742614958,-0.5834991311715259,9419.266551524159,575.84,0.005837675332986498
2026-01-20 06:00:00,22.0,44.925780113570426,-2.4420942512593258,11202.235436175584,1439.6,0.005720921826326768
2026-01-20 07:00:00,22.0,42.79012285546902,0.0704436994482089,8791.93265468234,1727.52,0.0056065033898002326
2026-01-20 08:00:00,22.0,41.031705004768384,2.1391705826254315,6807.382268381599,1439.6,0.005494373322004227
2026-01-20 09:00:00,21.961605766260405,37.269915603593155,6.564805172243346,2561.8267502152353,863.76,0.0053844858555641435
2026-01-20 10:00:00,21.945246253234004,37.52356945523323,6.2663888761962045,2848.1004871762225,863.76,0.0052767961384528606
2026-01-20 11:00:00,21.813156409719234,35.955287789669526,8.111426129800556,1078.1377994210277,1007.72,0.005171260215683803
2026-01-20 12:00:00,21.684746590060886,35.78882013274924,8.307270432059717,890.2624018207888,1151.68,0.005067835011370128
2026-01-20 13:00:00,21.864206140550646,39.62492855842172,3.7942016959744422,5219.694371034756,1007.72,0.004966478311142724
2026-01-20 14:00:00,22.0,39.37594128872292,4.087127895620096,4938.687338452689,863.76,0.00486714874491987
2026-01-20 15:00:00,22.0,40.29501281532765,3.0058672760851133,5975.951463378789,863.76,0.004769805770021472
2026-01-20 16:00:00,22.0,41.44156802901183,1.656978789397847,7269.953677542756,863.76,0.004674409654621042
2026-01-20 17:00:00,22.0,44.25055625252341,-1.647713238262833,10440.177786597922,1439.6,0.004580921461528622
2026-01-20 18:00:00,22.0,42.02507112062863,0.9705045639663156,7928.495266741474,1727.52,0.00448930303229805
2026-01-20 19:00:00,22.0,45.06544626265746,-2.606407367832304,11359.86265203521,2015.44,0.004399516971652088
2026-01-20 20:00:00,22.0,43.75809219860835,-1.0683437630686536,9884.382855349388,1727.52,0.004311526632219046
2026-01-20 21:00:00,22.0,40.80735267977718,2.4031144943797806,6554.178234396529,1439.6,0.004225296099574665
2026-01-20 22:00:00,22.0,45.810373036629294,-3.4827918077991704,12200.587009139823,1151.68,0.004140790177583172
2026-01-20 23:00:00,22.0,44.95303199981512,-2.4741552939001386,11232.991914991342,863.76,0.004057974374031509
2026-01-21 00:00:00,22.0,43.858697744124214,-1.1867032283814338,9997.92627401859,575.84,0.003976814886550878
2026-01-21 01:00:00,22.0,44.80765261304079,-2.3031207212244595,11068.916739077833,575.84,0.0038972785888198606
2026-01-21 02:00:00,22.0,44.447263253365186,-1.8791332392531623,10662.181307747951,575.84,0.0038193330170434633
2026-01-21 03:00:00,22.0,45.020247193303994,-2.55323199212235,11308.85098236289,575.84,0.0037429463567025937
2026-01-21 04:00:00,22.0,44.094192557604096,-1.463755950122465,10263.705720511984,575.84,0.0036680874295685418
2026-01-21 05:00:00,22.0,44.51200264106788,-1.9552972247857396,10735.246180709211,575.84,0.003594725680977171
2026-01-21 06:00:00,22.0,40.561723484888006,2.692090017778815,6276.961125044604,1439.6,0.0035228311673576275
2026-01-21 07:00:00,22.0,44.080551062895395,-1.4477071328181088,10248.309929583744,1727.52,0.0034523745440104745
2026-01-21 08:00:00,22.0,38.64914982475025,4.942176676764404,4118.430492213137,1439.6,0.0033833270531302647
2026-01-21 09:00:00,22.0,41.98212419803265,1.021030355255705,7880.02536989965,863.76,0.0033156605120676593
2026-01-21 10:00:00,21.974010261156486,37.4190812612026,6.389316163291059,2730.175111393254,863.76,0.0032493473018263062
2026-01-21 11:00:00,22.0,39.317341985177876,4.15606825273191,4872.552164471752,1007.72,0.00318436035578978
2026-01-21 12:00:00,22.0,40.694176769826235,2.5362626237338395,6426.44790242589,1151.68,0.0031206731486739846
2026-01-21 13:00:00,22.0,37.731044493981784,6.022300595315546,3082.256815907842,1007.72,0.003058259685700505
2026-01-21 14:00:00,21.97879420599984,37.476608817504086,6.321636685289305,2795.1007114351123,863.76,0.002997094491986495
2026-01-21 15:00:00,22.0,40.34057064574175,2.9522698285391167,6027.36803078414,863.76,0.002937152602146765
2026-01-21 16:00:00,22.0,39.074962067245814,4.441221097357866,4599.002189093626,863.76,0.0028784095501038294
2026-01-21 17:00:00,22.0,45.00465888758933,-2.5348928089286167,11291.258020533318,1439.6,0.002820841359101753
2026-01-21 18:00:00,22.0,44.245013692569216,-1.6411925794932003,10433.922453433619,1727.52,0.002764424531919718
2026-01-21 19:00:00,22.0,40.682889571551726,2.5495416805273745,6413.709170453279,2015.44,0.0027091360412813234
2026-01-21 20:00:00,22.0,44.080237766136456,-1.4473385483958312,10247.956342861606,1727.52,0.0026549533204556965
2026-01-21 21:00:00,22.0,47.569925710997296,-5.552853777643884,14186.41815743155,1439.6,0.0026018542540465826
2026-01-21 22:00:00,22.0,46.13255887961848,-3.8618339760217406,12564.205951537417,1151.68,0.002549817168965651
2026-01-21 23:00:00,22.0,46.85392861267547,-4.7105042502064345,13378.343832265535,863.76,0.002498820825586338
2026-01-22 00:00:00,22.0,45.68213494350397,-3.3319234629458494,12055.85749723858,575.84,0.0024488444090746114
2026-01-22 01:00:00,22.0,45.91442448185583,-3.605205272771568,12318.019470222494,575.84,0.0023998675208931194
2026-01-22 02:00:00,22.0,44.64030243367222,-2.1062381572614326,10880.045326642467,575.84,0.002351870170475257
2026-01-22 03:00:00,22.0,44.52225534377564,-1.9673592279713392,10746.817380985189,575.84,0.0023048327670657518
2026-01-22 04:00:00,22.0,41.388443266437065,1.7194785100740375,7209.997070500873,575.84,0.0022587361117244365
2026-01-22 05:00:00,22.0,42.15825213382513,0.8138210190292552,8078.803358235043,575.84,0.002213561389489948
2026-01-22 06:00:00,22.0,41.22195826097091,1.9153432223871725,7022.102093331768,1439.6,0.002169290161700149
2026-01-22 07:00:00,22.0,39.139248136030744,4.365590428199127,4671.555446324299,1727.52,0.0021259043584661457
2026-01-22 08:00:00,22.0,40.96090687573029,2.2224624991408364,6727.479499949203,1439.6,0.0020833862712968227
2026-01-22 09:00:00,22.0,41.74102859767517,1.3046722380292195,7607.924875336195,863.76,0.0020417185458708863
2026-01-22 10:00:00,21.939464505482043,37.00366407525809,6.878042264402253,2261.335275336277,863.76,0.002000884174953469
2026-01-22 11:00:00,22.0,38.48492121883338,5.135386801372498,3933.082087575351,1007.72,0.0019608664914543992
2026-01-22 12:00:00,22.0,38.36310294657182,5.278702415797857,3795.597985500958,1151.68,0.001921649161625311
2026-01-22 13:00:00,22.0,39.79251305721857,3.5970434620958,5408.83023637688,1007.72,0.001883216178392805
2026-01-22 14:00:00,22.0,40.10416769340899,3.2303909489306006,5760.563658781386,863.76,0.0018455518548249486
2026-01-22 15:00:00,22.0,38.1564089680553,5.521871802287878,3562.323161347215,863.76,0.0018086408177284497
2026-01-22 16:00:00,22.0,38.626085143166065,4.969311596275221,4092.399692577222,863.76,0.0017724680013738805
2026-01-22 17:00:00,22.0,39.787515456882105,3.6029229919034007,5403.1899446371435,1439.6,0.001737018641346403
2026-01-22 18:00:00,22.0,40.65196527074269,2.5859232108909502,6378.808004560204,1727.52,0.0017022782685194749
2026-01-22 19:00:00,22.0,41.91263454000698,1.1027828941094346,7801.599341851875,2015.44,0.0016682327031490854
2026-01-22 20:00:00,22.0,43.47641135886713,-0.7369545398436858,9566.477859617447,1727.52,0.0016348680490861037
2026-01-22 21:00:00,22.0,44.702308519379926,-2.179186493388149,10950.025394972186,1439.6,0.0016021706881043816
2026-01-22 22:00:00,22.0,42.886935827966454,-0.0434539152546471,8901.19577544294,1151.68,0.001570127274342294
2026-01-22 23:00:00,22.0,45.91947328921657,-3.611145046137141,12323.717554209821,863.76,0.0015387247288554482
2026-01-23 00:00:00,22.0,44.77103533640273,-2.260041572238506,11027.590480664125,575.84,0.0015079502342783392
2026-01-23 01:00:00,22.0,46.65096990590505,-4.471729301064766,13149.28463580444,575.84,0.0014777912295927723
2026-01-23 02:00:00,22.0,46.06529473551286,-3.782699688838656,12488.291638499812,575.84,0.0014482354050009169
2026-01-23 03:00:00,22.0,44.805625821391544,-2.300736260460643,11066.629302022498,575.84,0.0014192706969008986
2026-01-23 04:00:00,22.0,45.066695240436175,-2.607876753454327,11361.272248356268,575.84,0.0013908852829628807
2026-01-23 05:00:00,22.0,41.523636650035456,1.5604274705465178,7362.576323230017,575.84,0.001363067577303623
2026-01-23 06:00:00,22.0,44.291658227626556,-1.6960685030900589,10486.565475699332,1439.6,0.0013358062257575506
2026-01-23 07:00:00,22.0,40.951324886903606,2.233735427172229,6716.665267359411,1727.52,0.0013090901012423994
2026-01-23 08:00:00,22.0,40.07473623536829,3.2650161936843625,5727.347315236655,1439.6,0.0012829082992175513
2026-01-23 09:00:00,22.0,42.67419622710919,0.2068279681068281,8661.097861915436,863.76,0.0012572501332332002
2026-01-23 10:00:00,22.0,39.805254122023044,3.582053974090537,5423.209802115208,863.76,0.0012321051305685363
2026-01-23 11:00:00,22.0,38.281162975935324,5.375102381252559,3703.120534640607,1007.72,0.0012074630279571654
2026-01-23 12:00:00,22.0,37.871162411400086,5.857455986588136,3240.393897506137,1151.68,0.0011833137673980222
2026-01-23 13:00:00,22.0,39.06317444523745,4.455088887955941,4585.698678894987,1007.72,0.0011596474920500617
2026-01-23 14:00:00,22.0,37.904803679515695,5.817878024099186,3278.3614327014134,863.76,0.0011364545422090605
2026-01-23 15:00:00,22.0,39.78167458126701,3.609794610274109,5396.597932417951,863.76,0.0011137254513648792
2026-01-23 16:00:00,22.0,40.2767900494724,3.0273058241501136,5955.385249834555,863.76,0.0010914509423375818
2026-01-23 17:00:00,22.0,40.69220366937429,2.5385839183831918,6424.221061255821,1439.6,0.00106962192349083
2026-01-23 18:00:00,22.0,40.424100631151916,2.853999257468338,6121.639972318053,1727.52,0.0010482294850210133
2026-01-23 19:00:00,22.0,44.028705357454974,-1.386712185241147,10189.796866423685,2015.44,0.001027264895320593
2026-01-23 20:00:00,22.0,44.5275971832811,-1.9736437450365936,10752.846181051053,1727.52,0.0010067195974141812
2026-01-23 21:00:00,22.0,45.54128709197393,-3.1662201082046177,11896.896612001776,1439.6,0.0009865852054658974
2026-01-23 22:00:00,22.0,45.509222490308375,-3.1284970474216203,11860.708502562033,1151.68,0.0009668535013565795
2026-01-23 23:00:00,22.0,42.85954957064723,-0.0112347889967439,8870.287645432467,863.76,0.0009475164313294479
2026-01-24 00:00:00,22.0,44.42636695713931,-1.854549361340356,10638.597747827424,575.84,0.0009285661027028589
2026-01-24 01:00:00,22.0,47.20700037616986,-5.125882795493958,13776.820624545304,575.84,0.0009099947806488017
2026-01-24 02:00:00,22.0,45.96524621436784,-3.664995546315104,12375.376877535544,575.84,0.0008917948850358258
2026-01-24 03:00:00,22.0,43.77045877476438,-1.0828926761933857,9898.339773199079,575.84,0.0008739589873351093
2026-01-24 04:00:00,22.0,45.24106322758571,-2.813015561865541,11558.063958653236,575.84,0.000856479807588407
2026-01-24 05:00:00,22.0,44.11306282273365,-1.4859562620395967,10285.002701737201,575.84,0.0008393502114366389
2026-01-24 06:00:00,22.0,39.71356856750395,3.6899193323482975,5319.733485284956,1439.6,0.0008225632072079062
2026-01-24 07:00:00,22.0,42.162753815055844,0.8085249234637095,8083.883955672026,1727.52,0.0008061119430637482
2026-01-24 08:00:00,22.0,38.67706641275004,4.9093336320587735,4149.937153429692,1439.6,0.0007899897042024732
2026-01-24 09:00:00,22.0,37.46178752176314,6.339073503808066,2778.3733970618828,1151.68,0.0007741899101184237
2026-01-24 10:00:00,22.0,40.30239918212015,2.997177432799826,5984.287716940799,1151.68,0.0007587061119160551
2026-01-24 11:00:00,22.0,40.228788536764306,3.08377819204199,5901.210742592196,1295.64,0.000743531989677734
2026-01-24 12:00:00,22.0,39.06942454701798,4.44773582703767,4592.752543764494,1439.6,0.0007286613498841794
2026-01-24 13:00:00,22.0,40.566519315762335,2.686447863809023,6282.373699769372,1295.64,0.0007140881228864958
2026-01-24 14:00:00,22.0,38.84975603367825,4.70616937214324,4344.83465960927,1151.68,0.0006998063604287658
2026-01-24 15:00:00,22.0,39.945445194116495,3.417123301039417,5581.4294460798765,1151.68,0.0006858102332201905
2026-01-24 16:00:00,22.0,39.687013972993284,3.721160031772603,5289.763969920222,1151.68,0.0006720940285557867
2026-01-24 17:00:00,22.0,38.74521137105563,4.829163092875726,4226.845553373387,1727.52,0.000658652147984671
2026-01-24 18:00:00,22.0,40.61027553269045,2.634969961540639,6331.756966194444,2015.44,0.0006454791050249774
2026-01-24 19:00:00,22.0,42.048277135147565,0.9432033704146292,7954.685574727542,2159.4,0.0006325695229244778
2026-01-24 20:00:00,22.0,47.042282302045464,-4.932096825935835,13590.919806088512,2015.44,0.0006199181324659883
2026-01-24 21:00:00,22.0,43.650423886460224,-0.9416751605414382,9762.86839825901,1727.52,0.0006075197698166685
2026-01-24 22:00:00,22.0,42.01601934966936,0.9811537062713448,7918.279438036837,1439.6,0.0005953693744203351
2026-01-24 23:00:00,22.0,50.0,-8.884748337783307,16929.000000000004,1151.68,0.0005834619869319284
2026-01-25 00:00:00,22.0,44.22804967694144,-1.6212349140487494,10414.776865396108,575.84,0.0005717927471932899
2026-01-25 01:00:00,22.0,45.55505738646882,-3.182420454669202,11912.437766368708,575.84,0.000560356892249424
2026-01-25 02:00:00,22.0,46.389137878006096,-4.163691621183643,12853.781009117682,575.84,0.0005491497544044355
2026-01-25 03:00:00,22.0,43.04224446338394,-0.2261699569222828,9076.477101375112,575.84,0.0005381667593163469
2026-01-25 04:00:00,22.0,40.79349996896754,2.419411801214661,6538.544064976764,575.84,0.0005274034241300198
2026-01-25 05:00:00,22.0,41.56209251432439,1.5151852772654244,7405.977611666509,575.84,0.0005168553556474194
2026-01-25 06:00:00,22.0,42.631026317144595,0.2576160974769472,8612.376301529392,1439.6,0.0005065182485344711
2026-01-25 07:00:00,22.0,42.723913948145295,0.1483365315937703,8717.209281876781,1727.52,0.0004963878835637816
2026-01-25 08:00:00,22.0,40.05413302255778,3.289255267579088,5704.094529258709,1439.6,0.00048646012589250603
2026-01-25 09:00:00,22.0,38.11144914691704,5.574765709509366,3511.5815072105706,1151.68,0.0004767309233746559
2026-01-25 10:00:00,22.0,39.713503771730245,3.6899955626702994,5319.660356774755,1151.68,0.00046719630490716274
2026-01-25 11:00:00,22.0,39.20950327642352,4.282937321854679,4750.8453977715835,1295.64,0.00045785237880901944
2026-01-25 12:00:00,21.86451277372883,33.802599575274726,10.644000499676796,0.0,1439.6,0.000448695331232839
2026-01-25 13:00:00,21.84004979872982,36.882143882485636,7.021007197075725,2124.187585773289,1295.64,0.0004397214246081822
2026-01-25 14:00:00,21.820041975169882,37.10029487386373,6.76435897192502,2370.3927946426074,1151.68,0.0004309269961160185
2026-01-25 15:00:00,22.0,42.07832298426572,0.9078553126285662,7988.59532004229,1151.68,0.00042230845619369814
2026-01-25 16:00:00,22.0,41.502220754798884,1.5856226414130792,7338.406343866021,1151.68,0.0004138622870698242
2026-01-25 17:00:00,22.0,40.99305645957922,2.184639459318562,6763.763520281111,1727.52,0.0004055850413284277
2026-01-25 18:00:00,22.0,43.70193384840475,-1.0022751157702987,9821.002541309601,2015.44,0.00039747334050185915
2026-01-25 19:00:00,22.0,40.15930934523677,3.1655184173685056,5822.79652703422,2159.4,0.000389523873691822
2026-01-25 20:00:00,22.0,41.3024690787959,1.820624613181292,7112.966602329056,2015.44,0.0003817333962179855
2026-01-25 21:00:00,22.0,45.311190129587146,-2.895517799514296,11637.209180252055,1727.52,0.0003740987282936258
2026-01-25 22:00:00,22.0,41.91182474163436,1.103735598077216,7800.685403408542,1439.6,0.0003666167537277532
2026-01-25 23:00:00,22.0,45.291376373806735,-2.8722074985961576,11614.847375478283,1151.68,0.0003592844186531982
2026-01-26 00:00:00,22.0,40.99803748043862,2.178779434778097,6769.3851004230255,575.84,0.0003520987302801342
2026-01-26 01:00:00,22.0,45.03818138749027,-2.5743310441062004,11329.09151392152,575.84,0.0003450567556745315
2026-01-26 02:00:00,22.0,43.964958697308774,-1.3117161144809104,10117.852385782684,575.84,0.00033815562056104084
2026-01-26 03:00:00,22.0,42.02432720604601,0.9713797575929268,7927.655684743528,575.84,0.00033139250814982003
2026-01-26 04:00:00,22.0,41.52802330532673,1.5552666996156186,7367.527102391745,575.84,0.0003247646579868236
2026-01-26 05:00:00,22.0,42.01174024091755,0.986187951861704,7913.450035899545,575.84,0.00031826936482708714
2026-01-26 06:00:00,22.0,42.23993854305452,0.7177193611123284,8170.994639691333,1439.6,0.00031190397753054537
2026-01-26 07:00:00,22.0,40.24598965666313,3.063541580396321,5920.623926510006,1727.52,0.00030566589797993444
2026-01-26 08:00:00,22.0,41.68751309218939,1.36763165624777,7547.527275844948,1439.6,0.0002995525800203357
2026-01-26 09:00:00,22.0,39.33720962189675,4.132694562474422,4894.974779272669,863.76,0.00029356152841992903
2026-01-26 10:00:00,22.0,40.9413364323795,2.2454865501417647,6705.392297583506,863.76,0.00028769029785153045
2026-01-26 11:00:00,22.0,41.74335097875368,1.30194002499567,7610.545914621406,1007.72,0.00028193649189449984
2026-01-26 12:00:00,22.0,38.51427450096295,5.100853528278886,3966.2102017867833,1151.68,0.0002762977620566098
2026-01-26 13:00:00,21.917685385830932,36.56997977647532,7.388259086499618,1771.879175730048,1007.72,0.0002707718068154776
2026-01-26 14:00:00,21.898916053051035,37.48164573641961,6.315710898329874,2800.78537812317,863.76,0.00026535637067916804
2026-01-26 15:00:00,22.0,39.73508784669927,3.664602533294974,5344.0201437848,863.76,0.00026004924326558464
2026-01-26 16:00:00,21.966612108143654,37.330117513101655,6.493979396350992,2629.7706252865282,863.76,0.000254848258400273
2026-01-26 17:00:00,22.0,42.0874196110906,0.8971533987169364,7998.861773076856,1439.6,0.0002497512932322675
2026-01-26 18:00:00,22.0,45.26031552505664,-2.835665323596046,11579.792101578925,1727.52,0.0002447562673676222
2026-01-26 19:00:00,22.0,46.5895569534902,-4.399478768812007,13079.973977709044,2015.44,0.00023986114202026972
2026-01-26 20:00:00,22.0,45.70802459901272,-3.3623818811914328,12085.076562445754,1727.52,0.0002350639191798643
2026-01-26 21:00:00,22.0,43.01590099248847,-0.1951776382217309,9046.745860122486,1439.6,0.00023036264079626703
2026-01-26 22:00:00,22.0,46.02365093476165,-3.733706982072526,12441.292444971998,1151.68,0.0002257553879803417
2026-01-26 23:00:00,22.0,44.500518118225415,-1.941786021441669,10722.284748229204,863.76,0.00022124028022073484
2026-01-27 00:00:00,22.0,42.60131824790724,0.2925667671679544,8578.847774588108,575.84,0.00021681547461632015
2026-01-27 01:00:00,22.0,47.1543126457651,-5.063897230311886,13717.357252010497,575.84,0.00021247916512399373
2026-01-27 02:00:00,22.0,44.131036828814075,-1.5071021515459746,10305.288164999567,575.84,0.00020822958182151386
2026-01-27 03:00:00,22.0,43.48792583251954,-0.7505009794347455,9579.47309458155,575.84,0.0002040649901850836
2026-01-27 04:00:00,22.0,45.16325458040427,-2.7214759769462065,11470.249119444261,575.84,0.0001999836903813819
2026-01-27 05:00:00,22.0,40.57782618043193,2.6731456700800837,6295.134627235474,575.84,0.00019598401657375426
2026-01-27 06:00:00,22.0,42.48910199443411,0.4245858889010468,8452.200510918336,1439.6,0.00019206433624227917
2026-01-27 07:00:00,22.0,41.77239531420354,1.2677702185840642,7643.3253516101195,1727.52,0.0001882230495174336
2026-01-27 08:00:00,21.972207912592523,36.710257528689446,7.223226436835946,1930.1966468789094,1439.6,0.0001844585885270849
2026-01-27 09:00:00,22.0,38.70713348194232,4.873960609479626,4183.870847720104,863.76,0.0001807694167565432
2026-01-27 10:00:00,21.9792857495761,37.482519692667566,6.31468271450875,2801.771725144615,863.76,0.00017715402842141234
2026-01-27 11:00:00,21.884385812138536,36.41253420703004,7.57348916819995,1594.1861060541055,1007.72,0.00017361094785298408
2026-01-27 12:00:00,22.0,39.70580579908067,3.699052001081566,5310.972424842446,1151.68,0.00017013872889592437
2026-01-27 13:00:00,21.919446410453254,36.59115632562592,7.363345499263631,1795.7790291014103,1007.72,0.00016673595431800588
2026-01-27 14:00:00,22.0,39.90873362262895,3.460313385142415,5539.9967664990345,863.76,0.00016340123523164577
2026-01-27 15:00:00,22.0,40.521696705840846,2.739180346069596,6231.786902211979,863.76,0.00016013321052701284
2026-01-27 16:00:00,22.0,40.76239995292383,2.456000055383728,6503.444586869834,863.76,0.0001569305463164726
2026-01-27 17:00:00,22.0,42.17752546605785,0.7911465105201743,8100.555240992891,1439.6,0.00015379193539014313
2026-01-27 18:00:00,22.0,40.60233406448282,2.644312865314326,6322.794225175309,1727.52,0.00015071609668234026
2026-01-27 19:00:00,22.0,42.425726639601976,0.4991451298800282,8380.675085454792,2015.44,0.00014770177474869345
2026-01-27 20:00:00,22.0,44.53508150484909,-1.9824488292342248,10761.292986372682,1727.52,0.00014474773925371957
2026-01-27 21:00:00,22.0,43.257504499671064,-0.4794170584365449,9319.419578328765,1439.6,0.0001418527844686452
2026-01-27 22:00:00,22.0,45.41229651642388,-3.0144664899104456,11751.317848435992,1151.68,0.0001390157287792723
2026-01-27 23:00:00,22.0,45.84186743900278,-3.5198440458856264,12236.131591658543,863.76,0.00013623541420368682
2026-01-28 00:00:00,22.0,45.31723739566738,-2.9026322301969127,11644.034124750202,575.84,0.0001335107059196131
2026-01-28 01:00:00,22.0,44.49626520475026,-1.936782593823839,10717.484910081143,575.84,0.00013084049180122083
2026-01-28 02:00:00,22.0,44.28174536892548,-1.684406316382915,10475.377823369296,575.84,0.00012822368196519643
2026-01-28 03:00:00,22.0,45.021686665864074,-2.5549254892518505,11310.475571094195,575.84,0.0001256592083258925
2026-01-28 04:00:00,22.0,42.25991094735302,0.6942224148788048,8193.53549518262,575.84,0.00012314602415937464
2026-01-28 05:00:00,22.0,43.258054810183985,-0.4800644825693951,9320.040658773647,575.84,0.00012068310367618715
2026-01-28 06:00:00,22.0,43.11347363063482,-0.3099689772174381,9156.866339534461,1439.6,0.00011826944160266342
2026-01-28 07:00:00,22.0,43.615652049555926,-0.90076711712462,9723.624903128819,1727.52,0.00011590405277061015
2026-01-28 08:00:00,22.0,38.62859658230167,4.966356961998042,4095.2341027856633,1439.6,0.00011358597171519793
2026-01-28 09:00:00,22.0,39.57477381443593,3.8532072771342047,5163.08972697239,863.76,0.00011131425228089398
2026-01-28 10:00:00,22.0,38.697030617665035,4.885846332158784,4172.468755096759,863.76,0.0001090879672352761
2026-01-28 11:00:00,21.94828858700237,36.93798723392799,6.955309136555304,2187.2123922111314,1007.72,0.00010690620789057059
2026-01-28 12:00:00,22.0,39.411590593716284,4.045187536804368,4978.921144068198,1151.68,0.00010476808373275917
2026-01-28 13:00:00,22.0,41.052330913023184,2.114904808208016,6830.660668437966,1007.72,0.00010267272205810398
2026-01-28 14:00:00,22.0,38.936886433367036,4.6036630195681925,4443.170028698038,863.76,0.00010061926761694189
2026-01-28 15:00:00,22.0,39.07230230542923,4.4443502289067816,4596.000381907433,863.76,9.860688226460305e-05
2026-01-28 16:00:00,22.0,40.74684341247263,2.4743018676792543,6485.887475316609,863.76,9.663474461931099e-05
2026-01-28 17:00:00,22.0,38.61466136392194,4.982751336562422,4079.5068153223015,1439.6,9.470204972692477e-05
2026-01-28 18:00:00,22.0,46.22648316512631,-3.972333135442713,12670.208900161557,1727.52,9.280800873238627e-05
2026-01-28 19:00:00,22.0,40.97588846891894,2.2048370953894825,6744.387726021915,2015.44,9.095184855773854e-05
2026-01-28 20:00:00,22.0,42.35503879438082,0.5823073007284527,8300.896783338192,1727.52,8.913281158658377e-05
2026-01-28 21:00:00,22.0,43.62765273394348,-0.91488556934527,9737.16887552861,1439.6,8.735015535485209e-05
2026-01-28 22:00:00,22.0,50.0,-9.135904714075943,16929.000000000004,1151.68,8.560315224775505e-05
2026-01-28 23:00:00,22.0,43.10153687782338,-0.2959257386157365,9143.394520311465,863.76,8.389108920279996e-05
2026-01-29 00:00:00,22.0,47.14493798808101,-5.052868221271771,13706.777013348232,575.84,8.221326741874396e-05
2026-01-29 01:00:00,22.0,46.147224172634594,-3.879087261923047,12580.757201235405,575.84,8.056900207036908e-05
2026-01-29 02:00:00,22.0,45.234493903010204,-2.805286944717892,11550.649818937318,575.84,7.895762202896169e-05
2026-01-29 03:00:00,22.0,43.7115523971259,-1.0135910554422392,9831.858035396292,575.84,7.737846958838245e-05
2026-01-29 04:00:00,22.0,42.61297232827266,0.2788560843851,8592.000569688527,575.84,7.583090019661481e-05
2026-01-29 05:00:00,22.0,41.36215581100576,1.75040492822851,7180.329048301105,575.84,7.43142821926825e-05
2026-01-29 06:00:00,22.0,40.61304903286653,2.631707020157032,6334.887138493164,1439.6,7.282799654882886e-05
2026-01-29 07:00:00,22.0,40.69003899948912,2.5411305888363347,6421.77801482342,1727.52,7.137143661785228e-05
2026-01-29 08:00:00,22.0,39.59293147960209,3.8318453181151817,5183.582467878923,1439.6,6.994400788549524e-05
2026-01-29 09:00:00,22.0,41.45011826086356,1.646919693101697,7279.603469210617,863.76,6.854512772778534e-05
2026-01-29 10:00:00,22.0,40.33225919872525,2.96204800149971,6017.987731681314,863.76,6.717422517322964e-05
2026-01-29 11:00:00,21.969542626409368,37.19356981036995,6.6546237525059375,2475.6628879835266,1007.72,6.583074066976505e-05
2026-01-29 12:00:00,21.952718269672722,37.17674387256124,6.674418973457362,2456.6731345726153,1151.68,6.451412585636973e-05
2026-01-29 13:00:00,21.947687602566774,37.48539318266165,6.311302138045114,2805.014745951942,1007.72,6.322384333924234e-05
2026-01-29 14:00:00,22.0,39.93002212194901,3.4352680918247005,5564.0229668316515,863.76,6.195936647245749e-05
2026-01-29 15:00:00,22.0,38.048000319661455,5.649411388633582,3439.973160769918,863.76,6.0720179143008345e-05
2026-01-29 16:00:00,22.0,42.274115569216605,0.677511095039284,8209.56683141786,863.76,5.950577556014818e-05
2026-01-29 17:00:00,22.0,39.28850356988556,4.18999580013463,4840.005128972847,1439.6,5.8315660048945215e-05
2026-01-29 18:00:00,22.0,42.44348036211801,0.4782583975082201,8400.711936686386,1727.52,5.714934684796631e-05
2026-01-29 19:00:00,22.0,40.016895062569496,3.333064632271181,5662.067767615934,2015.44,5.600635991100698e-05
2026-01-29 20:00:00,22.0,46.286451556511324,-4.042884184130969,12737.88922667868,1727.52,5.488623271278684e-05
2026-01-29 21:00:00,22.0,41.406376177972774,1.6983809670908552,7230.2361544600735,1439.6,5.3788508058531105e-05
2026-01-29 22:00:00,22.0,45.55897573244498,-3.187030273464677,11916.860011637404,1151.68,5.2712737897360476e-05
2026-01-29 23:00:00,22.0,45.92926254460279,-3.6226618171797615,12334.765707838713,863.76,5.165848313941327e-05
2026-01-30 00:00:00,22.0,45.068774007724485,-2.610322362028806,11363.618345117855,575.84,5.0625313476625e-05
2026-01-30 01:00:00,22.0,46.46918196114402,-4.257861130757667,12944.11876134714,575.84,4.96128072070925e-05
2026-01-30 02:00:00,22.0,45.06744567508102,-2.608759617742368,11362.119188896439,575.84,4.862055106295065e-05
2026-01-30 03:00:00,22.0,45.65812770699471,-3.303679655287899,12028.762930114233,575.84,4.764814004169164e-05
2026-01-30 04:00:00,22.0,44.89180800266462,-2.4021270619583737,11163.89451180729,575.84,4.6695177240857807e-05
2026-01-30 05:00:00,22.0,42.0522786378376,0.9384957201910608,7959.2016706635195,575.84,4.576127369604065e-05
2026-01-30 06:00:00,22.0,43.53266134201597,-0.8031309906070321,9629.961590599225,1439.6,4.484604822211984e-05
2026-01-30 07:00:00,22.0,42.42594544616075,0.4988877103991185,8380.922030537027,1727.52,4.3949127257677434e-05
2026-01-30 08:00:00,22.0,42.6337451245689,0.254417500507182,8615.444747588457,1439.6,4.3070144712523885e-05
2026-01-30 09:00:00,22.0,40.452519099900016,2.820565764823511,6153.713056147159,863.76,4.220874181827341e-05
2026-01-30 10:00:00,21.924672656584757,36.82579017660224,7.087305674585599,2060.586793313288,863.76,4.136456698190794e-05
2026-01-30 11:00:00,22.0,40.15393937879222,3.171836024950336,5816.735982904896,1007.72,4.053727564226978e-05
2026-01-30 12:00:00,22.0,39.84377655081831,3.536733469625517,5466.686215253548,1151.68,3.9726530129424387e-05
2026-01-30 13:00:00,22.0,38.38618488159856,5.251547198119344,3821.6482573721346,1007.72,3.8931999526835896e-05
2026-01-30 14:00:00,22.0,39.6858675645921,3.7225087475387024,5288.470133398646,863.76,3.8153359536299176e-05
2026-01-30 15:00:00,21.840031924138994,35.80797440727133,8.28473599144549,911.8799160464243,863.76,3.739029234557319e-05
2026-01-30 16:00:00,22.0,40.576297539949636,2.6749440706474865,6293.409403587159,863.76,3.664248649866173e-05
2026-01-30 17:00:00,22.0,40.5501440580819,2.705712872844827,6263.89258395123,1439.6,3.5909636768688496e-05
2026-01-30 18:00:00,22.0,40.395593065841155,2.8875375695986447,6089.466334108328,1727.52,3.5191444033314724e-05
2026-01-30 19:00:00,22.0,41.30820238138172,1.813879551315618,7119.4372076274085,2015.44,3.448761515264843e-05
2026-01-30 20:00:00,22.0,43.30341111135245,-0.5334248368852402,9371.22978027238,1727.52,3.379786284959546e-05
2026-01-30 21:00:00,22.0,44.67807978340046,-2.150682098118191,10922.680843545764,1439.6,3.312190559260355e-05
2026-01-30 22:00:00,22.0,41.503637861022355,1.5839554576207604,7340.00568994983,1151.68,3.245946748075148e-05
2026-01-30 23:00:00,22.0,45.45374027741708,-3.0632238557848064,11798.09127709292,863.76,3.181027813113645e-05
2026-01-31 00:00:00,22.0,46.15087317752842,-3.883380208856961,12584.875468158574,575.84,3.117407256851372e-05
2026-01-31 01:00:00,22.0,46.382091089482664,-4.15540128174431,12845.828003590135,575.84,3.0550591117143444e-05
2026-01-31 02:00:00,22.0,47.880051817468576,-5.917708020551267,14536.426481195036,575.84,2.9939579294800578e-05
2026-01-31 03:00:00,22.0,43.00741627723109,-0.1851956202718634,9037.170010483005,575.84,2.934078770890456e-05
2026-01-31 04:00:00,22.0,47.6917162750714,-5.696136794201653,14323.870988045584,575.84,2.8753971954726468e-05
2026-01-31 05:00:00,22.0,42.88971358288694,-0.0467218622199243,8904.330749646202,575.84,2.817889251563194e-05
2026-01-31 06:00:00,22.0,42.348263078261354,0.59027873145723,8293.249710125765,1439.6,2.7615314665319302e-05
2026-01-31 07:00:00,22.0,37.312074419857964,6.515206564872979,2609.407190251699,1727.52,2.7063008372012917e-05
2026-01-31 08:00:00,22.0,43.413807088813165,-0.6633024574272528,9495.82268043454,1439.6,2.6521748204572655e-05
2026-01-31 09:00:00,22.0,41.12771253183915,2.0262205507774755,6915.736363433667,1151.68,2.59913132404812e-05
2026-01-31 10:00:00,22.0,39.286877606891714,4.191908697774456,4838.1700671379895,1151.68,2.5471486975671573e-05
2026-01-31 11:00:00,22.0,39.05165206431475,4.468644630217936,4572.694519785629,1295.64,2.496205723615814e-05
2026-01-31 12:00:00,22.0,39.53422580437707,3.90091081837991,5117.327242819965,1439.6,2.4462816091434977e-05
2026-01-31 13:00:00,22.0,38.85353163660085,4.701727486351938,4349.095805067718,1295.64,2.397355976960628e-05
2026-01-31 14:00:00,22.0,41.196770266211466,1.944976157398273,6993.674922446262,1151.68,2.3494088574214155e-05
2026-01-31 15:00:00,22.0,38.98860904967434,4.542812882736069,4501.544173462458,1151.68,2.302420680272987e-05
2026-01-31 16:00:00,22.0,44.246525081531885,-1.6429706841551566,10435.628207016887,1151.68,2.2563722666675274e-05
2026-01-31 17:00:00,22.0,41.16382315164277,1.9837374686555695,6956.490808944027,1727.52,2.2112448213341765e-05
2026-01-31 18:00:00,22.0,43.02060638024807,-0.2007133885271461,9052.05636074797,2015.44,2.167019924907493e-05
2026-01-31 19:00:00,22.0,41.15229525066229,1.997299705103188,6943.4804198974625,2159.4,2.123679526409343e-05
2026-01-31 20:00:00,22.0,40.715971179923386,2.5106221412666105,6451.045073661534,2015.44,2.081205935881156e-05
2026-01-31 21:00:00,22.0,44.96695174290987,-2.490531462246904,11248.70173704808,1727.52,2.0395818171635328e-05
2026-01-31 22:00:00,22.0,42.58025229332666,0.3173502431451083,8555.072738248467,1439.6,1.998790180820262e-05
2026-01-31 23:00:00,22.0,45.82154548645453,-3.4959358664170948,12213.196236012587,1151.68,1.958814377203857e-05
2026-02-01 00:00:00,22.0,46.192415089319454,-3.93225304625818,12631.759669805937,575.84,1.91963808965978e-05
2026-02-01 01:00:00,22.0,41.46611163466728,1.628103959214966,7297.653590885491,575.84,1.881245327866584e-05
2026-02-01 02:00:00,22.0,43.20916641681928,-0.4225487256697409,9264.86521802224,575.84,1.8436204213092523e-05
2026-02-01 03:00:00,22.0,43.54661756759758,-0.8195500795265611,9645.712586790629,575.84,1.8067480128830673e-05
2026-02-01 04:00:00,22.0,41.681798292332296,1.3743549501972971,7541.07755272623,575.84,1.770613052625406e-05
2026-02-01 05:00:00,22.0,41.56381919362728,1.5131538898502517,7407.926341927751,575.84,1.7352007915728978e-05
2026-02-01 06:00:00,22.0,41.26767299350058,1.861561184116964,7073.695740464758,1439.6,1.70049677574144e-05
2026-02-01 07:00:00,22.0,42.524954453075026,0.38240652579409,8492.663595740474,1727.52,1.6664868402266107e-05
2026-02-01 08:00:00,22.0,39.90991245317415,3.458926525677467,5541.327194652347,1439.6,1.6331571034220787e-05
2026-02-01 09:00:00,22.0,37.68630272408633,6.074937971663135,3031.7612544038343,1151.68,1.6004939613536372e-05
2026-02-01 10:00:00,22.0,38.41422505080049,5.2185587637641335,3853.2943923334324,1151.68,1.5684840821265645e-05
2026-02-01 11:00:00,21.92645816029081,36.331898396695514,7.668354827417044,1503.180530510558,1295.64,1.537114400484033e-05
2026-02-01 12:00:00,21.93269523153154,37.09778645942646,6.767310047733578,2367.5617981087016,1439.6,1.5063721124743523e-05
2026-02-01 13:00:00,22.0,39.358683931362364,4.107430668985459,4919.210684935565,1295.64,1.4762446702248652e-05
2026-02-01 14:00:00,22.0,40.44810595544752,2.825757699473508,6148.732381318068,1151.68,1.4467197768203678e-05
2026-02-01 15:00:00,22.0,39.01304039384702,4.514070124885854,4529.117388495748,1151.68,1.4177853812839604e-05
2026-02-01 16:00:00,22.0,40.341188361777796,2.951543103790825,6028.065185102421,1151.68,1.3894296736582811e-05
2026-02-01 17:00:00,22.0,39.69826817029456,3.707919799653456,5302.465456994442,1727.52,1.3616410801851156e-05
2026-02-01 18:00:00,22.0,42.37083401989664,0.5637246824745408,8318.72327485535,2015.44,1.3344082585814131e-05
2026-02-01 19:00:00,22.0,43.07615170713186,-0.2660608319198374,9114.744816669014,2159.4,1.3077200934097849e-05
2026-02-01 20:00:00,22.0,41.059781480088645,2.106139435189826,6839.069378428046,2015.44,1.281565691541589e-05
2026-02-01 21:00:00,22.0,43.30221800936683,-0.5320211874903928,9369.883245371408,1727.52,1.2559343777107572e-05
2026-02-01 22:00:00,22.0,45.28912238409349,-2.869555745992339,11612.303522687913,1439.6,1.2308156901565421e-05
2026-02-01 23:00:00,22.0,44.4041567345333,-1.828419687686234,10613.531290594286,1151.68,1.2061993763534113e-05
2026-02-02 00:00:00,22.0,42.20585088689714,0.7578224860033651,8132.523310952111,575.84,1.1820753888263431e-05
2026-02-02 01:00:00,22.0,43.93471043931581,-1.276129928606828,10083.714201811821,575.84,1.1584338810498162e-05
2026-02-02 02:00:00,22.0,43.08646999684437,-0.2781999962874952,9126.39003843856,575.84,1.13526520342882e-05
2026-02-02 03:00:00,22.0,44.832961768130914,-2.332896197801075,11097.480651512551,575.84,1.1125598993602434e-05
2026-02-02 04:00:00,22.0,41.10508705887118,2.0528387542692013,6890.201254642012,575.84,1.0903087013730386e-05
2026-02-02 05:00:00,22.0,38.08921091056011,5.6009283405175205,3486.483433658143,575.84,1.0685025273455778e-05
2026-02-02 06:00:00,22.0,42.49549499227185,0.4170647149742927,8459.415648278013,1439.6,1.0471324767986662e-05
2026-02-02 07:00:00,22.0,42.27923500308381,0.6714882316661042,8215.34462448039,1727.52,1.0261898272626928e-05
2026-02-02 08:00:00,22.0,39.15157818548025,4.351084487670296,4685.471140133007,1439.6,1.005666030717439e-05
2026-02-02 09:00:00,21.96057149512391,37.25747835923024,6.579437224435011,2547.79007622725,863.76,9.855527101030901e-06
2026-02-02 10:00:00,22.0,38.36087606961835,5.281322271037232,3793.08473217127,863.76,9.658416559010282e-06
2026-02-02 11:00:00,22.0,39.656303063889695,3.7572905130709473,5255.103637905911,1007.72,9.465248227830077e-06
2026-02-02 12:00:00,22.0,37.93459307502666,5.78283167643922,3311.981744475091,1151.68,9.275943263273474e-06
2026-02-02 13:00:00,21.940896408234423,36.849095326895494,7.059887850711182,2086.888985934255,1007.72,9.090424398008004e-06
2026-02-02 14:00:00,22.0,38.89746773294121,4.650037961245637,4398.682083397449,863.76,8.908615910047846e-06
2026-02-02 15:00:00,21.99849416815961,37.71350341378237,6.042937160256033,3062.4599527947826,863.76,8.730443591846887e-06
2026-02-02 16:00:00,21.976775006249166,37.46999166509215,6.32942157047982,2787.6325932230034,863.76,8.55583472000995e-06
2026-02-02 17:00:00,22.0,39.86162318284167,3.515737431950979,5486.827924155108,1439.6,8.38471802560975e-06
2026-02-02 18:00:00,22.0,41.197511211173094,1.9441044574434152,6994.511152929955,1727.52,8.217023665097555e-06
2026-02-02 19:00:00,22.0,40.62010008046389,2.6234116700424805,6342.84495081155,2015.44,8.052683191795603e-06
2026-02-02 20:00:00,22.0,44.30537140664329,-1.71220165487446,10502.042169537617,1727.52,7.89162952795969e-06
2026-02-02 21:00:00,22.0,45.17716977331223,-2.737846792132034,11485.953806160183,1439.6,7.733796937400496e-06
2026-02-02 22:00:00,22.0,44.547659257246366,-1.997246184995724,10775.48823772825,1151.68,7.579120998652487e-06
2026-02-02 23:00:00,22.0,45.27034288256743,-2.847462214785208,11591.1089772656,863.76,7.427538578679438e-06
2026-02-03 00:00:00,22.0,45.915681357993805,-3.606683950580951,12319.43798063181,575.84,7.278987807105848e-06
2026-02-03 01:00:00,22.0,41.322351401884916,1.7972336448412751,7135.405792167317,575.84,7.133408050963732e-06
2026-02-03 02:00:00,22.0,40.402097916726795,2.879884803850828,6096.807708817862,575.84,6.990739889944456e-06
2026-02-03 03:00:00,22.0,44.15546162786875,-1.5358372092573545,10332.853993212677,575.84,6.8509250921455676e-06
2026-02-03 04:00:00,22.0,42.69407778542778,0.1834378994967311,8683.536188633794,575.84,6.7139065903026565e-06
2026-02-03 05:00:00,22.0,42.34931754745702,0.5890381794623352,8294.439784059992,575.84,6.579628458496604e-06
2026-02-03 06:00:00,22.0,39.267251291799134,4.2149984802363125,4816.019807924504,1439.6,6.448035889326671e-06
2026-02-03 07:00:00,22.0,38.05041779152335,5.646567304090177,3442.7015195132544,1727.52,6.319075171540138e-06
2026-02-03 08:00:00,22.0,42.4713484577724,0.4454724026207066,8432.163869441933,1439.6,6.1926936681093345e-06
2026-02-03 09:00:00,22.0,37.93661858385418,5.780448724877441,3314.267733737824,863.76,6.068839794747147e-06
2026-02-03 10:00:00,22.0,40.42710990710686,2.850458932815457,6125.036241160804,863.76,5.947462998852204e-06
2026-02-03 11:00:00,21.79068006612591,34.876789522229195,9.380247620906829,0.0,1007.72,5.82851373887516e-06
2026-02-03 12:00:00,21.7636731470282,37.001578348642326,6.880496060420796,2258.9813242777295,1151.68,5.7119434640976566e-06
2026-02-03 13:00:00,21.911312218469707,39.265546405833646,4.2170042284310005,4814.095673623854,1007.72,5.597704594815704e-06
2026-02-03 14:00:00,21.98701111660046,38.61575998662725,4.981458839262049,4080.7467209075185,863.76,5.485750502919389e-06
2026-02-03 15:00:00,22.0,39.237098283018206,4.250472608213873,4781.989122214348,863.76,5.376035492861002e-06
2026-02-03 16:00:00,22.0,38.557307997094114,5.050225885771631,4014.777805520417,863.76,5.2685147830037816e-06
2026-02-03 17:00:00,22.0,38.498763819549715,5.11910138876504,3948.7048467438094,1439.6,5.1631444873437055e-06
2026-02-03 18:00:00,22.0,43.101952396351905,-0.2964145839434193,9143.863474522761,1727.52,5.059881597596832e-06
2026-02-03 19:00:00,22.0,38.904102101797974,4.642232821414145,4406.169632089194,2015.44,4.958683965644895e-06
2026-02-03 20:00:00,22.0,40.12032681670456,3.211380215641688,5778.800845332769,1727.52,4.859510286331997e-06
2026-02-03 21:00:00,22.0,45.04221312093904,-2.579074259928279,11333.641728291801,1439.6,4.762320080605358e-06
2026-02-03 22:00:00,22.0,43.970723322451164,-1.318498026413135,10124.358341718385,1151.68,4.66707367899325e-06
2026-02-03 23:00:00,22.0,41.52577328438849,1.5579137830723586,7364.987728760853,863.76,4.573732205413385e-06
2026-02-04 00:00:00,22.0,42.45403840264828,0.465837173354966,8412.62774122885,575.84,4.482257561305117e-06
2026-02-04 01:00:00,22.0,45.00661096046426,-2.5371893652520647,11293.461129979962,575.84,4.392612410079015e-06
2026-02-04 02:00:00,22.0,42.710108688101705,0.1645780139979922,8701.628665391585,575.84,4.304760161877434e-06
2026-02-04 03:00:00,22.0,38.45892596011173,5.165969458692088,3903.7438385820965,575.84,4.218664958639885e-06
2026-02-04 04:00:00,22.0,42.67122803085294,0.2103199637024244,8657.747955620625,575.84,4.134291659467088e-06
2026-02-04 05:00:00,22.0,43.1054867807966,-0.3005726832901214,9147.852380807048,575.84,4.051605826277746e-06
2026-02-04 06:00:00,22.0,40.85688625144462,2.344839704182798,6610.0818233804,1439.6,3.9705737097521915e-06
2026-02-04 07:00:00,22.0,39.85087668430599,3.528380371404719,5474.699425907738,1727.52,3.891162235557147e-06
2026-02-04 08:00:00,22.0,40.341712456300165,2.950926521999804,6028.656678180367,1439.6,3.8133389908460036e-06
2026-02-04 09:00:00,22.0,37.99507432868157,5.711677260374624,3380.240887350018,863.76,3.737072211029084e-06
2026-02-04 10:00:00,22.0,40.33799542866966,2.955299495682752,6024.461640796576,863.76,3.662330766808502e-06
2026-02-04 11:00:00,22.0,38.99725976453192,4.532635571138915,4511.307370250724,1007.72,3.589084151472332e-06
2026-02-04 12:00:00,21.922907089964905,36.460983880536844,7.516489552309595,1648.8664075738823,1151.68,3.5173024684428854e-06
2026-02-04 13:00:00,22.0,40.849132638239,2.35396160207177,6601.331095516534,1007.72,3.4469564190740275e-06
2026-02-04 14:00:00,21.91172797638368,36.670128720741786,7.2704367991273084,1884.9072742291803,863.76,3.378017290692547e-06
2026-02-04 15:00:00,22.0,42.16620526566543,0.8044643933347837,8087.7792628300085,863.76,3.3104569448786963e-06
2026-02-04 16:00:00,22.0,42.393251784089735,0.5373508422473701,8344.023963523676,863.76,3.244247805981122e-06
2026-02-04 17:00:00,22.0,41.11827910984643,2.037318694298313,6905.089803372685,1439.6,3.1793628498614997e-06
2026-02-04 18:00:00,22.0,40.6623314672071,2.573727685638701,6390.5072938899375,1727.52,3.1157755928642695e-06
2026-02-04 19:00:00,22.0,39.77703662803201,3.615251025844694,5391.363538396924,2015.44,3.0534600810069846e-06
2026-02-04 20:00:00,22.0,42.75204130262868,0.1152455263191922,8748.953814146733,1727.52,2.992390879386845e-06
2026-02-04 21:00:00,22.0,43.973304188913446,-1.3215343398981685,10127.271107607716,1439.6,2.932543061799108e-06
2026-02-04 22:00:00,22.0,43.10919825129292,-0.3049391191681452,9152.041146409194,1151.68,2.873892200563126e-06
2026-02-04 23:00:00,22.0,45.914675804178316,-3.6055009460921417,12318.30311259565,863.76,2.816414356551863e-06
2026-02-05 00:00:00,22.0,44.31299422911111,-1.7211696813071873,10510.645286974803,575.84,2.7600860694208257e-06
2026-02-05 01:00:00,22.0,46.473206447906946,-4.262595821066993,12948.660797107781,575.84,2.704884348032409e-06
2026-02-05 02:00:00,22.0,43.95408249417889,-1.2989205813869282,10105.577502930299,575.84,2.650786661071761e-06
2026-02-05 03:00:00,22.0,43.774884809978246,-1.0880997764449964,9903.33499654145,575.84,2.597770927850326e-06
2026-02-05 04:00:00,22.0,44.21725546646401,-1.6085358428988343,10402.594519451282,575.84,2.545815509293319e-06
2026-02-05 05:00:00,22.0,41.749415671234416,1.2948050926653951,7617.390526555163,575.84,2.4948991991074527e-06
2026-02-05 06:00:00,22.0,40.880465589628606,2.3170993063192857,6636.693464454846,1439.6,2.445001215125304e-06
2026-02-05 07:00:00,22.0,38.2717434256749,5.386184205088353,3692.4896302166912,1727.52,2.3961011908227977e-06
2026-02-05 08:00:00,22.0,42.179576785206734,0.7887331938744246,8102.870359784321,1439.6,2.3481791670063415e-06
2026-02-05 09:00:00,22.0,38.87512008705071,4.676329309352105,4373.460530245433,863.76,2.3012155836662147e-06
2026-02-05 10:00:00,22.0,39.49795970662882,3.943576815730796,5076.397324901286,863.76,2.2551912719928906e-06
2026-02-05 11:00:00,21.90249028255716,36.38725669171747,7.603227421508857,1565.6579022723347,1007.72,2.2100874465530327e-06
2026-02-05 12:00:00,21.82839992947241,36.46834948917338,7.507824130384266,1657.1792334810739,1151.68,2.165885697621972e-06
2026-02-05 13:00:00,21.786255775465623,37.00245645400051,6.879462995293515,2259.9723539849742,1007.72,2.1225679836695323e-06
2026-02-05 14:00:00,21.930405493451982,39.402030165850995,4.056435098998829,4968.131245179434,863.76,2.0801166239961417e-06
2026-02-05 15:00:00,21.89127397041198,37.240536952967574,6.599368290626381,2528.6700051192042,863.76,2.038514291516219e-06
2026-02-05 16:00:00,22.0,42.051222578863666,0.9397381425133364,7958.009802505534,863.76,1.9977440056858945e-06
2026-02-05 17:00:00,22.0,43.22004344275914,-0.4353452267754591,9277.141029497969,1439.6,1.9577891255721766e-06
2026-02-05 18:00:00,22.0,43.318980699833276,-0.5517419998038475,9388.801617831836,1727.52,1.9186333430607328e-06
2026-02-05 19:00:00,22.0,42.086891930904315,0.897774198936105,7998.266233218611,2015.44,1.880260676199518e-06
2026-02-05 20:00:00,22.0,41.702220518319905,1.3503288019765889,7564.1260769758455,1727.52,1.8426554626755276e-06
2026-02-05 21:00:00,22.0,48.613418261850455,-6.780492072765238,15364.103850324425,1439.6,1.8058023534220171e-06
2026-02-05 22:00:00,22.0,41.845823558671455,1.1813840486218194,7726.196468316605,1151.68,1.7696863063535768e-06
2026-02-05 23:00:00,22.0,44.211257075879494,-1.601478912799405,10395.8247358376,863.76,1.7342925802265053e-06
2026-02-06 00:00:00,22.0,47.215212990902614,-5.135544695179551,13786.089381532693,575.84,1.6996067286219753e-06
2026-02-06 01:00:00,22.0,44.262537959890544,-1.6618093645771113,10453.700341532469,575.84,1.6656145940495357e-06
2026-02-06 02:00:00,22.0,42.23719316791377,0.7209492142190848,8167.896209307485,575.84,1.632302302168545e-06
2026-02-06 03:00:00,22.0,42.535113330013615,0.370454905866328,8504.128904253368,575.84,1.599656256125174e-06
2026-02-06 04:00:00,22.0,40.98157579365826,2.1981461251079324,6750.806440722711,575.84,1.5676631310026705e-06
2026-02-06 05:00:00,22.0,44.35260402332366,-1.7677694392043048,10555.34890072308,575.84,1.536309868382617e-06
2026-02-06 06:00:00,22.0,41.853808899735284,1.1719895297231908,7735.208724241243,1439.6,1.5055836710149647e-06
2026-02-06 07:00:00,22.0,41.841992038541434,1.1858917193630187,7721.8722146978635,1727.52,1.4754719975946655e-06
2026-02-06 08:00:00,21.957227294118383,36.53011365142466,7.435160410088637,1726.8862669978676,1439.6,1.445962557642772e-06
2026-02-06 09:00:00,21.95223075133238,37.658920110038466,6.10715281171945,3000.8572361894126,863.76,1.4170433064899164e-06
2026-02-06 10:00:00,21.773373017071375,33.365597325904915,11.158120793053037,0.0,863.76,1.388702440360118e-06
2026-02-06 11:00:00,21.870483152524116,38.66078839742646,4.928484238321818,4131.5657853355015,1007.72,1.3609283915529157e-06
2026-02-06 12:00:00,22.0,38.981946159859916,4.55065157663539,4494.024436017902,1151.68,1.3337098237218573e-06
2026-02-06 13:00:00,22.0,38.10865747622893,5.578050027965972,3508.430827671968,1007.72,1.3070356272474201e-06
2026-02-06 14:00:00,21.844550124413352,35.862306350714576,8.220816057982853,973.1989474164704,863.76,1.2808949147024718e-06
2026-02-06 15:00:00,21.984461074470893,39.36824041590383,4.096187745995495,4929.99613338906,863.76,1.2552770164084223e-06
2026-02-06 16:00:00,22.0,39.23845608355819,4.248875195813889,4783.521535903775,863.76,1.2301714760802538e-06
2026-02-06 17:00:00,22.0,40.10564105174384,3.228657586183723,5762.226490998096,1439.6,1.2055680465586488e-06
2026-02-06 18:00:00,22.0,41.082855505956275,2.0789935224043794,6865.110724022253,1727.52,1.1814566856274758e-06
2026-02-06 19:00:00,22.0,43.13906213613478,-0.3400731013350391,9185.745526841716,2015.44,1.1578275519149263e-06
2026-02-06 20:00:00,22.0,43.08339481544762,-0.274582135820732,9122.919388714185,1727.52,1.1346710008766278e-06
2026-02-06 21:00:00,22.0,43.86033747833157,-1.188632327448904,9999.776878045015,1439.6,1.1119775808590952e-06
2026-02-06 22:00:00,22.0,44.107346294314,-1.4792309344870518,10278.55102776278,1151.68,1.0897380292419132e-06
2026-02-06 23:00:00,22.0,42.830169218523224,0.0233303311491432,8837.128980025313,863.76,1.0679432686570748e-06
2026-02-07 00:00:00,22.0,41.55693234113836,1.521256069248985,7400.153840208758,575.84,1.0465844032839334e-06
2026-02-07 01:00:00,22.0,45.862886905921336,-3.544572830495687,12259.85416202282,575.84,1.0256527152182546e-06
2026-02-07 02:00:00,22.0,44.76087553500621,-2.2480888647131847,11016.124128808007,575.84,1.0051396609138895e-06
2026-02-07 03:00:00,22.0,44.95668328332478,-2.4784509215585637,11237.112753560346,575.84,9.850368676956117e-07
2026-02-07 04:00:00,22.0,42.53192738672214,0.3742030744445456,8500.533248654607,575.84,9.653361303416993e-07
2026-02-07 05:00:00,22.0,42.94517883111723,-0.1119750954320366,8966.92882879891,575.84,9.460294077348654e-07
2026-02-07 06:00:00,22.0,40.74234538263862,2.4795936674839774,6480.810998845945,1439.6,9.27108819580168e-07
2026-02-07 07:00:00,22.0,38.39384949889529,5.242530001299657,3830.298544453228,1727.52,9.085666431885646e-07
2026-02-07 08:00:00,22.0,43.74391386586783,-1.0516633716092167,9868.381189018435,1439.6,8.903953103247933e-07
2026-02-07 09:00:00,22.0,37.90981113164456,5.811986903947572,3284.0128431740504,1151.68,8.725874041182974e-07
2026-02-07 10:00:00,22.0,38.987831610259306,4.543727517341996,4500.666755338653,1151.68,8.551356560359314e-07
2026-02-07 11:00:00,21.988930330576768,37.08313433504371,6.78454784112505,2351.0254105303306,1295.64,8.380329429152128e-07
2026-02-07 12:00:00,22.0,39.27399804417534,4.2070611244996,4823.634192656293,1439.6,8.212722840569087e-07
2026-02-07 13:00:00,21.884904355331084,35.83220851049548,8.256225281770023,939.230524945195,1295.64,8.048468383757704e-07
2026-02-07 14:00:00,21.826595159193456,36.65293657646443,7.290662851218324,1865.5042201977524,1151.68,7.88749901608255e-07
2026-02-07 15:00:00,21.863410765968595,37.77963829144325,5.965131421831476,3137.0997757228506,1151.68,7.729749035760898e-07
2026-02-07 16:00:00,21.92609110561643,38.10151627972283,5.586451435620197,3500.3712732951863,1151.68,7.575154055045681e-07
2026-02-07 17:00:00,22.0,41.53757004084412,1.5440352460657367,7378.301548096679,1727.52,7.423650973944767e-07
2026-02-07 18:00:00,22.0,42.203360382971795,0.7607524906214207,8129.712528221969,2015.44,7.275177954465871e-07
2026-02-07 19:00:00,22.0,40.75084321195885,2.4695962212248754,6490.401649016761,2159.4,7.129674395376554e-07
2026-02-07 20:00:00,22.0,44.155139542706635,-1.535458285537223,10332.490487898709,2015.44,6.987080907469022e-07
2026-02-07 21:00:00,22.0,41.09658347671551,2.0628429685699854,6880.604111821124,1727.52,6.847339289319642e-07
2026-02-07 22:00:00,22.0,44.64459119404484,-2.111283757699817,10884.88562159901,1439.6,6.71039250353325e-07
2026-02-07 23:00:00,22.0,43.580927346619774,-0.8599145254350293,9684.434603395077,1151.68,6.576184653462584e-07
2026-02-08 00:00:00,22.0,40.98127581726635,2.19849903851018,6750.4678873668045,575.84,6.444660960393333e-07
2026-02-08 01:00:00,22.0,45.634727511298564,-3.276150013292426,12002.35346925156,575.84,6.315767741185466e-07
2026-02-08 02:00:00,22.0,43.97759139643096,-1.3265781134481889,10132.109650011982,575.84,6.189452386361756e-07
2026-02-08 03:00:00,22.0,41.76205167615084,1.279939204528425,7631.651521703839,575.84,6.065663338634521e-07
2026-02-08 04:00:00,22.0,41.23282843890989,1.902554777753063,7034.370176153704,575.84,5.944350071861832e-07
2026-02-08 05:00:00,22.0,42.58727078075548,0.3090931991112008,8562.993803160638,575.84,5.825463070424594e-07
2026-02-08 06:00:00,22.0,42.028441743787155,0.966539124956292,7932.299352038184,1439.6,5.708953809016102e-07
2026-02-08 07:00:00,22.0,40.66634633197802,2.5690043153199795,6395.038470270393,1727.52,5.594774732835781e-07
2026-02-08 08:00:00,21.995358122215045,36.988641797542684,6.895715532302727,2244.3811327066733,1439.6,5.482879238179065e-07
2026-02-08 09:00:00,22.0,39.22031689977765,4.270215412026297,4763.049653089057,1151.68,5.373221653415484e-07
2026-02-08 10:00:00,22.0,38.07271694991102,5.620333000104685,3467.868349669576,1151.68,5.265757220347174e-07
2026-02-08 11:00:00,22.0,38.59138919118699,5.010130363309423,4053.2418411736385,1295.64,5.160442075940231e-07
2026-02-08 12:00:00,21.95892821454574,36.55056743984682,7.411097129591973,1749.9704126111246,1439.6,5.057233234421426e-07
2026-02-08 13:00:00,21.991968756627756,37.60145962672495,6.174753380323586,2936.007334721782,1295.64,4.956088569732998e-07
2026-02-08 14:00:00,22.0,39.9113511054219,3.457233993621297,5542.950857579157,1151.68,4.856966798338338e-07
2026-02-08 15:00:00,22.0,40.39283793782523,2.890778896676201,6086.3568966295525,1151.68,4.7598274623715717e-07
2026-02-08 16:00:00,22.0,42.84762946314436,0.0027888668889861,8856.834612104723,1151.68,4.66463091312414e-07
2026-02-08 17:00:00,22.0,41.68326164216498,1.3726333621588516,7542.729089347396,1727.52,4.571338294861657e-07
2026-02-08 18:00:00,22.0,39.80029213382531,3.5878916072643445,5417.609702235244,2015.44,4.479911528964424e-07
2026-02-08 19:00:00,22.0,39.77959183872771,3.612244895614453,5394.2473491880955,2159.4,4.390313298385136e-07
2026-02-08 20:00:00,22.0,41.684550782530785,1.371116726434369,7544.184013164245,2015.44,4.302507032417433e-07
2026-02-08 21:00:00,22.0,42.6112883149451,0.2808372765351741,8590.09999224704,1727.52,4.2164568917690844e-07
2026-02-08 22:00:00,22.0,44.309580657065794,-1.7171537141950526,10506.792729564457,1439.6,4.1321277539337024e-07
2026-02-08 23:00:00,22.0,43.116793066029054,-0.3138741953282993,9160.612654320392,1151.68,4.0494851988550287e-07
2026-02-09 00:00:00,22.0,44.063327020760795,-1.4274435538362311,10228.870875630635,575.84,3.9684954948779274e-07
2026-02-09 01:00:00,22.0,41.366584557004714,1.745194638817976,7185.327331035521,575.84,3.889125584980369e-07
2026-02-09 02:00:00,22.0,44.26184340696756,-1.6609922434912514,10452.916469103586,575.84,3.811343073280762e-07
2026-02-09 03:00:00,22.0,41.27104931368284,1.8575890427260724,7077.506255422451,575.84,3.735116211815147e-07
2026-02-09 04:00:00,22.0,41.36400606090964,1.7482281636357204,7182.417240342618,575.84,3.6604138875788434e-07
2026-02-09 05:00:00,22.0,40.7797311668015,2.4356103919982344,6523.00459485217,575.84,3.5872056098272666e-07
2026-02-09 06:00:00,22.0,44.569535253285096,-2.02298265092364,10800.177486857561,1439.6,3.5154614976307213e-07
2026-02-09 07:00:00,22.0,38.69039299202032,4.893655303505504,4164.9775307941345,1727.52,3.4451522676781065e-07
2026-02-09 08:00:00,22.0,39.66676356414556,3.744984042181693,5266.909358494681,1439.6,3.3762492223245447e-07
2026-02-09 09:00:00,22.0,39.50051198450505,3.9405741358764064,5079.277825712404,863.76,3.308724237878054e-07
2026-02-09 10:00:00,22.0,40.72646579713536,2.498275532781928,6462.88929864697,863.76,3.2425497531204927e-07
2026-02-09 11:00:00,22.0,37.875350318363076,5.852529037219907,3245.1203693045672,1007.72,3.1776987580580827e-07
2026-02-09 12:00:00,22.0,37.69296228540899,6.067103193636485,3039.2772353125847,1151.68,3.1141447828969215e-07
2026-02-09 13:00:00,22.0,40.08095545770234,3.257699461526664,5734.366329562859,1007.72,3.051861887238983e-07
2026-02-09 14:00:00,22.0,40.71008992105219,2.517541269350372,6444.4074848995,863.76,2.990824649494203e-07
2026-02-09 15:00:00,22.0,37.91858382774795,5.801666085002412,3293.913707996339,863.76,2.931008156504319e-07
2026-02-09 16:00:00,22.0,37.96810127719566,5.7434102621227545,3349.7991014430195,863.76,2.8723879933742326e-07
2026-02-09 17:00:00,22.0,39.94653429978331,3.4158420002549272,5582.658610735443,1439.6,2.8149402335067476e-07
2026-02-09 18:00:00,22.0,39.19358109553659,4.301669299368726,4732.875624422592,1727.52,2.7586414288366127e-07
2026-02-09 19:00:00,22.0,42.17683922674612,0.7919538508869196,8099.78075130567,2015.44,2.70346860025988e-07
2026-02-09 20:00:00,22.0,42.94239716648035,-0.1087025488004036,8963.789442089721,1727.52,2.6493992282546825e-07
2026-02-09 21:00:00,22.0,45.1131107048936,-2.6624831822277693,11413.656741542918,1439.6,2.596411243689589e-07
2026-02-09 22:00:00,22.0,46.74689773470841,-4.5845855702451885,13257.548783391916,1151.68,2.544483018815797e-07
2026-02-09 23:00:00,22.0,41.28122218182153,1.8456209625628963,7088.987354403784,863.76,2.4935933584394813e-07
2026-02-10 00:00:00,22.0,42.62679161457543,0.2625981004994928,8607.597016209833,575.84,2.4437214912706915e-07
2026-02-10 01:00:00,22.0,46.80141917351824,-4.6487284394332296,13319.081679232688,575.84,2.3948470614452775e-07
2026-02-10 02:00:00,22.0,43.829708129553914,-1.1525977994751937,9965.208595014548,575.84,2.346950120216372e-07
2026-02-10 03:00:00,22.0,43.7242417849105,-1.0285197469535232,9846.179278449988,575.84,2.3000111178120446e-07
2026-02-10 04:00:00,22.0,43.31578720437717,-0.5479849463260862,9385.19743886008,575.84,2.2540108954558035e-07
2026-02-10 05:00:00,22.0,42.72531509463397,0.1466881239600381,8718.7906158039,575.84,2.208930677546687e-07
2026-02-10 06:00:00,22.0,40.501842450154435,2.762538293935957,6209.379389244295,1439.6,2.1647520639957534e-07
2026-02-10 07:00:00,22.0,38.87911685334992,4.671627231353032,4377.971280690721,1727.52,2.1214570227158383e-07
2026-02-10 08:00:00,22.0,38.76593501265205,4.804782338056411,4250.234255279105,1439.6,2.079027882261522e-07
2026-02-10 09:00:00,22.0,38.95071818041037,4.587390375987803,4458.780538411143,863.76,2.0374473246162913e-07
2026-02-10 10:00:00,22.0,38.472799045847815,5.149648181355515,3919.4010031438443,863.76,1.9966983781239658e-07
2026-02-10 11:00:00,21.893011063244728,36.27326785184864,7.737331939001606,1437.0100975963715,1007.72,1.9567644105614862e-07
2026-02-10 12:00:00,21.860216570691207,36.9621436052027,6.926889876232124,2214.4752728317653,1151.68,1.9176291223502567e-07
2026-02-10 13:00:00,21.878815699706596,37.742280103456935,6.009082231227139,3094.9373247614967,1007.72,1.8792765399032514e-07
2026-02-10 14:00:00,21.92627074746597,38.266545833053094,5.39229901993754,3686.623627183722,863.76,1.8416910091051863e-07
2026-02-10 15:00:00,21.963608988916384,38.15887707762485,5.518968143970768,3565.1086698074073,863.76,1.8048571889230824e-07
2026-02-10 16:00:00,22.0,40.24619277055106,3.063302622881101,5920.853160843929,863.76,1.7687600451446207e-07
2026-02-10 17:00:00,22.0,38.87339925722747,4.6783538150265045,4371.518401706921,1439.6,1.7333848442417281e-07
2026-02-10 18:00:00,22.0,42.978959555124376,-0.1517171236757328,9005.053753913373,1727.52,1.6987171473568935e-07
2026-02-10 19:00:00,22.0,42.72946081995159,0.1418108000569531,8723.469481397366,2015.44,1.6647428044097557e-07
2026-02-10 20:00:00,22.0,41.811119637741754,1.2222121908920491,7687.029623155345,1727.52,1.6314479483215602e-07
2026-02-10 21:00:00,22.0,45.48006383873653,-3.094192751454735,11827.800048398045,1439.6,1.598818989355129e-07
2026-02-10 22:00:00,22.0,46.768600895371236,-4.610118700436754,13282.042970515979,1151.68,1.5668426095680264e-07
2026-02-10 23:00:00,22.0,44.326915761153124,-1.737547954297793,10526.357128037418,863.76,1.5355057573766658e-07
2026-02-11 00:00:00,22.0,47.433978862559,-5.392916308892941,14032.988544284091,575.84,1.5047956422291325e-07
2026-02-11 01:00:00,22.0,46.64211385127099,-4.461310413259996,13139.289692544442,575.84,1.4746997293845497e-07
2026-02-11 02:00:00,22.0,42.80827637140616,0.0490866218751098,8812.420712768992,575.84,1.445205734796859e-07
2026-02-11 03:00:00,22.0,43.90229799396401,-1.237997639957661,10047.133515987785,575.84,1.4163016201009214e-07
2026-02-11 04:00:00,22.0,40.66467218549472,2.5709738994179707,6393.1490285493455,575.84,1.387975587698903e-07
2026-02-11 05:00:00,22.0,44.07816913294224,-1.444904862284993,10245.621683438616,575.84,1.3602160759449249e-07
2026-02-11 06:00:00,22.0,41.30971902157488,1.8120952687354317,7121.1488877494085,1439.6,1.3330117544260265e-07
2026-02-11 07:00:00,22.0,39.590721506198236,3.8344452868256016,5181.088291895329,1727.52,1.306351519337506e-07
2026-02-11 08:00:00,22.0,41.439875381219146,1.6589701397421823,7268.043355243929,1439.6,1.2802244889507556e-07
2026-02-11 09:00:00,21.93848136688602,36.99184170631638,6.89195093374544,2247.992549748665,863.76,1.2546199991717404e-07
2026-02-11 10:00:00,21.907203584403224,37.33735952575064,6.485459381469832,2637.9439607621753,863.76,1.2295275991883056e-07
2026-02-11 11:00:00,22.0,40.601640237985805,2.6451291317814047,6322.01117259078,1007.72,1.2049370472045396e-07
2026-02-11 12:00:00,22.0,37.81416105355462,5.924516407582799,3176.062165041745,1151.68,1.1808383062604489e-07
2026-02-11 13:00:00,21.97088614030637,37.20972573897749,6.635616777673539,2493.896469009995,1007.72,1.15722154013524e-07
2026-02-11 14:00:00,22.0,39.2086099721306,4.28398826808164,4749.837214546599,863.76,1.1340771093325352e-07
2026-02-11 15:00:00,22.0,41.26160728333072,1.8686973137285623,7066.84997996705,863.76,1.1113955671458845e-07
2026-02-11 16:00:00,22.0,38.9766200579394,4.55691757889482,4488.013397390407,863.76,1.0891676558029668e-07
2026-02-11 17:00:00,21.95562968801855,36.51090223117107,7.457762080975207,1705.2042580996733,1439.6,1.0673843026869075e-07
2026-02-11 18:00:00,22.0,41.80787296856808,1.2260318016846194,7683.3654323259325,1727.52,1.0460366166331692e-07
2026-02-11 19:00:00,22.0,39.36227474516457,4.103206182159334,4923.2632773927335,2015.44,1.0251158843005058e-07
2026-02-11 20:00:00,22.0,44.1288909969945,-1.5045776435229354,10302.866379207993,1727.52,1.0046135666144956e-07
2026-02-11 21:00:00,22.0,43.18773547651735,-0.397335854726285,9240.678258797478,1439.6,9.845212952822058e-08
2026-02-11 22:00:00,22.0,42.78289807037768,0.0789434466144851,8783.778762228254,1151.68,9.648308693765617e-08
2026-02-11 23:00:00,22.0,44.448451041534156,-1.8805306370990036,10663.52184547545,863.76,9.455342519890305e-08
2026-02-12 00:00:00,22.0,45.05615060309809,-2.5954712977624625,11349.371570656505,575.84,9.266235669492499e-08
2026-02-12 01:00:00,22.0,43.199731023087196,-0.4114482624555258,9254.21643265621,575.84,9.080910956102648e-08
2026-02-12 02:00:00,22.0,40.87901267690941,2.318808615400687,6635.053707159963,575.84,8.899292736980595e-08
2026-02-12 03:00:00,22.0,43.04316528414773,-0.2272532754679272,9077.516339689133,575.84,8.721306882240983e-08
2026-02-12 04:00:00,22.0,43.72730230010159,-1.0321203530606946,9849.633375894657,575.84,8.546880744596163e-08
2026-02-12 05:00:00,22.0,42.35256240069003,0.585220705070551,8298.101925418772,575.84,8.375943129704239e-08
2026-02-12 06:00:00,21.98520066028864,36.866497002402866,7.039415291290749,2106.528516911875,1439.6,8.208424267110154e-08
2026-02-12 07:00:00,22.0,40.04067314887661,3.3050904130863388,5688.903715822139,1727.52,8.04425578176795e-08
2026-02-12 08:00:00,22.0,40.460503287582554,2.8111726028440547,6162.724010365671,1439.6,7.883370666132592e-08
2026-02-12 09:00:00,22.0,40.69245240198606,2.53829129178111,6424.501780881468,863.76,7.72570325280994e-08
2026-02-12 10:00:00,22.0,41.30954548712434,1.812299426912543,7120.95303676853,863.76,7.571189187753741e-08
2026-02-12 11:00:00,21.974048949162206,37.24775892507864,6.590871852848653,2536.820722843756,1007.72,7.419765403998665e-08
2026-02-12 12:00:00,21.91223850913316,36.63710861219835,7.309283985649007,1847.6407797270542,1151.68,7.271370095918692e-08
2026-02-12 13:00:00,21.99591987884402,38.54023569655802,5.07031094522586,3995.510007135383,1007.72,7.125942694000319e-08
2026-02-12 14:00:00,22.0,38.23096333778553,5.434160779075847,3646.465223024752,863.76,6.983423840120312e-08
2026-02-12 15:00:00,22.0,40.7356218497564,2.4875037061689422,6473.2228196350725,863.76,6.843755363317905e-08
2026-02-12 16:00:00,22.0,39.22402160979325,4.265856929655002,4767.23078881266,863.76,6.706880256051546e-08
2026-02-12 17:00:00,22.0,39.451473201687314,3.998266821544333,5023.932655424303,1439.6,6.572742650930515e-08
2026-02-12 18:00:00,22.0,42.05977925418498,0.9296714656647248,7967.666866273171,1727.52,6.441287797911905e-08
2026-02-12 19:00:00,22.0,39.15621521505264,4.345629158761596,4690.70449170841,2015.44,6.312462041953667e-08
2026-02-12 20:00:00,22.0,44.27308075546975,-1.6742126534938222,10465.59894062316,1727.52,6.186212801114594e-08
2026-02-12 21:00:00,22.0,43.072252829201986,-0.2614739167082238,9110.344543037363,1439.6,6.062488545092301e-08
2026-02-12 22:00:00,22.0,42.65234709936926,0.2325328242714575,8636.438936348146,1151.68,5.9412387741904555e-08
2026-02-12 23:00:00,22.0,44.56553995963678,-2.0182823054550383,10795.66839844607,863.76,5.822413998706646e-08
2026-02-13 00:00:00,22.0,44.870410592120635,-2.376953637788983,11139.74539426735,575.84,5.705965718732513e-08
2026-02-13 01:00:00,22.0,46.86322026514726,-4.721435606055598,13388.830391245203,575.84,5.591846404357863e-08
2026-02-13 02:00:00,22.0,41.78700583014941,1.2505813762948126,7659.814779906626,575.84,5.4800094762707057e-08
2026-02-13 03:00:00,22.0,43.84298149886917,-1.1682135280813817,9980.188919623748,575.84,5.370409286745291e-08
2026-02-13 04:00:00,22.0,41.9364787776108,1.07473084986965,7828.509948411552,575.84,5.2630011010103855e-08
2026-02-13 05:00:00,22.0,40.88635992398633,2.3101647953101985,6643.345810210976,575.84,5.157741078990178e-08
2026-02-13 06:00:00,22.0,42.21810743643018,0.7434030159644938,8146.356052755103,1439.6,5.054586257410374e-08
2026-02-13 07:00:00,22.0,40.605813873946495,2.640218971827653,6326.721538136015,1727.52,4.9534945322621667e-08
2026-02-13 08:00:00,22.0,37.181380003736045,6.668964701487008,2461.905472216501,1439.6,4.854424641616923e-08
2026-02-13 09:00:00,22.0,40.645072975724496,2.5940317932653,6371.0293604026665,863.76,4.7573361487845844e-08
2026-02-13 10:00:00,21.78472042113574,34.58805290004557,9.719937764652268,0.0,863.76,4.662189425808893e-08
2026-02-13 11:00:00,21.92074930039227,39.13213592558684,4.373957734603724,4663.528605617305,1007.72,4.568945637292715e-08
2026-02-13 12:00:00,22.0,39.75517967628887,3.640965086718977,5366.695782659618,1151.68,4.4775667245468606e-08
2026-02-13 13:00:00,22.0,37.64092685544666,6.128321346533342,2980.5500490570985,1007.72,4.3880153900559235e-08
2026-02-13 14:00:00,21.788663233985922,34.45132157775513,9.880798143817495,0.0,863.76,4.300255082254805e-08
2026-02-13 15:00:00,22.0,41.99447903447249,1.0064952535617795,7893.969038305654,863.76,4.214249980609709e-08
2026-02-13 16:00:00,22.0,39.68972672143248,3.717968563020616,5292.825577808696,863.76,4.1299649809975146e-08
2026-02-13 17:00:00,22.0,39.46036471731529,3.987806214923195,5033.967619962033,1439.6,4.047365681377564e-08
2026-02-13 18:00:00,22.0,41.09279507048959,2.0672999170710638,6876.328516554556,1727.52,3.966418367750013e-08
2026-02-13 19:00:00,22.0,41.38071791434345,1.728567159595936,7201.2782381280185,2015.44,3.8870900003950124e-08
2026-02-13 20:00:00,22.0,44.070656239692866,-1.4360661643445471,10237.14263211737,1727.52,3.8093482003871116e-08
2026-02-13 21:00:00,22.0,44.5736901941176,-2.0278708166089503,10804.866753081127,1439.6,3.73316123637937e-08
2026-02-13 22:00:00,22.0,44.346804873037726,-1.7609469094561532,10548.80397971038,1151.68,3.658498011651782e-08
2026-02-13 23:00:00,22.0,46.35495755881751,-4.123479480961775,12815.205100881443,863.76,3.5853280514187466e-08
2026-02-14 00:00:00,22.0,44.625966882448324,-2.089372802880379,10863.86622353118,575.84,3.513621490390372e-08
2026-02-14 01:00:00,22.0,45.095014808624384,-2.641193892499276,11393.233713013482,575.84,3.4433490605825643e-08
2026-02-14 02:00:00,22.0,44.89356318763037,-2.404191985447492,11165.875413559637,575.84,3.374482079370913e-08
2026-02-14 03:00:00,22.0,43.00930215461658,-0.1874142995489142,9039.29841170027,575.84,3.306992437783495e-08
2026-02-14 04:00:00,22.0,45.94512113843882,-3.6413189863986073,12352.663716842055,575.84,3.240852589027825e-08
2026-02-14 05:00:00,22.0,42.41943792909993,0.5065436128236098,8373.57764678218,575.84,3.1760355372472685e-08
2026-02-14 06:00:00,22.0,37.210498598454734,6.634707531229722,2494.768718216013,1439.6,3.112514826502323e-08
2026-02-14 07:00:00,22.0,42.11640171340499,0.863056807758833,8031.570973748872,1727.52,3.050264529972277e-08
2026-02-14 08:00:00,22.0,37.2646491559765,6.571000992968827,2555.8830374350778,1439.6,2.9892592393728314e-08
2026-02-14 09:00:00,22.0,38.65292153841415,4.937739366571587,4122.687248254208,1151.68,2.929474054585375e-08
2026-02-14 10:00:00,22.0,39.23054190223132,4.258185997374918,4774.589590858272,1151.68,2.8708845734936673e-08
2026-02-14 11:00:00,22.0,40.11094301181784,3.22241998609666,5768.210283137612,1295.64,2.8134668820237937e-08
2026-02-14 12:00:00,22.0,37.5125406590151,6.279363930570464,2835.653387764444,1439.6,2.757197544383318e-08
2026-02-14 13:00:00,21.84855286327734,35.39507711073222,8.770497516785625,445.88402717238,1295.64,2.7020535934956514e-08
2026-02-14 14:00:00,21.975268737028177,38.86717257396741,4.685679324744227,4364.490966979618,1151.68,2.6480125216257384e-08
2026-02-14 15:00:00,22.0,38.883471366018256,4.666504275272643,4382.885783688204,1151.68,2.595052271193224e-08
2026-02-14 16:00:00,22.0,37.73236955467644,6.020741700380664,3083.7522794078286,1151.68,2.5431512257693597e-08
2026-02-14 17:00:00,22.0,39.69053490136275,3.717017763102645,5293.737689678003,1727.52,2.492288201253972e-08
2026-02-14 18:00:00,22.0,43.822868825531785,-1.1445515594491569,9957.489756495173,2015.44,2.4424424372288924e-08
2026-02-14 19:00:00,22.0,41.861876486394756,1.1624982513002842,7744.313802545123,2159.4,2.3935935884843144e-08
2026-02-14 20:00:00,22.0,40.27920065186848,3.0244698213311976,5958.1058556987655,2015.44,2.345721716714628e-08
2026-02-14 21:00:00,22.0,43.616963073029005,-0.9023094976811852,9725.104524220536,1727.52,2.2988072823803357e-08
2026-02-14 22:00:00,22.0,48.755018402978635,-6.947080474092507,15523.91376960169,1439.6,2.2528311367327287e-08
2026-02-14 23:00:00,22.0,43.774182323678005,-1.0872733219741273,9902.542170502998,1151.68,2.2077745139980743e-08
2026-02-15 00:00:00,22.0,44.88737594722486,-2.396912879088072,11158.892494037978,575.84,2.163619023718113e-08
2026-02-15 01:00:00,22.0,47.54360831304891,-5.5218921329987065,14156.716342106998,575.84,2.1203466432437508e-08
2026-02-15 02:00:00,22.0,46.94914012595852,-4.822517795245323,13485.79954615679,575.84,2.0779397103788758e-08
2026-02-15 03:00:00,22.0,41.89648091244329,1.1217871618314277,7783.368357783495,575.84,2.0363809161712984e-08
2026-02-15 04:00:00,22.0,44.095050667511636,-1.4647654911901598,10264.674183353633,575.84,1.995653297847872e-08
2026-02-15 05:00:00,22.0,43.57272860059976,-0.8502689418820668,9675.18149863689,575.84,1.955740231890915e-08
2026-02-15 06:00:00,22.0,41.21058555358384,1.9287228781366623,7009.266855774723,1439.6,1.9166254272530964e-08
2026-02-15 07:00:00,22.0,41.365160343795324,1.7468701837702054,7183.719964007404,1727.52,1.8782929187080346e-08
2026-02-15 08:00:00,22.0,39.279917332777835,4.20009725555549,4830.314701773065,1439.6,1.8407270603338737e-08
2026-02-15 09:00:00,22.0,39.090460994008076,4.422987065872849,4616.494277837515,1151.68,1.8039125191271965e-08
2026-02-15 10:00:00,22.0,40.2455061132921,3.0641104549504683,5920.078199461466,1151.68,1.7678342687446525e-08
2026-02-15 11:00:00,22.0,38.73488844817152,4.841307708033503,4215.195102606375,1295.64,1.7324775833697594e-08
2026-02-15 12:00:00,21.99607974074114,36.99731935377452,6.885506642618209,2254.1746226699256,1439.6,1.697828031702364e-08
2026-02-15 13:00:00,22.0,37.794591522211505,5.947539385633524,3153.9759919679045,1295.64,1.6638714710683168e-08
2026-02-15 14:00:00,22.0,38.34481584719902,5.300216650354092,3774.959165148817,1151.68,1.6305940416469505e-08
2026-02-15 15:00:00,21.83902440530138,35.45228373396078,8.70319560710496,510.44742214814005,1151.68,1.5979821608140117e-08
2026-02-15 16:00:00,21.91109405683909,38.20723620684459,5.462075050771071,3619.686783044806,1151.68,1.566022517597731e-08
2026-02-15 17:00:00,22.0,38.82086509645515,4.740158710052769,4312.2283478592835,1727.52,1.5347020672457768e-08
2026-02-15 18:00:00,22.0,41.43214629325137,1.6680631844101508,7259.320306563498,2015.44,1.504008025900861e-08
2026-02-15 19:00:00,22.0,41.6557379297514,1.4050142002924668,7511.665827517435,2159.4,1.4739278653828436e-08
2026-02-15 20:00:00,22.0,43.58286998219368,-0.8621999790513845,9686.627061903786,2015.44,1.4444493080751866e-08
2026-02-15 21:00:00,22.0,42.23232845464324,0.726672406302068,8162.405893910359,1727.52,1.415560321913683e-08
2026-02-15 22:00:00,22.0,44.28216620983547,-1.6849014233358404,10475.852784420309,1439.6,1.3872491154754092e-08
2026-02-15 23:00:00,22.0,44.05610563620088,-1.4189478072951602,10220.720821016317,1151.68,1.359504133165901e-08
2026-02-16 00:00:00,22.0,44.27696078633622,-1.6787773956896637,10469.977943459056,575.84,1.332314050502583e-08
2026-02-16 01:00:00,22.0,44.46503150777211,-1.9000370679671823,10682.234559671606,575.84,1.3056677694925314e-08
2026-02-16 02:00:00,22.0,39.09956665870229,4.412274519173786,4626.770931011401,575.84,1.2795544141026805e-08
2026-02-16 03:00:00,22.0,44.68741582777529,-2.161665679735635,10933.217503227193,575.84,1.253963325820627e-08
2026-02-16 04:00:00,22.0,43.99870960126978,-1.3514230603173845,10155.943655993075,575.84,1.2288840593042144e-08
2026-02-16 05:00:00,22.0,40.850020283768586,2.352917313213431,6602.332892261227,575.84,1.2043063781181301e-08
2026-02-16 06:00:00,22.0,42.161787298427804,0.8096620018496417,8082.79314500562,1439.6,1.1802202505557673e-08
2026-02-16 07:00:00,22.0,40.76540606094454,2.4524634577122963,6506.837280382011,1727.52,1.156615845544652e-08
2026-02-16 08:00:00,22.0,41.29689862070455,1.827178093288764,7106.679783327159,1439.6,1.133483528633759e-08
2026-02-16 09:00:00,22.0,37.91018848098134,5.811542963551363,3284.4387196355406,863.76,1.1108138580610837e-08
2026-02-16 10:00:00,21.968122179066032,37.34827631150985,6.4726161041060575,2650.264645170016,863.76,1.088597580899862e-08
2026-02-16 11:00:00,22.0,38.401678692487025,5.233319185309384,3839.1345723408563,1007.72,1.0668256292818648e-08
2026-02-16 12:00:00,21.929046545593767,36.53481162958388,7.429633376960145,1732.1884051483648,1151.68,1.0454891166962276e-08
2026-02-16 13:00:00,22.0,41.02466471396427,2.1474532776890896,6799.436596180077,1007.72,1.0245793343623029e-08
2026-02-16 14:00:00,22.0,39.40716440970729,4.050394812109068,4973.925752795651,863.76,1.004087747675057e-08
2026-02-16 15:00:00,22.0,39.034801560524315,4.488468752324328,4553.677041207742,863.76,9.840059927215557e-09
2026-02-16 16:00:00,22.0,41.44288024473502,1.6554350061940943,7271.434644207947,863.76,9.643258728671245e-09
2026-02-16 17:00:00,22.0,43.24282741026326,-0.4621498944273603,9302.855015223116,1439.6,9.45039355409782e-09
2026-02-16 18:00:00,22.0,41.67342314056536,1.3842080699231063,7531.625356442069,1727.52,9.261385683015864e-09
2026-02-16 19:00:00,22.0,40.85015060534531,2.3527639937114007,6602.4799731927205,2015.44,9.076157969355546e-09
2026-02-16 20:00:00,22.0,40.67041573457493,2.564216782853025,6399.631198041267,1727.52,8.894634809968435e-09
2026-02-16 21:00:00,22.0,44.48455245748339,-1.9230028911569343,10704.265903515754,1439.6,8.716742113769067e-09
2026-02-16 22:00:00,22.0,42.84801944891038,0.0023300601054336,8857.274750040253,1151.68,8.542407271493684e-09
2026-02-16 23:00:00,22.0,43.3520263446542,-0.5906192290049381,9426.09693257673,863.76,8.37155912606381e-09
2026-02-17 00:00:00,22.0,42.47836610363136,0.437216348668993,8440.083984558352,575.84,8.204127943542534e-09
2026-02-17 01:00:00,22.0,45.02947256098463,-2.5640853658642766,11319.262732327254,575.84,8.040045384671682e-09
2026-02-17 02:00:00,22.0,47.15193721468104,-5.061102605507102,13714.676340489024,575.84,7.879244476978247e-09
2026-02-17 03:00:00,22.0,43.4348471069156,-0.6880554199007006,9519.568444864944,575.84,7.721659587438682e-09
2026-02-17 04:00:00,22.0,44.57344935964853,-2.027587481939446,10804.59494729933,575.84,7.56722639568991e-09
2026-02-17 05:00:00,22.0,43.25994343875398,-0.4822863985340981,9322.172164977741,575.84,7.415881867776111e-09
2026-02-17 06:00:00,22.0,41.66207254489041,1.3975617118936352,7518.815074163314,1439.6,7.267564230420589e-09
2026-02-17 07:00:00,22.0,40.846192219944975,2.357420917711797,6598.012539429899,1727.52,7.1222129458121765e-09
2026-02-17 08:00:00,22.0,39.20934924627715,4.283118533791589,4750.671559348391,1439.6,6.979768686895932e-09
2026-02-17 09:00:00,21.984936542221483,37.55047120605239,6.234739757585425,2878.4618031507307,863.76,6.840173313158014e-09
2026-02-17 10:00:00,22.0,38.83066411870205,4.728630448585822,4323.287524367138,863.76,6.7033698468948535e-09
2026-02-17 11:00:00,21.96950908157427,37.19316642938356,6.655098318372282,2475.207632202286,1007.72,6.5693024499569564e-09
2026-02-17 12:00:00,21.998262512366946,37.72481278311814,6.029632019861011,3075.223707027132,1151.68,6.4379164009578165e-09
2026-02-17 13:00:00,21.891502760838062,36.27551171762381,7.734692096913164,1439.5425245102292,1007.72,6.309158072938659e-09
2026-02-17 14:00:00,21.960232796911306,38.526119774013644,5.086917912925122,3979.578776951799,863.76,6.1829749114798865e-09
2026-02-17 15:00:00,22.0,38.88001229278248,4.670573773197079,4378.9818736343095,863.76,6.059315413250289e-09
2026-02-17 16:00:00,22.0,40.08648076159814,3.2511991040021866,5740.602187539661,863.76,5.9381291049852825e-09
2026-02-17 17:00:00,22.0,40.545837764580874,2.710779100493093,6259.032501105975,1439.6,5.819366522885576e-09
2026-02-17 18:00:00,22.0,42.481929818187986,0.433023743308252,8444.105992806963,1727.52,5.702979192427865e-09
2026-02-17 19:00:00,22.0,43.53040013979254,-0.80047075269711,9627.409597769862,2015.44,5.588919608579308e-09
2026-02-17 20:00:00,22.0,41.53119884501937,1.551530770565451,7371.11101648886,1727.52,5.477141216407721e-09
2026-02-17 21:00:00,22.0,45.39560591744808,-2.994830491115392,11732.480838431904,1439.6,5.367598392079566e-09
2026-02-17 22:00:00,22.0,44.63698712535353,-2.10233779453356,10876.303669673993,1151.68,5.260246424237975e-09
2026-02-17 23:00:00,22.0,42.708065072722135,0.1669822673857193,8699.322241074204,863.76,5.1550414957532155e-09
2026-02-18 00:00:00,22.0,45.14959135150613,-2.7054015900072144,11454.828799309822,575.84,5.051940665838151e-09
2026-02-18 01:00:00,22.0,43.02528903811735,-0.2062223977851234,9057.341208419242,575.84,4.950901852521388e-09
2026-02-18 02:00:00,22.0,45.09926409810272,-2.6461930565914376,11398.029461118733,575.84,4.8518838154709596e-09
2026-02-18 03:00:00,22.0,45.34114118682959,-2.9307543374465777,11671.011943455875,575.84,4.75484613916154e-09
2026-02-18 04:00:00,22.0,45.56120395333139,-3.189651709801641,11919.374781729812,575.84,4.659749216378309e-09
2026-02-18 05:00:00,22.0,39.79835383558505,3.59017195813524,5415.422138841284,575.84,4.566554232050743e-09
2026-02-18 06:00:00,22.0,43.08268100877851,-0.2737423632688309,9122.113786507425,1439.6,4.475223147409728e-09
2026-02-18 07:00:00,22.0,38.99979804343877,4.52964936066027,4514.172071825,1727.52,4.385718684461533e-09
2026-02-18 08:00:00,22.0,41.14990994554875,2.000105946413236,6940.78836454632,1439.6,4.298004310772302e-09
2026-02-18 09:00:00,21.898102806096595,36.50628428346804,7.463194960625833,1699.9924423220314,863.76,4.212044224556856e-09
2026-02-18 10:00:00,21.689186874269602,34.453982995287234,9.877667064367955,0.0,863.76,4.127803340065719e-09
2026-02-18 11:00:00,21.960680026573375,40.73295329209074,2.4906431857755997,6470.211085453611,1007.72,4.0452472732644045e-09
2026-02-18 12:00:00,22.0,39.59408593806998,3.830487131682372,5184.885389705781,1151.68,3.964342327799117e-09
2026-02-18 13:00:00,21.91615095293264,36.551528022151686,7.409967032762722,1751.054525800393,1007.72,3.8850554812431345e-09
2026-02-18 14:00:00,21.885086300416212,37.33334065741102,6.490187461869385,2633.408265954079,863.76,3.807354371618272e-09
2026-02-18 15:00:00,21.862411186876813,37.42506979087341,6.382270834266573,2736.933765979729,863.76,3.731207284185907e-09
2026-02-18 16:00:00,22.0,40.42538443568744,2.852488899191248,6123.0888741168465,863.76,3.6565831385021886e-09
2026-02-18 17:00:00,21.987255537992198,36.891207172911706,7.010344502456819,2134.4164153481515,1439.6,3.5834514757321443e-09
2026-02-18 18:00:00,22.0,40.94931590662738,2.2360989333795493,6714.397932219666,1727.52,3.511782446217501e-09
2026-02-18 19:00:00,22.0,44.098821133982554,-1.4692013340971226,10268.929531812712,2015.44,3.4415467972931513e-09
2026-02-18 20:00:00,22.0,43.28035245007301,-0.5062970000858887,9345.2057751524,1727.52,3.3727158613472883e-09
2026-02-18 21:00:00,22.0,45.60022677962328,-3.2355609172038537,11963.415943482833,1439.6,3.3052615441203426e-09
2026-02-18 22:00:00,22.0,41.38988606332511,1.717781101970457,7211.625411068717,1151.68,3.2391563132379358e-09
2026-02-18 23:00:00,22.0,45.55671095614303,-3.184365830756506,11914.303985103024,863.76,3.1743731869731766e-09
2026-02-19 00:00:00,22.0,43.71277807593414,-1.0150330305107556,9833.24133649927,575.84,3.110885723233713e-09
2026-02-19 01:00:00,22.0,45.234292155852536,-2.8050495951206336,11550.422127095173,575.84,3.0486680087690386e-09
2026-02-19 02:00:00,22.0,45.14064479946336,-2.6948762346627806,11444.731720674348,575.84,2.9876946485936576e-09
2026-02-19 03:00:00,22.0,46.801595164212046,-4.648935487308291,13319.280302329717,575.84,2.927940755621784e-09
2026-02-19 04:00:00,22.0,41.83310317491603,1.1963492059811345,7711.840243210236,575.84,2.8693819405093487e-09
2026-02-19 05:00:00,22.0,39.821376623878955,3.563086324848285,5441.405657709789,575.84,2.811994301699162e-09
2026-02-19 06:00:00,22.0,42.707144888320755,0.1680648372696966,8698.283720958805,1439.6,2.7557544156651786e-09
2026-02-19 07:00:00,22.0,42.89690474214917,-0.0551820495872594,8912.446691989551,1727.52,2.7006393273518747e-09
2026-02-19 08:00:00,22.0,38.08436272734569,5.606632085475658,3481.011774082348,1439.6,2.6466265408048375e-09
2026-02-19 09:00:00,22.0,41.54444723744636,1.5359444265336877,7386.063152181966,863.76,2.5936940099887403e-09
2026-02-19 10:00:00,21.867003211934925,36.13230763602087,7.903167487034272,1277.9223980131526,863.76,2.5418201297889657e-09
2026-02-19 11:00:00,22.0,39.40332389964002,4.054913059247032,4969.591353133729,1007.72,2.4909837271931862e-09
2026-02-19 12:00:00,22.0,39.625597662801866,3.793414514350747,5220.449522238187,1151.68,2.4411640526493225e-09
2026-02-19 13:00:00,21.990323796720524,37.44346607469397,6.360628147418856,2757.695811899618,1007.72,2.392340771596336e-09
2026-02-19 14:00:00,22.0,39.97035041165235,3.3878230451148803,5609.53747459084,863.76,2.3444939561644093e-09
2026-02-19 15:00:00,22.0,39.94792578216419,3.414204962159771,5584.229037750507,863.76,2.297604077041121e-09
2026-02-19 16:00:00,22.0,38.84823071445929,4.7079638653420135,4343.113184338757,863.76,2.2516519955002988e-09
2026-02-19 17:00:00,22.0,44.39950621983472,-1.8229484939232083,10608.282719705467,1439.6,2.206618955590293e-09
2026-02-19 18:00:00,22.0,38.35788728192185,5.284838491856645,3789.7115863769977,1727.52,2.162486576478487e-09
2026-02-19 19:00:00,22.0,41.95579652815682,1.0520040845213927,7850.311961677785,2015.44,2.119236844948917e-09
2026-02-19 20:00:00,22.0,45.04804222108599,-2.5859320248070548,11340.220450717652,1727.52,2.0768521080499387e-09
2026-02-19 21:00:00,22.0,45.283480183821894,-2.8629178633198715,11605.935735461391,1439.6,2.03531506588894e-09
2026-02-19 22:00:00,22.0,42.40868752982372,0.5191911413838508,8361.444746159055,1151.68,1.9946087645711612e-09
2026-02-19 23:00:00,22.0,43.412357819756856,-0.6615974350080664,9494.187035377588,863.76,1.9547165892797382e-09
2026-02-20 00:00:00,22.0,42.19247288261514,0.7735613145704225,8117.42489531945,575.84,1.9156222574941434e-09
2026-02-20 01:00:00,22.0,45.59481064555003,-3.229188994764743,11957.303294567762,575.84,1.8773098123442602e-09
2026-02-20 02:00:00,22.0,43.590293849710726,-0.8709339408361487,9695.005638783527,575.84,1.8397636160973752e-09
2026-02-20 03:00:00,22.0,42.828997606002005,0.0247086988211653,8835.806698133863,575.84,1.8029683437754278e-09
2026-02-20 04:00:00,22.0,41.66804524957119,1.390535000504474,7525.55586866605,575.84,1.766908976899919e-09
2026-02-20 05:00:00,22.0,40.11360684351405,3.219286066454056,5771.216683589956,575.84,1.7315707973619205e-09
2026-02-20 06:00:00,22.0,42.369348639935396,0.5654721883113056,8317.046875031088,1439.6,1.696939381414682e-09
2026-02-20 07:00:00,22.0,40.46410470184425,2.8069356448891214,6166.78856650142,1727.52,1.6630005937863883e-09
2026-02-20 08:00:00,22.0,40.48725456748625,2.77970050883971,6192.915504864978,1439.6,1.6297405819106606e-09
2026-02-20 09:00:00,22.0,38.83527712867158,4.723203378033438,4328.493767418743,863.76,1.5971457702724474e-09
2026-02-20 10:00:00,21.940671463158285,37.01817789762585,6.860967179263705,2277.7155752605313,863.76,1.5652028548669982e-09
2026-02-20 11:00:00,22.0,40.67771254106036,2.555632304634868,6407.866373840722,1007.72,1.5338987977696583e-09
2026-02-20 12:00:00,21.873268077910225,35.86406833191921,8.21874313891857,975.1875194040244,1151.68,1.503220821814265e-09
2026-02-20 13:00:00,22.0,39.80246180186555,3.585339056628773,5420.058389585457,1007.72,1.4731564053779795e-09
2026-02-20 14:00:00,22.0,38.7280431706182,4.849360975743292,4207.469522359701,863.76,1.44369327727042e-09
2026-02-20 15:00:00,21.90848534609086,36.631135671523325,7.316310974678439,1840.8997188812243,863.76,1.4148194117250115e-09
2026-02-20 16:00:00,22.0,38.89238347942821,4.656019435966811,4392.94399488268,863.76,1.3865230234905112e-09
2026-02-20 17:00:00,22.0,39.692814334603206,3.7143360769374034,5296.310258033179,1439.6,1.3587925630207011e-09
2026-02-20 18:00:00,22.0,43.15706427700169,-0.361252090590221,9206.062743024106,1727.52,1.3316167117602871e-09
2026-02-20 19:00:00,22.0,43.8049308442491,-1.1234480520577648,9937.244950819535,2015.44,1.3049843775250812e-09
2026-02-20 20:00:00,22.0,41.24986412566284,1.882512793337839,7053.596652223081,1727.52,1.2788846899745795e-09
2026-02-20 21:00:00,22.0,44.555707083357724,-2.006714215714968,10784.57101427753,1439.6,1.253306996175088e-09
2026-02-20 22:00:00,22.0,44.93583655747683,-2.4539253617374523,11213.585138768354,1151.68,1.2282408562515862e-09
2026-02-20 23:00:00,22.0,42.795430682589824,0.0641991969531501,8797.923068370877,863.76,1.2036760391265544e-09
2026-02-21 00:00:00,22.0,46.3348530271282,-4.099827090739055,12792.515126416885,575.84,1.1796025183440233e-09
2026-02-21 01:00:00,22.0,43.97644808347619,-1.3252330393837572,10130.819307011232,575.84,1.1560104679771429e-09
2026-02-21 02:00:00,22.0,44.021543918382015,-1.3782869628023715,10181.714466285943,575.84,1.1328902586176e-09
2026-02-21 03:00:00,22.0,43.55872879000177,-0.8337985764726743,9659.381312396003,575.84,1.1102324534452477e-09
2026-02-21 04:00:00,22.0,43.731340574191755,-1.0368712637550077,9854.190972032815,575.84,1.0880278043763427e-09
2026-02-21 05:00:00,22.0,43.01573856183623,-0.1949865433367397,9046.56254088837,575.84,1.0662672482888158e-09
2026-02-21 06:00:00,22.0,42.98321907845127,-0.1567283275897306,9009.861051940105,1439.6,1.0449419033230396e-09
2026-02-21 07:00:00,22.0,39.449484702381206,4.0006062324926965,5021.6884351074295,1727.52,1.0240430652565788e-09
2026-02-21 08:00:00,22.0,40.58585362557845,2.663701616966528,6304.194401827841,1439.6,1.0035622039514472e-09
2026-02-21 09:00:00,21.97596158779867,37.09897108798141,6.765916367080693,2368.898769895821,1151.68,9.834909598724182e-10
2026-02-21 10:00:00,22.0,38.58725719783702,5.014991531956449,4048.57847347886,1151.68,9.638211406749699e-10
2026-02-21 11:00:00,22.0,39.665218022632935,3.746802326314197,5265.165060343531,1295.64,9.445447178614706e-10
2026-02-21 12:00:00,22.0,38.15428359965232,5.524372235703159,3559.924470567605,1439.6,9.25653823504241e-10
2026-02-21 13:00:00,22.0,38.564309429149176,5.041988906883324,4022.679621737761,1295.64,9.071407470341563e-10
2026-02-21 14:00:00,21.925323192563926,36.490037827195216,7.48230843859386,1681.6566917725213,1151.68,8.889979320934732e-10
2026-02-21 15:00:00,22.0,39.373137265693344,4.090426746243125,4935.522718061509,1151.68,8.712179734516036e-10
2026-02-21 16:00:00,22.0,39.91955764804055,3.4475792375993484,5552.212761578568,1151.68,8.537936139825715e-10
2026-02-21 17:00:00,22.0,37.87038584731429,5.858369591394955,3239.5174672789067,1727.52,8.367177417029201e-10
2026-02-21 18:00:00,22.0,40.285945553512306,3.0165346429266986,5965.718151693989,2015.44,8.199833868688616e-10
2026-02-21 19:00:00,22.0,39.20338452614263,4.29013585159691,4743.93977620457,2159.4,8.035837191314844e-10
2026-02-21 20:00:00,22.0,40.70962349309136,2.5180900081278117,6443.881074302906,2015.44,7.875120447488547e-10
2026-02-21 21:00:00,22.0,45.06233945625111,-2.602752301471898,11356.356310325004,1727.52,7.717618038538776e-10
2026-02-21 22:00:00,22.0,42.41156992038691,0.515800093662462,8364.697812148668,1439.6,7.563265677767999e-10
2026-02-21 23:00:00,22.0,41.841132212856024,1.1869032789929097,7720.90181542931,1151.68,7.412000364212639e-10
2026-02-22 00:00:00,22.0,41.94421767505018,1.0656262646468395,7837.244068061637,575.84,7.263760356928387e-10
2026-02-22 01:00:00,22.0,42.754384637302465,0.1124886619971015,8751.598501659562,575.84,7.118485149789819e-10
2026-02-22 02:00:00,22.0,42.449697281521495,0.470944374680597,8407.72835192516,575.84,6.976115446794023e-10
2026-02-22 03:00:00,22.0,44.0686868302827,-1.4337492120972892,10234.919956657057,575.84,6.836593137858142e-10
2026-02-22 04:00:00,22.0,44.273549543394275,-1.6747641686991492,10466.12801467478,575.84,6.699861275100979e-10
2026-02-22 05:00:00,22.0,42.628754195474244,0.2602891817950035,8609.811985012233,575.84,6.565864049598959e-10
2026-02-22 06:00:00,22.0,43.9801413024357,-1.3295780028655255,10134.98747392893,1439.6,6.43454676860698e-10
2026-02-22 07:00:00,22.0,37.987263210434534,5.720866811253494,3371.425259296416,1727.52,6.305855833234841e-10
2026-02-22 08:00:00,22.0,39.93159803101011,3.433414081164576,5565.801537798012,1439.6,6.179738716570144e-10
2026-02-22 09:00:00,21.93035739010157,36.55057470455531,7.411088582876109,1749.9786115611223,1151.68,6.05614394223874e-10
2026-02-22 10:00:00,22.0,40.29906290840963,3.0011024606945558,5980.522398431111,1151.68,5.935021063393965e-10
2026-02-22 11:00:00,21.90096915648652,36.02538982491341,8.028953147160694,1157.254956397276,1295.64,5.816320642126086e-10
2026-02-22 12:00:00,22.0,38.59129711890484,5.010238683641361,4053.1379283960036,1439.6,5.699994229283564e-10
2026-02-22 13:00:00,22.0,40.04928018474276,3.294964488537925,5698.617616500683,1295.64,5.585994344697892e-10
2026-02-22 14:00:00,21.837954080404614,35.43941293846132,8.71833771945727,495.92144234744194,1151.68,5.474274457803935e-10
2026-02-22 15:00:00,21.79829823022161,36.86340710608642,7.043050463427738,2103.041259929134,1151.68,5.364788968647856e-10
2026-02-22 16:00:00,21.944772113789487,39.08995288568417,4.423584840371569,4615.920826783155,1151.68,5.257493189274899e-10
2026-02-22 17:00:00,22.0,40.21232084192199,3.1031519506800103,5882.6253021931625,1727.52,5.1523433254894e-10
2026-02-22 18:00:00,22.0,40.402832968007495,2.879020037638237,6097.637287693259,2015.44,5.049296458979612e-10
2026-02-22 19:00:00,22.0,41.69911617088897,1.353980975424739,7560.622510465293,2159.4,4.948310529800021e-10
2026-02-22 20:00:00,22.0,44.1968691220915,-1.5845519083429414,10379.586491192467,2015.44,4.849344319204019e-10
2026-02-22 21:00:00,22.0,44.25465191466863,-1.6525316643160324,10444.800150895015,1727.52,4.752357432819939e-10
2026-02-22 22:00:00,22.0,40.7612660584013,2.457334048939652,6502.164873511705,1439.6,4.657310284163541e-10
2026-02-22 23:00:00,22.0,39.891481346915214,3.480610180099754,5520.525848128511,1151.68,4.56416407848027e-10
2026-02-23 00:00:00,22.0,41.893463541107835,1.125337010461366,7779.962952494303,575.84,4.4728807969106644e-10
2026-02-23 01:00:00,22.0,43.621167111106374,-0.9072554248310264,9729.849201594654,575.84,4.383423180972451e-10
2026-02-23 02:00:00,22.0,44.66865972846038,-2.1395996805416244,10912.04936954039,575.84,4.295754717353002e-10
2026-02-23 03:00:00,22.0,44.9110790756591,-2.4247989125401217,11185.643844788865,575.84,4.2098396230059415e-10
2026-02-23 04:00:00,22.0,44.09488009773134,-1.4645648208604047,10264.481678299593,575.84,4.1256428305458223e-10
2026-02-23 05:00:00,22.0,42.97053977311606,-0.1418114977836042,8995.551187938785,575.84,4.043129973934906e-10
2026-02-23 06:00:00,22.0,37.49302112957619,6.302328082851539,2813.623646839691,1439.6,3.9622673744562076e-10
2026-02-23 07:00:00,22.0,37.19933534280101,6.647840773175281,2482.1698678852167,1727.52,3.8830220269670834e-10
2026-02-23 08:00:00,22.0,38.18132673710983,5.492556779870788,3590.445355502152,1439.6,3.805361586427741e-10
2026-02-23 09:00:00,22.0,40.378879343867546,2.9072007719205377,6070.603227488913,863.76,3.729254354699186e-10
2026-02-23 10:00:00,21.913157468762172,36.68731855172415,7.250213468559827,1904.307717475872,863.76,3.654669267605202e-10
2026-02-23 11:00:00,21.97446856659457,38.271501139085196,5.386469248135063,3692.216185571552,1007.72,3.5815758822530984e-10
2026-02-23 12:00:00,22.0,41.410116045695005,1.6939811227117572,7234.456969171384,1151.68,3.509944364608036e-10
2026-02-23 13:00:00,21.984861488176236,37.37778110703503,6.437904579958792,2683.5637573997315,1007.72,3.4397454773158756e-10
2026-02-23 14:00:00,22.0,39.636765796550804,3.780275533469645,5233.053877987239,863.76,3.370950567769558e-10
2026-02-23 15:00:00,22.0,40.1195277734188,3.2123202665661155,5777.899045080461,863.76,3.303531556414167e-10
2026-02-23 16:00:00,22.0,39.87569358906561,3.499184012863985,5502.707784619451,863.76,3.2374609252858835e-10
2026-02-23 17:00:00,22.0,41.11716430065353,2.0386302345252583,6903.8316297175725,1439.6,3.1727117067801655e-10
2026-02-23 18:00:00,22.0,41.208236592476815,1.9314863617919844,7006.615818269334,1727.52,3.109257472644562e-10
2026-02-23 19:00:00,22.0,42.16994668837782,0.8000627195555062,8092.001832503209,2015.44,3.047072323191671e-10
2026-02-23 20:00:00,22.0,46.03887545784097,-3.7516181856952615,12458.474841719324,1727.52,2.9861308767278373e-10
2026-02-23 21:00:00,22.0,40.969690474933444,2.2121288530194776,6737.3926700098855,1439.6,2.9264082591932806e-10
2026-02-23 22:00:00,22.0,45.766226801879846,-3.430855061035113,12150.763568601595,1151.68,2.8678800940094145e-10
2026-02-23 23:00:00,22.0,46.05322506410464,-3.76850007541722,12474.669807348495,863.76,2.810522492129226e-10
2026-02-24 00:00:00,22.0,45.108540528043505,-2.6571065035805947,11408.498839949902,575.84,2.754312042286642e-10
2026-02-24 01:00:00,22.0,44.61831704991063,-2.0803729998948617,10855.232622529138,575.84,2.699225801440909e-10
2026-02-24 02:00:00,22.0,41.61422068425296,1.4538580185259231,7464.809464247895,575.84,2.6452412854120906e-10
2026-02-24 03:00:00,22.0,43.09614318754093,-0.2895802206363876,9137.307201458696,575.84,2.592336459703849e-10
2026-02-24 04:00:00,22.0,41.887008677013796,1.132930968219069,7772.677992877771,575.84,2.5404897305097724e-10
2026-02-24 05:00:00,22.0,41.563273234456986,1.5137961947564804,7407.310172408155,575.84,2.4896799358995766e-10
2026-02-24 06:00:00,22.0,40.75651530975209,2.462923164997546,6496.803178586209,1439.6,2.439886337181585e-10
2026-02-24 07:00:00,22.0,39.74347509140352,3.6547351865841,5353.4859881580105,1727.52,2.3910886104379533e-10
2026-02-24 08:00:00,22.0,42.735648042367195,0.1345317148621228,8730.452380615618,1439.6,2.3432668382291943e-10
2026-02-24 09:00:00,22.0,39.17069836819294,4.328590155067133,4707.05017834255,863.76,2.2964015014646103e-10
2026-02-24 10:00:00,21.87509976532959,36.22966973916194,7.788623836280069,1387.8052676181676,863.76,2.2504734714353183e-10
2026-02-24 11:00:00,21.77590719136814,31.163889472245803,13.748365326769644,0.0,1007.72,2.205464002006612e-10
2026-02-24 12:00:00,21.981754402419476,39.79732518531716,3.59138213492098,5414.261204148951,1151.68,2.1613547219664796e-10
2026-02-24 13:00:00,21.947839623336918,37.14661625806577,6.709863225804979,2422.671108853028,1007.72,2.1181276275271502e-10
2026-02-24 14:00:00,22.0,39.17629280951929,4.322008459389072,4713.3640648234705,863.76,2.0757650749766073e-10
2026-02-24 15:00:00,21.794864369015453,35.264828707341096,8.92373093253989,298.8856791051605,863.76,2.034249773477075e-10
2026-02-24 16:00:00,22.0,41.75143069334552,1.2924344784170372,7619.664680509753,863.76,1.993564778007533e-10
2026-02-24 17:00:00,22.0,39.207618113114435,4.285155161041844,4748.717802460952,1439.6,1.9536934824473824e-10
2026-02-24 18:00:00,22.0,43.54225886915712,-0.8144221990083795,9640.793359730731,1727.52,1.914619612798435e-10
2026-02-24 19:00:00,22.0,42.57154808905199,0.3275904834682517,8545.249173304073,2015.44,1.8763272205424662e-10
2026-02-24 20:00:00,22.0,42.908332662274674,-0.0686266614996168,8925.344242643198,1727.52,1.8388006761316167e-10
2026-02-24 21:00:00,22.0,41.73568719707693,1.3109562387330271,7601.896570621021,1439.6,1.8020246626089845e-10
2026-02-24 22:00:00,22.0,45.92566997733659,-3.618435267454809,12330.711136422076,1151.68,1.7659841693568048e-10
2026-02-24 23:00:00,22.0,43.30639662634228,-0.5369372074615024,9374.599232489894,863.76,1.7306644859696686e-10
2026-02-25 00:00:00,22.0,44.51807787024049,-1.9624445532241064,10742.102684353418,575.84,1.6960511962502752e-10
2026-02-25 01:00:00,22.0,43.97039905269666,-1.318116532584314,10123.992370873455,575.84,1.6621301723252697e-10
2026-02-25 02:00:00,22.0,42.46532075790235,0.4525638142325279,8425.36100736859,575.84,1.6288875688787644e-10
2026-02-25 03:00:00,22.0,45.73450943414325,-3.393540510756765,12114.967347374071,575.84,1.5963098175011888e-10
2026-02-25 04:00:00,22.0,41.47198854564739,1.6211899462971848,7304.286272617647,575.84,1.564383621151165e-10
2026-02-25 05:00:00,22.0,42.99712300360059,-0.1730858865889324,9025.553021863629,575.84,1.5330959487281417e-10
2026-02-25 06:00:00,22.0,39.287015126539394,4.191746909953652,4838.325271812361,1439.6,1.502434029753579e-10
2026-02-25 07:00:00,22.0,39.701267267937034,3.704391449485843,5305.850238593737,1727.52,1.4723853491585075e-10
2026-02-25 08:00:00,22.0,39.806198248578994,3.580943236965889,5424.275343346253,1439.6,1.4429376421753372e-10
2026-02-25 09:00:00,22.0,39.74888109142013,3.648375186564547,5359.587199776761,863.76,1.4140788893318306e-10
2026-02-25 10:00:00,21.923019614938944,36.80591213672885,7.110691603848416,2038.15243751218,863.76,1.385797311545194e-10
2026-02-25 11:00:00,21.77209402684348,35.72223432529959,8.385606676118128,815.1136595331155,1007.72,1.3580813653142899e-10
2026-02-25 12:00:00,21.883110354544616,38.655847619462314,4.934296918279631,4125.989623325168,1151.68,1.3309197380080042e-10
2026-02-25 13:00:00,22.0,39.79196335244554,3.5976901735934788,5408.20983957004,1007.72,1.3043013432478442e-10
2026-02-25 14:00:00,21.941268293029868,37.02535485412602,6.852523701028206,2285.8154883666284,863.76,1.2782153163828874e-10
2026-02-25 15:00:00,22.0,41.20833954542303,1.9313652406787891,7006.732010964432,863.76,1.2526510100552294e-10
2026-02-25 16:00:00,22.0,41.669371143891055,1.3889751248340567,7527.052272995446,863.76,1.2275979898541248e-10
2026-02-25 17:00:00,22.0,42.076605715048856,0.9098756293542856,7986.65721000414,1439.6,1.2030460300570423e-10
2026-02-25 18:00:00,22.0,41.85626582116588,1.1690990339225014,7737.98160576781,1727.52,1.1789851094559015e-10
2026-02-25 19:00:00,22.0,44.30174896501482,-1.7079399588409732,10497.953881915731,2015.44,1.1554054072667835e-10
2026-02-25 20:00:00,22.0,46.14595984594868,-3.877599818763154,12579.330282137684,1727.52,1.1322972991214478e-10
2026-02-25 21:00:00,22.0,45.48441818640737,-3.099315513420435,11832.714365179356,1439.6,1.1096513531390188e-10
2026-02-25 22:00:00,22.0,43.00227981369363,-0.1791527219925162,9031.372997734636,1151.68,1.0874583260762384e-10
2026-02-25 23:00:00,22.0,46.59577273199834,-4.406791449409807,13086.989105333325,863.76,1.0657091595547135e-10
2026-02-26 00:00:00,22.0,45.12845845252209,-2.68053935590834,11430.978209516432,575.84,1.0443949763636194e-10
2026-02-26 01:00:00,22.0,41.12476042336138,2.029693619574851,6912.404613805655,575.84,1.0235070768363469e-10
2026-02-26 02:00:00,22.0,44.178082393913144,-1.5624498751919351,10358.383789770376,575.84,1.00303693529962e-10
2026-02-26 03:00:00,22.0,42.97186037349395,-0.1433651452870035,8997.041617525278,575.84,9.829761965936275e-11
2026-02-26 04:00:00,22.0,44.45826803102764,-1.892080036503106,10674.6012998178,575.84,9.63316672661755e-11
2026-02-26 05:00:00,22.0,38.35207750205833,5.291673526990201,3783.15466882303,575.84,9.440503392085199e-11
2026-02-26 06:00:00,22.0,42.07020063153533,0.9174110217231426,7979.428432750773,1439.6,9.251693324243495e-11
2026-02-26 07:00:00,22.0,40.657793210219005,2.5790668115070496,6385.3854170531695,1727.52,9.066659457758625e-11
2026-02-26 08:00:00,22.0,37.21100024745548,6.634117355934729,2495.3348792782554,1439.6,8.885326268603452e-11
2026-02-26 09:00:00,22.0,39.05478516021689,4.464958635038952,4576.23053182078,863.76,8.707619743231383e-11
2026-02-26 10:00:00,22.0,38.12410269658504,5.559879180488184,3525.862303365878,863.76,8.533467348366756e-11
2026-02-26 11:00:00,22.0,38.344722335958686,5.300326663578014,3774.8536283629733,1007.72,8.36279800139942e-11
2026-02-26 12:00:00,22.0,38.21721504269728,5.4503352438855455,3630.9488971881547,1151.68,8.19554204137143e-11
2026-02-26 13:00:00,21.97307098440422,37.23599877220941,6.6047073268124565,2523.548214315544,1007.72,8.031631200544002e-11
2026-02-26 14:00:00,21.934970452428868,37.26551020549613,6.569987993533967,2556.85481792293,863.76,7.870998576533122e-11
2026-02-26 15:00:00,22.0,39.8393592770271,3.541930262321056,5461.700880052786,863.76,7.71357860500246e-11
2026-02-26 16:00:00,22.0,40.752336775449784,2.4678390877061407,6492.087284772627,863.76,7.55930703290241e-11
2026-02-26 17:00:00,22.0,41.30554659770928,1.8170040026949572,7116.439890174695,1439.6,7.408120892244362e-11
2026-02-26 18:00:00,22.0,43.532131824139604,-0.802508028399536,9629.363976723958,1727.52,7.259958474399475e-11
2026-02-26 19:00:00,22.0,44.73371619283138,-2.216136697448678,10985.472095229497,2015.44,7.114759304911485e-11
2026-02-26 20:00:00,22.0,42.344815849717655,0.5943342944498162,8289.359167991346,1727.52,6.972464118813255e-11
2026-02-26 21:00:00,22.0,41.95855019063657,1.0487644816040351,7853.419745152436,1439.6,6.83301483643699e-11
2026-02-26 22:00:00,22.0,42.61370937452022,0.2779889711526813,8592.83240008352,1151.68,6.69635453970825e-11
2026-02-26 23:00:00,22.0,48.48353297371515,-6.6276858514295895,15217.51531413492,863.76,6.562427448914086e-11
2026-02-27 00:00:00,22.0,44.96661064797354,-2.4901301740865214,11248.316777302938,575.84,6.431178899935803e-11
2026-02-27 01:00:00,22.0,46.307704133890184,-4.067887216341392,12761.874885508463,575.84,6.302555321937087e-11
2026-02-27 02:00:00,22.0,43.85013272857164,-1.1766267394960406,9988.259797465951,575.84,6.176504215498346e-11
2026-02-27 03:00:00,22.0,44.264463038010206,-1.6640741623649522,10455.872984698319,575.84,6.052974131188378e-11
2026-02-27 04:00:00,22.0,41.843749759384195,1.183823812489177,7723.855978441004,575.84,5.93191464856461e-11
2026-02-27 05:00:00,22.0,42.06254500703085,0.9264176387872344,7970.788294935017,575.84,5.813276355593318e-11
2026-02-27 06:00:00,22.0,44.37320322136041,-1.7920037898357783,10578.597155627363,1439.6,5.697010828481451e-11
2026-02-27 07:00:00,22.0,41.91406123041065,1.1011044348110015,7803.209504641463,1727.52,5.583070611911822e-11
2026-02-27 08:00:00,22.0,39.44016530479469,4.011570229653307,5011.170562991287,1439.6,5.471409199673585e-11
2026-02-27 09:00:00,22.0,38.59264921427289,5.008647983208363,4054.663903228383,863.76,5.361981015680113e-11
2026-02-27 10:00:00,22.0,40.59516420022971,2.6527479997297507,6314.702316379252,863.76,5.254741395366511e-11
2026-02-27 11:00:00,22.0,40.477833686645575,2.790783898064029,6182.283098748197,1007.72,5.1496465674591805e-11
2026-02-27 12:00:00,22.0,37.65438292612559,6.112490675146358,2995.736570425344,1151.68,5.046653636109996e-11
2026-02-27 13:00:00,22.0,40.25208661090306,3.056368693055218,5927.504949065198,1007.72,4.945720563387796e-11
2026-02-27 14:00:00,22.0,41.04218365218424,2.126842762136184,6819.208469855136,863.76,4.84680615212004e-11
2026-02-27 15:00:00,22.0,39.502575815439016,3.9381460994835065,5081.607065304474,863.76,4.749870029077639e-11
2026-02-27 16:00:00,22.0,40.28035835527571,3.023107817322698,5959.412439764166,863.76,4.654872628496086e-11
2026-02-27 17:00:00,22.0,41.76329605812824,1.2784752257314815,7633.055931203533,1439.6,4.5617751759261647e-11
2026-02-27 18:00:00,22.0,42.34635282643244,0.5925260865500748,8291.093799911649,1727.52,4.470539672407641e-11
2026-02-27 19:00:00,22.0,42.0064640238705,0.992395266034706,7907.495297340247,2015.44,4.3811288789594885e-11
2026-02-27 20:00:00,22.0,44.07427693625569,-1.4403258073596374,10241.228950258175,1727.52,4.2935063013802984e-11
2026-02-27 21:00:00,22.0,43.43397811920403,-0.6870330814165098,9518.587705333666,1439.6,4.2076361753526924e-11
2026-02-27 22:00:00,22.0,44.74128288426655,-2.2250386873724226,10994.011863183234,1151.68,4.123483451845638e-11
2026-02-27 23:00:00,22.0,44.149142545225516,-1.5284029943829616,10325.722276541519,863.76,4.0410137828087255e-11
2026-02-28 00:00:00,22.0,43.05705053875771,-0.2435888691267098,9093.18723804195,575.84,3.960193507152551e-11
